example_id,step,gate,gold_state,best_state,best_wrong_state,gold_logprob,best_wrong_logprob,margin,gold_prob16,local_correct,tie
0,1,s30,0110,0110,0111,-0.6423507928848267,-2.642350912094116,2.0000001192092896,0.5261482453675397,1,0
0,2,c13,0111,0111,0000,-0.009532368741929531,-5.970109462738037,5.960577093996108,0.9905451639045696,1,0
0,3,t132,0101,0101,0111,-0.0034745135344564915,-6.1386027336120605,6.135128220077604,0.9967619923588965,1,0
0,4,x2,0111,0111,0001,-0.00018345295393373817,-8.985713005065918,8.985529552111984,0.9998211293890962,1,0
0,5,c10,1111,1111,0111,-0.0010447213426232338,-8.126113891601562,8.12506917025894,0.9996666472883268,1,0
0,6,t201,1011,1011,1111,-0.0017900753300637007,-6.501895427703857,6.500105352373794,0.9982124254605937,1,0
0,7,s12,1101,1101,1111,-0.07047519087791443,-2.7016549110412598,2.6311797201633453,0.9322566911936971,1,0
0,8,t302,1111,1111,1001,-0.00028990107239224017,-8.930042266845703,8.92975236577331,0.9997237887323203,1,0
1,1,s31,1010,1010,1001,-0.5720326900482178,-2.430898427963257,1.858865737915039,0.5644842002315372,1,0
1,2,c30,1010,1010,0010,-0.17254137992858887,-2.044321298599243,1.8717799186706543,0.8415634858444392,1,0
1,3,t301,1010,1010,1110,-0.014348932541906834,-4.264599800109863,4.2502508675679564,0.9857685727638349,1,0
1,4,c01,1110,1110,1000,-0.0004596182843670249,-8.204660415649414,8.204200797365047,0.9995472502905139,1,0
1,5,x2,1100,1100,1010,-0.0003474641707725823,-8.501718521118164,8.501371056947391,0.9996570003781357,1,0
1,6,s01,1100,1100,0110,-0.10349832475185394,-2.78035831451416,2.676859989762306,0.90267200325801,1,0
1,7,c01,1000,1000,1100,-7.295432442333549e-05,-9.76610279083252,9.766029836508096,0.9999311897684429,1,0
1,8,c20,1000,1000,1010,-6.651804142165929e-05,-10.500075340270996,10.500008822229574,0.9999338127117563,1,0
2,1,c32,1101,1101,1110,-0.22857902944087982,-3.534459352493286,3.3058803230524063,0.7959420972114545,1,0
2,2,s12,1011,1011,1101,-0.07948742806911469,-2.5938711166381836,2.514383688569069,0.9235929048443462,1,0
2,3,x0,0011,0011,1011,-0.004485053475946188,-5.504676342010498,5.500191288534552,0.9958655595258413,1,0
2,4,x0,1011,1011,0011,-0.0008957479149103165,-7.126009464263916,7.125113716349006,0.9991335144028657,1,0
2,5,s30,1011,1011,0011,-6.341825792333111e-05,-10.252403259277344,10.25233984101942,0.9999454693486218,1,0
2,6,t120,1011,1011,0011,-0.20168954133987427,-1.7015763521194458,1.4998868107795715,0.8173492104648132,1,0
2,7,c30,0011,0011,1111,-0.0017883486580103636,-6.419737339019775,6.417948990361765,0.9982176945631178,1,0
2,8,x1,0111,0111,0001,-0.00023339503968600184,-8.625877380371094,8.625643985331408,0.9997743693784581,1,0
3,1,t031,1111,1111,1011,-0.7165871858596802,-1.7366045713424683,1.020017385482788,0.48862019786972816,1,0
3,2,s01,1111,1111,0111,-0.0351373553276062,-3.4087045192718506,3.3735671639442444,0.9654839853725949,1,0
3,3,c21,1011,1011,0111,-0.00048772862646728754,-9.315635681152344,9.315147952525876,0.999521195865993,1,0
3,4,c30,0011,0011,1011,-0.0028715836815536022,-5.878053665161133,5.875182081479579,0.9971499500349734,1,0
3,5,s10,0011,0011,1011,-0.00015043665189296007,-9.375120162963867,9.374969726311974,0.9998558486147887,1,0
3,6,s10,0011,0011,1011,-0.001126320450566709,-7.500877380371094,7.499751059920527,0.9990337209818635,1,0
3,7,x3,0010,0010,1010,-0.011355351656675339,-4.769482612609863,4.758127260953188,0.9909309621798382,1,0
3,8,t013,0010,0010,0011,-0.00015329322195611894,-8.875152587890625,8.874999294668669,0.9998488751601535,1,0
4,1,s03,0011,1010,1010,-2.3739848136901855,-0.895090639591217,-1.4788941740989685,0.0931178549762613,0,0
4,2,s23,0011,0011,0010,-0.07659239321947098,-3.201592445373535,3.125000052154064,0.926366501105102,1,0
4,3,s31,0110,0110,0011,-0.001515206415206194,-7.751167297363281,7.749652090948075,0.9984905574502139,1,0
4,4,x1,0010,0010,0011,-0.008794949389994144,-7.258795261383057,7.2500003119930625,0.9981971389969221,1,0
4,5,x1,0110,0110,0000,-0.00441381661221385,-5.559667110443115,5.555253293830901,0.9958060130782601,1,0
4,6,c03,0110,0110,0100,-0.00015008077025413513,-10.318349838256836,10.318199757486582,0.9998556708047378,1,0
4,7,s01,1010,1010,0110,-0.002527056960389018,-6.1278252601623535,6.1252982032019645,0.9977692052792067,1,0
4,8,x3,1011,1011,1001,-0.001492681447416544,-6.806232929229736,6.80474024778232,0.9985387233062566,1,0
5,1,c32,0110,0100,0100,-1.6334118843078613,-0.6069855093955994,-1.026426374912262,0.19536782720993026,0,0
5,2,s23,0101,0101,0011,-0.001095929415896535,-7.789789199829102,7.788693270413205,0.9989345507907029,1,0
5,3,s20,0101,0101,1101,-0.08022696524858475,-2.5937600135803223,2.5135330483317375,0.9229130924708022,1,0
5,4,t132,0111,0111,0101,-0.012676214799284935,-4.3876237869262695,4.374947572126985,0.9874099429873321,1,0
5,5,x1,0011,0011,1111,-0.0013864065986126661,-11.805132865905762,11.803746459307149,0.9999768640944315,1,0
5,6,x2,0001,0001,0111,-0.0029595980886369944,-5.926862716674805,5.923903118586168,0.9971199948715528,1,0
5,7,t320,0001,0001,1001,-0.00015484486357308924,-9.000178337097168,9.000023492233595,0.9998468961217218,1,0
5,8,s10,0001,0001,0101,-0.0027090171352028847,-6.127987861633301,6.125278844498098,0.9973128981583594,1,0
6,1,t230,1101,1101,0101,-0.6991680860519409,-0.9443461894989014,0.24517810344696045,0.49712984005139244,1,0
6,2,t031,1001,1001,1101,-0.352133572101593,-1.2691537141799927,0.9170201420783997,0.7031908407333588,1,0
6,3,x0,0001,0001,0011,-0.002584669040516019,-7.378825664520264,7.376240995479748,0.9988977272192024,1,0
6,4,t230,0001,0001,1001,-0.01828974299132824,-4.018375396728516,4.000085653737187,0.9818794103164342,1,0
6,5,c32,0011,0011,0001,-0.0009362432756461203,-7.250979423522949,7.250043180247303,0.9990680540700114,1,0
6,6,t013,0011,0011,1010,-0.0001671203353907913,-8.886741638183594,8.886574517848203,0.9998436048585037,1,0
6,7,c20,1011,1011,0011,-0.2519512474536896,-1.5019890069961548,1.2500377595424652,0.7772858081573103,1,0
6,8,x1,1111,1111,1011,-0.00015746759891044348,-9.006893157958984,9.006735690360074,0.9998575000426764,1,0
7,1,t102,0110,0110,0100,-0.2208910435438156,-3.8927388191223145,3.671847775578499,0.802505528249988,1,0
7,2,c02,0110,0110,0100,-0.0028115566819906235,-7.2760419845581055,7.273230427876115,0.9971999346945117,1,0
7,3,x2,0100,0100,0010,-0.0008477303199470043,-7.127636909484863,7.126789179164916,0.9991640177630304,1,0
7,4,c30,0100,0100,1100,-0.00022958472254686058,-9.000203132629395,8.999973547906848,0.9997713136276799,1,0
7,5,x0,1100,1100,0100,-0.000243042828515172,-9.001557350158691,9.001314307330176,0.9998560353998326,1,0
7,6,x3,1101,1101,1000,-7.200115942396224e-05,-11.01974105834961,11.019669057190185,0.9999352893111529,1,0
7,7,x2,1111,1111,1001,-0.0011190769728273153,-6.8760666847229,6.874947607750073,0.9988854962545418,1,0
7,8,t120,0111,1111,1111,-0.7576332688331604,-0.6327639222145081,-0.12486934661865234,0.46877548128767715,0,0
8,1,c32,0101,0101,0100,-0.222772479057312,-3.3477723598480225,3.1249998807907104,0.80086790917866,1,0
8,2,t123,0101,0101,0000,-0.00453916983678937,-6.963901996612549,6.9593628267757595,0.9954818866879032,1,0
8,3,x1,0001,0001,0000,-0.0003922790929209441,-10.625391960144043,10.624999681051122,0.9999307856838717,1,0
8,4,s30,1000,1000,1001,-0.01879345439374447,-4.01879358291626,4.000000128522515,0.9813917866739426,1,0
8,5,t103,1000,1000,1001,-0.005354727152734995,-5.255354881286621,5.250000154133886,0.9946743732571958,1,0
8,6,c13,1000,1000,1100,-0.00014531226770486683,-9.543512344360352,9.543367032092647,0.9998553081741887,1,0
8,7,t301,1000,1000,1100,-7.498119521187618e-05,-9.875085830688477,9.875010849493265,0.999935163445983,1,0
8,8,x1,1100,1100,1010,-0.0003906956990249455,-7.8879008293151855,7.887510133616161,0.9996183303810502,1,0
9,1,c23,1100,1100,1101,-0.7878283858299255,-0.7878283858299255,0.0,0.4551191454319067,0,1
9,2,s32,1100,1100,1101,-0.021650249138474464,-3.8966500759124756,3.874999826774001,0.9785918605556628,1,0
9,3,s01,1100,1100,0110,-0.045567139983177185,-3.990996837615967,3.9454296976327896,0.9555029412690644,1,0
9,4,s03,0101,0101,0100,-0.00037309766048565507,-8.500372886657715,8.49999978899723,0.9996491686608281,1,0
9,5,x2,0111,0111,0001,-0.00025771892978809774,-9.00922679901123,9.008969080081442,0.9997854699800408,1,0
9,6,t013,0111,0111,0000,-6.532573024742305e-05,-11.17244815826416,11.172382832533913,0.9999380597555212,1,0
9,7,s03,1110,1110,0111,-0.0018043214222416282,-6.376748561859131,6.374944240436889,0.998242029113371,1,0
9,8,x3,1111,1111,1100,-6.937875150470063e-05,-10.41310977935791,10.413040400606405,0.9999337403436137,1,0
10,1,t210,1101,1101,0101,-0.5255041718482971,-1.3289551734924316,0.8034510016441345,0.5914067406351421,1,0
10,2,s30,1101,1101,1110,-0.022315239533782005,-3.897200107574463,3.874884868040681,0.9779371051243783,1,0
10,3,c31,1001,1001,0101,-0.0006037901621311903,-8.69277572631836,8.692171936156228,0.9994371884048365,1,0
10,4,c32,1011,1011,0011,-0.00024543836480006576,-9.573704719543457,9.573459281178657,0.9997657221701433,1,0
10,5,x0,0011,0011,1011,-0.0015391337219625711,-9.828232765197754,9.826693631475791,0.9999351229932176,1,0
10,6,x0,1011,1011,0011,-0.0007271651411429048,-7.375737190246582,7.375010025105439,0.9993532472499275,1,0
10,7,t213,1011,1011,1010,-0.0011747748358175159,-7.501174449920654,7.499999675084837,0.9994025718304193,1,0
10,8,s13,1110,1110,1011,-0.000179642069269903,-9.250104904174805,9.249925262105535,0.9998323276467255,1,0
11,1,x3,1101,1101,1000,-0.11659397184848785,-4.445703506469727,4.329109534621239,0.8908242634858352,1,0
11,2,x0,0101,0101,1101,-0.010521521791815758,-4.785130977630615,4.7746094558387995,0.989659676486153,1,0
11,3,t213,0101,0101,0100,-0.0013731979997828603,-7.376372814178467,7.374999616178684,0.9986340150367515,1,0
11,4,c02,0101,0101,0111,-0.0014443560503423214,-6.789394855499268,6.787950499448925,0.9986051962261221,1,0
11,5,c32,0111,0111,0101,-0.00019716567476280034,-9.250214576721191,9.250017411046429,0.9998051089849966,1,0
11,6,t120,1111,1111,0111,-0.4288480579853058,-1.0538654327392578,0.625017374753952,0.6513377307797529,1,0
11,7,s03,1111,1111,1110,-0.043190401047468185,-3.1681902408599854,3.124999839812517,0.9577302817625548,1,0
11,8,c23,1110,1110,1011,-0.00020157499238848686,-9.8746976852417,9.87449611024931,0.9998076658368498,1,0
12,1,x1,0011,0011,1000,-0.10497333109378815,-4.034934043884277,3.929960712790489,0.9005344765329868,1,0
12,2,c02,0011,0011,1001,-0.009827706031501293,-5.533561706542969,5.5237340005114675,0.9902479377738587,1,0
12,3,c30,1011,1011,0011,-0.002524306531995535,-6.127574443817139,6.125050137285143,0.9974969019202231,1,0
12,4,c31,1111,1111,0011,-0.0006522273179143667,-8.455018043518066,8.454365816200152,0.9993493415069769,1,0
12,5,s10,1111,1111,0111,-0.00031335733365267515,-8.125296592712402,8.12498323537875,0.9996867267697335,1,0
12,6,c13,1110,1110,1101,-0.0005061223055236042,-8.500556945800781,8.500050823495258,0.999547611885262,1,0
12,7,t302,1110,1110,1100,-0.005340523086488247,-5.255293369293213,5.249952846206725,0.9946891687960918,1,0
12,8,s02,1110,1110,0110,-0.0032499541994184256,-5.754108428955078,5.75085847475566,0.996755323711826,1,0
13,1,c12,1000,1000,1010,-0.20281946659088135,-3.287653923034668,3.0848344564437866,0.8172618761368375,1,0
13,2,t120,1000,1000,0000,-0.0009162750793620944,-8.201916694641113,8.201000419561751,0.9991259646233837,1,0
13,3,s12,1000,1000,0110,-0.0025466771330684423,-8.36372184753418,8.361175170401111,0.9996504728493714,1,0
13,4,s23,1000,1000,0011,-6.806699093431234e-05,-10.870497703552246,10.870429636561312,0.9999586118168089,1,0
13,5,t201,1000,1000,1100,-0.0002715385053306818,-8.625277519226074,8.625005980720744,0.9998081392937602,1,0
13,6,s23,1000,1000,1010,-3.147101597278379e-05,-12.125031471252441,12.125000000236469,0.9999864010315478,1,0
13,7,t120,1000,1000,0000,-4.172321496298537e-06,-13.126733779907227,13.12672960758573,0.9999962510164584,1,0
13,8,x3,1001,1001,0001,-1.0609596756694373e-05,-13.555948257446289,13.555937647849532,0.9999947916987544,1,0
14,1,c31,1000,1000,1100,-0.4447886049747467,-1.4856337308883667,1.04084512591362,0.6412848211158819,1,0
14,2,c10,1000,1000,0000,-0.002308617113158107,-7.107132911682129,7.104824294568971,0.9976970498065006,1,0
14,3,x3,1001,1001,0001,-0.00042599046719260514,-9.315135955810547,9.314709965343354,0.9995961816907586,1,0
14,4,t013,1001,1001,1101,-6.472978566307575e-05,-10.288101196289062,10.2880364665034,0.9999421141648178,1,0
14,5,c30,0001,0001,1001,-0.00533988606184721,-5.381338119506836,5.375998233444989,0.9946745094501449,1,0
14,6,s02,0001,0001,1001,-0.023298123851418495,-3.7733492851257324,3.750051161274314,0.9769719538961331,1,0
14,7,c12,0001,0001,1001,-0.0005502481944859028,-8.506924629211426,8.50637438101694,0.9997776044156513,1,0
14,8,s03,1000,1000,1001,-0.07358670234680176,-2.6985867023468018,2.625,0.9291005504876986,1,0
15,1,c13,1110,1110,0110,-0.19388426840305328,-3.768904685974121,3.575020417571068,0.8239329811763471,1,0
15,2,c01,1010,1010,1011,-0.00039729548734612763,-8.500396728515625,8.499999433028279,0.9996524444000193,1,0
15,3,t132,1010,1010,1000,-0.00022207756410352886,-9.951403617858887,9.951181540294783,0.9997857635169389,1,0
15,4,s01,0110,0110,1010,-0.00033090237411670387,-8.805130004882812,8.804799102508696,0.9997263727855018,1,0
15,5,t230,0110,0110,1110,-0.0005943430587649345,-7.501711845397949,7.501117502339184,0.9994066274686172,1,0
15,6,s30,0110,0110,1110,-0.07942071557044983,-3.0685296058654785,2.9891088902950287,0.9237237671032271,1,0
15,7,x2,0100,0100,0010,-0.0003437433042563498,-8.000531196594238,8.000187453289982,0.9996579676436422,1,0
15,8,s20,0100,0100,0010,-3.278234726167284e-05,-11.252838134765625,11.252805352418363,0.9999694287388519,1,0
16,1,c12,1000,1000,1100,-0.15450459718704224,-4.125599384307861,3.971094787120819,0.8574965692839256,1,0
16,2,c12,1000,1000,0000,-0.00035984834539704025,-9.973508834838867,9.97314898649347,0.9997328747783144,1,0
16,3,s23,1000,1000,0011,-8.117891411529854e-05,-10.413495063781738,10.413413884867623,0.9999396489437343,1,0
16,4,x1,1100,1100,1010,-0.00043494548299349844,-8.312402725219727,8.311967779736733,0.999714485021658,1,0
16,5,s03,0101,0101,0001,-0.00032767729135230184,-8.400246620178223,8.39991894288687,0.9996779855850096,1,0
16,6,t231,0101,0101,0001,-0.0011856986675411463,-7.001298904418945,7.000113205751404,0.9988190423568362,1,0
16,7,s23,0110,0110,0101,-0.000922519713640213,-7.625834941864014,7.6249124221503735,0.9991641006561638,1,0
16,8,c32,0110,0110,0100,-0.00010084958194056526,-10.375388145446777,10.375287295864837,0.9999002940717905,1,0
17,1,s10,0101,0101,1001,-0.5469117760658264,-1.1835064888000488,0.6365947127342224,0.5790015409816567,1,0
17,2,s10,1001,1001,0101,-0.017246024683117867,-4.5384392738342285,4.521193249151111,0.9829044476242124,1,0
17,3,s01,0101,0101,0011,-0.0015327136497944593,-6.907575607299805,6.90604289365001,0.9984916842060682,1,0
17,4,s13,0101,0101,1000,-0.02875884622335434,-3.9424619674682617,3.9137031212449074,0.9716630106556411,1,0
17,5,x1,0001,0001,1001,-0.0012612059945240617,-7.942625999450684,7.9413647934561595,0.999339649859943,1,0
17,6,c02,0001,0001,1001,-0.0002692665148060769,-9.35827922821045,9.358009961695643,0.9998230929375818,1,0
17,7,x2,0011,0011,1001,-1.8238926713820547e-05,-11.405984878540039,11.405966639613325,0.9999842979948003,1,0
17,8,t012,0011,0011,1011,-0.0005902710254304111,-10.406880378723145,10.406290107697714,0.999966221303773,1,0
18,1,t023,1011,1011,1010,-0.39899909496307373,-2.1489992141723633,1.7500001192092896,0.6713602306759735,1,0
18,2,s23,1011,1011,1010,-0.0058880094438791275,-5.755887985229492,5.749999975785613,0.9941541073506002,1,0
18,3,t013,1011,1011,1110,-0.0005325318779796362,-8.226078987121582,8.225546455243602,0.9994730664634166,1,0
18,4,c03,1010,1010,1011,-0.000562450266443193,-8.25056266784668,8.250000217580236,0.9996083192006748,1,0
18,5,t102,1010,1010,1011,-0.00045280263293534517,-7.875452518463135,7.874999715830199,0.9995865102655124,1,0
18,6,c20,0010,0010,1010,-0.021540679037570953,-3.8958542346954346,3.8743135556578636,0.9786907542062321,1,0
18,7,t302,0010,0010,0011,-2.1576783183263615e-05,-12.000020980834961,11.999999404051778,0.9999857762947523,1,0
18,8,s23,0001,0001,0010,-0.00016783655155450106,-8.875184059143066,8.875016222591512,0.9998438467082147,1,0
19,1,x1,1100,1100,1010,-0.39231622219085693,-2.208007335662842,1.8156911134719849,0.675788600854551,1,0
19,2,s01,1100,1100,0110,-0.43074896931648254,-1.4283527135849,0.9976037442684174,0.6500741981932847,1,0
19,3,x1,1000,1000,1001,-9.929896623361856e-05,-10.62509822845459,10.624998929488356,0.9999133365246641,1,0
19,4,t023,1000,1000,1100,-0.000895239703822881,-8.164904594421387,8.164009354717564,0.9991266916643864,1,0
19,5,c13,1000,1000,1001,-2.5510693376418203e-05,-11.750024795532227,11.74999928483885,0.9999763923047809,1,0
19,6,x3,1001,1001,0001,-1.2636148312594742e-05,-12.503965377807617,12.503952741659305,0.9999890964956369,1,0
19,7,c30,0001,0001,1001,-0.003698538290336728,-5.753542900085449,5.7498443617951125,0.9963098557935754,1,0
19,8,t230,0001,0001,1001,-0.00020061600662302226,-8.750289916992188,8.750089300985564,0.9997997252395943,1,0
20,1,c23,1111,1111,1100,-0.2273094207048416,-3.0049448013305664,2.777635380625725,0.7969199600269943,1,0
20,2,t032,1101,1101,1011,-0.010631810873746872,-6.1210808753967285,6.110449064522982,0.9894796421354112,1,0
20,3,t102,1111,1111,1001,-0.0005331436987034976,-7.877343654632568,7.876810510933865,0.9994751158594933,1,0
20,4,x0,0111,0111,1111,-0.00048627337673678994,-9.711337089538574,9.710850816161837,0.9998994832150601,1,0
20,5,c20,1111,1111,0111,-0.009906059131026268,-4.634864330291748,4.624958271160722,0.99014782688841,1,0
20,6,s13,1111,1111,1011,-0.0020270792301744223,-6.254176616668701,6.252149537438527,0.997976226060887,1,0
20,7,x0,0111,0111,1111,-0.0004625525907613337,-9.563456535339355,9.562993982748594,0.9999113278859789,1,0
20,8,x1,0011,0011,0101,-0.0007175218197517097,-7.375742435455322,7.375024913635571,0.9993640738893136,1,0
21,1,s03,1010,1010,0011,-0.4889342486858368,-2.0693774223327637,1.5804431736469269,0.613348350530727,1,0
21,2,s20,1010,1010,0010,-0.4104405343532562,-1.4852102994918823,1.074769765138626,0.6634022930190769,1,0
21,3,x3,1011,1011,1000,-0.0015243410598486662,-7.600735664367676,7.599211323307827,0.9984819121542869,1,0
21,4,c23,1010,1010,1011,-0.010564384050667286,-4.63556432723999,4.624999943189323,0.9901101527858297,1,0
21,5,x0,0010,0010,1010,-0.005644189193844795,-5.264207363128662,5.258563173934817,0.9943856918335392,1,0
21,6,x0,1010,1010,0010,-0.004943813197314739,-6.754983901977539,6.750040088780224,0.9986219686439555,1,0
21,7,x0,0010,0010,1010,-0.0005605178303085268,-7.669959545135498,7.6693990273051895,0.9994464447778206,1,0
21,8,c31,0010,0010,0110,-0.42896804213523865,-1.0537718534469604,0.6248038113117218,0.6511819042420622,1,0
22,1,x3,0101,0101,0100,-0.16078954935073853,-3.1607894897460938,2.9999999403953552,0.8524855611171382,1,0
22,2,t201,0101,0101,0100,-0.011858413927257061,-5.261858940124512,5.250000526197255,0.9882281812909287,1,0
22,3,s12,0011,0011,0101,-0.00537924375385046,-5.380821228027344,5.375441984273493,0.9950190869853017,1,0
22,4,s32,0011,0011,0110,-0.0003117143060080707,-9.214579582214355,9.214267867908347,0.9996982450838174,1,0
22,5,c23,0010,0010,0011,-0.004667659755796194,-5.379667282104492,5.374999622348696,0.9953480298241413,1,0
22,6,c12,0010,0010,0011,-0.00023411010624840856,-8.625234603881836,8.625000493775588,0.9997881248791693,1,0
22,7,t321,0010,0010,0110,-0.0002836973580997437,-8.625345230102539,8.62506153274444,0.9997182004837739,1,0
22,8,x1,0110,0110,0010,-0.000495819840580225,-7.875931262969971,7.8754354431293905,0.9996131898949911,1,0
23,1,x3,1000,1000,0000,-0.18654906749725342,-3.8146705627441406,3.628121495246887,0.8346573481306182,1,0
23,2,s21,1000,1000,1100,-0.01000208966434002,-4.901244640350342,4.891242550686002,0.9900950543667645,1,0
23,3,s30,0001,0101,0101,-1.5169472694396973,-0.6422140002250671,-0.8747332692146301,0.21959976419305927,0,0
23,4,t201,0001,0001,0000,-0.0003348382015246898,-8.875335693359375,8.87500085515785,0.9996736377106337,1,0
23,5,x1,0101,0101,0011,-0.0005241020116955042,-8.339787483215332,8.339263381203637,0.9994801945490505,1,0
23,6,s10,1001,1001,0101,-0.005873092915862799,-5.3797526359558105,5.373879543039948,0.9953173755964722,1,0
23,7,t301,1101,1101,1001,-0.07908742874860764,-2.579195261001587,2.5001078322529793,0.923980058669154,1,0
23,8,s12,1011,1011,1101,-0.0006766248261556029,-7.626248359680176,7.62557173485402,0.9993495019994825,1,0
24,1,s13,0110,0110,0011,-0.12067913264036179,-3.179694175720215,3.059015043079853,0.88636026696411,1,0
24,2,x2,0100,0100,0010,-0.01975782960653305,-5.577791690826416,5.558033861219883,0.9805725477646882,1,0
24,3,c32,0100,0100,0110,-0.001246425323188305,-7.126250743865967,7.1250043185427785,0.9987946381880635,1,0
24,4,s02,0100,0100,1100,-0.0036347568966448307,-5.628691673278809,5.625056916382164,0.9963725432632504,1,0
24,5,x2,0110,0110,0000,-0.00031204582774080336,-8.24173355102539,8.24142150519765,0.9996929489797082,1,0
24,6,c03,0110,0110,0000,-0.00011097911919932812,-10.402463912963867,10.402352933844668,0.9998931925242736,1,0
24,7,t032,0110,0110,0100,-1.2516947208496276e-05,-12.876045227050781,12.876032710103573,0.999989362952356,1,0
24,8,s21,0110,0110,0100,-5.4358817578759044e-05,-10.500088691711426,10.500034332893847,0.9999490101090861,1,0
25,1,c13,1100,1100,1101,-0.2265516221523285,-2.2265517711639404,2.000000149011612,0.7974660326735481,1,0
25,2,t230,1100,1100,1101,-0.022387998178601265,-4.147387981414795,4.124999983236194,0.977885596232642,1,0
25,3,t320,1100,1100,0100,-0.0007912066648714244,-8.001437187194824,8.000645980529953,0.9992120341098378,1,0
25,4,c21,1100,1100,1000,-0.011175770312547684,-4.5113983154296875,4.50022254511714,0.9889035969531359,1,0
25,5,t031,1100,1100,1000,-0.00041310687083750963,-7.878576278686523,7.878163171815686,0.9995909465550779,1,0
25,6,t312,1100,1100,1110,-0.02062271721661091,-3.8956212997436523,3.8749985825270414,0.9795985288503232,1,0
25,7,t130,1100,1100,0100,-0.00021765538258478045,-8.500285148620605,8.50006749323802,0.9997825096334295,1,0
25,8,x2,1110,1110,1000,-0.00026545196305960417,-8.37572956085205,8.375464108888991,0.9997602170555687,1,0
26,1,t210,1101,1101,0101,-0.5067024230957031,-1.2985268831253052,0.791824460029602,0.6026336121819723,1,0
26,2,x3,1100,1100,0000,-0.008166389539837837,-6.685662746429443,6.6774963568896055,0.9919300057494748,1,0
26,3,x1,1000,1000,1001,-8.97629142855294e-05,-11.375089645385742,11.374999882471457,0.9999786400659395,1,0
26,4,s23,1000,1000,1010,-0.0012941419845446944,-7.001246929168701,6.9999527871841565,0.9987744130431409,1,0
26,5,c31,1000,1000,1100,-0.0005955352098681033,-7.500594139099121,7.499998603889253,0.9994381845309118,1,0
26,6,s21,1000,1000,1100,-0.00019548789714463055,-11.000210762023926,11.000015274126781,0.9999686113653957,1,0
26,7,s30,0001,0001,1000,-0.04190691560506821,-4.511171340942383,4.469264425337315,0.9797205386451127,1,0
26,8,s32,0010,0010,0001,-0.012640089727938175,-4.387622833251953,4.374982743524015,0.9875386477740974,1,0
27,1,t213,1100,1100,1101,-0.21782615780830383,-2.4678263664245605,2.2500002086162567,0.8047766237711534,1,0
27,2,x0,0100,0100,1100,-0.001524600200355053,-6.752050876617432,6.750526276417077,0.99855761296176,1,0
27,3,x0,1100,1100,0100,-0.002420678734779358,-6.25304651260376,6.25062583386898,0.997985591725868,1,0
27,4,x1,1000,1000,1001,-5.125937605043873e-05,-11.500051498413086,11.500000239037035,0.9999840759908726,1,0
27,5,t130,1000,1000,0000,-0.0001126495553762652,-9.508554458618164,9.508441809062788,0.9998894936395128,1,0
27,6,x0,0000,0000,1000,-6.27027329755947e-05,-10.31358814239502,10.313525439662044,0.9999555831228876,1,0
27,7,c03,0000,0000,1000,-4.6491550165228546e-06,-12.7537260055542,12.753721356399183,0.9999954115086801,1,0
27,8,s31,0000,0000,1000,-5.102052091388032e-05,-10.25255298614502,10.252501965624106,0.9999596524678813,1,0
28,1,x1,1111,1111,1000,-0.14911134541034698,-3.9847514629364014,3.8356401175260544,0.8624360297780783,1,0
28,2,x3,1110,1110,0000,-0.008243046700954437,-6.911797523498535,6.903554476797581,0.9919201507095461,1,0
28,3,c01,1010,1010,1011,-0.0003614193992689252,-9.000361442565918,9.000000023166649,0.9997995365625807,1,0
28,4,t320,1010,1010,0010,-0.004152311477810144,-5.504599094390869,5.500446782913059,0.9958568706070354,1,0
28,5,x1,1110,1110,1000,-0.00021515923435799778,-8.762747764587402,8.762532605353044,0.999800160707024,1,0
28,6,c02,1100,1100,1010,-0.00015210303536150604,-9.000185012817383,9.000032909782021,0.9998520937585821,1,0
28,7,c23,1100,1100,1101,-0.0004624568100553006,-7.875462055206299,7.8749995983962435,0.9995407146181062,1,0
28,8,c21,1100,1100,1000,-0.0008113724179565907,-7.125874042510986,7.12506267009303,0.9991919042177961,1,0
29,1,t312,0100,0100,0110,-0.13919006288051605,-3.2378690242767334,3.0986789613962173,0.870953929966893,1,0
29,2,s12,0010,0010,0000,-0.008219816721975803,-5.262293815612793,5.254073998890817,0.9918881459533122,1,0
29,3,s21,0100,0100,0010,-0.2523069977760315,-1.50229012966156,1.2499831318855286,0.7770860612916108,1,0
29,4,t230,0100,0100,1100,-0.0001000144548015669,-9.882814407348633,9.882714392893831,0.9999061850469003,1,0
29,5,t130,0100,0100,1100,-6.234570901142433e-05,-10.375185012817383,10.375122667108371,0.9999377101388023,1,0
29,6,t013,0100,0100,0101,-2.515304004191421e-05,-12.000024795532227,11.999999642492185,0.9999793205362888,1,0
29,7,x2,0110,0110,0000,-0.00012015699030598626,-9.136205673217773,9.136085516227467,0.9998842261146624,1,0
29,8,t210,1110,1110,0110,-0.5232043266296387,-0.8981977701187134,0.3749934434890747,0.5926201416315952,1,0
30,1,t120,1110,0110,0110,-1.6194608211517334,-0.47757166624069214,-1.1418891549110413,0.19812939664572624,0,0
30,2,s21,1110,1110,1010,-0.5288563966751099,-0.9053939580917358,0.376537561416626,0.5892817841985035,1,0
30,3,c10,0110,0110,1110,-0.0014036163920536637,-6.627668380737305,6.626264764345251,0.99862607290555,1,0
30,4,c01,0110,0110,0010,-0.0001332698593614623,-9.144603729248047,9.144470459388685,0.9998710077842858,1,0
30,5,x2,0100,0100,0010,-0.0028097594622522593,-5.8779802322387695,5.875170472776517,0.9971972965130904,1,0
30,6,s20,0100,0100,0010,-0.00014471294707618654,-9.12732982635498,9.127185113407904,0.9998626213941385,1,0
30,7,x1,0000,0000,0110,-0.0006150748813524842,-11.376211166381836,11.375596091500483,0.9999703818609939,1,0
30,8,s10,0000,0000,0100,-6.627845868933946e-05,-12.500065803527832,12.499999525069143,0.999993205937355,1,0
31,1,t012,0011,0011,0111,-0.19159843027591705,-3.4591500759124756,3.2675516456365585,0.8261725608233622,1,0
31,2,t310,0011,0011,1011,-0.012047150172293186,-4.511326789855957,4.499279639683664,0.9880259130962583,1,0
31,3,t320,1011,1011,0011,-0.11299040913581848,-2.2383182048797607,2.1253277957439423,0.8931706084775518,1,0
31,4,x1,1111,1111,1001,-0.0002339959319215268,-8.875648498535156,8.875414502603235,0.9997758693510129,1,0
31,5,t203,1110,1110,1101,-0.0007509164279326797,-9.000575065612793,8.99982414918486,0.9995330884492535,1,0
31,6,s01,1110,1110,0110,-0.20327593386173248,-1.7034685611724854,1.5001926273107529,0.8172410700716364,1,0
31,7,t230,1110,1110,0110,-0.0238012857735157,-3.773376703262329,3.7495754174888134,0.97648232810786,1,0
31,8,x0,0110,0110,1110,-0.00022779597202315927,-9.163575172424316,9.163347376452293,0.999783204686594,1,0
32,1,x1,1000,1000,1010,-0.2076442837715149,-2.9249627590179443,2.7173184752464294,0.8127324532053861,1,0
32,2,x0,0000,0000,1000,-0.003522382117807865,-5.9458327293396,5.942310347221792,0.9966648980104742,1,0
32,3,s13,0000,0000,0100,-5.042506381869316e-05,-10.625093460083008,10.62504303501919,0.9999538814317043,1,0
32,4,x0,1000,1000,0000,-0.008095634169876575,-4.883098125457764,4.875002491287887,0.992411933812965,1,0
32,5,s23,1000,1000,1010,-0.00014960342377889901,-9.500154495239258,9.500004891815479,0.9998849494108216,1,0
32,6,t102,1000,1000,1100,-2.0384655726957135e-05,-12.877327919006348,12.87730753435062,0.9999950191198861,1,0
32,7,x0,0000,0000,1000,-0.0005300001939758658,-7.689925670623779,7.689395670429803,0.9995077373681484,1,0
32,8,c32,0000,0000,1000,-1.8834998627426103e-05,-11.630973815917969,11.630954980919341,0.9999828676672751,1,0
33,1,s02,0011,0011,1001,-0.9059320688247681,-1.2797291278839111,0.37379705905914307,0.40441174138910246,1,0
33,2,c02,0011,0011,1001,-0.015265760011970997,-5.134955406188965,5.119689646176994,0.9849865143741116,1,0
33,3,t301,0011,0011,1011,-0.000215632127947174,-9.148639678955078,9.148424046827131,0.9997913404012495,1,0
33,4,s10,0011,0011,1011,-0.00031718588434159756,-8.37525749206543,8.374940306181088,0.999685713572938,1,0
33,5,c02,0011,0011,1011,-5.7338675105711445e-05,-10.513158798217773,10.513101459542668,0.99994643411488,1,0
33,6,t021,0011,0011,1011,-2.4437780666630715e-05,-11.394067764282227,11.39404332650156,0.9999762821830183,1,0
33,7,x2,0001,0001,0011,-0.0005773727898485959,-8.000665664672852,8.000088291883003,0.9995115764847292,1,0
33,8,c32,0011,0011,0001,-0.0008647755603305995,-7.125868320465088,7.125003544904757,0.9991390088583653,1,0
34,1,s23,1100,1100,1101,-0.4831693470478058,-2.2331693172454834,1.7499999701976776,0.6172801606737188,1,0
34,2,t013,1101,1101,1100,-0.01718348078429699,-4.267183780670166,4.250000299885869,0.98315672351273,1,0
34,3,t102,1111,1111,1101,-0.006379562895745039,-7.506773471832275,7.50039390893653,0.9988638821672575,1,0
34,4,s21,1111,1111,1011,-0.0006007807096466422,-7.500577449798584,7.499976669088937,0.9994171313756544,1,0
34,5,c20,0111,0111,1111,-0.005284404847770929,-5.255532264709473,5.250247859861702,0.9947325181998429,1,0
34,6,t012,0111,0111,1101,-0.00012635816528927535,-10.128697395324707,10.128571037159418,0.9999139261610787,1,0
34,7,x2,0101,0101,0011,-0.0002031197218457237,-8.750200271606445,8.7499971518846,0.999809229689391,1,0
34,8,t132,0111,0111,0101,-0.002840870525687933,-5.877834320068359,5.874993449542671,0.9971690642616865,1,0
35,1,x2,0110,0110,0101,-0.2855103611946106,-2.4082283973693848,2.122718036174774,0.7522378296340466,1,0
35,2,t312,0110,0110,0100,-0.010668760165572166,-4.635892868041992,4.62522410787642,0.9893948078687772,1,0
35,3,c30,0110,0110,1110,-0.0023177703842520714,-6.127713680267334,6.125395909883082,0.997688543554159,1,0
35,4,t032,0110,0110,0100,-0.00010406775982119143,-10.326821327209473,10.326717259449651,0.9999022473841577,1,0
35,5,x0,1110,1110,0110,-0.0006421298021450639,-7.75929594039917,7.758653810597025,0.9995112690769753,1,0
35,6,s20,1110,1110,0110,-0.01467454619705677,-4.7615580558776855,4.746883509680629,0.9854341976888225,1,0
35,7,s03,0111,0111,0011,-0.008412379771471024,-6.7617340087890625,6.7533216290175915,0.9982635163335865,1,0
35,8,c02,0111,0111,0110,-0.00867636688053608,-4.758676528930664,4.750000162050128,0.9913698047906087,1,0
36,1,s20,0001,0001,1001,-0.7578346729278564,-1.455313801765442,0.6974791288375854,0.46877403637775195,1,0
36,2,x1,0101,0101,1000,-0.0045601059682667255,-7.1455888748168945,7.141028768848628,0.9954930235371386,1,0
36,3,c23,0101,0101,0100,-0.0007865707157179713,-8.250786781311035,8.250000210595317,0.9992332523723447,1,0
36,4,s32,0110,0110,0101,-0.07032538205385208,-2.6953673362731934,2.6250419542193413,0.9323322527956651,1,0
36,5,x0,1110,1110,0110,-0.001359874731861055,-6.7530670166015625,6.7517071418697014,0.9988122511911639,1,0
36,6,c23,1111,1111,1110,-0.0005430522141978145,-8.125542640686035,8.124999588471837,0.9994594405177646,1,0
36,7,s30,1111,1111,1011,-0.0020180605351924896,-6.753748416900635,6.751730356365442,0.9979900809241204,1,0
36,8,t132,1101,1101,1111,-0.00489414855837822,-5.388487815856934,5.383593667298555,0.9951208905073438,1,0
37,1,x2,1100,1100,0010,-0.1284075677394867,-4.599996566772461,4.471588999032974,0.8797718323225201,1,0
37,2,c03,1101,1101,1000,-0.0010976179037243128,-8.373427391052246,8.372329773148522,0.9989102717360011,1,0
37,3,c31,1001,1001,0101,-0.00011551060015335679,-10.538777351379395,10.538661840779241,0.9998862678073556,1,0
37,4,t321,1001,1001,1101,-0.0013721727300435305,-6.626474857330322,6.625102684600279,0.9986351609234367,1,0
37,5,s21,1001,1001,1101,-0.006217733025550842,-5.134047031402588,5.127829298377037,0.9939419322205484,1,0
37,6,c23,1001,1001,1011,-9.047822095453739e-05,-9.881014823913574,9.88092434569262,0.9999162537942038,1,0
37,7,c31,1101,1101,1001,-0.0013199056265875697,-6.75136661529541,6.750046709668823,0.9986815106189657,1,0
37,8,x3,1100,1100,1001,-0.00011181541049154475,-10.21519947052002,10.215087655109528,0.9998953208383727,1,0
38,1,s03,1010,1010,0011,-0.5979989767074585,-1.8366451263427734,1.238646149635315,0.5499958690568918,1,0
38,2,t103,1010,1010,1011,-0.3975953459739685,-1.6475954055786133,1.2500000596046448,0.6720874716522092,1,0
38,3,t031,1010,1010,1110,-0.3138042986392975,-1.3139164447784424,1.000112146139145,0.7306628625487613,1,0
38,4,c03,1011,1011,1000,-0.0003295934875495732,-9.25789737701416,9.25756778352661,0.9996718449465049,1,0
38,5,t102,1011,1011,1010,-0.00040872854879125953,-8.375408172607422,8.37499944405863,0.9997506974254965,1,0
38,6,t013,1011,1011,1010,-6.377625686582178e-05,-10.3750638961792,10.375000119922333,0.9999373332507877,1,0
38,7,s32,1011,1011,1001,-0.0006475868867710233,-7.3756327629089355,7.3749851760221645,0.9993529569627997,1,0
38,8,t201,1111,1111,1011,-0.009842333383858204,-4.634825706481934,4.624983373098075,0.9902155403057717,1,0
39,1,c01,0101,0101,0001,-0.16780412197113037,-3.655787944793701,3.487983822822571,0.8459071118639087,1,0
39,2,x0,1101,1101,1100,-0.0018537992145866156,-6.3768534660339355,6.374999666819349,0.9981538557514041,1,0
39,3,t102,1111,1111,1110,-0.0003310243773739785,-8.750330924987793,8.749999900610419,0.999674308394435,1,0
39,4,c32,1101,1101,1011,-0.0011209844378754497,-6.8761677742004395,6.875046789762564,0.9988847160892914,1,0
39,5,t230,1101,1101,0101,-0.5762193202972412,-0.826084315776825,0.24986499547958374,0.5620193462936905,1,0
39,6,c31,1001,1001,1101,-0.06202077865600586,-2.845655679702759,2.783634901046753,0.9398666345572037,1,0
39,7,x3,1000,1000,1001,-0.00021003859001211822,-9.25020980834961,9.249999769759597,0.9998023283427843,1,0
39,8,x2,1010,1010,1000,-5.578920536208898e-05,-10.250951766967773,10.250895977762411,0.999946482633474,1,0
40,1,s21,1010,1010,1011,-0.9643959999084473,-1.3393959999084473,0.375,0.3812987074525132,1,0
40,2,s02,1010,1010,0010,-0.4976816177368164,-1.7670624256134033,1.269380807876587,0.6080180623761198,1,0
40,3,x2,1000,1000,1110,-0.0006470706430263817,-9.0428466796875,9.042199609044474,0.9993928743653803,1,0
40,4,x3,1001,1001,1100,-0.00041942467214539647,-9.092087745666504,9.091668320994359,0.9996037832491234,1,0
40,5,s10,0101,0101,1001,-0.002861097687855363,-6.103078365325928,6.100217267638072,0.9975038455508722,1,0
40,6,s32,0110,0110,0101,-0.039084021002054214,-3.2988383769989014,3.259754355996847,0.9618636534212671,1,0
40,7,x2,0100,0100,0010,-0.00010561689850874245,-9.626269340515137,9.626163723616628,0.9999038077031372,1,0
40,8,x3,0101,0101,0001,-0.0002014527126448229,-9.880104064941406,9.879902612228761,0.9998042668528787,1,0
41,1,t013,0010,0010,0011,-0.24150162935256958,-3.116501569747925,2.8749999403953552,0.7858053723286904,1,0
41,2,x1,0110,0110,0000,-0.004727371968328953,-6.133065700531006,6.128338328562677,0.9952961596518987,1,0
41,3,t013,0110,0110,0111,-0.012669424526393414,-4.387669086456299,4.374999661929905,0.9874213641754594,1,0
41,4,s30,0110,0110,0011,-0.0005496151279658079,-8.126494407653809,8.125944792525843,0.9994524602193019,1,0
41,5,c21,0010,0010,0110,-0.0003132467973046005,-8.250314712524414,8.25000146572711,0.9996900648716188,1,0
41,6,c31,0010,0010,0110,-0.0038465652614831924,-5.628870010375977,5.625023445114493,0.9963025640646586,1,0
41,7,x2,0000,0000,1000,-3.0040529964026064e-05,-12.75475788116455,12.754727840634587,0.9999943712784465,1,0
41,8,c12,0000,0000,1000,-0.0010037180036306381,-11.519882202148438,11.518878484144807,0.9999870656512595,1,0
42,1,c20,0010,0010,1010,-0.6694449186325073,-1.4021737575531006,0.7327288389205933,0.5121693070201125,1,0
42,2,c21,0110,0110,0010,-0.005233811214566231,-5.380258560180664,5.375024748966098,0.9947821396381756,1,0
42,3,x1,0010,0010,1000,-0.005561499390751123,-9.926712989807129,9.921151490416378,0.999807753430074,1,0
42,4,x3,0011,0011,0001,-0.0018320539966225624,-8.024909973144531,8.023077919147909,0.999241574454697,1,0
42,5,t310,0011,0011,1011,-0.00030800208332948387,-8.25048542022705,8.250177418143721,0.9996928579988844,1,0
42,6,t102,0011,0011,1011,-0.004686887841671705,-10.398534774780273,10.393847886938602,0.9999505257408262,1,0
42,7,s31,0110,0110,0011,-0.0007716623367741704,-8.000533103942871,7.999761441606097,0.9993389804158137,1,0
42,8,c20,1110,1110,0110,-0.003211564151570201,-5.7536187171936035,5.750407153042033,0.9967977995159316,1,0
43,1,x3,1010,1010,0010,-0.17182941734790802,-3.6147971153259277,3.4429676979780197,0.8430360685538705,1,0
43,2,c30,1010,1010,0010,-0.05703878402709961,-3.310312032699585,3.2532732486724854,0.9445653063767939,1,0
43,3,t201,1110,1110,1010,-0.3489026129245758,-1.224053978919983,0.8751513659954071,0.7054670134845066,1,0
43,4,s13,1011,1011,1110,-0.039608798921108246,-3.7449042797088623,3.705295480787754,0.9611801319328044,1,0
43,5,t203,1010,1010,1011,-0.007849453017115593,-4.88284969329834,4.875000240281224,0.9922221586377683,1,0
43,6,x0,0010,0010,1010,-0.0006525148637592793,-7.563899040222168,7.563246525358409,0.9993826205343022,1,0
43,7,t210,0010,0010,1010,-0.0004995122435502708,-7.750588893890381,7.750089381646831,0.9995011965295058,1,0
43,8,t210,0010,0010,1010,-0.00012075426639057696,-9.250187873840332,9.250067119573941,0.999879291291329,1,0
44,1,s20,1111,1111,0111,-0.4872106611728668,-1.5760201215744019,1.088809460401535,0.6145197704269753,1,0
44,2,t210,0111,0111,1111,-0.2820057272911072,-1.4148790836334229,1.1328733563423157,0.7543205869342812,1,0
44,3,s01,1011,1011,1001,-0.006838512606918812,-5.388928413391113,5.3820899007841945,0.9937667832598378,1,0
44,4,c20,0011,0011,0111,-0.0007566905114799738,-7.5007853507995605,7.500028660288081,0.999244110282453,1,0
44,5,c23,0010,0010,0001,-0.009357086382806301,-5.007229328155518,4.997872241772711,0.9908144589018194,1,0
44,6,s23,0001,0001,0000,-0.00714467465877533,-5.007144927978516,5.00000025331974,0.9929101828071019,1,0
44,7,s01,0001,0001,0011,-0.0002938371617347002,-9.127763748168945,9.12746991100721,0.9997334332073394,1,0
44,8,x0,1001,1001,0001,-0.05809705704450607,-8.121204376220703,8.063107319176197,0.9994120187819608,1,0
45,1,t203,0001,0001,1000,-0.0703105702996254,-5.192529678344727,5.122219108045101,0.9324781819983404,1,0
45,2,x3,0000,0000,1000,-0.001927402918227017,-7.741204261779785,7.739276858861558,0.9982200401367292,1,0
45,3,c32,0000,0000,0001,-0.0009634768939577043,-7.12596321105957,7.124999734165613,0.9990468893519201,1,0
45,4,x1,0100,0100,0010,-0.0007131481543183327,-7.951868057250977,7.951154909096658,0.999333607863592,1,0
45,5,t103,0100,0100,0000,-0.00010871573613258079,-9.655288696289062,9.65517998055293,0.9998928486818909,1,0
45,6,s02,0100,0100,1100,-0.001219301950186491,-6.758061408996582,6.7568421070463955,0.9987814804458521,1,0
45,7,t012,0100,0100,0101,-3.886202102876268e-05,-11.750039100646973,11.750000238625944,0.9999625596854714,1,0
45,8,x3,0101,0101,0001,-0.00011371971777407452,-9.867182731628418,9.867069011910644,0.9998867809414275,1,0
46,1,s20,0111,1101,1101,-1.3045463562011719,-0.9395025372505188,-0.3650438189506531,0.271353647500904,0,0
46,2,t201,0111,0111,1111,-0.02166486717760563,-5.024111270904541,5.002446403726935,0.9786082800732169,1,0
46,3,t120,1111,1111,0111,-0.14286860823631287,-2.0177500247955322,1.8748814165592194,0.8668740219905985,1,0
46,4,t132,1101,1101,1011,-0.0007762808818370104,-7.764918804168701,7.764142523286864,0.9992322421855157,1,0
46,5,x2,1111,1111,1001,-0.00047245249152183533,-7.752157688140869,7.751685235649347,0.999539918576612,1,0
46,6,x3,1110,1110,1101,-0.00022910989355295897,-9.500130653381348,9.499901543487795,0.9998911449379101,1,0
46,7,c03,1111,1111,1100,-0.0005238194717094302,-7.7524495124816895,7.75192569300998,0.9995043487049234,1,0
46,8,c21,1011,1011,1001,-0.00013958527415525168,-10.754800796508789,10.754661211234634,0.9999725242080533,1,0
47,1,c21,1101,1001,1001,-0.9306559562683105,-0.7882122993469238,-0.14244365692138672,0.3943562920646614,0,0
47,2,t201,1101,1101,1001,-0.024477755650877953,-3.77535343170166,3.750875676050782,0.9758227718621548,1,0
47,3,t310,0101,1101,1101,-1.5020869970321655,-0.25204727053642273,-1.2500397264957428,0.22266500919329305,0,0
47,4,s31,0101,0101,0110,-0.00802292674779892,-4.883031845092773,4.8750089183449745,0.9920139318315976,1,0
47,5,c10,1101,1101,0101,-0.0022365693002939224,-6.12722110748291,6.124984538182616,0.997780498297322,1,0
47,6,c03,1100,1100,1101,-0.0007895565358921885,-7.375789642333984,7.375000085798092,0.9992200886242799,1,0
47,7,x0,0100,0100,0101,-0.0029232841916382313,-6.252923488616943,6.250000204425305,0.9975157141995366,1,0
47,8,s32,0100,0100,0101,-0.0028240643441677094,-6.002824306488037,6.000000242143869,0.9972008344482365,1,0
48,1,s13,0000,0000,0100,-0.9732350707054138,-1.0484914779663086,0.07525640726089478,0.37791869385274346,1,0
48,2,s13,0000,0000,0100,-0.0036837232764810324,-5.880690574645996,5.877006851369515,0.9963315963343329,1,0
48,3,x3,0001,0001,1000,-0.00033921925933100283,-9.611591339111328,9.611252119851997,0.999799594241087,1,0
48,4,s13,0100,0100,0001,-0.001512620598077774,-6.751185417175293,6.749672796577215,0.9984912548449777,1,0
48,5,s13,0001,0001,0100,-0.017520099878311157,-4.143988609313965,4.126468509435654,0.9827057415425013,1,0
48,6,c31,0101,0101,0001,-0.07948854565620422,-2.5823962688446045,2.5029077231884003,0.923603116503921,1,0
48,7,s03,1100,1100,0101,-0.009139972738921642,-4.883199691772461,4.874059719033539,0.990916206012805,1,0
48,8,c32,1100,1100,1101,-0.0015371994813904166,-6.751536846160889,6.749999646679498,0.9984723685109185,1,0
49,1,s12,0001,0001,0101,-0.7048137784004211,-1.5043011903762817,0.7994874119758606,0.4943029641466919,1,0
49,2,s20,0001,0001,1001,-0.06277139484882355,-2.812656879425049,2.7498854845762253,0.9391586433834612,1,0
49,3,c20,0001,0001,1001,-0.0005806336412206292,-7.501288890838623,7.500708257197402,0.9994215960023961,1,0
49,4,t032,0001,0001,1001,-0.00010502150689717382,-10.173930168151855,10.173825146644958,0.9998993146206392,1,0
49,5,s21,0001,0001,0101,-0.0005069031612947583,-7.755711078643799,7.755204175482504,0.9995271446676325,1,0
49,6,c21,0001,0001,0101,-0.0001380380563205108,-9.125161170959473,9.125023132903152,0.9998702570277537,1,0
49,7,s12,0001,0001,0101,-0.00012683439126703888,-9.502091407775879,9.501964573384612,0.9998935988594952,1,0
49,8,c30,1001,1001,0001,-0.3484611213207245,-1.223463535308838,0.8750024139881134,0.7057782118160746,1,0
50,1,t302,0100,0100,0000,-0.0789097249507904,-4.589784622192383,4.510874897241592,0.9246481179981398,1,0
50,2,t012,0100,0100,1100,-0.0007087768753990531,-7.8075971603393555,7.806888383463956,0.9992989901076202,1,0
50,3,c13,0101,0101,0100,-0.00028297543758526444,-8.375283241271973,8.375000265834387,0.99971851979864,1,0
50,4,c03,0101,0101,0100,-8.773636363912374e-05,-10.25008773803711,10.25000000167347,0.9999136815510099,1,0
50,5,x3,0100,0100,0000,-3.1113377190195024e-05,-11.830632209777832,11.830601096400642,0.9999727708250775,1,0
50,6,c13,0101,0101,0100,-0.0003933183033950627,-7.875393390655518,7.8750000723521225,0.9996080179711033,1,0
50,7,t201,0101,0101,0100,-0.0001469772687414661,-9.000146865844727,8.999999888575985,0.9998603841155463,1,0
50,8,x3,0100,0100,0001,-6.68752909405157e-05,-10.871672630310059,10.871605755019118,0.9999411612448738,1,0
51,1,t130,1001,1001,0001,-0.5199543833732605,-1.5648926496505737,1.0449382662773132,0.5947957492411371,1,0
51,2,x1,1101,1101,1011,-0.0013330316869542003,-7.756850242614746,7.755517210927792,0.9986988147612863,1,0
51,3,x0,0101,0101,1001,-0.005823682993650436,-9.42943000793457,9.42360632494092,0.9998301693621778,1,0
51,4,c02,0101,0101,1111,-0.00010585612471913919,-10.011223793029785,10.011117936905066,0.9998956353074907,1,0
51,5,t302,0101,0101,0100,-1.1205653208889998e-05,-12.250011444091797,12.250000238438588,0.999989052378977,1,0
51,6,s30,1100,1100,1101,-0.0009494437254033983,-7.000949382781982,6.999999939056579,0.9990569731466865,1,0
51,7,x1,1000,1000,1001,-0.00037545274244621396,-8.000375747680664,8.000000294938218,0.9996471577533412,1,0
51,8,c31,1000,1000,1001,-0.000501078728120774,-7.875500679016113,7.8749996002879925,0.9995092140110782,1,0
52,1,c32,1010,1000,1000,-1.0368387699127197,-0.8881509900093079,-0.14868777990341187,0.3546856214305211,0,0
52,2,t312,1010,1010,0010,-0.00041301263263449073,-9.699966430664062,9.699553418031428,0.9995910888461897,1,0
52,3,x0,0010,0010,0110,-0.004768837243318558,-5.754769325256348,5.750000488013029,0.996531724555593,1,0
52,4,c12,0010,0010,0000,-5.209381561144255e-05,-10.48787784576416,10.487825751948549,0.999952321539374,1,0
52,5,c30,0010,0010,1010,-0.03805657848715782,-3.2881081104278564,3.2500515319406986,0.9626638497380711,1,0
52,6,t203,0010,0010,0000,-1.2516940842033364e-05,-12.224618911743164,12.224606394802322,0.999988222375528,1,0
52,7,x0,1010,1010,0010,-0.00098812161013484,-7.126081943511963,7.125093821901828,0.9991885643396767,1,0
52,8,t310,1010,1010,1110,-3.9696395106147975e-05,-10.750171661376953,10.750131964981847,0.9999605167093861,1,0
53,1,t021,1101,1101,1001,-0.7356896996498108,-1.4693933725357056,0.7337036728858948,0.47934188292629965,1,0
53,2,s03,1101,1101,1100,-0.0011328000109642744,-7.251132965087891,7.250000165076926,0.9988679118156156,1,0
53,3,c31,1001,1001,0101,-0.00022564231767319143,-9.608860969543457,9.608635327225784,0.9997808939365175,1,0
53,4,t213,1001,1001,1011,-0.00022267430904321373,-9.518375396728516,9.518152722419472,0.9998052138756415,1,0
53,5,x1,1101,1101,1011,-3.612014188547619e-05,-11.251996040344238,11.251959920202353,0.9999771272377008,1,0
53,6,t312,1111,1111,1110,-4.577599247568287e-05,-10.750045776367188,10.750000000374712,0.9999571113402895,1,0
53,7,t321,1011,1011,1111,-3.826594911515713e-05,-11.250045776367188,11.250007510418072,0.9999676244348611,1,0
53,8,c23,1010,1010,1011,-9.953720291377977e-05,-10.500100135803223,10.500000598600309,0.9999429297993433,1,0
54,1,x1,0001,0001,0011,-0.08015239983797073,-4.470820903778076,4.390668503940105,0.9235453420604417,1,0
54,2,s21,0001,0001,0101,-0.007500213570892811,-5.644507884979248,5.637007671408355,0.9925541642426275,1,0
54,3,c20,0001,0001,1001,-0.006973777897655964,-5.007244110107422,5.000270332209766,0.9930517078307589,1,0
54,4,x2,0011,0011,0101,-0.00010061092325486243,-10.000130653381348,10.000030042458093,0.9999061700719108,1,0
54,5,x3,0010,0010,0001,-0.0001710605138214305,-9.625174522399902,9.625003461886081,0.9998552361891282,1,0
54,6,t103,0010,0010,0011,-3.159032348776236e-05,-11.625031471252441,11.624999880928954,0.9999712996253759,1,0
54,7,x0,1010,1010,0010,-0.0015365411527454853,-7.626607894897461,7.6250713537447155,0.9994847492447766,1,0
54,8,s12,1100,1100,1010,-0.002291433745995164,-6.12723970413208,6.124948270386085,0.9977798306785267,1,0
55,1,x1,0111,0111,0000,-0.12505346536636353,-3.433232307434082,3.3081788420677185,0.88277432762093,1,0
55,2,x1,0011,0011,1111,-0.003501571249216795,-6.122636795043945,6.1191352237947285,0.9967377504729383,1,0
55,3,x3,0010,0010,1010,-0.0010592228500172496,-8.03172779083252,8.030668567982502,0.9992483444265143,1,0
55,4,x1,0110,0110,0010,-0.00017665975610725582,-9.07052993774414,9.070353277988033,0.9998363417934609,1,0
55,5,c31,0110,0110,0010,-0.01137087307870388,-4.511402130126953,4.500031257048249,0.9887052704748247,1,0
55,6,c30,0110,0110,1110,-0.07896314561367035,-2.5790553092956543,2.500092163681984,0.9240850476804359,1,0
55,7,x3,0111,0111,0011,-0.00020180807041469961,-9.102542877197266,9.102341069126851,0.9997991512499913,1,0
55,8,s10,1011,1011,1010,-0.00041527370922267437,-8.062915802001953,8.06250052829273,0.9996343433589958,1,0
56,1,x0,1101,1101,0101,-0.3630913496017456,-2.1235451698303223,1.7604538202285767,0.69598002939906,1,0
56,2,t201,1101,1101,1001,-0.05711609497666359,-3.0520269870758057,2.994910892099142,0.9444859576126915,1,0
56,3,c21,1101,1101,1001,-0.007673349697142839,-4.8826704025268555,4.874997052829713,0.992356387782515,1,0
56,4,x1,1001,1001,0101,-4.947124398313463e-05,-11.9932861328125,11.993236661568517,0.9999660515745101,1,0
56,5,c10,1001,1001,0001,-2.229204255854711e-05,-11.57906723022461,11.57904493818205,0.9999782669181743,1,0
56,6,c30,0001,0001,1001,-0.0004078586061950773,-7.876569747924805,7.87616188931861,0.9996007279812501,1,0
56,7,t320,0001,0001,1001,-7.605416612932459e-05,-10.000173568725586,10.000097514559457,0.9999267222695987,1,0
56,8,c10,0001,0001,1001,-3.612014188547619e-05,-10.875031471252441,10.874995351110556,0.9999641374750162,1,0
57,1,t210,1010,1010,0010,-0.4657437205314636,-1.85917329788208,1.3934295773506165,0.6279068085630969,1,0
57,2,s01,0110,0110,1010,-0.015875177457928658,-4.861912250518799,4.84603707306087,0.9844694152664458,1,0
57,3,t301,0110,0110,0111,-0.0002633208641782403,-9.500263214111328,9.49999989324715,0.9997699414663592,1,0
57,4,x0,1110,1110,0110,-0.00024745502742007375,-8.626726150512695,8.626478695485275,0.9997902756006615,1,0
57,5,t312,1110,1110,1100,-0.001646463992074132,-7.001750946044922,7.000104482052848,0.9990371746129743,1,0
57,6,t203,1111,1111,1100,-0.00115708087105304,-7.062920570373535,7.061763489502482,0.9988503587560228,1,0
57,7,t210,0111,0111,1111,-0.20172865688800812,-1.7020879983901978,1.5003593415021896,0.8173203053435194,1,0
57,8,x2,0101,0101,0011,-0.0017815616447478533,-6.376734733581543,6.374953171936795,0.998238708691785,1,0
58,1,x2,1001,1001,0010,-0.15459182858467102,-4.086667060852051,3.9320752322673798,0.8572012736052804,1,0
58,2,t120,1001,1001,1101,-0.0059584686532616615,-6.129348278045654,6.123389809392393,0.9940649731500971,1,0
58,3,s31,1100,1100,1101,-0.0009341223048977554,-7.37593412399292,7.375000001688022,0.999067126255576,1,0
58,4,s31,1001,1001,1100,-0.05509728193283081,-2.934628486633301,2.87953120470047,0.9464080777802174,1,0
58,5,x1,1101,1101,1011,-0.00028501584893092513,-9.253437042236328,9.253152026387397,0.9997335695269263,1,0
58,6,x1,1001,1001,0101,-7.79615220380947e-05,-11.418350219726562,11.418272258204524,0.9999493912309041,1,0
58,7,t312,1001,1001,1011,-0.001187712186947465,-6.7514119148254395,6.750224202638492,0.9988160925092633,1,0
58,8,x2,1011,1011,1101,-1.0251980711473152e-05,-12.250011444091797,12.250001192111085,0.999992130881422,1,0
59,1,c12,0101,0101,0100,-0.15370772778987885,-3.65370774269104,3.500000014901161,0.8579900963971218,1,0
59,2,s02,0101,0101,1101,-0.47834858298301697,-1.364020586013794,0.885672003030777,0.6198185341659035,1,0
59,3,s21,0011,0011,0101,-0.04321558028459549,-3.16827392578125,3.1250583454966545,0.9578271627757698,1,0
59,4,c30,1011,1011,0011,-0.1801045835018158,-1.8053746223449707,1.625270038843155,0.8353872761998692,1,0
59,5,s21,1101,1101,1011,-0.003345225704833865,-6.377293586730957,6.373948361026123,0.9977208831311944,1,0
59,6,s31,1101,1101,1001,-0.01453426107764244,-4.38762092590332,4.373086664825678,0.9856369271479445,1,0
59,7,c31,1001,1001,1101,-0.00040192974847741425,-8.251843452453613,8.251441522705136,0.9996256557308746,1,0
59,8,s01,0101,0101,1001,-7.450472185155377e-05,-10.252605438232422,10.25253093351057,0.9999303670086297,1,0
60,1,s20,1101,1101,0111,-0.8165267705917358,-1.255055546760559,0.43852877616882324,0.4420326478049056,1,0
60,2,c20,1101,1101,0101,-0.5131402611732483,-0.9920035600662231,0.47886329889297485,0.5986327891171732,1,0
60,3,x1,1001,1001,1111,-0.4756491780281067,-0.9797907471656799,0.5041415691375732,0.62150485470658,1,0
60,4,x1,1101,1101,0001,-0.00013052980648353696,-10.01852035522461,10.018389825418126,0.9998726502935744,1,0
60,5,c31,1001,1001,0101,-0.0017946726875379682,-7.265542507171631,7.263747834484093,0.9982741598654425,1,0
60,6,s32,1010,1010,1001,-0.0013429848477244377,-7.3762617111206055,7.374918726272881,0.9987188384335953,1,0
60,7,s32,1001,1010,1010,-1.0539470911026,-0.4291321635246277,-0.6248149275779724,0.34861422060035796,0,0
60,8,t013,1001,1001,1101,-0.0002662900951690972,-8.992490768432617,8.992224478337448,0.9997448730370584,1,0
61,1,s02,1110,1110,1100,-1.2603365182876587,-1.4069514274597168,0.1466149091720581,0.2836502779020692,1,0
61,2,c03,1111,1111,1100,-0.013833479955792427,-5.2378411293029785,5.224007649347186,0.9863179858736727,1,0
61,3,c31,1011,1011,0111,-0.0001256425166502595,-10.44295883178711,10.44283318927046,0.9998910612167359,1,0
61,4,t321,1111,1111,1011,-0.0026703139301389456,-6.002623558044434,5.999953244114295,0.9973369640951024,1,0
61,5,c03,1110,1110,0110,-0.0007188348099589348,-8.508084297180176,8.507365462370217,0.9994930589896655,1,0
61,6,s02,1110,1110,0110,-0.006284215021878481,-5.132905006408691,5.126620791386813,0.9937354361571167,1,0
61,7,s23,1101,1101,1110,-0.009967845864593983,-4.635132312774658,4.625164466910064,0.9901069210863515,1,0
61,8,s12,1011,1011,1101,-0.0160977765917778,-4.266590118408203,4.250492341816425,0.9859315005485197,1,0
62,1,t230,1001,1001,0001,-0.573188841342926,-1.4431856870651245,0.8699968457221985,0.5640435297706631,1,0
62,2,x0,0001,0001,1001,-0.00028417943394742906,-9.30260181427002,9.302317634836072,0.999755950538819,1,0
62,3,x0,1001,1001,0001,-0.0011328532127663493,-7.001131057739258,6.9999982045264915,0.9989083612058386,1,0
62,4,t021,1001,1001,1101,-0.008654695004224777,-4.758687973022461,4.750033278018236,0.9914021873760444,1,0
62,5,t132,1001,1001,1011,-8.427866850979626e-05,-9.62511920928955,9.625034930621041,0.9999169104989939,1,0
62,6,t103,1001,1001,1101,-5.8173540310235694e-05,-10.928842544555664,10.928784371015354,0.9999449736809134,1,0
62,7,x1,1101,1101,1011,-2.1576792278210633e-05,-11.893231391906738,11.89320981511446,0.9999872900092479,1,0
62,8,x0,0101,0101,1101,-0.0019141420489177108,-8.712658882141113,8.710744740092196,0.9998083833308621,1,0
63,1,s12,0001,0001,0101,-0.7310687303543091,-1.411508560180664,0.680439829826355,0.4814725675136494,1,0
63,2,x1,0101,0101,0011,-0.003409390337765217,-7.379654407501221,7.3762450171634555,0.996618633940942,1,0
63,3,t301,0101,0101,1101,-0.0006733725895173848,-7.7025532722473145,7.701879899657797,0.9993313210267892,1,0
63,4,t231,0101,0101,0001,-0.00020073214545845985,-8.625203132629395,8.625002400483936,0.9998031023636607,1,0
63,5,t301,0101,0101,0001,-3.3735988836269826e-05,-11.001982688903809,11.001948952914972,0.9999671200670072,1,0
63,6,x3,0100,0100,0110,-0.00023268537188414484,-10.17996883392334,10.179736148551456,0.9998461253726888,1,0
63,7,t321,0100,0100,0101,-0.00014268726226873696,-9.125142097473145,9.124999410210876,0.9998666192377264,1,0
63,8,c20,0100,0100,1100,-0.002227236283943057,-6.502127647399902,6.499900411115959,0.9977758864106678,1,0
64,1,s10,0000,0000,0100,-0.25397565960884094,-3.217519521713257,2.963543862104416,0.7759520804363882,1,0
64,2,s03,0000,0000,0001,-3.0398201488424093e-05,-11.125029563903809,11.12499916570232,0.9999710185517826,1,0
64,3,s30,0000,0000,1000,-0.0003821127465926111,-7.964323997497559,7.963941884750966,0.9996179086184551,1,0
64,4,c01,0000,0000,1000,-0.00023898665676824749,-9.557928085327148,9.55768909867038,0.9998886614568956,1,0
64,5,c03,0000,0000,1000,-1.5735569832031615e-05,-12.349579811096191,12.34956407552636,0.9999882308044619,1,0
64,6,c30,0000,0000,1000,-5.900689939153381e-05,-9.750059127807617,9.750000120908226,0.999940996388416,1,0
64,7,t031,0000,0000,1000,-3.3378069929312915e-05,-11.223773956298828,11.223740578228899,0.9999803114314646,1,0
64,8,t013,0000,0000,1000,-9.775132639333606e-06,-12.002174377441406,12.002164602308767,0.9999915112313215,1,0
65,1,s23,1010,1010,1001,-0.29171299934387207,-3.0698142051696777,2.7781012058258057,0.7473708075061359,1,0
65,2,t203,1011,1011,1010,-0.15790724754333496,-2.032907485961914,1.875000238418579,0.8540427449046154,1,0
65,3,x1,1111,1111,1011,-0.002054172335192561,-6.381716728210449,6.379662555875257,0.9979938932654915,1,0
65,4,t321,1011,1011,1111,-0.017605677247047424,-4.1426005363464355,4.124994859099388,0.9825666327000759,1,0
65,5,s32,1011,1011,0011,-0.0003505568893160671,-8.83584213256836,8.835491575679043,0.9996664593148977,1,0
65,6,c12,1011,1011,1001,-7.271692447829992e-05,-10.500231742858887,10.500159025934408,0.9999407264497769,1,0
65,7,c12,1011,1011,1111,-0.0005174874677322805,-7.628152370452881,7.627634882985149,0.9994909534248736,1,0
65,8,x0,0011,0011,1011,-0.016955437138676643,-4.460397243499756,4.443441806361079,0.9883116085707598,1,0
66,1,x0,1010,1010,0010,-0.5137134790420532,-1.7015045881271362,1.187791109085083,0.5988318875599956,1,0
66,2,t120,1010,1010,0010,-0.0432589016854763,-3.327944278717041,3.2846853770315647,0.957664354709037,1,0
66,3,s32,1001,1001,1000,-0.0010666230227798223,-8.126066207885742,8.124999584862962,0.9989387575051596,1,0
66,4,c21,1001,1101,1101,-0.7581053972244263,-0.6330752372741699,-0.12503015995025635,0.4685552900619556,0,0
66,5,x2,1011,1011,1101,-5.865029743290506e-05,-10.500068664550781,10.500010014253348,0.9999461437822912,1,0
66,6,s02,1011,1011,0011,-0.00010406669753137976,-9.500131607055664,9.500027540358133,0.9998960834722711,1,0
66,7,t310,1011,1011,0011,-0.0015627766260877252,-6.5015869140625,6.500024137436412,0.9984390705645004,1,0
66,8,t301,1111,1111,1011,-0.0012181354686617851,-6.876286029815674,6.875067894347012,0.9987848766408916,1,0
67,1,s30,1010,1010,0011,-1.2545912265777588,-1.3343478441238403,0.07975661754608154,0.28522058734604044,1,0
67,2,t120,1010,1010,0010,-0.19978056848049164,-2.1688873767852783,1.9691068083047867,0.8189935975024792,1,0
67,3,c13,1010,1010,1011,-0.006070481613278389,-5.256070613861084,5.250000132247806,0.9939498941027698,1,0
67,4,x3,1011,1011,1000,-0.00012683587556239218,-10.678826332092285,10.678699496216723,0.9998751427717271,1,0
67,5,c03,1010,1010,1001,-0.0010123081738129258,-8.125380516052246,8.124368207878433,0.9994789500443075,1,0
67,6,s30,0011,0011,1010,-0.10112165659666061,-2.3502562046051025,2.249134548008442,0.9038844586165307,1,0
67,7,x0,1011,1011,0011,-0.05192749574780464,-3.5513291358947754,3.4994016401469707,0.9688146916880801,1,0
67,8,c20,0011,0011,1011,-0.009803109802305698,-4.983545780181885,4.973742670379579,0.9902453070148831,1,0
68,1,t023,0101,0101,1110,-0.05512532219290733,-5.13217830657959,5.0770529843866825,0.9468829571427975,1,0
68,2,x1,0001,0001,1001,-0.0013588174479082227,-7.685085773468018,7.683726956020109,0.999062315621216,1,0
68,3,x1,0101,0101,1001,-8.559001435060054e-05,-9.75637149810791,9.75628590809356,0.9999217157284337,1,0
68,4,s21,0011,0011,0101,-0.0019449905958026648,-7.251871109008789,7.249926118412986,0.9991058306660188,1,0
68,5,c23,0010,0010,0110,-0.00023494713241234422,-9.756780624389648,9.756545677257236,0.9997759858847236,1,0
68,6,s12,0100,0100,0010,-0.03042195551097393,-3.5299816131591797,3.4995596576482058,0.9706333051071283,1,0
68,7,t213,0100,0100,0101,-0.0004634251235984266,-8.000463485717773,8.000000060594175,0.9995519324247966,1,0
68,8,t013,0100,0100,0101,-3.385518357390538e-05,-11.000033378601074,10.9999995234175,0.9999675113460529,1,0
69,1,s20,1101,1101,0111,-0.7626432180404663,-1.1930876970291138,0.43044447898864746,0.4665454378258751,1,0
69,2,c30,0101,0101,1101,-0.10542012751102448,-2.944002151489258,2.8385820239782333,0.8999733608877528,1,0
69,3,x1,0001,0001,0000,-0.0003386471071280539,-9.500338554382324,9.499999907275196,0.9996881734395967,1,0
69,4,c13,0001,0001,0100,-0.000377512420527637,-9.250532150268555,9.250154637848027,0.9996329564180384,1,0
69,5,c01,0001,0001,0101,-3.683541581267491e-05,-11.12518310546875,11.125146270052937,0.9999649289647817,1,0
69,6,x3,0000,0000,0011,-0.00017344261868856847,-9.516152381896973,9.515978939278284,0.9999082106515248,1,0
69,7,s03,0000,0000,1000,-7.104722317308187e-05,-9.891090393066406,9.891019345843233,0.9999291585349727,1,0
69,8,x0,1000,1000,0000,-0.0036522955633699894,-5.878764629364014,5.875112333800644,0.99703977874848,1,0
70,1,x1,0100,0100,0000,-0.4391863942146301,-2.2160511016845703,1.7768647074699402,0.6450315061149605,1,0
70,2,t230,0100,0100,1100,-0.0699731856584549,-3.15165114402771,3.081677958369255,0.9324511845231176,1,0
70,3,x2,0110,0110,0000,-0.002655420918017626,-7.03969144821167,7.037036027293652,0.9973549172169724,1,0
70,4,c23,0111,0111,0110,-0.0009118459420278668,-8.250911712646484,8.249999866704457,0.9991022856323244,1,0
70,5,t013,0111,0111,0000,-0.00024281487276311964,-9.906654357910156,9.906411543037393,0.9998135900664592,1,0
70,6,t312,0101,0101,0111,-0.0027912971563637257,-6.013657093048096,6.010865795891732,0.9972622246824021,1,0
70,7,s02,0101,0101,1101,-0.03130091354250908,-3.643819808959961,3.612518895417452,0.9691946210578365,1,0
70,8,s12,0011,0011,0101,-0.006003293674439192,-5.131404399871826,5.125401106197387,0.994018390804443,1,0
71,1,s10,1111,1111,0111,-0.27366191148757935,-1.7760857343673706,1.5024238228797913,0.7606386156639716,1,0
71,2,x2,1101,1101,0000,-0.06897871941328049,-4.499302864074707,4.4303241446614265,0.9335696867560336,1,0
71,3,t013,1100,1100,1101,-0.18090394139289856,-1.8059039115905762,1.6249999701976776,0.8345353552400522,1,0
71,4,c32,1100,1100,1101,-0.0018764457199722528,-6.376876354217529,6.374999908497557,0.9981380692534063,1,0
71,5,t023,1100,1100,1101,-0.10026440024375916,-2.350264310836792,2.249999910593033,0.9046010347562757,1,0
71,6,c32,1100,1100,1000,-6.484892219305038e-05,-11.175322532653809,11.175257683731616,0.9999370621887986,1,0
71,7,s10,1100,1100,0100,-0.0009796833619475365,-7.128829002380371,7.127849319018424,0.9990258086038024,1,0
71,8,s01,1100,1100,0100,-0.079461470246315,-2.590726137161255,2.51126466691494,0.9239421304950741,1,0
72,1,t132,0101,0101,0100,-0.3486309349536896,-2.098630905151367,1.7499999701976776,0.7059594889555598,1,0
72,2,c21,0101,0101,0001,-0.4023015797138214,-1.1511045694351196,0.7488029897212982,0.6687886344192644,1,0
72,3,s02,0101,0101,1101,-0.4743647873401642,-0.9793699979782104,0.5050052106380463,0.6222973949311597,1,0
72,4,c13,0100,0100,0001,-0.0005358453490771353,-8.306188583374023,8.305652738024946,0.9994660125324462,1,0
72,5,x3,0101,0101,0001,-3.7550635170191526e-05,-11.674600601196289,11.674563050561119,0.9999720198869446,1,0
72,6,t102,0101,0101,0111,-0.0002014558995142579,-9.125370979309082,9.125169523409568,0.9998351590377831,1,0
72,7,s30,1100,1100,1101,-0.00045554363168776035,-7.875455379486084,7.874999835854396,0.999559453388303,1,0
72,8,x1,1000,1000,1001,-0.000592078547924757,-7.50059175491333,7.499999676365405,0.9994176543527925,1,0
73,1,x0,1100,0100,0100,-1.0946972370147705,-0.9755754470825195,-0.11912178993225098,0.33520083685908353,0,0
73,2,c21,1100,1100,1000,-0.040314994752407074,-3.3017759323120117,3.2614609375596046,0.9604946814477728,1,0
73,3,x1,1000,1000,1001,-5.972309736534953e-05,-11.375060081481934,11.375000358384568,0.9999497144726273,1,0
73,4,x0,0000,0000,0100,-0.00040074734715744853,-8.625371932983398,8.624971185636241,0.9996980270564992,1,0
73,5,s21,0000,0000,0100,-0.00011145664029754698,-11.125143051147461,11.125031594507163,0.9999746260777891,1,0
73,6,c32,0000,0000,1000,-5.829194560647011e-05,-10.542253494262695,10.542195202317089,0.9999591338672603,1,0
73,7,x3,0001,0001,0000,-1.0728813322202768e-05,-12.00001049041748,11.999999761604158,0.9999906264785079,1,0
73,8,s13,0100,0100,0001,-0.00017713237321004272,-8.75018310546875,8.75000597309554,0.9998308431355276,1,0
74,1,c01,0000,0000,0100,-0.21156615018844604,-3.3443405628204346,3.1327744126319885,0.8101026901028057,1,0
74,2,c13,0000,0000,0001,-0.0035726192872971296,-6.753572463989258,6.749999844701961,0.9964425201840813,1,0
74,3,s32,0000,0000,1000,-6.472933455370367e-05,-10.412522315979004,10.41245758664445,0.9999454208006026,1,0
74,4,t203,0000,0000,1000,-2.777549707388971e-05,-11.392239570617676,11.392211795120602,0.9999784282998235,1,0
74,5,c01,0000,0000,1000,-6.11526338616386e-05,-10.589000701904297,10.588939549270435,0.9999701607592639,1,0
74,6,x2,0010,0010,1000,-1.5735575288999826e-05,-12.62550163269043,12.62548589711514,0.9999931481236611,1,0
74,7,x3,0011,0011,0001,-0.00019358239660505205,-8.862993240356445,8.86279965795984,0.9998134077070869,1,0
74,8,t302,0011,0011,0001,-6.389502959791571e-05,-10.000121116638184,10.000057221608586,0.9999387835091356,1,0
75,1,x3,1100,1100,0100,-0.17561987042427063,-3.850029230117798,3.674409359693527,0.839756664327236,1,0
75,2,c32,1100,1100,1101,-0.014445835724473,-4.764445781707764,4.749999945983291,0.9856769773707738,1,0
75,3,x0,0100,0100,0101,-0.0014010309241712093,-10.2514009475708,10.24999991664663,0.9998968541036573,1,0
75,4,s23,0100,0100,0110,-0.008899646811187267,-4.758843898773193,4.749944251962006,0.9911433854122708,1,0
75,5,c12,0110,0110,0100,-0.0008700298494659364,-7.500877380371094,7.500007350521628,0.9991429865356248,1,0
75,6,c20,1110,1110,0110,-0.07002390921115875,-2.695002794265747,2.6249788850545883,0.932377721418108,1,0
75,7,s31,1011,1011,1001,-0.0018713207682594657,-6.383490562438965,6.381619241670705,0.9981622845505032,1,0
75,8,x2,1001,1001,1111,-0.0004173051274847239,-10.314905166625977,10.314487861498492,0.9998790101052853,1,0
76,1,t213,1000,1000,0000,-0.11325974762439728,-4.47230863571167,4.359048888087273,0.8937902510445764,1,0
76,2,t203,1000,1000,1001,-0.001288775121793151,-7.751288414001465,7.749999638879672,0.9987188971111639,1,0
76,3,s23,1000,1000,0011,-0.00023183658777270466,-9.716493606567383,9.71626176997961,0.9998705519310047,1,0
76,4,s10,0100,0100,1000,-0.18078263103961945,-1.8946701288223267,1.7138874977827072,0.8354431779830143,1,0
76,5,x3,0101,0101,1101,-0.0016495350282639265,-6.568839073181152,6.567189538152888,0.9984453649029574,1,0
76,6,c21,0101,0101,0001,-0.005539132747799158,-5.255344390869141,5.2498052581213415,0.9944840616112183,1,0
76,7,s12,0011,0011,0101,-0.006924073677510023,-5.007015228271484,5.000091154593974,0.9931141152575617,1,0
76,8,x3,0010,0010,1010,-4.970992085873149e-05,-11.102270126342773,11.102220416421915,0.9999640388621067,1,0
77,1,s21,0001,0001,0101,-0.7959952354431152,-1.352571725845337,0.5565764904022217,0.4511804319081067,1,0
77,2,s02,0001,0001,1001,-0.12847696244716644,-2.1279616355895996,1.9994846731424332,0.8794376726216669,1,0
77,3,t132,0001,0001,0011,-0.00021873880177736282,-9.375289916992188,9.37507117819041,0.9997869306884898,1,0
77,4,t302,0001,0001,1001,-1.823893398977816e-05,-11.41922378540039,11.4192055464664,0.999983130674467,1,0
77,5,t203,0001,0001,1001,-6.139103061286733e-05,-10.220443725585938,10.220382334555325,0.999957871396675,1,0
77,6,c23,0001,0001,0011,-0.0017163559095934033,-6.376718997955322,6.375002642045729,0.9982863557099967,1,0
77,7,x3,0000,0000,0011,-0.00012814720685128123,-10.375786781311035,10.375658634104184,0.999911733456778,1,0
77,8,c01,0000,0000,0001,-0.001218944089487195,-6.751218795776367,6.74999985168688,0.9987831188022821,1,0
78,1,t023,1000,1000,1001,-0.21101459860801697,-2.71101450920105,2.499999910593033,0.8107319012171116,1,0
78,2,c21,1000,1000,1100,-0.0017756613669916987,-6.50786828994751,6.506092628580518,0.9983727096881502,1,0
78,3,t302,1000,1000,1010,-4.076931509189308e-05,-11.250045776367188,11.250005007052096,0.9999640591695597,1,0
78,4,x2,1010,1010,1000,-8.189521031454206e-05,-10.125240325927734,10.12515843071742,0.9999384723185725,1,0
78,5,s31,1010,1010,1001,-0.31356701254844666,-1.3136627674102783,1.0000957548618317,0.7310395607711375,1,0
78,6,c03,1011,1011,1001,-5.328590123099275e-05,-10.656200408935547,10.656147123034316,0.9999491649934301,1,0
78,7,s31,1110,1110,1111,-0.0014118982944637537,-7.5014119148254395,7.500000016530976,0.9987559508871101,1,0
78,8,t230,1110,1110,0110,-0.12699191272258759,-2.127002477645874,2.0000105649232864,0.8807440177688598,1,0
79,1,c30,1101,1101,0101,-0.612569272518158,-1.1462925672531128,0.5337232947349548,0.5420858298862848,1,0
79,2,c01,1001,1001,0101,-0.0033885808661580086,-6.958464622497559,6.955076041631401,0.9966271773021383,1,0
79,3,c23,1001,1001,1011,-0.0017045099521055818,-6.50480842590332,6.503103915951215,0.9982997865748745,1,0
79,4,s02,0011,0011,1001,-0.00877460464835167,-4.760608196258545,4.751833591610193,0.9912678051739967,1,0
79,5,x1,0111,0111,0101,-0.0006365689914673567,-7.62565803527832,7.625021466286853,0.999396255435889,1,0
79,6,c02,0111,0111,1101,-0.0002472128253430128,-8.461342811584473,8.46109559875913,0.9997560122484406,1,0
79,7,t130,1111,1111,0111,-0.011080575175583363,-4.51108980178833,4.500009226612747,0.9889895073594511,1,0
79,8,c01,1011,1011,0111,-0.00044884916860610247,-11.250359535217285,11.249910686048679,0.9999825528143869,1,0
80,1,x3,1110,1110,0110,-0.1659286767244339,-3.7887678146362305,3.6228391379117966,0.8476890397319893,1,0
80,2,c20,0110,0110,1110,-0.16709159314632416,-1.9247685670852661,1.757676973938942,0.8462455061730509,1,0
80,3,x2,0100,0100,0010,-0.0017677341820672154,-6.3772149085998535,6.375447174417786,0.9982842880763979,1,0
80,4,t031,0100,0100,0101,-0.00017499327077530324,-10.250174522399902,10.249999529129127,0.999831330341675,1,0
80,5,s30,0100,0100,0001,-0.00046068005030974746,-8.004345893859863,8.003885213809554,0.9995394603668698,1,0
80,6,s20,0100,0100,1100,-0.0009554041316732764,-7.004522323608398,7.003566919476725,0.9990451602342177,1,0
80,7,t320,0100,0100,1100,-0.0002256420411868021,-8.500308990478516,8.500083348437329,0.9997757749972911,1,0
80,8,c32,0100,0100,0110,-0.00012731064634863287,-9.250128746032715,9.250001435386366,0.9998754268323337,1,0
81,1,c12,1001,1001,1011,-0.2010645866394043,-2.710031032562256,2.5089664459228516,0.8181579231441993,1,0
81,2,s10,0101,0101,1001,-0.04310809075832367,-3.1913974285125732,3.1482893377542496,0.9578843509639661,1,0
81,3,s13,0101,0101,1000,-0.002899153158068657,-6.441652774810791,6.438753621652722,0.997112125862399,1,0
81,4,x1,0001,0001,0111,-0.00028930569533258677,-10.0006103515625,10.000321045867167,0.9998900882593155,1,0
81,5,c30,1001,1001,0001,-0.02330569550395012,-3.7733190059661865,3.7500133104622364,0.9769666993252513,1,0
81,6,x3,1000,1000,1001,-0.0006965480279177427,-8.625697135925293,8.625000587897375,0.999591462930111,1,0
81,7,s31,1000,1000,0101,-0.03901352360844612,-3.520897150039673,3.4818836264312267,0.9625509352551593,1,0
81,8,s01,0100,0100,1000,-8.690182585269213e-05,-10.127120971679688,10.127034069853835,0.9999273032571397,1,0
82,1,c23,1001,1001,1010,-0.1873474419116974,-3.3290350437164307,3.1416876018047333,0.8298644795418443,1,0
82,2,t021,1001,1001,1101,-0.1005585566163063,-2.351562261581421,2.2510037049651146,0.9043614408685855,1,0
82,3,s21,1001,1001,1101,-0.03520934283733368,-3.4127042293548584,3.3774948865175247,0.9666890009368927,1,0
82,4,s10,0101,0101,1001,-0.387683629989624,-1.237886667251587,0.8502030372619629,0.6791687302251695,1,0
82,5,c02,0101,0101,1111,-0.0006783448625355959,-7.948176383972168,7.947498039109632,0.9994565476719962,1,0
82,6,s31,0101,0101,1100,-0.00019919004989787936,-9.252311706542969,9.25211251649307,0.9998152178860534,1,0
82,7,t012,0101,0101,1111,-0.0008465135470032692,-9.352701187133789,9.351854673586786,0.9998310177888257,1,0
82,8,c31,0001,0001,1101,-0.0002687973028514534,-8.658848762512207,8.658579965209356,0.9997401767906036,1,0
83,1,t103,1101,1100,1100,-0.9758856296539307,-0.7258856296539307,-0.25,0.3770714341875672,0,0
83,2,s32,1110,1110,1101,-0.3959919810295105,-1.2321416139602661,0.8361496329307556,0.6730540357720358,1,0
83,3,s01,1110,1110,1010,-0.05254049599170685,-3.685112237930298,3.632571741938591,0.9488209907267001,1,0
83,4,x2,1100,1100,1010,-0.001494468073360622,-6.994585990905762,6.993091522832401,0.9985144268699628,1,0
83,5,s20,0110,0110,0100,-0.0026741151232272387,-6.128133773803711,6.125459658680484,0.9973500974295406,1,0
83,6,s10,1010,1010,1110,-0.04400495067238808,-3.303025007247925,3.2590200565755367,0.9572777579386714,1,0
83,7,s01,0110,0110,1010,-0.0006572761340066791,-7.589596748352051,7.588939472218044,0.9993564283196399,1,0
83,8,t120,1110,0110,0110,-5.255970001220703,-0.005322673823684454,-5.250647327397019,0.005216293607168948,0,0
84,1,x2,0000,0000,0010,-0.15642836689949036,-3.4002537727355957,3.2438254058361053,0.8557111134327803,1,0
84,2,c01,0000,0000,0100,-0.0029496632050722837,-6.944051742553711,6.941102079348639,0.9970687697701296,1,0
84,3,c30,0000,0000,1000,-0.00028773691155947745,-8.250280380249023,8.249992643337464,0.9997124619330021,1,0
84,4,c31,0000,0000,1000,-4.2676354496506974e-05,-11.352630615234375,11.352587938879878,0.9999713532379372,1,0
84,5,c12,0000,0000,1000,-0.0004876866878475994,-10.393372535705566,10.392884849017719,0.9999621310377242,1,0
84,6,c31,0000,0000,0100,-3.0994138796813786e-05,-11.750029563903809,11.749998569765012,0.9999810280265066,1,0
84,7,c23,0000,0000,1000,-3.135176302748732e-05,-11.382559776306152,11.382528424543125,0.9999768443101882,1,0
84,8,t201,0000,0000,0001,-1.2397727005009074e-05,-11.750011444091797,11.749999046364792,0.9999887385752683,1,0
85,1,x2,1001,1001,0000,-0.1599240005016327,-3.9721641540527344,3.8122401535511017,0.8526687666605001,1,0
85,2,c12,1001,1001,1101,-0.0013484370429068804,-7.5054497718811035,7.504101334838197,0.9986576872995734,1,0
85,3,s32,1010,1010,1011,-0.00035913981264457107,-8.250358581542969,8.249999441730324,0.9996419135024527,1,0
85,4,t310,1010,1010,1110,-0.0006728628068231046,-8.126781463623047,8.126108600816224,0.9993319977199088,1,0
85,5,c21,1110,1110,1010,-0.006215457804501057,-5.13118839263916,5.124972934834659,0.9938082729559256,1,0
85,6,x0,0110,0110,1110,-0.00039153191028162837,-9.750844955444336,9.750453423534054,0.9999260170404279,1,0
85,7,x3,0111,0111,0100,-0.0006977239972911775,-8.224772453308105,8.224074729310814,0.9993065969090708,1,0
85,8,x1,0011,0011,0010,-0.0003045483026653528,-11.687804222106934,11.687499673804268,0.9999883311092175,1,0
86,1,t301,1000,1000,1100,-0.27879613637924194,-2.09660267829895,1.8178065419197083,0.7570393074160234,1,0
86,2,x1,1100,1100,1010,-0.00200551375746727,-6.545632839202881,6.543627325445414,0.9980114757143979,1,0
86,3,c32,1100,1100,1110,-6.139226024970412e-05,-11.00007438659668,11.00001299433643,0.999946257649985,1,0
86,4,c12,1110,1110,1010,-0.00014936357911210507,-9.953052520751953,9.952903157172841,0.9998870856868093,1,0
86,5,c21,1010,1010,1110,-0.0006200723582878709,-10.87507438659668,10.874454314238392,0.999966105460657,1,0
86,6,x1,1110,1110,1000,-0.00015246382099576294,-9.395676612854004,9.395524149033008,0.9998625267099253,1,0
86,7,s23,1101,1101,1011,-8.594815153628588e-05,-9.8826904296875,9.882604481535964,0.9999245302872685,1,0
86,8,t023,1101,1101,1011,-0.00028202933026477695,-9.367276191711426,9.366994162381161,0.9997247903858267,1,0
87,1,s13,1111,1010,1010,-1.395189881324768,-0.8936180472373962,-0.5015718340873718,0.24780141127475158,0,0
87,2,s20,1111,1111,0111,-0.05042983591556549,-3.3460357189178467,3.295605883002281,0.9508895535936572,1,0
87,3,c10,0111,0111,1111,-0.001444109482690692,-8.340495109558105,8.339051000075415,0.9996692846710711,1,0
87,4,s02,1101,1101,0111,-0.011883506551384926,-5.006759166717529,4.994875660166144,0.9882020212861491,1,0
87,5,c21,1101,1001,1001,-1.1372647285461426,-0.38720282912254333,-0.7500618994235992,0.3206981765974059,0,0
87,6,c13,1100,1100,1101,-0.0006526639917865396,-7.625652313232422,7.624999649240635,0.9993524416012558,1,0
87,7,s21,1010,1000,1000,-1.4068986177444458,-0.28195324540138245,-1.1249453723430634,0.24498697235042322,0,0
87,8,s32,1001,1001,1010,-0.0010232423665001988,-7.294012069702148,7.292988827335648,0.9992394744742853,1,0
88,1,s30,0011,1010,1010,-2.3664159774780273,-0.9579633474349976,-1.4084526300430298,0.09383403464385678,0,0
88,2,s20,1001,1001,1011,-0.29374560713768005,-2.2560153007507324,1.9622696936130524,0.7458974147179631,1,0
88,3,c32,1011,1011,1001,-0.21460866928100586,-2.215919017791748,2.001310348510742,0.8081270810970657,1,0
88,4,s01,0111,0111,1111,-0.0008354507735930383,-7.1448798179626465,7.1440443671890534,0.9991676529115607,1,0
88,5,c20,1111,1111,0111,-0.012166962958872318,-4.51137638092041,4.499209417961538,0.9879231108457283,1,0
88,6,s20,1111,1111,0111,-0.11499020457267761,-2.240669012069702,2.1256788074970245,0.8913762358601881,1,0
88,7,x3,1110,1110,1101,-0.002177071524783969,-8.125919342041016,8.123742270516232,0.9992310011662213,1,0
88,8,x3,1111,1111,1100,-0.00021730424487031996,-8.773460388183594,8.773243083938723,0.9997882903014177,1,0
89,1,c21,0000,0000,0100,-0.19609421491622925,-2.4367282390594482,2.240634024143219,0.822466341558317,1,0
89,2,x2,0010,0010,1000,-0.0016137906350195408,-6.946976661682129,6.945362871047109,0.9984135897278599,1,0
89,3,t302,0010,0010,1010,-0.00017867947462946177,-9.811385154724121,9.811206475249492,0.999837602563233,1,0
89,4,c30,0010,0010,1010,-0.0002498359826859087,-8.375381469726562,8.375131633743877,0.9997502401038636,1,0
89,5,s23,0001,0001,1001,-3.576235394575633e-05,-10.791753768920898,10.791718006566953,0.9999658239234708,1,0
89,6,x2,0011,0011,0001,-0.00018070869555231184,-11.125178337097168,11.124997628401616,0.9999635139843538,1,0
89,7,s12,0101,0101,0100,-0.0011921543627977371,-10.532441139221191,10.531248984858394,0.9999021227560038,1,0
89,8,s30,1100,1100,0101,-0.003565065562725067,-5.968932151794434,5.9653670862317085,0.9964623440584139,1,0
90,1,t231,0100,0100,0000,-0.13374580442905426,-3.440617799758911,3.306871995329857,0.8753308395432458,1,0
90,2,t120,0100,0100,1100,-0.0013859433820471168,-6.752810001373291,6.751424057991244,0.9986160546280775,1,0
90,3,x1,0000,0000,1000,-0.00014090057811699808,-12.124517440795898,12.124376540217781,0.9999766470511834,1,0
90,4,x3,0001,0001,1000,-0.0019713640213012695,-8.362312316894531,8.36034095287323,0.9994284577407127,1,0
90,5,c31,0101,0101,0001,-0.0001513893366791308,-9.126641273498535,9.126489884161856,0.9998504968709322,1,0
90,6,c10,1101,1101,0101,-0.07527722418308258,-2.825476884841919,2.7501996606588364,0.9397371441847582,1,0
90,7,c31,1001,1001,0101,-0.00010406733781564981,-9.785117149353027,9.785013082015212,0.9998978396406967,1,0
90,8,s20,0011,0011,1001,-0.0002533042279537767,-8.750277519226074,8.75002421499812,0.9997636922556054,1,0
91,1,c02,1101,1101,0111,-0.2112361490726471,-2.965808153152466,2.7545720040798187,0.8101393025586558,1,0
91,2,x3,1100,1100,1000,-0.0032270527444779873,-7.783915042877197,7.780687990132719,0.9967985973411423,1,0
91,3,c10,0100,0100,1100,-0.002670024987310171,-6.002956390380859,6.000286365393549,0.9973517553880866,1,0
91,4,t012,0100,0100,0101,-0.00013601455430034548,-10.12513542175293,10.12499940719863,0.9998795919932055,1,0
91,5,t021,0100,0100,0101,-4.267665644874796e-05,-11.500042915344238,11.50000023868779,0.9999605869059082,1,0
91,6,t302,0100,0100,0000,-1.3589818991022184e-05,-12.653366088867188,12.653352499048196,0.9999874481346169,1,0
91,7,t031,0100,0100,0000,-1.6927671822486445e-05,-11.953025817871094,11.953008890199271,0.9999846445615681,1,0
91,8,x1,0000,0000,1000,-2.5629835363361053e-05,-13.002320289611816,13.002294659776453,0.9999948981814699,1,0
92,1,s32,1110,1110,1101,-0.7691303491592407,-1.1428855657577515,0.37375521659851074,0.4635053061777774,1,0
92,2,x1,1010,1010,1011,-0.0015655739698559046,-7.626565456390381,7.624999882420525,0.9984703905605091,1,0
92,3,t310,1010,1010,0010,-0.0007741281879134476,-7.885826110839844,7.88505198265193,0.9992283501119898,1,0
92,4,t012,1010,1010,1000,-0.0001072865488822572,-10.600693702697754,10.600586416148872,0.9999155203185879,1,0
92,5,s01,0110,0110,1010,-0.0014394946629181504,-6.688348293304443,6.686908798641525,0.998594549157307,1,0
92,6,t023,0110,0110,0111,-0.0005368615966290236,-8.625536918640137,8.625000057043508,0.9995890235385373,1,0
92,7,t120,1110,0110,0110,-2.126959800720215,-0.1269410103559494,-2.0000187903642654,0.11919919891335952,0,0
92,8,t023,1111,1111,1110,-0.0007271296344697475,-7.500726699829102,7.499999570194632,0.9992851164520606,1,0
93,1,t130,0101,1101,1101,-1.1824121475219727,-0.5828725099563599,-0.5995396375656128,0.30662918836349423,0,0
93,2,c12,0111,0111,0110,-0.008596519008278847,-7.008596420288086,6.999999901279807,0.9966531382979085,1,0
93,3,s13,0111,0111,1110,-0.0006972345290705562,-7.740634918212891,7.73993768368382,0.9993031644360795,1,0
93,4,t103,0111,0111,0011,-0.0002473379427101463,-9.599510192871094,9.599262854928384,0.9997640962058447,1,0
93,5,s13,0111,0111,0011,-7.045135862426832e-05,-10.625452995300293,10.625382543941669,0.9999302284836791,1,0
93,6,s01,1011,1011,0111,-0.15821808576583862,-5.255277633666992,5.097059547901154,0.993857527026725,1,0
93,7,x0,0011,0011,1011,-0.0004413424467202276,-9.304182052612305,9.303740710165584,0.9998419525797977,1,0
93,8,x0,1011,1011,0011,-0.0017330963164567947,-6.626780033111572,6.6250469367951155,0.998613643610675,1,0
94,1,c03,0110,0110,0111,-0.33143532276153564,-1.831435203552246,1.4999998807907104,0.7182785809891259,1,0
94,2,x1,0010,0010,1010,-0.003693993901833892,-7.056823253631592,7.053129259729758,0.99675793714823,1,0
94,3,t321,0010,0010,0110,-0.00017546997696626931,-9.751898765563965,9.751723295586999,0.9998420412464666,1,0
94,4,x2,0000,0000,0010,-3.1232622859533876e-05,-11.500260353088379,11.50022912046552,0.9999824639447494,1,0
94,5,c30,0000,0000,1000,-0.0005578654236160219,-7.500555992126465,7.499998126702849,0.999442934369661,1,0
94,6,x2,0010,0010,0000,-1.0728809684223961e-05,-12.250020027160645,12.25000929835096,0.9999919776708128,1,0
94,7,t103,0010,0010,1010,-8.165558392647654e-05,-10.049839973449707,10.04975831786578,0.9999474064906414,1,0
94,8,t310,0010,0010,1010,-2.8133228624938056e-05,-11.000046730041504,11.000018596812879,0.9999718848408428,1,0
95,1,t031,0100,0100,0000,-0.1227896437048912,-4.131629943847656,4.008840300142765,0.8849641456367949,1,0
95,2,t320,0100,0100,1100,-0.0016574205365031958,-6.504913806915283,6.50325638637878,0.9983461574431651,1,0
95,3,s10,1000,1000,0100,-0.00012480944860726595,-9.875629425048828,9.87550461560022,0.9999458105034129,1,0
95,4,t013,1000,1000,1001,-0.0007182761328294873,-7.375718116760254,7.374999840627424,0.99931604603746,1,0
95,5,x2,1010,1010,1000,-0.00023673598479945213,-9.250615119934082,9.250378383949283,0.9998471591069876,1,0
95,6,x2,1000,1000,1110,-2.4795412173261866e-05,-11.410246849060059,11.410222053647885,0.9999857992839875,1,0
95,7,c30,1000,1000,0000,-0.00011431685561547056,-9.25051498413086,9.250400667275244,0.9998873228344551,1,0
95,8,c30,1000,1000,1001,-1.1920908946194686e-05,-12.250012397766113,12.250000476857167,0.9999886338308377,1,0
96,1,x3,1101,1101,1000,-0.0987967997789383,-4.630845069885254,4.532048270106316,0.906869848773522,1,0
96,2,s31,1101,1101,1110,-0.056272223591804504,-3.5562291145324707,3.499956890940666,0.9452867250150485,1,0
96,3,t213,1101,1101,1100,-0.0016518468037247658,-7.501651763916016,7.499999917112291,0.9983582132710194,1,0
96,4,c20,1101,1101,0101,-0.018301334232091904,-4.0182576179504395,3.9999562837183475,0.9818662862142812,1,0
96,5,t130,0101,0101,1101,-0.03812635317444801,-3.2882089614868164,3.2500826083123684,0.9625929451874178,1,0
96,6,s10,1001,1001,1101,-0.0017907160799950361,-6.376945495605469,6.375154779525474,0.9982371364934056,1,0
96,7,t231,1001,1001,1101,-0.02981024980545044,-3.5298306941986084,3.500020444393158,0.9706417329580557,1,0
96,8,x0,0001,0001,0101,-0.00105961668305099,-7.501052379608154,7.499992762925103,0.9993407055198467,1,0
97,1,c32,1010,1000,1000,-1.02631676197052,-0.928168773651123,-0.09814798831939697,0.3584426706584369,0,0
97,2,x2,1000,1000,0010,-0.002032910706475377,-7.9967875480651855,7.99475463735871,0.9979769206789448,1,0
97,3,s12,1000,1000,1100,-7.915390597190708e-05,-10.625109672546387,10.625030518640415,0.999953141996542,1,0
97,4,t123,1000,1000,1001,-0.00019609156879596412,-9.125195503234863,9.124999411666067,0.9998460185204102,1,0
97,5,s21,1000,1000,0110,-0.32051196694374084,-1.6158668994903564,1.2953549325466156,0.7310049578438218,1,0
97,6,x1,1100,1100,1000,-0.00023959630925673991,-9.038280487060547,9.03804089075129,0.9997804479388271,1,0
97,7,s31,1001,1001,0101,-0.0039033745415508747,-8.635115623474121,8.63121224893257,0.999731568314937,1,0
97,8,s03,1001,1001,0001,-0.0022098964545875788,-6.128645896911621,6.1264360004570335,0.9977930017874694,1,0
98,1,c31,0000,0000,0100,-0.4425157308578491,-1.7707545757293701,1.328238844871521,0.6429107338311032,1,0
98,2,x1,0100,0100,0010,-0.0017643950413912535,-6.629666805267334,6.627902410225943,0.9982451994930094,1,0
98,3,x0,1100,1100,0100,-0.006130010820925236,-5.1370038986206055,5.13087388779968,0.9940268667624179,1,0
98,4,x0,0100,0100,1100,-0.004708264488726854,-5.381913661956787,5.37720539746806,0.9953163837467529,1,0
98,5,c23,0100,0100,0101,-0.001475521712563932,-6.626475811004639,6.625000289292075,0.9985366279931142,1,0
98,6,c10,1100,1100,0100,-0.0017719316529110074,-6.376781463623047,6.375009531970136,0.9982851342362155,1,0
98,7,x1,1000,1000,1001,-2.3841772417654283e-05,-12.25002384185791,12.250000000085493,0.9999859520742145,1,0
98,8,t301,1000,1000,1100,-8.129850175464526e-05,-9.625082969665527,9.625001671163773,0.9999225432933979,1,0
99,1,c30,0100,0100,1100,-0.40823811292648315,-1.4858884811401367,1.0776503682136536,0.6653604930169211,1,0
99,2,x0,1100,1100,0100,-0.0012013326631858945,-7.1329264640808105,7.131725131417625,0.9988665852070491,1,0
99,3,x0,0100,0100,1100,-0.0001835699804360047,-9.125580787658691,9.125397217678255,0.9998634860163229,1,0
99,4,s32,0100,0100,0101,-0.0006278692162595689,-7.6256279945373535,7.625000125321094,0.9993765012425424,1,0
99,5,s10,1000,1000,0100,-0.0007580891833640635,-7.379236221313477,7.3784781321301125,0.9993655650575559,1,0
99,6,t231,1000,1000,1001,-0.00011133797670481727,-10.625110626220703,10.624999288243998,0.9999607055820554,1,0
99,7,t231,1000,1000,1001,-5.0305498007219285e-05,-10.12505054473877,10.125000239240762,0.9999528766658076,1,0
99,8,c01,1100,1100,1000,-0.0004337098798714578,-7.758040428161621,7.75760671828175,0.9995676966508505,1,0
100,1,s32,1101,1101,1110,-0.529166579246521,-2.142106533050537,1.6129399538040161,0.589177483568808,1,0
100,2,t023,1101,1101,1100,-0.13320451974868774,-2.883204698562622,2.7500001788139343,0.8754473913443198,1,0
100,3,x2,1111,1111,1001,-0.0023813110310584307,-6.128559589385986,6.126178278354928,0.9976312054048806,1,0
100,4,c13,1110,1110,1011,-0.00028394052060320973,-9.474713325500488,9.474429384979885,0.9997706156467068,1,0
100,5,t021,1010,1010,1110,-0.42913323640823364,-1.0538744926452637,0.62474125623703,0.6510773044269095,1,0
100,6,t203,1011,1011,1010,-0.0006118118762969971,-7.875611305236816,7.874999493360519,0.9993926905419364,1,0
100,7,s03,1011,1011,0011,-0.003209066344425082,-5.753453254699707,5.750244188355282,0.9967968285259969,1,0
100,8,c01,1111,1111,1011,-0.00027977002901025116,-8.875285148620605,8.875005378591595,0.9997222002096714,1,0
101,1,c20,1100,1100,0100,-0.6433224678039551,-0.9121314287185669,0.2688089609146118,0.5256746303636439,1,0
101,2,t032,1100,1100,1110,-0.00994763895869255,-5.009409427642822,4.99946178868413,0.9901211516002203,1,0
101,3,x1,1000,1000,0000,-0.0005692289560101926,-12.145641326904297,12.145072097948287,0.9999744436734271,1,0
101,4,s20,0010,0010,0000,-0.026451481506228447,-3.65171217918396,3.6252606976777315,0.9740000453223333,1,0
101,5,s03,0010,0010,0001,-0.00014864363765809685,-9.451104164123535,9.450955520485877,0.9998562291175592,1,0
101,6,x3,0011,0011,0000,-0.0004749398212879896,-7.8293633460998535,7.8288884062785655,0.9995627274779889,1,0
101,7,c23,0010,0011,0011,-1.1368860006332397,-0.38688597083091736,-0.7500000298023224,0.32081708642889245,0,0
101,8,x1,0110,0110,0010,-0.00047316483687609434,-7.768641948699951,7.768168783863075,0.9995506501585147,1,0
102,1,s32,1101,1101,1100,-0.41990190744400024,-2.2949018478393555,1.8749999403953552,0.6571876426826514,1,0
102,2,c20,1101,1101,0101,-0.6829527020454407,-1.0572617053985596,0.3743090033531189,0.5052607909456259,1,0
102,3,s30,1101,1101,1001,-0.00811882596462965,-5.010469436645508,5.002350610680878,0.991915005875224,1,0
102,4,t312,1111,1111,1101,-0.0116117587313056,-4.5113606452941895,4.499748886562884,0.9884592542534987,1,0
102,5,c23,1110,1110,1111,-0.0008456684881821275,-7.375845909118652,7.37500024063047,0.9992177607760065,1,0
102,6,t301,1110,1110,1010,-0.04327351227402687,-3.1691343784332275,3.1258608661592007,0.9576528698648099,1,0
102,7,c23,1111,1111,1110,-0.0005229141097515821,-8.50052261352539,8.499999699415639,0.9994831509091572,1,0
102,8,c32,1101,1101,1011,-0.00028619918157346547,-8.500396728515625,8.500110529334052,0.9997527591567081,1,0
103,1,s20,1001,1001,0011,-0.8470124006271362,-1.1635689735412598,0.31655657291412354,0.42878819212837577,1,0
103,2,t123,1001,1001,1100,-0.08282148838043213,-4.348870277404785,4.266048789024353,0.9207571269119893,1,0
103,3,t230,1001,1001,0001,-0.0026368156541138887,-6.002719879150391,6.000083063496277,0.997367314502713,1,0
103,4,t210,1001,1001,0001,-0.00013029086403548717,-9.250843048095703,9.250712757231668,0.9998702994104506,1,0
103,5,t230,1001,1001,0001,-0.014211129397153854,-4.264346599578857,4.250135470181704,0.9858895337649766,1,0
103,6,s31,1100,1100,1001,-0.0032861921936273575,-5.769265651702881,5.7659794595092535,0.996753895040198,1,0
103,7,t023,1100,1100,1101,-0.0023531769402325153,-6.127352714538574,6.124999537598342,0.9976622532964202,1,0
103,8,c21,1100,1100,1000,-0.002167006256058812,-6.255175590515137,6.253008584259078,0.9978366757074237,1,0
104,1,c10,1011,1011,0011,-0.8151522278785706,-0.9053881168365479,0.0902358889579773,0.44274368920685314,1,0
104,2,t201,1111,1111,1011,-0.006914439611136913,-5.759184837341309,5.752270397730172,0.9931159286424524,1,0
104,3,x3,1110,1110,1101,-0.0017351085552945733,-7.254384994506836,7.252649885951541,0.9984240671352652,1,0
104,4,s12,1110,1110,1010,-0.000465717981569469,-8.625581741333008,8.625116023351438,0.9995942750156057,1,0
104,5,c03,1111,1111,1100,-0.0013718914706259966,-7.569505214691162,7.568133323220536,0.9986432299194925,1,0
104,6,s12,1111,1111,1110,-0.001318233786150813,-7.001317977905273,6.999999744119123,0.9987951123146664,1,0
104,7,x3,1110,1110,1101,-0.00026642053853720427,-9.008833885192871,9.008567464654334,0.999781953410474,1,0
104,8,s32,1101,1101,1110,-0.00042049767216667533,-7.945343971252441,7.944923473580275,0.9995971337720883,1,0
105,1,s01,0000,0000,0100,-0.44816023111343384,-2.658013105392456,2.209852874279022,0.6391048290799165,1,0
105,2,t123,0000,0000,1000,-0.001975591527298093,-7.398317813873291,7.396342222345993,0.9982466095712481,1,0
105,3,c31,0000,0000,1000,-0.00031204413971863687,-8.729653358459473,8.729341314319754,0.9997294329795294,1,0
105,4,t123,0000,0000,1000,-3.552390626282431e-05,-11.180999755859375,11.180964231953112,0.9999799747578493,1,0
105,5,c03,0000,0000,1000,-7.03333580531762e-06,-12.37749195098877,12.377484917652964,0.9999934320132692,1,0
105,6,t013,0000,0000,1000,-1.6808377040433697e-05,-11.125049591064453,11.125032782687413,0.999984750791591,1,0
105,7,t301,0000,0000,1000,-0.00016163490363396704,-9.339118003845215,9.33895636894158,0.9999028856011254,1,0
105,8,s12,0000,0000,1000,-0.1798417717218399,-10.431772232055664,10.251930460333824,0.9999515391643252,1,0
106,1,c01,0000,0000,0101,-0.22350046038627625,-3.297619581222534,3.074119120836258,0.800588723387966,1,0
106,2,s13,0000,0000,0100,-0.002052849158644676,-6.502392768859863,6.500339919701219,0.9980211222255649,1,0
106,3,x1,0100,0100,0010,-0.006282893940806389,-5.13538932800293,5.129106434062123,0.9938600098584532,1,0
106,4,s02,0100,0100,1100,-9.143156057689339e-05,-9.75194263458252,9.751851203021943,0.9999088996818432,1,0
106,5,c31,0100,0100,0000,-0.0009279863443225622,-7.000986099243164,7.0000581128988415,0.9990744382465929,1,0
106,6,x2,0110,0110,0001,-0.00017665803898125887,-9.69073486328125,9.690558205242269,0.9998406187859661,1,0
106,7,c21,0010,0010,0110,-0.5760533213615417,-0.82602459192276,0.24997127056121826,0.5621562015615996,1,0
106,8,c21,0110,0010,0010,-0.7581706643104553,-0.6326308250427246,-0.1255398392677307,0.46852874640757924,0,0
107,1,x1,0110,0110,0000,-0.521574079990387,-2.188678503036499,1.667104423046112,0.5938281156926873,1,0
107,2,t102,0110,0110,1100,-0.006670002825558186,-6.839179992675781,6.832509989850223,0.9933640076751445,1,0
107,3,s13,0011,0011,0001,-0.0006708955625072122,-8.599746704101562,8.599075808539055,0.9995487689107366,1,0
107,4,s32,0011,0001,0001,-1.1400870084762573,-0.38690903782844543,-0.7531779706478119,0.3197999090038408,0,0
107,5,s21,0101,0101,0011,-0.0008214118424803019,-9.875709533691406,9.874888121848926,0.9998685616250726,1,0
107,6,c30,1101,1101,0101,-0.003586619161069393,-5.7537665367126465,5.750179917551577,0.9964300878767529,1,0
107,7,t123,1101,1101,1100,-0.002364264102652669,-6.127363681793213,6.12499941769056,0.9976479075228228,1,0
107,8,c30,0101,0101,1101,-0.0036583624314516783,-5.629153728485107,5.625495366053656,0.9963485981408259,1,0
108,1,x1,1101,1101,1011,-0.2237260490655899,-2.4010510444641113,2.1773249953985214,0.7996948566415226,1,0
108,2,c13,1100,1100,1101,-0.0028637954965233803,-6.87786340713501,6.874999611638486,0.997142742386426,1,0
108,3,t132,1100,1100,1101,-0.0010109207360073924,-7.126010417938232,7.124999497202225,0.999047263250339,1,0
108,4,s13,1001,1001,1100,-0.00047964625991880894,-8.125537872314453,8.125058226054534,0.9995706376627091,1,0
108,5,x3,1000,1000,1100,-0.00012862378207501024,-10.892218589782715,10.89208996600064,0.9999344822903168,1,0
108,6,x1,1100,1100,1010,-0.0003785512235481292,-8.576427459716797,8.576048908493249,0.9996435900887646,1,0
108,7,x3,1101,1101,1001,-0.00019358794088475406,-9.147260665893555,9.14706707795267,0.9998172060428485,1,0
108,8,c30,0101,0101,1101,-0.01423373818397522,-4.264650821685791,4.250417083501816,0.9858703175771653,1,0
109,1,c21,0000,0000,0100,-0.16053476929664612,-2.601734161376953,2.441199392080307,0.8522445582297052,1,0
109,2,x0,1000,1000,0000,-0.0036049748305231333,-6.878887176513672,6.875282201683149,0.9989246831360605,1,0
109,3,x3,1001,1001,1000,-3.8981179386610165e-05,-11.625038146972656,11.62499916579327,0.9999657057878218,1,0
109,4,c20,1001,1001,0001,-0.0002150402287952602,-8.7515287399292,8.751313699700404,0.9997855147845808,1,0
109,5,t210,1001,1001,0001,-0.00018297981296200305,-9.251190185546875,9.251007205733913,0.9998189317655507,1,0
109,6,t210,1001,1001,0001,-7.200148684205487e-05,-10.251018524169922,10.25094652268308,0.9999283404045518,1,0
109,7,s01,0101,0101,0100,-2.4080176444840617e-05,-11.43752384185791,11.437499761681465,0.9999784004178577,1,0
109,8,s32,0110,0110,0101,-0.005086278542876244,-5.512665748596191,5.507579470053315,0.9949855276506344,1,0
110,1,s01,1111,1111,1011,-0.13210678100585938,-2.904266357421875,2.7721595764160156,0.876360949483883,1,0
110,2,t130,0111,0111,1111,-0.030279936268925667,-3.533987522125244,3.5037075858563185,0.9701884571257172,1,0
110,3,c30,1111,1111,1110,-0.0004018274194095284,-8.625401496887207,8.624999669467798,0.9996008532843647,1,0
110,4,s13,1111,1111,1010,-0.0011397006455808878,-7.35016393661499,7.349024235969409,0.9988628204732469,1,0
110,5,c32,1101,1101,1011,-0.0008200977463275194,-7.502330303192139,7.501510205445811,0.9992033404224407,1,0
110,6,c30,0101,0101,1101,-0.006732988636940718,-5.006866931915283,5.0001339432783425,0.9932900116150495,1,0
110,7,x2,0111,0111,0001,-8.976264507509768e-05,-9.750105857849121,9.750016095204046,0.9999167528899022,1,0
110,8,t120,1111,1111,0111,-0.11324085295200348,-2.238246202468872,2.1250053495168686,0.8932826979416371,1,0
111,1,s32,0000,0000,0010,-0.34056663513183594,-2.143324851989746,1.8027582168579102,0.711692156682369,1,0
111,2,s23,0000,0000,0001,-0.0015460639260709286,-7.0015459060668945,6.999999842140824,0.998492874789663,1,0
111,3,s20,0000,0000,1000,-0.0002498359826859087,-8.375234603881836,8.37498476789915,0.9997502732284482,1,0
111,4,c02,0000,0000,1000,-5.555012103286572e-05,-10.82991886138916,10.829863311268127,0.9999663736958226,1,0
111,5,s12,0000,0000,1000,-0.00010334936814615503,-11.805232048034668,11.805128698666522,0.9999885605933099,1,0
111,6,s23,0000,0000,0001,-7.414726132992655e-05,-10.500073432922363,10.499999285661033,0.9999289352217969,1,0
111,7,t132,0000,0000,1000,-0.00010179963283007964,-10.286177635192871,10.286075835560041,0.999959255651534,1,0
111,8,s13,0000,0000,0100,-0.0005283330101519823,-7.6255316734313965,7.6250033404212445,0.9994923694319964,1,0
112,1,s31,1000,1000,1101,-0.39948320388793945,-2.030308246612549,1.6308250427246094,0.6712375384862268,1,0
112,2,c30,1000,1000,0000,-0.03485096991062164,-3.94887638092041,3.9140254110097885,0.9658283020637322,1,0
112,3,x3,1001,1001,0001,-0.00017832538287620991,-10.032153129577637,10.03197480419476,0.9998345105875024,1,0
112,4,s10,0101,0101,1001,-0.0007911637076176703,-7.320792198181152,7.320001034473535,0.9992365975222762,1,0
112,5,t201,0101,0101,1101,-0.0016152993775904179,-6.528405666351318,6.526790366973728,0.9984182525931427,1,0
112,6,t210,0101,0101,1101,-0.004099980462342501,-5.504127502441406,5.500027521979064,0.9959091706249785,1,0
112,7,t130,1101,1101,0101,-0.1002810075879097,-2.350273609161377,2.2499926015734673,0.9046030582822343,1,0
112,8,t231,1101,1101,1001,-0.00041298760334029794,-7.875572681427002,7.875159693823662,0.9995876233260294,1,0
113,1,c30,0011,0011,1011,-0.5910794734954834,-1.5471775531768799,0.9560980796813965,0.5539212157273062,1,0
113,2,t210,0011,0011,1011,-0.03972218185663223,-3.289052724838257,3.2493305429816246,0.9610578945654296,1,0
113,3,s21,0101,0101,0111,-0.056565653532743454,-2.9320292472839355,2.875463593751192,0.9462484236127491,1,0
113,4,s21,0011,0011,0101,-0.02648378163576126,-3.652055263519287,3.625571481883526,0.9740037401607284,1,0
113,5,s02,1001,1001,0011,-0.01824888214468956,-4.018158912658691,3.999910030514002,0.9819243483831798,1,0
113,6,c20,1001,1001,0001,-0.00351331545971334,-6.253021717071533,6.24950840161182,0.9964977112828514,1,0
113,7,s30,1001,1001,0001,-0.0001378010056214407,-9.519789695739746,9.519651894734125,0.9998769558856737,1,0
113,8,s30,1001,1001,1010,-0.00022279287804849446,-9.40637493133545,9.4061521384574,0.9997793684420676,1,0
114,1,t203,0000,0000,0001,-0.07900936901569366,-4.329009532928467,4.250000163912773,0.9249763538800168,1,0
114,2,s20,0000,0000,1000,-0.007028369233012199,-5.006932735443115,4.999904366210103,0.9929965457445812,1,0
114,3,s01,0000,0000,1000,-2.6702744435169734e-05,-11.25003719329834,11.250010490553905,0.999974598417769,1,0
114,4,t312,0000,0000,1000,-0.0006880830624140799,-8.447040557861328,8.446352474798914,0.9997617295368431,1,0
114,5,c21,0000,0000,1000,-0.000199179703486152,-10.22441291809082,10.224213738387334,0.999937551872727,1,0
114,6,s12,0000,0000,1000,-0.005286314059048891,-10.260517120361328,10.25523080630228,0.9999593155188995,1,0
114,7,t301,0000,0000,1000,-9.488618525210768e-05,-10.535355567932129,10.535260681746877,0.9999677758014287,1,0
114,8,s12,0000,0000,1000,-1.6331570805050433e-05,-12.882624626159668,12.882608294588863,0.9999954417024314,1,0
115,1,x2,0001,0001,1000,-0.12482466548681259,-4.309772491455078,4.1849478259682655,0.8831248927661999,1,0
115,2,t123,0001,0001,0100,-0.0014479260426014662,-8.168621063232422,8.16717313718982,0.9985565692682002,1,0
115,3,x2,0011,0011,0101,-7.045162783470005e-05,-10.250078201293945,10.25000774966611,0.9999417791161679,1,0
115,4,s02,1001,1001,0011,-0.0004398221499286592,-8.00036907196045,7.999929249810521,0.9995732595846923,1,0
115,5,s03,1001,1001,1000,-0.00046506154467351735,-7.750464916229248,7.7499998546845745,0.9995363739422363,1,0
115,6,c02,1011,1011,1001,-4.148431617068127e-05,-10.375041961669922,10.375000477353751,0.9999591451943838,1,0
115,7,x2,1001,1001,1111,-3.3259158954024315e-05,-11.252331733703613,11.25229847454466,0.9999791081519673,1,0
115,8,x3,1000,1000,1011,-0.00014674145495519042,-9.878660202026367,9.878513460571412,0.9999072085729085,1,0
116,1,x0,0100,0100,1100,-0.18789580464363098,-2.5256145000457764,2.3377186954021454,0.8290042322314952,1,0
116,2,c20,0100,0100,1100,-0.008025016635656357,-5.013000011444092,5.004974994808435,0.9920091678180718,1,0
116,3,x0,1100,1100,0100,-0.0005611821543425322,-8.882923126220703,8.88236194406636,0.9995041170915675,1,0
116,4,c32,1100,1100,1110,-0.00011825334513559937,-9.875168800354004,9.875050547008868,0.9998861106166266,1,0
116,5,x0,0100,0100,1100,-0.00020526547450572252,-8.85096263885498,8.850757373380475,0.999803476050292,1,0
116,6,c01,0100,0100,0000,-2.2768839698983356e-05,-11.13292407989502,11.13290131105532,0.9999814616331425,1,0
116,7,s21,0010,0010,0000,-0.01118502952158451,-4.511321544647217,4.500136515125632,0.9889011768775404,1,0
116,8,t302,0010,0010,0110,-0.00068246218143031,-8.511898040771484,8.511215578590054,0.9997272745086404,1,0
117,1,s20,0111,1101,1101,-1.0469499826431274,-1.041479468345642,-0.0054705142974853516,0.35112687895043404,0,0
117,2,t032,0111,0111,1110,-0.008986346423625946,-6.762016773223877,6.753030426800251,0.9910973554880993,1,0
117,3,x3,0110,0110,0000,-0.0005050440086051822,-9.780343055725098,9.779838011716492,0.999737424497086,1,0
117,4,s32,0101,0101,0111,-0.0008030938333831728,-7.259343147277832,7.258540053444449,0.9992015079256381,1,0
117,5,t201,0101,0101,1101,-0.0001379216555505991,-9.63510799407959,9.63497007242404,0.999865652084651,1,0
117,6,s23,0110,0110,0101,-0.0002869141462724656,-8.500287055969238,8.500000141822966,0.9997157362941098,1,0
117,7,t231,0110,0110,0010,-0.00018929550424218178,-9.000362396240234,9.000173100735992,0.9998175546458614,1,0
117,8,s32,0101,0101,0110,-0.00033208151580765843,-8.264473915100098,8.26414183358429,0.9996704330013748,1,0
118,1,x2,1110,1110,1101,-0.1837407499551773,-3.0701663494110107,2.8864255994558334,0.8325321109870407,1,0
118,2,c23,1111,1111,1100,-0.001473194221034646,-7.638141632080078,7.6366684378590435,0.9985318357400623,1,0
118,3,s12,1111,1111,1011,-0.0019032920245081186,-6.626379013061523,6.624475721037015,0.9981016977208578,1,0
118,4,s01,1111,1111,0111,-0.004958632402122021,-5.401588439941406,5.396629807539284,0.9950813285487881,1,0
118,5,c03,1110,1110,1101,-0.00037155774771235883,-9.500654220581055,9.500282662833342,0.9997200259413136,1,0
118,6,t021,1010,1110,1110,-1.0538525581359863,-0.4287912845611572,-0.6250612735748291,0.34859309578292963,0,0
118,7,t032,1010,1010,1000,-0.0002324411616427824,-8.631120681762695,8.630888240601053,0.9997739455269397,1,0
118,8,x2,1000,1000,1010,-0.0005679982132278383,-7.5794572830200195,7.578889284806792,0.9994389860638856,1,0
119,1,c12,1101,1101,0000,-0.13500413298606873,-4.2551116943359375,4.120107561349869,0.8741700503522315,1,0
119,2,x2,1111,1111,1001,-0.007288647349923849,-5.509620189666748,5.502331542316824,0.9927521307597152,1,0
119,3,x0,0111,0111,0110,-0.0011772630969062448,-10.626177787780762,10.625000524683855,0.9999529099620619,1,0
119,4,c21,0011,0011,0111,-0.00048353782040067017,-7.829377174377441,7.828893636557041,0.9995220337428483,1,0
119,5,c02,0011,0011,1001,-6.615970778511837e-05,-10.0353422164917,10.035276056783914,0.9999362164387738,1,0
119,6,x1,0111,0111,0001,-2.5153069145744666e-05,-11.875367164611816,11.87534201154267,0.9999833202355104,1,0
119,7,t032,0111,0111,1111,-1.3709022823604755e-05,-12.02148723602295,12.021473527000126,0.9999887967201833,1,0
119,8,x1,0011,0011,1011,-0.0001773756230250001,-12.362188339233398,12.362010963610373,0.9999873317073247,1,0
120,1,x0,0001,0001,1001,-0.12823180854320526,-3.2319774627685547,3.1037456542253494,0.8798509587757332,1,0
120,2,c30,1001,1001,0001,-0.10292860120534897,-2.3545477390289307,2.2516191378235817,0.9022112504432523,1,0
120,3,t321,1001,1001,1101,-0.06216990202665329,-2.812285900115967,2.7501159980893135,0.939739077442282,1,0
120,4,s32,1010,1010,1001,-0.0008172103553079069,-7.375779151916504,7.374961941561196,0.9992056124416521,1,0
120,5,s03,0011,0011,1010,-0.012861611321568489,-4.442609786987305,4.429748175665736,0.9873443935809861,1,0
120,6,c30,1011,1011,0011,-0.16031873226165771,-1.9102821350097656,1.749963402748108,0.8519009300514898,1,0
120,7,t102,1011,1011,1001,-0.0002472254273016006,-8.750311851501465,8.750064626074163,0.9997577867524017,1,0
120,8,c21,1111,1111,1011,-0.0006622494547627866,-7.375638961791992,7.374976712337229,0.9993392136088959,1,0
121,1,c31,0110,0110,0010,-0.6013268828392029,-2.1391589641571045,1.5378320813179016,0.5484150186085494,1,0
121,2,x0,1110,1110,0110,-0.003874341957271099,-6.0061936378479,6.002319295890629,0.9964667924289178,1,0
121,3,s01,1110,1110,0110,-0.23562420904636383,-1.7257939577102661,1.4901697486639023,0.7905317276196377,1,0
121,4,c21,1010,1010,1110,-0.00025747076142579317,-8.52652359008789,8.526266119326465,0.9997464316595027,1,0
121,5,x1,1110,1110,1000,-0.00015818503743503243,-9.268328666687012,9.268170481649577,0.999859358389295,1,0
121,6,c32,1110,1110,1100,-0.00019012857228517532,-8.875199317932129,8.875009189359844,0.9998185402257418,1,0
121,7,s30,0111,0111,1110,-0.10084369033575058,-2.3919801712036133,2.2911364808678627,0.9041737524793634,1,0
121,8,t120,1111,1110,1110,-2.512685537338257,-0.1376856565475464,-2.3749998807907104,0.08106273136366397,0,0
122,1,t120,1011,1011,0011,-0.6052344441413879,-1.2258671522140503,0.6206327080726624,0.5462119839191121,1,0
122,2,c21,1111,1111,1011,-0.0021917284466326237,-6.627513885498047,6.625322157051414,0.9978148379861017,1,0
122,3,c23,1110,1110,1011,-0.0005886071594431996,-8.780563354492188,8.779974747332744,0.9994816198298703,1,0
122,4,t210,0110,1110,1110,-1.5022302865982056,-0.25217437744140625,-1.2500559091567993,0.22263348614944176,0,0
122,5,x1,0010,0010,0011,-0.00020371969731058925,-9.000203132629395,8.999999412932084,0.9998392286085226,1,0
122,6,c02,0010,0010,0000,-0.00011741673370124772,-10.90487003326416,10.904752616530459,0.9999577422850277,1,0
122,7,s31,0010,0010,0001,-0.002980412682518363,-6.878601551055908,6.87562113837339,0.9988964265596711,1,0
122,8,t312,0010,0010,1010,-8.308596443384886e-05,-11.138270378112793,11.13818729214836,0.9999785132248825,1,0
123,1,s32,0000,0000,0001,-0.26218223571777344,-2.5121822357177734,2.25,0.7697731024771881,1,0
123,2,x1,0100,0100,0010,-0.008421815931797028,-5.169153213500977,5.1607313975691795,0.9916348601522581,1,0
123,3,t103,0100,0100,1101,-0.0004977502394467592,-8.899796485900879,8.899298735661432,0.999518152131754,1,0
123,4,s02,0100,0100,1100,-0.000648302084300667,-7.38033390045166,7.3796855983673595,0.999351950322743,1,0
123,5,s21,0010,0010,0100,-0.03368771821260452,-3.40865421295166,3.3749664947390556,0.9668772453581829,1,0
123,6,x2,0000,0000,1000,-0.00016211843467317522,-9.754341125488281,9.754179007053608,0.9999211454782115,1,0
123,7,t012,0000,0000,1000,-0.00014029978774487972,-12.38632869720459,12.386188397416845,0.9999937186577628,1,0
123,8,x0,1000,1000,0000,-0.04873835667967796,-3.0487430095672607,3.000004652887583,0.9525739101445055,1,0
124,1,x2,1000,1000,1011,-0.1909705549478531,-2.7149736881256104,2.5240031331777573,0.8264726592406507,1,0
124,2,x1,1100,1100,1000,-0.004578245338052511,-5.730010986328125,5.7254327409900725,0.9954398638293822,1,0
124,3,s32,1100,1100,1101,-0.0020544964354485273,-6.252054691314697,6.250000194879249,0.997959712150888,1,0
124,4,x2,1110,1110,1000,-0.00019751665240619332,-9.578045845031738,9.577848328379332,0.9998045289342744,1,0
124,5,t213,1111,1111,1110,-0.0005855890922248363,-7.875585556030273,7.874999966938049,0.9994280535579847,1,0
124,6,c23,1110,1110,1111,-0.0004746252961922437,-8.000473976135254,7.999999350839062,0.9995456349404346,1,0
124,7,x0,0110,0110,1110,-0.00045149773359298706,-8.751052856445312,8.75060135871172,0.9997463156498085,1,0
124,8,c13,0111,0111,0011,-0.00011276802979409695,-9.672281265258789,9.672168497228995,0.9998886495523349,1,0
125,1,t032,1001,1001,0011,-0.29510706663131714,-2.7792563438415527,2.4841492772102356,0.7448271781422505,1,0
125,2,x2,1011,1011,1101,-0.06139250099658966,-3.945159435272217,3.883766934275627,0.9405321361431723,1,0
125,3,t103,1011,1011,1110,-0.0007005016086623073,-8.259448051452637,8.258747549843974,0.9993055101431514,1,0
125,4,c03,1010,1010,0011,-0.00018917940906248987,-9.383737564086914,9.383548384677852,0.9998291922756912,1,0
125,5,x1,1110,1110,1010,-9.834599040914327e-05,-10.432861328125,10.43276298213459,0.9999110149417189,1,0
125,6,t301,1110,1110,1010,-0.05509350821375847,-2.9300639629364014,2.874970454722643,0.9464016371988849,1,0
125,7,x2,1100,1100,1010,-0.00031109232804737985,-8.125431060791016,8.125119968462968,0.9996933319372212,1,0
125,8,c31,1100,1100,1000,-0.0005774158635176718,-7.500796318054199,7.5002189021906815,0.9994324391615615,1,0
126,1,s20,0011,0001,0001,-1.6089781522750854,-1.1009438037872314,-0.508034348487854,0.20017244817440108,0,0
126,2,t302,0011,0011,1001,-0.0029626761097460985,-7.425815105438232,7.422852429328486,0.997055504712772,1,0
126,3,c02,0011,0011,1001,-5.793458694824949e-05,-10.14079761505127,10.140739680464321,0.9999443153871266,1,0
126,4,t302,0011,0011,1011,-1.418584452039795e-05,-11.635356903076172,11.635342717231651,0.9999869165292329,1,0
126,5,t031,0011,0011,1011,-3.492804535198957e-05,-10.891128540039062,10.89109361199371,0.9999670073959536,1,0
126,6,c32,0001,0001,0011,-0.0003670084406621754,-8.250386238098145,8.250019229657482,0.9996479221985837,1,0
126,7,x1,0101,0101,0001,-5.209391383687034e-05,-10.529329299926758,10.529277206012921,0.9999633280776307,1,0
126,8,x0,1101,1101,0101,-0.0327073335647583,-5.407740116119385,5.3750327825546265,0.9953465934043968,1,0
127,1,s31,1111,1111,1010,-0.5369435548782349,-1.6961898803710938,1.1592463254928589,0.5845501684560904,1,0
127,2,c30,0111,0111,1111,-0.08226178586483002,-2.83504056930542,2.75277878344059,0.9210733014790117,1,0
127,3,t231,0011,0011,0111,-0.00044304667972028255,-8.127995491027832,8.127552444348112,0.999587087632436,1,0
127,4,s32,0011,0011,0001,-0.0011044403072446585,-7.375755310058594,7.374650869751349,0.9989132152575303,1,0
127,5,c13,0011,0011,1010,-0.00011121848365291953,-9.899158477783203,9.89904725929955,0.9998902045213239,1,0
127,6,c10,0011,0011,1011,-3.7073819839861244e-05,-11.000041007995605,11.000003934175766,0.9999670169209002,1,0
127,7,c32,0001,0001,0011,-0.0011305087246000767,-7.00121545791626,7.00008494919166,0.9988815763648062,1,0
127,8,s20,0001,0001,1001,-0.002396924654021859,-6.12723970413208,6.124842779478058,0.9976067031018745,1,0
128,1,c03,1111,1111,1100,-0.21393856406211853,-2.839916229248047,2.6259776651859283,0.8075888586092703,1,0
128,2,x3,1110,1110,0000,-0.012622898444533348,-6.684072017669678,6.671449119225144,0.9914815296704609,1,0
128,3,c23,1111,1111,1110,-0.0009772420162335038,-7.250977039337158,7.249999797320925,0.9990256322417562,1,0
128,4,x0,0111,0111,1111,-0.000979410600848496,-7.63696813583374,7.635988725232892,0.9993891023134032,1,0
128,5,s03,1110,1110,1111,-0.005083034746348858,-5.380082607269287,5.374999572522938,0.9951721575088225,1,0
128,6,x1,1010,1010,1011,-0.00020001697703264654,-8.625200271606445,8.625000254629413,0.9998083517248724,1,0
128,7,c10,1010,1010,0010,-0.0009147002128884196,-7.379387378692627,7.3784726784797385,0.9990864477787017,1,0
128,8,s13,1010,1010,0111,-0.003596036694943905,-5.885151386260986,5.881555349566042,0.9964570145277806,1,0
129,1,t123,0000,0000,0001,-0.1130639910697937,-3.6130640506744385,3.5000000596046448,0.8938172109811899,1,0
129,2,t013,0000,0000,0100,-0.0014341373462229967,-7.274170875549316,7.272736738203093,0.9985678055919769,1,0
129,3,c30,0000,0000,1000,-0.00019882491324096918,-8.625200271606445,8.625001446693204,0.9998010140197515,1,0
129,4,x1,0100,0100,0010,-0.0009879457065835595,-7.0038652420043945,7.002877296297811,0.9990614751168325,1,0
129,5,c10,1100,1100,0100,-0.00677601108327508,-5.3817949295043945,5.3750189184211195,0.9953675820582565,1,0
129,6,s10,1100,1100,0100,-0.0012335286010056734,-7.392239093780518,7.391005565179512,0.9987686674611672,1,0
129,7,t320,1100,1100,0100,-0.00026260659797117114,-9.251418113708496,9.251155507110525,0.9997484470499806,1,0
129,8,s30,0101,0101,1100,-0.25661253929138184,-1.5033878087997437,1.2467752695083618,0.7746278081675854,1,0
130,1,t103,1000,1000,0000,-0.13070744276046753,-4.14716911315918,4.016461670398712,0.8827134894553463,1,0
130,2,t120,1000,1000,0000,-0.0015182517236098647,-7.360541343688965,7.359023091965355,0.9985451018419353,1,0
130,3,s30,0001,0001,0000,-0.06457272171974182,-2.814572811126709,2.750000089406967,0.9375043825757773,1,0
130,4,c12,0001,0001,1001,-0.0029132256750017405,-9.916495323181152,9.91358209750615,0.9999265339900806,1,0
130,5,t021,0001,0001,1001,-0.00010668887261999771,-9.512673377990723,9.512566689118103,0.9999001123550951,1,0
130,6,s32,0010,0010,0001,-0.0006075201090425253,-7.875607490539551,7.874999970430508,0.9994157359791982,1,0
130,7,x1,0110,0110,0010,-0.002884853398427367,-5.88772439956665,5.884839546168223,0.997127359303536,1,0
130,8,c13,0111,0111,1111,-8.666409848956391e-05,-10.409716606140137,10.409629942041647,0.9999191887228808,1,0
131,1,c12,0010,0010,0000,-0.541953980922699,-1.6244760751724243,1.0825220942497253,0.5818449841295363,1,0
131,2,c20,1010,1010,0010,-0.16084720194339752,-1.9118657112121582,1.7510185092687607,0.8514325328670194,1,0
131,3,x0,0010,0010,1010,-0.0028514782898128033,-5.93325138092041,5.930399902630597,0.9971540537363153,1,0
131,4,x1,0110,0110,0000,-0.00019990099826827645,-8.750325202941895,8.750125301943626,0.9998102746446539,1,0
131,5,t031,0110,0110,1110,-4.970984809915535e-05,-10.897367477416992,10.897317767568893,0.9999538559650647,1,0
131,6,c30,0110,0110,1110,-0.00011789319250965491,-9.250185012817383,9.250067119624873,0.9998821114028091,1,0
131,7,c21,0010,0010,0110,-2.8371679945848882e-05,-11.252203941345215,11.252175569665269,0.9999745506365636,1,0
131,8,s30,0010,0010,1010,-0.01611621119081974,-4.143833637237549,4.127717426046729,0.984065944970644,1,0
132,1,c01,1001,1001,0101,-0.12420892715454102,-3.2546064853668213,3.1303975582122803,0.8833581961596398,1,0
132,2,x1,1101,1101,0001,-0.0004539932415354997,-9.252298355102539,9.251844361861004,0.9995498820437482,1,0
132,3,c23,1101,1101,1100,-0.001558129210025072,-6.626558303833008,6.625000174622983,0.9984485298246563,1,0
132,4,x2,1111,1111,1001,-0.00018810202891472727,-8.875261306762695,8.87507320473378,0.9998226140905405,1,0
132,5,x0,0111,0111,1011,-0.00507437065243721,-9.969308853149414,9.964234482496977,0.999926095824132,1,0
132,6,s23,0111,0111,0011,-8.702128252480179e-05,-10.200328826904297,10.200241805621772,0.9999167123322789,1,0
132,7,x0,1111,1111,0111,-0.009321846999228,-4.884420871734619,4.875099024735391,0.9923984816467464,1,0
132,8,t120,0111,0111,1111,-0.34845811128616333,-1.2236173152923584,0.8751592040061951,0.7057760129679339,1,0
133,1,s20,0101,0101,1110,-0.9104058742523193,-1.576518177986145,0.6661123037338257,0.4024333064728515,1,0
133,2,s21,0011,0011,0101,-0.12770847976207733,-2.1280641555786133,2.000355675816536,0.8801326457513488,1,0
133,3,s31,0110,0110,0011,-0.0008773242589086294,-7.625821590423584,7.624944266164675,0.9992316021085427,1,0
133,4,x1,0010,0010,1000,-0.00817752443253994,-9.585336685180664,9.577159160748124,0.9996349431180724,1,0
133,5,t213,0010,0010,1010,-0.0004151497851125896,-9.65632152557373,9.655906375788618,0.999776100585147,1,0
133,6,t203,0010,0010,1010,-1.0251977982989047e-05,-12.75102710723877,12.751016855260787,0.9999912398592489,1,0
133,7,t321,0010,0010,0110,-4.732553497888148e-05,-11.125096321105957,11.125048995570978,0.9999677645241347,1,0
133,8,s30,0010,0010,1010,-0.00058658019406721,-7.508195877075195,7.507609296881128,0.9994401165942668,1,0
134,1,t012,0001,0001,0101,-0.13585738837718964,-4.0496907234191895,3.913833335042,0.8734566596233829,1,0
134,2,s02,0001,0001,1001,-0.029957912862300873,-3.529839277267456,3.499881364405155,0.9704877872193493,1,0
134,3,x3,0000,0000,1000,-0.0008672256954014301,-7.890618801116943,7.889751575421542,0.9991467551847885,1,0
134,4,t012,0000,0000,0001,-0.00014971898053772748,-9.00014877319336,8.999999054212822,0.9998621916456382,1,0
134,5,s10,0000,0000,0001,-0.0001600913528818637,-9.125160217285156,9.125000125932274,0.9998420980584317,1,0
134,6,t213,0000,0000,1000,-0.0002469841274432838,-9.33156681060791,9.331319826480467,0.9998320331087621,1,0
134,7,t201,0000,0000,1000,-9.631775174057111e-05,-10.419014930725098,10.418918612973357,0.999953298611737,1,0
134,8,t310,0000,0000,1000,-2.777557892841287e-05,-11.00004768371582,11.000019908136892,0.9999725853134138,1,0
135,1,t012,0001,0001,0101,-0.11843018233776093,-4.007856845855713,3.889426663517952,0.8887913489919271,1,0
135,2,x0,1001,1001,0001,-0.005706485826522112,-5.256962776184082,5.25125629035756,0.9944427492737565,1,0
135,3,x1,1101,1101,1011,-0.00016104606038425118,-9.251786231994629,9.251625185934245,0.9998487219141468,1,0
135,4,c31,1001,1001,0101,-0.005460856482386589,-8.993606567382812,8.988145710900426,0.9997742562179801,1,0
135,5,s03,1001,1001,0001,-0.00017260501044802368,-8.898398399353027,8.89822579434258,0.9998275620058613,1,0
135,6,t320,1001,1001,0001,-6.675598706351593e-05,-10.000651359558105,10.000584603571042,0.9999341466672418,1,0
135,7,s32,1010,1010,1001,-0.00039538030978292227,-8.375391960144043,8.37499657983426,0.9996625369182753,1,0
135,8,s21,1100,1100,1110,-0.007496066857129335,-5.00716495513916,4.999668888282031,0.9927548387281435,1,0
136,1,t210,1100,1100,0100,-0.3602353036403656,-1.831188440322876,1.4709531366825104,0.6978030201638564,1,0
136,2,x0,0100,0100,0101,-0.003423510119318962,-8.878423690795898,8.87500018067658,0.9996539840935311,1,0
136,3,t301,0100,0100,1100,-9.083589975489303e-05,-10.196337699890137,10.196246863990382,0.9999108904221766,1,0
136,4,s01,1000,1000,0100,-0.004596368409693241,-5.5041093826293945,5.499513014219701,0.9958922556677655,1,0
136,5,t320,1000,1000,1001,-6.520678289234638e-05,-11.000064849853516,10.999999643070623,0.999955546376377,1,0
136,6,s23,1000,1000,1010,-0.00048427717410959303,-9.000480651855469,8.99999637468136,0.9998178388867671,1,0
136,7,c20,1000,1000,0000,-0.00017522463167551905,-8.752196311950684,8.752021087319008,0.9998276936085487,1,0
136,8,s30,0001,0001,1000,-0.01005510427057743,-4.8833136558532715,4.873258551582694,0.9922067401597479,1,0
137,1,t032,1010,1010,1000,-0.7797873616218567,-1.2884494066238403,0.5086620450019836,0.45878112889464745,1,0
137,2,x3,1011,1011,0011,-0.004305792506784201,-7.5291242599487305,7.524818467441946,0.9957256731800815,1,0
137,3,x3,1010,1010,1110,-0.0005383568350225687,-10.259117126464844,10.258578769629821,0.999927207326142,1,0
137,4,c23,1011,1011,1010,-0.0005574215902015567,-7.6255574226379395,7.625000001047738,0.9994463519410643,1,0
137,5,x2,1001,1001,1111,-0.0006032402743585408,-10.004655838012695,10.004052597738337,0.9998765544617685,1,0
137,6,c23,1001,1001,1011,-0.0036116321571171284,-5.628839492797852,5.625227860640734,0.9963962630483658,1,0
137,7,t210,1001,1001,1101,-0.00018476819968782365,-9.25177001953125,9.251585251331562,0.9998217255308105,1,0
137,8,t210,1001,1001,1000,-9.620050695957616e-05,-10.125096321105957,10.125000120598997,0.9999046618241384,1,0
138,1,c21,1011,1011,0111,-0.08745613694190979,-3.8610308170318604,3.7735746800899506,0.9164751285467965,1,0
138,2,x3,1010,1010,0010,-0.012105538509786129,-6.551069736480713,6.538964197970927,0.9887294337378415,1,0
138,3,t321,1010,1010,1110,-0.03843236342072487,-3.2882003784179688,3.249768014997244,0.9623020122658049,1,0
138,4,t201,1110,1110,1010,-0.1801842451095581,-1.8049579858779907,1.6247737407684326,0.8351196602494388,1,0
138,5,x2,1100,1100,1010,-0.0003797436074819416,-8.00049114227295,8.000111398665467,0.9996237072046079,1,0
138,6,t023,1100,1100,1101,-0.0005856714560650289,-7.625585556030273,7.624999884574208,0.999421471043998,1,0
138,7,c32,1100,1100,1110,-0.00013041103375144303,-9.750129699707031,9.74999928867328,0.999871434279402,1,0
138,8,x3,1101,1101,1001,-0.00010263456351822242,-9.95576286315918,9.955660228595661,0.9998976671857591,1,0
139,1,s13,1001,1001,1100,-0.4445359706878662,-2.0598607063293457,1.6153247356414795,0.641225510709913,1,0
139,2,t312,1001,1001,1011,-0.09823287278413773,-3.6266133785247803,3.5283805057406425,0.9073381612392007,1,0
139,3,s21,1001,1001,1101,-0.00329990079626441,-6.004175662994385,6.00087576219812,0.9972598973415977,1,0
139,4,x2,1011,1011,1001,-0.0001677210530033335,-10.000168800354004,10.000001079301,0.9998898855266448,1,0
139,5,c23,1010,1010,1011,-0.0022989229764789343,-6.127298831939697,6.124999908963218,0.9977167479144023,1,0
139,6,c30,1010,1010,0010,-0.4748360514640808,-0.9745386838912964,0.4997026324272156,0.6219923312839399,1,0
139,7,x0,0010,0010,1010,-0.0005305857048369944,-9.189637184143066,9.18910659843823,0.9998847100592484,1,0
139,8,t231,0010,0010,0110,-0.003123240312561393,-6.252472877502441,6.24934963718988,0.996883459382036,1,0
140,1,c13,0110,0110,1110,-0.20639586448669434,-3.8592934608459473,3.652897596359253,0.8139046039343037,1,0
140,2,x0,1110,1110,0110,-0.20409049093723297,-1.7141386270523071,1.5100481361150742,0.8154102918638138,1,0
140,3,s23,1101,1101,1100,-0.0008308874676004052,-7.75083065032959,7.749999762861989,0.999193682535954,1,0
140,4,s32,1110,1110,1101,-0.2520405352115631,-1.507269024848938,1.2552284896373749,0.7772178116828783,1,0
140,5,t230,1110,1110,0110,-0.12728631496429443,-2.1271986961364746,1.9999123811721802,0.8804904051327153,1,0
140,6,t231,1110,1110,1010,-0.004831821192055941,-5.38131856918335,5.376486747991294,0.9951811880313672,1,0
140,7,s03,0111,0111,0011,-0.0020057919900864363,-6.38120698928833,6.379201197298244,0.9980933720950818,1,0
140,8,x2,0101,0101,0011,-0.0016270267078652978,-6.501773357391357,6.500146330683492,0.9984067639158715,1,0
141,1,x2,1000,1000,1011,-0.19153985381126404,-2.978759765625,2.787219911813736,0.8260291522849278,1,0
141,2,x2,1010,1010,1100,-0.0012558745220303535,-7.530799865722656,7.529543991200626,0.9987472514318185,1,0
141,3,s01,0110,0110,1110,-0.011191807687282562,-4.5238776206970215,4.512685813009739,0.9889561177492272,1,0
141,4,s02,1100,0110,0110,-1.1369918584823608,-0.3876321017742157,-0.7493597567081451,0.32078418075248427,0,0
141,5,s31,1001,1001,1000,-0.001262948615476489,-8.251262664794922,8.249999716179445,0.9995264667493566,1,0
141,6,t132,1001,1001,1101,-0.007001720368862152,-5.211081027984619,5.204079307615757,0.9930288763121378,1,0
141,7,t201,1001,1001,1101,-0.00533174118027091,-5.255301475524902,5.249969734344631,0.9946856864747409,1,0
141,8,s02,0011,0011,0101,-0.01785115897655487,-4.5206499099731445,4.50279875099659,0.9823199243074703,1,0
142,1,x1,0000,0000,0100,-0.4460147023200989,-2.0919907093048096,1.6459760069847107,0.6408146897341905,1,0
142,2,s13,0000,0000,0100,-0.047413419932127,-3.177614450454712,3.130201030522585,0.9537211890956274,1,0
142,3,t201,0000,0000,0100,-0.0005617736605927348,-8.982697486877441,8.982135713216849,0.9994553420121395,1,0
142,4,t321,0000,0000,1000,-8.463602716801688e-05,-10.913095474243164,10.913010838215996,0.9999510463569037,1,0
142,5,s01,0000,0000,0100,-9.77514537225943e-06,-12.875007629394531,12.874997854249159,0.9999930361098577,1,0
142,6,t123,0000,0000,1000,-8.475511276628822e-05,-10.023242950439453,10.023158195326687,0.9999425793116029,1,0
142,7,t012,0000,0000,1000,-8.213191176764667e-05,-11.375553131103516,11.375470999191748,0.9999875848151869,1,0
142,8,s23,0000,0000,0010,-6.806678720749915e-05,-9.750069618225098,9.75000155143789,0.9999323682042233,1,0
143,1,s01,0001,0001,1001,-0.3959759473800659,-2.579314947128296,2.18333899974823,0.6733472791236538,1,0
143,2,s20,0001,0001,1001,-0.06424283236265182,-2.8120193481445312,2.7477765157818794,0.9377779876567421,1,0
143,3,t130,0001,0001,1001,-0.003199408296495676,-5.7535247802734375,5.750325371976942,0.9968064840078545,1,0
143,4,s10,0001,0001,1001,-0.0004565189592540264,-8.125307083129883,8.124850564170629,0.9995462038593695,1,0
143,5,x1,0101,0101,0011,-0.00015627789252903312,-9.87524127960205,9.875085001709522,0.9999148746437251,1,0
143,6,x2,0111,0111,0001,-0.00016140125808306038,-9.002341270446777,9.002179869188694,0.9998478968964005,1,0
143,7,t021,0111,0111,1111,-0.0008829956059344113,-7.1772356033325195,7.176352607726585,0.9991429874085948,1,0
143,8,x1,0011,0011,1111,-9.488750947639346e-05,-12.113218307495117,12.11312341998564,0.9999866788355858,1,0
144,1,c01,0111,0111,0011,-0.22466769814491272,-3.8055529594421387,3.580885261297226,0.7993080319412577,1,0
144,2,x0,1111,1111,0111,-0.0011397100752219558,-7.301407814025879,7.300268103950657,0.9988637375469599,1,0
144,3,c23,1110,1110,1101,-0.00044127731234766543,-8.648502349853516,8.648061072541168,0.9997022056481707,1,0
144,4,t120,0110,1110,1110,-2.127272129058838,-0.12766653299331665,-1.9996055960655212,0.11916224614468954,0,0
144,5,x3,0111,0111,0011,-0.0007322208257392049,-8.425925254821777,8.425193033996038,0.9992748309235931,1,0
144,6,s12,0111,0111,0110,-0.009935781359672546,-4.63493537902832,4.624999597668648,0.990223057066584,1,0
144,7,c21,0011,0011,0101,-0.00021146785002201796,-9.82671070098877,9.826499233138748,0.9998078656085613,1,0
144,8,s03,1010,1010,0011,-0.0009301546378992498,-7.2507243156433105,7.249794161005411,0.9990760659255219,1,0
145,1,t203,0110,0110,0111,-0.5990293025970459,-1.099029302597046,0.5,0.5497214694983075,1,0
145,2,t102,0110,0110,1100,-0.0028961696662008762,-7.201157569885254,7.198261400219053,0.9971130834883317,1,0
145,3,t301,0110,0110,1110,-8.916667138691992e-05,-11.081964492797852,11.081875326126465,0.9999138694602692,1,0
145,4,s31,0011,0011,0110,-0.0020106800366193056,-6.7534027099609375,6.751392029924318,0.9982005756972173,1,0
145,5,x3,0010,0010,0001,-0.00016021120245568454,-9.23621654510498,9.236056333902525,0.9998600185989298,1,0
145,6,s21,0100,0100,0010,-0.0008416963391937315,-7.7508087158203125,7.749967019481119,0.9995425658324875,1,0
145,7,c20,0100,0100,1100,-0.0005383727257139981,-7.750722885131836,7.750184512406122,0.9994637151691599,1,0
145,8,c12,0110,0110,0100,-0.00032518463558517396,-9.000335693359375,9.00001050872379,0.9997501212628557,1,0
146,1,x1,0111,0111,0000,-0.1303015947341919,-3.410155773162842,3.27985417842865,0.878123203905107,1,0
146,2,t012,0111,0111,1101,-0.00586329773068428,-6.360709190368652,6.354845892637968,0.9950745092548503,1,0
146,3,x2,0101,0101,0011,-0.0003281629760749638,-8.625381469726562,8.625053306750488,0.9997012071657368,1,0
146,4,s12,0011,0101,0101,-2.694985866546631,-0.07006770372390747,-2.6249181628227234,0.0675441799731002,0,0
146,5,x0,1011,1011,0011,-0.004526067059487104,-9.004576683044434,9.000050615984946,0.9998382478029111,1,0
146,6,t123,1011,1011,1010,-0.0006069726659916341,-9.750606536865234,9.749999564199243,0.9999043601822548,1,0
146,7,x0,0011,0011,1111,-0.0008422202081419528,-9.351264953613281,9.35042273340514,0.9998867181583561,1,0
146,8,s02,1001,1001,0011,-0.007730680983513594,-4.882614612579346,4.874883931595832,0.9923078830007966,1,0
147,1,x2,1010,1010,1100,-0.11901073157787323,-4.396603107452393,4.277592375874519,0.888474084386192,1,0
147,2,x3,1011,1011,1111,-0.00117190508171916,-8.237139701843262,8.235967796761543,0.9988402507211733,1,0
147,3,x0,0011,0011,1011,-0.00208491925150156,-6.379804611206055,6.377719691954553,0.998100392424529,1,0
147,4,t230,1011,1011,0011,-0.07935623824596405,-2.579758405685425,2.5004021674394608,0.923821932266444,1,0
147,5,s12,1101,1101,1111,-0.002049506176263094,-6.851002216339111,6.848952710162848,0.9981849269550099,1,0
147,6,s13,1101,1101,1001,-0.015234503895044327,-4.511144638061523,4.495910134166479,0.9848877525296598,1,0
147,7,s31,1101,1101,1001,-0.001756767276674509,-6.376820087432861,6.375063320156187,0.9982722890663372,1,0
147,8,s12,1011,1011,1101,-0.0003190792922396213,-8.125322341918945,8.125003262626706,0.9996956653423222,1,0
148,1,s12,0000,0000,0100,-0.31466883420944214,-2.2037434577941895,1.8890746235847473,0.7303145571026264,1,0
148,2,s01,0000,0000,0001,-0.0009900967124849558,-7.625990390777588,7.625000294065103,0.9990106654290039,1,0
148,3,t031,0000,0000,1000,-0.00020108754688408226,-9.526172637939453,9.525971550392569,0.9998680126089784,1,0
148,4,s01,0000,0000,1000,-9.179098924505524e-06,-12.375041961669922,12.375032782570997,0.9999907147767406,1,0
148,5,x3,0001,0001,0010,-4.839852772420272e-05,-11.125053405761719,11.125005007233995,0.9999618172482525,1,0
148,6,s10,0001,0001,0000,-0.00010323265451006591,-9.625102996826172,9.624999764171662,0.9999020693785254,1,0
148,7,t320,0001,0001,1001,-0.0003830783534795046,-8.000544548034668,8.000161469681188,0.9996279833975246,1,0
148,8,t301,0001,0001,0000,-5.4001284297555685e-05,-10.500054359436035,10.500000358151738,0.9999464273214973,1,0
149,1,c30,0100,0100,1100,-0.6824033856391907,-0.9648382067680359,0.2824348211288452,0.5057521001185442,1,0
149,2,x1,0000,0000,1000,-0.001070689526386559,-8.540936470031738,8.539865780505352,0.9993255818694893,1,0
149,3,c21,0000,0000,1000,-0.00033563925535418093,-8.581582069396973,8.581246430141618,0.9997626855391742,1,0
149,4,t301,0000,0000,1000,-2.455694630043581e-05,-11.627237319946289,11.627212762999989,0.9999813097864976,1,0
149,5,x2,0010,0010,0000,-3.5047196433879435e-05,-11.625059127807617,11.625024080611183,0.999982317541528,1,0
149,6,c23,0011,0011,0010,-0.020618900656700134,-3.8956186771392822,3.874999776482582,0.9796003113395483,1,0
149,7,x2,0001,0001,0000,-8.010708552319556e-05,-11.937580108642578,11.937500001557055,0.9999819662345413,1,0
149,8,c32,0011,0011,0001,-0.0003050189116038382,-8.25041389465332,8.250108875741716,0.9997081694502722,1,0
150,1,s20,0011,0011,1001,-0.9251474738121033,-1.3119151592254639,0.3867676854133606,0.3967432594303472,1,0
150,2,c32,0001,0001,0111,-0.0697692334651947,-3.3068289756774902,3.2370597422122955,0.932661321908342,1,0
150,3,t120,0001,0001,1001,-0.0008558986010029912,-7.251886367797852,7.251030469196849,0.9991539581985439,1,0
150,4,x0,1001,1001,1000,-0.012565426528453827,-7.1375651359558105,7.124999709427357,0.9988332461892242,1,0
150,5,c30,0001,0001,0101,-0.10051655024290085,-2.3504035472869873,2.2498869970440865,0.904383929568632,1,0
150,6,x1,0101,0101,0100,-0.0002100372948916629,-9.12520980834961,9.124999771054718,0.9997972445951386,1,0
150,7,c20,0101,0101,1101,-0.023298494517803192,-3.773379325866699,3.750080831348896,0.9769709773502309,1,0
150,8,s02,0101,0101,1101,-0.5759809017181396,-1.0555341243743896,0.47955322265625,0.5622339458168184,1,0
151,1,s31,1110,1110,1011,-0.3697197139263153,-1.6397864818572998,1.2700667679309845,0.6909517559691536,1,0
151,2,s32,1101,1101,1011,-0.035792671144008636,-5.010059833526611,4.974267162382603,0.9649010672225496,1,0
151,3,t301,1001,1001,1101,-0.1553613245487213,-2.0389270782470703,1.883565753698349,0.8561236237866111,1,0
151,4,s20,0011,0011,1001,-0.007803101558238268,-5.269583225250244,5.261780123692006,0.9922542950942049,1,0
151,5,x3,0010,0010,1010,-0.0010618648957461119,-8.427029609680176,8.42596774478443,0.9992186594778402,1,0
151,6,s12,0100,0100,0010,-0.0041198632679879665,-5.6288676261901855,5.624747762922198,0.9961078448025834,1,0
151,7,t130,0100,0100,0101,-0.0007579313823953271,-7.750757694244385,7.749999762861989,0.9992484600691649,1,0
151,8,c32,0100,0100,0110,-0.0004811729886569083,-7.875481605529785,7.875000432541128,0.9995203756346551,1,0
152,1,t132,1000,1000,1010,-0.12617716193199158,-3.782374858856201,3.6561976969242096,0.8822045224389177,1,0
152,2,c03,1001,1001,0001,-0.0022425176575779915,-7.827452659606934,7.825210141949356,0.9977878086212896,1,0
152,3,x1,1101,1101,1100,-0.0001000147603917867,-10.375100135803223,10.37500012104283,0.9999410904167374,1,0
152,4,t321,1101,1101,1001,-0.00020919591770507395,-8.625246047973633,8.625036852055928,0.9997968825789779,1,0
152,5,c02,1111,1111,1001,-7.235899829538539e-05,-10.204496383666992,10.204424024668697,0.9999357648896027,1,0
152,6,s21,1111,1111,1011,-0.0005837633507326245,-9.375575065612793,9.37499130226206,0.9999057977719551,1,0
152,7,t032,1101,1101,1011,-0.00027820729883387685,-8.375798225402832,8.375520018103998,0.9997234683189863,1,0
152,8,x3,1100,1100,1001,-0.00010013337305281311,-10.440750122070312,10.44064998869726,0.9999024938042499,1,0
153,1,s32,0111,0110,0110,-1.775377631187439,-0.900377631187439,-0.875,0.1694529407540596,0,0
153,2,s10,1011,1011,0111,-0.029500409960746765,-3.6694960594177246,3.639995649456978,0.9710953588470063,1,0
153,3,s12,1101,1101,1110,-0.006983081344515085,-5.677260875701904,5.670277794357389,0.9934911613930073,1,0
153,4,x3,1100,1100,1001,-0.006075942888855934,-5.808475494384766,5.80239955149591,0.9940141384630266,1,0
153,5,t102,1110,1110,1100,-0.38749459385871887,-1.1380707025527954,0.7505761086940765,0.6787724162860731,1,0
153,6,s30,0111,0111,1110,-0.011638215743005276,-4.770224571228027,4.758586355485022,0.9884345440170407,1,0
153,7,s21,0111,0111,0110,-0.000533979560714215,-7.8755340576171875,7.875000078056473,0.999503812131269,1,0
153,8,s12,0111,0111,0110,-0.0003088548837695271,-8.875308990478516,8.875000135594746,0.999723031098565,1,0
154,1,x0,1000,1000,0000,-0.7224947810173035,-1.294435977935791,0.5719411969184875,0.4862442278281275,1,0
154,2,s32,1000,1000,1001,-0.003979114815592766,-7.003978729248047,6.999999614432454,0.9960312276038435,1,0
154,3,x2,1010,1010,1000,-0.0004138366784900427,-8.523548126220703,8.523134289542213,0.9995883687350616,1,0
154,4,t021,1110,1110,1010,-0.07899235188961029,-2.578921318054199,2.499928966164589,0.9240502735759919,1,0
154,5,c02,1100,1100,1010,-0.00019477175374049693,-8.625444412231445,8.625249640477705,0.9998054972886352,1,0
154,6,t203,1100,1100,1101,-0.020711885765194893,-3.895711660385132,3.874999774619937,0.9795073967352387,1,0
154,7,s31,1001,1001,1100,-0.016867948696017265,-4.1410603523254395,4.124192403629422,0.9832848148733393,1,0
154,8,c20,1001,1001,1101,-0.002162918681278825,-6.502163887023926,6.500000968342647,0.9978398312095166,1,0
155,1,c32,1010,1000,1000,-1.6049113273620605,-0.6637186408042908,-0.9411926865577698,0.20098012629568462,0,0
155,2,s20,1010,1010,0010,-0.1279134601354599,-2.1704134941101074,2.0425000339746475,0.8799405050041738,1,0
155,3,c12,1010,1010,1000,-6.925937486812472e-05,-11.429043769836426,11.428974510461558,0.9999460443478504,1,0
155,4,x1,1110,1110,1000,-0.00014411966549232602,-9.663207054138184,9.663062934472691,0.9999054501860337,1,0
155,5,x1,1010,1010,0110,-7.831837865523994e-05,-12.296031951904297,12.295953633525642,0.9999688036650574,1,0
155,6,c23,1011,1011,1010,-0.006970668211579323,-5.006970405578613,4.999999737367034,0.9930624523742477,1,0
155,7,x3,1010,1010,1001,-3.111343539785594e-05,-11.062533378601074,11.062502265165676,0.9999782313421227,1,0
155,8,c32,1010,1010,1000,-9.977645822800696e-05,-10.125246047973633,10.125146271515405,0.9999020861424837,1,0
156,1,s32,0010,0010,0001,-0.11970855295658112,-3.4388837814331055,3.3191752284765244,0.8872834380358433,1,0
156,2,c32,0010,0010,0000,-0.07742366939783096,-3.4938292503356934,3.4164055809378624,0.9255572526192543,1,0
156,3,x0,1010,1010,0010,-0.0036762829404324293,-6.003926753997803,6.00025047105737,0.9974398172878481,1,0
156,4,c10,1010,1010,1110,-0.00034878827864304185,-9.004335403442383,9.00398661516374,0.9996518610033563,1,0
156,5,t021,1110,1110,1010,-0.1429777294397354,-2.0179574489593506,1.8749797195196152,0.8667769340703522,1,0
156,6,s31,1011,1011,1110,-0.2849986255168915,-1.4480029344558716,1.16300430893898,0.7521338867880887,1,0
156,7,x3,1010,1010,1001,-0.0004375771968625486,-8.375312805175781,8.374875227978919,0.9996686108706789,1,0
156,8,x1,1110,1110,1000,-0.00027367030270397663,-8.339591026306152,8.339317356003448,0.9997311635206201,1,0
157,1,x1,0101,0101,0011,-0.2206307351589203,-2.262068271636963,2.0414375364780426,0.8022968481396385,1,0
157,2,c12,0111,0111,1111,-0.008626837283372879,-5.662484169006348,5.653857331722975,0.9914335459867484,1,0
157,3,c03,0111,0111,1110,-0.0018727544229477644,-7.177413463592529,7.1755407091695815,0.9981312874382907,1,0
157,4,x3,0110,0110,0000,-0.0007956663030199707,-9.770398139953613,9.769602473650593,0.999779673647109,1,0
157,5,c23,0111,0111,0110,-0.0006598648033104837,-7.375659465789795,7.374999600986484,0.9993477724271518,1,0
157,6,x2,0101,0101,0011,-7.60540206101723e-05,-9.879305839538574,9.879229785517964,0.9999288912483796,1,0
157,7,t203,0101,0101,0111,-0.0001950175064848736,-9.006896018981934,9.006701001475449,0.9998076077830281,1,0
157,8,s30,1100,1100,1101,-0.0005128636839799583,-7.750512599945068,7.749999736261088,0.9994991626181724,1,0
158,1,x0,1101,1101,0101,-0.39653342962265015,-2.10650897026062,1.70997554063797,0.6731624573440234,1,0
158,2,c01,1001,1001,0101,-0.004177465569227934,-5.844422817230225,5.840245351660997,0.995840580178913,1,0
158,3,t201,1001,1001,1101,-0.009809313341975212,-4.634803771972656,4.624994458630681,0.9902389396447976,1,0
158,4,c30,0001,0001,0101,-0.03560442849993706,-3.4105966091156006,3.3749921806156635,0.9650223632584962,1,0
158,5,t213,0001,0001,1001,-7.879637996666133e-05,-10.596654891967773,10.596576095587807,0.9999313144060933,1,0
158,6,t013,0001,0001,1001,-9.05989327293355e-06,-12.632771492004395,12.632762432111122,0.9999911560704579,1,0
158,7,x0,1001,1001,0001,-0.007268811110407114,-9.132331848144531,9.125063037034124,0.9998689353311793,1,0
158,8,x0,0001,0001,1001,-5.364353637560271e-05,-10.945191383361816,10.94513773982544,0.999959903890688,1,0
159,1,s01,0100,0100,1000,-0.6048175096511841,-1.414613127708435,0.809795618057251,0.5462506616069385,1,0
159,2,c12,0110,0110,0000,-0.012929974123835564,-5.861743927001953,5.848813952878118,0.9873236922048411,1,0
159,3,x1,0010,0010,1110,-0.0007636264781467617,-8.917022705078125,8.916259078599978,0.9995394603144554,1,0
159,4,s10,0010,0010,0110,-0.00015055687981657684,-9.5161771774292,9.516026620549383,0.999886455427347,1,0
159,5,c10,0010,0010,1010,-0.00011396085028536618,-9.500500679016113,9.500386718165828,0.9998871383154354,1,0
159,6,x2,0000,0000,0110,-3.755070429178886e-05,-11.004650115966797,11.004612565262505,0.9999649001356447,1,0
159,7,t302,0000,0000,1000,-5.698057066183537e-05,-10.988283157348633,10.988226176777971,0.9999783704631205,1,0
159,8,t013,0000,0000,1000,-4.9470847443444654e-05,-11.902050018310547,11.902000547463103,0.999988184283825,1,0
160,1,t023,1011,1011,1010,-0.4401659667491913,-1.9401659965515137,1.5000000298023224,0.6442504858208501,1,0
160,2,c01,1111,1111,1011,-0.003114207647740841,-6.649970531463623,6.646856323815882,0.9969001654276902,1,0
160,3,t032,1101,1101,1011,-0.0006655678153038025,-7.875845909118652,7.8751803413033485,0.9993436341862001,1,0
160,4,s21,1011,1011,1101,-0.005815944168716669,-6.3811211585998535,6.375305214431137,0.9982669000330991,1,0
160,5,s21,1101,1011,1011,-0.9470347166061401,-0.6951010823249817,-0.25193363428115845,0.38864346032525376,0,0
160,6,c23,1101,1101,1100,-0.000197876914171502,-8.875198364257812,8.875000487343641,0.9998197018775205,1,0
160,7,s23,1110,1110,1101,-0.04560166597366333,-3.1705410480499268,3.1249393820762634,0.9577932985232301,1,0
160,8,s02,1110,1110,0110,-0.008957433514297009,-4.910146236419678,4.901188802905381,0.9910850483406255,1,0
161,1,s02,0110,0110,1100,-0.9248136281967163,-1.2897882461547852,0.36497461795806885,0.39701906071266296,1,0
161,2,c31,0110,0110,0010,-0.04306340217590332,-4.3231072425842285,4.280043840408325,0.9579026997347669,1,0
161,3,c02,0110,0110,0100,-0.00033412512857466936,-8.90904712677002,8.908713001641445,0.9997047737059868,1,0
161,4,c01,0110,0110,0010,-6.472926907008514e-05,-10.357659339904785,10.357594610635715,0.9999381488761794,1,0
161,5,c32,0110,0110,0100,-0.0003922802861779928,-8.250401496887207,8.250009216601029,0.9996226527650972,1,0
161,6,t023,0110,0110,0111,-0.00027344439877197146,-8.500272750854492,8.49999930645572,0.9997504136671097,1,0
161,7,c12,0100,0100,0010,-0.00033423263812437654,-8.378979682922363,8.378645450284239,0.9997607304386126,1,0
161,8,t012,0100,0100,1100,-8.654316479805857e-05,-11.647603034973145,11.647516491808346,0.9999775490768872,1,0
162,1,s23,1100,1100,1101,-0.44795745611190796,-2.0729572772979736,1.6249998211860657,0.63930410052952,1,0
162,2,x0,0100,0100,1100,-0.008728038519620895,-5.019745349884033,5.011017311364412,0.9914037149833068,1,0
162,3,s12,0010,0010,0100,-0.001355070504359901,-6.876060962677002,6.874705892172642,0.9986545992959227,1,0
162,4,s10,0010,0010,1010,-0.0008965908782556653,-7.126681804656982,7.125785213778727,0.9991225582016175,1,0
162,5,c13,0010,0010,0011,-0.004134909249842167,-5.504134654998779,5.499999745748937,0.9958752647203705,1,0
162,6,s01,0010,0010,0110,-4.804052150575444e-05,-10.125085830688477,10.12503779016697,0.9999564258555443,1,0
162,7,t102,0010,0010,1010,-5.590793807641603e-05,-11.967462539672852,11.967406631734775,0.9999864399212715,1,0
162,8,x0,1010,1010,0010,-0.0016709261108189821,-6.502295970916748,6.500625044805929,0.9984654328648198,1,0
163,1,s01,0101,0101,1001,-0.39996612071990967,-1.6073757410049438,1.2074096202850342,0.6703896235988559,1,0
163,2,s20,0101,0101,1101,-0.3923540413379669,-1.1959989070892334,0.8036448657512665,0.6754736468116703,1,0
163,3,t312,0111,0111,0101,-0.0019160202937200665,-6.376893520355225,6.3749775000615045,0.9980895156439605,1,0
163,4,x1,0011,0011,1111,-0.0001529401633888483,-10.256913185119629,10.25676024495624,0.9999390567576033,1,0
163,5,x2,0001,0001,0111,-0.0033373860642313957,-5.882549285888672,5.8792118998244405,0.997112962168828,1,0
163,6,c31,0101,0101,0001,-0.002232902916148305,-6.127369403839111,6.125136500922963,0.9977712163922551,1,0
163,7,x1,0001,0001,0111,-0.0016206215368583798,-10.126770973205566,10.125150351668708,0.9999257742165939,1,0
163,8,s10,0001,0001,0101,-0.00013684462464880198,-9.000175476074219,9.00003863144957,0.9998666978026385,1,0
164,1,s01,1010,1010,0110,-1.0643409490585327,-1.6226115226745605,0.5582705736160278,0.34519218545945424,1,0
164,2,x2,1000,1000,0010,-0.22879278659820557,-3.703538656234741,3.4747458696365356,0.7957011632785874,1,0
164,3,s10,0100,0100,1000,-0.004349585622549057,-6.478446960449219,6.47409737482667,0.9957033796948098,1,0
164,4,s03,0100,0100,0001,-0.000142089746077545,-9.668155670166016,9.668013580419938,0.9998580130479015,1,0
164,5,c32,0100,0100,0110,-0.0013726430479437113,-7.1263933181762695,7.125020675128326,0.9986311034619089,1,0
164,6,t321,0100,0100,0000,-0.0019430381944403052,-6.252201557159424,6.2502585189649835,0.9980639478256851,1,0
164,7,x2,0110,0110,0000,-0.0011810366995632648,-7.039046287536621,7.037865250837058,0.9988233742559662,1,0
164,8,c03,0110,0110,1111,-0.00011551038187462837,-11.06962776184082,11.069512251458946,0.999925666896707,1,0
165,1,c31,0100,0100,0000,-0.4929642677307129,-1.5085647106170654,1.0156004428863525,0.6113474120210576,1,0
165,2,t123,0100,0100,0101,-0.0026885364204645157,-7.002688407897949,6.999999871477485,0.9973615974634237,1,0
165,3,x1,0000,0000,1000,-0.0011562388390302658,-9.826358795166016,9.825202556326985,0.9998570481591795,1,0
165,4,c01,0000,0000,1000,-0.00040380030986852944,-8.375422477722168,8.3750186774123,0.9997676748310623,1,0
165,5,s12,0000,0000,1000,-0.0004001085180789232,-11.877608299255371,11.877208190737292,0.9999853509230108,1,0
165,6,t021,0000,0000,1000,-3.40934275300242e-05,-12.00252628326416,12.00249218983663,0.9999869705427286,1,0
165,7,c02,0000,0000,1000,-1.096720552595798e-05,-13.013256072998047,13.013245105792521,0.9999966457657631,1,0
165,8,t021,0000,0000,1000,-6.198873961693607e-06,-13.079218864440918,13.079212665566956,0.9999953626076366,1,0
166,1,c23,1111,1111,1100,-0.19681890308856964,-2.9932148456573486,2.796395942568779,0.8215427425422678,1,0
166,2,s12,1111,1111,1011,-0.015540092252194881,-4.883375644683838,4.867835552431643,0.9848327255973357,1,0
166,3,x0,0111,0111,1111,-0.03078625537455082,-7.469126224517822,7.4383399691432714,0.9993198486787339,1,0
166,4,c12,0101,0101,0011,-0.00011718097084667534,-10.562952041625977,10.56283486065513,0.9999159431041149,1,0
166,5,s31,0101,0101,0110,-0.018540725111961365,-4.021191120147705,4.002650395035744,0.9816349244293919,1,0
166,6,s03,1100,1100,1101,-0.0006532810511998832,-7.750653266906738,7.749999985855538,0.9994395217767073,1,0
166,7,s23,1100,1100,1110,-0.02109004743397236,-3.8962860107421875,3.875195963308215,0.9791391113927821,1,0
166,8,x1,1000,1000,1001,-6.687558925477788e-05,-11.000065803527832,10.999998927938577,0.9999599832641133,1,0
167,1,c32,0011,0011,0001,-0.18878616392612457,-3.0920979976654053,2.9033118337392807,0.8282167053424906,1,0
167,2,s23,0011,0011,1010,-0.004743773490190506,-7.026150703430176,7.021406929939985,0.9953572898406927,1,0
167,3,s02,1001,1001,0011,-0.014121651649475098,-4.387665271759033,4.373543620109558,0.9860667532294694,1,0
167,4,t301,1101,1101,1001,-0.25625330209732056,-1.5062235593795776,1.249970257282257,0.7739604371769766,1,0
167,5,c02,1111,1111,1001,-0.00012087511277059093,-9.625118255615234,9.624997380502464,0.9998808623360197,1,0
167,6,s20,1111,1111,0111,-0.0016525343526154757,-6.502374649047852,6.500722114695236,0.99834942446952,1,0
167,7,c13,1110,1110,1101,-0.00022386573255062103,-9.500212669372559,9.499988803640008,0.9997931854777883,1,0
167,8,s21,1110,1110,1010,-0.004743850324302912,-5.379755020141602,5.375011169817299,0.9952882659483088,1,0
168,1,c20,0011,0011,1011,-0.4168965816497803,-1.5787785053253174,1.161881923675537,0.6592710312853772,1,0
168,2,s02,1001,1001,0011,-0.016099030151963234,-4.266213417053223,4.250114386901259,0.9840478161394701,1,0
168,3,t201,1001,1001,1101,-0.04062842205166817,-3.290203332901001,3.249574910849333,0.9602438733319372,1,0
168,4,t302,1011,1001,1001,-0.8260421752929688,-0.5760437250137329,-0.24999845027923584,0.43778426294104006,0,0
168,5,c21,1111,1111,1011,-0.0047083268873393536,-5.379700183868408,5.374991856981069,0.9953107145980787,1,0
168,6,s12,1111,1111,1011,-0.00011372339213266969,-9.875096321105957,9.874982597713824,0.999922122867077,1,0
168,7,c20,0111,0111,1111,-0.043029505759477615,-3.168347120285034,3.1253176145255566,0.9578831797387416,1,0
168,8,t012,0111,0111,1101,-6.043814937584102e-05,-11.751230239868164,11.751169801718788,0.9999740381020449,1,0
169,1,x3,0001,0001,0000,-0.16756415367126465,-2.9175643920898438,2.750000238418579,0.8466965437844061,1,0
169,2,t210,0001,0001,1001,-0.0075132036581635475,-5.768636226654053,5.761123022995889,0.9925345563531043,1,0
169,3,s01,0001,0001,0000,-0.0008666363428346813,-7.875866413116455,7.87499977677362,0.9991352596716673,1,0
169,4,c12,0001,0001,1001,-0.0006414833478629589,-8.341527938842773,8.34088645549491,0.9994929322876408,1,0
169,5,c23,0001,0001,0011,-0.0006977402954362333,-7.750825881958008,7.750128141662572,0.9993032551322424,1,0
169,6,t130,0001,0001,1001,-0.00031014770502224565,-8.250605583190918,8.250295435485896,0.9996913996348771,1,0
169,7,c31,0101,0101,0001,-0.0006933622062206268,-7.376104831695557,7.375411469489336,0.9993090380685832,1,0
169,8,s02,0101,0101,1101,-0.029810838401317596,-3.5466153621673584,3.516804523766041,0.9706302883010747,1,0
170,1,x1,0011,0011,1000,-0.10720344632863998,-4.036835670471191,3.9296322241425514,0.8986353900442642,1,0
170,2,s13,0110,0110,1010,-0.010043308138847351,-5.447606563568115,5.437563255429268,0.9900168518493943,1,0
170,3,t231,0110,0110,0010,-0.009479403495788574,-4.76637601852417,4.756896615028381,0.9905881477538494,1,0
170,4,s20,1100,0110,0110,-0.8295410871505737,-0.5762200355529785,-0.2533210515975952,0.4362550415094469,0,0
170,5,s20,0110,0110,0100,-0.0185740627348423,-4.158897876739502,4.14032381400466,0.9816015933775717,1,0
170,6,s30,0110,0110,1110,-0.002117700409144163,-7.552777290344238,7.550659589935094,0.9978939081800487,1,0
170,7,t210,1110,1110,0110,-0.18008768558502197,-1.80482816696167,1.624740481376648,0.835199908458397,1,0
170,8,s02,1110,1110,0110,-0.10086820274591446,-2.350719690322876,2.2498514875769615,0.9040521796234808,1,0
171,1,t032,0001,0001,0100,-0.16255053877830505,-4.143745422363281,3.981194883584976,0.8503631330625209,1,0
171,2,t201,0001,0001,1001,-0.002008243929594755,-6.885777473449707,6.883769229520112,0.9979970427330548,1,0
171,3,c03,0001,0001,1000,-8.380186773138121e-05,-9.91604232788086,9.915958526013128,0.9999163749460453,1,0
171,4,t301,0001,0001,1001,-5.9246274759061635e-05,-10.41313362121582,10.413074374941061,0.9999413682576844,1,0
171,5,s13,0100,0100,1000,-0.007744479924440384,-4.943898677825928,4.936154197901487,0.9922904921544374,1,0
171,6,c20,0100,0100,1100,-0.003879192750900984,-5.754622936248779,5.750743743497878,0.9961365927681937,1,0
171,7,t201,0100,0100,0101,-0.000492717488668859,-7.750492572784424,7.749999855295755,0.9995100849264947,1,0
171,8,c03,0100,0100,0101,-0.00013434374704957008,-9.250134468078613,9.250000124331564,0.9998672151979486,1,0
172,1,c32,0000,0000,0010,-0.6297348141670227,-1.3171579837799072,0.6874231696128845,0.5331596383220433,1,0
172,2,t203,0000,0000,1000,-0.000713301938958466,-8.564937591552734,8.564224289613776,0.9992998455598464,1,0
172,3,s12,0000,0000,1000,-0.001425931928679347,-7.314761161804199,7.31333522987552,0.9990791866210561,1,0
172,4,c30,0000,0000,1000,-4.2318497435189784e-05,-10.125042915344238,10.125000596846803,0.9999576905148198,1,0
172,5,x0,1000,1000,0000,-0.005183118861168623,-5.755229473114014,5.750046354252845,0.996826753144283,1,0
172,6,x2,1010,1010,1000,-5.769655399490148e-05,-10.875097274780273,10.875039578226279,0.9999512470995969,1,0
172,7,s23,1001,1001,1000,-1.9669476387207396e-05,-11.750019073486328,11.749999404009941,0.9999841945909521,1,0
172,8,c23,1001,1001,1011,-0.0001737945422064513,-8.750228881835938,8.750055087293731,0.9998276673322954,1,0
173,1,s03,0100,0100,0101,-0.26444563269615173,-3.2644455432891846,2.999999910593033,0.7679716782541884,1,0
173,2,s13,0001,0001,0100,-0.0010751874651759863,-7.754932403564453,7.753857216099277,0.9989702910892512,1,0
173,3,s03,1000,1000,0001,-0.049947019666433334,-3.0488274097442627,2.9988803900778294,0.9512826530264198,1,0
173,4,c02,1010,1010,1000,-0.02055882290005684,-4.521549701690674,4.500990878790617,0.9797345569259694,1,0
173,5,x1,1110,1110,1000,-0.002195746172219515,-6.263228893280029,6.26103314710781,0.9978178450271759,1,0
173,6,s23,1101,1101,1100,-0.0021095105912536383,-6.502109527587891,6.500000016996637,0.9979115024224583,1,0
173,7,t301,1001,1001,1101,-0.18164503574371338,-1.8059114217758179,1.6242663860321045,0.8339046531066331,1,0
173,8,t013,1001,1001,1011,-0.001874998677521944,-7.128663539886475,7.126788541208953,0.998140608240913,1,0
174,1,t203,0010,0010,0011,-0.1398206353187561,-3.1398205757141113,2.9999999403953552,0.8698366369594686,1,0
174,2,c02,0010,0010,1000,-0.0017738904571160674,-7.439706802368164,7.437932911911048,0.9982376009900162,1,0
174,3,t230,0010,0010,1010,-0.0009433618979528546,-7.0011162757873535,7.000172913889401,0.9990596012792206,1,0
174,4,x2,0000,0000,1000,-3.468955401331186e-05,-10.944009780883789,10.943975091329776,0.9999685964624803,1,0
174,5,s30,0000,0000,1000,-0.0007123798131942749,-7.251885414123535,7.251173034310341,0.9992895335224367,1,0
174,6,x1,0100,0100,0010,-0.0017454416956752539,-6.3792500495910645,6.377504607895389,0.9982950775635658,1,0
174,7,x0,1100,1100,0100,-0.16928690671920776,-5.798351764678955,5.629064857959747,0.9963916312154695,1,0
174,8,s23,1100,1100,1110,-0.04988943040370941,-3.049879789352417,2.9999903589487076,0.9524522092113092,1,0
175,1,s20,0001,0001,1001,-0.8095584511756897,-1.4666699171066284,0.6571114659309387,0.4467303237929931,1,0
175,2,c20,0001,0001,1001,-0.011755740270018578,-4.516644477844238,4.50488873757422,0.988315805287846,1,0
175,3,t023,0001,0001,1001,-0.00030072880326770246,-9.17624282836914,9.175942099565873,0.9997083647480839,1,0
175,4,x1,0101,0101,0011,-0.00035521562676876783,-8.501599311828613,8.501244096201845,0.9996522251055425,1,0
175,5,t320,0101,0101,1101,-0.011107922531664371,-4.511190414428711,4.500082491897047,0.9889559089068289,1,0
175,6,x2,0111,0111,0001,-0.0005802768282592297,-7.504693984985352,7.504113708157092,0.9994243028678383,1,0
175,7,c21,0011,0011,0111,-0.0011437446810305119,-8.625420570373535,8.624276825692505,0.999589071170779,1,0
175,8,t231,0111,0111,0011,-0.0028555348981171846,-5.8778486251831055,5.874993090284988,0.9971551733136758,1,0
176,1,s02,1010,1010,0010,-0.7067652940750122,-1.508845329284668,0.8020800352096558,0.4937078111533981,1,0
176,2,x3,1011,1011,0011,-0.010455938056111336,-6.374661445617676,6.3642055075615644,0.989672422203355,1,0
176,3,s12,1101,1101,1111,-0.0012739045778289437,-6.890534400939941,6.8892604963621125,0.9988798129185747,1,0
176,4,c31,1001,1001,1101,-0.0012792180059477687,-7.030928134918213,7.029648916912265,0.9987860888942627,1,0
176,5,c32,1011,1011,1001,-0.0006732165347784758,-7.375698566436768,7.375025349901989,0.9993316518758962,1,0
176,6,x3,1010,1010,1001,-0.00036950348294340074,-10.375085830688477,10.374716327205533,0.9999162448790714,1,0
176,7,t120,1010,1010,0010,-0.002277627820149064,-6.252170085906982,6.249892458086833,0.9977290428882869,1,0
176,8,t023,1011,1011,1010,-0.026419416069984436,-3.6514194011688232,3.624999985098839,0.973986075371811,1,0
177,1,c23,0010,0010,0011,-0.1159418448805809,-4.490942001342773,4.3750001564621925,0.8906893380584563,1,0
177,2,t123,0010,0010,0011,-0.005537941120564938,-5.505537509918213,5.499999568797648,0.994480070539928,1,0
177,3,x0,1010,1010,0010,-0.036342184990644455,-4.036416053771973,4.000073868781328,0.9819956623477856,1,0
177,4,t213,1010,1010,1011,-0.011151202954351902,-4.511151313781738,4.500000110827386,0.9889132714511525,1,0
177,5,x1,1110,1110,1000,-0.000526785443071276,-7.646101951599121,7.64557516615605,0.9994889994958363,1,0
177,6,s12,1110,1110,1010,-0.0007519438513554633,-8.500828742980957,8.500076799129602,0.9997381551807143,1,0
177,7,s32,1101,1101,1011,-0.0003003898891620338,-8.754899024963379,8.754598635074217,0.9997290252759792,1,0
177,8,t130,0101,0101,1101,-0.28121793270111084,-1.406374216079712,1.125156283378601,0.7548654096166385,1,0
178,1,t123,1001,1001,1010,-0.2492654025554657,-3.252171516418457,3.0029061138629913,0.780610306265249,1,0
178,2,t103,1001,1001,0001,-0.023044977337121964,-4.921535015106201,4.898490037769079,0.9772274494311235,1,0
178,3,s01,0101,0101,1001,-0.0003911737585440278,-8.523515701293945,8.523124527535401,0.9996504363614601,1,0
178,4,s23,0110,0110,1110,-0.006071953568607569,-6.444495677947998,6.4384237243793905,0.9959541101685905,1,0
178,5,c03,0110,0110,1111,-0.0011193833779543638,-7.171254634857178,7.170135251479223,0.9988838373856976,1,0
178,6,t103,0110,0110,0010,-5.8292607718613e-05,-10.490283012390137,10.490224719782418,0.9999423059416807,1,0
178,7,s01,1010,1010,0110,-0.0009695823537185788,-7.001154899597168,7.000185317243449,0.9990455725599799,1,0
178,8,t310,1010,1010,1110,-0.0014387508854269981,-7.508552074432373,7.507113323546946,0.998582817522498,1,0
179,1,x1,0100,0100,0000,-0.6328210234642029,-1.9340333938598633,1.3012123703956604,0.5315679248741286,1,0
179,2,c13,0101,0101,0100,-0.17466597259044647,-2.049665927886963,1.8749999552965164,0.8397496315505155,1,0
179,3,s03,1100,1100,0101,-0.060161661356687546,-3.532036781311035,3.4718751199543476,0.9416154696311901,1,0
179,4,x1,1000,1000,1001,-0.021270278841257095,-4.146270275115967,4.12499999627471,0.978980225118982,1,0
179,5,t321,1000,1000,1100,-0.00036464014556258917,-9.007323265075684,9.006958624930121,0.9996434882868579,1,0
179,6,x2,1010,1010,1000,-0.0001735627301968634,-9.25065803527832,9.250484472548123,0.9998324900704862,1,0
179,7,c30,1010,1010,0010,-0.001648245844990015,-6.501585960388184,6.499937714543194,0.9983538277194296,1,0
179,8,t120,1010,1010,0010,-0.001239686505869031,-6.751335620880127,6.750095934374258,0.9987615528932345,1,0
180,1,s13,0011,0011,0101,-0.602677583694458,-1.9692188501358032,1.3665412664413452,0.5474807465591358,1,0
180,2,t023,0011,0011,0110,-0.02280198037624359,-5.736205577850342,5.713403597474098,0.9775297944958474,1,0
180,3,x3,0010,0010,0001,-7.116714550647885e-05,-11.376364707946777,11.37629354080127,0.9999629682783953,1,0
180,4,s03,0010,0010,1010,-3.373585786903277e-05,-11.231348037719727,11.231314301861858,0.999979497077693,1,0
180,5,t302,0010,0010,1010,-0.00013219797983765602,-9.776497840881348,9.77636564290151,0.9999071709217032,1,0
180,6,c20,1010,1010,0010,-0.14272509515285492,-2.0177440643310547,1.8750189691781998,0.8670063557736063,1,0
180,7,c23,1011,1011,1010,-0.002682698890566826,-6.002682209014893,5.999999510124326,0.9973262456900499,1,0
180,8,t213,1011,1011,1111,-7.128610013751313e-05,-10.599682807922363,10.599611521822226,0.9999411944923026,1,0
181,1,t201,0111,0111,1111,-0.28113609552383423,-3.313335657119751,3.0321995615959167,0.7554306856588406,1,0
181,2,t102,0111,0111,1101,-0.0039599500596523285,-7.382477760314941,7.378517810255289,0.9961403569469058,1,0
181,3,x3,0110,0110,0000,-0.0008620916050858796,-9.146439552307129,9.145577460702043,0.9995723745726337,1,0
181,4,s21,0110,0110,0010,-0.0004759420407935977,-8.00632381439209,8.005847872351296,0.999549436265138,1,0
181,5,c03,0110,0110,0111,-0.0010379236191511154,-7.87603759765625,7.874999674037099,0.9989680854756007,1,0
181,6,t102,0110,0110,0111,-3.337822636240162e-05,-12.875033378601074,12.875000000374712,0.9999913584427973,1,0
181,7,c31,0110,0110,0010,-0.0013560798252001405,-6.626464366912842,6.625108287087642,0.9986492624514045,1,0
181,8,x2,0100,0100,0010,-0.0001420897024217993,-9.000354766845703,9.000212677143281,0.9998745234043479,1,0
182,1,t320,0011,1011,1011,-1.071387529373169,-0.79700767993927,-0.2743798494338989,0.3426489166585699,0,0
182,2,x2,0001,0001,0111,-0.03599626570940018,-3.7860305309295654,3.7500342652201653,0.9648562463453056,1,0
182,3,t032,0001,0001,0000,-0.00012588166282512248,-9.87512493133545,9.874999049672624,0.9998791263850908,1,0
182,4,s30,1000,1000,1001,-0.07945596426725388,-2.579455852508545,2.499999888241291,0.9236283523591341,1,0
182,5,x3,1001,1001,0001,-0.0007120663649402559,-8.054381370544434,8.053669304179493,0.9993086844834156,1,0
182,6,s03,1001,1001,0001,-0.006840502843260765,-5.0076985359191895,5.000858033075929,0.9931865373945822,1,0
182,7,s30,1001,1001,0001,-0.00010406722140032798,-9.7811918258667,9.781087758645299,0.9999025007078475,1,0
182,8,s01,0101,0101,1001,-8.678252197569236e-05,-10.13274097442627,10.132654191904294,0.999923000357117,1,0
183,1,s31,0101,0101,0001,-0.42304903268814087,-2.0087995529174805,1.5857505202293396,0.6551806748117011,1,0
183,2,t032,0101,0101,0111,-0.0036737844347953796,-7.515525817871094,7.511852033436298,0.9965937128144167,1,0
183,3,x1,0001,0001,1001,-0.0002862015971913934,-10.091285705566406,10.090999503969215,0.9998855880910138,1,0
183,4,s02,0001,0001,1001,-0.06223618611693382,-2.8158509731292725,2.7536147870123386,0.9396636550096705,1,0
183,5,s02,0001,0001,1001,-0.016216468065977097,-4.141696929931641,4.1254804618656635,0.9839156020790356,1,0
183,6,s30,1000,1000,1001,-0.003921882249414921,-5.628921985626221,5.625000103376806,0.9961078378609917,1,0
183,7,s20,0010,0010,0100,-0.11326383054256439,-2.7619433403015137,2.6486795097589493,0.8930055401269733,1,0
183,8,x2,0000,0000,1000,-0.0007292247610166669,-7.8771772384643555,7.876448013703339,0.9994347177432438,1,0
184,1,s01,0110,0110,1010,-0.7660487294197083,-1.2061865329742432,0.4401378035545349,0.4649306540553507,1,0
184,2,t231,0110,0110,0010,-0.01983533799648285,-4.948932647705078,4.929097309708595,0.9803821001382941,1,0
184,3,s32,0101,0101,0100,-0.0026816162280738354,-6.502681255340576,6.499999639112502,0.9977929052603193,1,0
184,4,x0,1101,1101,1100,-0.0010048109106719494,-7.626004695892334,7.624999884981662,0.9992889014587231,1,0
184,5,s13,1101,1101,1001,-0.003853942733258009,-6.127832412719727,6.1239784699864686,0.9961540197181489,1,0
184,6,s23,1110,1110,1101,-0.0026412263978272676,-6.002684593200684,6.000043366802856,0.9973714143082991,1,0
184,7,c03,1111,1111,1100,-0.00215544318780303,-6.884692192077637,6.882536748889834,0.9979366033757864,1,0
184,8,t132,1101,1101,1111,-0.0002727368555497378,-8.875959396362305,8.875686659506755,0.9997322235674488,1,0
185,1,s12,0000,0000,0100,-0.3252197802066803,-2.2465476989746094,1.921327918767929,0.722825685521647,1,0
185,2,x2,0010,0010,1000,-0.0020014820620417595,-7.633229732513428,7.631228250451386,0.9980575514997148,1,0
185,3,x3,0011,0011,0001,-0.00037260635872371495,-8.637236595153809,8.636863988795085,0.9996629424256632,1,0
185,4,c23,0010,0010,0011,-0.2014533132314682,-1.7014533281326294,1.5000000149011612,0.8175522574344286,1,0
185,5,s21,0100,0100,0010,-0.008625646121799946,-4.882746696472168,4.874121050350368,0.9915190556501281,1,0
185,6,s31,0001,0001,0100,-0.0038807129021734,-5.878530979156494,5.874650266254321,0.996836998457885,1,0
185,7,x2,0011,0011,0010,-0.004181745927780867,-5.504181385040283,5.499999639112502,0.9958974131781912,1,0
185,8,t120,0011,0011,0010,-0.000280237989500165,-8.500280380249023,8.500000142259523,0.9997213960819097,1,0
186,1,x2,0101,0101,1000,-0.1944819837808609,-3.814136028289795,3.619654044508934,0.8236164641407422,1,0
186,2,c03,0101,0101,0000,-0.0020315302535891533,-8.021920204162598,8.019888673909009,0.9979751818232133,1,0
186,3,t130,1101,1101,0101,-0.3869590163230896,-1.1369508504867554,0.7499918341636658,0.679130156070595,1,0
186,4,s10,1101,1101,1001,-0.0004228962934575975,-8.00210952758789,8.001686631294433,0.9995773048328916,1,0
186,5,c32,1111,1111,1001,-0.00017201300943270326,-9.329483032226562,9.32931101921713,0.9998362317138975,1,0
186,6,c01,1011,1011,0111,-0.00023232332023326308,-10.202472686767578,10.202240363447345,0.9999490407845248,1,0
186,7,c13,1011,1011,1110,-4.053092561662197e-05,-11.293581008911133,11.293540477985516,0.9999617089944218,1,0
186,8,x0,0011,0011,1011,-0.008326619863510132,-5.518893241882324,5.510566622018814,0.9923501670327122,1,0
187,1,x1,0111,0111,0000,-0.15317675471305847,-3.2999777793884277,3.1468010246753693,0.85826719844817,1,0
187,2,c32,0101,0101,1101,-0.024525489658117294,-4.776982307434082,4.752456817775965,0.9757981637383948,1,0
187,3,t310,1101,1101,0101,-0.08035339415073395,-2.5822184085845947,2.501865014433861,0.9228137486870729,1,0
187,4,t230,1101,1101,0101,-0.0793820470571518,-2.5791218280792236,2.499739781022072,0.923698583478651,1,0
187,5,c10,0101,0101,1101,-0.00288384803570807,-6.127950668334961,6.125066820299253,0.9977591852462288,1,0
187,6,c02,0101,0101,0100,-6.115376891102642e-05,-10.50006103515625,10.499999881387339,0.9999402139553912,1,0
187,7,s23,0110,0110,0101,-0.0003036034177057445,-8.500290870666504,8.499987267248798,0.9997028786590554,1,0
187,8,x0,1110,1110,0110,-0.006001478061079979,-5.132214069366455,5.126212591305375,0.9940622082101708,1,0
188,1,c32,1000,1000,1010,-0.3638792634010315,-1.6122021675109863,1.2483229041099548,0.6955160363833236,1,0
188,2,t103,1000,1000,1100,-0.0006384061998687685,-8.947693824768066,8.947055418568198,0.999371536678227,1,0
188,3,t210,1000,1000,0000,-6.651759031228721e-05,-10.758283615112305,10.758217097521992,0.9999393037845616,1,0
188,4,s30,0001,0001,0000,-0.021606916561722755,-3.896606922149658,3.8750000055879354,0.978779365506186,1,0
188,5,t013,0001,0001,1001,-1.7166094039566815e-05,-12.113004684448242,12.112987518354203,0.9999840219464102,1,0
188,6,c02,0001,0001,0000,-3.290152380941436e-05,-11.250032424926758,11.249999523402948,0.9999768391747283,1,0
188,7,s21,0001,0001,0101,-0.0003761659609153867,-11.012871742248535,11.01249557628762,0.999925227135803,1,0
188,8,t210,0001,0001,1001,-0.001207617693580687,-6.751258373260498,6.750050755566917,0.9987953695926203,1,0
189,1,c20,1101,0101,0101,-1.2888513803482056,-0.4657767415046692,-0.8230746388435364,0.2756176216079323,0,0
189,2,s20,0111,0111,1101,-0.5848166346549988,-0.9736065864562988,0.38878995180130005,0.5572133932969394,1,0
189,3,t210,1111,1111,0111,-0.006331628188490868,-5.131157398223877,5.124825770035386,0.9937196880332546,1,0
189,4,x1,1011,1011,0111,-0.00024197665334213525,-9.990410804748535,9.990168828095193,0.999791031599557,1,0
189,5,t013,1011,1011,1110,-0.0005960416165180504,-7.726903915405273,7.726307873788755,0.9994134321904623,1,0
189,6,t031,1111,1111,1011,-0.00026689484366215765,-8.875244140625,8.874977245781338,0.9997498364950568,1,0
189,7,c21,1011,1011,0111,-5.0544218538561836e-05,-11.877134323120117,11.877083778901579,0.9999744590990357,1,0
189,8,x0,0011,0011,1011,-0.03304718807339668,-7.287130355834961,7.254083167761564,0.9992817981193415,1,0
190,1,x2,0001,0001,1010,-0.10298243165016174,-4.481573581695557,4.378591150045395,0.9026006911180641,1,0
190,2,t013,0001,0001,0101,-0.0022390938829630613,-7.670001983642578,7.667762889759615,0.9977781389943631,1,0
190,3,t120,0001,0001,1001,-0.00018297687347512692,-9.000442504882812,9.000259528009337,0.9998257102970818,1,0
190,4,t213,0001,0001,1001,-7.855758303776383e-05,-10.060051918029785,10.059973360446747,0.9999239538962714,1,0
190,5,t321,0001,0001,0101,-0.000375810224795714,-8.000399589538574,8.000023779313779,0.9996365175174687,1,0
190,6,s31,0100,0100,1000,-0.011378705501556396,-4.5325541496276855,4.521175444126129,0.9887577130849172,1,0
190,7,s30,0100,1100,1100,-2.6951351165771484,-0.07250368595123291,-2.6226314306259155,0.06753542344194566,0,0
190,8,x1,0000,0000,0001,-0.008715434931218624,-9.758715629577637,9.750000194646418,0.9999049493034428,1,0
191,1,t320,0100,0100,1100,-0.2520362138748169,-2.220924139022827,1.9688879251480103,0.7778628797388273,1,0
191,2,c23,0100,0100,0101,-0.0038614836521446705,-6.253861427307129,6.249999943654984,0.9961589391289406,1,0
191,3,x0,1100,1100,0100,-0.001389749115332961,-6.626479148864746,6.625089399749413,0.998660983737573,1,0
191,4,x0,0100,0100,1100,-0.00014161362196318805,-9.251079559326172,9.250937945704209,0.9998792536927605,1,0
191,5,c01,0100,0100,0000,-9.381478594150394e-05,-9.661534309387207,9.661440494601266,0.9999118252207176,1,0
191,6,s23,0100,0100,0110,-0.0023902440443634987,-6.127384662628174,6.12499441858381,0.9976233301454261,1,0
191,7,c23,0100,0100,1100,-0.0002009793824981898,-9.772024154663086,9.771823175280588,0.9998424215901279,1,0
191,8,c13,0101,0101,0100,-0.0003447086492087692,-8.125344276428223,8.124999567779014,0.9996567127928807,1,0
192,1,t123,1101,1101,1100,-0.26471731066703796,-3.2647175788879395,3.0000002682209015,0.7682908818073826,1,0
192,2,c03,1100,1100,0101,-0.01065270509570837,-5.350339889526367,5.339687184430659,0.9894532126561972,1,0
192,3,s20,0110,0110,0100,-0.22772468626499176,-1.6041053533554077,1.376380667090416,0.7963452037685282,1,0
192,4,c31,0110,0110,0010,-0.007621183060109615,-5.007953643798828,5.0003324607387185,0.9924629644652073,1,0
192,5,x1,0010,0010,1110,-0.00023935953504405916,-11.188369750976562,11.188130391441518,0.9999653539652156,1,0
192,6,t312,0010,0010,1010,-0.00040453029214404523,-9.01806354522705,9.017659014934907,0.9998346694360924,1,0
192,7,t123,0010,0010,0011,-7.29550956748426e-05,-10.250073432922363,10.250000477826688,0.9999295290345502,1,0
192,8,t123,0010,0010,0011,-5.8292072935728356e-05,-10.2500581741333,10.249999882060365,0.9999572442830243,1,0
193,1,s23,0010,0010,0011,-0.23538044095039368,-2.4853804111480713,2.2499999701976776,0.7903929108003975,1,0
193,2,c01,0010,0010,0111,-0.037533052265644073,-5.029890060424805,4.992357008159161,0.9632195739097811,1,0
193,3,t130,0010,0010,1010,-0.0002988228516187519,-8.251551628112793,8.251252805261174,0.9997031811825757,1,0
193,4,t230,0010,0010,0000,-5.8650333812693134e-05,-10.70150375366211,10.701445103328297,0.9999415887169625,1,0
193,5,t031,0010,0010,1010,-2.133839370799251e-05,-11.910859107971191,11.910837769577483,0.9999786312153733,1,0
193,6,t032,0010,0010,1010,-2.9325155992410146e-05,-11.77649211883545,11.776462793679457,0.9999848528367583,1,0
193,7,s21,0100,0100,0110,-0.017102118581533432,-4.517063617706299,4.499961499124765,0.9831229791890052,1,0
193,8,c12,0110,0110,0000,-0.00022970375721342862,-9.092763900756836,9.092534196999623,0.9998588834619679,1,0
194,1,t231,1001,1001,1101,-0.5698443055152893,-1.4691226482391357,0.8992783427238464,0.5658441172268157,1,0
194,2,c31,1101,1101,1001,-0.0042186458595097065,-6.012825012207031,6.0086063663475215,0.9957916578635193,1,0
194,3,t302,1111,1111,1101,-0.0013598398072645068,-6.7512407302856445,6.74988089047838,0.9986447030115788,1,0
194,4,t013,1110,1110,1101,-0.00037810351932421327,-8.500351905822754,8.49997380230343,0.9996647363121216,1,0
194,5,t032,1110,1110,1111,-0.00038359075551852584,-8.875383377075195,8.874999786319677,0.9996214946125145,1,0
194,6,s12,1110,1110,1010,-0.002670425223186612,-6.003971576690674,6.001301151467487,0.9974921635920236,1,0
194,7,s31,1011,1011,1001,-0.0006370850605890155,-7.8866801261901855,7.8860430411295965,0.9994834932539164,1,0
194,8,t032,1001,1011,1011,-4.264257907867432,-0.014289808459579945,-4.249968099407852,0.014062768102780544,0,0
195,1,c01,1000,1000,1100,-0.2577110528945923,-2.770800828933716,2.5130897760391235,0.7730617213910667,1,0
195,2,c20,1000,1000,0000,-0.006058376282453537,-5.324645042419434,5.31858666613698,0.9939621551428153,1,0
195,3,t230,1000,1000,0000,-6.54451796435751e-05,-10.377415657043457,10.377350211863813,0.9999356217454676,1,0
195,4,c02,1010,1010,1000,-0.0005885323625989258,-9.375595092773438,9.375006560410839,0.9998602448820496,1,0
195,5,s10,0110,0110,1110,-0.14281567931175232,-2.2196156978607178,2.0768000185489655,0.8670591056022169,1,0
195,6,x2,0100,0100,0010,-0.0022765309549868107,-6.12741231918335,6.125135788228363,0.9977586424421228,1,0
195,7,x0,1100,1100,0100,-0.004402863327413797,-5.504572868347168,5.500170005019754,0.9958939654115808,1,0
195,8,x2,1110,1110,1000,-0.0002665344800334424,-9.011343002319336,9.011076467839302,0.9998650302349765,1,0
196,1,s30,0010,0010,1010,-0.6317547559738159,-2.3404459953308105,1.7086912393569946,0.5317634175238537,1,0
196,2,t321,0010,0010,0110,-0.024163734167814255,-3.8177621364593506,3.7935984022915363,0.976136485571685,1,0
196,3,s23,0001,0001,1001,-0.0014317551394924521,-8.20495891571045,8.203527160570957,0.9995289860930102,1,0
196,4,t301,0001,0001,1001,-0.00011920448741875589,-9.564045906066895,9.563926701579476,0.9998817977034544,1,0
196,5,s03,1000,1000,1001,-0.007532808929681778,-6.382533073425293,6.375000264495611,0.9979992024732193,1,0
196,6,c01,1100,1100,1000,-0.005497172474861145,-5.265369415283203,5.259872242808342,0.9945705076512441,1,0
196,7,x2,1110,1110,1000,-8.630464435555041e-05,-9.500143051147461,9.500056746503105,0.999916588050993,1,0
196,8,x2,1100,1100,1010,-0.00039021894917823374,-7.877291202545166,7.876900983595988,0.9996176923427719,1,0
197,1,s13,0101,0101,0001,-0.4765302240848541,-1.7462852001190186,1.2697549760341644,0.620975083231198,1,0
197,2,t120,0101,0101,1101,-0.016513653099536896,-4.285555362701416,4.269041709601879,0.9836352476055185,1,0
197,3,c01,0101,0101,0001,-0.0004017053288407624,-8.602456092834473,8.602054387505632,0.9996095875411638,1,0
197,4,t103,0101,0101,0001,-0.00017224477778654546,-9.40460205078125,9.404429806003463,0.9998293140811342,1,0
197,5,t123,0101,0101,0100,-8.785531827015802e-05,-9.75008773803711,9.74999988271884,0.9999146664018008,1,0
197,6,t120,0101,0101,1101,-0.001046004588715732,-6.876100063323975,6.875054058735259,0.9989549689507392,1,0
197,7,s02,0101,0101,1101,-0.12697847187519073,-2.307039976119995,2.1800615042448044,0.8809383316888455,1,0
197,8,c32,0111,0111,1101,-0.0001238544355146587,-9.424484252929688,9.424360398494173,0.9998769015892905,1,0
198,1,c10,1111,1111,0111,-0.28628963232040405,-2.2121047973632812,1.9258151650428772,0.7512278368373679,1,0
198,2,t230,0111,0111,1111,-0.010319393128156662,-4.784705638885498,4.774386245757341,0.9897408930215916,1,0
198,3,c21,0011,0011,1011,-0.0004140601959079504,-8.832026481628418,8.83161242143251,0.999590834783438,1,0
198,4,c21,0111,0111,0011,-0.00033314587199129164,-8.125332832336426,8.124999686464434,0.9996685727467194,1,0
198,5,s10,1011,1011,0111,-0.00122823694255203,-8.00035285949707,7.999124622554518,0.9995930384853811,1,0
198,6,x2,1001,1001,1111,-0.007647597696632147,-4.887125492095947,4.879477894399315,0.9923987907439881,1,0
198,7,x1,1101,1101,1111,-0.0014598830603063107,-6.626715183258057,6.62525530019775,0.9986021915640195,1,0
198,8,x1,1001,1001,1011,-6.139193283161148e-05,-12.125067710876465,12.125006318943633,0.9999808195549663,1,0
199,1,t301,0110,0110,0111,-0.14497646689414978,-4.269976615905762,4.125000149011612,0.8655087931300046,1,0
199,2,x3,0111,0111,0010,-0.0031112022697925568,-7.518270015716553,7.51515881344676,0.9969272476080528,1,0
199,3,c02,0111,0111,0110,-0.0006319653475657105,-8.375631332397461,8.374999367049895,0.9996027976103621,1,0
199,4,c21,0011,0011,0101,-0.0001041861396515742,-11.632720947265625,11.632616761125973,0.9999525454164235,1,0
199,5,x2,0001,0001,0111,-0.00010287613986292854,-10.256610870361328,10.256507994221465,0.9999246797516479,1,0
199,6,c21,0001,0001,0101,-0.00016616785433143377,-8.875187873840332,8.875021705986,0.999836807411673,1,0
199,7,s03,1000,1000,1001,-0.0014983980217948556,-6.626498222351074,6.624999824329279,0.9985151726715801,1,0
199,8,x1,1100,1100,1010,-4.076904951944016e-05,-10.377304077148438,10.377263308098918,0.999963818452139,1,0
200,1,x2,0111,0111,1110,-0.12144894152879715,-4.370677471160889,4.2492285296320915,0.8860587072645432,1,0
200,2,x2,0101,0101,0011,-0.0007827169029042125,-8.507404327392578,8.506621610489674,0.9992397533167124,1,0
200,3,x3,0100,0100,0000,-0.00034960414632223547,-9.459636688232422,9.4592870840861,0.9996537239421898,1,0
200,4,s30,0100,0100,0001,-0.003646679688245058,-5.6552958488464355,5.6516491691581905,0.9963604748712303,1,0
200,5,c32,0100,0100,0110,-0.0005806052358821034,-8.250394821166992,8.24981421593111,0.9994257288683983,1,0
200,6,c01,0100,0100,0000,-0.0013660930562764406,-6.632900714874268,6.631534621817991,0.998637492828442,1,0
200,7,x2,0110,0110,0000,-9.23835759749636e-05,-9.375630378723145,9.37553799514717,0.9999133634892446,1,0
200,8,x3,0111,0111,0000,-0.00018154550343751907,-10.140992164611816,10.140810619108379,0.9998297145417029,1,0
201,1,x2,0101,0101,1010,-0.18649443984031677,-3.9310250282287598,3.744530588388443,0.8301430203126003,1,0
201,2,x0,1101,1101,0101,-0.019599584862589836,-4.0222249031066895,4.0026253182441,0.98066529119332,1,0
201,3,x2,1111,1111,1001,-0.00025031829136423767,-8.510542869567871,8.510292551276507,0.9997516925035482,1,0
201,4,x2,1101,1101,1011,-0.0007659049006178975,-7.250942707061768,7.25017680216115,0.9992822755734857,1,0
201,5,c32,1111,1111,1001,-0.0006696403142996132,-8.06903076171875,8.06836112140445,0.9993311618553096,1,0
201,6,t230,0111,0111,1111,-0.0060057747177779675,-5.13202428817749,5.126018513459712,0.9940362616050119,1,0
201,7,s20,1101,1101,0111,-0.002072460949420929,-6.626359462738037,6.624287001788616,0.9979623094950875,1,0
201,8,s20,0111,0111,1101,-0.003970677964389324,-5.7536139488220215,5.749643270857632,0.9960523967219688,1,0
202,1,t301,1011,1011,0111,-0.25882622599601746,-2.518061876296997,2.2592356503009796,0.7721632759091257,1,0
202,2,x3,1010,1010,0010,-0.022583382204174995,-5.861381530761719,5.838798148557544,0.9781130899801895,1,0
202,3,s10,0110,0110,1010,-0.014450779184699059,-4.545593738555908,4.531142959371209,0.9857268639230393,1,0
202,4,x3,0111,0111,1111,-0.0002348324633203447,-9.785879135131836,9.785644302668516,0.9997723231052061,1,0
202,5,c03,0111,0111,0110,-6.604094232898206e-05,-10.250065803527832,10.249999762585503,0.9999365977144272,1,0
202,6,t312,0101,0101,0111,-0.0004901134525425732,-7.8795270919799805,7.879036978527438,0.9995487179003956,1,0
202,7,s02,0101,0101,1101,-0.08910492807626724,-2.5026299953460693,2.413525067269802,0.9147910209135264,1,0
202,8,c31,0001,0001,0011,-0.0011760385241359472,-7.001181125640869,7.000005087116733,0.998832484739155,1,0
203,1,x0,1000,1000,0000,-0.8487644791603088,-1.1996554136276245,0.3508909344673157,0.42865027762163227,1,0
203,2,s20,0010,0000,0000,-1.726292371749878,-0.2274511158466339,-1.498841255903244,0.1779433467176637,0,0
203,3,x2,0000,0000,1000,-0.0008629985386505723,-7.6713433265686035,7.670480328029953,0.9991801524917145,1,0
203,4,x1,0100,0100,0010,-0.00046640774235129356,-8.268336296081543,8.267869888339192,0.9996519727255568,1,0
203,5,t023,0100,0100,1100,-0.0002493644424248487,-10.04073715209961,10.040487787657185,0.9998583235952427,1,0
203,6,x0,1100,1100,0100,-0.0008375812903977931,-7.125969409942627,7.125131828652229,0.9991837796604988,1,0
203,7,s31,1001,1001,1100,-0.023626944050192833,-3.7732880115509033,3.7496610675007105,0.9766843034463263,1,0
203,8,x3,1000,1000,1100,-8.487481682095677e-05,-11.599703788757324,11.599618913940503,0.9999742094568127,1,0
204,1,x2,0010,0010,0001,-0.17572754621505737,-2.979721784591675,2.8039942383766174,0.8394334930441525,1,0
204,2,t320,0010,0010,1010,-0.003754784818738699,-6.006492614746094,6.002737829927355,0.9962559002951148,1,0
204,3,x0,1010,1010,0010,-0.0017567042959854007,-7.876946926116943,7.875190221820958,0.9995311745886731,1,0
204,4,x2,1000,1000,1110,-5.9127036365680397e-05,-10.758167266845703,10.758108139809337,0.9999424642513791,1,0
204,5,t301,1000,1000,1100,-0.0004571938479784876,-7.750455856323242,7.749998662475264,0.9995501071764169,1,0
204,6,c32,1000,1000,1010,-3.3974472898989916e-05,-11.375044822692871,11.375010848219972,0.999972798685978,1,0
204,7,c03,1001,1001,1000,-0.0001808278466342017,-8.7501802444458,8.749999416599167,0.9998217698595487,1,0
204,8,s02,0011,0011,0101,-0.01200231071561575,-5.211495876312256,5.19949356559664,0.9885861567495322,1,0
205,1,t023,0100,0100,0101,-0.05765929073095322,-4.807659149169922,4.749999858438969,0.9452069460697802,1,0
205,2,t012,0100,0100,1100,-0.0015706786653026938,-6.872655868530273,6.871085189864971,0.9984554993611198,1,0
205,3,c03,0100,0100,0101,-6.186899554450065e-05,-11.12506103515625,11.124999166160705,0.9999397192708981,1,0
205,4,t021,0100,0100,1100,-0.000125163234770298,-10.1007080078125,10.10058284457773,0.9999372256373716,1,0
205,5,c20,0100,0100,1100,-0.0015198619803413749,-6.5015716552734375,6.500051793293096,0.9984813770878648,1,0
205,6,s01,1000,1000,0100,-0.05627032741904259,-2.930988073348999,2.8747177459299564,0.9465221971820593,1,0
205,7,t320,1000,1000,1001,-2.8490891054389067e-05,-11.250028610229492,11.250000119338438,0.9999742262168383,1,0
205,8,t132,1000,1000,1001,-1.2278533176868223e-05,-12.125012397766113,12.125000119232936,0.9999889064160387,1,0
206,1,t102,0000,0000,0100,-0.12749092280864716,-4.424570083618164,4.297079160809517,0.8808540222882755,1,0
206,2,s01,0000,0000,0100,-0.00012647811672650278,-9.625102996826172,9.624976518709445,0.9998743442055121,1,0
206,3,t210,0000,0000,1000,-0.00023195620451588184,-8.625268936157227,8.62503697995271,0.9998122914673884,1,0
206,4,t103,0000,0000,1000,-9.798561222851276e-05,-9.5269775390625,9.526879553450271,0.9999211209905684,1,0
206,5,t203,0000,0000,1000,-6.139100150903687e-05,-9.87909984588623,9.879038454884721,0.9999470021441426,1,0
206,6,t321,0000,0000,1000,-0.00016354200488422066,-11.398457527160645,11.39829398515576,0.9999796632142283,1,0
206,7,x2,0010,0010,0000,-4.3272593757137656e-05,-11.250045776367188,11.25000250377343,0.9999699257934394,1,0
206,8,x0,1010,1010,0010,-0.02706441842019558,-3.6520533561706543,3.6249889377504587,0.9739918794695938,1,0
207,1,x0,1101,1101,0101,-0.4904279410839081,-1.722852349281311,1.232424408197403,0.6130283841814469,1,0
207,2,x3,1100,1100,1110,-0.002975860610604286,-7.697844505310059,7.694868644699454,0.9970372147870284,1,0
207,3,s32,1100,1100,1101,-0.010476566851139069,-4.635477066040039,4.6250004991889,0.9895883861240319,1,0
207,4,c30,1100,1100,0100,-0.004603396635502577,-5.506985664367676,5.502382267732173,0.9954087781834361,1,0
207,5,s10,1100,1100,1000,-0.0012910625664517283,-6.751582622528076,6.750291559961624,0.9987103220065849,1,0
207,6,s03,0101,0101,0001,-0.00021849287441000342,-9.200420379638672,9.200201886764262,0.9998199052282687,1,0
207,7,s30,1100,1100,0101,-0.034542400389909744,-3.531296491622925,3.496754091233015,0.9660569708650596,1,0
207,8,x0,0100,0100,0101,-0.0036432233173400164,-5.628643035888672,5.624999812571332,0.996369166896937,1,0
208,1,s23,0000,0000,0010,-0.4022812247276306,-1.9817116260528564,1.5794304013252258,0.6692556882384739,1,0
208,2,t213,0000,0000,1000,-0.0030043928418308496,-7.657768726348877,7.654764333507046,0.997016888761713,1,0
208,3,t203,0000,0000,1000,-0.00016985945694614202,-8.792826652526855,8.79265679306991,0.9998377340646631,1,0
208,4,t312,0000,0000,1000,-0.0013092542067170143,-7.75347375869751,7.752164504490793,0.999511092981702,1,0
208,5,s21,0000,0000,1000,-2.5152894522761926e-05,-11.661381721496582,11.66135656860206,0.9999831541168647,1,0
208,6,c20,0000,0000,1000,-7.784085755702108e-05,-9.500077247619629,9.499999406762072,0.9999223876188797,1,0
208,7,x2,0010,0010,1000,-2.0027075152029283e-05,-12.00925064086914,12.009230613793989,0.9999878096029884,1,0
208,8,s30,0010,0010,0001,-0.00276125967502594,-6.404061317443848,6.401300057768822,0.9973893740947464,1,0
209,1,c20,1111,1111,0111,-0.3483872413635254,-1.5972473621368408,1.2488601207733154,0.7059469728360593,1,0
209,2,s01,1111,1111,0111,-0.014501972123980522,-4.264433860778809,4.249931888654828,0.9856223202071338,1,0
209,3,s20,1111,1111,0111,-0.0015380361583083868,-6.753506183624268,6.751968147465959,0.9984648731136989,1,0
209,4,x1,1011,1011,0000,-0.0001037089095916599,-11.186697959899902,11.18659425099031,0.9999163307792486,1,0
209,5,c10,1011,1011,0011,-8.821253140922636e-05,-9.639269828796387,9.639181616264977,0.9999130426050933,1,0
209,6,c10,1011,1011,0011,-0.07897020876407623,-2.578953266143799,2.4999830573797226,0.924070440385731,1,0
209,7,t310,1011,1011,0011,-0.38759589195251465,-1.13695228099823,0.7493563890457153,0.6786869756543353,1,0
209,8,s12,1101,1101,1111,-0.056817054748535156,-3.1692869663238525,3.1124699115753174,0.9571671296356555,1,0
210,1,t230,1011,0011,0011,-1.1624116897583008,-0.6248887777328491,-0.5375229120254517,0.3128348134011384,0,0
210,2,s30,1011,1011,0011,-0.001140850712545216,-8.07833194732666,8.077191096614115,0.9988633073981906,1,0
210,3,t032,1001,1001,1011,-0.055221762508153915,-2.930605888366699,2.8753841258585453,0.9462849688619112,1,0
210,4,x3,1000,1000,1011,-0.0007352386019192636,-7.534332275390625,7.533597036788706,0.9992816921234245,1,0
210,5,s20,0010,0010,0000,-0.10299625992774963,-2.35390567779541,2.2509094178676605,0.9021403383679325,1,0
210,6,t230,0010,0010,1010,-0.018229199573397636,-4.01840353012085,4.000174330547452,0.9819378335012061,1,0
210,7,s01,0010,0010,0110,-0.004321923479437828,-5.504308700561523,5.499986777082086,0.995728511529766,1,0
210,8,s03,0010,0010,1001,-0.00021003089204896241,-9.045528411865234,9.045318380973185,0.9998080313658477,1,0
211,1,s02,1011,1011,0011,-0.5222210884094238,-1.543978214263916,1.0217571258544922,0.5933217613325922,1,0
211,2,t021,1111,1111,0011,-0.011812254786491394,-5.493203163146973,5.481390908360481,0.9883166722216602,1,0
211,3,s30,1111,1111,1011,-5.328583574737422e-05,-10.251919746398926,10.251866460563178,0.9999480012456767,1,0
211,4,t321,1011,1011,1111,-0.0007132077589631081,-7.625756740570068,7.625043532811105,0.9992911395505396,1,0
211,5,t023,1010,1010,1011,-0.02394690178334713,-3.773946762084961,3.749999860301614,0.9765567538743233,1,0
211,6,c21,1110,1110,1010,-0.0009740003733895719,-7.001979351043701,7.001005350670312,0.9990330565962406,1,0
211,7,x3,1111,1111,1100,-0.0007081767544150352,-7.643380641937256,7.642672465182841,0.9993117298836309,1,0
211,8,t310,0111,0111,1111,-0.1427348107099533,-2.017883539199829,1.8751487284898758,0.8669862202919182,1,0
212,1,t031,0111,0111,1000,-0.24959668517112732,-3.752903938293457,3.5033072531223297,0.779552757374962,1,0
212,2,t310,1111,1111,0111,-0.004315420053899288,-6.006048202514648,6.001732782460749,0.9956960192931057,1,0
212,3,t130,0111,0111,1111,-0.0012898714048787951,-6.752978324890137,6.751688453485258,0.9987112083371545,1,0
212,4,c01,0111,0111,1011,-0.0011470894096419215,-7.2776408195495605,7.276493730139919,0.9988542273557429,1,0
212,5,s20,1101,1101,1111,-0.0013523262459784746,-7.251492977142334,7.2501406508963555,0.9987013336287034,1,0
212,6,t312,1111,1111,1101,-0.0001622383133508265,-9.25013256072998,9.24997032241663,0.9998463319374823,1,0
212,7,x2,1101,1101,1011,-0.0009253638563677669,-7.0009565353393555,7.000031171482988,0.9990789260089228,1,0
212,8,t023,1101,1101,1100,-0.00024794056662358344,-8.750247955322266,8.750000014755642,0.9997549307282835,1,0
213,1,t301,0001,0001,0101,-0.23573702573776245,-3.659738540649414,3.4240015149116516,0.7907524877985482,1,0
213,2,t103,0001,0001,1001,-0.002880316460505128,-6.591623306274414,6.588742989813909,0.9971264142301175,1,0
213,3,c13,0001,0001,1001,-6.914015102665871e-05,-10.046582221984863,10.046513081833837,0.9999325194717725,1,0
213,4,x3,0000,0000,0011,-0.0001505566033301875,-10.630295753479004,10.630145196875674,0.9999415327426744,1,0
213,5,x1,0100,0100,0010,-0.000584567547775805,-8.026617050170898,8.026032482623123,0.9994318871929108,1,0
213,6,x0,1100,1100,0100,-0.016090745106339455,-5.26987361907959,5.25378287397325,0.9947010557249454,1,0
213,7,t120,1100,1100,1101,-0.00023304045316763222,-8.75023365020752,8.750000609754352,0.9997699416461975,1,0
213,8,t231,1100,1100,1101,-0.0005972646758891642,-7.8755974769592285,7.875000212283339,0.9994061965503878,1,0
214,1,t320,0110,0110,1110,-0.39311715960502625,-2.1302061080932617,1.7370889484882355,0.6753652548769572,1,0
214,2,c31,0110,0110,0010,-0.015553245320916176,-4.265378952026367,4.249825706705451,0.9845862601308556,1,0
214,3,x0,1110,1110,0110,-0.0034789685159921646,-6.128768444061279,6.125289475545287,0.9977681437361724,1,0
214,4,s02,1110,1110,0110,-0.010507678613066673,-4.64096736907959,4.630459690466523,0.9895502220584002,1,0
214,5,t031,1110,1110,1010,-0.02401592954993248,-3.803586483001709,3.7795705534517765,0.9762802374128529,1,0
214,6,c10,0110,0110,1110,-0.0006388829788193107,-7.38820743560791,7.387568552629091,0.9993651676952673,1,0
214,7,c21,0010,0010,0110,-6.580281478818506e-05,-10.876221656799316,10.876155853984528,0.9999475254429147,1,0
214,8,c20,1010,0010,0010,-0.9741106033325195,-0.4740910232067108,-0.5000195801258087,0.3775296846671145,0,0
215,1,t021,0011,0011,0110,-0.2208322286605835,-3.3987538814544678,3.1779216527938843,0.8022891008868059,1,0
215,2,s03,1010,1010,0011,-0.003219814272597432,-6.252699851989746,6.249480037717149,0.9968798003540097,1,0
215,3,c12,1010,1010,1011,-0.0011873100884258747,-8.376187324523926,8.3750000144355,0.9988366115856906,1,0
215,4,c10,1010,1010,0010,-0.0002476956869941205,-8.50472354888916,8.504475853202166,0.9997531933963592,1,0
215,5,t123,1010,1010,1011,-0.02376635931432247,-3.773766279220581,3.7499999199062586,0.976889661420795,1,0
215,6,t213,1010,1010,1011,-0.001503508654423058,-6.6265034675598145,6.624999958905391,0.9986085418060485,1,0
215,7,x0,0010,0010,1010,-0.0010755265830084682,-7.001906394958496,7.000830868375488,0.9990862580917855,1,0
215,8,t032,0010,0010,1010,-1.9907840396626852e-05,-11.538493156433105,11.538473248592709,0.9999842861143853,1,0
216,1,s10,1010,0110,0110,-0.9555637836456299,-0.945115864276886,-0.010447919368743896,0.38469008454314846,0,0
216,2,s30,0011,0011,0111,-0.21293865144252777,-2.287912368774414,2.0749737173318863,0.8082210931247925,1,0
216,3,t320,1011,1011,0011,-0.1452920287847519,-2.0187597274780273,1.8734676986932755,0.8647808912501468,1,0
216,4,s12,1101,1101,1111,-0.014616466127336025,-4.397426128387451,4.382809662260115,0.9856716826114263,1,0
216,5,x1,1001,1001,1111,-0.0011171606602147222,-8.501687049865723,8.500569889205508,0.9995989747581864,1,0
216,6,t123,1001,1001,1011,-0.0005353919696062803,-7.75303316116333,7.752497769193724,0.9994827077947142,1,0
216,7,c13,1001,1001,1011,-0.00033172350958921015,-8.250753402709961,8.250421679200372,0.9996696035656526,1,0
216,8,t023,1001,1001,1011,-0.00047511415323242545,-8.627018928527832,8.6265438143746,0.9997930546990691,1,0
217,1,s10,1101,1101,0101,-0.15983060002326965,-2.3436007499694824,2.1837701499462128,0.8523184702058086,1,0
217,2,c32,1111,1111,1001,-0.03444927930831909,-4.732179164886475,4.6977298855781555,0.9662228836951856,1,0
217,3,t320,0111,0111,1111,-0.17980115115642548,-1.8048744201660156,1.6250732690095901,0.8354370608677303,1,0
217,4,x1,0011,0011,1011,-0.00019084729137830436,-11.028191566467285,11.028000719175907,0.9999177908757176,1,0
217,5,c21,0111,0111,0011,-0.0004044374218210578,-8.250395774841309,8.249991337419488,0.9995969135134432,1,0
217,6,s20,1101,1101,1111,-0.003625669050961733,-6.504947185516357,6.501321516465396,0.998093925722684,1,0
217,7,x1,1001,1001,1011,-6.270294397836551e-05,-12.062565803527832,12.062503100583854,0.9999814074861456,1,0
217,8,x0,0001,0001,1001,-0.0021063259337097406,-6.877127647399902,6.875021321466193,0.9989240657207894,1,0
218,1,s03,1010,1010,0011,-0.6103664636611938,-1.485802412033081,0.8754359483718872,0.5431994143379217,1,0
218,2,x0,0010,0010,1010,-0.14746832847595215,-2.6938552856445312,2.546386957168579,0.8629485681789929,1,0
218,3,t123,0010,0010,0011,-0.0031326436437666416,-6.0031328201293945,6.000000176485628,0.996881883099569,1,0
218,4,c01,0010,0010,1010,-0.00018488289788365364,-8.964667320251465,8.964482437353581,0.9998180608535876,1,0
218,5,s02,1000,1000,0010,-0.004702128004282713,-5.379691123962402,5.37498899595812,0.9953389648594982,1,0
218,6,s01,0100,0100,1000,-7.057013863231987e-05,-11.877256393432617,11.877185823293985,0.9999838281510095,1,0
218,7,s20,0100,0100,1000,-0.0004249229095876217,-8.143183708190918,8.14275878528133,0.9995753315189981,1,0
218,8,c31,0100,0100,0000,-0.0012219405034556985,-6.876293182373047,6.875071241869591,0.9987848947284832,1,0
219,1,t310,0010,0010,1010,-0.34513598680496216,-2.0652434825897217,1.7201074957847595,0.7084349503878223,1,0
219,2,x2,0000,0000,0110,-0.0045229531824588776,-6.2563676834106445,6.251844730228186,0.9955217154014475,1,0
219,3,x1,0100,0100,0010,-0.0004920309875160456,-8.6342191696167,8.633727138629183,0.9997244185266966,1,0
219,4,s32,0100,0100,0001,-0.0018784876447170973,-7.003876686096191,7.001998198451474,0.9984242428403267,1,0
219,5,c23,0100,0100,0101,-0.00029907317366451025,-8.500298500061035,8.49999942688737,0.9997120432571461,1,0
219,6,x2,0110,0110,0000,-5.674255226040259e-05,-10.22200870513916,10.2219519625869,0.9999475753613587,1,0
219,7,c30,0110,0110,1110,-0.000510215584654361,-7.625523090362549,7.6250128747778945,0.9994904648014794,1,0
219,8,s21,0110,0110,0100,-0.0001481708459323272,-9.125240325927734,9.125092155081802,0.9998623074205432,1,0
220,1,s30,1100,1100,0101,-0.7604541182518005,-1.6288931369781494,0.8684390187263489,0.4674872946977037,1,0
220,2,x1,1000,1000,1001,-0.01964956521987915,-4.769649505615234,4.749999940395355,0.9806888543854856,1,0
220,3,x1,1100,1100,1010,-0.0009431252838112414,-7.001042366027832,7.000099240744021,0.9990738741161931,1,0
220,4,x2,1110,1110,1000,-0.0001274305977858603,-9.375226974487305,9.375099543889519,0.9998905282761795,1,0
220,5,c02,1100,1100,1010,-0.0008197170100174844,-7.125913143157959,7.1250934261479415,0.9991945423807808,1,0
220,6,x2,1110,1110,1000,-0.00033994027762673795,-8.163426399230957,8.16308645895333,0.9996633763721164,1,0
220,7,c30,1110,1110,0110,-0.011092444881796837,-4.511103630065918,4.500011185184121,0.9889692738070666,1,0
220,8,t301,1110,1110,1010,-0.016150815412402153,-4.141654014587402,4.125503199175,0.9839905427416734,1,0
221,1,c21,0111,0111,0011,-0.20349003374576569,-2.3150224685668945,2.111532434821129,0.8159960591756154,1,0
221,2,s02,1101,1101,1111,-0.03855646029114723,-4.0460028648376465,4.007446404546499,0.9622363497034264,1,0
221,3,c32,1111,1111,1001,-0.016557790338993073,-5.207325458526611,5.190767668187618,0.9837556540379576,1,0
221,4,c02,1101,1101,1011,-0.0011467206059023738,-7.001189708709717,7.000042988103814,0.9989179538016881,1,0
221,5,t130,0101,0101,1101,-0.1271846443414688,-2.127587080001831,2.0004024356603622,0.8805738953427084,1,0
221,6,x3,0100,0100,0110,-0.0005683422787114978,-8.5079984664917,8.507430124212988,0.9995599496974059,1,0
221,7,c31,0100,0100,0000,-0.0020559271797537804,-6.37731409072876,6.375258163549006,0.9979488300954769,1,0
221,8,x2,0110,0110,0000,-7.939116039779037e-05,-9.64858341217041,9.648504021010012,0.9999249325990777,1,0
222,1,x0,0100,0100,1100,-0.21962645649909973,-2.401846408843994,2.1822199523448944,0.803252197760212,1,0
222,2,x0,1100,1100,0100,-0.009503026492893696,-5.013017177581787,5.003514151088893,0.9905454768799308,1,0
222,3,t302,1100,1100,1110,-0.0005351708387024701,-7.875492095947266,7.874956925108563,0.9994697779152155,1,0
222,4,t130,1100,1100,0100,-0.00039214128628373146,-8.00074291229248,8.000350771006197,0.9996089059176011,1,0
222,5,s23,1100,1100,1110,-0.014253288507461548,-4.389236927032471,4.374983638525009,0.9863375267004051,1,0
222,6,x3,1101,1101,1000,-6.544453208334744e-05,-10.936945915222168,10.936880470690085,0.9999368302361251,1,0
222,7,x2,1111,1111,1001,-0.0003221787337679416,-8.125856399536133,8.125534220802365,0.9996827997179718,1,0
222,8,c23,1110,1110,1111,-0.0002985954633913934,-8.500298500061035,8.499999904597644,0.9997100854230485,1,0
223,1,c32,1101,1101,0011,-0.19572383165359497,-4.0869140625,3.891190230846405,0.8224866234248932,1,0
223,2,t130,0101,0101,1101,-0.07386384904384613,-2.6999599933624268,2.6260961443185806,0.928821538619359,1,0
223,3,s31,0101,0101,0110,-0.0015762937255203724,-6.7515740394592285,6.749997745733708,0.9984256064114776,1,0
223,4,x2,0111,0111,0001,-0.0003449473006185144,-8.314481735229492,8.314136787928874,0.9996634684300792,1,0
223,5,x0,1111,1111,0111,-0.0013639468234032393,-9.501429557800293,9.50006561097689,0.9998881658277284,1,0
223,6,s03,1111,1111,1110,-0.0017195750260725617,-6.3767194747924805,6.374999899766408,0.9982819444162987,1,0
223,7,t312,1101,1101,1011,-4.720633296528831e-05,-10.405360221862793,10.405313015529828,0.9999545873510801,1,0
223,8,c23,1101,1101,1111,-0.00020074097847100347,-9.283811569213867,9.283610828235396,0.9998000883355217,1,0
224,1,t230,1011,0011,0011,-0.9875316023826599,-0.7453514933586121,-0.24218010902404785,0.3725857734374913,0,0
224,2,t123,1011,1011,1110,-0.01255771517753601,-6.536937713623047,6.524379998445511,0.9875589745052086,1,0
224,3,x0,0011,0011,1011,-0.0007247843313962221,-8.383429527282715,8.382704742951319,0.9997318516582113,1,0
224,4,t123,0011,0011,0010,-0.00013946798571851104,-9.125139236450195,9.124999768464477,0.9998691888944039,1,0
224,5,x3,0010,0010,0110,-0.00015520351007580757,-11.15418815612793,11.154032952617854,0.9999563487050639,1,0
224,6,t230,0010,0010,1010,-0.003491309005767107,-5.753350734710693,5.749859425704926,0.9965151445377272,1,0
224,7,t301,0010,0010,0011,-0.00027701971703208983,-8.500276565551758,8.499999545834726,0.999726485607898,1,0
224,8,t012,0010,0010,0011,-0.0002454338828101754,-8.625245094299316,8.624999660416506,0.9997886853593331,1,0
225,1,c03,1010,1010,0011,-0.19765950739383698,-2.5083200931549072,2.3106605857610703,0.8210889077271336,1,0
225,2,t230,1010,1010,0010,-0.051741573959589005,-3.3114888668060303,3.2597472928464413,0.9495840943565623,1,0
225,3,s10,0110,0110,1110,-0.04876505210995674,-3.1188697814941406,3.070104729384184,0.9525111542968415,1,0
225,4,s32,0101,0101,1101,-0.0008271599654108286,-8.50804615020752,8.507218990242109,0.9994473498693056,1,0
225,5,c23,0101,0101,0100,-0.0003438944695517421,-8.625343322753906,8.624999428284355,0.9996618339075942,1,0
225,6,x0,1101,1101,1100,-0.005183845292776823,-8.755184173583984,8.750000328291208,0.9997613309620048,1,0
225,7,s10,1101,1101,0101,-0.00040218813228420913,-8.812146186828613,8.811743998696329,0.9995979819076481,1,0
225,8,s10,1101,1101,0101,-0.0126691535115242,-4.389233589172363,4.376564435660839,0.9874131551875488,1,0
226,1,c32,1100,1100,1110,-0.3499771058559418,-2.083035707473755,1.733058601617813,0.7050592179302311,1,0
226,2,t201,1100,1100,1000,-0.0020940066315233707,-6.972585678100586,6.970491671469063,0.9979336102551735,1,0
226,3,s02,0110,0110,1100,-0.0044835228472948074,-5.50419282913208,5.499709306284785,0.9955311032783963,1,0
226,4,x1,0010,0010,1110,-0.000706444145180285,-9.640710830688477,9.640004386543296,0.9998619370530458,1,0
226,5,c32,0010,0010,0000,-0.0003707064315676689,-8.398613929748535,8.398243223316967,0.9996691986329348,1,0
226,6,s12,0100,0100,0010,-0.00042168970685452223,-7.8754048347473145,7.87498314504046,0.9996165190282453,1,0
226,7,s23,0100,0100,0110,-0.0074695018120110035,-5.257943153381348,5.250473651569337,0.9925773632881338,1,0
226,8,s30,0100,0100,1100,-0.0009421892464160919,-7.251144886016846,7.25020269677043,0.9990595865670935,1,0
227,1,x0,0010,0010,1010,-0.42350029945373535,-2.117051362991333,1.6935510635375977,0.6550709239658791,1,0
227,2,s20,1000,1000,0010,-0.079651840031147,-2.5818581581115723,2.5022063180804253,0.9234530706189022,1,0
227,3,c10,1000,1000,1100,-0.0006435508839786053,-8.381103515625,8.380459964741021,0.9993918692215192,1,0
227,4,c10,1000,1000,0000,-0.0003189691051375121,-8.250688552856445,8.250369583751308,0.9996815226376657,1,0
227,5,s30,0001,0001,0000,-0.01985178515315056,-4.0198516845703125,3.999999899417162,0.980535308805872,1,0
227,6,c21,0001,0001,0101,-0.0033188529778271914,-5.753515720367432,5.7501968673896044,0.9966908797975335,1,0
227,7,x0,1001,1001,0001,-0.12071087956428528,-5.74466609954834,5.623955219984055,0.994707035245125,1,0
227,8,t210,1001,1001,1000,-0.00031384979956783354,-8.375313758850098,8.37499990905053,0.9996868097442553,1,0
228,1,x1,1110,1110,1000,-0.33990487456321716,-2.9678642749786377,2.6279594004154205,0.7121560605296673,1,0
228,2,c10,0110,0110,1110,-0.05207763984799385,-3.2234694957733154,3.1713918559253216,0.9492647811838986,1,0
228,3,c02,0110,0110,0100,-0.0006118329474702477,-8.514747619628906,8.514135786681436,0.9994243302543413,1,0
228,4,t302,0110,0110,0100,-3.159029802191071e-05,-11.78807258605957,11.788040995761548,0.9999711436598742,1,0
228,5,s20,1100,1100,0110,-0.06249823793768883,-2.8121092319488525,2.7496109940111637,0.9394178241613985,1,0
228,6,s13,1001,1001,1100,-0.001875721151009202,-6.378169536590576,6.376293815439567,0.998143229394808,1,0
228,7,c10,1001,1001,1101,-0.00107676035258919,-6.876297473907471,6.8752207135548815,0.9989285852502228,1,0
228,8,t321,1001,1001,1101,-0.008830871433019638,-4.759078025817871,4.7502471543848515,0.9912111222268621,1,0
229,1,c32,1110,1100,1100,-1.4610923528671265,-0.6530870199203491,-0.8080053329467773,0.23205651085213438,0,0
229,2,t201,1010,1110,1110,-1.0720843076705933,-0.43531426787376404,-0.6367700397968292,0.3423001612289315,0,0
229,3,x0,0010,0010,0110,-0.001035804278217256,-7.626034259796143,7.624998455517925,0.9990310239805646,1,0
229,4,t203,0010,0010,0000,-7.688821642659605e-05,-10.326343536376953,10.326266648160527,0.999923619970666,1,0
229,5,s02,1000,1000,0010,-0.014211490750312805,-4.264543056488037,4.250331565737724,0.9858963057026496,1,0
229,6,t210,1000,1000,0000,-0.00032017641933634877,-8.751595497131348,8.751275320712011,0.9996954485547983,1,0
229,7,c03,1001,1001,1000,-9.1432077169884e-05,-10.000091552734375,10.000000120657205,0.9999114612245411,1,0
229,8,c10,1001,1001,1000,-0.00012969363888259977,-9.125128746032715,9.124999052393832,0.9998713171520863,1,0
230,1,c02,1001,1001,0011,-0.20586459338665009,-2.4463415145874023,2.2404769212007523,0.8143238120518448,1,0
230,2,s12,1001,1001,1101,-0.10449691116809845,-2.3575685024261475,2.253071591258049,0.9012770716719612,1,0
230,3,s21,1001,1001,1101,-0.0008641276508569717,-7.25091552734375,7.250051399692893,0.9991696305211222,1,0
230,4,t032,1011,1001,1001,-1.7014940977096558,-0.20149113237857819,-1.5000029653310776,0.1824146808027999,0,0
230,5,t012,1011,1011,1111,-0.00017010483134072274,-9.129606246948242,9.129436142116901,0.9998659836446366,1,0
230,6,t302,1001,1001,1011,-0.00862988643348217,-4.75863790512085,4.750008018687367,0.9914112919014809,1,0
230,7,x0,0001,0001,1001,-0.0013361695455387235,-7.626768112182617,7.6254319426370785,0.9995039827633353,1,0
230,8,c12,0001,0001,1001,-3.147097595501691e-05,-11.013094902038574,11.01306343106262,0.9999747214360601,1,0
231,1,x0,1011,1011,0011,-0.341993123292923,-2.3345587253570557,1.9925656020641327,0.7108609792320001,1,0
231,2,c31,1111,1111,0011,-0.020829588174819946,-5.031914234161377,5.011084645986557,0.9793948161597706,1,0
231,3,s02,1111,1111,0111,-0.0007604219717904925,-7.251916408538818,7.251155986567028,0.9992398486558565,1,0
231,4,c23,1110,1110,1101,-0.0007294808747246861,-7.37591552734375,7.375186046469025,0.999308058529488,1,0
231,5,s01,1110,0110,0110,-1.4110561609268188,-0.30360665917396545,-1.1074495017528534,0.2443350026138897,0,0
231,6,c03,1111,1111,1100,-0.0009522665059193969,-7.25287389755249,7.251921631046571,0.9990585740984446,1,0
231,7,x0,0111,0111,1111,-0.00019954411254730076,-9.062840461730957,9.06264091761841,0.9998379367286772,1,0
231,8,s03,1110,1110,0111,-0.000602889689616859,-8.000516891479492,7.999914001789875,0.9994098999608108,1,0
232,1,s31,1101,1101,1010,-0.706688404083252,-1.9314532279968262,1.2247648239135742,0.49330430862889973,1,0
232,2,c32,1111,1111,1001,-0.014685345813632011,-6.041324615478516,6.026639269664884,0.9854927118176061,1,0
232,3,x3,1110,1110,1101,-0.00034008314833045006,-9.751192092895508,9.750852009747177,0.9998435568314833,1,0
232,4,c13,1111,1111,1100,-0.0006368923932313919,-8.076573371887207,8.075936479493976,0.999377129229105,1,0
232,5,c12,1101,1101,1011,-6.282264075707644e-05,-11.009855270385742,11.009792447744985,0.999974260945266,1,0
232,6,x3,1100,1100,1101,-0.00029228118364699185,-8.62529182434082,8.624999543157173,0.9997080980519372,1,0
232,7,s10,1100,1100,1000,-0.002073761075735092,-6.877819538116455,6.87574577704072,0.9979310111049452,1,0
232,8,c02,1110,1110,1000,-0.0001879846677184105,-9.47477912902832,9.474591144360602,0.999819382983794,1,0
233,1,c23,1100,1100,1101,-0.40405791997909546,-1.4040579795837402,1.0000000596046448,0.66810379811402,1,0
233,2,t301,1100,1100,1000,-0.003886062651872635,-5.807381629943848,5.803495567291975,0.9961908054865825,1,0
233,3,t130,1100,1100,0100,-0.00012337812222540379,-9.500349044799805,9.50022566667758,0.9998789578428705,1,0
233,4,c13,1101,1101,0101,-0.00032184505835175514,-9.071308135986328,9.070986290927976,0.9996797290226598,1,0
233,5,c02,1111,1111,1110,-0.0005504288710653782,-9.563051223754883,9.562500794883817,0.9998346847646212,1,0
233,6,s20,1111,1111,0111,-0.00028357701376080513,-8.500326156616211,8.50004257960245,0.9997170027205561,1,0
233,7,t012,1101,1101,1011,-0.000448968552518636,-7.750801086425781,7.750352117873263,0.9995550881749509,1,0
233,8,c32,1111,1111,1101,-0.0003332808264531195,-8.500359535217285,8.500026254390832,0.9996673548965657,1,0
234,1,c20,1011,1011,0011,-0.3856614828109741,-1.6978285312652588,1.3121670484542847,0.6801661526051089,1,0
234,2,s20,1011,1011,0011,-0.05573003366589546,-3.0785889625549316,3.022858928889036,0.9458346630667317,1,0
234,3,t021,1111,1111,1011,-0.0017358454642817378,-6.62662935256958,6.624893507105298,0.9982712958387807,1,0
234,4,c32,1101,1101,1011,-0.0003310136962682009,-9.375345230102539,9.37501421640627,0.9996721068310839,1,0
234,5,t201,1101,1101,1001,-0.0028531511779874563,-5.87786865234375,5.8750155011657625,0.9971517096971442,1,0
234,6,t203,1101,1101,1100,-0.007811399642378092,-4.882811069488525,4.874999669846147,0.9923034881945489,1,0
234,7,x2,1111,1111,1001,-8.368267299374565e-05,-9.625118255615234,9.62503457294224,0.9999209211545735,1,0
234,8,c12,1101,1101,1011,-0.00011789401469286531,-9.375829696655273,9.37571180264058,0.9999135556450666,1,0
235,1,c23,1100,1100,1101,-0.7839900851249695,-0.7839900851249695,0.0,0.45693845173972236,0,1
235,2,t012,1110,1110,1100,-0.0034338480327278376,-6.504293918609619,6.500860070576891,0.9966842974712893,1,0
235,3,t123,1111,1111,1110,-0.0007656675297766924,-7.875765323638916,7.874999656109139,0.9992478730187062,1,0
235,4,c32,1101,1101,1011,-0.00043411095975898206,-8.126214981079102,8.125780870119343,0.9995787048791909,1,0
235,5,x3,1100,1100,1000,-0.00013184119598008692,-10.025290489196777,10.025158648000797,0.9998699433600681,1,0
235,6,t301,1100,1100,1000,-0.0005637595895677805,-7.753645420074463,7.753081660484895,0.9994389818665628,1,0
235,7,c23,1100,1100,1101,-0.0032144305296242237,-5.753214359283447,5.749999928753823,0.9967924896600882,1,0
235,8,c03,1101,1101,1001,-2.8729293262585998e-05,-11.299104690551758,11.299075961258495,0.9999720415472126,1,0
236,1,c31,0110,0110,0010,-1.1609388589859009,-1.2025103569030762,0.04157149791717529,0.31339655007447,1,0
236,2,x2,0100,0100,0010,-0.005633489228785038,-6.486735820770264,6.481102331541479,0.994433275290476,1,0
236,3,s03,0100,0100,0001,-0.0004947186098434031,-8.164191246032715,8.163696527422871,0.9995088693579919,1,0
236,4,x1,0000,0000,1000,-2.038465754594654e-05,-12.179858207702637,12.17983782304509,0.9999903505887874,1,0
236,5,s01,0000,0000,0001,-3.8146949918882456e-06,-13.375003814697266,13.375000000002274,0.999996998942591,1,0
236,6,c21,0000,0000,1000,-0.000189526253961958,-10.281936645507812,10.28174711925385,0.9999468771511807,1,0
236,7,c01,0000,0000,1000,-8.022479596547782e-05,-10.62515640258789,10.625076177791925,0.9999736872109826,1,0
236,8,t203,0000,0000,0001,-2.348407724639401e-05,-12.000022888183594,11.999999404106347,0.9999881023978864,1,0
237,1,c21,0001,0001,0101,-0.5377229452133179,-1.3908694982528687,0.8531465530395508,0.5843731941931444,1,0
237,2,t132,0001,0001,0011,-0.0019438774324953556,-7.504378318786621,7.502434441354126,0.9980628137182238,1,0
237,3,c23,0001,0001,0011,-0.00030802120454609394,-9.125333786010742,9.125025764806196,0.9996947919506144,1,0
237,4,c20,0001,0001,1001,-0.00021491356892511249,-8.500277519226074,8.500062605657149,0.9997854344749234,1,0
237,5,x2,0011,0011,1001,-7.796183490427211e-05,-10.495844841003418,10.495766879168514,0.9999306825614562,1,0
237,6,x0,1011,1011,0011,-0.0027267360128462315,-6.377853870391846,6.3751271343789995,0.9982219961902845,1,0
237,7,x2,1001,1001,1111,-5.4120431741466746e-05,-10.377496719360352,10.37744259892861,0.999957210927064,1,0
237,8,t301,1101,1101,1001,-0.3868955373764038,-1.1368932723999023,0.7499977350234985,0.679164220416012,1,0
238,1,x2,0000,0000,0010,-0.17716377973556519,-3.224846363067627,3.0476825833320618,0.8384573476873548,1,0
238,2,t203,0000,0000,0100,-0.002907144371420145,-7.594050884246826,7.591143739875406,0.9971043474721089,1,0
238,3,c13,0000,0000,1000,-7.00941018294543e-05,-10.717897415161133,10.717827321059303,0.9999326772060159,1,0
238,4,c21,0000,0000,1000,-0.00011693904525600374,-10.474441528320312,10.474324589275056,0.9999395049846999,1,0
238,5,x0,1000,1000,0000,-0.0172964408993721,-8.579797744750977,8.562501303851604,0.9998080534393361,1,0
238,6,x1,1100,1100,1010,-0.000715718895662576,-7.251425743103027,7.250710024207365,0.9992882221286118,1,0
238,7,c03,1101,1101,1100,-0.00013446193770505488,-9.125134468078613,9.125000006140908,0.9998661110266471,1,0
238,8,x1,1001,1001,1000,-0.0003122842754237354,-12.250311851501465,12.249999567226041,0.9999921594989853,1,0
239,1,x1,0011,0011,1010,-0.108768992125988,-4.261912822723389,4.153143830597401,0.8973479386460332,1,0
239,2,s31,0110,0110,1010,-0.012800714001059532,-5.068051338195801,5.055250624194741,0.9873009999619833,1,0
239,3,c32,0110,0110,0100,-0.02964978851377964,-3.6624627113342285,3.632812922820449,0.9708101532440147,1,0
239,4,c01,0110,0110,0010,-0.0029201433062553406,-5.891422748565674,5.8885026052594185,0.9970928430626175,1,0
239,5,x3,0111,0111,0101,-0.0003324548015370965,-9.063582420349121,9.063249965547584,0.9997337382072686,1,0
239,6,x0,1111,1111,0111,-0.0012110747629776597,-6.8774566650390625,6.876245590276085,0.9988230329279952,1,0
239,7,x1,1011,1011,0111,-4.8517511459067464e-05,-11.359902381896973,11.359853864385514,0.9999674928977287,1,0
239,8,c31,1111,1111,0111,-0.00013517728075385094,-9.599379539489746,9.599244362208992,0.9998654243751546,1,0
240,1,s23,0001,0001,0010,-0.5738517642021179,-1.6151371002197266,1.0412853360176086,0.5635844820698419,1,0
240,2,x0,1001,1001,0001,-0.23759764432907104,-1.8245375156402588,1.5869398713111877,0.7886469034671518,1,0
240,3,c03,1000,1000,1001,-0.01418974157422781,-4.514189720153809,4.499999978579581,0.9859767592317533,1,0
240,4,x0,0000,0000,1000,-0.011511525139212608,-4.814639091491699,4.803127566352487,0.9885562872833309,1,0
240,5,s01,0000,0000,0001,-7.140495290514082e-05,-9.87507152557373,9.875000120620825,0.9999293824737919,1,0
240,6,t012,0000,0000,1000,-0.00019918382167816162,-9.387166976928711,9.386967793107033,0.9998755760773811,1,0
240,7,c03,0000,0000,1001,-2.133835914719384e-05,-11.679733276367188,11.67971193800804,0.9999789992346533,1,0
240,8,t132,0000,0000,1000,-9.655934263719246e-06,-12.3761625289917,12.376152873057435,0.9999915213953641,1,0
241,1,s32,1001,1001,1010,-0.7227998971939087,-1.455267071723938,0.7324671745300293,0.4855184034974879,1,0
241,2,c20,1001,1001,0001,-0.30195438861846924,-2.361140012741089,2.0591856241226196,0.7396655639132715,1,0
241,3,t203,1001,1001,1011,-0.006307869218289852,-6.684109210968018,6.677801341749728,0.9939018977844755,1,0
241,4,x2,1011,1011,1001,-0.0004082578525412828,-8.625432014465332,8.62502375661279,0.999598347894395,1,0
241,5,t103,1011,1011,1010,-0.0008472893387079239,-7.500847339630127,7.500000050291419,0.9991579070620882,1,0
241,6,t132,1011,1011,1111,-6.902131281094626e-05,-10.250654220581055,10.250585199268244,0.9999335716663222,1,0
241,7,t321,1111,1111,1011,-0.003258537035435438,-5.7532429695129395,5.749984432477504,0.9967492923989735,1,0
241,8,t302,1101,1101,1110,-8.070342300925404e-05,-10.169407844543457,10.169327141120448,0.9999233690365533,1,0
242,1,x2,1101,1101,0000,-0.166428804397583,-4.032160758972168,3.865731954574585,0.8469738070275004,1,0
242,2,s23,1110,1110,1111,-0.003996960818767548,-6.378996849060059,6.374999888241291,0.9960131244532486,1,0
242,3,x1,1010,1010,1011,-0.00017666278290562332,-9.375177383422852,9.375000720639946,0.9998323291688802,1,0
242,4,s01,0110,0110,1110,-0.0015233122976496816,-6.9773149490356445,6.975791636737995,0.9984828512390154,1,0
242,5,c02,0110,0110,1100,-0.000553784950170666,-8.293731689453125,8.293177904502954,0.9994642023568356,1,0
242,6,t032,0110,0110,0000,-4.112688475288451e-05,-12.097005844116211,12.096964717231458,0.9999644150687956,1,0
242,7,t032,0110,0110,1110,-2.9206104954937473e-05,-12.67679214477539,12.676762938670436,0.9999805243098356,1,0
242,8,c23,0111,0111,0110,-7.855796138755977e-05,-10.500078201293945,10.499999643332558,0.9999227486332968,1,0
243,1,s30,1101,1101,0101,-0.34814661741256714,-2.155817985534668,1.8076713681221008,0.7060396224686338,1,0
243,2,s13,1101,1101,1001,-0.07494522631168365,-3.2985892295837402,3.2236440032720566,0.9277998949199147,1,0
243,3,x1,1001,1001,0000,-0.000438625953393057,-10.346540451049805,10.346101825096412,0.9998194152199464,1,0
243,4,x1,1101,1101,0011,-0.00017320201732218266,-10.230932235717773,10.230759033700451,0.9998477795242449,1,0
243,5,s13,1101,1101,1001,-0.014236046001315117,-4.264275074005127,4.250039028003812,0.9858651267641217,1,0
243,6,s02,0111,0111,1101,-0.026379715651273727,-3.651378631591797,3.624998915940523,0.9739885440706983,1,0
243,7,s10,1011,1111,1111,-1.3153306245803833,-0.35857832431793213,-0.9567523002624512,0.27690532884261937,0,0
243,8,x3,1010,1010,1110,-0.0011119976406916976,-8.389425277709961,8.38831328006927,0.9993522107683988,1,0
244,1,t031,1100,1100,1000,-0.6870230436325073,-1.701141595840454,1.0141185522079468,0.5032460002185929,1,0
244,2,t230,1100,1100,0100,-0.0019726797472685575,-7.041238784790039,7.0392661050427705,0.998035945950144,1,0
244,3,t031,1100,1100,1000,-0.00021158019080758095,-8.637049674987793,8.636838094796985,0.9997926407079367,1,0
244,4,t201,1100,1100,1000,-9.309955930802971e-05,-9.500584602355957,9.500491502796649,0.9999139586816,1,0
244,5,s21,1010,1010,1000,-0.02397143468260765,-3.7739858627319336,3.750014428049326,0.9769329222881102,1,0
244,6,c32,1010,1010,1110,-0.00021325635316316038,-9.266010284423828,9.265797028070665,0.9998039719119194,1,0
244,7,x0,0010,0010,1010,-0.0003931959508918226,-8.813065528869629,8.812672332918737,0.9998473657615435,1,0
244,8,t032,0010,0010,1010,-1.4662698959000409e-05,-12.187275886535645,12.187261223836686,0.9999881748733253,1,0
245,1,c31,1110,1110,1010,-0.9611645936965942,-1.0910227298736572,0.129858136177063,0.3825273455786006,1,0
245,2,c31,1110,1110,1010,-0.11324931681156158,-2.241370916366577,2.1281215995550156,0.8929619781501398,1,0
245,3,c32,1110,1110,1100,-0.0007176710059866309,-8.125720024108887,8.1250023531029,0.9993949590844637,1,0
245,4,s13,1011,1011,1101,-0.31558993458747864,-1.4744293689727783,1.1588394343852997,0.729436528724931,1,0
245,5,s13,1110,1110,1011,-0.04054035618901253,-3.2900962829589844,3.249555926769972,0.9602745501711708,1,0
245,6,c10,0110,0110,1110,-0.04877262935042381,-3.0487282276153564,2.9999555982649326,0.9524101995100237,1,0
245,7,t321,0110,0110,0010,-0.002845640992745757,-5.879357814788818,5.876512173796073,0.9971654764803678,1,0
245,8,c30,0110,0110,1110,-0.018208365887403488,-4.018228054046631,4.000019688159227,0.9819569707249859,1,0
246,1,c23,0001,0001,0000,-0.148164302110672,-3.1481642723083496,2.9999999701976776,0.8625485774556508,1,0
246,2,s10,0001,0001,1001,-0.004782781004905701,-6.13106107711792,6.126278296113014,0.9952443648763533,1,0
246,3,t310,0001,0001,1001,-0.0016562003875151277,-6.50173807144165,6.500081871054135,0.9983667576554799,1,0
246,4,t021,0001,0001,1001,-0.0003547174856066704,-9.057731628417969,9.057376910932362,0.9997798154519465,1,0
246,5,s13,0100,0100,1000,-0.0019509312696754932,-6.387492656707764,6.385541725438088,0.9980522567558153,1,0
246,6,t310,0100,0100,0101,-0.0007214131765067577,-7.500721454620361,7.500000041443855,0.9992797402267403,1,0
246,7,t301,0100,0100,0101,-0.00032755188294686377,-8.250327110290527,8.24999955840758,0.999675005976791,1,0
246,8,x2,0110,0110,0000,-0.00044896858162246644,-7.755690097808838,7.755241129227215,0.9995532409542617,1,0
247,1,x2,1010,1010,1100,-0.1500377058982849,-4.166204452514648,4.0161667466163635,0.8614401363878558,1,0
247,2,t023,1011,1011,1010,-0.04547473043203354,-3.1704745292663574,3.124999798834324,0.955549207966544,1,0
247,3,t213,1011,1011,1110,-0.0003727223665919155,-8.30826473236084,8.307892009994248,0.9996325682949428,1,0
247,4,s10,0111,0111,1111,-0.02083682455122471,-3.9025843143463135,3.8817474897950888,0.9796637785631116,1,0
247,5,t320,1111,1111,0111,-0.023323897272348404,-3.7733447551727295,3.750020857900381,0.9769610603441216,1,0
247,6,c13,1110,1110,1101,-0.00047298698336817324,-8.750454902648926,8.749981915665558,0.9995669367728963,1,0
247,7,s02,1110,1110,0110,-0.006201912648975849,-5.255939483642578,5.249737570993602,0.9938171632241324,1,0
247,8,x0,0110,0110,1110,-0.0002635444689076394,-9.438697814941406,9.438434270472499,0.9998893682400186,1,0
248,1,x0,1000,1000,0000,-0.7176690101623535,-1.3477447032928467,0.6300756931304932,0.4886343941799425,1,0
248,2,x3,1001,1001,0001,-0.0029145197477191687,-7.477817535400391,7.4749030156526715,0.9970993153118887,1,0
248,3,x1,1101,1101,1011,-0.00014352456491906196,-9.930161476135254,9.930017951570335,0.9998627982370815,1,0
248,4,x1,1001,1001,1000,-3.6716246540891007e-05,-11.50003719329834,11.500000477051799,0.9999679954375902,1,0
248,5,c12,1001,1001,1011,-7.140543311834335e-05,-10.250768661499023,10.250697256065905,0.99993557842877,1,0
248,6,c31,1101,1101,1001,-0.000382625381462276,-8.38209342956543,8.381710804183967,0.9996176923137787,1,0
248,7,x1,1001,1001,1111,-7.36699003027752e-05,-11.37611198425293,11.376038314352627,0.9999831694661685,1,0
248,8,c23,1001,1001,1011,-6.782923446735367e-05,-10.250961303710938,10.25089347447647,0.9999340366181761,1,0
249,1,s12,0000,0000,0100,-0.2647254467010498,-2.710149049758911,2.4454236030578613,0.7677380557437313,1,0
249,2,c31,0000,0000,0100,-0.0022441851906478405,-7.377804756164551,7.375560570973903,0.9977828022357671,1,0
249,3,x3,0001,0001,1000,-0.00012707090354524553,-10.127755165100098,10.127628094196552,0.9998876759465394,1,0
249,4,c20,0001,0001,1001,-0.0012543475022539496,-6.751499176025391,6.750244828523137,0.9987478916749034,1,0
249,5,x3,0000,0000,0001,-0.0003528135712258518,-10.12535285949707,10.125000045925844,0.9999094092250362,1,0
249,6,t021,0000,0000,0001,-0.0011158594861626625,-6.876115322113037,6.8749994626268744,0.9988990152839132,1,0
249,7,c03,0000,0000,0001,-0.00010192202171310782,-9.875102043151855,9.875000121130142,0.9998989190725704,1,0
249,8,x0,1000,1000,0000,-0.0020748996175825596,-6.252366065979004,6.250291166361421,0.9980390417133649,1,0
250,1,x0,0100,0100,1100,-0.31836050748825073,-1.879355788230896,1.5609952807426453,0.7276998023189026,1,0
250,2,x1,0000,0000,0001,-0.0005278086173348129,-9.250528335571289,9.250000526953954,0.9995627490202287,1,0
250,3,c10,0000,0000,1000,-0.00013815735292155296,-9.125139236450195,9.125001079097274,0.9998627893505867,1,0
250,4,s03,0000,0000,0001,-1.382822847517673e-05,-11.62501335144043,11.624999523211955,0.99998609493112,1,0
250,5,x0,1000,1000,0000,-0.004931801464408636,-5.505001068115234,5.500069266650826,0.9959266194963378,1,0
250,6,s03,0001,0001,0101,-0.006888329051434994,-6.4805073738098145,6.4736190447583795,0.9981731196264877,1,0
250,7,t201,0001,0001,0000,-0.0001625950390007347,-9.250163078308105,9.250000483269105,0.999845829269256,1,0
250,8,t023,0001,0001,1001,-6.270320591283962e-05,-10.517245292663574,10.517182589457661,0.9999455356249902,1,0
251,1,x3,0110,0110,1000,-0.18518993258476257,-3.9149169921875,3.7297270596027374,0.8318467574949847,1,0
251,2,t213,0111,0111,0110,-0.4826367199420929,-0.9826367497444153,0.5000000298023224,0.6171602964291598,1,0
251,3,t120,1111,1111,0111,-0.16248849034309387,-1.9123226404190063,1.7498341500759125,0.850078961360162,1,0
251,4,c03,1110,1110,1101,-0.001063319155946374,-8.133443832397461,8.132380513241515,0.9991301382574844,1,0
251,5,x1,1010,1010,1011,-0.0001062138908309862,-10.375105857849121,10.37499964395829,0.9999290281710697,1,0
251,6,c30,1010,1010,0010,-0.01117731537669897,-4.511199951171875,4.500022635795176,0.9888855368912668,1,0
251,7,c01,1110,1110,1000,-0.0005003465921618044,-7.877517223358154,7.8770168767659925,0.9995020851097134,1,0
251,8,t032,1110,1110,1100,-0.0010163772385567427,-7.625707626342773,7.624691249104217,0.9989949065298356,1,0
252,1,c10,0010,0010,1010,-0.23800241947174072,-2.0774028301239014,1.8394004106521606,0.7885904331729033,1,0
252,2,x2,0000,0000,1000,-0.0027443228755146265,-6.955389499664307,6.952645176788792,0.9972843852956759,1,0
252,3,x0,1000,1000,0000,-0.0024395037908107042,-6.127485752105713,6.125046248314902,0.9978162322063716,1,0
252,4,x3,1001,1001,1000,-5.030577813158743e-05,-11.000049591064453,10.999999285286322,0.9999566957602176,1,0
252,5,t321,1001,1001,1101,-0.003226708620786667,-5.753241062164307,5.75001435354352,0.9967887643836209,1,0
252,6,c20,1001,1001,0001,-0.0009673249442130327,-7.004565238952637,7.003597914008424,0.9990330578741269,1,0
252,7,c02,1011,1011,0001,-4.196124064037576e-05,-11.003835678100586,11.003793716859946,0.999969291186868,1,0
252,8,s01,0111,0111,1111,-0.0013530824799090624,-7.100464344024658,7.099111261544749,0.9986613055648101,1,0
253,1,t013,1000,1000,0000,-0.19849076867103577,-3.090179681777954,2.8916889131069183,0.8205151032273916,1,0
253,2,x0,0000,0000,1000,-0.006828673183917999,-5.383241653442383,5.376412980258465,0.9942236479212131,1,0
253,3,c13,0000,0000,0001,-0.0001187264861073345,-9.125118255615234,9.124999529129127,0.999882087198693,1,0
253,4,c12,0000,0000,1000,-0.014300169423222542,-10.438013076782227,10.423712907359004,0.9999660754866112,1,0
253,5,c30,0000,0000,1000,-0.00023255072301253676,-8.375232696533203,8.37500014581019,0.999767557237339,1,0
253,6,c02,0000,0000,1000,-7.033326710370602e-06,-13.40921688079834,13.40920984747163,0.9999980314179358,1,0
253,7,s20,0000,0000,1000,-0.0005566736799664795,-7.500554084777832,7.4999974110978656,0.9994435751339495,1,0
253,8,x1,0100,0100,0010,-0.00027427790337242186,-9.500631332397461,9.500357054494089,0.9998976131241981,1,0
254,1,t012,0010,0010,0000,-0.12076415121555328,-4.303846836090088,4.183082684874535,0.8865659212897463,1,0
254,2,t130,0010,0010,1010,-0.005968513432890177,-5.255990982055664,5.250022468622774,0.994050267473196,1,0
254,3,x0,1010,1010,0010,-0.002222736133262515,-6.37855863571167,6.376335899578407,0.9982776771435213,1,0
254,4,t012,1010,1010,1000,-5.6146731367334723e-05,-10.126083374023438,10.12602722729207,0.999945813883462,1,0
254,5,x0,0010,0010,1010,-0.0005174783291295171,-7.738476276397705,7.737958798068576,0.9995014067885574,1,0
254,6,c32,0010,0010,0000,-0.00013493972073774785,-9.250179290771484,9.250044351050747,0.9998775608403523,1,0
254,7,s01,0010,0010,0110,-0.0038968503940850496,-5.628915309906006,5.625018459511921,0.9963644113356305,1,0
254,8,s03,0010,0010,1010,-0.008625579066574574,-5.234029769897461,5.225404190830886,0.9914151923137521,1,0
255,1,t123,1101,1101,1100,-0.18523678183555603,-3.435236692428589,3.249999910593033,0.8315172079253801,1,0
255,2,c32,1111,1111,1001,-0.005453308112919331,-5.819267749786377,5.813814441673458,0.9945756717566978,1,0
255,3,x1,1011,1011,1010,-0.008700071834027767,-11.446199417114258,11.43749934528023,0.9999590716058357,1,0
255,4,t013,1011,1011,1110,-0.00016879556642379612,-9.50666618347168,9.506497387905256,0.999832174997547,1,0
255,5,c02,1001,1001,1111,-5.0186448788736016e-05,-10.250650405883789,10.250600219435,0.9999543452355096,1,0
255,6,x1,1101,1101,1001,-5.769657582277432e-05,-10.687033653259277,10.686975956683455,0.9999575961756643,1,0
255,7,t120,1101,1101,1001,-6.508729711640626e-05,-10.25463581085205,10.254570723554934,0.9999363800810271,1,0
255,8,s23,1110,1110,1111,-0.002539553213864565,-6.627539157867432,6.624999604653567,0.9982689278951302,1,0
256,1,x3,1001,1001,0001,-0.11881722509860992,-4.0318379402160645,3.9130207151174545,0.8894166654083351,1,0
256,2,c31,1101,1101,1100,-0.0019844595808535814,-6.751984596252441,6.750000136671588,0.9980235184100658,1,0
256,3,s21,1011,1011,1101,-0.001184783410280943,-8.006477355957031,8.00529257254675,0.9996236734815279,1,0
256,4,c20,0011,0011,0111,-0.007245703134685755,-5.132279872894287,5.125034169759601,0.9927833181558015,1,0
256,5,s20,1001,1001,0011,-0.011114487424492836,-4.511195182800293,4.5000806953758,0.9889577009058138,1,0
256,6,x2,1011,1011,1101,-0.00046045315684750676,-9.750449180603027,9.74998872744618,0.9997141067345243,1,0
256,7,t013,1011,1011,1110,-7.438535249093547e-05,-10.314842224121094,10.314767838768603,0.9999369579117549,1,0
256,8,s20,1011,1011,0011,-0.011121274903416634,-4.515135765075684,4.504014490172267,0.988942595880528,1,0
257,1,t123,0100,0100,0101,-0.1132083535194397,-3.863208293914795,3.7499999403953552,0.8938483139033767,1,0
257,2,s30,0100,0100,0001,-0.0005172734963707626,-8.088749885559082,8.088232612062711,0.9994829316263462,1,0
257,3,c12,0110,0110,0100,-0.0008147475891746581,-8.125821113586426,8.125006365997251,0.9996336874946542,1,0
257,4,x3,0111,0111,1111,-0.00015484796313103288,-10.056361198425293,10.056206350462162,0.9998862666588592,1,0
257,5,c21,0011,0011,0010,-3.933883999707177e-05,-12.125039100646973,12.124999761806976,0.9999769394573029,1,0
257,6,s12,0101,0101,0100,-0.001201206468977034,-8.094950675964355,8.093749469495378,0.9994141150606771,1,0
257,7,x0,1101,1101,0101,-0.005882817320525646,-7.8208112716674805,7.814928454346955,0.9992510836004397,1,0
257,8,s20,0111,0111,1101,-0.001514557981863618,-6.751590251922607,6.750075693940744,0.9985483454965924,1,0
258,1,c30,0110,0110,1110,-0.5596216917037964,-1.4976686239242554,0.938046932220459,0.5717278192003632,1,0
258,2,t301,0110,0110,0010,-0.0012320650275796652,-8.89162540435791,8.89039333933033,0.9987730042393727,1,0
258,3,s10,1010,1010,1000,-0.0001560392411192879,-9.730656623840332,9.730500584599213,0.9998796280854342,1,0
258,4,s01,0110,0110,0010,-0.008015076629817486,-5.00819206237793,5.000176985748112,0.9932354895084171,1,0
258,5,t201,0110,0110,1010,-0.00012039679859299213,-9.523340225219727,9.523219828421134,0.9998885708818117,1,0
258,6,s30,0110,0110,0011,-0.0007543698884546757,-8.00235652923584,8.001602159347385,0.9992689830238451,1,0
258,7,t312,0110,0110,0100,-0.0007216133526526392,-7.376882076263428,7.376160462910775,0.9993420075846647,1,0
258,8,t213,0111,0111,0110,-0.012563061900436878,-4.3875627517700195,4.374999689869583,0.9875406469864079,1,0
259,1,s13,0110,0110,0011,-0.17778566479682922,-2.5970256328582764,2.419239968061447,0.8371511144706714,1,0
259,2,t302,0110,0110,0010,-0.025780552998185158,-5.186823844909668,5.161043291911483,0.9746638645968266,1,0
259,3,x2,0100,0100,0010,-0.0008698464371263981,-7.270170211791992,7.269300365354866,0.9991660233530159,1,0
259,4,t320,0100,0100,1100,-0.00010442476923344657,-9.750282287597656,9.750177862828423,0.9998967682656035,1,0
259,5,t301,0100,0100,0000,-0.00018214159354101866,-9.469818115234375,9.469635973640834,0.9998232152137633,1,0
259,6,c30,0100,0100,1100,-6.472970562754199e-05,-10.125237464904785,10.125172735199158,0.9999354305875633,1,0
259,7,t103,0100,0100,0000,-4.26764709118288e-05,-11.200285911560059,11.200243235089147,0.9999585697417952,1,0
259,8,c12,0110,0110,0000,-5.5908632930368185e-05,-10.95225715637207,10.95220124773914,0.9999662052927762,1,0
260,1,t102,0001,0001,0100,-0.1311858594417572,-4.253302574157715,4.122116714715958,0.877352837465497,1,0
260,2,s21,0001,0001,0101,-0.007449892349541187,-5.167470932006836,5.160021039657295,0.992599702031013,1,0
260,3,x1,0101,0101,1001,-0.0003675997140817344,-8.330833435058594,8.330465835344512,0.9996530585549642,1,0
260,4,s32,0110,0110,0101,-0.003355790860950947,-6.0034379959106445,6.000082205049694,0.996742767766155,1,0
260,5,t032,0110,0110,1110,-0.00020657987624872476,-9.990618705749512,9.990412125873263,0.9997975215560978,1,0
260,6,s31,0011,0011,0110,-0.02521318942308426,-7.779437065124512,7.7542238757014275,0.9995050105704774,1,0
260,7,c31,0111,0111,0011,-0.0036191411782056093,-5.644707202911377,5.641088061733171,0.9963907984298964,1,0
260,8,t213,0110,0110,0111,-9.786920418264344e-05,-10.125097274780273,10.12499940557609,0.999934033606134,1,0
261,1,t012,0101,0101,0111,-0.12581075727939606,-4.184051036834717,4.058240279555321,0.8823222829031028,1,0
261,2,x2,0111,0111,1101,-0.002073724055662751,-7.51964807510376,7.517574351048097,0.9979458390095626,1,0
261,3,x1,0011,0011,1111,-0.00029049126897007227,-10.465743064880371,10.465452573611401,0.9999150702461791,1,0
261,4,s31,0110,0110,1010,-0.0014669797383248806,-7.626574516296387,7.625107536558062,0.9990508133192466,1,0
261,5,s30,0110,0110,1111,-0.7751709818840027,-1.0275294780731201,0.25235849618911743,0.46068122574810866,1,0
261,6,t201,0110,0110,0010,-0.0001187296147691086,-10.139350891113281,10.139232161498512,0.9998853891376102,1,0
261,7,c10,1110,1110,0110,-0.0026827529072761536,-6.127625465393066,6.12494271248579,0.9977370090985493,1,0
261,8,s30,0111,0111,1110,-0.009472946636378765,-5.020379066467285,5.010906119830906,0.9918482629257869,1,0
262,1,c31,0010,0010,0110,-0.7673372030258179,-1.3563446998596191,0.5890074968338013,0.4643850899140766,1,0
262,2,t021,0010,0010,0110,-0.001144656678661704,-7.906284809112549,7.905140152433887,0.9988576103399999,1,0
262,3,c03,0010,0010,1011,-6.055757694412023e-05,-11.39555835723877,11.395497799661825,0.9999425781650954,1,0
262,4,c12,0010,0010,0110,-0.0006336885853670537,-9.251956939697266,9.251323251111899,0.999791392384026,1,0
262,5,t102,0010,0010,1010,-1.0967214620904997e-05,-12.146811485290527,12.146800518075906,0.9999925954814923,1,0
262,6,s03,0010,0010,0001,-1.0132762326975353e-05,-12.038052558898926,12.038042426136599,0.9999912110891246,1,0
262,7,t213,0010,0010,0011,-8.070238982327282e-05,-9.625080108642578,9.624999406252755,0.9999229859752313,1,0
262,8,t032,0010,0010,1010,-8.225420970120467e-06,-13.394975662231445,13.394967436810475,0.9999962455589633,1,0
263,1,t013,0011,0011,0110,-0.17808304727077484,-3.566760540008545,3.38867749273777,0.8371860342388685,1,0
263,2,c23,0010,0010,1010,-0.003931297920644283,-6.935157299041748,6.931226001121104,0.9960899178112457,1,0
263,3,t310,0010,0010,1010,-0.0002708280517254025,-8.750527381896973,8.750256553845247,0.9997332232381058,1,0
263,4,x3,0011,0011,0000,-0.00014125531015451998,-9.252065658569336,9.251924403259181,0.9998600797446711,1,0
263,5,x1,0111,0111,0110,-0.00029776751762256026,-8.937797546386719,8.937499778869096,0.999729613106654,1,0
263,6,s31,0111,0111,1110,-0.015647174790501595,-4.763334274291992,4.747687099501491,0.9875254415642667,1,0
263,7,x0,1111,1111,0111,-0.5707769393920898,-1.1960933208465576,0.6253163814544678,0.651327903871322,1,0
263,8,c32,1101,1101,1011,-0.0006671368610113859,-7.376125812530518,7.375458675669506,0.9993410431966784,1,0
264,1,s23,1110,1110,1101,-0.3565038740634918,-2.9312918186187744,2.5747879445552826,0.7002970355104805,1,0
264,2,s12,1110,1110,1010,-0.28188255429267883,-1.586078405380249,1.3041958510875702,0.7543684464626945,1,0
264,3,s12,1110,1110,1010,-0.007838321849703789,-4.885950565338135,4.878112243488431,0.9922434752642083,1,0
264,4,t210,0110,1110,1110,-3.0496065616607666,-0.048842351883649826,-3.0007642097771168,0.0473778031862687,0,0
264,5,c01,0110,0110,0111,-0.0004484308301471174,-9.250448226928711,9.249999796098564,0.9995582135445077,1,0
264,6,t012,0110,0110,0000,-4.31533990195021e-05,-11.837599754333496,11.837556600934477,0.9999652719577128,1,0
264,7,c13,0111,0111,0101,-0.00026975665241479874,-9.367473602294922,9.367203845642507,0.9997334609431925,1,0
264,8,c12,0101,0101,0110,-0.3133668303489685,-11.719511032104492,11.406144201755524,0.9999578643426752,1,0
265,1,s13,0010,0110,0110,-1.384437918663025,-1.2978345155715942,-0.08660340309143066,0.25050258525146496,0,0
265,2,t013,0010,0010,0110,-0.007126930635422468,-6.109419345855713,6.10229241522029,0.9929126142849829,1,0
265,3,x1,0110,0110,0000,-0.00115264393389225,-7.267289161682129,7.266136517748237,0.9989074390251559,1,0
265,4,c20,1110,1110,0110,-0.014231751672923565,-4.264227390289307,4.249995638616383,0.9858787825656613,1,0
265,5,t023,1111,1111,1110,-0.011203043162822723,-4.636202812194824,4.6249997690320015,0.988867271730986,1,0
265,6,x1,1011,1011,1010,-8.821336814435199e-05,-10.50008773803711,10.499999524668965,0.9999537281243635,1,0
265,7,t201,1111,1111,1011,-0.0013362282188609242,-7.00100040435791,6.999664176139049,0.9986655964003255,1,0
265,8,x3,1110,1110,1101,-0.0005879554664716125,-7.7509846687316895,7.750396713265218,0.9995137382563859,1,0
266,1,t032,1011,1011,1001,-0.25821781158447266,-3.0286028385162354,2.7703850269317627,0.7727654162342376,1,0
266,2,x3,1010,1010,1110,-0.002192448591813445,-7.828866481781006,7.826674033189192,0.9982244258244655,1,0
266,3,t231,1010,1010,1110,-0.029947694391012192,-3.5298972129821777,3.4999495185911655,0.9705058203663408,1,0
266,4,c30,1010,1010,0010,-0.07900414615869522,-2.580737352371216,2.5017332062125206,0.9240366832883593,1,0
266,5,s12,1100,1100,1010,-0.003810783149674535,-5.753796100616455,5.7499853174667805,0.9967791716461752,1,0
266,6,t012,1110,1110,1100,-0.006026298739016056,-5.131058692932129,5.125032394193113,0.9940472100788006,1,0
266,7,c01,1010,1010,1100,-0.0005923227872699499,-11.37507152557373,11.37447920278646,0.999961479491386,1,0
266,8,s10,0110,0110,1110,-0.006807536818087101,-5.9803924560546875,5.9735849192366,0.996398474401982,1,0
267,1,c32,1101,1101,0010,-0.18622459471225739,-4.148365497589111,3.962140902876854,0.8304587278380398,1,0
267,2,t013,1100,1100,1110,-0.01394704356789589,-5.403021812438965,5.389074768871069,0.9861586804309425,1,0
267,3,x1,1000,1000,1001,-0.0002014549681916833,-9.125201225280762,9.12499977031257,0.9998178224295575,1,0
267,4,t130,1000,1000,0000,-0.00011741771595552564,-9.53730583190918,9.537188414193224,0.9998864966782285,1,0
267,5,x1,1100,1100,1010,-0.0005718633765354753,-7.751125812530518,7.750553949153982,0.9995179512412787,1,0
267,6,s23,1100,1110,1110,-2.8123724460601807,-0.06267070770263672,-2.749701738357544,0.060067849139257334,0,0
267,7,t210,1100,1100,1000,-0.00025437126168981194,-8.502464294433594,8.502209923171904,0.9997465357844703,1,0
267,8,c21,1100,1100,1000,-0.0022070358972996473,-6.127493381500244,6.1252863456029445,0.9978020225872405,1,0
268,1,t120,0100,0100,1100,-0.2713678181171417,-1.9457588195800781,1.6743910014629364,0.7628704153769741,1,0
268,2,s31,0001,0001,0100,-0.005974802654236555,-5.255399703979492,5.249424901325256,0.9941197761254855,1,0
268,3,x0,1001,1001,1000,-0.002745123114436865,-6.127744674682617,6.12499955156818,0.9973046832162624,1,0
268,4,x2,1011,1011,1001,-0.00039800794911570847,-8.37554931640625,8.375151308457134,0.9996256245697953,1,0
268,5,t301,1111,1111,1011,-0.003800450824201107,-5.628777980804443,5.624977529980242,0.9962124383119664,1,0
268,6,x2,1101,1101,1011,-0.00020132829376962036,-8.62525749206543,8.62505616377166,0.9998030273327368,1,0
268,7,t103,1100,1100,1101,-0.0240506362169981,-3.77405047416687,3.749999837949872,0.9762447690524578,1,0
268,8,s30,0101,0101,1100,-0.1289176493883133,-2.1271591186523438,1.9982414692640305,0.8791380061244014,1,0
269,1,s30,1101,1101,0101,-0.492325097322464,-1.6623821258544922,1.1700570285320282,0.611311285000268,1,0
269,2,t102,1111,1111,1001,-0.02044270560145378,-4.461786270141602,4.441343564540148,0.9803284047148785,1,0
269,3,c01,1011,1011,0111,-0.00048594138934277,-8.135117530822754,8.134631589433411,0.9995382617294534,1,0
269,4,t130,1011,1011,0011,-0.6932269334793091,-0.6945047974586487,0.0012778639793395996,0.4999608343276067,1,0
269,5,x1,1111,1111,1001,-0.00048417551442980766,-8.768644332885742,8.768160157371312,0.9995362939220036,1,0
269,6,x1,1011,1011,0111,-0.0006632024887949228,-12.071710586547852,12.071047384059057,0.9999697003339347,1,0
269,7,t312,1011,1011,1111,-0.0004761849413625896,-9.310409545898438,9.309933360957075,0.9998296787601282,1,0
269,8,x3,1010,1010,1011,-0.00011562899453565478,-11.000115394592285,10.99999976559775,0.9999641305761904,1,0
270,1,s32,0000,0000,0001,-0.3058153986930847,-2.3058154582977295,2.0000000596046448,0.7368022922668566,1,0
270,2,s01,0000,0000,0001,-0.0026765053626149893,-6.377676486968994,6.374999981606379,0.9973289018726663,1,0
270,3,s32,0000,0000,1000,-0.0001845258375396952,-10.436999320983887,10.436814795146347,0.9998884819143332,1,0
270,4,x0,1000,1000,0000,-0.013354035094380379,-4.638358116149902,4.625004081055522,0.9902908795990772,1,0
270,5,s10,0100,0100,1000,-0.0016424066852778196,-6.8807692527771,6.879126846091822,0.9984709867527041,1,0
270,6,s23,0100,0100,0110,-0.014144091866910458,-4.388952732086182,4.374808640219271,0.9863701398803805,1,0
270,7,t132,0100,0100,1100,-6.461081648012623e-05,-10.759349822998047,10.759285212181567,0.9999398525280663,1,0
270,8,s20,0100,0100,0010,-0.00019513620645739138,-9.002388000488281,9.002192864281824,0.9998048761835953,1,0
271,1,x0,0010,0010,1010,-0.2939552664756775,-2.2674667835235596,1.973511517047882,0.7456002170859408,1,0
271,2,s32,0001,0001,0010,-0.004175304435193539,-5.522251129150391,5.518075824715197,0.9958377584704402,1,0
271,3,x0,1001,1001,1000,-0.0018195044249296188,-6.876819610595703,6.8750001061707735,0.9985091782727752,1,0
271,4,t103,1001,1001,1010,-0.0008424416300840676,-8.179502487182617,8.178660045552533,0.9991707340866177,1,0
271,5,t023,1001,1001,1011,-0.0004985585110262036,-7.756413459777832,7.755914901266806,0.9995063954262371,1,0
271,6,s30,1001,1001,1010,-0.00035935957566834986,-8.000740051269531,8.000380691693863,0.999645350433566,1,0
271,7,s31,1100,1100,1101,-0.003413483966141939,-5.753413200378418,5.749999716412276,0.9965924357281305,1,0
271,8,c13,1101,1101,1100,-0.00012671679724007845,-10.125126838684082,10.125000121886842,0.9998780778004008,1,0
272,1,t310,0101,1101,1101,-0.9119608998298645,-0.7848697304725647,-0.1270911693572998,0.40178761040975686,0,0
272,2,x0,1101,1101,1100,-0.0037207261193543673,-6.503720760345459,6.500000034226105,0.9970358338659635,1,0
272,3,s21,1011,1011,1101,-0.0003487788781058043,-9.000657081604004,9.000308302725898,0.9997983560375991,1,0
272,4,s13,1110,1110,1011,-0.001758674974553287,-6.376716136932373,6.37495746195782,0.9982530314066866,1,0
272,5,t301,1110,1110,1010,-0.008798913098871708,-4.7591776847839355,4.750378771685064,0.9912595634442387,1,0
272,6,c30,1110,1110,0110,-0.0005547039909288287,-7.7505316734313965,7.749976969440468,0.9994479474457307,1,0
272,7,t301,1110,1110,1010,-0.009943537414073944,-4.636346817016602,4.626403279602528,0.9901265541197622,1,0
272,8,t312,1110,1110,1100,-0.062358152121305466,-2.812448024749756,2.7500898726284504,0.939871864624069,1,0
273,1,x1,1000,1000,1010,-0.2564977705478668,-2.6071739196777344,2.3506761491298676,0.7741382081463963,1,0
273,2,x0,0000,0000,1000,-0.006289065349847078,-5.289350509643555,5.283061444293708,0.9937952861965443,1,0
273,3,t123,0000,0000,1000,-0.000418017094489187,-9.121797561645508,9.121379544551019,0.9997269094029999,1,0
273,4,c02,0000,0000,0001,-2.145753023796715e-05,-12.750020980834961,12.749999523304723,0.999992537946668,1,0
273,5,x2,0010,0010,1000,-2.1099902369314805e-05,-11.156961441040039,11.15694034113767,0.9999820199929625,1,0
273,6,t302,0010,0010,0000,-6.9141269705141895e-06,-12.5547513961792,12.554744482052229,0.9999938498754578,1,0
273,7,x0,1010,1010,0010,-0.0001285008038394153,-9.250128746032715,9.250000245228875,0.9998915341975361,1,0
273,8,x1,1110,1110,1010,-5.185532427276485e-05,-10.451454162597656,10.451402307273383,0.9999496175338546,1,0
274,1,t123,0011,0011,0010,-0.11256871372461319,-4.362568378448486,4.249999664723873,0.8937936982046241,1,0
274,2,x0,1011,1011,0011,-0.00527885602787137,-5.380549907684326,5.375271051656455,0.9950472936593059,1,0
274,3,c21,1111,1111,1011,-0.0010483846999704838,-7.001019477844238,6.999971093144268,0.9989599464900881,1,0
274,4,c12,1101,1101,1011,-6.842521543148905e-05,-10.875078201293945,10.875009776078514,0.9999434646055476,1,0
274,5,c23,1101,1101,1100,-0.0004974152543582022,-8.500497817993164,8.500000402738806,0.9995036575352498,1,0
274,6,x0,0101,0101,1101,-0.0010475547751411796,-11.001197814941406,11.000150260166265,0.9999681138616887,1,0
274,7,x0,1101,1101,0101,-0.0005323791410773993,-7.625566482543945,7.625034103402868,0.9994870132321192,1,0
274,8,x2,1111,1111,1001,-8.511260966770351e-05,-9.500153541564941,9.500068428955274,0.9999177686040236,1,0
275,1,x2,1111,1111,0000,-0.14404571056365967,-4.250088691711426,4.106042981147766,0.8661532338889862,1,0
275,2,t021,1011,1011,0111,-0.001238812692463398,-8.485239028930664,8.4840002162382,0.9989226729365599,1,0
275,3,x3,1010,1010,1110,-0.00027953446260653436,-9.565409660339355,9.565130125876749,0.9998025294427478,1,0
275,4,t230,1010,1010,0010,-0.0060017770156264305,-5.255650520324707,5.249648743309081,0.9940182717545183,1,0
275,5,c01,1110,1110,1000,-0.00021969327644910663,-9.128372192382812,9.128152499106363,0.9997828528047118,1,0
275,6,x2,1100,1100,1010,-0.00022540794452652335,-8.625346183776855,8.625120775832329,0.9997888225076241,1,0
275,7,t301,1100,1100,1000,-0.0007458784384652972,-7.336705207824707,7.335959329386242,0.9992637275283934,1,0
275,8,s20,0110,0110,0100,-0.0008774788584560156,-7.251094818115234,7.250217339256778,0.9991231532108321,1,0
276,1,x1,0000,0000,0100,-0.2738500237464905,-2.6739611625671387,2.400111138820648,0.7612625288951896,1,0
276,2,s20,0000,0000,1000,-0.0040054707787930965,-5.753462791442871,5.749457320664078,0.9960028734541022,1,0
276,3,x2,0010,0010,1000,-0.00013982786913402379,-9.796431541442871,9.796291713573737,0.9998706538600688,1,0
276,4,c10,0010,0010,1010,-4.73255968245212e-05,-10.625088691711426,10.625041366114601,0.9999547280251999,1,0
276,5,s12,0100,0100,0010,-0.0012055933475494385,-6.7512102127075195,6.75000461935997,0.9988200508301524,1,0
276,6,s01,1000,1000,0100,-0.2527204155921936,-1.5082371234893799,1.2555167078971863,0.7772216092564179,1,0
276,7,c12,1000,1000,1001,-0.00015258403436746448,-9.750151634216309,9.749999050181941,0.9998759130057557,1,0
276,8,t132,1000,1000,1010,-2.5510644263704307e-05,-11.125097274780273,11.12507176413601,0.999975024449336,1,0
277,1,s31,0111,0111,0011,-0.5023573637008667,-1.7043204307556152,1.2019630670547485,0.6051470316190289,1,0
277,2,c32,0101,0101,0011,-0.02815699204802513,-5.241460800170898,5.213303808122873,0.9723686968538273,1,0
277,3,s03,1100,1100,1000,-0.012026969343423843,-5.47155237197876,5.459525402635336,0.9880700095991127,1,0
277,4,c32,1100,1100,1101,-0.003340347670018673,-6.628340244293213,6.624999896623194,0.9966782756388329,1,0
277,5,x1,1000,1000,0000,-0.00018678636115510017,-10.251157760620117,10.250970974258962,0.999826465237394,1,0
277,6,x2,1010,1010,1000,-2.9325285140657797e-05,-11.625085830688477,11.625056505403336,0.9999841860505846,1,0
277,7,x0,0010,0010,1010,-0.0008498421520926058,-7.688564777374268,7.687714935222175,0.9995385554669309,1,0
277,8,t013,0010,0010,1010,-2.562988993304316e-05,-11.43793773651123,11.437912106621297,0.9999743803496935,1,0
278,1,x3,1001,1001,0001,-0.12119664251804352,-4.2551655769348145,4.133968934416771,0.8875886873791378,1,0
278,2,s31,1100,1100,1101,-0.00933072343468666,-5.509330749511719,5.500000026077032,0.9907137676210352,1,0
278,3,s31,1001,1001,1100,-0.3874005377292633,-1.1423043012619019,0.7549037635326385,0.6788428919935179,1,0
278,4,t103,1001,1001,1101,-0.0019790148362517357,-7.53925895690918,7.537279942072928,0.9980404496081202,1,0
278,5,s31,1100,1100,1001,-0.0048114340752363205,-5.381613731384277,5.376802297309041,0.9952034717379276,1,0
278,6,x0,0100,0100,0101,-0.013375822454690933,-6.263376235961914,6.250000413507223,0.9980373835465688,1,0
278,7,x1,0000,0000,0001,-0.0001325566990999505,-9.37513256072998,9.37500000403088,0.9998753718386036,1,0
278,8,t123,0000,0000,0100,-0.0004598646773956716,-8.941596031188965,8.94113616651157,0.9996032834427476,1,0
279,1,c21,1101,1001,1001,-1.7077136039733887,-0.4997738003730774,-1.2079398036003113,0.18131592076119935,0,0
279,2,t312,1111,1111,1101,-0.002535703592002392,-6.8777756690979,6.875239965505898,0.9976012254808517,1,0
279,3,t031,1011,1011,0111,-0.0002492520143277943,-8.897239685058594,8.896990433044266,0.9997912969157067,1,0
279,4,c21,1111,1111,1011,-0.002287857932969928,-6.127251625061035,6.124963767128065,0.9977166120892068,1,0
279,5,s23,1111,1111,0111,-0.00011825148249045014,-10.542333602905273,10.542215351422783,0.9999209652874791,1,0
279,6,c30,0111,0111,1111,-0.004634287673979998,-5.379755020141602,5.375120732467622,0.995379773136477,1,0
279,7,t013,0111,0111,1110,-4.3987798562739044e-05,-11.00086784362793,11.000823855829367,0.9999616662546561,1,0
279,8,s03,1110,1110,0111,-0.00018345827993471175,-9.750110626220703,9.749927167940768,0.9998461936659966,1,0
280,1,x0,1011,1011,0011,-0.21453483402729034,-3.0396156311035156,2.8250807970762253,0.8073752811401954,1,0
280,2,t102,1011,1011,1001,-0.0036155215930193663,-6.880451202392578,6.876835680799559,0.9963991901485065,1,0
280,3,x0,0011,0011,1111,-0.000295483332592994,-9.708438873291016,9.708143389958423,0.9999116873620775,1,0
280,4,c20,1011,1011,0011,-0.04305006563663483,-3.168097734451294,3.125047668814659,0.9578702944312091,1,0
280,5,x1,1111,1111,0011,-0.0001801174075808376,-9.428071022033691,9.42789090462611,0.9998340686104641,1,0
280,6,t302,1101,1101,1100,-0.00011181669833604246,-10.25011157989502,10.249999763196683,0.999891512871362,1,0
280,7,s10,1101,1101,0101,-0.0019108835840597749,-6.376834392547607,6.374923508963548,0.9980920893696338,1,0
280,8,c12,1111,1111,1110,-9.429269994143397e-05,-11.000093460083008,10.999999167383066,0.9999589398580004,1,0
281,1,x1,0001,0001,1000,-0.052928656339645386,-4.971872806549072,4.918944150209427,0.948854189607178,1,0
281,2,c10,0001,0001,1001,-0.009510807693004608,-4.760750770568848,4.751239962875843,0.9905364812106813,1,0
281,3,c13,0001,0001,0101,-0.0006134712602943182,-8.13754940032959,8.136935929069296,0.9993878885456146,1,0
281,4,x3,0000,0000,0011,-0.00020204807515256107,-9.062152862548828,9.061950814473676,0.9998388208590336,1,0
281,5,s31,0000,0000,0100,-6.353771459544078e-05,-10.37504768371582,10.374984146001225,0.9999390960243698,1,0
281,6,s02,0000,0000,1000,-0.0013780591543763876,-7.125848770141602,7.124470710987225,0.9986236171602673,1,0
281,7,s20,0000,0000,1000,-0.0006329937605187297,-7.625505447387695,7.624872453627177,0.9993671282949635,1,0
281,8,s13,0000,0000,0100,-0.0011146642500534654,-6.876049995422363,6.87493533117231,0.9988901089973077,1,0
282,1,s31,0011,0011,0110,-1.1790742874145508,-1.4324193000793457,0.2533450126647949,0.3076486714806846,1,0
282,2,s02,1001,1001,0011,-0.9338638782501221,-1.3871355056762695,0.45327162742614746,0.3933172653125137,1,0
282,3,t213,1001,1001,1101,-0.02162180095911026,-5.576766014099121,5.555144213140011,0.9787142520950524,1,0
282,4,s01,0101,0101,1001,-0.0006432131049223244,-7.549609184265137,7.548965971160214,0.9993659855796214,1,0
282,5,x1,0001,0001,1101,-0.001343649229966104,-7.350389003753662,7.349045354523696,0.9988228473086588,1,0
282,6,s20,0001,0001,1001,-0.010277684777975082,-4.634860515594482,4.624582830816507,0.9897754019274143,1,0
282,7,c12,0001,0001,1001,-0.00010227804887108505,-10.103619575500488,10.103517297451617,0.9999229623111665,1,0
282,8,x1,0101,0101,1001,-5.173603494768031e-05,-10.625844955444336,10.625793219409388,0.9999627280583976,1,0
283,1,t123,1100,1100,1101,-0.23494881391525269,-2.4849486351013184,2.2499998211860657,0.7915029011889279,1,0
283,2,s01,1100,1100,0110,-0.43307244777679443,-1.2096118927001953,0.7765394449234009,0.649051218983429,1,0
283,3,x2,1110,1110,1000,-0.00029251608066260815,-9.287627220153809,9.287334704073146,0.9997346451106024,1,0
283,4,t301,1110,1110,1010,-0.0016598075162619352,-6.502058982849121,6.500399175332859,0.9984310279652658,1,0
283,5,x0,0110,0110,1110,-0.00030072766821831465,-9.884581565856934,9.884280838188715,0.9999198478854432,1,0
283,6,c21,0010,0010,0110,-0.0006999098113738,-7.375890254974365,7.375190345162991,0.9993254029329259,1,0
283,7,x1,0110,0110,0000,-0.00016783927276264876,-10.37588882446289,10.375720985190128,0.9999255623331733,1,0
283,8,s13,0011,0011,0110,-0.0004732083762064576,-8.375483512878418,8.375010304502212,0.9996694151941574,1,0
284,1,t213,0010,0010,0011,-0.2517726719379425,-2.25177264213562,1.9999999701976776,0.7776965859951362,1,0
284,2,c12,0010,0010,0110,-0.0044477093033492565,-6.760826110839844,6.7563784015364945,0.9965073537130194,1,0
284,3,s13,0010,0010,0110,-0.009016451425850391,-4.902581691741943,4.893565240316093,0.9911102048933973,1,0
284,4,c31,0010,0010,0110,-0.0015572926495224237,-6.50160026550293,6.500042972853407,0.9984844863761074,1,0
284,5,x1,0110,0110,0000,-0.0022742643486708403,-6.143333911895752,6.141059647547081,0.997796491339071,1,0
284,6,c12,0100,0100,0010,-0.00011455672211013734,-9.508204460144043,9.508089903421933,0.9999152034316989,1,0
284,7,t203,0100,0100,0000,-0.00015412743960041553,-9.939886093139648,9.939731965700048,0.9998496225098988,1,0
284,8,c32,0100,0100,0110,-5.805384716950357e-05,-10.0000581741333,10.000000120286131,0.9999429363140756,1,0
285,1,t012,0011,0011,0111,-0.15333256125450134,-3.920912265777588,3.7675797045230865,0.8582336477239125,1,0
285,2,c13,0011,0011,1010,-0.0036547542549669743,-6.676307678222656,6.672652923967689,0.9963899796917771,1,0
285,3,c01,0011,0011,1011,-0.00014852805179543793,-9.127106666564941,9.126958138513146,0.999855737344797,1,0
285,4,c30,1011,1011,0011,-0.00874736625701189,-4.758701801300049,4.749954435043037,0.9913407069085985,1,0
285,5,t032,1001,1001,1011,-0.0005829313304275274,-7.626269817352295,7.625686886021867,0.9994317632167511,1,0
285,6,c13,1001,1001,1011,-4.1722931200638413e-05,-10.750592231750488,10.750550508819288,0.9999587790131418,1,0
285,7,c20,1001,1001,1011,-5.245125794317573e-05,-10.12506103515625,10.125008583898307,0.9999480265882176,1,0
285,8,c32,1011,1011,1001,-6.38944620732218e-05,-9.750064849853516,9.750000955391442,0.999936972683334,1,0
286,1,t302,0111,0111,1110,-0.22039474546909332,-4.085875034332275,3.865480288863182,0.8024957859405818,1,0
286,2,c30,1111,1111,0111,-0.0017032378818839788,-6.752421855926514,6.75071861804463,0.9983012912862644,1,0
286,3,t123,1110,1110,1111,-0.0023884382098913193,-6.377388000488281,6.37499956227839,0.9976717945378722,1,0
286,4,s03,0111,0111,0011,-0.002469085156917572,-6.673760890960693,6.671291805803776,0.9976995379469716,1,0
286,5,x0,1111,1111,0111,-0.027746831998229027,-3.6525182723999023,3.6247714404016733,0.9728088918816978,1,0
286,6,s10,1111,1111,1011,-0.00010526001278776675,-10.125076293945312,10.124971033932525,0.9998949749185367,1,0
286,7,x3,1110,1110,1101,-0.00037381640868261456,-8.625548362731934,8.625174546323251,0.9997135357242887,1,0
286,8,c32,1110,1110,1111,-0.00018131168326362967,-9.5001802444458,9.499998932762537,0.9998204790042788,1,0
287,1,x3,0011,0011,0010,-0.13976521790027618,-3.5147652626037598,3.3750000447034836,0.869906275300666,1,0
287,2,t102,0011,0011,1011,-0.004024668596684933,-6.7744927406311035,6.770468072034419,0.9960833587897228,1,0
287,3,x0,1011,1011,1010,-0.0012601292692124844,-8.251259803771973,8.24999967450276,0.9996519803184812,1,0
287,4,x2,1001,1001,1011,-0.00027798337396234274,-9.158879280090332,9.15860129671637,0.9997365345886983,1,0
287,5,x0,0001,0001,0011,-0.0003033659013453871,-8.7503080368042,8.750004670902854,0.9998170467841139,1,0
287,6,x3,0000,0000,0011,-0.00013517987099476159,-9.876575469970703,9.876440290099708,0.9999161813907355,1,0
287,7,t231,0000,0000,0001,-0.0013414754066616297,-7.126341342926025,7.124999867519364,0.999048003896985,1,0
287,8,t201,0000,0000,0001,-0.0015271336305886507,-6.501527309417725,6.500000175787136,0.9984752663371429,1,0
288,1,c23,0000,0000,0001,-0.18925634026527405,-2.689256191253662,2.499999850988388,0.8281106773860599,1,0
288,2,s23,0000,0000,1000,-0.0030625388026237488,-6.856955528259277,6.853892989456654,0.9969663548506525,1,0
288,3,t102,0000,0000,1000,-0.0001040649221977219,-10.285277366638184,10.285173301715986,0.9999276895488679,1,0
288,4,x0,1000,1000,0000,-0.014788773842155933,-5.265054702758789,5.250265928916633,0.9947791491539569,1,0
288,5,s13,1000,1000,0101,-5.316646274877712e-05,-10.627246856689453,10.627193690226704,0.9999604114287396,1,0
288,6,t132,1000,1000,1100,-1.8596578229335137e-05,-12.205150604248047,12.205132007669818,0.9999866084207332,1,0
288,7,x3,1001,1001,1000,-2.2649659513263032e-05,-11.250022888183594,11.25000023852408,0.9999785863638606,1,0
288,8,x1,1101,1101,1011,-2.4795423087198287e-05,-11.850470542907715,11.850445747484628,0.9999826436444186,1,0
289,1,s30,0000,0000,1000,-0.3874380886554718,-2.121356248855591,1.733918160200119,0.6790151647346114,1,0
289,2,c20,0000,0000,1000,-0.005794668570160866,-5.260952472686768,5.255157804116607,0.9942261023227046,1,0
289,3,s20,0000,0000,1000,-0.00867781974375248,-4.758628845214844,4.749951025471091,0.9913598535761042,1,0
289,4,x1,0100,0100,0010,-0.0007175586652010679,-7.3759846687316895,7.375267110066488,0.9993336178460785,1,0
289,5,x1,0000,0000,1000,-0.00012838438851758838,-11.88994312286377,11.889814738475252,0.9999733054779304,1,0
289,6,t132,0000,0000,1000,-0.0002592475211713463,-9.502409934997559,9.502150687476387,0.9999216469421179,1,0
289,7,c21,0000,0000,1000,-9.464793402003124e-05,-11.179530143737793,11.179435495803773,0.9999761170581786,1,0
289,8,s32,0000,0000,1000,-5.459664316731505e-05,-11.278481483459473,11.278426886816305,0.999981602695525,1,0
290,1,t312,1100,1100,1110,-0.2450273036956787,-2.2793736457824707,2.034346342086792,0.7833413862484409,1,0
290,2,x2,1110,1110,1000,-0.0007949638529680669,-8.787493705749512,8.786698741896544,0.9992646255327507,1,0
290,3,x2,1100,1100,1010,-0.00021336389181669801,-9.03626823425293,9.036054870361113,0.999794518301459,1,0
290,4,s13,1001,1001,1100,-0.0004450800479389727,-8.878217697143555,8.877772617095616,0.999768326447926,1,0
290,5,t321,1001,1001,1101,-0.006809520535171032,-5.006837844848633,5.000028324313462,0.993232919335421,1,0
290,6,c31,1101,1101,1001,-0.0014765532687306404,-7.001498222351074,7.000021669082344,0.9985257555587271,1,0
290,7,s10,1101,1101,0101,-0.0006715473718941212,-7.4305195808410645,7.42984803346917,0.9993288892839396,1,0
290,8,c03,1100,1100,1001,-0.00010764219041448087,-9.841052055358887,9.840944413168472,0.9998963894983685,1,0
291,1,x1,1001,1001,0000,-0.05890309438109398,-4.838769435882568,4.779866341501474,0.9429484068203312,1,0
291,2,x3,1000,1000,1011,-0.0030590896494686604,-7.351495742797852,7.348436653148383,0.9969588739641408,1,0
291,3,x2,1010,1010,1000,-6.413385563064367e-05,-10.380290985107422,10.380226851251791,0.9999455889035174,1,0
291,4,x1,1110,1110,1010,-0.0002082454739138484,-8.750763893127441,8.750555647653528,0.9997988680214872,1,0
291,5,c10,0110,0110,1110,-0.0014052246697247028,-6.751558303833008,6.750153079163283,0.998817449102024,1,0
291,6,t321,0110,0110,0010,-0.0005373950698412955,-7.628360271453857,7.627822876384016,0.9994633938202522,1,0
291,7,s02,1100,1100,1010,-0.03581282123923302,-3.812209367752075,3.776396546512842,0.9648739577296652,1,0
291,8,s03,0101,0101,0011,-0.0005301847704686224,-8.94593620300293,8.945406018232461,0.9995196495599882,1,0
292,1,c12,1000,1000,1010,-0.19298502802848816,-3.5985348224639893,3.405549794435501,0.8254209121966287,1,0
292,2,t032,1000,1000,1010,-0.0010069243144243956,-8.000978469848633,7.999971545534208,0.9990239907131004,1,0
292,3,s10,0100,0100,1000,-0.0211199801415205,-3.8962178230285645,3.875097842887044,0.9794023896255245,1,0
292,4,s31,0001,0001,0100,-0.0018375397194176912,-8.376707077026367,8.37486953730695,0.9994642016677092,1,0
292,5,t123,0001,0001,1001,-0.00187297270167619,-8.215594291687012,8.213721318985336,0.999549296860394,1,0
292,6,c21,0001,0001,0101,-0.0003728412266355008,-8.125428199768066,8.125055358541431,0.9996601889027935,1,0
292,7,c01,0001,0001,1001,-3.5643151932163164e-05,-10.5000638961792,10.500028253027267,0.999965410462938,1,0
292,8,x3,0000,0000,0011,-7.545813423348591e-05,-10.048648834228516,10.048573376094282,0.9999450058455865,1,0
293,1,c01,1110,1110,1010,-0.49390164017677307,-2.099119186401367,1.6052175462245941,0.6104115178220337,1,0
293,2,s21,1110,1110,1010,-0.14463786780834198,-2.0205893516540527,1.8759514838457108,0.8653512477964077,1,0
293,3,t120,0110,1110,1110,-2.350715160369873,-0.10056062787771225,-2.250154532492161,0.09530196361926718,0,0
293,4,s32,0101,0101,0011,-0.0023826495744287968,-6.406554222106934,6.404171572532505,0.997644682692801,1,0
293,5,x0,1101,1101,1100,-0.0021548739168792963,-6.87715482711792,6.874999953201041,0.998148432765747,1,0
293,6,t120,1101,1101,0101,-0.006824182346463203,-5.00693941116333,5.000115228816867,0.9931994593544501,1,0
293,7,s03,1101,1101,1100,-0.0005422054673545063,-7.875542163848877,7.8749999583815224,0.9994595305353247,1,0
293,8,x2,1111,1111,1001,-0.0001674790255492553,-8.875286102294922,8.875118623269373,0.9998342180231033,1,0
294,1,x2,0101,0101,1000,-0.1615656018257141,-4.087811470031738,3.926245868206024,0.8511345963399153,1,0
294,2,x1,0001,0001,1000,-0.0015778442611917853,-8.734627723693848,8.733049879432656,0.9993738402470917,1,0
294,3,s01,0001,0001,0011,-4.446475941222161e-05,-10.97525405883789,10.975209594078478,0.9999559566380749,1,0
294,4,c31,0101,0101,0001,-0.0010020131012424827,-7.008584976196289,7.007582963095047,0.9989990992611436,1,0
294,5,s12,0011,0011,0101,-0.000832302903290838,-7.875909328460693,7.8750770255574025,0.9992510924855501,1,0
294,6,x3,0010,0010,0110,-0.0003500986786093563,-9.146103858947754,9.145753760269145,0.9997553350450169,1,0
294,7,s12,0100,0100,0010,-0.6331417560577393,-0.7576249837875366,0.12448322772979736,0.531071581112718,1,0
294,8,c01,0100,0100,1100,-0.0005242967745289207,-8.679265975952148,8.67874167917762,0.9996704296530678,1,0
295,1,c20,1011,1011,0011,-0.43797969818115234,-1.51409113407135,1.0761114358901978,0.645486419935122,1,0
295,2,x0,0011,0011,0010,-0.0011971115600317717,-7.251197338104248,7.250000226544216,0.9990542711853627,1,0
295,3,t123,0011,0011,0010,-0.0007913445588201284,-7.500791072845459,7.499999728286639,0.9992984132876368,1,0
295,4,c21,0111,0111,0011,-0.0005009429878555238,-7.750479698181152,7.749978755193297,0.9995040857504648,1,0
295,5,t312,0101,0101,1101,-6.389556801877916e-05,-10.981203079223633,10.981139183655614,0.9999454609692469,1,0
295,6,s03,1100,1100,1101,-0.000255449500400573,-8.750255584716797,8.750000135216396,0.99981863253724,1,0
295,7,s03,0101,0101,0100,-0.0007802306208759546,-8.75078010559082,8.749999874969944,0.9994329103164208,1,0
295,8,s12,0011,0101,0101,-0.7576603889465332,-0.6327303647994995,-0.12493002414703369,0.46876598392311464,0,0
296,1,c03,0000,0000,0001,-0.1188371330499649,-3.8688371181488037,3.749999985098839,0.8884847760962532,1,0
296,2,s13,0000,0000,0100,-0.019156185910105705,-4.021676063537598,4.002519877627492,0.9810662141094695,1,0
296,3,s31,0000,0000,1000,-6.091486648074351e-05,-10.627038955688477,10.626978040821996,0.999953511118746,1,0
296,4,s03,0000,0000,0100,-2.264975591970142e-06,-13.908756256103516,13.908753991127924,0.9999978150716944,1,0
296,5,s30,0000,0000,1000,-3.158997424179688e-05,-10.375194549560547,10.375162959586305,0.9999684338136934,1,0
296,6,t310,0000,0000,1000,-0.00011598409037105739,-9.375185012817383,9.375069028727012,0.9999136152681759,1,0
296,7,c01,0000,0000,1000,-7.271570939337835e-05,-10.762060165405273,10.76198744969588,0.9999579671799235,1,0
296,8,x2,0010,0010,0100,-1.2874572348664515e-05,-12.00001049041748,11.999997615845132,0.9999893480086228,1,0
297,1,t120,1010,1010,0010,-0.4336802661418915,-1.6945111751556396,1.2608309090137482,0.6483528601666113,1,0
297,2,x2,1000,1000,0010,-0.003728445852175355,-7.497738838195801,7.494010392343625,0.9963054569647788,1,0
297,3,t012,1000,1000,1010,-5.555090319830924e-05,-10.375060081481934,10.375004530578735,0.9999560689236452,1,0
297,4,c13,1000,1000,1001,-0.0001449542323825881,-9.500144004821777,9.499999050589395,0.9998618765487265,1,0
297,5,t312,1000,1000,1010,-1.9431037799222395e-05,-12.375045776367188,12.375026345329388,0.9999916277943137,1,0
297,6,t102,1000,1000,1010,-7.152549187594559e-06,-12.875008583068848,12.87500143051966,0.9999946412381383,1,0
297,7,c03,1001,1001,1000,-1.966946365428157e-05,-11.500020027160645,11.50000035769699,0.9999807636237026,1,0
297,8,x0,0001,0001,1001,-0.0007528818096034229,-7.500882625579834,7.500129743770231,0.9994459419724946,1,0
298,1,s01,1100,1100,0100,-0.5096517205238342,-1.6798427104949951,1.1701909899711609,0.601149372289167,1,0
298,2,c12,1110,1110,1000,-0.007398434914648533,-6.731639385223389,6.72424095030874,0.9932502314983725,1,0
298,3,x2,1100,1100,1010,-0.00015782518312335014,-9.37024211883545,9.370084293652326,0.9998635930586942,1,0
298,4,s12,1010,1010,1000,-0.0003454408433753997,-8.875484466552734,8.875139025709359,0.9998378335986109,1,0
298,5,c02,1000,1000,0010,-5.364303433452733e-05,-10.53915786743164,10.539104224397306,0.999962848296438,1,0
298,6,c23,1000,1000,1010,-0.0004735251422971487,-7.750646114349365,7.750172589207068,0.9995324480930944,1,0
298,7,s30,0001,0001,1000,-0.2537935674190521,-1.5029900074005127,1.2491964399814606,0.7767608381822249,1,0
298,8,x2,0011,0011,0010,-0.00029166502645239234,-8.18779182434082,8.187500159314368,0.999717844181663,1,0
299,1,c12,0011,0011,0001,-0.3722216486930847,-2.191230535507202,1.8190088868141174,0.6894543091776593,1,0
299,2,c30,1011,1011,0011,-0.008503329008817673,-5.264204978942871,5.255701649934053,0.9915390814901027,1,0
299,3,s03,1011,1011,1010,-5.435890852822922e-05,-10.625053405761719,10.62499904685319,0.9999458678888102,1,0
299,4,t201,1111,1111,1011,-0.002455207286402583,-6.127431392669678,6.124976185383275,0.9975515673544871,1,0
299,5,s32,1111,1111,1110,-0.0004413864226080477,-8.500441551208496,8.500000164785888,0.9996034364606003,1,0
299,6,s01,1111,1111,0111,-0.001373177976347506,-6.876403331756592,6.875030153780244,0.9986280491399401,1,0
299,7,s10,1111,1111,1011,-0.00014662242028862238,-9.500144958496094,9.499998336075805,0.9998539446981229,1,0
299,8,x2,1101,1101,1011,-0.000446007470600307,-7.875455379486084,7.875009372015484,0.9995773445976075,1,0
