example_id,step,gate,gold_state,best_state,best_wrong_state,gold_logprob,best_wrong_logprob,margin,gold_prob16,local_correct,tie
0,1,s30,0110,1101,1101,-1.5060368776321411,-1.360389232635498,-0.14564764499664307,0.2218069924820439,0,0
0,2,c13,0111,0111,0000,-0.042283978313207626,-5.195465087890625,5.153181109577417,0.958724003529042,1,0
0,3,t132,0101,0101,0100,-0.02169891819357872,-4.646698951721191,4.625000033527613,0.9788349936514136,1,0
0,4,x2,0111,0111,0001,-0.0006777863600291312,-7.727721691131592,7.727043904771563,0.9993705973801381,1,0
0,5,c10,1111,1111,0111,-0.0011169048957526684,-7.376001834869385,7.374884929973632,0.9989953382124034,1,0
0,6,t201,1011,1011,1111,-0.007068820297718048,-5.134152889251709,5.127084068953991,0.9929599361718977,1,0
0,7,s12,1101,1101,0101,-0.00028334782109595835,-9.349137306213379,9.348853958392283,0.9997844207280709,1,0
0,8,t302,1111,1111,1001,-0.000488442659843713,-8.127525329589844,8.12703688693,0.9995270889832993,1,0
1,1,s31,1010,1010,1111,-0.6628329157829285,-2.176809072494507,1.5139761567115784,0.5156194006216157,1,0
1,2,c30,1010,1010,0010,-0.29093778133392334,-2.2558846473693848,1.9649468660354614,0.7477628266168357,1,0
1,3,t301,1010,1010,1110,-0.06267713010311127,-2.8246710300445557,2.7619938999414444,0.9392858040439289,1,0
1,4,c01,1110,1110,1111,-0.0003305401187390089,-9.375330924987793,9.375000384869054,0.9997060603262959,1,0
1,5,x2,1100,1100,1010,-0.0003679646470118314,-8.39400863647461,8.393640671827598,0.9996366529326969,1,0
1,6,s01,1100,1100,0100,-0.05635719373822212,-3.112283229827881,3.0559260360896587,0.9452369262028263,1,0
1,7,c01,1000,1000,0100,-0.00011515377991599962,-9.829391479492188,9.829276325712272,0.9999007437578052,1,0
1,8,c20,1000,0000,0000,-0.6944121718406677,-0.6939100623130798,-0.0005021095275878906,0.4993992276797364,0,0
2,1,c32,1101,1101,0000,-0.40026021003723145,-3.2126107215881348,2.8123505115509033,0.6703918260223578,1,0
2,2,s12,1011,1011,1101,-0.08543726801872253,-3.5004568099975586,3.415019541978836,0.9181292556899532,1,0
2,3,x0,0011,0011,1011,-0.008760959841310978,-4.763884544372559,4.755123584531248,0.9913409373472151,1,0
2,4,x0,1011,1011,0111,-0.0013670068001374602,-6.925154209136963,6.923787202336825,0.9986343984448829,1,0
2,5,s30,1011,1011,0011,-0.0016171223251149058,-6.567088603973389,6.565471481648274,0.9983915472250291,1,0
2,6,t120,1011,0011,0011,-0.9866154193878174,-0.47511938214302063,-0.5114960372447968,0.37283770499490226,0,0
2,7,c30,0011,0011,1001,-0.00595976784825325,-5.768374919891357,5.762415152043104,0.9940606490200722,1,0
2,8,x1,0111,0111,0110,-1.883501317934133e-05,-12.000019073486328,12.000000238473149,0.9999894078049876,1,0
3,1,t031,1111,1111,1011,-0.5120213031768799,-2.356583595275879,1.844562292098999,0.5994537075613087,1,0
3,2,s01,1111,1111,0111,-0.05570879206061363,-2.9301228523254395,2.874414060264826,0.9458385752528683,1,0
3,3,c21,1011,1011,0111,-0.07598844170570374,-3.6713876724243164,3.5953992307186127,0.9268610739013141,1,0
3,4,c30,0011,0011,1001,-0.018978340551257133,-4.087856292724609,4.068877952173352,0.9812065538838308,1,0
3,5,s10,0011,0011,1011,-0.004141878802329302,-5.87841272354126,5.8742708447389305,0.9958945445566381,1,0
3,6,s10,0011,0011,1011,-0.009495534002780914,-5.009693145751953,5.000197611749172,0.9927374173677939,1,0
3,7,x3,0010,0010,0110,-0.0007335959817282856,-7.831904888153076,7.831171292171348,0.9993409996744828,1,0
3,8,t013,0010,0010,0011,-0.0008272951818071306,-7.250827312469482,7.250000017287675,0.9991782480953725,1,0
4,1,s03,0011,0011,1010,-1.118242621421814,-1.5145381689071655,0.39629554748535156,0.3268854328601198,1,0
4,2,s23,0011,0011,0001,-0.2831918001174927,-1.9807556867599487,1.697563886642456,0.7535002573836578,1,0
4,3,s31,0110,0110,1110,-0.11162172257900238,-3.385817766189575,3.274196043610573,0.8944394183576541,1,0
4,4,x1,0010,0010,0011,-0.009525613859295845,-5.259525775909424,5.250000162050128,0.9907204316385237,1,0
4,5,x1,0110,0110,0000,-0.0018431167118251324,-6.502106189727783,6.500263073015958,0.998166610429625,1,0
4,6,c03,0110,0110,0111,-0.09438098222017288,-2.469381093978882,2.375000111758709,0.9099892758878803,1,0
4,7,s01,1010,1010,0110,-0.09209857881069183,-2.465346574783325,2.3732479959726334,0.9121365179197075,1,0
4,8,x3,1011,1011,0011,-0.0014750987756997347,-7.330991744995117,7.3295166462194175,0.9985283305511475,1,0
5,1,c32,0110,0100,0100,-2.2774648666381836,-0.34874022006988525,-1.9287246465682983,0.10258636143907303,0,0
5,2,s23,0101,0101,0110,-0.0029492590110749006,-6.739013195037842,6.736063936026767,0.997076466830973,1,0
5,3,s20,0101,0101,1101,-0.20503026247024536,-1.8477609157562256,1.6427306532859802,0.8146983515633313,1,0
5,4,t132,0111,0111,0101,-0.029755277559161186,-3.652247905731201,3.62249262817204,0.9707008628963405,1,0
5,5,x1,0011,0011,0010,-0.0003826300671789795,-8.375382423400879,8.3749997933337,0.9996424933862819,1,0
5,6,x2,0001,0001,0111,-0.014614854007959366,-4.268005847930908,4.253390993922949,0.9856443712899255,1,0
5,7,t320,0001,0001,1001,-0.578004002571106,-0.8295801281929016,0.25157612562179565,0.561250003396656,1,0
5,8,s10,0001,0001,0000,-0.0023175664246082306,-7.002317428588867,6.999999862164259,0.9979063951892548,1,0
6,1,t230,1101,1101,0101,-0.735114336013794,-1.1295883655548096,0.3944740295410156,0.47963881625300503,1,0
6,2,t031,1001,1001,1101,-0.11565855890512466,-2.5827274322509766,2.467068873345852,0.8908366164813475,1,0
6,3,x0,0001,0001,1001,-0.0035171632189303637,-5.759940147399902,5.756422984180972,0.9965756709669317,1,0
6,4,t230,0001,0001,1001,-0.6942689418792725,-0.6974356770515442,0.0031667351722717285,0.4995590695085597,1,0
6,5,c32,0011,0011,0101,-0.002616547280922532,-6.00545072555542,6.002834178274497,0.9974024896135217,1,0
6,6,t013,0011,0011,1010,-0.0021008371841162443,-6.544812202453613,6.542711365269497,0.9979203370773306,1,0
6,7,c20,1011,1011,0011,-0.0027492966037243605,-6.005737781524658,6.002988484920934,0.9972707644198782,1,0
6,8,x1,1111,1111,1110,-9.155126463156193e-05,-10.375090599060059,10.374999047795427,0.9999094776331184,1,0
7,1,t102,0110,0110,0100,-0.2915952801704407,-2.652470588684082,2.3608753085136414,0.7473626504857839,1,0
7,2,c02,0110,0110,1100,-0.008132235147058964,-5.755629539489746,5.747497304342687,0.9919147205662987,1,0
7,3,x2,0100,0100,1100,-0.00023959571262821555,-9.315681457519531,9.315441861806903,0.9997926046936848,1,0
7,4,c30,0100,0100,0101,-0.0008063312852755189,-7.7508063316345215,7.750000000349246,0.9992013670818476,1,0
7,5,x0,1100,1100,1101,-0.0004730992950499058,-8.375473022460938,8.374999923165888,0.9996379477614704,1,0
7,6,x3,1101,1101,1110,-0.00020133664656896144,-9.131088256835938,9.130886920189369,0.9998014336933257,1,0
7,7,x2,1111,1111,1001,-0.0009810335468500853,-7.034613609313965,7.033632575767115,0.9990442346680883,1,0
7,8,t120,0111,0111,1111,-0.16030143201351166,-1.9103851318359375,1.7500836998224258,0.8518965318560734,1,0
8,1,c32,0101,0101,1101,-0.21706271171569824,-3.585256814956665,3.368194103240967,0.8052234366208487,1,0
8,2,t123,0101,0101,0100,-0.028975341469049454,-4.778975486755371,4.750000145286322,0.9716065363669172,1,0
8,3,x1,0001,0001,0000,-0.00031481109908781946,-9.000313758850098,8.99999894775101,0.9997580530060136,1,0
8,4,s30,1000,1000,1001,-0.005461709573864937,-5.7554612159729,5.7499995063990355,0.994573736738356,1,0
8,5,t103,1000,1000,1001,-0.0035941957030445337,-5.753593921661377,5.749999725958332,0.9964156154595689,1,0
8,6,c13,1000,1000,1001,-0.00021993459085933864,-9.625219345092773,9.624999410501914,0.9997821173198518,1,0
8,7,t301,1000,1000,1100,-8.690218237461522e-05,-10.011430740356445,10.01134383817407,0.9999147615665782,1,0
8,8,x1,1100,1100,1010,-5.185498230275698e-05,-10.001233100891113,10.00118124590881,0.9999486467470292,1,0
9,1,c23,1100,1100,1101,-0.6174440383911133,-1.2424440383911133,0.625,0.5399797158090962,1,0
9,2,s32,1100,1100,1001,-0.032152533531188965,-3.60756254196167,3.575410008430481,0.9683672806250052,1,0
9,3,s01,1100,1100,0100,-0.3912639319896698,-1.225112795829773,0.8338488638401031,0.6767930496167881,1,0
9,4,s03,0101,0101,0111,-0.0005312685971148312,-8.501431465148926,8.500900196551811,0.9996214980681168,1,0
9,5,x2,0111,0111,0001,-0.0005871611647307873,-8.789177894592285,8.788590733427554,0.9994523092095356,1,0
9,6,t013,0111,0111,0110,-0.0002734535373747349,-9.250273704528809,9.250000250991434,0.9997321231690263,1,0
9,7,s03,1110,1110,1111,-0.004911851603537798,-5.629911422729492,5.624999571125954,0.9955120981049322,1,0
9,8,x3,1111,1111,1011,-0.0002734389854595065,-9.227548599243164,9.227275160257705,0.9997278146995385,1,0
10,1,t210,1101,1101,0101,-0.753557562828064,-1.192492961883545,0.43893539905548096,0.47094535122500397,1,0
10,2,s30,1101,1101,0101,-0.0023188856430351734,-6.916914463043213,6.914595577400178,0.9976888943387137,1,0
10,3,c31,1001,1001,0101,-0.06202900409698486,-3.841738224029541,3.779709219932556,0.9398711746769818,1,0
10,4,c32,1011,1011,0011,-0.002330154413357377,-7.042366027832031,7.040035873418674,0.9976761402015453,1,0
10,5,x0,0011,0011,1011,-0.000984555808827281,-7.350244045257568,7.349259489448741,0.9990748670172173,1,0
10,6,x0,1011,1011,0011,-0.00014864616969134659,-9.029935836791992,9.0297871906223,0.9998521082283868,1,0
10,7,t213,1011,1011,1110,-0.0019790150690823793,-7.68189001083374,7.679910995764658,0.9980364621833065,1,0
10,8,s13,1110,1110,1111,-0.06858977675437927,-3.318589687347412,3.249999910593033,0.9337704191049802,1,0
11,1,x3,1101,1101,0101,-0.18941114842891693,-3.875925064086914,3.686513915657997,0.828137607205215,1,0
11,2,x0,0101,0101,1101,-0.1260109692811966,-2.838895559310913,2.7128845900297165,0.881613813569273,1,0
11,3,t213,0101,0101,0100,-0.02888575755059719,-3.653885841369629,3.6250000838190317,0.9715524451588351,1,0
11,4,c02,0101,0101,0100,-0.0019627392757683992,-6.876962661743164,6.874999922467396,0.9980588074068882,1,0
11,5,c32,0111,0111,0001,-0.0003362655406817794,-8.841195106506348,8.840858840965666,0.9996704662716951,1,0
11,6,t120,1111,1111,0111,-0.07910484820604324,-2.5791540145874023,2.500049166381359,0.9241051500454251,1,0
11,7,s03,1111,1111,1011,-0.004550405312329531,-5.756404876708984,5.751854471396655,0.9954624707688338,1,0
11,8,c23,1110,1110,1111,-0.0015598478494212031,-7.876560211181641,7.875000363332219,0.9985906823584869,1,0
12,1,x1,0011,0011,1000,-0.12004858255386353,-4.026400089263916,3.9063515067100525,0.8870365005041981,1,0
12,2,c02,0011,0011,1011,-0.041307128965854645,-4.255646228790283,4.214339099824429,0.9595675632458728,1,0
12,3,c30,1011,1011,0011,-0.0017259926535189152,-6.769413471221924,6.767687478568405,0.9982812648368984,1,0
12,4,c31,1111,1111,0111,-0.005285646766424179,-6.826957702636719,6.821672055870295,0.9947299096156519,1,0
12,5,s10,1111,1111,0111,-0.009889288805425167,-4.634815692901611,4.624926404096186,0.9901727198444514,1,0
12,6,c13,1110,1110,1101,-0.005090063903480768,-5.760982513427734,5.755892449524254,0.995001683466695,1,0
12,7,t302,1110,1110,1100,-0.027418602257966995,-3.651615858078003,3.624197255820036,0.9729768948020253,1,0
12,8,s02,1110,1110,0110,-0.002349857473745942,-6.300670623779297,6.298320766305551,0.9976542600843029,1,0
13,1,c12,1000,1000,1100,-0.33695393800735474,-2.88161563873291,2.5446617007255554,0.7147878476692168,1,0
13,2,t120,1000,1000,0000,-0.02433839999139309,-4.567679405212402,4.543341005221009,0.9760033830522066,1,0
13,3,s12,1000,1000,0110,-0.0008510334300808609,-8.556095123291016,8.555244089860935,0.9994441224065401,1,0
13,4,s23,1000,1000,1001,-1.2874566891696304e-05,-13.000012397766113,12.999999523199222,0.9999909896453784,1,0
13,5,t201,1000,1000,1100,-0.014361420646309853,-4.266372203826904,4.2520107831805944,0.9857773345361434,1,0
13,6,s23,1000,1000,1100,-6.794920864194864e-06,-14.131957054138184,14.13195025921732,0.9999971899141098,1,0
13,7,t120,1000,1000,0000,-0.0002710474655032158,-8.258362770080566,8.258091722615063,0.9997300270136464,1,0
13,8,x3,1001,1001,1000,-4.231861385051161e-05,-10.750041007995605,10.749998689381755,0.9999731506947532,1,0
14,1,c31,1000,1000,1100,-0.42423224449157715,-1.797135591506958,1.3729033470153809,0.6546074738675626,1,0
14,2,c10,1000,1000,0000,-0.024460572749376297,-4.0466156005859375,4.022155027836561,0.9758430511752745,1,0
14,3,x3,1001,1001,0001,-0.001323095289990306,-8.500930786132812,8.499607690842822,0.9987316443982905,1,0
14,4,t013,1001,1001,1100,-0.006162276957184076,-6.1094746589660645,6.10331238200888,0.9939169785112736,1,0
14,5,c30,0001,0001,1001,-0.0029255016706883907,-5.884675979614258,5.881750477943569,0.997081353197512,1,0
14,6,s02,0001,0001,1001,-0.003741324646398425,-5.644959926605225,5.641218601958826,0.996266425052865,1,0
14,7,c12,0001,0001,1001,-0.00022350132348947227,-9.502474784851074,9.502251283527585,0.9998578151505441,1,0
14,8,s03,1000,1000,1001,-0.04357115551829338,-3.1685712337493896,3.1250000782310963,0.957412163876681,1,0
15,1,c13,1110,1110,0000,-0.30392372608184814,-3.2310712337493896,2.9271475076675415,0.7381875914778856,1,0
15,2,c01,1010,1010,1011,-0.004137150011956692,-5.75413703918457,5.749999889172614,0.995898847159475,1,0
15,3,t132,1010,1010,1000,-0.0025300621055066586,-7.37899112701416,7.3764610649086535,0.997514634615347,1,0
15,4,s01,0110,0110,1010,-0.10181815177202225,-2.353269100189209,2.2514509484171867,0.9033170705668865,1,0
15,5,t230,0110,1110,1110,-0.826151430606842,-0.5770442485809326,-0.24910718202590942,0.4377554639085522,0,0
15,6,s30,0110,0110,0011,-0.0009460730361752212,-7.126414775848389,7.1254687028122135,0.9991375554399209,1,0
15,7,x2,0100,0100,0010,-2.9086855647619814e-05,-10.877209663391113,10.877180576535466,0.9999765861348371,1,0
15,8,s20,0100,0100,0010,-0.0006120370235294104,-7.750645637512207,7.750033600488678,0.9993974647716195,1,0
16,1,c12,1000,1000,1100,-0.2789492905139923,-3.0168776512145996,2.7379283607006073,0.7573129398332386,1,0
16,2,c12,1000,1000,1100,-0.008334293961524963,-6.001499652862549,5.993165358901024,0.9917287231869568,1,0
16,3,s23,1000,1000,0011,-0.00020717176084872335,-10.08227252960205,10.082065357841202,0.9998176335145232,1,0
16,4,x1,1100,1100,1010,-0.00033351877937093377,-8.501174926757812,8.500841407978442,0.9996972870907722,1,0
16,5,s03,0101,0101,0001,-0.0024840799160301685,-6.198737621307373,6.196253541391343,0.9976184881430706,1,0
16,6,t231,0101,0101,0001,-0.14064811170101166,-2.2389097213745117,2.0982616096735,0.868997146494567,1,0
16,7,s23,0110,0110,0101,-0.04100007191300392,-3.2909629344940186,3.2499628625810146,0.9598448979752912,1,0
16,8,c32,0110,0110,0100,-0.0672169029712677,-2.818006992340088,2.75079008936882,0.9351516842591099,1,0
17,1,s10,0101,0101,1001,-0.6433384418487549,-1.0346150398254395,0.39127659797668457,0.5259139065912705,1,0
17,2,s10,1001,1001,0101,-0.045073069632053375,-3.3460803031921387,3.3010072335600853,0.956001483583672,1,0
17,3,s01,0101,0101,1001,-0.3502570390701294,-1.6979063749313354,1.347649335861206,0.704509758979655,1,0
17,4,s13,0101,0101,0001,-0.041062287986278534,-4.395721435546875,4.3546591475605965,0.9597847085876031,1,0
17,5,x1,0001,0001,1001,-0.0050120060332119465,-5.655768394470215,5.650756388437003,0.9954948426265564,1,0
17,6,c02,0001,0001,1001,-0.005326827988028526,-5.9107985496521,5.905471721664071,0.994694816299111,1,0
17,7,x2,0011,0011,1011,-0.00028405568446032703,-9.113680839538574,9.113396783854114,0.9997283689159021,1,0
17,8,t012,0011,0011,1011,-0.0002807030687108636,-8.451340675354004,8.451059972285293,0.9997235754915855,1,0
18,1,t023,1011,1011,1010,-0.8817479014396667,-1.3817479610443115,0.5000000596046448,0.41444461191547766,1,0
18,2,s23,1011,1011,1001,-0.022043932229280472,-4.514780521392822,4.492736589163542,0.9782079704055645,1,0
18,3,t013,1011,1011,1010,-0.04989699274301529,-3.5498969554901123,3.499999962747097,0.951368696612387,1,0
18,4,c03,1010,1010,1110,-0.0003364986041560769,-8.826288223266602,8.825951724662445,0.999697380519274,1,0
18,5,t102,1010,1010,1011,-0.0012106957146897912,-7.376210689544678,7.374999993829988,0.9987969213072345,1,0
18,6,c20,0010,0010,1010,-0.004423477221280336,-5.505374908447266,5.500951431225985,0.9956027902486818,1,0
18,7,t302,0010,0010,0011,-7.045091479085386e-05,-9.750070571899414,9.750000120984623,0.9999316555653711,1,0
18,8,s23,0001,0001,0010,-0.00412342743948102,-5.504321575164795,5.500198147725314,0.9958964972688912,1,0
19,1,x1,1100,1100,1010,-0.48462429642677307,-2.000904083251953,1.51627978682518,0.6162422685596156,1,0
19,2,s01,1100,1100,0100,-0.4808921813964844,-1.681542158126831,1.2006499767303467,0.6184182757862451,1,0
19,3,x1,1000,1000,1010,-0.003331464249640703,-6.753358364105225,6.750026899855584,0.9966936488048742,1,0
19,4,t023,1000,1000,1001,-0.010025735013186932,-6.010025501251221,5.999999766238034,0.99009182278962,1,0
19,5,c13,1000,1000,1100,-0.0006597376195713878,-8.631611824035645,8.630952086416073,0.9993708128804843,1,0
19,6,x3,1001,1001,1000,-5.507406604010612e-05,-10.375055313110352,10.375000239044311,0.9999468445252401,1,0
19,7,c30,0001,0001,1001,-0.0041976082138717175,-5.511038303375244,5.506840695161372,0.9958119215055774,1,0
19,8,t230,0001,0001,1001,-0.023858604952692986,-3.7821733951568604,3.7583147902041674,0.9764788140378113,1,0
20,1,c23,1111,1111,1110,-0.2285260260105133,-3.1035258769989014,2.874999850988388,0.796122564921479,1,0
20,2,t032,1101,1101,0000,-0.10822729021310806,-4.090456008911133,3.9822287186980247,0.8994436982678707,1,0
20,3,t102,1111,1111,1001,-0.0020332345739006996,-6.877816677093506,6.875783442519605,0.9979875432486394,1,0
20,4,x0,0111,0111,1101,-0.009826373308897018,-5.131392955780029,5.121566582471132,0.9906742261734072,1,0
20,5,c20,1111,1111,0111,-0.001168545801192522,-6.877581596374512,6.876413050573319,0.9988342121748237,1,0
20,6,s13,1111,1111,0111,-0.004186226055026054,-5.517775058746338,5.513588832691312,0.9958374178158712,1,0
20,7,x0,0111,0111,1111,-0.0032657377887517214,-5.915370941162109,5.912105203373358,0.9967660861475076,1,0
20,8,x1,0011,0011,0010,-7.25969293853268e-05,-11.87507152557373,11.874998928644345,0.9999768256488705,1,0
21,1,s03,1010,1010,1011,-0.8958911299705505,-1.8958910703659058,0.9999999403953552,0.40832099863736043,1,0
21,2,s20,1010,1010,0010,-0.8592313528060913,-1.7411816120147705,0.8819502592086792,0.42353806860629084,1,0
21,3,x3,1011,1011,0000,-0.11721652746200562,-3.9771199226379395,3.859903395175934,0.8895067185624395,1,0
21,4,c23,1010,1010,1011,-0.04384353384375572,-4.168843746185303,4.125000212341547,0.9824572701790085,1,0
21,5,x0,0010,0010,1010,-0.0178891122341156,-4.311056613922119,4.2931675016880035,0.9822751417366896,1,0
21,6,x0,1010,1010,0010,-0.0009510684758424759,-7.775595664978027,7.774644596502185,0.9992460192015664,1,0
21,7,x0,0010,0010,1000,-0.008759827353060246,-4.859084606170654,4.850324778817594,0.9912831517251987,1,0
21,8,c31,0010,0010,0110,-0.523506760597229,-0.8982415199279785,0.3747347593307495,0.5924507677637781,1,0
22,1,x3,0101,0101,0110,-0.16658034920692444,-3.841172933578491,3.6745925843715668,0.8471628957718143,1,0
22,2,t201,0101,0101,0100,-0.02312920242547989,-4.773129463195801,4.750000260770321,0.9771850274444138,1,0
22,3,s12,0011,0011,0101,-0.008587948977947235,-5.145931243896484,5.137343294918537,0.9919516018370023,1,0
22,4,s32,0011,0011,1010,-0.0001808339438866824,-9.323342323303223,9.323161489359336,0.9998238346734127,1,0
22,5,c23,0010,0010,0011,-0.002220184775069356,-6.252220153808594,6.249999969033524,0.997969028136845,1,0
22,6,c12,0010,0010,0000,-0.00038572028279304504,-8.375913619995117,8.375527899712324,0.9996649375141801,1,0
22,7,t321,0010,0010,0011,-0.00010740445577539504,-9.500106811523438,9.499999407067662,0.9998961217756426,1,0
22,8,x1,0110,0110,0000,-3.0278952181106433e-05,-11.750391006469727,11.750360727517545,0.9999866706470272,1,0
23,1,x3,1000,1000,1011,-0.2899293899536133,-3.4222252368927,3.132295846939087,0.7507846978480833,1,0
23,2,s21,1000,1000,1001,-0.013508431613445282,-5.388508319854736,5.374999888241291,0.9865903582799945,1,0
23,3,s30,0001,0001,0101,-0.03212025761604309,-3.779515027999878,3.747394770383835,0.9685276356337752,1,0
23,4,t201,0001,0001,1001,-0.012820743024349213,-5.218603610992432,5.205782867968082,0.9873535956727637,1,0
23,5,x1,0101,0101,0100,-0.0009441053844057024,-7.875944137573242,7.8750000321888365,0.999060910641473,1,0
23,6,s10,1001,1001,0101,-0.01911855861544609,-4.266274452209473,4.247155893594027,0.9811491234043301,1,0
23,7,t301,1101,1101,1001,-0.01413317397236824,-4.639316082000732,4.625182908028364,0.9859891770404741,1,0
23,8,s12,1011,1011,1101,-0.01540600135922432,-4.655519485473633,4.6401134841144085,0.984899012098175,1,0
24,1,s13,0110,0110,0101,-0.29663175344467163,-2.517209053039551,2.220577299594879,0.7433933307124442,1,0
24,2,x2,0100,0100,0101,-0.12950292229652405,-3.379502773284912,3.249999850988388,0.8790861200185552,1,0
24,3,c32,0100,0100,0101,-0.0005683445488102734,-8.750568389892578,8.750000045343768,0.9994473123820147,1,0
24,4,s02,0100,0100,0101,-0.0006196833564899862,-7.875619411468506,7.874999728112016,0.9993807521889577,1,0
24,5,x2,0110,0110,0000,-6.47297638352029e-05,-11.0093412399292,11.009276510165364,0.9999630953199116,1,0
24,6,c03,0110,0110,0000,-0.0033497128169983625,-7.019195556640625,7.015845843823627,0.9966630979583536,1,0
24,7,t032,0110,0110,0111,-7.271626236615703e-05,-9.875072479248047,9.87499976298568,0.9999278980711725,1,0
24,8,s21,0110,0110,0010,-0.00040036620339378715,-8.070321083068848,8.069920716865454,0.9996014554121521,1,0
25,1,c13,1100,1100,1101,-0.9267718195915222,-0.9267718195915222,0.0,0.3961000474799846,0,1
25,2,t230,1100,1100,1101,-0.07519415020942688,-3.2001941204071045,3.1249999701976776,0.9276026128781377,1,0
25,3,t320,1100,1100,0100,-0.018419934436678886,-4.026540756225586,4.008120821788907,0.9817570495275296,1,0
25,4,c21,1100,1100,1000,-0.05403686314821243,-3.054952383041382,3.0009155198931694,0.9474175096002626,1,0
25,5,t031,1100,1100,1000,-0.0028445736970752478,-6.081752777099609,6.078908203402534,0.9971760481367318,1,0
25,6,t312,1100,1100,1110,-0.07002390921115875,-2.695023775100708,2.6249998658895493,0.9323835840929173,1,0
25,7,t130,1100,1100,0100,-0.01822940818965435,-4.022277355194092,4.0040479470044374,0.981939428671893,1,0
25,8,x2,1110,1110,1000,-0.00011574749805731699,-9.304298400878906,9.304182653380849,0.9998875389110942,1,0
26,1,t210,1101,1101,0101,-0.6368796825408936,-1.3455880880355835,0.7087084054946899,0.5292729337784535,1,0
26,2,x3,1100,1100,0000,-0.04161020740866661,-4.969857215881348,4.928247008472681,0.9597430369208843,1,0
26,3,x1,1000,1000,1001,-0.00034245941787958145,-8.37534236907959,8.37499990966171,0.9996984663912255,1,0
26,4,s23,1000,1000,1001,-0.0008889035088941455,-7.625888824462891,7.6249999209539965,0.9991809390121511,1,0
26,5,c31,1000,1000,1100,-0.006036214530467987,-5.326874256134033,5.320838041603565,0.994056341263058,1,0
26,6,s21,1000,1000,1100,-0.00018369498138781637,-9.502962112426758,9.50277841744537,0.9998575069082258,1,0
26,7,s30,0001,0001,0101,-0.03601490333676338,-3.635021209716797,3.5990063063800335,0.9682739480110636,1,0
26,8,s32,0010,0010,0011,-0.0004886559327133,-8.250489234924316,8.250000578991603,0.9997071657734993,1,0
27,1,t213,1100,1100,1101,-0.4259040057659149,-1.8009040355682373,1.3750000298023224,0.6539238060570898,1,0
27,2,x0,0100,0100,1100,-0.018334252759814262,-4.409959316253662,4.391625063493848,0.9818391562176676,1,0
27,3,x0,1100,1100,1101,-0.000598131911829114,-8.250597953796387,8.249999821884558,0.9994028835728118,1,0
27,4,x1,1000,1000,1010,-0.0008926892187446356,-8.875868797302246,8.874976108083501,0.9996617979329713,1,0
27,5,t130,1000,1000,0000,-0.006908778566867113,-5.013647079467773,5.006738300900906,0.9931209506637356,1,0
27,6,x0,0000,0000,1000,-0.0016283681616187096,-6.502751350402832,6.501122982241213,0.9984335355921772,1,0
27,7,c03,0000,0000,0001,-2.7775571652455255e-05,-11.00002670288086,10.999998927309207,0.9999724300962344,1,0
27,8,s31,0000,0000,0100,-0.00011110039486084133,-9.750243186950684,9.750132086555823,0.9999350368600619,1,0
28,1,x1,1111,1111,1001,-0.3477361500263214,-3.0592875480651855,2.711551398038864,0.7065509420740413,1,0
28,2,x3,1110,1110,0000,-0.044521331787109375,-5.021114349365234,4.976593017578125,0.9579097581639682,1,0
28,3,c01,1010,1010,1011,-0.0005933373467996716,-7.875593185424805,7.874999848078005,0.9994430098740997,1,0
28,4,t320,1010,0010,0010,-0.8265554904937744,-0.5799759030342102,-0.2465795874595642,0.43755815445120727,0,0
28,5,x1,1110,1110,0010,-0.0002022817643592134,-9.427477836608887,9.427275554844528,0.999798314665877,1,0
28,6,c02,1100,1100,1010,-0.0003699847438838333,-9.25048542022705,9.250115435483167,0.9996390252630957,1,0
28,7,c23,1100,1100,1101,-0.0060496036894619465,-5.256049156188965,5.249999552499503,0.9939900886560283,1,0
28,8,c21,1100,1100,1000,-0.10303851962089539,-2.3534576892852783,2.250419169664383,0.9021094355289518,1,0
29,1,t312,0100,0100,0110,-0.3657662868499756,-1.969463586807251,1.6036972999572754,0.6942300362166512,1,0
29,2,s12,0010,0010,0000,-0.01141966413706541,-4.775529861450195,4.76411019731313,0.9888379765436259,1,0
29,3,s21,0100,0100,0010,-0.003884055884554982,-6.003422260284424,5.999538204399869,0.9962998436716484,1,0
29,4,t230,0100,0100,0101,-0.000503497663885355,-8.750502586364746,8.74999908870086,0.9995059181138398,1,0
29,5,t130,0100,0100,1100,-0.00037902797339484096,-8.000743865966797,8.000364837993402,0.9996237276945241,1,0
29,6,t013,0100,0100,0000,-8.642439934192225e-05,-10.624767303466797,10.624680879067455,0.9999164289247977,1,0
29,7,x2,0110,0110,0000,-2.646433495101519e-05,-11.702597618103027,11.702571153768076,0.999985016054286,1,0
29,8,t210,1110,1110,0110,-0.0006064638728275895,-8.000606536865234,8.000000072992407,0.9994656931197221,1,0
30,1,t120,1110,0110,0110,-1.402162790298462,-0.5102386474609375,-0.8919241428375244,0.24614606438413594,0,0
30,2,s21,1110,1110,0111,-0.021882835775613785,-4.381035327911377,4.359152492135763,0.9783572477041744,1,0
30,3,c10,0110,0110,1110,-0.004097607918083668,-5.640956878662109,5.636859270744026,0.9959425995848376,1,0
30,4,c01,0110,0110,0010,-0.000234116188948974,-9.25339126586914,9.253157149680192,0.9998087730292246,1,0
30,5,x2,0100,0100,0010,-6.532586121466011e-05,-10.254922866821289,10.254857540960074,0.9999477409264488,1,0
30,6,s20,0100,0100,1100,-0.0003429403295740485,-8.501940727233887,8.501597786904313,0.9996671274568196,1,0
30,7,x1,0000,0000,0110,-0.00015115327551029623,-9.625127792358398,9.624976639082888,0.9999088998592329,1,0
30,8,s10,0000,0000,1000,-0.0007957936031743884,-7.250945568084717,7.250149774481542,0.999250697844677,1,0
31,1,t012,0011,0011,0111,-0.2184857875108719,-3.5828359127044678,3.364350125193596,0.8040831704325133,1,0
31,2,t310,0011,0011,1011,-0.2528435289859772,-1.502366065979004,1.2495225369930267,0.7766028629675075,1,0
31,3,t320,1011,1011,0011,-0.00984828919172287,-4.636322975158691,4.6264746859669685,0.9902128229390451,1,0
31,4,x1,1111,1111,0011,-0.000653111026622355,-8.716416358947754,8.715763247921132,0.999348969037779,1,0
31,5,t203,1110,1110,0110,-0.0036831889301538467,-6.408112049102783,6.404428860172629,0.9964506486173081,1,0
31,6,s01,1110,1110,0110,-0.03131471946835518,-3.5329718589782715,3.5016571395099163,0.9692996108741413,1,0
31,7,t230,1110,1110,0110,-0.3879924714565277,-1.1414653062820435,0.7534728348255157,0.6784643643765762,1,0
31,8,x0,0110,0110,1100,-0.0042219203896820545,-5.617303371429443,5.613081451039761,0.9958770551816731,1,0
32,1,x1,1000,1000,1010,-0.37259718775749207,-2.4155311584472656,2.0429339706897736,0.6892028500137521,1,0
32,2,x0,0000,0000,0001,-0.020525719970464706,-4.7705254554748535,4.749999735504389,0.9797082772406808,1,0
32,3,s13,0000,0000,0100,-0.005101995542645454,-5.492553234100342,5.487451238557696,0.9949430213317079,1,0
32,4,x0,1000,1000,0000,-0.0003046755155082792,-8.62891674041748,8.628612064901972,0.9997138919058641,1,0
32,5,s23,1000,1000,0001,-6.639812636421993e-05,-10.530982971191406,10.530916573065042,0.9999354528746568,1,0
32,6,t102,1000,1000,0000,-0.0003357799432706088,-9.516593933105469,9.516258153162198,0.9996821529516428,1,0
32,7,x0,0000,0000,1000,-0.0022257165983319283,-6.129264831542969,6.127039114944637,0.9977954930587429,1,0
32,8,c32,0000,0000,0001,-1.5497169442824088e-05,-12.000015258789062,11.99999976161962,0.9999852272760056,1,0
33,1,s02,0011,0011,1001,-0.9150980114936829,-1.4632972478866577,0.5481992363929749,0.4005633103547656,1,0
33,2,c02,0011,0011,1001,-0.102706678211689,-2.787273645401001,2.684566967189312,0.9025285138644237,1,0
33,3,t301,0011,0011,1011,-0.0003585442609619349,-8.890389442443848,8.890030898182886,0.9996487190948179,1,0
33,4,s10,0011,0011,1011,-0.0033401180990040302,-6.253312110900879,6.249971992801875,0.9978964049287439,1,0
33,5,c02,0011,0011,1011,-3.790811388171278e-05,-10.524918556213379,10.524880648099497,0.9999636140718348,1,0
33,6,t021,0011,0011,1011,-0.0001449498231522739,-9.608305931091309,9.608160981268156,0.9999122884485295,1,0
33,7,x2,0001,0001,0011,-0.00013339059660211205,-10.550442695617676,10.550309305021074,0.9999385498872991,1,0
33,8,c32,0011,0011,0001,-5.078262256574817e-05,-10.750053405761719,10.750002623139153,0.9999661571388179,1,0
34,1,s23,1100,1100,1101,-0.5938718318939209,-2.718871593475342,2.124999761581421,0.5525079508657065,1,0
34,2,t013,1101,1101,1100,-0.052510302513837814,-3.3025102615356445,3.2499999590218067,0.9490080921575075,1,0
34,3,t102,1111,1111,1001,-0.0009736681240610778,-8.226484298706055,8.225510630581994,0.9990471641428921,1,0
34,4,s21,1111,1111,1011,-0.001750448253005743,-6.376738548278809,6.374988100025803,0.9982530715316006,1,0
34,5,c20,0111,0111,1111,-0.0053565301932394505,-5.255470275878906,5.250113745685667,0.9946597961312331,1,0
34,6,t012,0111,0111,0110,-7.331246160902083e-05,-10.000073432922363,10.000000120460754,0.9999301353260508,1,0
34,7,x2,0101,0101,0011,-0.00027546181809157133,-10.875041007995605,10.874765546177514,0.999971134886001,1,0
34,8,t132,0111,0111,0101,-0.03816862031817436,-3.288180112838745,3.2500114925205708,0.9626110194460064,1,0
35,1,x2,0110,0110,0101,-0.5031543374061584,-1.5548475980758667,1.0516932606697083,0.6050574914667998,1,0
35,2,t312,0110,0110,0100,-0.039370156824588776,-3.550788640975952,3.5114184841513634,0.9614232784460035,1,0
35,3,c30,0110,0110,1110,-0.0007837175508029759,-8.260703086853027,8.259919369302224,0.9992278859684107,1,0
35,4,t032,0110,0110,0111,-0.0001358956506010145,-9.75013542175293,9.749999526102329,0.9998703265163328,1,0
35,5,x0,1110,1110,0110,-0.00020478824444580823,-9.384012222290039,9.383807434045593,0.9998789571248158,1,0
35,6,s20,1110,1110,1100,-0.0015502432361245155,-6.626767635345459,6.6252173921093345,0.9984637761564229,1,0
35,7,s03,0111,0111,0011,-0.0002711830602493137,-9.207094192504883,9.206823009444633,0.9998347212097493,1,0
35,8,c02,0111,0111,0110,-0.002497585956007242,-6.00249719619751,5.9999996102415025,0.9975064744673481,1,0
36,1,s20,0001,0001,1001,-0.756007969379425,-1.7629523277282715,1.0069443583488464,0.469606210735982,1,0
36,2,x1,0101,0101,0011,-0.02950426936149597,-4.658200263977051,4.628695994615555,0.9710128143448608,1,0
36,3,c23,0101,0101,0100,-0.014003593474626541,-5.264003276824951,5.249999683350325,0.9861743558383814,1,0
36,4,s32,0110,0110,0101,-0.002303089713677764,-6.12726354598999,6.1249604562763125,0.9977552994785983,1,0
36,5,x0,1110,1110,0110,-0.0014027183642610908,-6.758310317993164,6.756907599628903,0.9986429294232864,1,0
36,6,c23,1111,1111,1110,-0.000588245689868927,-8.500588417053223,8.500000171363354,0.9994136040030069,1,0
36,7,s30,1111,1111,1011,-0.007947998121380806,-5.289320945739746,5.281372947618365,0.9920877619483529,1,0
36,8,t132,1101,1101,1011,-0.002387744840234518,-6.76238489151001,6.759997146669775,0.9976356525341312,1,0
37,1,x2,1100,1100,0000,-0.20509687066078186,-3.7521591186523438,3.547062247991562,0.8147163457259321,1,0
37,2,c03,1101,1101,0000,-0.024643516167998314,-5.696759223937988,5.67211570776999,0.9757583253434583,1,0
37,3,c31,1001,1001,0101,-0.06242264807224274,-3.650815010070801,3.588392361998558,0.9394985227089839,1,0
37,4,t321,1001,1001,1101,-0.025331860408186913,-3.944246292114258,3.918914431706071,0.9749991373650919,1,0
37,5,s21,1001,1001,1011,-0.0010811482788994908,-7.751408100128174,7.750326951849274,0.9989197183566463,1,0
37,6,c23,1001,1001,1011,-0.0008275402942672372,-8.774054527282715,8.773226986988448,0.9991908495490658,1,0
37,7,c31,1101,1101,0001,-0.0004575515049509704,-8.328447341918945,8.327989790413994,0.9995425859737435,1,0
37,8,x3,1100,1100,1101,-0.0006731055909767747,-8.500673294067383,8.500000188476406,0.9993515543769727,1,0
38,1,s03,1010,1010,0011,-0.801910400390625,-1.568610429763794,0.766700029373169,0.44855430815947694,1,0
38,2,t103,1010,1010,1011,-0.9052515625953674,-1.2802515029907227,0.3749999403953552,0.4047107088251057,1,0
38,3,t031,1010,1010,1110,-0.4307226836681366,-1.0713998079299927,0.6406771242618561,0.6500528478718786,1,0
38,4,c03,1011,1011,1001,-0.0004110039444640279,-9.224488258361816,9.224077254417352,0.9995965279725174,1,0
38,5,t102,1011,1011,1010,-0.0015593897551298141,-7.251559257507324,7.249999867752194,0.9984753378742008,1,0
38,6,t013,1011,1011,1010,-0.004760664887726307,-5.754760265350342,5.7499996004626155,0.995253152967208,1,0
38,7,s32,1011,1011,1001,-0.06205715239048004,-2.81201171875,2.74995456635952,0.9398629448226509,1,0
38,8,t201,1111,1111,1011,-0.005761436186730862,-5.2555623054504395,5.249800869263709,0.9942764953729512,1,0
39,1,c01,0101,0101,0001,-0.20273277163505554,-3.1901330947875977,2.987400323152542,0.8166714604006364,1,0
39,2,x0,1101,1101,1100,-0.001536371884867549,-6.7515363693237305,6.749999997438863,0.9984715407962759,1,0
39,3,t102,1111,1111,1001,-0.0006620814092457294,-8.100842475891113,8.100180394481868,0.9993453003331223,1,0
39,4,c32,1101,1101,1011,-0.005827380809932947,-5.2560319900512695,5.250204609241337,0.9942149198658051,1,0
39,5,t230,1101,0101,0101,-0.6940628886222839,-0.6937393546104431,-0.0003235340118408203,0.4996445129612037,0,0
39,6,c31,1001,1001,0101,-0.008482213132083416,-5.047635078430176,5.039152865298092,0.9915556637893175,1,0
39,7,x3,1000,1000,1001,-0.020503850653767586,-4.020503997802734,4.000000147148967,0.9797921649043511,1,0
39,8,x2,1010,1010,1011,-0.0001475713070249185,-8.875147819519043,8.875000248212018,0.9998540717392665,1,0
40,1,s21,1010,1100,1100,-1.7417678833007812,-1.4175572395324707,-0.32421064376831055,0.17524361437823485,0,0
40,2,s02,1010,1010,0011,-0.5485411882400513,-2.207157611846924,1.6586164236068726,0.5778174511892078,1,0
40,3,x2,1000,1000,0010,-0.10281351953744888,-4.481594085693359,4.3787805661559105,0.902680722316189,1,0
40,4,x3,1001,1001,1100,-0.0005730572738684714,-8.918362617492676,8.917789560218807,0.9994461890550997,1,0
40,5,s10,0101,0101,1001,-0.21849936246871948,-1.7113176584243774,1.492818295955658,0.8038451136957611,1,0
40,6,s32,0110,0110,0101,-0.01254156231880188,-4.51384973526001,4.501308172941208,0.9875465327807902,1,0
40,7,x2,0100,0100,0010,-0.0003997951280325651,-9.530150413513184,9.529750618385151,0.9998059885456358,1,0
40,8,x3,0101,0101,0000,-0.0004233586660120636,-8.895392417907715,8.894969059241703,0.9995778704778406,1,0
41,1,t013,0010,0010,0111,-0.24703410267829895,-3.695525646209717,3.448491543531418,0.7815413845120025,1,0
41,2,x1,0110,0110,1000,-0.0029003219678997993,-7.314233779907227,7.311333457939327,0.9971144512667636,1,0
41,3,t013,0110,0110,0111,-0.0036100386641919613,-5.753610134124756,5.750000095460564,0.9964004748982814,1,0
41,4,s30,0110,0110,0011,-0.000708472914993763,-7.751317977905273,7.75060950499028,0.9993545858133431,1,0
41,5,c21,0010,0010,0110,-0.00024782432592473924,-9.0891752243042,9.088927399978274,0.9997612565928363,1,0
41,6,c31,0010,0010,0110,-0.38698577880859375,-1.137022614479065,0.7500368356704712,0.6791052887982634,1,0
41,7,x2,0000,0000,0110,-2.515307642170228e-05,-12.00171947479248,12.001694321716059,0.9999829020350935,1,0
41,8,c12,0000,0000,0001,-2.4080149159999564e-05,-11.625022888183594,11.624998808034434,0.9999828128777316,1,0
42,1,c20,0010,0010,1010,-0.7292320728302002,-1.4140520095825195,0.6848199367523193,0.48237320059273825,1,0
42,2,c21,0110,0110,0010,-0.02935328334569931,-3.779873847961426,3.7505205646157265,0.9711017770620067,1,0
42,3,x1,0010,0010,0011,-0.000827963522169739,-8.37582778930664,8.37499982578447,0.9991879045127336,1,0
42,4,x3,0011,0011,0001,-0.00047784746857360005,-8.180235862731934,8.17975801526336,0.9995361457933734,1,0
42,5,t310,0011,0011,1011,-0.014541154727339745,-4.2655768394470215,4.251035684719682,0.9855660919880921,1,0
42,6,t102,0011,0011,0010,-0.0004686563625000417,-7.875468730926514,7.875000074564014,0.9995498378946706,1,0
42,7,s31,0110,0110,0111,-0.004808247555047274,-6.504807949066162,6.499999701511115,0.9953427785775942,1,0
42,8,c20,1110,1110,1111,-0.0005663103074766695,-8.375566482543945,8.375000172236469,0.9994419412395344,1,0
43,1,x3,1010,1010,0010,-0.22085776925086975,-3.5940732955932617,3.373215526342392,0.8024895734559271,1,0
43,2,c30,1010,1010,0010,-0.05700991302728653,-3.6952531337738037,3.638243220746517,0.9445921114644028,1,0
43,3,t201,1110,1110,1010,-0.49290546774864197,-0.9755725264549255,0.48266705870628357,0.6108597375365369,1,0
43,4,s13,1011,1011,1110,-0.018454864621162415,-4.120290279388428,4.101835414767265,0.9817395358812471,1,0
43,5,t203,1010,1010,1011,-0.04088963195681572,-4.415889739990234,4.375000108033419,0.9599626611250566,1,0
43,6,x0,0010,0010,1000,-0.004200200084596872,-6.058513641357422,6.054313441272825,0.9959945761525597,1,0
43,7,t210,0010,0010,1010,-0.048949629068374634,-3.049577474594116,3.0006278455257416,0.9522325042605388,1,0
43,8,t210,0010,0010,1010,-0.011259295977652073,-4.511992931365967,4.500733635388315,0.9888066078767022,1,0
44,1,s20,1111,1111,0111,-0.16962867975234985,-2.7873106002807617,2.617681920528412,0.8440480400111906,1,0
44,2,t210,0111,0111,1111,-0.11610496789216995,-2.2913014888763428,2.175196520984173,0.8903985304406505,1,0
44,3,s01,1011,1011,0111,-0.002474810928106308,-6.751546382904053,6.749071571975946,0.9976077945454415,1,0
44,4,c20,0011,0011,1011,-0.003914769273251295,-5.881319522857666,5.877404753584415,0.9960931881661556,1,0
44,5,c23,0010,0010,0011,-0.010450536385178566,-5.88545036315918,5.874999826774001,0.9914268664432793,1,0
44,6,s23,0001,0001,0000,-0.0435870923101902,-3.1685869693756104,3.12499987706542,0.9573715018031403,1,0
44,7,s01,0001,0001,1001,-0.012726250104606152,-4.832762241363525,4.820035991258919,0.9873837803227737,1,0
44,8,x0,1001,1001,1000,-0.0008410808513872325,-7.50084114074707,7.500000059895683,0.999175005422194,1,0
45,1,t203,0001,0001,1000,-0.16622182726860046,-4.266165733337402,4.099943906068802,0.8483141047190726,1,0
45,2,x3,0000,0000,0011,-0.004771704785525799,-6.75688362121582,6.7521119164302945,0.9953340807364274,1,0
45,3,c32,0000,0000,0001,-3.540491888998076e-05,-10.875035285949707,10.874999881030817,0.9999667648491233,1,0
45,4,x1,0100,0100,0010,-0.0008578456472605467,-7.126327037811279,7.125469192164019,0.999168575985431,1,0
45,5,t103,0100,0100,0101,-0.0008075811201706529,-8.37580680847168,8.374999227351509,0.9991968197332828,1,0
45,6,s02,0100,0100,0101,-0.00044937984785065055,-8.375450134277344,8.375000754429493,0.9995506666370955,1,0
45,7,t012,0100,0100,0101,-0.00010192151239607483,-9.625102043151855,9.62500012163946,0.9998988415663957,1,0
45,8,x3,0101,0101,0001,-8.272897684946656e-05,-10.199010848999023,10.198928120022174,0.9999188580635835,1,0
46,1,s20,0111,1101,1101,-1.1002243757247925,-1.0729745626449585,-0.027249813079833984,0.33283049225395894,0,0
46,2,t201,0111,0111,1111,-0.24971948564052582,-3.467684507369995,3.2179650217294693,0.7793837594650359,1,0
46,3,t120,1111,1111,0111,-0.02651205286383629,-3.6528468132019043,3.626334760338068,0.9738406557568273,1,0
46,4,t132,1101,1101,1011,-0.001520056277513504,-6.906942367553711,6.905422311276197,0.9985203506204016,1,0
46,5,x2,1111,1111,1001,-0.0003257795760873705,-9.136242866516113,9.135917086940026,0.9998319891590068,1,0
46,6,x3,1110,1110,1101,-0.0007554079056717455,-10.000333786010742,9.99957837810507,0.9997520216100446,1,0
46,7,c03,1111,1111,1011,-0.0009744766284711659,-7.807489395141602,7.80651491851313,0.9990292932755466,1,0
46,8,c21,1011,1011,1101,-0.02837437018752098,-3.766688823699951,3.73831445351243,0.9720447576251203,1,0
47,1,c21,1101,1001,1001,-1.6912341117858887,-0.881501317024231,-0.8097327947616577,0.18434942353694697,0,0
47,2,t201,1101,1101,1001,-0.22638455033302307,-1.8472694158554077,1.6208848655223846,0.797451530296651,1,0
47,3,t310,0101,0101,1101,-0.04314614087343216,-3.168252468109131,3.1251063272356987,0.9577867230808781,1,0
47,4,s31,0101,0101,1100,-0.00627825316041708,-5.787937164306641,5.7816589111462235,0.9937996512237767,1,0
47,5,c10,1101,1101,0101,-0.0021111955866217613,-6.252293586730957,6.250182391144335,0.9979093433033699,1,0
47,6,c03,1100,1100,1101,-0.0015613436698913574,-6.876560688018799,6.8749993443489075,0.9984431376566045,1,0
47,7,x0,0100,0100,0101,-0.0025736158713698387,-7.002573490142822,6.999999874271452,0.997912762881845,1,0
47,8,s32,0100,0100,0101,-0.0265913438051939,-3.6515910625457764,3.6249997187405825,0.9737621182481186,1,0
48,1,s13,0000,0000,0100,-0.983770489692688,-1.145763635635376,0.161993145942688,0.3739977481639577,1,0
48,2,s13,0000,0000,0101,-0.044509146362543106,-3.3942975997924805,3.3497884534299374,0.9564880463671329,1,0
48,3,x3,0001,0001,1001,-0.00011324439401505515,-10.961010932922363,10.960897688528348,0.9998981988961899,1,0
48,4,s13,0100,0100,0001,-0.009015467017889023,-4.8827385902404785,4.8737231232225895,0.9910294975220528,1,0
48,5,s13,0001,0001,0100,-0.08977124094963074,-2.487253189086914,2.3974819481372833,0.914154539689365,1,0
48,6,c31,0101,0101,0100,-0.14465633034706116,-2.019656181335449,1.874999850988388,0.865321857318073,1,0
48,7,s03,1100,1100,0101,-0.0007033681031316519,-8.001852035522461,8.00114866741933,0.9993452660737542,1,0
48,8,c32,1100,1100,1110,-0.007029500789940357,-5.255953788757324,5.248924287967384,0.9930029085592325,1,0
49,1,s12,0001,0001,0101,-1.1560016870498657,-1.2653239965438843,0.10932230949401855,0.3148206844301787,1,0
49,2,s20,0001,0001,1001,-0.1279485523700714,-2.127622365951538,1.9996738135814667,0.8799000715782739,1,0
49,3,c20,0001,0001,1001,-0.015025200322270393,-4.33590841293335,4.320883212611079,0.985183324566622,1,0
49,4,t032,0001,0001,1001,-0.0015475472901016474,-7.566208362579346,7.564660815289244,0.9984903630682199,1,0
49,5,s21,0001,0001,0101,-0.0005107556935399771,-8.47550106048584,8.4749903047923,0.999500774582309,1,0
49,6,c21,0001,0001,0101,-0.0005307564861141145,-7.875755786895752,7.875225030409638,0.9994726684714248,1,0
49,7,s12,0001,0001,0101,-0.0040489002130925655,-5.6785454750061035,5.674496574793011,0.9959960252212371,1,0
49,8,c30,1001,1001,0001,-0.0009125961805693805,-7.251467227935791,7.250554631755222,0.9991536362963813,1,0
50,1,t302,0100,0100,0101,-0.1522049456834793,-4.152204990386963,4.000000044703484,0.8593733446165914,1,0
50,2,t012,0100,0100,0101,-0.0013473904691636562,-7.876347064971924,7.87499967450276,0.9986627691342218,1,0
50,3,c13,0101,0101,0100,-0.006228928919881582,-5.131228923797607,5.124999994877726,0.9938170358207566,1,0
50,4,c03,0101,0101,0100,-0.0007824067724868655,-7.375782489776611,7.3750000830041245,0.999222347355879,1,0
50,5,x3,0100,0100,0111,-0.00011729943798854947,-10.142779350280762,10.142662050842773,0.9998978636225722,1,0
50,6,c13,0101,0101,0100,-0.0002921590057667345,-8.500292778015137,8.50000061900937,0.9997099261670478,1,0
50,7,t201,0101,0101,0100,-0.0005790377035737038,-8.125578880310059,8.124999842606485,0.9994327139190106,1,0
50,8,x3,0100,0100,0001,-0.00010001366172218695,-10.519908905029297,10.519808891367575,0.9999092200572592,1,0
51,1,t130,1001,1001,0001,-0.5076102614402771,-1.6195707321166992,1.1119604706764221,0.6023510361819221,1,0
51,2,x1,1101,1101,0001,-0.0029246017802506685,-7.587095260620117,7.5841706588398665,0.9970958817483695,1,0
51,3,x0,0101,0101,1101,-0.002310988260433078,-6.268807888031006,6.266496899770573,0.9977672679241603,1,0
51,4,c02,0101,0101,1111,-0.0002157563139917329,-8.880841255187988,8.880625498873997,0.9997911972271604,1,0
51,5,t302,0101,0101,0100,-4.458374314708635e-05,-10.375043869018555,10.374999285275408,0.999956405757995,1,0
51,6,s30,1100,1100,1101,-0.005681850016117096,-5.380681991577148,5.375000141561031,0.9943369374049804,1,0
51,7,x1,1000,1000,1001,-0.00039657019078731537,-8.375396728515625,8.375000158324838,0.9996046131461716,1,0
51,8,c31,1000,1000,1100,-0.0024109194055199623,-7.004833698272705,7.002422778867185,0.9976069065170663,1,0
52,1,c32,1010,1000,1000,-1.5214165449142456,-0.6054269671440125,-0.9159895777702332,0.21849490796880525,0,0
52,2,t312,1010,1010,0000,-0.013682499527931213,-6.302562713623047,6.288880214095116,0.9864508145411802,1,0
52,3,x0,0010,0010,1010,-0.0005952866631560028,-7.517221450805664,7.516626164142508,0.9994306494713668,1,0
52,4,c12,0010,0010,0000,-0.004643002059310675,-5.379746437072754,5.375103435013443,0.9953707196634315,1,0
52,5,c30,0010,0010,1010,-0.0010924917878583074,-6.876168727874756,6.8750762360868976,0.9989120352860297,1,0
52,6,t203,0010,0010,0011,-8.713972783880308e-05,-9.625086784362793,9.624999644634954,0.9999152904750948,1,0
52,7,x0,1010,1010,0010,-0.00023767810489516705,-9.251975059509277,9.251737381404382,0.9998938446660932,1,0
52,8,t310,1010,1010,0010,-0.004821181297302246,-5.380489826202393,5.37566864490509,0.9951959891866691,1,0
53,1,t021,1101,1001,1001,-1.3813092708587646,-1.332207202911377,-0.049102067947387695,0.25135478087463897,0,0
53,2,s03,1101,1101,1001,-0.003537185024470091,-6.802791595458984,6.799254410434514,0.9964726992783867,1,0
53,3,c31,1001,1001,0101,-0.018185148015618324,-4.541626930236816,4.523441782221198,0.9819859759888484,1,0
53,4,t213,1001,1001,1101,-0.014026335440576077,-5.438991069793701,5.424964734353125,0.9862333451971016,1,0
53,5,x1,1101,1101,1100,-8.940495172282681e-05,-9.875089645385742,9.87500024043402,0.9999124595517588,1,0
53,6,t312,1111,1111,1101,-0.001510036294348538,-7.376509666442871,7.3749996301485226,0.9985052569129107,1,0
53,7,t321,1011,1011,1111,-0.011732744984328747,-4.887111663818359,4.875378918834031,0.9883502936823367,1,0
53,8,c23,1010,1010,1011,-0.00044712336966767907,-10.125447273254395,10.125000149884727,0.9996977220509895,1,0
54,1,x1,0001,0001,0000,-0.19292530417442322,-3.692925453186035,3.500000149011612,0.8248372373634425,1,0
54,2,s21,0001,0001,0101,-0.1555454283952713,-2.659783124923706,2.5042376965284348,0.8559552005674241,1,0
54,3,c20,0001,0001,1001,-0.6973795294761658,-0.7230953574180603,0.02571582794189453,0.49822826750726174,1,0
54,4,x2,0011,0011,1011,-0.0006951887626200914,-8.128949165344238,8.128253976581618,0.9993391470163383,1,0
54,5,x3,0010,0010,1010,-0.0007712022052146494,-8.589451789855957,8.588680587650742,0.9992617969740537,1,0
54,6,t103,0010,0010,1011,-0.00034948516986332834,-9.180774688720703,9.18042520355084,0.9996534219734103,1,0
54,7,x0,1010,1010,1011,-0.0011513408971950412,-9.751151084899902,9.749999744002707,0.9999090646115107,1,0
54,8,s12,1100,1100,1101,-0.00016235528164543211,-10.187662124633789,10.187499769352144,0.9998984760780789,1,0
55,1,x1,0111,0111,0001,-0.2129162847995758,-2.7140777111053467,2.501161426305771,0.8084159936265073,1,0
55,2,x1,0011,0011,1101,-0.0390704870223999,-4.696072101593018,4.657001614570618,0.9624606052041645,1,0
55,3,x3,0010,0010,1010,-0.0049560475163161755,-6.432967185974121,6.428011138457805,0.9953134366347784,1,0
55,4,x1,0110,0110,1010,-0.00016474066069349647,-9.72602653503418,9.725861794373486,0.9998398330854711,1,0
55,5,c31,0110,0110,0010,-0.08077296614646912,-2.5806479454040527,2.4998749792575836,0.9224786414371189,1,0
55,6,c30,0110,0110,1110,-0.004409230314195156,-5.505831718444824,5.501422488130629,0.9956179816459382,1,0
55,7,x3,0111,0111,0011,-9.321917605120689e-05,-10.400249481201172,10.40015626202512,0.9999087578948233,1,0
55,8,s10,1011,1011,1111,-0.3140343427658081,-1.3152049779891968,1.0011706352233887,0.7305882309540024,1,0
56,1,x0,1101,1101,0101,-0.5296375155448914,-2.737002372741699,2.207364857196808,0.5891609792075746,1,0
56,2,t201,1101,1101,1001,-0.5384615063667297,-1.160687804222107,0.6222262978553772,0.5836491783300459,1,0
56,3,c21,1101,1001,1001,-0.8760835528373718,-0.5792060494422913,-0.29687750339508057,0.4164120535491322,0,0
56,4,x1,1001,1001,1000,-0.00014113952056504786,-10.625141143798828,10.625000004278263,0.9998618756516465,1,0
56,5,c10,1001,1001,0001,-0.0003159797633998096,-8.126958847045898,8.126642867282499,0.9996846165743917,1,0
56,6,c30,0001,0001,1001,-0.0009227402042597532,-7.001280307769775,7.000357567565516,0.9990787146477211,1,0
56,7,t320,0001,0001,1001,-0.1003585159778595,-2.3516056537628174,2.251247137784958,0.9045950245289919,1,0
56,8,c10,0001,0001,1001,-0.0004902137443423271,-7.750484943389893,7.74999472964555,0.9995106522854764,1,0
57,1,t210,1010,1010,0010,-0.5953137874603271,-1.630699634552002,1.0353858470916748,0.5515305020067689,1,0
57,2,s01,0110,0110,0111,-0.8146462440490723,-0.8146462440490723,0.0,0.44299694567508524,0,1
57,3,t301,0110,0110,0111,-0.0019778877031058073,-7.876977920532227,7.875000032829121,0.9980311468892992,1,0
57,4,x0,1110,1110,0110,-0.00044149646419100463,-8.139667510986328,8.139226014522137,0.9996258445065069,1,0
57,5,t312,1110,1110,1100,-0.04869218170642853,-3.0487101078033447,3.000017926096916,0.9524922813606911,1,0
57,6,t203,1111,1111,1110,-0.000736911897547543,-7.500736713409424,7.499999801511876,0.9992659200624194,1,0
57,7,t210,0111,0111,1111,-0.07914065569639206,-2.5798027515411377,2.5006620958447456,0.9239187265485118,1,0
57,8,x2,0101,0101,0011,-0.00020383833907544613,-9.000208854675293,9.000005016336218,0.9998168594566224,1,0
58,1,x2,1001,1001,0000,-0.23875710368156433,-3.5441524982452393,3.305395394563675,0.7879871780070548,1,0
58,2,t120,1001,1001,0001,-0.2612869441509247,-2.3281326293945312,2.0668456852436066,0.7701746812891361,1,0
58,3,s31,1100,1100,1101,-0.03770273178815842,-3.662702798843384,3.6250000670552254,0.9630971248788122,1,0
58,4,s31,1001,1001,1100,-0.30608755350112915,-1.914074420928955,1.607986867427826,0.7363268436122627,1,0
58,5,x1,1101,1101,1100,-0.006104018539190292,-5.131103992462158,5.124999973922968,0.9939185452548417,1,0
58,6,x1,1001,1001,0111,-0.0017033147159963846,-7.021288871765137,7.01958555704914,0.9983167030944077,1,0
58,7,t312,1001,1001,1011,-0.00962843932211399,-4.760124206542969,4.750495767220855,0.9904283451482567,1,0
58,8,x2,1011,1011,1101,-8.201409946195781e-05,-9.750404357910156,9.750322343810694,0.9999214451237137,1,0
59,1,c12,0101,0101,0011,-0.25547149777412415,-2.756208896636963,2.5007373988628387,0.7747161472527984,1,0
59,2,s02,0101,0101,1111,-0.26894861459732056,-1.7112916707992554,1.4423430562019348,0.7641946185869984,1,0
59,3,s21,0011,0011,0101,-0.013060751371085644,-4.513365268707275,4.50030451733619,0.9870592622614845,1,0
59,4,c30,1011,1011,0011,-0.008200304582715034,-5.097382545471191,5.089182240888476,0.991837469628843,1,0
59,5,s21,1101,1101,1111,-0.06709519028663635,-3.196993350982666,3.1298981606960297,0.9351316791106369,1,0
59,6,s31,1101,1101,1110,-0.16854606568813324,-2.044868230819702,1.876322165131569,0.8449089735696701,1,0
59,7,c31,1001,1001,1011,-0.05190585181117058,-3.301767110824585,3.2498612590134144,0.9494269932564496,1,0
59,8,s01,0101,0101,1001,-0.32475700974464417,-1.4141007661819458,1.0893437564373016,0.7227127498516652,1,0
60,1,s20,1101,1101,1111,-0.8707065582275391,-1.4819879531860352,0.6112813949584961,0.41869609455266515,1,0
60,2,c20,1101,1101,0101,-0.43362319469451904,-1.1642431020736694,0.7306199073791504,0.648201203385446,1,0
60,3,x1,1001,1001,0000,-0.014786599203944206,-5.7507004737854,5.735913874581456,0.9853610132507935,1,0
60,4,x1,1101,1101,0001,-0.002210992854088545,-7.7646589279174805,7.762447935063392,0.9977918834050459,1,0
60,5,c31,1001,1001,0101,-0.06208466365933418,-3.9674713611602783,3.905386697500944,0.9398116923273512,1,0
60,6,s32,1010,1010,0011,-0.001706652226857841,-7.707767486572266,7.706060834345408,0.9983644577543735,1,0
60,7,s32,1001,1001,1010,-0.24030815064907074,-1.8625214099884033,1.6222132593393326,0.8330885168183055,1,0
60,8,t013,1001,1001,1101,-0.003713047131896019,-7.008453845977783,7.004740798845887,0.9963087357981961,1,0
61,1,s02,1110,1110,1100,-0.7746742963790894,-1.7669095993041992,0.9922353029251099,0.4608864420318717,1,0
61,2,c03,1111,1111,0000,-0.07432084530591965,-4.386685371398926,4.312364526093006,0.928737068111136,1,0
61,3,c31,1011,1011,0000,-0.07918544113636017,-4.158058166503906,4.078872725367546,0.9239363005497374,1,0
61,4,t321,1111,1111,1011,-0.015813302248716354,-5.1403093338012695,5.124496031552553,0.9843358954883733,1,0
61,5,c03,1110,1110,0110,-0.007234927266836166,-6.0092453956604,6.002010468393564,0.9930320695159728,1,0
61,6,s02,1110,1110,0111,-0.004533675033599138,-6.005826473236084,6.001292798202485,0.9954769525011822,1,0
61,7,s23,1101,1101,1110,-0.08043435961008072,-2.5945849418640137,2.514150582253933,0.9227250559973562,1,0
61,8,s12,1011,1011,1101,-0.007720929104834795,-5.134701728820801,5.126980799715966,0.9923635812543979,1,0
62,1,t230,1001,1001,0001,-0.5178688764572144,-1.5597518682479858,1.0418829917907715,0.5964872651561339,1,0
62,2,x0,0001,0001,1011,-0.001144450856372714,-7.32080078125,7.319656330393627,0.9988735456760098,1,0
62,3,x0,1001,1001,0001,-0.0007043852237984538,-7.62809944152832,7.627395056304522,0.9992997237484316,1,0
62,4,t021,1001,1001,1101,-0.005587166640907526,-5.333691120147705,5.3281039535067976,0.9944511470651357,1,0
62,5,t132,1001,1001,1011,-0.001989648211747408,-6.252002239227295,6.2500125910155475,0.9980129893261181,1,0
62,6,t103,1001,1001,1101,-0.00010204130376223475,-10.46341323852539,10.463311197221628,0.9999020554086326,1,0
62,7,x1,1101,1101,1100,-2.0861489247181453e-05,-11.062520980834961,11.062500119345714,0.999979863739326,1,0
62,8,x0,0101,0101,1101,-0.0008598341373726726,-7.251447677612305,7.250587843474932,0.9991583103858541,1,0
63,1,s12,0001,0001,0101,-0.720851480960846,-1.551735520362854,0.8308840394020081,0.48640991585574356,1,0
63,2,x1,0101,0101,0011,-0.012851867824792862,-6.028892993927002,6.016041126102209,0.987278821936352,1,0
63,3,t301,0101,0101,1101,-0.0070062968879938126,-6.598557949066162,6.591551652178168,0.9930278360016168,1,0
63,4,t231,0101,0101,0001,-0.04870781674981117,-3.0487794876098633,3.000071670860052,0.9524775385668391,1,0
63,5,t301,0101,0101,1101,-0.00023792686988599598,-9.064911842346191,9.064673915476305,0.9997680116021981,1,0
63,6,x3,0100,0100,0001,-0.00012850447092205286,-10.588926315307617,10.588797810836695,0.9998869086127387,1,0
63,7,t321,0100,0100,0101,-0.00016676692757755518,-9.125165939331055,9.124999172403477,0.9998395830228384,1,0
63,8,c20,0100,1100,1100,-4.390903472900391,-0.01644030399620533,-4.374463168904185,0.012389923689335098,0,0
64,1,s10,0000,0000,1000,-0.5091148018836975,-1.4563673734664917,0.9472525715827942,0.6011476840305275,1,0
64,2,s03,0000,0000,1001,-0.020666934549808502,-4.283653259277344,4.262986324727535,0.9796414422331228,1,0
64,3,s30,0000,0000,1001,-0.00013636639050673693,-8.999622344970703,8.999485978580196,0.9998668468195294,1,0
64,4,c01,0000,0000,1000,-4.4822234485764056e-05,-11.384062767028809,11.384017944794323,0.999961667116705,1,0
64,5,c03,0000,0000,0001,-2.431858047202695e-05,-12.50002384185791,12.499999523277438,0.9999784421707201,1,0
64,6,c30,0000,0000,1000,-8.463563426630571e-05,-9.500089645385742,9.500005009751476,0.9999171118733947,1,0
64,7,t031,0000,0000,0001,-2.2292020730674267e-05,-11.750021934509277,11.749999642488547,0.9999818490589196,1,0
64,8,t013,0000,0000,0001,-3.850422945106402e-05,-10.625038146972656,10.624999642743205,0.9999634404367299,1,0
65,1,s23,1010,1010,1011,-0.5464296936988831,-1.9214297533035278,1.3750000596046448,0.579814678286166,1,0
65,2,t203,1011,1011,1010,-0.14699126780033112,-2.39699125289917,2.249999985098839,0.8635438679361565,1,0
65,3,x1,1111,1111,1110,-0.002077872399240732,-6.627077579498291,6.62499970709905,0.9979338142738888,1,0
65,4,t321,1011,1011,1111,-0.01179026160389185,-6.406486988067627,6.394696726463735,0.9883637727172577,1,0
65,5,s32,1011,1011,1001,-0.0018550100503489375,-6.626848220825195,6.624993210774846,0.9981531031752717,1,0
65,6,c12,1011,1011,1111,-0.0016731839859858155,-6.814241409301758,6.812568225315772,0.9983473509887649,1,0
65,7,c12,1011,1011,1111,-0.0006338313105516136,-7.625697135925293,7.625063304614741,0.9993677699984501,1,0
65,8,x0,0011,0011,1011,-0.002557252999395132,-6.003063201904297,6.000505948904902,0.9975196856725982,1,0
66,1,x0,1010,1010,0010,-0.40296322107315063,-3.0441107749938965,2.641147553920746,0.6688705087019667,1,0
66,2,t120,1010,1010,0010,-0.3694579303264618,-1.7573010921478271,1.3878431618213654,0.691122634237899,1,0
66,3,s32,1001,1001,0011,-0.0020480561070144176,-7.607822895050049,7.605774838943034,0.9979711992310055,1,0
66,4,c21,1001,1001,1101,-0.03921763598918915,-3.5238888263702393,3.48467119038105,0.9615671034193607,1,0
66,5,x2,1011,1011,0001,-0.00028058423777110875,-9.88032054901123,9.88003996477346,0.9997230003719981,1,0
66,6,s02,1011,1011,0011,-0.006823468953371048,-5.007052421569824,5.000228952616453,0.9932004048126104,1,0
66,7,t310,1011,1011,0011,-0.2520540654659271,-1.5021741390228271,1.2501200735569,0.777210814203406,1,0
66,8,t301,1111,1111,0111,-0.0020550827030092478,-7.255029201507568,7.252974118804559,0.9979517171798732,1,0
67,1,s30,1010,1011,1011,-1.2279305458068848,-0.9779306054115295,-0.24999994039535522,0.29291696980087684,0,0
67,2,t120,1010,1010,0010,-0.5633220672607422,-1.6747288703918457,1.1114068031311035,0.569480990689086,1,0
67,3,c13,1010,1010,1011,-0.008787868544459343,-5.633787631988525,5.624999763444066,0.9912915016668095,1,0
67,4,x3,1011,1011,1000,-9.834460070123896e-05,-10.193275451660156,10.193177107059455,0.9999042973127027,1,0
67,5,c03,1010,1010,1110,-0.0007459177286364138,-8.557185173034668,8.556439255306032,0.9995603949425514,1,0
67,6,s30,0011,0011,0010,-0.002714279107749462,-6.502714157104492,6.499999877996743,0.9977645288092699,1,0
67,7,x0,1011,1011,1010,-0.0016525223618373275,-6.751652240753174,6.7499997183913365,0.9983945892799244,1,0
67,8,c20,0011,0011,1011,-0.016159752383828163,-4.156710147857666,4.140550395473838,0.9839701946906061,1,0
68,1,t023,0101,0101,1000,-0.1497555822134018,-4.037116050720215,3.887360468506813,0.8618895102568872,1,0
68,2,x1,0001,0001,1001,-0.0006515859276987612,-8.682004928588867,8.681353342661168,0.9994303157336768,1,0
68,3,x1,0101,0101,0100,-0.00012004110612906516,-9.750120162963867,9.750000121857738,0.9998827658274995,1,0
68,4,s21,0011,0011,0101,-0.0010672281496226788,-8.000747680664062,7.99968045251444,0.9989610934118813,1,0
68,5,c23,0010,0010,0011,-0.0006295848288573325,-9.188128471374512,9.187498886545654,0.9996156702290464,1,0
68,6,s12,0100,0100,0110,-0.002227627672255039,-8.814661026000977,8.812433398328722,0.9997260345526773,1,0
68,7,t213,0100,0100,0101,-0.033854685723781586,-3.4088544845581055,3.374999798834324,0.96671599127113,1,0
68,8,t013,0100,0100,0101,-9.309954475611448e-05,-9.500092506408691,9.499999406863935,0.9999079238524686,1,0
69,1,s20,1101,1101,1111,-0.8671899437904358,-1.2305850982666016,0.36339515447616577,0.42016638009862317,1,0
69,2,c30,0101,0101,1101,-0.26393747329711914,-1.7168922424316406,1.4529547691345215,0.7680340675925001,1,0
69,3,x1,0001,0001,0000,-0.0003873936366289854,-9.250388145446777,9.250000751810148,0.9996450025416559,1,0
69,4,c13,0001,0001,0000,-0.015406986698508263,-4.890407085418701,4.875000098720193,0.9848660944540885,1,0
69,5,c01,0001,0001,1001,-0.0006739312084391713,-7.376337051391602,7.375663120183162,0.9993270003328714,1,0
69,6,x3,0000,0000,0011,-0.00029645010363310575,-9.238089561462402,9.23779311135877,0.999829520230016,1,0
69,7,s03,0000,0000,1000,-0.00029583487776108086,-8.875449180603027,8.875153345725266,0.9998561911510798,1,0
69,8,x0,1000,1000,0000,-0.0012577996822074056,-6.878946304321289,6.877688504639082,0.998761550623949,1,0
70,1,x1,0100,0100,0010,-0.43984144926071167,-1.9495975971221924,1.5097561478614807,0.6445743067059981,1,0
70,2,t230,0100,0100,1100,-0.17606431245803833,-2.746955394744873,2.5708910822868347,0.8390153338128371,1,0
70,3,x2,0110,0110,0001,-0.0022672472987324,-7.155081748962402,7.15281450166367,0.9977459145017161,1,0
70,4,c23,0111,0111,0110,-0.0008026566356420517,-8.375802993774414,8.375000337138772,0.9992032446299537,1,0
70,5,t013,0111,0111,0110,-0.00044830155093222857,-8.875448226928711,8.874999925377779,0.9995550229900022,1,0
70,6,t312,0101,0101,0111,-0.00648388871923089,-5.524839878082275,5.5183559893630445,0.9935452069246051,1,0
70,7,s02,0101,0101,1111,-0.011948149651288986,-4.9210734367370605,4.909125287085772,0.9881975260446902,1,0
70,8,s12,0011,0011,0101,-0.035750605165958405,-3.6553635597229004,3.619612954556942,0.9726815985979836,1,0
71,1,s10,1111,1111,0111,-0.2728089690208435,-2.0597448348999023,1.7869358658790588,0.7613680479164984,1,0
71,2,x2,1101,1101,0000,-0.10365954041481018,-4.139191627502441,4.035532087087631,0.9016346484987969,1,0
71,3,t013,1100,1100,1101,-0.5627368688583374,-0.9377368688583374,0.375,0.5697900784126106,1,0
71,4,c32,1100,1100,1101,-0.001954524079337716,-6.376954078674316,6.374999554594979,0.9980728137048688,1,0
71,5,t023,1100,1100,1101,-0.06219963729381561,-2.812199354171753,2.7499997168779373,0.9397018240790264,1,0
71,6,c32,1100,1100,1101,-0.00013351213419809937,-10.375133514404297,10.375000002270099,0.9998707599538624,1,0
71,7,s10,1100,1100,0100,-0.0024908387567847967,-6.507429599761963,6.504938761005178,0.9975147922624147,1,0
71,8,s01,1100,1100,0100,-0.08040459454059601,-2.6084299087524414,2.5280253142118454,0.922891226672876,1,0
72,1,t132,0101,0101,0100,-0.32746487855911255,-2.7024648189544678,2.3749999403953552,0.7212861303526199,1,0
72,2,c21,0101,0101,0001,-0.8472121953964233,-0.8731240034103394,0.025911808013916016,0.42866155226358343,1,0
72,3,s02,0101,0101,1101,-0.5796563625335693,-1.5216145515441895,0.9419581890106201,0.5600971521763211,1,0
72,4,c13,0100,0100,0101,-0.01604076847434044,-5.641040802001953,5.625000033527613,0.9841102009136309,1,0
72,5,x3,0101,0101,0110,-7.402802293654531e-05,-10.563329696655273,10.563255668632337,0.9999376134854931,1,0
72,6,t102,0101,0101,0100,-0.00032029260182753205,-8.625320434570312,8.625000141968485,0.999683083118791,1,0
72,7,s30,1100,1100,1101,-0.0034475517459213734,-6.128447532653809,6.124999980907887,0.9965610422060821,1,0
72,8,x1,1000,1000,1001,-0.0023081956896930933,-6.377307891845703,6.37499969615601,0.9976951972252934,1,0
73,1,x0,1100,1100,0100,-1.0426491498947144,-2.430771827697754,1.3881226778030396,0.3531041022092177,1,0
73,2,c21,1100,1100,1000,-0.1624165177345276,-2.059386730194092,1.8969702124595642,0.8501277710485513,1,0
73,3,x1,1000,1000,1010,-0.0017417746130377054,-7.001604080200195,6.999862305587158,0.9982789105267075,1,0
73,4,x0,0000,0000,1000,-0.013354425318539143,-4.3982977867126465,4.384943361394107,0.9873165395600968,1,0
73,5,s21,0000,0000,0010,-0.0006363700958900154,-8.125630378723145,8.124994008627255,0.9993653200493336,1,0
73,6,c32,0000,0000,0001,-6.103451960370876e-05,-10.50006103515625,10.500000000636646,0.9999414666235866,1,0
73,7,x3,0001,0001,0000,-0.00012933775724377483,-9.375129699707031,9.375000361949787,0.9998765373580637,1,0
73,8,s13,0100,0100,0001,-0.00617325259372592,-5.2558369636535645,5.2496637110598385,0.9939723499566062,1,0
74,1,c01,0000,0000,0100,-0.27900731563568115,-3.6613450050354004,3.3823376893997192,0.7570361854034344,1,0
74,2,c13,0000,0000,0001,-0.02079564332962036,-4.770795822143555,4.750000178813934,0.9794787375152205,1,0
74,3,s32,0000,0000,1000,-0.000657366297673434,-7.72503662109375,7.724379254796077,0.9994120554618973,1,0
74,4,t203,0000,0000,0001,-0.00012850374332629144,-9.875128746032715,9.875000242289389,0.9998779119678889,1,0
74,5,c01,0000,0000,1000,-3.373594518052414e-05,-11.163158416748047,11.163124680802866,0.9999729783756954,1,0
74,6,x2,0010,0010,1000,-0.00012313965999055654,-10.413773536682129,10.413650397022138,0.9999457267484729,1,0
74,7,x3,0011,0011,0001,-0.00016723937005735934,-9.262036323547363,9.261869084177306,0.9998438217929272,1,0
74,8,t302,0011,0011,1011,-0.00012790769687853754,-9.661520957946777,9.661393050249899,0.9998724088214711,1,0
75,1,x3,1100,1100,0000,-0.2996986210346222,-3.495938777923584,3.196240156888962,0.7416289259836386,1,0
75,2,c32,1100,1100,1101,-0.024293921887874603,-4.149294376373291,4.125000454485416,0.976024192298061,1,0
75,3,x0,0100,0100,1100,-0.021457359194755554,-4.049083709716797,4.027626350522041,0.9787804923356414,1,0
75,4,s23,0100,0100,0101,-0.0005736323073506355,-7.625573635101318,7.625000002793968,0.9994268935622229,1,0
75,5,c12,0110,0110,0100,-0.0007193858036771417,-7.500739574432373,7.500020188628696,0.9992848913017873,1,0
75,6,c20,1110,1110,0110,-0.0012497614370658994,-7.126407623291016,7.12515786185395,0.9987798196878933,1,0
75,7,s31,1011,1011,0111,-0.0015515065751969814,-6.758968353271484,6.757416846696287,0.9985496653373891,1,0
75,8,x2,1001,1001,0011,-0.0005240681348368526,-8.733966827392578,8.733442759257741,0.9995059376107779,1,0
76,1,t213,1000,1000,1001,-0.2753814458847046,-3.650381565093994,3.3750001192092896,0.76139403799698,1,0
76,2,t203,1000,1000,1001,-0.012417957186698914,-4.512418270111084,4.500000312924385,0.9876641855712555,1,0
76,3,s23,1000,1000,0001,-2.6821860956260934e-05,-12.068986892700195,12.068960070839239,0.9999795354092675,1,0
76,4,s10,0100,0100,1000,-0.21616168320178986,-3.41139554977417,3.19523386657238,0.958117790683016,1,0
76,5,x3,0101,0101,1101,-0.004684553015977144,-5.5289530754089355,5.524268522392958,0.9953683500061467,1,0
76,6,c21,0101,0101,0001,-0.0030988659709692,-6.17460298538208,6.171504119411111,0.996912547597638,1,0
76,7,s12,0011,0011,0101,-0.04957945644855499,-3.4209744930267334,3.3713950365781784,0.9595653634863418,1,0
76,8,x3,0010,0010,1010,-3.36167067871429e-05,-11.630282402038574,11.630248785331787,0.9999681228681515,1,0
77,1,s21,0001,0001,0101,-0.5539169907569885,-1.8546406030654907,1.3007236123085022,0.5747602212300822,1,0
77,2,s02,0001,0001,1001,-0.16733722388744354,-1.9132661819458008,1.7459289580583572,0.8459185076417304,1,0
77,3,t132,0001,0001,1001,-0.0008928506285883486,-7.845665454864502,7.844772604235914,0.999122804354686,1,0
77,4,t302,0001,0001,0011,-8.702089689904824e-05,-9.750336647033691,9.750249626136792,0.9999139463162509,1,0
77,5,t203,0001,0001,0000,-2.634511656651739e-05,-11.25002670288086,11.250000357764293,0.9999743820011241,1,0
77,6,c23,0001,0001,0000,-0.00010406505316495895,-9.250103950500488,9.249999885447323,0.9998967800763849,1,0
77,7,x3,0000,0000,0001,-9.214504825649783e-05,-9.562591552734375,9.562499407686119,0.9999244995131055,1,0
77,8,c01,0000,0000,0001,-0.0005570836365222931,-7.750556945800781,7.749999862164259,0.999445097252679,1,0
78,1,t023,1000,1000,1001,-0.3422280550003052,-2.7172281742095947,2.3750001192092896,0.7116580233596372,1,0
78,2,c21,1000,1000,1100,-0.010343531146645546,-4.899336338043213,4.888992806896567,0.9897460446489958,1,0
78,3,t302,1000,1000,1010,-0.0005291941924951971,-7.750529766082764,7.7500005718902685,0.9994748909443755,1,0
78,4,x2,1010,1010,1100,-0.00024852907517924905,-10.137941360473633,10.137692831398454,0.99975641883654,1,0
78,5,s31,1010,1010,1001,-0.002350340597331524,-6.7524733543396,6.750123013742268,0.9977735686009872,1,0
78,6,c03,1011,1011,1001,-0.000117894058348611,-9.38762378692627,9.387505892867921,0.9998859532984361,1,0
78,7,s31,1110,1110,1111,-0.040213074535131454,-3.290213108062744,3.2500000335276127,0.9607979813259311,1,0
78,8,t230,1110,1110,0110,-0.05058916658163071,-3.058502674102783,3.0079135075211525,0.9506796086218346,1,0
79,1,c30,1101,1101,0101,-0.9492858648300171,-1.1344867944717407,0.18520092964172363,0.3873135217442687,1,0
79,2,c01,1001,1001,0101,-0.10647788643836975,-2.7018160820007324,2.5953381955623627,0.8990315072270959,1,0
79,3,c23,1001,1001,0001,-0.021676136180758476,-5.999026298522949,5.977350162342191,0.978636215092207,1,0
79,4,s02,0011,0011,1001,-0.038116272538900375,-3.289684772491455,3.2515684999525547,0.9626019452159118,1,0
79,5,x1,0111,0111,1101,-0.0006146758678369224,-8.694363594055176,8.693748918187339,0.9993980024654144,1,0
79,6,c02,0111,0111,1101,-0.005293714813888073,-5.257335662841797,5.252041948027909,0.9947211097672521,1,0
79,7,t130,1111,1111,0111,-0.0037475000135600567,-5.62889289855957,5.62514539854601,0.9962671856216384,1,0
79,8,c01,1011,1011,0111,-0.00044765695929527283,-7.752414703369141,7.751967046409845,0.9995571554878769,1,0
80,1,x3,1110,1110,0110,-0.23294395208358765,-3.3395745754241943,3.1066306233406067,0.7926118944168198,1,0
80,2,c20,0110,0110,1110,-0.15058988332748413,-2.3912248611450195,2.2406349778175354,0.8602086568605188,1,0
80,3,x2,0100,0100,0010,-0.00034806865733116865,-8.976356506347656,8.976008437690325,0.9996638920869189,1,0
80,4,t031,0100,0100,0101,-0.0016297687543556094,-6.87662935256958,6.8749995838152245,0.9983788742142655,1,0
80,5,s30,0100,0100,0001,-0.001312162377871573,-7.130939960479736,7.129627798101865,0.999190570177218,1,0
80,6,s20,0100,0100,0010,-0.0012604155344888568,-7.006655693054199,7.00539527751971,0.9987418715678276,1,0
80,7,t320,0100,0100,1100,-0.004244611598551273,-5.508756160736084,5.504511549137533,0.9957858254730485,1,0
80,8,c32,0100,0100,0110,-0.00032327446388080716,-8.625292778015137,8.624969503551256,0.999678470709851,1,0
81,1,c12,1001,1001,1011,-0.945022702217102,-0.9508086442947388,0.005785942077636719,0.3889613133667903,1,0
81,2,s10,0101,0101,1001,-0.10115960240364075,-2.355074644088745,2.2539150416851044,0.9044475594788677,1,0
81,3,s13,0101,0101,0100,-0.00704248808324337,-5.382042407989502,5.374999919906259,0.992997976576842,1,0
81,4,x1,0001,0001,1001,-0.0018303405959159136,-6.9392595291137695,6.937429188517854,0.9988941367568305,1,0
81,5,c30,1001,1001,0001,-0.010657207109034061,-4.639064788818359,4.628407581709325,0.9894097452908276,1,0
81,6,x3,1000,1000,1010,-0.01743459329009056,-4.5291008949279785,4.511666301637888,0.9835566145481159,1,0
81,7,s31,1000,1000,0101,-0.017757244408130646,-4.399857044219971,4.38209979981184,0.982403134658039,1,0
81,8,s01,0100,0100,1000,-0.4753167927265167,-0.976064145565033,0.5007473528385162,0.6219262149171175,1,0
82,1,c23,1001,1001,1011,-0.3160937428474426,-2.868708848953247,2.5526151061058044,0.7314052705979274,1,0
82,2,t021,1001,1001,1101,-0.13094490766525269,-2.865933656692505,2.734988749027252,0.8773712566968557,1,0
82,3,s21,1001,1001,1101,-0.0030017101671546698,-6.176989555358887,6.173987845191732,0.9970067805933581,1,0
82,4,s10,0101,0101,1001,-0.0553724430501461,-2.9325311183929443,2.8771586753427982,0.9462782709151679,1,0
82,5,c02,0101,0101,1111,-0.005329217296093702,-5.281872272491455,5.276543055195361,0.9946891788279668,1,0
82,6,s31,0101,0101,1100,-0.04391695559024811,-3.614133596420288,3.57021664083004,0.9570742835759029,1,0
82,7,t012,0101,0101,0100,-0.00017868756549432874,-9.750178337097168,9.749999649531674,0.9998412221399315,1,0
82,8,c31,0001,0001,1001,-0.00013887467503082007,-10.08105754852295,10.080918673847918,0.999862618804544,1,0
83,1,t103,1101,1100,1100,-1.1317343711853027,-0.756734311580658,-0.3750000596046448,0.3227292154574459,0,0
83,2,s32,1110,1110,1101,-0.07523274421691895,-3.8297672271728516,3.7545344829559326,0.9275510198370163,1,0
83,3,s01,1110,1110,0110,-0.054011113941669464,-3.203735589981079,3.1497244760394096,0.9474585907489042,1,0
83,4,x2,1100,1100,1010,-0.0014192870585247874,-7.9384846687316895,7.937065381673165,0.9985852966914944,1,0
83,5,s20,0110,0110,0111,-0.012888229452073574,-4.512887954711914,4.4999997252598405,0.9872099011909423,1,0
83,6,s10,1010,1010,1110,-0.0071419295854866505,-5.507096290588379,5.499954361002892,0.9935549241524013,1,0
83,7,s01,0110,0110,0111,-0.9244836568832397,-1.1744836568832397,0.25,0.39679367832716694,1,0
83,8,t120,1110,1110,0110,-0.2553631067276001,-1.5045335292816162,1.2491704225540161,0.774647317398789,1,0
84,1,x2,0000,0000,0001,-0.2732616662979126,-3.023261785507202,2.7500001192092896,0.7613135412919226,1,0
84,2,c01,0000,0000,0100,-0.014154268428683281,-6.259555816650391,6.245401548221707,0.9859683990764359,1,0
84,3,c30,0000,0000,1000,-0.0006600214401260018,-7.513552188873291,7.512892167433165,0.9993484838639507,1,0
84,4,c31,0000,0000,0100,-6.413394294213504e-05,-10.75928783416748,10.759223700224538,0.99994914995089,1,0
84,5,c12,0000,0000,0001,-5.8292425819672644e-05,-11.500059127807617,11.500000835381798,0.9999727691888334,1,0
84,6,c31,0000,0000,1000,-1.9073391740676016e-05,-12.494996070861816,12.494976997470076,0.999987184867668,1,0
84,7,c23,0000,0000,0001,-0.0003263509424868971,-8.125325202941895,8.124998851999408,0.9996778675816199,1,0
84,8,t201,0000,0000,0001,-0.00012552132830023766,-9.12512493133545,9.124999410007149,0.9998764445184598,1,0
85,1,x2,1001,1001,0000,-0.2536354064941406,-3.5443174839019775,3.290682077407837,0.7763800247614459,1,0
85,2,c12,1001,1001,1101,-0.0864274650812149,-3.6525726318359375,3.5661451667547226,0.9173455445695524,1,0
85,3,s32,1010,1010,0011,-0.002925721462816,-6.679791450500488,6.676865729037672,0.9970894976104051,1,0
85,4,t310,1010,1010,0010,-0.06096518039703369,-3.1668882369995117,3.105923056602478,0.9409401972389405,1,0
85,5,c21,1110,1110,1010,-0.0047632064670324326,-6.629665374755859,6.624902168288827,0.9952604870163607,1,0
85,6,x0,0110,0110,1110,-0.0021018690895289183,-6.5026421546936035,6.500540285604075,0.9984579810672234,1,0
85,7,x3,0111,0111,0011,-0.0001126496063079685,-10.28222942352295,10.282116773916641,0.9998957896604447,1,0
85,8,x1,0011,0011,0101,-0.0003157587198074907,-11.129508972167969,11.129193213448161,0.9999594081101537,1,0
86,1,t301,1000,1000,1100,-0.4592510759830475,-2.149444580078125,1.6901935040950775,0.6322836027256327,1,0
86,2,x1,1100,1100,0000,-0.005525299813598394,-6.886298179626465,6.8807728798128664,0.9945224285912616,1,0
86,3,c32,1100,1100,1000,-0.0018108688527718186,-8.091676712036133,8.089865843183361,0.9982268784626714,1,0
86,4,c12,1110,1110,1000,-0.003662759205326438,-6.320166110992432,6.316503351787105,0.9963576752049006,1,0
86,5,c21,1010,1010,1110,-0.021223794668912888,-4.397854804992676,4.376631010323763,0.979011783553601,1,0
86,6,x1,1110,1110,0010,-6.687499990221113e-05,-10.927345275878906,10.927278400879004,0.9999335341089747,1,0
86,7,s23,1101,1101,1011,-0.0015359516255557537,-6.503012180328369,6.501476228702813,0.9984702442680522,1,0
86,8,t023,1101,1101,1111,-0.007603884674608707,-5.853862285614014,5.846258400939405,0.9924375799407856,1,0
87,1,s13,1111,1111,1011,-0.29187142848968506,-2.2227859497070312,1.9309145212173462,0.7468995110140005,1,0
87,2,s20,1111,1111,0111,-0.01990378461778164,-4.35612154006958,4.336217755451798,0.9803140530777649,1,0
87,3,c10,0111,0111,1111,-0.005754111334681511,-5.298431396484375,5.2926772851496935,0.9942720612879861,1,0
87,4,s02,1101,1101,1111,-0.35072943568229675,-1.2257499694824219,0.8750205338001251,0.704977426439879,1,0
87,5,c21,1101,1101,1001,-0.027664216235280037,-3.65444278717041,3.62677857093513,0.9727233107114255,1,0
87,6,c13,1100,1100,1101,-0.019152840599417686,-4.144153118133545,4.125000277534127,0.9810388010550586,1,0
87,7,s21,1010,1010,1100,-0.00018655532039701939,-9.125609397888184,9.125422842567787,0.9998220752339012,1,0
87,8,s32,1001,1001,1010,-0.0005840251687914133,-7.875705242156982,7.875121216988191,0.9994665193113333,1,0
88,1,s30,0011,0011,1010,-1.2469205856323242,-1.26133131980896,0.014410734176635742,0.28740540791808455,1,0
88,2,s20,1001,1001,0111,-0.12111089378595352,-3.408428430557251,3.2873175367712975,0.8859730592861059,1,0
88,3,c32,1011,1011,1101,-0.223849356174469,-3.366915464401245,3.143066108226776,0.7996746343995444,1,0
88,4,s01,0111,0111,1111,-0.5763782858848572,-0.8652212619781494,0.28884297609329224,0.5619461085334586,1,0
88,5,c20,1111,1111,0111,-0.026669999584555626,-4.147011756896973,4.120341757312417,0.9736939855886295,1,0
88,6,s20,1111,1111,0111,-0.004692990332841873,-5.637338161468506,5.632645171135664,0.995318249048011,1,0
88,7,x3,1110,1110,0110,-0.0013541255611926317,-8.84942626953125,8.848072143970057,0.9989008436657544,1,0
88,8,x3,1111,1111,1011,-0.0019644636195153,-7.441093921661377,7.439129458041862,0.9980563791428632,1,0
89,1,c21,0000,0000,0100,-0.4560072422027588,-1.6417955160140991,1.1857882738113403,0.6341330457332377,1,0
89,2,x2,0010,0010,0100,-0.019813887774944305,-4.539789199829102,4.519975312054157,0.9805144239774904,1,0
89,3,t302,0010,0010,1000,-0.000196447828784585,-9.904912948608398,9.904716500779614,0.9998065497429333,1,0
89,4,c30,0010,0010,1010,-0.00034401912125758827,-9.007661819458008,9.00731780033675,0.9996617293229252,1,0
89,5,s23,0001,0001,0000,-0.0002157553972210735,-8.750215530395508,8.749999774998287,0.9998093676544927,1,0
89,6,x2,0011,0011,0010,-0.0008086515590548515,-10.875808715820312,10.875000064261258,0.9999681390393139,1,0
89,7,s12,0101,0101,0011,-0.002463964279741049,-7.500816345214844,7.498352380935103,0.9989605051541965,1,0
89,8,s30,1100,1100,0101,-0.00428864685818553,-5.508201599121094,5.503912952262908,0.9957333406133045,1,0
90,1,t231,0100,0100,0000,-0.17823654413223267,-3.0289008617401123,2.8506643176078796,0.837106977947368,1,0
90,2,t120,0100,0100,1100,-0.01881818287074566,-4.032448768615723,4.013630585744977,0.9813655080603703,1,0
90,3,x1,0000,0000,0001,-0.00019943129154853523,-9.500198364257812,9.499998932966264,0.9998787734559903,1,0
90,4,x3,0001,0001,1001,-6.747125007677823e-05,-11.29648208618164,11.296414614931564,0.9999419105028176,1,0
90,5,c31,0101,0101,0100,-0.0004885453381575644,-7.75048828125,7.749999735911842,0.9995131089854072,1,0
90,6,c10,1101,1101,1100,-0.03668736293911934,-6.78668737411499,6.750000011175871,0.9978903808342213,1,0
90,7,c31,1001,1001,0101,-0.011374104768037796,-4.966348171234131,4.954974066466093,0.9886912509367052,1,0
90,8,s20,0011,0011,1001,-0.0013118027709424496,-6.7514119148254395,6.750100112054497,0.9987154252263956,1,0
91,1,c02,1101,1101,0111,-0.2978532016277313,-3.0525379180908203,2.754684716463089,0.7426129644865134,1,0
91,2,x3,1100,1100,1111,-0.11349109560251236,-4.254151344299316,4.140660248696804,0.8931179845408516,1,0
91,3,c10,0100,0100,0101,-0.017601288855075836,-4.767601013183594,4.749999724328518,0.9826225480133378,1,0
91,4,t012,0100,0100,0101,-0.0018128352239727974,-6.626812934875488,6.6250000996515155,0.998214561187116,1,0
91,5,t021,0100,0100,0101,-0.000329354137647897,-8.625328063964844,8.624998709827196,0.9996859235039718,1,0
91,6,t302,0100,0100,0101,-5.650455568684265e-05,-10.375057220458984,10.375000715903298,0.9999450127783225,1,0
91,7,t031,0100,0100,0101,-7.438540342263877e-05,-10.000075340270996,10.000000954867573,0.9999325150179926,1,0
91,8,x1,0000,0000,0001,-0.0001760621089488268,-8.875175476074219,8.87499941396527,0.9998425444541089,1,0
92,1,s32,1110,1110,1101,-0.5836566686630249,-2.129073143005371,1.5454164743423462,0.5581937343595331,1,0
92,2,x1,1010,1010,1011,-0.04867244511842728,-3.673672676086426,3.6250002309679985,0.9525136952118759,1,0
92,3,t310,1010,1010,0010,-0.011958382092416286,-4.9672088623046875,4.955250480212271,0.9881163837740237,1,0
92,4,t012,1010,1010,1000,-0.001442870358005166,-7.6277337074279785,7.626290837069973,0.9985660698664359,1,0
92,5,s01,0110,0110,1010,-0.2023625373840332,-1.719984531402588,1.5176219940185547,0.8171644062547639,1,0
92,6,t023,0110,0110,0111,-0.001409904332831502,-6.751410007476807,6.750000103143975,0.9985957825854105,1,0
92,7,t120,1110,1110,0110,-0.5759947299957275,-0.8259707689285278,0.2499760389328003,0.56215010605811,1,0
92,8,t023,1111,1111,1110,-0.001111567602492869,-6.87611198425293,6.875000416650437,0.9988915448042197,1,0
93,1,t130,0101,1101,1101,-1.2536813020706177,-0.6945573687553406,-0.5591239333152771,0.285665589989625,0,0
93,2,c12,0111,0111,1111,-0.02572861686348915,-5.357607841491699,5.33187922462821,0.9746629451163679,1,0
93,3,s13,0111,0111,0011,-0.006871141027659178,-5.276963233947754,5.270092092920095,0.9931613152286862,1,0
93,4,t103,0111,0111,0110,-0.0013084920356050134,-7.626308441162109,7.624999949126504,0.9986947740424083,1,0
93,5,s13,0111,0111,0011,-0.00019906647503376007,-8.75336742401123,8.753168357536197,0.9998064074150147,1,0
93,6,s01,1011,1011,1111,-0.6655080914497375,-0.7887161374092102,0.12320804595947266,0.5184428629395313,1,0
93,7,x0,0011,0011,1011,-0.00104950787499547,-7.1267290115356445,7.125679503660649,0.999135443245056,1,0
93,8,x0,1011,1011,1010,-0.0002745283127296716,-9.125273704528809,9.124999176216079,0.9997267482581985,1,0
94,1,c03,0110,0111,0111,-1.8523352146148682,-0.3523353338241577,-1.4999998807907104,0.1569424846474057,0,0
94,2,x1,0010,0010,1010,-0.004984989762306213,-6.804630279541016,6.799645289778709,0.9950899276816171,1,0
94,3,t321,0010,0010,0011,-0.0005317411851137877,-9.000531196594238,8.999999455409124,0.9994826103885748,1,0
94,4,x2,0000,0000,1000,-0.00023529576719738543,-11.821087837219238,11.820852541452041,0.9999787014063688,1,0
94,5,c30,0000,0000,1000,-0.00047298328718170524,-8.500450134277344,8.499977150990162,0.999532220737951,1,0
94,6,x2,0010,0010,0001,-0.0004686218744609505,-11.964335441589355,11.963866819714895,0.999992095050668,1,0
94,7,t103,0010,0010,0011,-0.00011789545533247292,-9.875117301940918,9.874999406485585,0.99988358358339,1,0
94,8,t310,0010,0010,1010,-0.000212059763725847,-8.750258445739746,8.75004638597602,0.9997902357465748,1,0
95,1,t031,0100,0100,0000,-0.09961740672588348,-4.555278778076172,4.455661371350288,0.9055110573268061,1,0
95,2,t320,0100,0100,1100,-0.011691348627209663,-4.551900863647461,4.540209515020251,0.9883938523972713,1,0
95,3,s10,1000,1000,0100,-0.0030429053585976362,-5.892030715942383,5.888987810583785,0.9971688477898761,1,0
95,4,t013,1000,1000,1001,-0.004253126215189695,-5.629252910614014,5.624999784398824,0.9957824848400566,1,0
95,5,x2,1010,1010,0001,-0.00016068544937297702,-10.471405982971191,10.471245297521818,0.9998495901594999,1,0
95,6,x2,1000,1000,1100,-0.00023781192430760711,-9.599562644958496,9.599324833034188,0.999850033545505,1,0
95,7,c30,1000,1000,0000,-0.0004934314638376236,-7.751297950744629,7.750804519280791,0.9995098550667308,1,0
95,8,c30,1000,1000,0000,-0.0002041920815827325,-8.750703811645508,8.750499619563925,0.9997981517918166,1,0
96,1,x3,1101,1101,0101,-0.1639973521232605,-3.9779510498046875,3.813953697681427,0.8494067855379441,1,0
96,2,s31,1101,1101,0101,-0.0952192023396492,-4.147005558013916,4.051786355674267,0.909180421055506,1,0
96,3,t213,1101,1101,1100,-0.02440883219242096,-4.14940881729126,4.124999985098839,0.9759781766955897,1,0
96,4,c20,1101,1101,0101,-0.2522154152393341,-1.502617597579956,1.250402182340622,0.7770807838692273,1,0
96,5,t130,0101,0101,1101,-0.07908051460981369,-2.5793697834014893,2.5002892687916756,0.9239689667274443,1,0
96,6,s10,1001,1001,0101,-0.0034033595584332943,-5.756054878234863,5.75265151867643,0.9966071527917996,1,0
96,7,t231,1001,1001,1101,-0.06223183870315552,-2.8127501010894775,2.750518262386322,0.939683734977507,1,0
96,8,x0,0001,0001,1001,-0.0016509798588231206,-6.5049967765808105,6.503345796721987,0.9984351913685842,1,0
97,1,c32,1010,1000,1000,-1.365052580833435,-0.7040350437164307,-0.6610175371170044,0.25548580970270307,0,0
97,2,x2,1000,1000,0000,-0.025003746151924133,-5.404490947723389,5.3794872015714645,0.9754845505189792,1,0
97,3,s12,1000,1000,0111,-0.0005693257553502917,-7.9811553955078125,7.980586069752462,0.9994655525385416,1,0
97,4,t123,1000,1000,1001,-0.003603108460083604,-5.753602981567383,5.749999873107299,0.9964406556621129,1,0
97,5,s21,1000,1000,0111,-0.000954208429902792,-7.736292839050293,7.73533863062039,0.9990521663737159,1,0
97,6,x1,1100,1100,0010,-0.002636053366586566,-7.110904693603516,7.108268640236929,0.9973866714900376,1,0
97,7,s31,1001,1001,1100,-0.1222061812877655,-2.2470052242279053,2.1247990429401398,0.8854538534642525,1,0
97,8,s03,1001,1001,0001,-0.003260501194745302,-6.020780563354492,6.017520062159747,0.9967482548437159,1,0
98,1,c31,0000,0000,0100,-0.7522062063217163,-1.2700377702713013,0.517831563949585,0.47160204706400044,1,0
98,2,x1,0100,0100,0010,-0.0031156030017882586,-6.755004405975342,6.7518888029735535,0.9968976352385043,1,0
98,3,x0,1100,1100,1000,-0.0017139456467702985,-7.567002296447754,7.565288350800984,0.9983049002630953,1,0
98,4,x0,0100,0100,1100,-0.0008844984695315361,-7.86614990234375,7.8652654038742185,0.9991183265248075,1,0
98,5,c23,0100,0100,0101,-0.011182079091668129,-4.511181831359863,4.499999752268195,0.9888857968062928,1,0
98,6,c10,1100,1100,0100,-0.016405092552304268,-9.328886985778809,9.312481893226504,0.9998101178302248,1,0
98,7,x1,1000,1000,1110,-0.008350207470357418,-4.882875919342041,4.874525711871684,0.9916856604028018,1,0
98,8,t301,1000,1000,1100,-0.0005037029040977359,-7.875640392303467,7.875136689399369,0.9994992324175008,1,0
99,1,c30,0100,0100,1100,-0.5309685468673706,-1.9073059558868408,1.3763374090194702,0.5886362624295058,1,0
99,2,x0,1100,1100,1101,-0.011801055632531643,-4.886800765991211,4.874999710358679,0.9883866988732173,1,0
99,3,x0,0100,0100,0110,-0.0012198525946587324,-7.549471855163574,7.5482520025689155,0.9987852288699219,1,0
99,4,s32,0100,0100,0101,-0.0001461459614802152,-9.50014591217041,9.49999976620893,0.9998555305686453,1,0
99,5,s10,1000,1000,0100,-0.0040956721641123295,-5.6305670738220215,5.626471401657909,0.9963256972932876,1,0
99,6,t231,1000,1000,1100,-0.0002578378771431744,-9.29338550567627,9.293127667799126,0.9997818132001697,1,0
99,7,t231,1000,1000,1100,-2.0146295355516486e-05,-11.88670825958252,11.886688113287164,0.999982440549602,1,0
99,8,c01,1100,1100,1010,-0.0004992485046386719,-7.6257171630859375,7.625217914581299,0.999502399251299,1,0
100,1,s32,1101,1101,1110,-0.4761272072792053,-2.310143232345581,1.8340160250663757,0.6213021199289023,1,0
100,2,t023,1101,1101,1100,-0.5602077841758728,-1.0602078437805176,0.5000000596046448,0.5712274889851895,1,0
100,3,x2,1111,1111,1001,-0.002693335060030222,-6.6476945877075195,6.645001252647489,0.9973600823934221,1,0
100,4,c13,1110,1110,1011,-0.003528258530423045,-6.592050075531006,6.588521817000583,0.9967231164853044,1,0
100,5,t021,1010,1110,1110,-2.257141590118408,-0.12970200181007385,-2.1274395883083344,0.10465207211289007,0,0
100,6,t203,1011,1011,0011,-0.0033071660436689854,-6.279581069946289,6.27627390390262,0.9967033371584684,1,0
100,7,s03,1011,1011,0011,-0.016581831499934196,-4.142467975616455,4.125886144116521,0.9837564140084419,1,0
100,8,c01,1111,1111,1110,-0.0002732145367190242,-9.250273704528809,9.25000048999209,0.9997274620735315,1,0
101,1,c20,1100,1100,0100,-0.8334276676177979,-0.872146487236023,0.0387188196182251,0.43465720304845407,1,0
101,2,t032,1100,1100,1110,-0.5957923531532288,-0.8457919955253601,0.24999964237213135,0.5511832828476043,1,0
101,3,x1,1000,1000,1010,-0.0005912941414862871,-9.12598705291748,9.125395758775994,0.99947055980997,1,0
101,4,s20,0010,0010,0000,-0.0073858448304235935,-5.143075942993164,5.1356900981627405,0.9933315410571285,1,0
101,5,s03,0010,0010,0001,-0.0002845345588866621,-8.881972312927246,8.88168777836836,0.9997869894552249,1,0
101,6,x3,0011,0011,0001,-0.00040869598160497844,-8.002342224121094,8.001933528139489,0.9995942533037178,1,0
101,7,c23,0010,0010,0011,-0.008880828507244587,-4.758880138397217,4.749999309889972,0.9912898462833912,1,0
101,8,x1,0110,0110,0000,-0.00016247712483163923,-9.582664489746094,9.582502012621262,0.9998556601848768,1,0
102,1,s32,1101,1101,1110,-0.509438157081604,-2.343452215194702,1.8340140581130981,0.6009594423844031,1,0
102,2,c20,1101,1101,0101,-0.6264718770980835,-1.0290921926498413,0.4026203155517578,0.5345525567981595,1,0
102,3,s30,1101,1101,1001,-0.023239482194185257,-3.9141685962677,3.890929114073515,0.9770340083887097,1,0
102,4,t312,1111,1111,1001,-0.0025620830710977316,-7.545464038848877,7.542901955777779,0.9974551532088978,1,0
102,5,c23,1110,1110,1111,-0.0011853427859023213,-8.126185417175293,8.12500007438939,0.9990031803854205,1,0
102,6,t301,1110,1110,1010,-0.0635799989104271,-2.8746187686920166,2.8110387697815895,0.9384094156659597,1,0
102,7,c23,1111,1111,1110,-0.00034890766255557537,-8.875348091125488,8.874999183462933,0.9996565080082612,1,0
102,8,c32,1101,1101,1011,-0.0072625805623829365,-8.12668514251709,8.119422561954707,0.9987682372856125,1,0
103,1,s20,1001,1001,0011,-0.8012970685958862,-1.4197152853012085,0.6184182167053223,0.4487898441750261,1,0
103,2,t123,1001,1001,1100,-0.3554534912109375,-3.288670778274536,2.9332172870635986,0.7016700013392493,1,0
103,3,t230,1001,1001,0001,-0.10180991888046265,-2.352790594100952,2.2509806752204895,0.9032434750737198,1,0
103,4,t210,1001,1001,0001,-0.04896452650427818,-3.0504181385040283,3.00145361199975,0.9522225406622556,1,0
103,5,t230,1001,1001,0001,-0.07899763435125351,-2.579122304916382,2.5001246705651283,0.9240446707006437,1,0
103,6,s31,1100,1100,1101,-0.14106658101081848,-2.641066551208496,2.4999999701976776,0.8684406971407127,1,0
103,7,t023,1100,1100,1101,-0.01596648246049881,-4.765966415405273,4.749999932944775,0.9842358853451904,1,0
103,8,c21,1100,1100,1000,-0.13232626020908356,-2.134704113006592,2.0023778527975082,0.8760629103354162,1,0
104,1,c10,1011,0011,0011,-1.4697147607803345,-0.6462885141372681,-0.8234262466430664,0.23004371583966549,0,0
104,2,t201,1111,1111,0100,-0.014128300361335278,-6.012111186981201,5.997982886619866,0.9859975820697743,1,0
104,3,x3,1110,1110,0000,-0.003016678150743246,-7.985218048095703,7.98220136994496,0.9970487638964531,1,0
104,4,s12,1110,1110,1010,-0.0002739281044341624,-8.877972602844238,8.877698674739804,0.9997424855944884,1,0
104,5,c03,1111,1111,1011,-0.002232302911579609,-7.277556419372559,7.275324116460979,0.9977785610849291,1,0
104,6,s12,1111,1111,0111,-0.0001445943780709058,-9.506893157958984,9.506748563580913,0.999891291143711,1,0
104,7,x3,1110,1110,0110,-0.003413722850382328,-6.879516124725342,6.8761024018749595,0.9966981071396983,1,0
104,8,s32,1101,1101,1011,-0.005369557533413172,-5.3828582763671875,5.377488718833774,0.9946743705241254,1,0
105,1,s01,0000,0000,1000,-0.9690985679626465,-1.2633609771728516,0.2942624092102051,0.3795474939118081,1,0
105,2,t123,0000,0000,0001,-0.004295747727155685,-6.254295825958252,6.250000078231096,0.9957638667777516,1,0
105,3,c31,0000,0000,1000,-3.492791438475251e-05,-12.161511421203613,12.161476493289229,0.9999831642883521,1,0
105,4,t123,0000,0000,0001,-7.688820915063843e-05,-9.750077247619629,9.750000359410478,0.9999256272330194,1,0
105,5,c03,0000,0000,0001,-7.510176146752201e-06,-13.125006675720215,13.124999165544068,0.9999926360360707,1,0
105,6,t013,0000,0000,1000,-1.811971924325917e-05,-11.517553329467773,11.51753520974853,0.9999832615357239,1,0
105,7,t301,0000,0000,1000,-1.2159317520854529e-05,-12.312838554382324,12.312826395064803,0.9999892754681096,1,0
105,8,s12,0000,0000,1000,-0.001415572827681899,-10.877968788146973,10.87655321531929,0.9999757317175088,1,0
106,1,c01,0000,0000,0100,-0.2542366683483124,-3.8342034816741943,3.579966813325882,0.7760723358828889,1,0
106,2,s13,0000,0000,0100,-0.039071667939424515,-3.295539140701294,3.2564674727618694,0.9618035860488234,1,0
106,3,x1,0100,0100,0010,-0.002104305662214756,-6.2538299560546875,6.251725650392473,0.9979107600631214,1,0
106,4,s02,0100,0100,0010,-0.0003168359980918467,-8.851140975952148,8.850824139954057,0.9996832034258859,1,0
106,5,c31,0100,0100,0000,-0.00603152671828866,-5.207075595855713,5.201044069137424,0.9939921700734985,1,0
106,6,x2,0110,0110,0000,-6.52066373731941e-05,-10.851059913635254,10.85099470699788,0.9999511128598316,1,0
106,7,c21,0010,0010,0110,-0.0006351758493110538,-8.136679649353027,8.136044473503716,0.9993785864760156,1,0
106,8,c21,0110,0110,0010,-0.01837218552827835,-4.1421613693237305,4.123789183795452,0.9818109369558052,1,0
107,1,x1,0110,0110,0000,-0.3606572151184082,-2.0333728790283203,1.672715663909912,0.697410730917785,1,0
107,2,t102,0110,0110,1100,-0.021489931270480156,-5.18454647064209,5.16305653937161,0.9787625719975325,1,0
107,3,s13,0011,0011,0110,-0.018472488969564438,-4.028451442718506,4.009978953748941,0.9819051458727814,1,0
107,4,s32,0011,0011,0001,-0.20203374326229095,-1.7018955945968628,1.4998618513345718,0.8170977169273576,1,0
107,5,s21,0101,0101,1001,-0.0002916804514825344,-9.031495094299316,9.031203413847834,0.9997391767986299,1,0
107,6,c30,1101,1101,0101,-0.004853507503867149,-5.882277965545654,5.877424458041787,0.9951651610180182,1,0
107,7,t123,1101,1101,1100,-0.003190681105479598,-6.003190517425537,5.9999998363200575,0.9968233917097734,1,0
107,8,c30,0101,0101,1101,-0.011099589057266712,-4.511551380157471,4.500451791100204,0.988962987221558,1,0
108,1,x1,1101,1101,1011,-0.3297942280769348,-2.236736297607422,1.906942069530487,0.7193561288896934,1,0
108,2,c13,1100,1100,1001,-0.05560004711151123,-4.865445137023926,4.8098450899124146,0.9460857235238553,1,0
108,3,t132,1100,1100,1110,-0.007611942943185568,-5.131838321685791,5.1242263787426054,0.9924488387839274,1,0
108,4,s13,1001,1001,1100,-0.005007670260965824,-5.843142986297607,5.838135316036642,0.9954012011485661,1,0
108,5,x3,1000,1000,1100,-0.0003343624994158745,-10.106793403625488,10.106459041126072,0.9998182740124729,1,0
108,6,x1,1100,1100,1010,-0.0009090579696930945,-7.252353668212891,7.2514446102431975,0.9990959641805008,1,0
108,7,x3,1101,1101,0101,-0.0009033385431393981,-7.7231645584106445,7.722261219867505,0.999103380733575,1,0
108,8,c30,0101,0101,1101,-0.0793011412024498,-2.5819075107574463,2.5026063695549965,0.9237630348459788,1,0
109,1,c21,0000,0000,0100,-0.23712080717086792,-2.496412754058838,2.25929194688797,0.7893420209180046,1,0
109,2,x0,1000,1000,1100,-0.013445625081658363,-5.779458045959473,5.766012420877814,0.9870441918949899,1,0
109,3,x3,1001,1001,1010,-0.00046428258065134287,-8.501014709472656,8.500550426892005,0.9995485267105306,1,0
109,4,c20,1001,1001,0001,-0.0386996828019619,-3.2892699241638184,3.2505702413618565,0.9623529632027671,1,0
109,5,t210,1001,1001,0001,-0.005639408249408007,-5.259675979614258,5.25403657136485,0.9943952577374386,1,0
109,6,t210,1001,1001,0001,-0.005351045168936253,-5.256646156311035,5.251295111142099,0.9946646303777308,1,0
109,7,s01,0101,0101,1001,-0.02119666337966919,-3.9043450355529785,3.8831483721733093,0.9790517399524395,1,0
109,8,s32,0110,0110,0101,-0.0015167412348091602,-7.00254487991333,7.001028138678521,0.9985016118408936,1,0
110,1,s01,1111,1111,0111,-0.3150995969772339,-1.8275465965270996,1.5124469995498657,0.7298004020551982,1,0
110,2,t130,0111,0111,1111,-0.11467991769313812,-2.282278060913086,2.167598143219948,0.8916778229648444,1,0
110,3,c30,1111,1111,1110,-0.001122818561270833,-7.501122951507568,7.5000001329462975,0.9988794199281201,1,0
110,4,s13,1111,1111,0111,-0.0005571976653300226,-7.869251728057861,7.868694530392531,0.999465590125397,1,0
110,5,c32,1101,1101,0101,-0.022451018914580345,-5.028409957885742,5.005958938971162,0.9779986878766377,1,0
110,6,c30,0101,0101,1101,-0.043072037398815155,-3.169142961502075,3.12607092410326,0.9578431458846732,1,0
110,7,x2,0111,0111,0001,-4.458391777006909e-05,-10.756804466247559,10.756759882329789,0.9999701874006764,1,0
110,8,t120,1111,1111,0111,-0.005255560390651226,-5.255259990692139,5.2500044303014874,0.9947605716529164,1,0
111,1,s32,0000,0000,0010,-0.38527658581733704,-2.099506378173828,1.714229792356491,0.6811074234762187,1,0
111,2,s23,0000,0000,0001,-0.0010421945480629802,-8.251042366027832,8.250000171479769,0.9989646946374736,1,0
111,3,s20,0000,0000,1000,-0.011196266859769821,-4.511054992675781,4.499858725816011,0.9888667607227026,1,0
111,4,c02,0000,0000,1000,-9.48873785091564e-05,-9.748446464538574,9.748351577160065,0.9999096320978588,1,0
111,5,s12,0000,0000,1000,-0.0002754569868557155,-10.375914573669434,10.375639116682578,0.9999626697052532,1,0
111,6,s23,0000,0000,1000,-5.566950494539924e-05,-10.00841236114502,10.008356691640074,0.9999483845316737,1,0
111,7,t132,0000,0000,0001,-3.0874980438966304e-05,-11.000030517578125,10.999999642597686,0.9999719834183166,1,0
111,8,s13,0000,0100,0100,-0.7577560544013977,-0.633899450302124,-0.12385660409927368,0.4687806074681874,0,0
112,1,s31,1000,1000,1101,-0.5087865591049194,-1.991976261138916,1.4831897020339966,0.6019718054140344,1,0
112,2,c30,1000,1000,0000,-0.05838451907038689,-3.9196414947509766,3.8612569756805897,0.9434684180693013,1,0
112,3,x3,1001,1001,0001,-0.00040083492058329284,-9.338690757751465,9.338289922830882,0.9996288497464495,1,0
112,4,s10,0101,0101,1001,-0.17045310139656067,-1.9161492586135864,1.7456961572170258,0.8435000505330714,1,0
112,5,t201,0101,0101,1101,-0.02415950782597065,-4.676013946533203,4.6518544387072325,0.9763340319402135,1,0
112,6,t210,0101,0101,1101,-0.023344609886407852,-3.7734272480010986,3.750082638114691,0.976931555975898,1,0
112,7,t130,1101,1101,0101,-0.008964601904153824,-4.758851528167725,4.749886926263571,0.9910888853970692,1,0
112,8,t231,1101,1101,1001,-0.1650702804327011,-1.9402871131896973,1.7752168327569962,0.84785795170422,1,0
113,1,c30,0011,0011,1011,-0.6833398342132568,-1.231074571609497,0.5477347373962402,0.5050361079638755,1,0
113,2,t210,0011,1011,1011,-1.1464533805847168,-0.3899371325969696,-0.7565162479877472,0.31776259383445676,0,0
113,3,s21,0101,0101,0111,-0.0016681954730302095,-7.601858615875244,7.600190420402214,0.9984134715825482,1,0
113,4,s21,0011,0011,0101,-0.004492519423365593,-5.636741638183594,5.632249118760228,0.995543758426138,1,0
113,5,s02,1001,1001,1011,-0.011439976282417774,-4.511609077453613,4.5001691011711955,0.9889175313995555,1,0
113,6,c20,1001,1001,0001,-0.25322937965393066,-1.503476619720459,1.2502472400665283,0.776578307137554,1,0
113,7,s30,1001,1001,0010,-0.004933563992381096,-5.666144847869873,5.661211283877492,0.9950864856368175,1,0
113,8,s30,1001,1001,0010,-0.018893901258707047,-4.775616645812988,4.756722744554281,0.9813080088336396,1,0
114,1,t203,0000,0000,0001,-0.2765750288963318,-3.2765748500823975,2.9999998211860657,0.7609500340556835,1,0
114,2,s20,0000,0000,1000,-0.01440160721540451,-4.264217376708984,4.24981576949358,0.9857019848015187,1,0
114,3,s01,0000,0000,1000,-0.003021384123712778,-5.87785005569458,5.874828671570867,0.9970107745218181,1,0
114,4,t312,0000,0000,1000,-6.270281301112846e-05,-10.416814804077148,10.416752101264137,0.9999557712653943,1,0
114,5,c21,0000,0000,0100,-9.619894262868911e-05,-9.500094413757324,9.499998214814696,0.9999126074696161,1,0
114,6,s12,0000,0000,1000,-0.0003242032544221729,-9.87554931640625,9.875225113151828,0.9999399335422395,1,0
114,7,t301,0000,0000,1000,-1.6808446162031032e-05,-12.075531005859375,12.075514197413213,0.9999854282040195,1,0
114,8,s12,0000,0000,1000,-4.875598460785113e-05,-11.875887870788574,11.875839114803966,0.9999905652350094,1,0
115,1,x2,0001,0001,0111,-0.14635539054870605,-3.5248544216156006,3.3784990310668945,0.8641634769981703,1,0
115,2,t123,0001,0001,0100,-0.017823319882154465,-5.840216636657715,5.82239331677556,0.9828271843809082,1,0
115,3,x2,0011,0011,1011,-0.0007173044141381979,-10.598490715026855,10.597773410612717,0.9999412968949821,1,0
115,4,s02,1001,1001,1011,-5.3762938478030264e-05,-10.625117301940918,10.62506353900244,0.9999531697209231,1,0
115,5,s03,1001,1001,0001,-0.014464165084064007,-4.367702960968018,4.353238795883954,0.9856523201215389,1,0
115,6,c02,1011,1011,0001,-0.00035091431345790625,-8.275578498840332,8.275227584526874,0.9996518654355891,1,0
115,7,x2,1001,1001,1111,-0.005898675881326199,-9.398530960083008,9.392632284201682,0.9997679237416859,1,0
115,8,x3,1000,1000,1011,-0.004610318690538406,-5.77512264251709,5.770512323826551,0.9954048869880937,1,0
116,1,x0,0100,0100,0101,-0.333693265914917,-2.833693265914917,2.5,0.7166241162707715,1,0
116,2,c20,0100,1100,1100,-1.3297024965286255,-0.3407926559448242,-0.9889098405838013,0.26459739659860815,0,0
116,3,x0,1100,1100,1101,-0.0017267449293285608,-7.0017266273498535,6.999999882420525,0.9983756923547277,1,0
116,4,c32,1100,1100,1110,-0.0003633201995398849,-8.375345230102539,8.374981909903,0.9996511389936157,1,0
116,5,x0,0100,0100,1100,-0.0021008660551160574,-7.072984218597412,7.070883352542296,0.997910853728924,1,0
116,6,c01,0100,0100,0000,-8.678263839101419e-05,-9.886394500732422,9.88630771809403,0.9999165253172033,1,0
116,7,s21,0010,0010,0000,-0.0005563734448514879,-7.93892240524292,7.938366031798068,0.99952268154391,1,0
116,8,t302,0010,0010,0011,-0.0005295523442327976,-7.750529766082764,7.750000213738531,0.9994768072211336,1,0
117,1,s20,0111,0111,1101,-0.9558253288269043,-1.138216257095337,0.18239092826843262,0.3845437791508987,1,0
117,2,t032,0111,0111,1101,-0.34593144059181213,-2.8571910858154297,2.5112596452236176,0.7081939595418558,1,0
117,3,x3,0110,0110,0000,-0.0035667959600687027,-7.17879581451416,7.1752290185540915,0.9971782185135806,1,0
117,4,s32,0101,0101,0110,-0.0017611642833799124,-6.602174758911133,6.600413594627753,0.9982514297787947,1,0
117,5,t201,0101,0101,0100,-0.0005586672341451049,-8.375558853149414,8.375000185915269,0.9994615192671693,1,0
117,6,s23,0110,0110,0101,-0.01503816805779934,-4.264328956604004,4.249290788546205,0.985088745086869,1,0
117,7,t231,0110,0110,0010,-0.0016459784237667918,-6.543879508972168,6.542233530548401,0.9983673616248235,1,0
117,8,s32,0101,0101,0110,-0.04400806501507759,-3.3016138076782227,3.257605742663145,0.9569806552018697,1,0
118,1,x2,1110,1110,1000,-0.24836686253547668,-3.756516456604004,3.508149594068527,0.7803623235454149,1,0
118,2,c23,1111,1111,0000,-0.016772737726569176,-6.19221830368042,6.175445565953851,0.9834628605118312,1,0
118,3,s12,1111,1111,0111,-0.016596665605902672,-5.367740631103516,5.351143965497613,0.9835448027465089,1,0
118,4,s01,1111,1111,0111,-0.0020293411798775196,-6.251955509185791,6.2499261680059135,0.9979740616236888,1,0
118,5,c03,1110,1110,1010,-0.0009040817385539412,-9.16793155670166,9.167027474963106,0.9992426321106742,1,0
118,6,t021,1010,1110,1110,-2.6079442501068115,-0.10196191817522049,-2.505982331931591,0.07368727832512206,0,0
118,7,t032,1010,1010,1000,-0.19635111093521118,-1.9453585147857666,1.7490074038505554,0.8218470831096021,1,0
118,8,x2,1000,1000,1110,-0.0018302603857591748,-7.877507209777832,7.875676949392073,0.9982134685306489,1,0
119,1,c12,1101,1101,0111,-0.2460382878780365,-3.562394618988037,3.3163563311100006,0.782151608921346,1,0
119,2,x2,1111,1111,1001,-0.05972529202699661,-4.7359137535095215,4.676188461482525,0.9420737029578404,1,0
119,3,x0,0111,0111,1101,-0.0060511864721775055,-5.184506416320801,5.178455229848623,0.9940196664668941,1,0
119,4,c21,0011,0011,0010,-0.0004144561826251447,-9.12541389465332,9.124999438470695,0.9995938192909785,1,0
119,5,c02,0011,0011,1011,-0.0008109632763080299,-7.329958915710449,7.329147952434141,0.999190880238539,1,0
119,6,x1,0111,0111,0001,-3.9219587051775306e-05,-11.001481056213379,11.001441836626327,0.9999644518551767,1,0
119,7,t032,0111,0111,1101,-0.00026045666891150177,-8.853614807128906,8.853354350459995,0.9997411038483811,1,0
119,8,x1,0011,0011,0101,-0.004738175310194492,-9.692498207092285,9.68776003178209,0.9999149672139803,1,0
120,1,x0,0001,0001,1001,-0.36610496044158936,-2.7634034156799316,2.3972984552383423,0.6938516765968802,1,0
120,2,c30,1001,1001,0001,-0.007113548927009106,-6.035039901733398,6.027926352806389,0.992920019785577,1,0
120,3,t321,1001,1001,1101,-0.10298153012990952,-2.479719877243042,2.3767383471131325,0.9021734439666478,1,0
120,4,s32,1010,1010,0011,-0.0004557629581540823,-8.8701171875,8.869661424541846,0.9995577431716102,1,0
120,5,s03,0011,1010,1010,-0.7609503269195557,-0.6330132484436035,-0.12793707847595215,0.4672704710627288,0,0
120,6,c30,1011,1011,1010,-0.012666371650993824,-4.51266622543335,4.499999853782356,0.9874977635245967,1,0
120,7,t102,1011,1011,1111,-0.0004208810278214514,-8.127582550048828,8.127161669021007,0.999581343585583,1,0
120,8,c21,1111,1111,1011,-0.0021148102823644876,-6.252084255218506,6.249969444936141,0.9978914922450767,1,0
121,1,c31,0110,0110,0100,-1.1036996841430664,-1.4036290645599365,0.2999293804168701,0.33170826445262225,1,0
121,2,x0,1110,1110,1111,-0.008359359577298164,-5.508359432220459,5.500000072643161,0.9917533521029952,1,0
121,3,s01,1110,1110,0110,-0.02165570855140686,-4.0652008056640625,4.043545097112656,0.9788074984451068,1,0
121,4,c21,1010,1010,1100,-0.006099899765104055,-5.398962020874023,5.392862121108919,0.993925682063148,1,0
121,5,x1,1110,1110,1100,-7.939197530504316e-05,-10.625089645385742,10.625010253410437,0.9999219917487617,1,0
121,6,c32,1110,1110,1100,-0.014372884295880795,-4.26434850692749,4.249975622631609,0.9857343982826439,1,0
121,7,s30,0111,0111,1110,-0.00034532416611909866,-9.27956771850586,9.27922239433974,0.9997961127195347,1,0
121,8,t120,1111,1111,0111,-0.1432156264781952,-2.352140426635742,2.208924800157547,0.866568392435688,1,0
122,1,t120,1011,1011,0011,-0.6166038513183594,-1.3724459409713745,0.7558420896530151,0.539952291469158,1,0
122,2,c21,1111,1111,1011,-0.045654233545064926,-3.7938385009765625,3.7481842674314976,0.9554048578063066,1,0
122,3,c23,1110,1110,1011,-0.1640385389328003,-3.6618685722351074,3.497830033302307,0.8493579040097188,1,0
122,4,t210,0110,0110,1110,-0.1287047117948532,-2.503603219985962,2.3748985081911087,0.8792376856983795,1,0
122,5,x1,0010,0010,0011,-0.0003211206058040261,-8.375321388244629,8.375000267638825,0.9997317677553793,1,0
122,6,c02,0010,0010,0000,-0.001652298029512167,-6.501942157745361,6.500289859715849,0.9983506010831289,1,0
122,7,s31,0010,0010,0111,-0.48413822054862976,-0.9917807579040527,0.507642537355423,0.616432483250605,1,0
122,8,t312,0010,0010,0011,-0.00011479538807179779,-9.500115394592285,9.500000599204213,0.9998894768085818,1,0
123,1,s32,0000,0000,0010,-0.24654319882392883,-2.741507053375244,2.4949638545513153,0.782237673044943,1,0
123,2,x1,0100,0100,0010,-0.0229540653526783,-4.19775390625,4.174799840897322,0.9773438895575157,1,0
123,3,t103,0100,0100,0000,-0.0027199143078178167,-7.2294230461120605,7.226703131804243,0.9972979352425888,1,0
123,4,s02,0100,0100,1100,-0.00087080302182585,-7.838537693023682,7.837666890001856,0.9991296079484977,1,0
123,5,s21,0010,0010,0100,-0.0012286243727430701,-6.876262664794922,6.875034040422179,0.9988521719905756,1,0
123,6,x2,0000,0000,1000,-0.03029530681669712,-11.877517700195312,11.847222393378615,0.9999823271123561,1,0
123,7,t012,0000,0000,0001,-3.397425462026149e-05,-10.50003433227539,10.50000035802077,0.9999696190423041,1,0
123,8,x0,1000,1000,0000,-0.00021109922090545297,-8.6253662109375,8.625155111716595,0.9998112142999745,1,0
124,1,x2,1000,1000,0000,-0.29834285378456116,-3.4873032569885254,3.1889604032039642,0.7424216710684494,1,0
124,2,x1,1100,1100,1010,-0.01041998341679573,-6.512262344360352,6.501842360943556,0.989650915322593,1,0
124,3,s32,1100,1100,1001,-0.03821752965450287,-3.3002138137817383,3.2619962841272354,0.9625160841909954,1,0
124,4,x2,1110,1110,1000,-0.0028459897730499506,-6.577152729034424,6.574306739261374,0.9971627735598977,1,0
124,5,t213,1111,1111,1110,-0.033382825553417206,-3.5333826541900635,3.4999998286366463,0.967180931770908,1,0
124,6,c23,1110,1110,1111,-0.003276239614933729,-6.690776348114014,6.68750010849908,0.9980052108838916,1,0
124,7,x0,0110,0110,1110,-0.0067391423508524895,-5.265909671783447,5.259170529432595,0.9934303931153956,1,0
124,8,c13,0111,0111,0011,-0.0007313347887247801,-8.270254135131836,8.269522800343111,0.9992718952862081,1,0
125,1,t032,1001,1001,0011,-0.3482099771499634,-2.564854145050049,2.2166441679000854,0.7063376334935837,1,0
125,2,x2,1011,1011,0010,-0.19014039635658264,-3.812433958053589,3.6222935616970062,0.8269510819481943,1,0
125,3,t103,1011,1011,1110,-0.0900479182600975,-4.124023914337158,4.033975996077061,0.9139327608176133,1,0
125,4,c03,1010,1010,1110,-0.001987690106034279,-7.516549587249756,7.514561897143722,0.9980550121810287,1,0
125,5,x1,1110,1110,1000,-5.972339567961171e-05,-11.036866188049316,11.036806464653637,0.9999432368709406,1,0
125,6,t301,1110,1110,1010,-0.16413260996341705,-1.9127048254013062,1.748572215437889,0.8486577084271354,1,0
125,7,x2,1100,1100,1010,-0.0004257759137544781,-8.380070686340332,8.379644910426578,0.9995839715555291,1,0
125,8,c31,1100,1100,1001,-0.0026996294036507607,-6.751168251037598,6.748468621633947,0.9973153161419736,1,0
126,1,s20,0011,0011,1001,-0.5692102909088135,-1.2338839769363403,0.6646736860275269,0.5660795137614911,1,0
126,2,t302,0011,0011,1001,-0.1046639233827591,-3.8387842178344727,3.7341202944517136,0.9008700518050953,1,0
126,3,c02,0011,0011,1001,-0.00011884751438628882,-9.60440731048584,9.604288462971454,0.9998834975689976,1,0
126,4,t302,0011,0011,0010,-2.8371696316753514e-05,-11.375028610229492,11.375000238533175,0.9999727332617259,1,0
126,5,t031,0011,0011,1011,-0.00011920499673578888,-9.983516693115234,9.983397488118499,0.9999128587283082,1,0
126,6,c32,0001,0001,0111,-0.0001543711987324059,-10.626976013183594,10.626821641984861,0.9999385517559198,1,0
126,7,x1,0101,0101,0100,-7.200139225460589e-05,-10.75007152557373,10.749999524181476,0.999953990671411,1,0
126,8,x0,1101,1101,1100,-0.0007947316626086831,-8.000795364379883,8.000000632717274,0.9993557569421178,1,0
127,1,s31,1111,1111,1011,-0.7345342636108398,-1.392351746559143,0.6578174829483032,0.47977546742318794,1,0
127,2,c30,0111,0111,1111,-0.2687646150588989,-2.0739004611968994,1.8051358461380005,0.7643370769395526,1,0
127,3,t231,0011,0011,0010,-0.0017283386550843716,-7.251728057861328,7.249999719206244,0.9982952579294514,1,0
127,4,s32,0011,0011,0110,-0.0022002458572387695,-6.846179485321045,6.843979239463806,0.997831274386985,1,0
127,5,c13,0011,0011,0010,-0.006995810195803642,-5.006995677947998,4.999999867752194,0.9930433895029591,1,0
127,6,c10,0011,0011,1011,-0.033693499863147736,-3.4086813926696777,3.37498789280653,0.9668734589467507,1,0
127,7,c32,0001,0001,0111,-0.0014523982536047697,-7.001678466796875,7.00022606854327,0.9985799013931417,1,0
127,8,s20,0001,0001,1001,-0.006914056837558746,-5.007213592529297,5.000299535691738,0.9931100434155673,1,0
128,1,c03,1111,1111,1100,-0.31487610936164856,-3.284402847290039,2.9695267379283905,0.7302672715120813,1,0
128,2,x3,1110,1110,0000,-0.03742341697216034,-5.20594596862793,5.168522551655769,0.967160948421685,1,0
128,3,c23,1111,1111,0111,-0.0010779667645692825,-7.507697582244873,7.506619615480304,0.9989299456194304,1,0
128,4,x0,0111,0111,1111,-0.1135086789727211,-2.317674160003662,2.204165481030941,0.892729348327397,1,0
128,5,s03,1110,1110,1111,-0.3874845802783966,-1.1374845504760742,0.7499999701976776,0.6787985793507634,1,0
128,6,x1,1010,1010,1011,-0.0007580372621305287,-7.250758171081543,7.250000133819412,0.999246964601159,1,0
128,7,c10,1010,1010,0010,-0.25220707058906555,-1.5029962062835693,1.2507891356945038,0.7770952846737492,1,0
128,8,s13,1010,1010,0111,-0.034973274916410446,-3.4323830604553223,3.397409785538912,0.9657803219893691,1,0
129,1,t123,0000,0000,0001,-0.20421850681304932,-3.4542183876037598,3.2499998807907104,0.8166768682611601,1,0
129,2,t013,0000,0000,0001,-0.0027259730268269777,-7.377725601196289,7.374999628169462,0.997280618065219,1,0
129,3,c30,0000,0000,1000,-0.00021348983864299953,-8.751258850097656,8.751045360259013,0.9997903112960602,1,0
129,4,x1,0100,0100,0010,-0.00048079274711199105,-7.750629901885986,7.750149109138874,0.9995373758308758,1,0
129,5,c10,1100,1100,1000,-0.013001954182982445,-5.388094425201416,5.375092471018434,0.9943592397109292,1,0
129,6,s10,1100,1100,0100,-0.005742121487855911,-5.6629815101623535,5.657239388674498,0.9942760976097953,1,0
129,7,t320,1100,1100,0100,-0.030361657962203026,-3.580801010131836,3.550439352169633,0.9701882606751921,1,0
129,8,s30,0101,0101,0100,-0.0014949848409742117,-6.876494884490967,6.874999899649993,0.9985515939156229,1,0
130,1,t103,1000,1000,1001,-0.3019263446331024,-3.0519261360168457,2.7499997913837433,0.7413188392796104,1,0
130,2,t120,1000,1000,0000,-0.0036032949574291706,-6.211618900299072,6.208015605341643,0.9964108539896613,1,0
130,3,s30,0001,0001,0000,-0.0020910087041556835,-7.127090930938721,7.124999922234565,0.9990034672879142,1,0
130,4,c12,0001,0001,0000,-0.0002616495476104319,-9.000261306762695,8.999999657215085,0.9997617237459562,1,0
130,5,t021,0001,0001,1001,-0.0010000754846259952,-7.098875999450684,7.097875923966058,0.9990353153222703,1,0
130,6,s32,0010,0010,0011,-0.0004409032117109746,-10.625441551208496,10.625000647996785,0.9999624052018746,1,0
130,7,x1,0110,0110,0010,-0.0002510328486096114,-8.725785255432129,8.72553422258352,0.9997666170031765,1,0
130,8,c13,0111,0111,0011,-0.00335388514213264,-6.6001200675964355,6.596766182454303,0.9966627130435958,1,0
131,1,c12,0010,0010,0000,-0.7813414931297302,-1.2405736446380615,0.4592321515083313,0.4579772497212804,1,0
131,2,c20,1010,1010,0010,-0.020394163206219673,-4.3989577293396,4.37856356613338,0.9800525074209318,1,0
131,3,x0,0010,0010,1010,-0.0002692713460419327,-8.503067970275879,8.502798698929837,0.9997329167322702,1,0
131,4,x1,0110,0110,0000,-9.762942499946803e-05,-9.500381469726562,9.500283840301563,0.999904904596001,1,0
131,5,t031,0110,0110,0111,-0.00014269018720369786,-10.125143051147461,10.125000360960257,0.9998608708116126,1,0
131,6,c30,0110,0110,1110,-0.00018274120520800352,-9.376164436340332,9.375981695135124,0.9998182407751924,1,0
131,7,c21,0010,0010,0100,-0.000248779688263312,-9.15911865234375,9.158869872655487,0.9997566571009465,1,0
131,8,s30,0010,0010,1010,-0.0009935492416843772,-7.2808661460876465,7.279872596845962,0.9992081256293267,1,0
132,1,c01,1001,1001,0000,-0.20208066701889038,-3.4541192054748535,3.252038538455963,0.8172047598230565,1,0
132,2,x1,1101,1101,0000,-0.011448618024587631,-6.303481101989746,6.2920324839651585,0.9886270752314483,1,0
132,3,c23,1101,1101,1100,-0.04869246482849121,-4.67369270324707,4.625000238418579,0.9527557439419585,1,0
132,4,x2,1111,1111,1001,-0.001196514698676765,-7.294321060180664,7.293124545481987,0.9988198560422564,1,0
132,5,x0,0111,0111,1101,-0.003947189077734947,-5.662651062011719,5.658703872933984,0.9963596409061058,1,0
132,6,s23,0111,0111,0101,-0.00030408374732360244,-8.62525749206543,8.624953408318106,0.9997007029163876,1,0
132,7,x0,1111,1111,0111,-0.0023261127062141895,-6.216192722320557,6.2138666096143425,0.9977923599704414,1,0
132,8,t120,0111,0111,1111,-0.4287141263484955,-1.0543687343597412,0.6256546080112457,0.6513463387093453,1,0
133,1,s20,0101,0101,1111,-1.1393299102783203,-1.6813194751739502,0.5419895648956299,0.32006085773227344,1,0
133,2,s21,0011,0011,0101,-0.11388784646987915,-2.5304927825927734,2.4166049361228943,0.8924171025995691,1,0
133,3,s31,0110,0110,0100,-0.019567174836993217,-4.332923412322998,4.313356237486005,0.980628938732957,1,0
133,4,x1,0010,0010,0100,-0.015591483563184738,-4.728222846984863,4.7126313634216785,0.9851580031292057,1,0
133,5,t213,0010,0010,0011,-0.008840281516313553,-4.883840084075928,4.874999802559614,0.9912210717859204,1,0
133,6,t203,0010,0010,0011,-5.924567813053727e-05,-9.875059127807617,9.874999882129487,0.9999408525416811,1,0
133,7,t321,0010,0010,0011,-3.385520903975703e-05,-11.00003433227539,11.00000047706635,0.9999680161315467,1,0
133,8,s30,0010,0010,1010,-0.006537693552672863,-5.174900531768799,5.168362838216126,0.9940194759836335,1,0
134,1,t012,0001,0001,0011,-0.16638362407684326,-3.9354851245880127,3.7691015005111694,0.8471037120838545,1,0
134,2,s02,0001,0001,1001,-0.06214384734630585,-2.813375949859619,2.7512321025133133,0.9397487467772206,1,0
134,3,x3,0000,0000,1000,-0.0004714314127340913,-9.257650375366211,9.257178943953477,0.999562862519233,1,0
134,4,t012,0000,0000,0001,-0.00011276853183517233,-9.500112533569336,9.4999997650375,0.9998959509313381,1,0
134,5,s10,0000,0000,1000,-0.0008241635514423251,-7.875442981719971,7.874618818168528,0.9992355197294904,1,0
134,6,t213,0000,0000,0001,-0.00036010166513733566,-8.625359535217285,8.624999433552148,0.9996815862750386,1,0
134,7,t201,0000,0000,0001,-8.094139047898352e-05,-9.875081062316895,9.875000120926416,0.9999229223142307,1,0
134,8,t310,0000,0000,1000,-9.536508878227323e-05,-9.750103950500488,9.750008585411706,0.9999051065579917,1,0
135,1,t012,0001,0001,1001,-0.11583226174116135,-4.489462852478027,4.373630590736866,0.8910098970291308,1,0
135,2,x0,1001,1001,1000,-0.0013582020765170455,-7.2513580322265625,7.2499998301500455,0.9991067325089534,1,0
135,3,x1,1101,1101,0011,-0.00043529312824830413,-8.839763641357422,8.839328348229174,0.9995661262019491,1,0
135,4,c31,1001,1001,0101,-0.018517643213272095,-4.982892036437988,4.964374393224716,0.9819779658105002,1,0
135,5,s03,1001,1001,0010,-0.001713864505290985,-6.799377918243408,6.797664053738117,0.9983343956234039,1,0
135,6,t320,1001,1001,0001,-0.07923860102891922,-2.579298973083496,2.500060372054577,0.9238250948839749,1,0
135,7,s32,1010,1010,0110,-0.0012793774949386716,-7.874443054199219,7.87316367670428,0.9988252116270206,1,0
135,8,s21,1100,1100,1101,-0.00035995442885905504,-8.000359535217285,7.999999580788426,0.9996500451830884,1,0
136,1,t210,1100,1100,0100,-0.6274399757385254,-1.4534056186676025,0.8259656429290771,0.5342472790229699,1,0
136,2,x0,0100,0100,0101,-0.004601548425853252,-6.004601955413818,6.000000406987965,0.9954260437493007,1,0
136,3,t301,0100,0100,0101,-0.00023590432829223573,-9.000235557556152,8.99999965322786,0.9997681003114784,1,0
136,4,s01,1000,1000,0100,-0.005863924976438284,-5.2558979988098145,5.250034073833376,0.9944594349708934,1,0
136,5,t320,1000,1000,0000,-0.000665079103782773,-7.764500141143799,7.763835062040016,0.9993439247657566,1,0
136,6,s23,1000,1000,1010,-3.719299638760276e-05,-11.125838279724121,11.125801086727733,0.9999632901106245,1,0
136,7,c20,1000,0000,0000,-1.7014826536178589,-0.2020748108625412,-1.4994078427553177,0.18241482898958494,0,0
136,8,s30,0001,0001,0100,-0.0031808572821319103,-7.25855016708374,7.255369309801608,0.998106836338474,1,0
137,1,t032,1010,1010,1000,-0.914840579032898,-1.0520086288452148,0.1371680498123169,0.40077884099219613,1,0
137,2,x3,1011,1011,0000,-0.052537161856889725,-4.928197860717773,4.875660698860884,0.9489883135665877,1,0
137,3,x3,1010,1010,1110,-0.004074873868376017,-7.323506832122803,7.319431958254427,0.9978751385222041,1,0
137,4,c23,1011,1011,1010,-0.00017570875934325159,-9.375175476074219,9.374999767314875,0.9998292884770794,1,0
137,5,x2,1001,1001,0000,-0.0438031367957592,-10.198619842529297,10.154816705733538,0.9997823069594688,1,0
137,6,c23,1001,1001,1011,-0.0012516067363321781,-6.752135276794434,6.750883670058101,0.998752966938585,1,0
137,7,t210,1001,1001,0001,-0.0021134743001312017,-6.255795478820801,6.25368200452067,0.9979029202483599,1,0
137,8,t210,1001,1001,0001,-0.008782901801168919,-4.7606048583984375,4.751821956597269,0.9912617012861156,1,0
138,1,c21,1011,1011,0111,-0.23095761239528656,-3.177564859390259,2.9466072469949722,0.7938814134253203,1,0
138,2,x3,1010,1010,0000,-0.3531727194786072,-3.23502254486084,2.8818498253822327,0.7030778593137806,1,0
138,3,t321,1010,1010,1110,-0.06435824185609818,-3.0346109867095947,2.9702527448534966,0.9376882728800379,1,0
138,4,t201,1110,1110,1010,-0.5250845551490784,-0.8994119167327881,0.3743273615837097,0.591509986775145,1,0
138,5,x2,1100,1100,1010,-0.000484172604046762,-8.254642486572266,8.254158313968219,0.9995198894370261,1,0
138,6,t023,1100,1100,1101,-0.011316540651023388,-4.511316776275635,4.500000235624611,0.9887588511178864,1,0
138,7,c32,1100,1100,1110,-0.01619020290672779,-4.141153335571289,4.124963132664561,0.9839479216429183,1,0
138,8,x3,1101,1101,0101,-0.0004379416350275278,-9.127782821655273,9.127344880020246,0.9995624074212625,1,0
139,1,s13,1001,1100,1100,-1.2480792999267578,-0.8652541637420654,-0.3828251361846924,0.2871254330234089,0,0
139,2,t312,1001,1001,1101,-0.4133601784706116,-2.8640971183776855,2.450736939907074,0.6620921853631654,1,0
139,3,s21,1001,1001,1101,-0.002528062555938959,-6.774562835693359,6.77203477313742,0.9974834594104633,1,0
139,4,x2,1011,1011,1101,-0.00070114282425493,-8.879680633544922,8.878979490720667,0.999306619739698,1,0
139,5,c23,1010,1010,1011,-0.004328174516558647,-6.50432825088501,6.500000076368451,0.9976049471645227,1,0
139,6,c30,1010,1010,0010,-0.06583775579929352,-2.8165502548217773,2.750712499022484,0.9363448473275326,1,0
139,7,x0,0010,0010,1010,-0.0019895799923688173,-6.503005027770996,6.501015447778627,0.9984741339883814,1,0
139,8,t231,0010,0010,0110,-0.01842494122684002,-4.022804260253906,4.004379319027066,0.9817467171332044,1,0
140,1,c13,0110,0110,1110,-0.34581810235977173,-3.1391615867614746,2.793343484401703,0.7080476236509683,1,0
140,2,x0,1110,1110,0110,-0.0858878418803215,-3.103473663330078,3.0175858214497566,0.9177247628428398,1,0
140,3,s23,1101,1101,1011,-0.0011810732539743185,-7.661359786987305,7.66017871373333,0.9988230818582292,1,0
140,4,s32,1110,1110,1101,-0.10874819755554199,-2.3586254119873047,2.2498772144317627,0.8969586142349666,1,0
140,5,t230,1110,1110,0110,-0.08904603123664856,-2.658640146255493,2.5695941150188446,0.9148320524670669,1,0
140,6,t231,1110,1110,1010,-0.05004391819238663,-3.098696708679199,3.0486527904868126,0.9512009561262061,1,0
140,7,s03,0111,0111,1110,-0.06257263571023941,-2.9038524627685547,2.8412798270583153,0.9394476484277187,1,0
140,8,x2,0101,0101,0011,-0.0003605872334446758,-9.305388450622559,9.305027863389114,0.9997971333855,1,0
141,1,x2,1000,1000,1001,-0.18071623146533966,-3.6807162761688232,3.5000000447034836,0.834916327898754,1,0
141,2,x2,1010,1010,1100,-0.02841312438249588,-4.705173492431641,4.676760368049145,0.9720164518890214,1,0
141,3,s01,0110,0111,0111,-4.702008247375488,-0.3270082175731659,-4.375000029802322,0.009077653006971134,0,0
141,4,s02,1100,1100,1010,-0.008829528465867043,-5.1090474128723145,5.100217884406447,0.9912241149095068,1,0
141,5,s31,1001,1001,1100,-0.001338800648227334,-7.126032829284668,7.124694028636441,0.9986900278943079,1,0
141,6,t132,1001,1001,1011,-0.026531782001256943,-4.805728912353516,4.779197130352259,0.973857580848989,1,0
141,7,t201,1001,1001,1101,-0.044228266924619675,-3.171002149581909,3.1267738826572895,0.9567532583054659,1,0
141,8,s02,0011,0011,0111,-0.10215980559587479,-2.9090628623962402,2.8069030568003654,0.90290111984306,1,0
142,1,x1,0000,0000,0001,-0.2339794635772705,-3.1089797019958496,2.875000238418579,0.7917102444312447,1,0
142,2,s13,0000,0000,0100,-0.0282184649258852,-3.6700382232666016,3.6418197583407164,0.9721784889605819,1,0
142,3,t201,0000,0000,0001,-0.0004783124022651464,-7.875478267669678,7.874999955267413,0.9995238962249958,1,0
142,4,t321,0000,0000,0001,-2.1695977920899168e-05,-12.000020980834961,11.99999928485704,0.9999841032082829,1,0
142,5,s01,0000,0000,1000,-0.011218768544495106,-4.511192798614502,4.499974030070007,0.988984516689112,1,0
142,6,t123,0000,0000,0001,-8.010640158317983e-05,-9.625079154968262,9.624999048566679,0.9999231503526068,1,0
142,7,t012,0000,0000,1000,-3.886163540300913e-05,-11.889836311340332,11.889797449704929,0.9999883086786746,1,0
142,8,s23,0000,0000,1000,-1.4185861800797284e-05,-12.125530242919922,12.125516057058121,0.9999887661422661,1,0
143,1,s01,0001,0001,1001,-0.7759305238723755,-1.4609565734863281,0.6850260496139526,0.46040695000221205,1,0
143,2,s20,0001,0001,1001,-0.038345303386449814,-3.2882614135742188,3.249916110187769,0.962425661037702,1,0
143,3,t130,0001,0001,1001,-0.03832155838608742,-3.307112216949463,3.2687906585633755,0.9624442507978895,1,0
143,4,s10,0001,0001,1001,-0.0028756954707205296,-6.252610206604004,6.249734511133283,0.9974279859934454,1,0
143,5,x1,0101,0101,0100,-0.00026725101633928716,-8.875267028808594,8.874999777792254,0.9997362997797908,1,0
143,6,x2,0111,0111,1111,-6.401474820449948e-05,-10.707823753356934,10.707759738608729,0.9999554030934732,1,0
143,7,t021,0111,0111,1111,-0.001781525439582765,-6.494591236114502,6.492809710674919,0.9982430992158874,1,0
143,8,x1,0011,0011,1001,-5.888862506253645e-05,-11.019510269165039,11.019451380539977,0.9999534109044048,1,0
144,1,c01,0111,0111,0011,-0.2718784511089325,-3.187415838241577,2.9155373871326447,0.7621128329780235,1,0
144,2,x0,1111,1111,0111,-0.0010506119579076767,-7.59428596496582,7.593235353007913,0.9989512517649449,1,0
144,3,c23,1110,1110,1000,-0.0027782428078353405,-8.023096084594727,8.020317841786891,0.9975154038431262,1,0
144,4,t120,0110,0110,1110,-0.31529051065444946,-1.3151155710220337,0.9998250603675842,0.7295788886363657,1,0
144,5,x3,0111,0111,0000,-0.00038297302671708167,-9.225264549255371,9.224881576228654,0.9996854162854758,1,0
144,6,s12,0111,0111,0110,-0.0008446853025816381,-7.625844478607178,7.624999793304596,0.9992433963602737,1,0
144,7,c21,0011,0011,0101,-0.000561893277335912,-8.40234088897705,8.401778995699715,0.9994866124170302,1,0
144,8,s03,1010,1010,0011,-0.004801880568265915,-5.3798370361328125,5.375035155564547,0.9952254290633737,1,0
145,1,t203,0110,0111,0111,-1.715370535850525,-0.4653705358505249,-1.25,0.18008281127709191,0,0
145,2,t102,0110,0110,0111,-0.0016460929764434695,-7.251646041870117,7.249999948893674,0.9983580600278795,1,0
145,3,t301,0110,0110,0111,-0.00021718982316087931,-9.875216484069824,9.874999294246663,0.9997876934862744,1,0
145,4,s31,0011,0011,0110,-0.0036808662116527557,-5.756284713745117,5.752603847533464,0.9967426615173585,1,0
145,5,x3,0010,0010,0011,-0.0007416040753014386,-9.750741958618164,9.750000354542863,0.9998927938952628,1,0
145,6,s21,0100,0100,0101,-0.0005381654482334852,-8.375537872314453,8.37499970686622,0.9996290654685253,1,0
145,7,c20,0100,1100,1100,-2.5850625038146973,-0.0858737900853157,-2.4991887137293816,0.07562420533964377,0,0
145,8,c12,0110,0110,0100,-0.0003430547658354044,-8.375438690185547,8.375095635419711,0.9996751546845728,1,0
146,1,x1,0111,0111,0001,-0.27476656436920166,-2.5344245433807373,2.2596579790115356,0.7600076101991656,1,0
146,2,t012,0111,0111,1101,-0.023083079606294632,-4.824476718902588,4.801393639296293,0.9772613417299261,1,0
146,3,x2,0101,0101,1101,-0.0007764091715216637,-8.257699966430664,8.256923557259142,0.9993723448180093,1,0
146,4,s12,0011,0011,0101,-0.021490497514605522,-4.019321918487549,3.9978314209729433,0.9793882783080285,1,0
146,5,x0,1011,1011,0011,-0.0007823019404895604,-7.504299640655518,7.503517338715028,0.9993285130082693,1,0
146,6,t123,1011,1011,1010,-0.0006179017364047468,-8.250617980957031,8.250000079220627,0.9993876655847077,1,0
146,7,x0,0011,0011,1001,-0.0008129208581522107,-7.442596435546875,7.441783514688723,0.999190744629374,1,0
146,8,s02,1001,1001,0011,-0.008571874350309372,-4.882628917694092,4.874057043343782,0.991484884207635,1,0
147,1,x2,1010,1010,1100,-0.2426280975341797,-3.2103724479675293,2.9677443504333496,0.7851646244271658,1,0
147,2,x3,1011,1011,0000,-0.06178469583392143,-4.8203582763671875,4.758573580533266,0.9403262547958346,1,0
147,3,x0,0011,0011,1011,-0.050754744559526443,-3.630420684814453,3.5796659402549267,0.9505555362891719,1,0
147,4,t230,1011,1011,0011,-0.005193785298615694,-5.380796432495117,5.3756026471965015,0.9949258711872019,1,0
147,5,s12,1101,1101,1111,-0.0021358404774218798,-7.2549333572387695,7.252797516761348,0.997876968399055,1,0
147,6,s13,1101,1101,1001,-0.026567917317152023,-4.600044250488281,4.573476333171129,0.9738462705133534,1,0
147,7,s31,1101,1101,0110,-0.009077711030840874,-5.1778178215026855,5.168740110471845,0.9909639957045676,1,0
147,8,s12,1011,1011,1111,-0.8988053798675537,-0.9525578022003174,0.05375242233276367,0.40705822073613357,1,0
148,1,s12,0000,0000,0100,-0.4091656506061554,-1.9321004152297974,1.522934764623642,0.6643572998681765,1,0
148,2,s01,0000,0000,1000,-0.0919225811958313,-2.81292724609375,2.7210046648979187,0.9121844652888025,1,0
148,3,t031,0000,0000,0001,-0.0003555584407877177,-9.625354766845703,9.624999208404915,0.9996696474881112,1,0
148,4,s01,0000,0000,1000,-0.01608315482735634,-4.141064643859863,4.124981489032507,0.9840715612335647,1,0
148,5,x3,0001,0001,1001,-4.8517336836084723e-05,-11.245278358459473,11.245229841122637,0.9999621986597598,1,0
148,6,s10,0001,0001,1001,-0.0010621966794133186,-7.251059055328369,7.249996858648956,0.9989488425700701,1,0
148,7,t320,0001,0001,1001,-0.08079301565885544,-2.5860750675201416,2.505282051861286,0.9238082194862147,1,0
148,8,t301,0001,0001,1001,-0.0011281155748292804,-7.132781982421875,7.131653866847046,0.9988840725182181,1,0
149,1,c30,0100,0100,1100,-0.7230108976364136,-1.517793893814087,0.7947829961776733,0.485650420514367,1,0
149,2,x1,0000,0000,1000,-0.004150019027292728,-7.485944747924805,7.481794728897512,0.9958805692583381,1,0
149,3,c21,0000,0000,0100,-0.006147282663732767,-5.131160736083984,5.125013453420252,0.993877079341957,1,0
149,4,t301,0000,0000,0001,-0.00026450754376128316,-8.625264167785645,8.624999660241883,0.9997381294765543,1,0
149,5,x2,0010,0010,0000,-5.268965469440445e-05,-12.132489204406738,12.132436514752044,0.999988377063696,1,0
149,6,c23,0011,0011,0010,-0.00335496268235147,-5.753354549407959,5.7499995867256075,0.9966707764157489,1,0
149,7,x2,0001,0001,0000,-0.00012790755135938525,-9.500127792358398,9.499999884807039,0.9999145545908161,1,0
149,8,c32,0011,0011,0001,-0.003198604565113783,-9.31567096710205,9.312472362536937,0.9998421953158703,1,0
150,1,s20,0011,0011,1001,-0.6452831029891968,-1.2140116691589355,0.5687285661697388,0.524724774220903,1,0
150,2,c32,0001,0001,0111,-0.18088294565677643,-2.733704090118408,2.5528211444616318,0.8354061813502682,1,0
150,3,t120,0001,0001,1001,-0.005997980944812298,-5.517233848571777,5.511235867626965,0.9940668894393051,1,0
150,4,x0,1001,1001,1000,-0.002364264102652669,-6.127363681793213,6.12499941769056,0.9976452766150996,1,0
150,5,c30,0001,0001,1001,-0.049899958074092865,-3.0797183513641357,3.029818393290043,0.9513246673886203,1,0
150,6,x1,0101,0101,0100,-0.00028763257432729006,-8.625287055969238,8.624999423394911,0.999713616881539,1,0
150,7,c20,0101,1101,1101,-1.323784351348877,-0.3245897591114044,-0.9991945922374725,0.2665269560322722,0,0
150,8,s02,0101,0101,1111,-0.3148871660232544,-1.3884586095809937,1.0735714435577393,0.7300196105501918,1,0
151,1,s31,1110,1110,1011,-0.5620669722557068,-2.1529860496520996,1.5909190773963928,0.5701109392345475,1,0
151,2,s32,1101,1101,1011,-0.06963653117418289,-3.4705491065979004,3.4009125754237175,0.9329688899334403,1,0
151,3,t301,1001,1001,1101,-0.6663251519203186,-1.6047531366348267,0.9384279847145081,0.513688882029326,1,0
151,4,s20,0011,0011,1001,-0.05418037250638008,-3.051751136779785,2.997570764273405,0.9472711694957353,1,0
151,5,x3,0010,0010,1010,-0.005958248861134052,-6.154431343078613,6.148473094217479,0.9941392245669846,1,0
151,6,s12,0100,0100,0010,-0.0006798777030780911,-7.875609397888184,7.8749295201851055,0.9993600528513062,1,0
151,7,t130,0100,0100,0101,-0.005925298668444157,-5.880925178527832,5.874999879859388,0.9941411146564648,1,0
151,8,c32,0100,0100,0110,-0.002721575088799,-6.252442836761475,6.249721261672676,0.9972875817245435,1,0
152,1,t132,1000,1000,1010,-0.20946912467479706,-3.6309213638305664,3.4214522391557693,0.8122971941971787,1,0
152,2,c03,1001,1001,0001,-0.028041914105415344,-5.4149274826049805,5.386885568499565,0.972490590092383,1,0
152,3,x1,1101,1101,1100,-0.0013240817934274673,-6.87632417678833,6.875000094994903,0.9986921165239622,1,0
152,4,t321,1101,1101,1001,-0.03549790009856224,-3.6396689414978027,3.6041710413992405,0.9654756391989155,1,0
152,5,c02,1111,1111,1001,-0.0016687351744621992,-7.027978897094727,7.026310161920264,0.9983511121883453,1,0
152,6,s21,1111,1111,1011,-8.034506754484028e-05,-9.750075340270996,9.749994995203451,0.9999264625967549,1,0
152,7,t032,1101,1101,1011,-0.00041146634612232447,-8.975671768188477,8.975260301842354,0.9995948979260727,1,0
152,8,x3,1100,1100,1111,-0.003688566852360964,-5.823516845703125,5.819828278850764,0.9963212440802925,1,0
153,1,s32,0111,0111,0101,-0.8864773511886597,-1.1681249141693115,0.28164756298065186,0.412240840119718,1,0
153,2,s10,1011,1011,0111,-0.11403640359640121,-2.3701906204223633,2.256154216825962,0.894829397849629,1,0
153,3,s12,1101,1101,1100,-0.0022238425444811583,-6.627223491668701,6.62499964912422,0.9978252617944583,1,0
153,4,x3,1100,1100,1000,-0.023208297789096832,-5.596831321716309,5.573623023927212,0.977130261300104,1,0
153,5,t102,1110,1110,1100,-0.03512739762663841,-3.4109182357788086,3.37579083815217,0.9654893395751659,1,0
153,6,s30,0111,0111,1110,-0.013977202586829662,-4.497413635253906,4.483436432667077,0.9861223465911768,1,0
153,7,s21,0111,0111,0110,-0.0033016798552125692,-6.253301620483398,6.249999940628186,0.9967056711906961,1,0
153,8,s12,0111,0111,1011,-0.007815428078174591,-5.236435890197754,5.228620462119579,0.9922170246652174,1,0
154,1,x0,1000,1000,0000,-0.7934971451759338,-2.3301596641540527,1.536662518978119,0.45332598681540986,1,0
154,2,s32,1000,1000,0001,-0.06253283470869064,-3.5945143699645996,3.531981535255909,0.9394563719148202,1,0
154,3,x2,1010,1010,0001,-0.0011591057991608977,-8.336809158325195,8.335650052526034,0.9988548916269762,1,0
154,4,t021,1110,1010,1010,-0.7193549871444702,-0.6936897039413452,-0.025665283203125,0.4870780441891095,0,0
154,5,c02,1100,1100,1010,-0.2635359466075897,-3.0347068309783936,2.771170884370804,0.7685308171123961,1,0
154,6,t203,1100,1100,1101,-0.12689846754074097,-3.1268985271453857,3.0000000596046448,0.881087501466888,1,0
154,7,s31,1001,1001,1100,-0.2885842025279999,-1.904988408088684,1.6164042055606842,0.7493254611238849,1,0
154,8,c20,1001,1001,0001,-0.6426181793212891,-1.2247309684753418,0.5821127891540527,0.5259611835625411,1,0
155,1,c32,1010,1000,1000,-2.262667179107666,-0.5268081426620483,-1.7358590364456177,0.10411243579832409,0,0
155,2,s20,1010,1010,0010,-0.16382044553756714,-2.002553939819336,1.8387334942817688,0.8493055640480566,1,0
155,3,c12,1010,1010,1000,-0.003119893604889512,-6.261643409729004,6.258523516124114,0.9969125868401311,1,0
155,4,x1,1110,1110,1000,-0.00011420036025810987,-10.538386344909668,10.53827214454941,0.9999051852609843,1,0
155,5,x1,1010,1010,1011,-0.00018488452769815922,-10.125184059143066,10.124999174615368,0.9998272598723754,1,0
155,6,c23,1011,1011,1010,-0.002432796638458967,-6.502432823181152,6.500000026542693,0.997601030120696,1,0
155,7,x3,1010,1010,1011,-2.7060372303822078e-05,-12.37502670288086,12.374999642508556,0.9999841060522704,1,0
155,8,c32,1010,1000,1000,-0.8993588089942932,-0.5398386716842651,-0.3595201373100281,0.406948381726579,0,0
156,1,s32,0010,0010,0011,-0.5557379722595215,-2.0557379722595215,1.5,0.5738806094617589,1,0
156,2,c32,0010,0010,0000,-0.17626376450061798,-2.200714349746704,2.024450585246086,0.8384184693910643,1,0
156,3,x0,1010,1010,0010,-0.0005752210854552686,-8.063222885131836,8.06264766404638,0.9994816024572897,1,0
156,4,c10,1010,1010,0010,-0.16213089227676392,-1.9136075973510742,1.7514767050743103,0.8503651923261837,1,0
156,5,t021,1110,1010,1010,-1.152173638343811,-0.3872663378715515,-0.7649073004722595,0.315957013956099,0,0
156,6,s31,1011,1110,1110,-1.8236141204833984,-0.2363756000995636,-1.5872385203838348,0.16144258288224564,0,0
156,7,x3,1010,1010,1110,-0.10067331790924072,-3.640110731124878,3.539437413215637,0.9046569335615263,1,0
156,8,x1,1110,1110,1111,-0.006472745444625616,-6.006472587585449,5.999999842140824,0.9935958058425688,1,0
157,1,x1,0101,0101,0011,-0.5732631087303162,-1.330639123916626,0.7573760151863098,0.5639691771716187,1,0
157,2,c12,0111,0111,1111,-0.0520055815577507,-4.644261360168457,4.592255778610706,0.9495002988507323,1,0
157,3,c03,0111,0111,1110,-0.01451754942536354,-5.28285551071167,5.268337961286306,0.985605271188008,1,0
157,4,x3,0110,0110,0000,-0.0026923459954559803,-8.813883781433105,8.81119143543765,0.9994955417892195,1,0
157,5,c23,0111,0111,0110,-0.0008570805657655001,-7.625857353210449,7.625000272644684,0.9991553005590775,1,0
157,6,x2,0101,0101,0100,-0.0003146969829685986,-9.125314712524414,9.125000015541445,0.9997266847644101,1,0
157,7,t203,0101,0101,0100,-0.0003165966481901705,-8.50031566619873,8.49999906955054,0.9996840875009686,1,0
157,8,s30,1100,1100,1101,-0.004931306466460228,-5.879931449890137,5.8750001434236765,0.995144716067482,1,0
158,1,x0,1101,1101,1111,-0.5184948444366455,-2.767605781555176,2.2491109371185303,0.5958344500673239,1,0
158,2,c01,1001,1001,0101,-0.009556778706610203,-5.893315315246582,5.883758536539972,0.9905024368011942,1,0
158,3,t201,1001,1001,1101,-0.14807730913162231,-2.023482322692871,1.8754050135612488,0.8623719205305364,1,0
158,4,c30,0001,0001,1001,-0.004711534362286329,-5.385966777801514,5.381255243439227,0.9953021430708281,1,0
158,5,t213,0001,0001,0000,-0.0005732143181376159,-8.37557315826416,8.374999943946023,0.9994359982456973,1,0
158,6,t013,0001,0001,0000,-2.5749090127646923e-05,-11.500025749206543,11.500000000116415,0.9999748233352418,1,0
158,7,x0,1001,1001,0001,-0.002181069692596793,-6.252280235290527,6.2500991655979306,0.9979532573926172,1,0
158,8,x0,0001,0001,1001,-0.0006514009437523782,-7.377232074737549,7.3765806737937964,0.9993504014425049,1,0
159,1,s01,0100,1000,1000,-1.2607395648956299,-1.1689502000808716,-0.0917893648147583,0.2834922288173492,0,0
159,2,c12,0110,0110,0000,-0.056492649018764496,-4.65225076675415,4.595758117735386,0.9452043163896574,1,0
159,3,x1,0010,0010,1100,-0.0009692969033494592,-8.494678497314453,8.493709200411104,0.999086199918397,1,0
159,4,s10,0010,0010,1010,-0.0196845643222332,-4.0486040115356445,4.028919447213411,0.9807160364250315,1,0
159,5,c10,0010,0010,1010,-0.018364308401942253,-4.019181251525879,4.000816943123937,0.9818409627235071,1,0
159,6,x2,0000,0000,0110,-7.77233944972977e-05,-10.136116981506348,10.13603925811185,0.9999297892335921,1,0
159,7,t302,0000,0000,0001,-7.271590584423393e-05,-9.75007152557373,9.749998809667886,0.9999301174290021,1,0
159,8,t013,0000,0000,0001,-0.00015424696903210133,-8.875154495239258,8.875000248270226,0.9998502091320387,1,0
160,1,t023,1011,1011,1010,-0.7643353343009949,-1.5143353939056396,0.7500000596046448,0.4660643380262055,1,0
160,2,c01,1111,1111,0011,-0.024185538291931152,-5.057490825653076,5.033305287361145,0.9761288795494598,1,0
160,3,t032,1101,1101,0000,-0.03422069549560547,-5.433124542236328,5.398903846740723,0.9664037466891775,1,0
160,4,s21,1011,1011,1101,-0.007936413399875164,-4.884453773498535,4.87651736009866,0.992105494486255,1,0
160,5,s21,1101,1101,1111,-0.005038395058363676,-5.38063907623291,5.3756006811745465,0.9950487325013898,1,0
160,6,c23,1101,1101,1100,-0.010516840033233166,-4.76051664352417,4.749999803490937,0.9896483138518991,1,0
160,7,s23,1110,1110,1111,-0.0038544335402548313,-5.878854274749756,5.874999841209501,0.9961650840323307,1,0
160,8,s02,1110,1110,0110,-0.011655165813863277,-4.861377716064453,4.84972255025059,0.988425814227845,1,0
161,1,s02,0110,1100,1100,-1.5642783641815186,-1.2497646808624268,-0.3145136833190918,0.2092952362739418,0,0
161,2,c31,0110,0110,0111,-0.13006475567817688,-3.5050647258758545,3.3749999701976776,0.8782909811391183,1,0
161,3,c02,0110,0110,0100,-0.0006846659816801548,-8.259068489074707,8.258383823093027,0.999329006474858,1,0
161,4,c01,0110,0110,0010,-0.00012039869034197181,-9.864843368530273,9.864722969839931,0.9998830345724282,1,0
161,5,c32,0110,0110,0100,-0.011769397184252739,-4.6352715492248535,4.623502152040601,0.9883086047316485,1,0
161,6,t023,0110,0110,0111,-0.0028446868527680635,-5.87784481048584,5.875000123633072,0.9971636362599299,1,0
161,7,c12,0100,0100,0101,-6.63986211293377e-05,-11.375066757202148,11.375000358581019,0.9999714022166774,1,0
161,8,t012,0100,0100,0101,-6.651808507740498e-05,-10.375065803527832,10.374999285442755,0.9999372449535328,1,0
162,1,s23,1100,1100,1101,-0.4758644104003906,-2.3508644104003906,1.875,0.621772314180128,1,0
162,2,x0,0100,0100,1100,-0.08667900413274765,-2.9790961742401123,2.8924171701073647,0.9170218149929975,1,0
162,3,s12,0010,0010,0000,-0.0037261054385453463,-5.808544158935547,5.8048180534970015,0.9967060478151152,1,0
162,4,s10,0010,0010,1010,-0.12782205641269684,-2.1306838989257812,2.0028618425130844,0.8804308179557503,1,0
162,5,c13,0010,0010,0011,-0.0012769970344379544,-6.751276969909668,6.74999997287523,0.9987703521599143,1,0
162,6,s01,0010,0010,1010,-0.005253833718597889,-5.495888710021973,5.490634876303375,0.9953688781876567,1,0
162,7,t102,0010,0010,1000,-3.2424646633444354e-05,-11.919301986694336,11.919269562047702,0.9999814835946227,1,0
162,8,x0,1010,1010,0010,-0.00041226408211514354,-7.878248691558838,7.877836427476723,0.9996104727102468,1,0
163,1,s01,0101,0101,1001,-0.5808227062225342,-1.6284021139144897,1.0475794076919556,0.5594861875246862,1,0
163,2,s20,0101,0101,1101,-0.10664267838001251,-2.4222826957702637,2.315640017390251,0.8988558921221791,1,0
163,3,t312,0111,0111,0101,-0.023938069120049477,-3.8989174365997314,3.874979367479682,0.9763852919818933,1,0
163,4,x1,0011,0011,0010,-0.00015401505515910685,-10.250153541564941,10.249999526509782,0.9999050670250844,1,0
163,5,x2,0001,0001,0111,-0.001818948658183217,-7.001152038574219,6.9993330899160355,0.9988263833404422,1,0
163,6,c31,0101,0101,0001,-0.0014572241343557835,-7.989629745483398,7.988172521349043,0.9993586688424433,1,0
163,7,x1,0001,0001,0111,-0.43155017495155334,-6.744416236877441,6.312866061925888,0.9980116523181409,1,0
163,8,s10,0001,0001,1001,-0.0009257543133571744,-7.250944137573242,7.250018383259885,0.9990752525089788,1,0
164,1,s01,1010,1010,0110,-1.25434148311615,-1.5148223638534546,0.2604808807373047,0.2853404923879002,1,0
164,2,x2,1000,1000,0000,-0.4181857407093048,-3.1592283248901367,2.741042584180832,0.6587099477550221,1,0
164,3,s10,0100,0100,1000,-0.11073853820562363,-2.5387039184570312,2.4279653802514076,0.895410807582291,1,0
164,4,s03,0100,0100,1100,-0.0015102054458111525,-7.209017753601074,7.207507548155263,0.9984939998029567,1,0
164,5,c32,0100,0100,0110,-0.0006207740516401827,-8.125758171081543,8.125137397029903,0.9993829902627785,1,0
164,6,t321,0100,0100,0000,-0.0032037009950727224,-5.863157749176025,5.859954048180953,0.9968055009188853,1,0
164,7,x2,0110,0110,0000,-7.712618389632553e-05,-9.977112770080566,9.97703564389667,0.9999300305608371,1,0
164,8,c03,0110,0110,0111,-0.00014304646174423397,-10.000143051147461,10.000000004685717,0.9998582341970408,1,0
165,1,c31,0100,0100,0000,-0.9187949895858765,-0.9994450807571411,0.08065009117126465,0.39914835158171896,1,0
165,2,t123,0100,0100,0101,-0.023180153220891953,-4.02318000793457,3.9999998547136784,0.977160316939964,1,0
165,3,x1,0000,0000,0001,-0.0004499439965002239,-10.500450134277344,10.500000190280844,0.999931651760573,1,0
165,4,c01,0000,0000,1000,-7.092823216225952e-05,-10.349474906921387,10.349403978689224,0.9999337445586397,1,0
165,5,s12,0000,0000,0010,-0.0003714165650308132,-9.875360488891602,9.87498907232657,0.9998928273657522,1,0
165,6,t021,0000,0000,0001,-5.5908421927597374e-05,-10.375055313110352,10.374999404688424,0.9999474648894846,1,0
165,7,c02,0000,0000,0010,-1.406666160619352e-05,-12.00002384185791,12.000009775196304,0.9999887748177394,1,0
165,8,t021,0000,0000,0001,-4.768305370816961e-05,-10.25004768371582,10.250000000662112,0.9999545333413931,1,0
166,1,c23,1111,1111,1110,-0.2864500880241394,-3.286449909210205,2.9999998211860657,0.7513793895233993,1,0
166,2,s12,1111,1111,1011,-0.049173422157764435,-5.051187038421631,5.002013616263866,0.9520587680272562,1,0
166,3,x0,0111,0111,1111,-0.03836401179432869,-3.2944743633270264,3.2561103515326977,0.9623842624681382,1,0
166,4,c12,0101,0101,0011,-0.0005825086846016347,-8.53221321105957,8.531630702374969,0.9994565909473783,1,0
166,5,s31,0101,0101,0100,-0.00198730593547225,-7.376987457275391,7.375000151339918,0.9980196388433695,1,0
166,6,s03,1100,1100,0101,-0.000761659350246191,-7.375690460205078,7.374928800854832,0.9992768457129569,1,0
166,7,s23,1100,1100,1101,-0.0006425880128517747,-8.375642776489258,8.375000188476406,0.9993586544451742,1,0
166,8,x1,1000,1000,1010,-0.00048096105456352234,-8.250553131103516,8.250072170048952,0.9995199036834818,1,0
167,1,c32,0011,0011,0001,-0.2184176743030548,-3.2497637271881104,3.0313460528850555,0.8048290802982684,1,0
167,2,s23,0011,0011,0001,-0.008023181930184364,-5.632486820220947,5.624463638290763,0.9920194750729449,1,0
167,3,s02,1001,1001,1011,-0.0031147522386163473,-6.128194332122803,6.125079579884186,0.9968954797446719,1,0
167,4,t301,1101,1101,1001,-0.10671909898519516,-2.9815244674682617,2.8748053684830666,0.8988478384784417,1,0
167,5,c02,1111,1111,1001,-0.007765883579850197,-6.08681058883667,6.07904470525682,0.9922868405532994,1,0
167,6,s20,1111,1111,0111,-0.0005920784897170961,-7.500606536865234,7.500014458375517,0.9994092178214066,1,0
167,7,c13,1110,1110,1011,-0.013991860672831535,-5.557433605194092,5.54344174452126,0.986134771963373,1,0
167,8,s21,1110,1110,1010,-0.0003906070487573743,-8.350473403930664,8.350082796881907,0.9996102843549072,1,0
168,1,c20,0011,0011,1011,-0.6233717203140259,-1.1249370574951172,0.5015653371810913,0.5362054165373041,1,0
168,2,s02,1001,1001,0011,-0.013677725568413734,-4.645293712615967,4.631615987047553,0.9864302067902853,1,0
168,3,t201,1001,1101,1101,-1.5258042812347412,-0.2763754725456238,-1.2494288086891174,0.21746348210189909,0,0
168,4,t302,1011,1011,1101,-0.0013114772737026215,-7.136199951171875,7.134888473898172,0.9986950142618789,1,0
168,5,c21,1111,1111,1011,-0.008862004615366459,-4.883864879608154,4.875002874992788,0.9911874250221395,1,0
168,6,s12,1111,1111,0111,-0.00011717867892002687,-9.385640144348145,9.385522965669225,0.9998859438719542,1,0
168,7,c20,0111,0111,1111,-0.00926257111132145,-4.760055065155029,4.750792494043708,0.9907825610056266,1,0
168,8,t012,0111,0111,0011,-3.707382347784005e-05,-10.90916633605957,10.909129262236092,0.9999642408281083,1,0
169,1,x3,0001,0001,0010,-0.26605284214019775,-3.146073579788208,2.8800207376480103,0.7681978397195627,1,0
169,2,t210,0001,0001,0000,-0.07099350541830063,-3.070993661880493,3.0000001564621925,0.931500686248937,1,0
169,3,s01,0001,0001,1001,-0.08902154117822647,-2.6058809757232666,2.51685943454504,0.9148435016146812,1,0
169,4,c12,0001,0001,0011,-0.007544172927737236,-5.263454437255859,5.255910264328122,0.9925274148670633,1,0
169,5,c23,0001,0001,0011,-0.01686570979654789,-5.517724514007568,5.5008588042110205,0.9833879659047432,1,0
169,6,t130,0001,0001,1001,-0.06217001751065254,-2.812997579574585,2.7508275620639324,0.9397735131105401,1,0
169,7,c31,0101,0101,0100,-0.0006607825635001063,-7.7506608963012695,7.750000113737769,0.9993402383610558,1,0
169,8,s02,0101,0101,1111,-0.021681047976017,-4.282828330993652,4.261147283017635,0.9785986130449871,1,0
170,1,x1,0011,0011,1000,-0.14688646793365479,-3.7541561126708984,3.6072696447372437,0.8636020803726564,1,0
170,2,s13,0110,0110,0101,-0.058996208012104034,-3.9391322135925293,3.8801360055804253,0.9427165890793375,1,0
170,3,t231,0110,0110,0010,-0.021941859275102615,-4.087773323059082,4.065831463783979,0.9783225036000639,1,0
170,4,s20,1100,1100,1101,-0.0027047235053032637,-6.377705097198486,6.375000373693183,0.9973774623455003,1,0
170,5,s20,0110,0110,1100,-0.06474636495113373,-3.4175641536712646,3.352817788720131,0.9373056325331379,1,0
170,6,s30,0110,0110,1111,-0.6917918920516968,-1.1492608785629272,0.45746898651123047,0.5006893221944864,1,0
170,7,t210,1110,1110,0110,-0.031413644552230835,-3.652372360229492,3.6209587156772614,0.9690748941521725,1,0
170,8,s02,1110,1110,0110,-0.01198217086493969,-4.5451130867004395,4.5331309158355,0.9880896394285634,1,0
171,1,t032,0001,0001,0011,-0.22716355323791504,-3.8171350955963135,3.5899715423583984,0.7977144853968058,1,0
171,2,t201,0001,0001,1001,-0.0068483296781778336,-5.235576629638672,5.228728299960494,0.9931849548719905,1,0
171,3,c03,0001,0001,1000,-0.00013183940609451383,-9.81119155883789,9.811059719431796,0.9998690401923017,1,0
171,4,t301,0001,0001,1001,-8.010630699573085e-05,-9.715091705322266,9.71501159901527,0.9999223769110619,1,0
171,5,s13,0100,0100,0001,-0.005413353908807039,-5.255302906036377,5.24988955212757,0.9947127961187268,1,0
171,6,c20,0100,1100,1100,-1.5055361986160278,-0.2621535062789917,-1.2433826923370361,0.22245740715079296,0,0
171,7,t201,0100,0100,0101,-0.0003462822351139039,-8.875347137451172,8.875000855216058,0.9996610078323933,1,0
171,8,c03,0100,0100,0101,-0.03806888684630394,-3.2880687713623047,3.2499998845160007,0.9626549213386346,1,0
172,1,c32,0000,0000,0010,-0.798916220664978,-1.1062755584716797,0.30735933780670166,0.4505423979576468,1,0
172,2,t203,0000,0000,0001,-0.0015214565210044384,-7.001521587371826,7.000000130850822,0.9984865589833104,1,0
172,3,s12,0000,0000,1000,-0.00022826442727819085,-9.036428451538086,9.036200187110808,0.9998572101605692,1,0
172,4,c30,0000,0000,1000,-0.0002522247959859669,-8.500326156616211,8.500073931820225,0.9997505402114633,1,0
172,5,x0,1000,1000,0000,-0.00014614115934818983,-9.632802963256836,9.632656822097488,0.9999248965856459,1,0
172,6,x2,1010,1010,0010,-0.00016211620823014528,-9.249013900756836,9.248851784548606,0.9998405413207028,1,0
172,7,s23,1001,1001,1000,-0.004150484222918749,-5.504149913787842,5.499999429564923,0.9959266994277817,1,0
172,8,c23,1001,1001,1011,-0.0003530741960275918,-8.63294792175293,8.632594847556902,0.9996502931393649,1,0
173,1,s03,0100,0100,1101,-0.7277186512947083,-2.1059842109680176,1.3782655596733093,0.48316734539457845,1,0
173,2,s13,0001,0001,0100,-0.1434529721736908,-2.0221378803253174,1.8786849081516266,0.8664132145371074,1,0
173,3,s03,1000,1000,0001,-0.003837747499346733,-6.6323370933532715,6.628499345853925,0.9969565847165666,1,0
173,4,c02,1010,1010,1100,-0.0665593296289444,-4.462706565856934,4.396147236227989,0.9359362559902952,1,0
173,5,x1,1110,1110,1000,-0.0033815926872193813,-6.384304523468018,6.380922930780798,0.9966308958618948,1,0
173,6,s23,1101,1101,1011,-0.005828100722283125,-5.4810566902160645,5.475228589493781,0.994203523437779,1,0
173,7,t301,1001,1001,1101,-0.3752000033855438,-1.4399747848510742,1.0647747814655304,0.687184216579701,1,0
173,8,t013,1001,1001,1101,-0.050967149436473846,-4.450803756713867,4.399836607277393,0.9503886952781414,1,0
174,1,t203,0010,0010,0011,-0.31545454263687134,-2.4404544830322266,2.1249999403953552,0.7302942787743661,1,0
174,2,c02,0010,0010,1000,-0.005899551324546337,-5.8959879875183105,5.890088436193764,0.9941252332599091,1,0
174,3,t230,0010,0010,1010,-0.006821346469223499,-5.00725793838501,5.000436591915786,0.9932513770033624,1,0
174,4,x2,0000,0000,1000,-8.165673352777958e-05,-10.76758098602295,10.767499329289421,0.9999402366548261,1,0
174,5,s30,0000,0000,1000,-2.443772609694861e-05,-11.258638381958008,11.25861394423191,0.9999803503052721,1,0
174,6,x1,0100,0100,0010,-0.0009482504683546722,-7.001516342163086,7.000568091694731,0.999086295930352,1,0
174,7,x0,1100,1100,0100,-0.0004210049519315362,-8.589229583740234,8.588808578788303,0.9996191074640639,1,0
174,8,s23,1100,1100,1001,-0.0013816464925184846,-7.003477096557617,7.002095450065099,0.9986368485103533,1,0
175,1,s20,0001,0001,1001,-0.8732309937477112,-1.5158329010009766,0.6426019072532654,0.41771786293546753,1,0
175,2,c20,0001,0001,1001,-0.110393226146698,-2.631789207458496,2.521395981311798,0.8958688724754986,1,0
175,3,t023,0001,0001,1001,-0.004395556636154652,-6.812121868133545,6.80772631149739,0.995695202944099,1,0
175,4,x1,0101,0101,0011,-0.0005807846318930387,-7.625997066497803,7.62541628186591,0.999422394776101,1,0
175,5,t320,0101,1101,1101,-1.7029311656951904,-0.20373126864433289,-1.4991998970508575,0.18239835312863928,0,0
175,6,x2,0111,0111,0001,-3.5404893424129114e-05,-10.758651733398438,10.758616328505013,0.9999696915780825,1,0
175,7,c21,0011,0011,1111,-0.002027912065386772,-6.739999294281006,6.737971382215619,0.9980248088022663,1,0
175,8,t231,0111,0111,0011,-0.014952701516449451,-4.2646164894104,4.249663787893951,0.9851630709418155,1,0
176,1,s02,1010,1010,0010,-0.873096227645874,-1.5810918807983398,0.7079956531524658,0.4177464864541479,1,0
176,2,x3,1011,1011,0000,-0.22337228059768677,-3.3847694396972656,3.161397159099579,0.8004102185491749,1,0
176,3,s12,1101,1101,1111,-0.051058147102594376,-3.1861884593963623,3.135130312293768,0.9502729917838176,1,0
176,4,c31,1001,1001,1111,-0.28298357129096985,-2.327136278152466,2.044152706861496,0.75359761427643,1,0
176,5,c32,1011,1011,1101,-0.009828902781009674,-4.8404154777526855,4.830586574971676,0.9902266240817804,1,0
176,6,x3,1010,1010,1011,-0.5243921279907227,-7.149392127990723,6.625,0.9982705280786522,1,0
176,7,t120,1010,1010,0010,-0.025098001584410667,-3.80474591255188,3.779647910967469,0.9752561322497758,1,0
176,8,t023,1011,1011,1010,-0.023472147062420845,-3.7734718322753906,3.74999968521297,0.9768114171309397,1,0
177,1,c23,0010,0010,1000,-0.2530199885368347,-3.6573472023010254,3.4043272137641907,0.7772365371573914,1,0
177,2,t123,0010,0010,0011,-0.06393757462501526,-2.8139376640319824,2.750000089406967,0.9380681563533937,1,0
177,3,x0,1010,1010,1011,-0.0007595021743327379,-8.12575912475586,8.124999622581527,0.9993633877917808,1,0
177,4,t213,1010,1010,1011,-0.021270090714097023,-3.8962697982788086,3.8749997075647116,0.9789569740556895,1,0
177,5,x1,1110,1110,1000,-0.00022338461712934077,-8.750258445739746,8.750035061122617,0.9997778037886449,1,0
177,6,s12,1110,1110,1010,-0.00015365518629550934,-9.375306129455566,9.375152474269271,0.9998781403323118,1,0
177,7,s32,1101,1101,1011,-0.0060175941325724125,-5.1331706047058105,5.127153010573238,0.9940067818065071,1,0
177,8,t130,0101,0101,1101,-0.12745311856269836,-2.1274478435516357,1.9999947249889374,0.8803553264324523,1,0
178,1,t123,1001,1001,0000,-0.2793527841567993,-3.6635642051696777,3.3842114210128784,0.7581394456773686,1,0
178,2,t103,1001,1001,1101,-0.002990699838846922,-6.915429592132568,6.912438892293721,0.9970169933458175,1,0
178,3,s01,0101,0101,1001,-0.05594203248620033,-2.963892936706543,2.9079509042203426,0.9459491102936423,1,0
178,4,s23,0110,0110,0101,-0.009521798230707645,-4.759556293487549,4.750034495256841,0.9905642125363827,1,0
178,5,c03,0110,0110,0111,-0.00044914247700944543,-8.625449180603027,8.625000038126018,0.9995530672943325,1,0
178,6,t103,0110,0110,0111,-0.004646816290915012,-5.3796467781066895,5.374999961815774,0.9953652101411675,1,0
178,7,s01,1010,1010,0110,-0.14771801233291626,-2.021916389465332,1.8741983771324158,0.8662373427138189,1,0
178,8,t310,1010,1010,0010,-0.0011674946872517467,-7.51179313659668,7.510625641909428,0.9988361308030548,1,0
179,1,x1,0100,0100,0010,-0.6257175803184509,-1.5818140506744385,0.9560964703559875,0.5352708550046178,1,0
179,2,c13,0101,0101,0000,-0.10137245059013367,-4.043534278869629,3.9421618282794952,0.9037276565428783,1,0
179,3,s03,1100,1100,0101,-0.024270230904221535,-4.527313232421875,4.5030430015176535,0.976056750569103,1,0
179,4,x1,1000,1000,1001,-0.06572134047746658,-3.315721273422241,3.2499999329447746,0.9363976243037642,1,0
179,5,t321,1000,1000,1100,-0.0032483856193721294,-7.272279739379883,7.269031353760511,0.9967722090101448,1,0
179,6,x2,1010,1010,1100,-0.0007992079481482506,-7.427182197570801,7.4263829896226525,0.999207595467642,1,0
179,7,c30,1010,1010,0010,-0.01636403240263462,-4.2672438621521,4.250879829749465,0.9837759172835677,1,0
179,8,t120,1010,1010,0010,-0.38885602355003357,-1.1465413570404053,0.7576853334903717,0.6778430073374503,1,0
180,1,s13,0011,0011,0110,-1.2381805181503296,-1.3687316179275513,0.13055109977722168,0.28996214166364165,1,0
180,2,t023,0011,0011,1100,-0.1418331116437912,-4.256852149963379,4.115019038319588,0.8682877521161407,1,0
180,3,x3,0010,0010,0001,-0.00010728589404607192,-10.600268363952637,10.60016107805859,0.9999556886110532,1,0
180,4,s03,0010,0010,1010,-0.0010613607009872794,-7.695303916931152,7.694242556230165,0.9995342747276938,1,0
180,5,t302,0010,0010,0011,-6.127274536993355e-05,-10.25006103515625,10.24999976241088,0.9999433230458263,1,0
180,6,c20,1010,1010,0010,-0.006007644347846508,-5.131228446960449,5.125220802612603,0.994040571188516,1,0
180,7,c23,1011,1011,1010,-0.0009598145843483508,-7.000959873199463,7.0000000586151145,0.9990425423313861,1,0
180,8,t213,1011,1011,1110,-0.0009427502518519759,-8.337471961975098,8.336529211723246,0.9990599959654097,1,0
181,1,t201,0111,0111,0011,-0.3578762412071228,-2.904120683670044,2.546244442462921,0.6993163522644776,1,0
181,2,t102,0111,0111,1101,-0.019547900184988976,-4.512217044830322,4.492669144645333,0.9806725755283734,1,0
181,3,x3,0110,0110,0000,-0.0008524048607796431,-8.600881576538086,8.600029171677306,0.9993038420593181,1,0
181,4,s21,0110,0110,0111,-0.000293708813842386,-8.500293731689453,8.50000002287561,0.999710317368116,1,0
181,5,c03,0110,0110,0000,-0.07010722905397415,-3.794975757598877,3.724868528544903,0.932363251304873,1,0
181,6,t102,0110,0110,0111,-9.584064537193626e-05,-9.37509536743164,9.374999526786269,0.9999052133086371,1,0
181,7,c31,0110,0110,0010,-0.03824794664978981,-3.2894113063812256,3.2511633597314358,0.9624813470997446,1,0
181,8,x2,0100,0100,0010,-2.3960990802152082e-05,-11.750239372253418,11.750215411262616,0.9999817255628837,1,0
182,1,t320,0011,1011,1011,-1.0914973020553589,-0.7946540117263794,-0.2968432903289795,0.33582638160555406,0,0
182,2,x2,0001,0001,1001,-0.03619540110230446,-4.406946659088135,4.37075125798583,0.9650867654983882,1,0
182,3,t032,0001,0001,1001,-0.0018754033371806145,-6.803369522094727,6.801494118757546,0.9981378020747408,1,0
182,4,s30,1000,1000,0001,-0.002901161788031459,-6.751417636871338,6.748516475083306,0.997158798920586,1,0
182,5,x3,1001,1001,0001,-0.00011384225217625499,-10.498760223388672,10.498646381136496,0.9998879257085207,1,0
182,6,s03,1001,1001,0001,-0.0022844625636935234,-7.761388778686523,7.75910431612283,0.9990826437795984,1,0
182,7,s30,1001,1001,0001,-0.008666173554956913,-4.765535354614258,4.756869181059301,0.9913818763554749,1,0
182,8,s01,0101,0101,1001,-0.07182282954454422,-2.703599452972412,2.631776623427868,0.9307369373637496,1,0
183,1,s31,0101,0101,0001,-0.5417528748512268,-1.9241278171539307,1.3823749423027039,0.5818190324842062,1,0
183,2,t032,0101,0101,1101,-0.019582225009799004,-6.028684139251709,6.00910191424191,0.9807269565081926,1,0
183,3,x1,0001,0001,0000,-7.35511421225965e-05,-11.375073432922363,11.37499988178024,0.9999648289164343,1,0
183,4,s02,0001,0001,1011,-0.018590262159705162,-4.648928165435791,4.630337903276086,0.9815831571147641,1,0
183,5,s02,0001,0001,1001,-0.003299765521660447,-5.851889610290527,5.848589844768867,0.9967108601988464,1,0
183,6,s30,1000,1000,0001,-0.017814625054597855,-4.387739181518555,4.369924556463957,0.9823552358547192,1,0
183,7,s20,0010,0010,0110,-0.014776580967009068,-4.791613578796387,4.776836997829378,0.9853892491697265,1,0
183,8,x2,0000,0000,1000,-0.012719553895294666,-7.439267158508301,7.426547604613006,0.9992577960880479,1,0
184,1,s01,0110,0110,1010,-0.8498231768608093,-1.2692036628723145,0.4193804860115051,0.4276732735366562,1,0
184,2,t231,0110,0110,0010,-0.128468319773674,-3.1483218669891357,3.0198535472154617,0.8794780954088883,1,0
184,3,s32,0101,0101,0110,-0.0007940280484035611,-7.814000129699707,7.8132061016513035,0.999231949610085,1,0
184,4,x0,1101,1101,1100,-0.0012797391973435879,-6.751279830932617,6.750000091735274,0.9987300010435359,1,0
184,5,s13,1101,1101,1001,-0.004197418689727783,-6.137633800506592,6.133436381816864,0.9958186783707699,1,0
184,6,s23,1110,1110,1111,-0.0008972916402854025,-8.250897407531738,8.250000115891453,0.9991042507937941,1,0
184,7,c03,1111,1111,1101,-0.002081251470372081,-6.828008651733398,6.825927400263026,0.9979578252321388,1,0
184,8,t132,1101,1101,1011,-0.002025458961725235,-6.985467910766602,6.983442451804876,0.9980286127945243,1,0
185,1,s12,0000,0000,0100,-0.32063981890678406,-2.5921590328216553,2.271519213914871,0.7259235723891155,1,0
185,2,x2,0010,0010,0100,-0.018143294379115105,-5.079078197479248,5.060934903100133,0.9821646121117054,1,0
185,3,x3,0011,0011,0001,-0.0006816626992076635,-8.34975814819336,8.349076485494152,0.9993339814918739,1,0
185,4,c23,0010,0010,0011,-0.005056840367615223,-7.630056858062744,7.625000017695129,0.9990872413830639,1,0
185,5,s21,0100,0100,0101,-0.003470061346888542,-5.940969467163086,5.937499405816197,0.9967724098013611,1,0
185,6,s31,0001,0001,0100,-0.008077099919319153,-4.883037567138672,4.874960467219353,0.992032683301033,1,0
185,7,x2,0011,0011,0010,-0.000574410951230675,-8.25057315826416,8.24999874731293,0.9994527603406863,1,0
185,8,t120,0011,0011,1011,-0.019703898578882217,-4.020213603973389,4.0005097053945065,0.9804973101182349,1,0
186,1,x2,0101,0101,1101,-0.17876335978507996,-3.946845054626465,3.768081694841385,0.8365914650662176,1,0
186,2,c03,0101,0101,1100,-0.01869342103600502,-6.166999340057373,6.148305919021368,0.9815562766545952,1,0
186,3,t130,1101,1101,0101,-0.2019015997648239,-1.7018531560897827,1.4999515563249588,0.817318289961315,1,0
186,4,s10,1101,1101,0101,-0.003480409737676382,-5.880300521850586,5.8768201121129096,0.9965275252753393,1,0
186,5,c32,1111,1111,0111,-0.003007907886058092,-6.6114115715026855,6.6084036636166275,0.9970051371923322,1,0
186,6,c01,1011,1011,1101,-9.34584386413917e-05,-9.945889472961426,9.945796014522784,0.9999181207835571,1,0
186,7,c13,1011,1011,1110,-0.0017259723972529173,-6.94287109375,6.941145121352747,0.998283419275766,1,0
186,8,x0,0011,0011,1011,-0.0003429087810218334,-8.634644508361816,8.634301599580795,0.9996578021876531,1,0
187,1,x1,0111,0111,0001,-0.2863311767578125,-2.2452657222747803,1.9589345455169678,0.7512269715833542,1,0
187,2,c32,0101,0101,1101,-0.21199160814285278,-2.565098285675049,2.353106677532196,0.8091705102249689,1,0
187,3,t310,1101,1101,0101,-0.03925716504454613,-3.2905044555664062,3.25124729052186,0.9617311625634054,1,0
187,4,t230,1101,0101,0101,-0.9743815660476685,-0.47435733675956726,-0.5000242292881012,0.37744349126635435,0,0
187,5,c10,0101,0101,1101,-0.012143886648118496,-4.8249969482421875,4.812853061594069,0.9917277552967053,1,0
187,6,c02,0101,0101,0100,-0.0001318412396358326,-9.375131607055664,9.374999765816028,0.999869916908272,1,0
187,7,s23,0110,0110,0101,-0.003823676845058799,-5.628701686859131,5.624878010014072,0.9961915036150569,1,0
187,8,x0,1110,1110,0110,-0.002906115259975195,-6.184570789337158,6.181664674077183,0.9974326212045426,1,0
188,1,c32,1000,1000,1010,-0.4710652232170105,-1.7533200979232788,1.2822548747062683,0.6251241851148347,1,0
188,2,t103,1000,1000,1001,-0.023325756192207336,-4.398325443267822,4.374999687075615,0.9770126868335267,1,0
188,3,t210,1000,1000,0000,-0.0015810095937922597,-6.629791736602783,6.628210727008991,0.9984240619211234,1,0
188,4,s30,0001,0001,0000,-0.0010799338342621922,-9.251079559326172,9.24999962549191,0.9997787038734878,1,0
188,5,t013,0001,0001,1000,-0.0001940652437042445,-9.595605850219727,9.595411784976022,0.9998134142545596,1,0
188,6,c02,0001,0001,0000,-5.447775038192049e-05,-10.125054359436035,10.124999881685653,0.9999474649608259,1,0
188,7,s21,0001,0001,1001,-0.00028178381035104394,-8.80366325378418,8.803381469973829,0.9997472645033962,1,0
188,8,t210,0001,0001,1001,-0.0002057458332274109,-9.001220703125,9.001014957291773,0.9997950782879396,1,0
189,1,c20,1101,0101,0101,-0.9590089321136475,-0.6965758800506592,-0.2624330520629883,0.38334599672307595,0,0
189,2,s20,0111,0111,1101,-0.3063054084777832,-1.4282053709030151,1.121899962425232,0.7366312399793332,1,0
189,3,t210,1111,1111,0111,-0.039962705224752426,-3.292813301086426,3.2528505958616734,0.9608281286794986,1,0
189,4,x1,1011,1011,0111,-0.0008187090279534459,-8.03995418548584,8.039135476457886,0.999188116059689,1,0
189,5,t013,1011,1011,1110,-0.011471726931631565,-5.35726261138916,5.345790884457529,0.9886313950274471,1,0
189,6,t031,1111,1111,0011,-0.0020194489043205976,-6.966794490814209,6.964775041909888,0.9979859209297554,1,0
189,7,c21,1011,1011,0111,-0.008872450329363346,-4.773547649383545,4.764675199054182,0.9911993847775643,1,0
189,8,x0,0011,0011,1011,-0.004089234862476587,-5.504560947418213,5.500471712555736,0.9959239956434183,1,0
190,1,x2,0001,0001,0111,-0.19125494360923767,-3.2523789405822754,3.0611239969730377,0.8261893324282716,1,0
190,2,t013,0001,0001,0000,-0.02932945266366005,-5.029329776763916,5.000000324100256,0.971153836996619,1,0
190,3,t120,0001,0001,1001,-0.0008294112049043179,-7.251249313354492,7.250419902149588,0.9992152756455219,1,0
190,4,t213,0001,0001,1001,-0.00011419910151744261,-10.481193542480469,10.481079343378951,0.9998902613024065,1,0
190,5,t321,0001,0001,0101,-0.00023160896671470255,-8.750312805175781,8.750081196209067,0.9997757892265454,1,0
190,6,s31,0100,0100,1100,-0.038355886936187744,-3.380514144897461,3.342158257961273,0.9625501336690164,1,0
190,7,s30,0100,0100,1100,-0.2911996841430664,-1.4074209928512573,1.116221308708191,0.7474636527274247,1,0
190,8,x1,0000,0000,0001,-0.0013123888056725264,-9.126311302185059,9.124998913379386,0.9998626087240537,1,0
191,1,t320,0100,0100,1100,-0.41956889629364014,-2.264915943145752,1.8453470468521118,0.6582575828908129,1,0
191,2,c23,0100,0100,0101,-0.2299438714981079,-1.6049439907073975,1.3750001192092896,0.7946113993336208,1,0
191,3,x0,1100,1100,0100,-0.00095421849982813,-7.376455307006836,7.375501088507008,0.9991675202347763,1,0
191,4,x0,0100,0100,1100,-0.001441011787392199,-6.861441612243652,6.86000060045626,0.9985617269422086,1,0
191,5,c01,0100,0100,0000,-0.00021337493672035635,-9.192923545837402,9.192710170900682,0.9997936132545511,1,0
191,6,s23,0100,0100,0001,-0.0001283849705941975,-9.70320987701416,9.703081492043566,0.9998785664873902,1,0
191,7,c23,0100,0100,0101,-0.002049369504675269,-6.252048969268799,6.249999599764124,0.9979569410927319,1,0
191,8,c13,0101,0101,0100,-0.0007493316661566496,-7.750749111175537,7.7499997795093805,0.9992552850125274,1,0
192,1,t123,1101,1101,0000,-0.3974831700325012,-3.3481929302215576,2.9507097601890564,0.672897099731393,1,0
192,2,c03,1100,1100,1111,-0.08629529178142548,-3.9839494228363037,3.8976541310548782,0.917907621025487,1,0
192,3,s20,0110,0110,1100,-0.17270556092262268,-1.9146839380264282,1.7419783771038055,0.841398276044637,1,0
192,4,c31,0110,0110,0010,-0.08161816000938416,-3.1557559967041016,3.0741378366947174,0.921665905022904,1,0
192,5,x1,0010,0010,0100,-0.0005159777356311679,-9.125864028930664,9.125348051195033,0.9997745978061642,1,0
192,6,t312,0010,0010,0011,-0.0004919227794744074,-8.125492095947266,8.125000173167791,0.9995208577384065,1,0
192,7,t123,0010,0010,0011,-0.016103725880384445,-4.141103744506836,4.1250000186264515,0.9840271651655824,1,0
192,8,t123,0010,0010,0011,-0.01417451724410057,-4.264174461364746,4.2499999441206455,0.9859274937568265,1,0
193,1,s23,0010,0010,0011,-0.5234640836715698,-2.0234639644622803,1.4999998807907104,0.592708525691688,1,0
193,2,c01,0010,0010,0011,-0.06441895663738251,-4.689418792724609,4.624999836087227,0.937710751149998,1,0
193,3,t130,0010,0010,1010,-0.0021320576779544353,-6.254876613616943,6.252744555938989,0.9978921640478542,1,0
193,4,t230,0010,0010,1010,-0.0004691121284849942,-7.7603840827941895,7.7599149706657045,0.9995374517864046,1,0
193,5,t031,0010,0010,0011,-3.612008731579408e-05,-10.625036239624023,10.625000119536708,0.9999648971328929,1,0
193,6,t032,0010,0010,0011,-1.2755364878103137e-05,-12.500012397766113,12.499999642401235,0.9999902611307184,1,0
193,7,s21,0100,0100,0010,-0.0020571714267134666,-6.501544952392578,6.499487780965865,0.9981387572405176,1,0
193,8,c12,0110,0110,0100,-0.0046894848346710205,-5.379702568054199,5.375013083219528,0.9953269077147918,1,0
194,1,t231,1001,1001,1101,-0.5195600986480713,-1.9232083559036255,1.4036482572555542,0.5952498633339314,1,0
194,2,c31,1101,1101,0011,-0.004157417919486761,-6.610404968261719,6.606247550342232,0.9958563542297885,1,0
194,3,t302,1111,1111,1001,-0.006079952698200941,-5.894832611083984,5.888752658385783,0.9939499168397258,1,0
194,4,t013,1110,1110,1011,-0.009218352846801281,-5.629038333892822,5.619819981046021,0.9908318385503533,1,0
194,5,t032,1110,1110,1100,-0.5769317746162415,-0.8262509107589722,0.2493191361427307,0.5616243876160012,1,0
194,6,s12,1110,1110,1111,-7.688872574362904e-05,-10.875077247619629,10.875000358893885,0.999964117672637,1,0
194,7,s31,1011,1011,1110,-0.38793107867240906,-1.1411125659942627,0.7531814873218536,0.6784703836735465,1,0
194,8,t032,1001,1001,1111,-0.00045021894038654864,-8.52304458618164,8.522594367241254,0.9995794203332619,1,0
195,1,c01,1000,1000,1010,-0.3056367039680481,-2.6198863983154297,2.3142496943473816,0.736838223684781,1,0
195,2,c20,1000,1000,0000,-0.5856754779815674,-1.2700403928756714,0.684364914894104,0.5567973536689662,1,0
195,3,t230,1000,1000,0000,-0.002125292317941785,-6.449657440185547,6.447532147867605,0.9978826334032872,1,0
195,4,c02,1010,1010,1100,-0.0002683247730601579,-9.340843200683594,9.340574875910534,0.9997473742894748,1,0
195,5,s10,0110,0110,1010,-0.47442278265953064,-1.0631521940231323,0.5887294113636017,0.6224702806131078,1,0
195,6,x2,0100,0100,1100,-0.00014304701471701264,-9.81340503692627,9.813261989911553,0.9999042344163657,1,0
195,7,x0,1100,1100,0100,-0.0037284423597157,-5.6291093826293945,5.625380940269679,0.9963395896127308,1,0
195,8,x2,1110,1110,1000,-0.0001952486636582762,-8.827770233154297,8.827574984490639,0.9998080995081238,1,0
196,1,s30,0010,0010,1010,-1.0884150266647339,-1.5478296279907227,0.45941460132598877,0.33678938035004075,1,0
196,2,t321,0010,0010,0110,-0.03338375687599182,-4.171135425567627,4.137751668691635,0.9671970267851621,1,0
196,3,s23,0001,0001,0010,-9.91799752227962e-05,-9.937638282775879,9.937539102800656,0.9999150876903028,1,0
196,4,t301,0001,0001,1001,-0.00026951791369356215,-9.410992622375488,9.410723104461795,0.9997379785248524,1,0
196,5,s03,1000,1000,1001,-0.005580781027674675,-6.630580425262451,6.6249996442347765,0.9977824626217606,1,0
196,6,c01,1100,1100,1010,-0.007635558024048805,-4.884678840637207,4.877043282613158,0.9924043424858359,1,0
196,7,x2,1110,1110,1000,-6.401423161150888e-05,-10.062409400939941,10.06234538670833,0.9999380857198465,1,0
196,8,x2,1100,1100,1010,-0.001932603889144957,-6.503946781158447,6.502014177269302,0.9984647914065322,1,0
197,1,s13,0101,0101,0001,-0.5577613711357117,-1.5969194173812866,1.039158046245575,0.572541951930594,1,0
197,2,t120,0101,0101,1101,-0.08243997395038605,-2.6171019077301025,2.5346619337797165,0.9209115668266996,1,0
197,3,c01,0101,0101,0100,-0.0010825543431565166,-7.751082420349121,7.749999866005965,0.9989306803810437,1,0
197,4,t103,0101,0101,0100,-0.0005069320905022323,-8.000506401062012,7.9999994689715095,0.9994953751778732,1,0
197,5,t123,0101,0101,0100,-0.0004479147610254586,-7.875447750091553,7.874999835330527,0.9995566632378139,1,0
197,6,t120,0101,0101,1101,-0.008720471523702145,-4.758872032165527,4.750151560641825,0.9913752655431282,1,0
197,7,s02,0101,0101,1111,-0.014357191510498524,-4.532444953918457,4.5180877624079585,0.985760220252939,1,0
197,8,c32,0111,0111,0001,-7.96299718786031e-05,-10.163372993469238,10.16329336349736,0.999922580533882,1,0
198,1,c10,1111,1111,0111,-0.3426221013069153,-2.5989460945129395,2.256323993206024,0.7101693101606351,1,0
198,2,t230,0111,0111,1111,-0.10203534364700317,-2.3716886043548584,2.2696532607078552,0.903024129217129,1,0
198,3,c21,0011,0011,1011,-0.0016191945178434253,-7.611761569976807,7.610142375458963,0.998422593756121,1,0
198,4,c21,0111,0111,1011,-0.009763994254171848,-5.091054916381836,5.081290922127664,0.9902880677032648,1,0
198,5,s10,1011,1011,1111,-0.024267233908176422,-4.024306297302246,4.00003906339407,0.980015127772948,1,0
198,6,x2,1001,1001,1111,-0.008718560449779034,-6.313912868499756,6.305194308049977,0.9913520477279676,1,0
198,7,x1,1101,1101,1011,-0.000402165693230927,-8.129284858703613,8.128882693010382,0.9996088576881409,1,0
198,8,x1,1001,1001,0111,-0.0009185121161863208,-8.304949760437012,8.304031248320825,0.9991221091902938,1,0
199,1,t301,0110,0110,1110,-0.18318772315979004,-4.192071914672852,4.0088841915130615,0.8327980293289553,1,0
199,2,x3,0111,0111,1111,-0.004296233877539635,-6.889697074890137,6.885400841012597,0.9957649779282577,1,0
199,3,c02,0111,0111,0110,-0.0016706925816833973,-7.376670837402344,7.37500014482066,0.9983363724720885,1,0
199,4,c21,0011,0011,0010,-0.0007785699563100934,-7.8757781982421875,7.874999628285877,0.9992496137123839,1,0
199,5,x2,0001,0001,1001,-0.0007275600801222026,-8.87045955657959,8.869731996499468,0.9995905131325153,1,0
199,6,c21,0001,0001,0101,-0.008073912933468819,-5.13407564163208,5.126001728698611,0.9919933267148687,1,0
199,7,s03,1000,1000,0001,-0.008921908214688301,-5.194310188293457,5.185388280078769,0.9922585831463052,1,0
199,8,x1,1100,1100,1010,-0.0005994674284011126,-7.502098560333252,7.501499092904851,0.9994061838656918,1,0
200,1,x2,0111,0111,0001,-0.10006749629974365,-4.301965713500977,4.201898217201233,0.9050817523693017,1,0
200,2,x2,0101,0101,0011,-0.003596746362745762,-7.347080230712891,7.343483484350145,0.9965145579949918,1,0
200,3,x3,0100,0100,0111,-0.0010236941743642092,-7.7619476318359375,7.760923937661573,0.9990931865819614,1,0
200,4,s30,0100,0100,1100,-0.0014907948207110167,-6.880835056304932,6.879344261484221,0.9985476799319661,1,0
200,5,c32,0100,0100,0101,-0.0005319357151165605,-7.750532150268555,7.750000214553438,0.9994708457356832,1,0
200,6,c01,0100,0100,0000,-0.0012852310901507735,-7.317535877227783,7.316250646137632,0.9987207553766367,1,0
200,7,x2,0110,0110,0000,-3.743138586287387e-05,-11.142107009887695,11.142069578501832,0.999967014631245,1,0
200,8,x3,0111,0111,0000,-0.00010799990559462458,-10.286211967468262,10.286103967562667,0.9998946535044252,1,0
201,1,x2,0101,0101,0100,-0.12333858758211136,-3.998338460922241,3.87499987334013,0.8841546821224421,1,0
201,2,x0,1101,1101,0101,-0.04504860192537308,-3.631324291229248,3.586275689303875,0.9559693743756476,1,0
201,3,x2,1111,1111,1001,-0.0009040564764291048,-7.840976715087891,7.8400726586114615,0.9991026691042107,1,0
201,4,x2,1101,1101,1011,-0.001147431437857449,-7.377443790435791,7.376296358997934,0.9988686410097599,1,0
201,5,c32,1111,1111,1001,-0.001644897274672985,-7.316057205200195,7.314412307925522,0.9983668618558867,1,0
201,6,t230,0111,0111,1111,-0.03817090764641762,-3.289078950881958,3.2509080432355404,0.9625679244351514,1,0
201,7,s20,1101,1101,1111,-0.0023606326431035995,-7.439883232116699,7.437522599473596,0.9992185332929864,1,0
201,8,s20,0111,1101,1101,-0.9749202132225037,-0.4742438793182373,-0.5006763339042664,0.37722282798276563,0,0
202,1,t301,1011,1011,1101,-0.6155869364738464,-1.7862311601638794,1.170644223690033,0.5404365903231082,1,0
202,2,x3,1010,1010,0010,-0.14778320491313934,-4.029497146606445,3.881713941693306,0.8628911936849749,1,0
202,3,s10,0110,0110,1010,-0.2194487750530243,-1.9225200414657593,1.703071266412735,0.8076762381485554,1,0
202,4,x3,0111,0111,0011,-0.001719989231787622,-7.7180023193359375,7.71628233010415,0.9983017961587549,1,0
202,5,c03,0111,0111,1110,-0.0003038468421436846,-9.551546096801758,9.551242249959614,0.9996974433058424,1,0
202,6,t312,0101,0101,0111,-0.004252871964126825,-5.892088890075684,5.887836018111557,0.9958050852030679,1,0
202,7,s02,0101,0101,1111,-0.16166409850120544,-2.3387973308563232,2.177133232355118,0.8511835057759037,1,0
202,8,c31,0001,0001,0011,-0.0016753457020968199,-6.752407550811768,6.750732205109671,0.998336309902588,1,0
203,1,x0,1000,1000,0000,-0.8879660367965698,-2.5659289360046387,1.6779628992080688,0.4123805845971738,1,0
203,2,s20,0010,0010,1000,-0.045379411429166794,-3.5338361263275146,3.488456714898348,0.9564764234559152,1,0
203,3,x2,0000,0000,1000,-0.001673868391662836,-6.786555290222168,6.784881421830505,0.998423666629114,1,0
203,4,x1,0100,0100,0010,-0.00024006955209188163,-8.625299453735352,8.62505938418326,0.99976549357827,1,0
203,5,t023,0100,0100,0101,-0.0008575793472118676,-7.875857830047607,7.8750002507003956,0.9991571556534252,1,0
203,6,x0,1100,1100,0100,-0.002146282931789756,-6.4660468101501465,6.463900527218357,0.997939877903902,1,0
203,7,s31,1001,1001,1100,-0.0009493067627772689,-7.5008344650268555,7.499885158264078,0.9990661090445113,1,0
203,8,x3,1000,1000,1100,-0.0010045241797342896,-7.826862335205078,7.825857811025344,0.9990003335854024,1,0
204,1,x2,0010,0010,0100,-0.23949846625328064,-2.8389780521392822,2.5994795858860016,0.787712222575198,1,0
204,2,t320,0010,0010,1010,-0.05426419526338577,-3.0762383937835693,3.0219741985201836,0.9472179815300403,1,0
204,3,x0,1010,1010,1000,-0.0002721453201957047,-9.662930488586426,9.66265834326623,0.9998068192662997,1,0
204,4,x2,1000,1000,0000,-0.0009893766837194562,-8.392831802368164,8.391842425684445,0.9990214539523623,1,0
204,5,t301,1000,1000,1100,-0.0024234973825514317,-6.129233360290527,6.126809862907976,0.9975861017196043,1,0
204,6,c32,1000,1000,1100,-0.0001186101435450837,-10.991610527038574,10.99149191689503,0.9998873645343652,1,0
204,7,c03,1001,1001,1000,-0.00022266633459366858,-8.625222206115723,8.624999539781129,0.9997820935579285,1,0
204,8,s02,0011,0011,1001,-0.011882497929036617,-7.37566614151001,7.363783643580973,0.9992716453860107,1,0
205,1,t023,0100,0100,1100,-0.1277455985546112,-4.605039596557617,4.477293998003006,0.8811752549753217,1,0
205,2,t012,0100,0100,1100,-0.0012175342999398708,-8.156018257141113,8.154800722841173,0.9987946749005806,1,0
205,3,c03,0100,0100,0101,-0.00011634595284704119,-10.625115394592285,10.624999048639438,0.9998882084682652,1,0
205,4,t021,0100,0100,1100,-8.392178278882056e-05,-11.041467666625977,11.041383744843188,0.9999430812825392,1,0
205,5,c20,0100,1100,1100,-2.3503730297088623,-0.10067347437143326,-2.249699555337429,0.09533975260766858,0,0
205,6,s01,1000,1000,0100,-0.6948691010475159,-0.6988936066627502,0.004024505615234375,0.4997560374665552,1,0
205,7,t320,1000,1000,0000,-0.000548175536096096,-8.054006576538086,8.05345840100199,0.9994555126390414,1,0
205,8,t132,1000,1000,1001,-2.5510667910566553e-05,-11.375025749206543,11.375000238538632,0.9999750840782949,1,0
206,1,t102,0000,0000,0010,-0.21322810649871826,-3.7675602436065674,3.554332137107849,0.8089048283267857,1,0
206,2,s01,0000,0000,1000,-0.009742576628923416,-4.75871467590332,4.748972099274397,0.9903130776857263,1,0
206,3,t210,0000,0000,1000,-0.0006106700748205185,-7.508458614349365,7.507847944274545,0.9993974135921448,1,0
206,4,t103,0000,0000,0001,-0.00012230503489263356,-9.500121116638184,9.499998811603291,0.9998803345066466,1,0
206,5,t203,0000,0000,0001,-7.331242522923276e-05,-10.250073432922363,10.250000120497134,0.9999279597752437,1,0
206,6,t321,0000,0000,1000,-7.867797648941632e-06,-12.978901863098145,12.978893995300496,0.999994199730204,1,0
206,7,x2,0010,0010,1010,-2.9682905733352527e-05,-11.833685874938965,11.833656192033231,0.9999848099912321,1,0
206,8,x0,1010,1010,0010,-0.00031992956064641476,-8.50085163116455,8.500531701603904,0.9996937017872676,1,0
207,1,x0,1101,1101,1111,-0.38904809951782227,-2.9397337436676025,2.5506856441497803,0.678163701095343,1,0
207,2,x3,1100,1100,1110,-0.020380442962050438,-5.369396686553955,5.349016243591905,0.9799104981940733,1,0
207,3,s32,1100,1100,1101,-0.005935719236731529,-6.1309356689453125,6.124999949708581,0.9941425221552095,1,0
207,4,c30,1100,1100,0100,-0.025082971900701523,-4.068621635437012,4.04353866353631,0.9752557730121977,1,0
207,5,s10,1100,1100,0100,-0.005385487340390682,-6.003321647644043,5.997936160303652,0.9946309789562006,1,0
207,6,s03,0101,0101,0001,-0.0014343843795359135,-7.161296844482422,7.159862460102886,0.9986635283764186,1,0
207,7,s30,1100,1100,1101,-0.002885550959035754,-6.127885341644287,6.124999790685251,0.9971241184289823,1,0
207,8,x0,0100,0100,0101,-0.037356700748205185,-3.4123566150665283,3.374999914318323,0.9633342308543663,1,0
208,1,s23,0000,0000,0010,-0.5367807745933533,-1.7328343391418457,1.1960535645484924,0.5854767439379333,1,0
208,2,t213,0000,0000,0001,-0.005328137427568436,-5.755328178405762,5.750000040978193,0.994709214836803,1,0
208,3,t203,0000,0000,0001,-3.206705514458008e-05,-11.500032424926758,11.500000357871613,0.9999688314682912,1,0
208,4,t312,0000,0000,1000,-2.7179408789379522e-05,-11.188651084899902,11.188623905491113,0.9999829274883155,1,0
208,5,s21,0000,0000,1000,-6.723300612065941e-05,-10.505569458007812,10.505502225001692,0.9999589180997781,1,0
208,6,c20,0000,0000,1000,-0.6933066844940186,-0.6933474540710449,4.076957702636719e-05,0.49999153915895617,1,0
208,7,x2,0010,0010,1000,-3.814636147581041e-05,-13.275248527526855,13.27521038116538,0.9999958508575287,1,0
208,8,s30,0010,0010,1010,-0.004738362040370703,-6.013690948486328,6.008952586445957,0.995318620756042,1,0
209,1,c20,1111,1111,0111,-0.15973231196403503,-2.9081690311431885,2.7484367191791534,0.8524708434816236,1,0
209,2,s01,1111,1111,0111,-0.004436354152858257,-5.504428863525391,5.499992509372532,0.9955766497231177,1,0
209,3,s20,1111,1111,1011,-0.00014089909382164478,-9.125250816345215,9.125109917251393,0.9998673460717835,1,0
209,4,x1,1011,1011,0000,-0.0019849755335599184,-7.6121602058410645,7.6101752303075045,0.99803100804714,1,0
209,5,c10,1011,1011,0011,-0.0037081842310726643,-5.631425857543945,5.627717673312873,0.9962997469386617,1,0
209,6,c10,1011,1011,0011,-0.015724370256066322,-4.387875080108643,4.372150709852576,0.9844257098497978,1,0
209,7,t310,1011,0011,0011,-1.9162113666534424,-0.16055837273597717,-1.7556529939174652,0.14716735832654387,0,0
209,8,s12,1101,1101,1111,-0.0005655756685882807,-8.81558609008789,8.815020514419302,0.999801479650825,1,0
210,1,t230,1011,0011,0011,-1.2213855981826782,-0.7111791968345642,-0.510206401348114,0.2950346676876854,0,0
210,2,s30,1011,1011,0011,-0.04981386289000511,-3.1122395992279053,3.0624257363379,0.951461607425222,1,0
210,3,t032,1001,1001,0011,-0.03259069100022316,-4.852658271789551,4.820067580789328,0.9680021408842839,1,0
210,4,x3,1000,1000,1011,-0.0025485013611614704,-6.522450923919678,6.519902422558516,0.9974695733782701,1,0
210,5,s20,0010,0010,1000,-0.003550147172063589,-6.002659797668457,5.999109650496393,0.9965456991192656,1,0
210,6,t230,0010,0010,1010,-0.010881145484745502,-5.010075569152832,4.9991944236680865,0.9891938859153866,1,0
210,7,s01,0010,0010,1010,-0.022716304287314415,-4.139666557312012,4.116950253024697,0.9780785378839172,1,0
210,8,s03,0010,0010,1010,-0.00033219324541278183,-10.252775192260742,10.25244299901533,0.9999248109305591,1,0
211,1,s02,1011,1011,0011,-0.383055716753006,-1.8841793537139893,1.5011236369609833,0.6818220510375336,1,0
211,2,t021,1111,1111,1011,-0.18446564674377441,-3.264314889907837,3.0798492431640625,0.831671679847546,1,0
211,3,s30,1111,1111,0111,-0.002275358885526657,-6.6973443031311035,6.695068944245577,0.9977314804787891,1,0
211,4,t321,1011,1011,0111,-0.3022036850452423,-2.001168966293335,1.6989652812480927,0.7399531412208182,1,0
211,5,t023,1010,1010,1011,-0.2950606346130371,-1.420060634613037,1.125,0.7445637374296352,1,0
211,6,c21,1110,1110,0110,-0.00973324291408062,-5.071232795715332,5.061499552801251,0.990326938654168,1,0
211,7,x3,1111,1111,1101,-0.00023769456311129034,-9.535457611083984,9.535219916520873,0.9997643986963858,1,0
211,8,t310,0111,0111,1111,-0.08027791231870651,-2.582475185394287,2.5021972730755806,0.9228763107593679,1,0
212,1,t031,0111,0111,1111,-0.25021645426750183,-3.7714662551879883,3.5212498009204865,0.7789398263942972,1,0
212,2,t310,1111,1111,0111,-0.0010898467153310776,-7.6269755363464355,7.6258856896311045,0.9989223134524753,1,0
212,3,t130,0111,0111,1111,-0.011104071512818336,-4.516014099121094,4.504910027608275,0.9889625611000243,1,0
212,4,c01,0111,0111,0011,-0.00020646231132559478,-9.25430679321289,9.254100330901565,0.9997973615402568,1,0
212,5,s20,1101,1101,1111,-0.007472985424101353,-5.1324687004089355,5.124995714984834,0.9939337351225735,1,0
212,6,t312,1111,1111,1101,-0.00020026593119837344,-9.875216484069824,9.875016218138626,0.9998200284800435,1,0
212,7,x2,1101,1101,1011,-0.001039649359881878,-8.500396728515625,8.499357079155743,0.9997465570561479,1,0
212,8,t023,1101,1101,1100,-0.008449922315776348,-5.133449554443359,5.124999632127583,0.9915991454598335,1,0
213,1,t301,0001,0001,1001,-0.3148934841156006,-3.5445215702056885,3.229628086090088,0.7305457361942046,1,0
213,2,t103,0001,0001,1001,-0.006323841866105795,-6.349636077880859,6.343312236014754,0.9937209887847857,1,0
213,3,c13,0001,0001,0011,-0.00021325674606487155,-9.8818941116333,9.881680854887236,0.9997943964516511,1,0
213,4,x3,0000,0000,1000,-0.00017344234220217913,-10.370145797729492,10.36997235538729,0.9999180922963777,1,0
213,5,x1,0100,0100,0010,-0.009792727418243885,-4.641674518585205,4.631881791166961,0.9903371374962336,1,0
213,6,x0,1100,1100,1000,-0.00044914608588442206,-8.9024076461792,8.901958500093315,0.9996513646644657,1,0
213,7,t120,1100,1100,0100,-0.0022696140222251415,-6.256901264190674,6.254631650168449,0.9977403163883164,1,0
213,8,t231,1100,1100,1101,-0.001327992300502956,-8.001328468322754,8.000000476022251,0.9986807690467325,1,0
214,1,t320,0110,0110,1110,-0.6750673651695251,-1.5404704809188843,0.8654031157493591,0.509374254816193,1,0
214,2,c31,0110,0110,0010,-0.017752503976225853,-4.271087169647217,4.253334665670991,0.9824269483662765,1,0
214,3,x0,1110,1110,0110,-0.00022946707031223923,-9.001429557800293,9.00120009072998,0.9997899178442298,1,0
214,4,s02,1110,1110,1100,-0.0015901552978903055,-7.0018463134765625,7.000256158178672,0.9984119902742313,1,0
214,5,t031,1110,1110,1100,-0.309344619512558,-1.5572487115859985,1.2479040920734406,0.7339372307451112,1,0
214,6,c10,0110,0110,1110,-0.0002015724021475762,-9.47152328491211,9.471321712509962,0.9998621116693784,1,0
214,7,c21,0010,0010,0110,-0.0006264339317567647,-7.659217834472656,7.6585914005408995,0.9993964298933095,1,0
214,8,c20,1010,1010,0010,-0.0020606627222150564,-6.253244876861572,6.251184214139357,0.99795845776033,1,0
215,1,t021,0011,0011,0111,-0.2730453312397003,-3.6885323524475098,3.4154870212078094,0.7615527863682321,1,0
215,2,s03,1010,1010,0011,-0.0037521650083363056,-5.879934310913086,5.87618214590475,0.9962701866614416,1,0
215,3,c12,1010,1010,1011,-0.003962615504860878,-7.253962516784668,7.249999901279807,0.9960935307918114,1,0
215,4,c10,1010,1010,0010,-0.313798189163208,-1.3145718574523926,1.0007736682891846,0.7306755359245737,1,0
215,5,t123,1010,1010,1011,-0.253398597240448,-1.5033985376358032,1.2499999403953552,0.7763085330089421,1,0
215,6,t213,1010,1010,1011,-0.0040373727679252625,-5.629036903381348,5.624999530613422,0.9959786306101234,1,0
215,7,x0,0010,0010,1010,-0.005594579502940178,-5.514194011688232,5.508599432185292,0.9959129306079721,1,0
215,8,t032,0010,0010,0011,-7.1285932790488e-05,-10.12507152557373,10.12500023964094,0.9999333201802226,1,0
216,1,s10,1010,1010,0110,-0.3820802867412567,-2.4090821743011475,2.0270018875598907,0.6826455587323214,1,0
216,2,s30,0011,0011,0001,-0.049338433891534805,-3.80476975440979,3.7554313205182552,0.9518819927345599,1,0
216,3,t320,1011,1011,0011,-0.053170736879110336,-3.1773462295532227,3.1241754926741123,0.9482304361822206,1,0
216,4,s12,1101,1101,0101,-0.021132325753569603,-4.725696086883545,4.704563761129975,0.9791762525750428,1,0
216,5,x1,1001,1001,1111,-0.005516054108738899,-7.00765323638916,7.002137182280421,0.994503888764571,1,0
216,6,t123,1001,1001,1101,-0.006442674435675144,-6.584799766540527,6.578357092104852,0.9936324531052348,1,0
216,7,c13,1001,1001,1011,-0.004545358940958977,-5.631233215332031,5.626687856391072,0.9954731210111676,1,0
216,8,t023,1001,1001,1011,-0.00038987549487501383,-8.000872611999512,8.000482736504637,0.9996150566162398,1,0
217,1,s10,1101,1101,0101,-0.33370211720466614,-2.3057870864868164,1.9720849692821503,0.7163213727163683,1,0
217,2,c32,1111,1111,0000,-0.054703958332538605,-4.740862846374512,4.686158888041973,0.9468493147497401,1,0
217,3,t320,0111,0111,1111,-0.11309316009283066,-2.3197641372680664,2.2066709771752357,0.8930840443665585,1,0
217,4,x1,0011,0011,0010,-0.0001348229416180402,-10.000134468078613,9.999999645136995,0.9999094546166536,1,0
217,5,c21,0111,0111,1011,-0.0018546809442341328,-6.677536964416504,6.67568228347227,0.9981530055485851,1,0
217,6,s20,1101,1101,1111,-0.02126230299472809,-4.021261692047119,3.999999389052391,0.9819393612045095,1,0
217,7,x1,1001,1001,0111,-0.008820713497698307,-5.709590911865234,5.700770198367536,0.9912243900880539,1,0
217,8,x0,0001,0001,1001,-0.002649034606292844,-6.005893707275391,6.003244672669098,0.9973787099310204,1,0
218,1,s03,1010,1010,0011,-0.946419358253479,-1.5954177379608154,0.6489983797073364,0.38819674918819413,1,0
218,2,x0,0010,0010,0011,-0.5812201499938965,-2.7062201499938965,2.125,0.5593308191152844,1,0
218,3,t123,0010,0010,0011,-0.010807325132191181,-4.635807514190674,4.625000189058483,0.9892575797602565,1,0
218,4,c01,0010,0010,0011,-0.0001933495805133134,-9.87519359588623,9.875000246305717,0.9998103686463328,1,0
218,5,s02,1000,1000,0010,-0.002236001193523407,-6.127251625061035,6.125015623867512,0.9977759846057559,1,0
218,6,s01,0100,0100,1000,-0.03421575948596001,-3.5313937664031982,3.4971780069172382,0.9685950599680455,1,0
218,7,s20,0100,0100,0010,-0.001841402379795909,-6.669875621795654,6.668034219415858,0.9981626865852309,1,0
218,8,c31,0100,0100,0000,-0.001594484318047762,-7.089861869812012,7.088267385493964,0.9984219191954313,1,0
219,1,t310,0010,0010,1010,-0.3786948621273041,-1.7722986936569214,1.3936038315296173,0.685051290645015,1,0
219,2,x2,0000,0000,1000,-0.012121384963393211,-5.304131031036377,5.292009646072984,0.9882128586608464,1,0
219,3,x1,0100,0100,0010,-0.0001896521425805986,-9.000432014465332,9.000242362322751,0.9998307120877552,1,0
219,4,s32,0100,0100,0001,-0.0018476665718480945,-6.38123083114624,6.379383164574392,0.9981929000180201,1,0
219,5,c23,0100,0100,0101,-0.001576723880134523,-6.501576900482178,6.500000176602043,0.9984305970234072,1,0
219,6,x2,0110,0110,0000,-6.103427949710749e-05,-10.931272506713867,10.93121147243437,0.9999571165765078,1,0
219,7,c30,0110,0110,1110,-0.001071745646186173,-7.001650810241699,7.000579064595513,0.9989304181539956,1,0
219,8,s21,0110,0110,1000,-0.0010073344456031919,-7.766147136688232,7.765139802242629,0.9989967709141926,1,0
220,1,s30,1100,1100,1101,-0.6873666644096375,-1.8123667240142822,1.1250000596046448,0.502921893589705,1,0
220,2,x1,1000,1000,1110,-0.6241841316223145,-1.9123146533966064,1.288130521774292,0.5358013581364879,1,0
220,3,x1,1100,1100,0000,-0.5936722755432129,-2.0250000953674316,1.4313278198242188,0.5524853894590183,1,0
220,4,x2,1110,1110,1000,-0.23922233283519745,-2.0823464393615723,1.8431241065263748,0.7874010545604359,1,0
220,5,c02,1100,1100,1010,-0.09289783984422684,-3.0883891582489014,2.9954913184046745,0.9165578786059595,1,0
220,6,x2,1110,1110,1000,-0.05106737092137337,-3.089329719543457,3.0382623486220837,0.9502192201774573,1,0
220,7,c30,1110,1110,0110,-0.07779780775308609,-2.846614122390747,2.768816314637661,0.9252092453819156,1,0
220,8,t301,1110,1110,1010,-0.11243291944265366,-2.3687829971313477,2.256350077688694,0.8936629757687943,1,0
221,1,c21,0111,0111,0011,-0.4779476821422577,-1.65304696559906,1.1750992834568024,0.6202169506978212,1,0
221,2,s02,1101,1101,1111,-0.07263730466365814,-2.823939561843872,2.751302257180214,0.9301842099121588,1,0
221,3,c32,1111,1111,0111,-0.14130425453186035,-3.386507749557495,3.2452034950256348,0.8683215435054981,1,0
221,4,c02,1101,1101,1011,-0.010914606973528862,-5.110731601715088,5.099816994741559,0.9908248018312948,1,0
221,5,t130,0101,0101,1101,-0.38747209310531616,-1.1467732191085815,0.7593011260032654,0.6787868739383845,1,0
221,6,x3,0100,0100,0111,-0.0005023144767619669,-8.89353084564209,8.893028531165328,0.9995422126704734,1,0
221,7,c31,0100,0100,0000,-0.0017040232196450233,-6.5088582038879395,6.507154180668294,0.9983005307579861,1,0
221,8,x2,0110,0110,0000,-2.5033823476405814e-05,-11.134810447692871,11.134785413869395,0.9999770686809558,1,0
222,1,x0,0100,0100,0101,-0.3167194128036499,-3.0667195320129395,2.7500001192092896,0.7288577265669401,1,0
222,2,x0,1100,1100,1101,-0.025663070380687714,-4.275662899017334,4.249999828636646,0.9746820390059834,1,0
222,3,t302,1100,1100,1110,-0.3137991726398468,-1.3136645555496216,0.9998653829097748,0.7306698771611909,1,0
222,4,t130,1100,1100,0100,-0.023467959836125374,-3.7931909561157227,3.7697229962795973,0.9768227610822825,1,0
222,5,s23,1100,1100,1001,-0.0017393631860613823,-6.4556803703308105,6.453941007144749,0.9982656442470453,1,0
222,6,x3,1101,1101,1001,-9.035922266775742e-05,-10.402387619018555,10.402297259795887,0.9999150924025643,1,0
222,7,x2,1111,1111,1001,-0.0004939094069413841,-7.757166385650635,7.756672476243693,0.9995464587511166,1,0
222,8,c23,1110,1110,1111,-0.0013793017715215683,-6.876379013061523,6.874999711290002,0.9987335652113818,1,0
223,1,c32,1101,1101,0011,-0.35581332445144653,-3.2163548469543457,2.860541522502899,0.7008542213992468,1,0
223,2,t130,0101,0101,1101,-0.40092623233795166,-1.1505368947982788,0.7496106624603271,0.6697600130603485,1,0
223,3,s31,0101,0101,1100,-0.005048943217843771,-6.477740287780762,6.472691344562918,0.9949704368186943,1,0
223,4,x2,0111,0111,1111,-0.0027764206752181053,-7.182825565338135,7.180049144662917,0.9972383973222747,1,0
223,5,x0,1111,1111,0111,-0.0025888169184327126,-6.137056827545166,6.134468010626733,0.9976759401153134,1,0
223,6,s03,1111,1111,1011,-0.0009680032380856574,-7.327390670776367,7.3264226675382815,0.999034842023381,1,0
223,7,t312,1101,1101,1011,-0.00035545602440834045,-8.629133224487305,8.628777768462896,0.9997107517846946,1,0
223,8,c23,1101,1101,1100,-0.0020271462853997946,-6.75202751159668,6.75000036531128,0.9979833878737595,1,0
224,1,t230,1011,0011,0011,-1.1554492712020874,-0.8262717723846436,-0.32917749881744385,0.31513679170440245,0,0
224,2,t123,1011,1011,0000,-0.06633374094963074,-4.891398906707764,4.825065165758133,0.9359286839750833,1,0
224,3,x0,0011,0011,1001,-0.003636901266872883,-5.735167026519775,5.7315301252529025,0.9963736037975138,1,0
224,4,t123,0011,0011,0010,-0.01835494302213192,-4.018354892730713,3.999999949708581,0.9818226271213658,1,0
224,5,x3,0010,0010,1010,-5.686237273039296e-05,-11.336199760437012,11.336142898064281,0.9999586553527395,1,0
224,6,t230,0010,0010,1010,-0.0010884031653404236,-7.001565456390381,7.00047705322504,0.9989462288699388,1,0
224,7,t301,0010,0010,0011,-0.00030824047280475497,-8.2503080368042,8.249999796331394,0.9996949328496142,1,0
224,8,t012,0010,0010,0011,-0.0005354872555471957,-7.625535488128662,7.625000000873115,0.9994781720676237,1,0
225,1,c03,1010,1010,0011,-0.23706886172294617,-3.6963119506835938,3.4592430889606476,0.7895458261289385,1,0
225,2,t230,1010,1010,0010,-0.06231613829731941,-3.4214911460876465,3.359175007790327,0.9395962266045204,1,0
225,3,s10,0110,0110,1010,-0.05444920063018799,-3.344252347946167,3.289803147315979,0.9472952813195054,1,0
225,4,s32,0101,0101,0110,-0.0008514790097251534,-7.768965721130371,7.768114242120646,0.9991535558574209,1,0
225,5,c23,0101,0101,0100,-0.0138095086440444,-4.513809680938721,4.500000172294676,0.9863065222252756,1,0
225,6,x0,1101,1101,1100,-0.001739351893775165,-7.001739025115967,6.999999673222192,0.998889764853507,1,0
225,7,s10,1101,1101,1100,-0.0027554230764508247,-6.627755165100098,6.624999742023647,0.997252147218228,1,0
225,8,s10,1101,1101,0101,-0.38892316818237305,-1.180067539215088,0.7911443710327148,0.6777964172826827,1,0
226,1,c32,1100,1100,1110,-0.43905627727508545,-1.9319641590118408,1.4929078817367554,0.6450064323985046,1,0
226,2,t201,1100,1100,1000,-0.11014296114444733,-3.2183191776275635,3.108176216483116,0.8957677727355159,1,0
226,3,s02,0110,0110,0111,-0.01143468264490366,-4.761434555053711,4.749999872408807,0.9886540400746202,1,0
226,4,x1,0010,0010,0100,-0.0023375076707452536,-6.877345561981201,6.875008054310456,0.997716360638622,1,0
226,5,c32,0010,0010,0000,-0.0008694247808307409,-7.380382061004639,7.379512636223808,0.9991331428498332,1,0
226,6,s12,0100,0100,0010,-0.004234056919813156,-5.628923416137695,5.624689359217882,0.9958011589290418,1,0
226,7,s23,0100,0100,0011,-0.0027159054297953844,-6.740281105041504,6.7375651996117085,0.9972942515402534,1,0
226,8,s30,0100,0100,1100,-0.008500009775161743,-5.778454780578613,5.7699547708034515,0.9915820098384561,1,0
227,1,x0,0010,0010,0011,-0.2925249934196472,-3.042524814605713,2.7499998211860657,0.7467347372990618,1,0
227,2,s20,1000,1000,0100,-0.003340095281600952,-6.057819366455078,6.054479271173477,0.9971236434397389,1,0
227,3,c10,1000,1000,0000,-0.0098097650334239,-4.989026069641113,4.979216304607689,0.9903053788297141,1,0
227,4,c10,1000,1000,0000,-0.0010099939536303282,-7.001109600067139,7.000099606113508,0.9989958903763744,1,0
227,5,s30,0001,0001,1000,-0.0008225300698541105,-8.000344276428223,7.9995217463583685,0.9995309986368021,1,0
227,6,c21,0001,0001,0101,-0.0029710866510868073,-6.55850076675415,6.555529680103064,0.997056483387078,1,0
227,7,x0,1001,1001,1000,-0.0025630658492445946,-6.127562999725342,6.124999933876097,0.9976181219821716,1,0
227,8,t210,1001,1001,0001,-0.0013591027818620205,-7.26039981842041,7.259040715638548,0.9986442950204436,1,0
228,1,x1,1110,1110,1000,-0.39765623211860657,-2.703310012817383,2.3056537806987762,0.6720462655701392,1,0
228,2,c10,0110,0110,0111,-0.05237080529332161,-3.55237078666687,3.4999999813735485,0.949087303381897,1,0
228,3,c02,0110,0110,1100,-0.011968111619353294,-4.78378438949585,4.771816277876496,0.9881615642410366,1,0
228,4,t302,0110,0110,0111,-0.00016080925706773996,-9.875161170959473,9.875000361702405,0.9998418004558587,1,0
228,5,s20,1100,1100,0110,-0.0002502098213881254,-9.500184059143066,9.499933849321678,0.9998389168121972,1,0
228,6,s13,1001,1001,1100,-0.004382082261145115,-7.134817600250244,7.130435517989099,0.9984460333491598,1,0
228,7,c10,1001,1001,0001,-0.00198482908308506,-6.541099548339844,6.539114719256759,0.9980190728704718,1,0
228,8,t321,1001,1001,1101,-0.0306650772690773,-3.6263256072998047,3.5956605300307274,0.9698304422332796,1,0
229,1,c32,1110,1100,1100,-1.1313300132751465,-0.8243263959884644,-0.30700361728668213,0.3226820216466261,0,0
229,2,t201,1010,1010,1110,-0.39089176058769226,-1.354862093925476,0.9639703333377838,0.6765049144208992,1,0
229,3,x0,0010,0010,1010,-0.0038198279216885567,-5.632502555847168,5.628682727925479,0.9962688878799204,1,0
229,4,t203,0010,0010,0011,-0.0006842519505880773,-7.6256842613220215,7.625000009371433,0.9993177987166355,1,0
229,5,s02,1000,1000,0010,-0.0009324828861281276,-7.125917434692383,7.124984951806255,0.9990933164453815,1,0
229,6,t210,1000,1000,0000,-0.004815916530787945,-5.534532070159912,5.529716153629124,0.9952138154382558,1,0
229,7,c03,1001,1001,0001,-3.910037412424572e-05,-11.156253814697266,11.156214714323141,0.9999616199523087,1,0
229,8,c10,1001,1001,1000,-0.00011503420682856813,-9.875115394592285,9.875000360385457,0.9998860471197797,1,0
230,1,c02,1001,1001,0011,-0.21160686016082764,-3.207378625869751,2.9957717657089233,0.8094788193592622,1,0
230,2,s12,1001,1001,1101,-0.26901331543922424,-1.8401681184768677,1.5711548030376434,0.7642404504462906,1,0
230,3,s21,1001,1001,1101,-0.0004268457996658981,-8.25501823425293,8.254591388453264,0.9995740287917411,1,0
230,4,t032,1011,1011,1001,-0.009772349148988724,-5.509764194488525,5.499991845339537,0.9903027810032755,1,0
230,5,t012,1011,1011,1001,-0.018458973616361618,-4.268439769744873,4.249980796128511,0.9817285412714248,1,0
230,6,t302,1001,1001,1111,-0.002081124112010002,-6.515914440155029,6.513833316043019,0.9979359883847685,1,0
230,7,x0,0001,0001,1001,-0.0019285455346107483,-6.384242534637451,6.38231398910284,0.9982756362763711,1,0
230,8,c12,0001,0001,1001,-0.00014113741053733975,-9.378734588623047,9.37859345121251,0.9998616579971298,1,0
231,1,x0,1011,1011,1001,-0.27933016419410706,-3.3399808406829834,3.0606506764888763,0.7566807726710161,1,0
231,2,c31,1111,1111,1001,-0.03823983296751976,-4.914860248565674,4.876620415598154,0.9625252000575818,1,0
231,3,s02,1111,1111,1011,-0.00024961307644844055,-9.125250816345215,9.125001203268766,0.9997508119950665,1,0
231,4,c23,1110,1110,1111,-0.0034895865246653557,-6.2534894943237305,6.249999907799065,0.9966856121216097,1,0
231,5,s01,1110,1110,0110,-0.0362287312746048,-3.4365384578704834,3.4003097265958786,0.964663931989887,1,0
231,6,c03,1111,1111,1011,-0.0004702061414718628,-8.564305305480957,8.563835099339485,0.9995344332928381,1,0
231,7,x0,0111,0111,1111,-0.02650848589837551,-3.8016629219055176,3.775154436007142,0.9763527459853203,1,0
231,8,s03,1110,1110,1111,-0.1801554262638092,-1.8051553964614868,1.6249999701976776,0.8351491762100147,1,0
232,1,s31,1101,1101,1010,-1.216293215751648,-1.443973183631897,0.22767996788024902,0.2963888978272229,1,0
232,2,c32,1111,1111,0000,-0.13414300978183746,-3.565408706665039,3.4312656968832016,0.8746297344102276,1,0
232,3,x3,1110,1110,1011,-0.00310840317979455,-8.142467498779297,8.139359095599502,0.9978218566845622,1,0
232,4,c13,1111,1111,1011,-0.001666959491558373,-7.043887138366699,7.042220178875141,0.9983445216229228,1,0
232,5,c12,1101,1101,1011,-0.0009627813124097884,-7.761444568634033,7.760481787321623,0.9993352253733717,1,0
232,6,x3,1100,1100,1000,-0.0009975690627470613,-8.28177261352539,8.280775044462644,0.9990451405506419,1,0
232,7,s10,1100,1100,1101,-0.0025295335799455643,-6.377529621124268,6.375000087544322,0.9974815564250606,1,0
232,8,c02,1110,1110,1010,-0.0001544873957755044,-9.206174850463867,9.206020363068092,0.9998497528308881,1,0
233,1,c23,1100,1100,1101,-0.4073490500450134,-1.9073489904403687,1.4999999403953552,0.666326780005629,1,0
233,2,t301,1100,1100,1000,-0.029431678354740143,-4.394952297210693,4.365520618855953,0.9710275476904364,1,0
233,3,t130,1100,1100,0100,-0.008803404867649078,-4.772118091583252,4.763314686715603,0.9912425788833381,1,0
233,4,c13,1101,1101,1001,-0.0010539847426116467,-7.176568031311035,7.1755140465684235,0.9989549443483544,1,0
233,5,c02,1111,1111,1001,-0.00037894456181675196,-8.839940071105957,8.83956112654414,0.9996759293474249,1,0
233,6,s20,1111,1111,1011,-0.00016140252409968525,-9.125120162963867,9.124958760439768,0.999840345377305,1,0
233,7,t012,1101,1101,1011,-0.0009526624926365912,-7.01519250869751,7.014239846204873,0.999056691582242,1,0
233,8,c32,1111,1111,1001,-0.00043039198499172926,-8.26243782043457,8.262007428449579,0.9995906633656734,1,0
234,1,c20,1011,1011,1111,-0.15661367774009705,-3.659914016723633,3.5033003389835358,0.8552102014189082,1,0
234,2,s20,1011,1011,0111,-0.023645557463169098,-4.650267124176025,4.626621566712856,0.976641461461523,1,0
234,3,t021,1111,1111,1011,-0.012235121801495552,-5.134244441986084,5.122009320184588,0.9878558838895412,1,0
234,4,c32,1101,1101,1011,-0.1628357470035553,-2.9135689735412598,2.7507332265377045,0.8499287413675038,1,0
234,5,t201,1101,1001,1001,-0.916316568851471,-0.6574543118476868,-0.2588622570037842,0.4000527015684151,0,0
234,6,t203,1101,1101,1100,-0.06787048280239105,-2.817870616912842,2.7500001341104507,0.9344193020766071,1,0
234,7,x2,1111,1111,1001,-0.0006121656624600291,-7.8916425704956055,7.891030404833145,0.9994057469075234,1,0
234,8,c12,1101,1101,1011,-0.007239167578518391,-5.0078630447387695,5.000623877160251,0.9932020352114802,1,0
235,1,c23,1100,1100,1101,-0.8651943206787109,-0.9901943206787109,0.125,0.4214633532913824,1,0
235,2,t012,1110,1110,1111,-0.016542162746191025,-5.516541957855225,5.499999795109034,0.9836593877984576,1,0
235,3,t123,1111,1111,1110,-0.005717082880437374,-5.255716800689697,5.24999971780926,0.9943048340737775,1,0
235,4,c32,1101,1101,1011,-0.008935886435210705,-5.299263954162598,5.290328067727387,0.9911964751027654,1,0
235,5,x3,1100,1100,1111,-0.0015660319477319717,-6.893509387969971,6.891943356022239,0.998534066871659,1,0
235,6,t301,1100,1100,1001,-0.004951048642396927,-5.827770233154297,5.8228191845119,0.9950647454698087,1,0
235,7,c23,1100,1100,1101,-0.02988213300704956,-3.5298819541931152,3.4999998211860657,0.970562954075221,1,0
235,8,c03,1101,1101,1001,-0.0002487772726453841,-9.13033390045166,9.130085123179015,0.9997536082697616,1,0
236,1,c31,0110,0010,0010,-1.4107253551483154,-1.198351263999939,-0.21237409114837646,0.24402362127559937,0,0
236,2,x2,0100,0100,1100,-0.011922950856387615,-6.192446708679199,6.180523757822812,0.9882145573878709,1,0
236,3,s03,0100,0100,1101,-0.0031958110630512238,-6.708347320556641,6.705151509493589,0.9978526432404874,1,0
236,4,x1,0000,0000,0001,-0.0002950267225969583,-8.75029468536377,8.749999658641173,0.9997271701918522,1,0
236,5,s01,0000,0000,1000,-0.00032136536901816726,-8.750179290771484,8.749857925402466,0.9996813521905596,1,0
236,6,c21,0000,0000,0100,-0.002917636651545763,-5.877961158752441,5.875043522100896,0.9970977239441519,1,0
236,7,c01,0000,0000,1000,-2.4199322069762275e-05,-11.016267776489258,11.016243577167188,0.9999762738914225,1,0
236,8,t203,0000,0000,0001,-0.0003202712396159768,-8.125320434570312,8.125000163330697,0.9996834754849001,1,0
237,1,c21,0001,0101,0101,-1.21064293384552,-0.860044002532959,-0.35059893131256104,0.29817216471103386,0,0
237,2,t132,0001,0001,1001,-0.015642032027244568,-5.7374396324157715,5.721797600388527,0.9845321604199205,1,0
237,3,c23,0001,0001,0000,-0.007959600538015366,-4.882959365844727,4.874999765306711,0.992087316957226,1,0
237,4,c20,0001,0001,1001,-0.029865950345993042,-3.530325174331665,3.500459223985672,0.9706524239488343,1,0
237,5,x2,0011,0011,1011,-8.21333087515086e-05,-10.068093299865723,10.068011166556971,0.9999331452492244,1,0
237,6,x0,1011,1011,1010,-0.00012182893988210708,-9.625121116638184,9.624999287698301,0.9998920631033156,1,0
237,7,x2,1001,1001,0001,-0.00029358320171013474,-10.704017639160156,10.703724055958446,0.9999433568371813,1,0
237,8,t301,1101,1101,1001,-0.38748669624328613,-1.137453317642212,0.7499666213989258,0.678763219595163,1,0
238,1,x2,0000,0000,0010,-0.3477504253387451,-2.8048202991485596,2.4570698738098145,0.7069751308981359,1,0
238,2,t203,0000,0000,0001,-0.01474614068865776,-5.389746189117432,5.375000048428774,0.9854029829914089,1,0
238,3,c13,0000,0000,0001,-0.00021802185801789165,-8.87521743774414,8.874999415886123,0.9997896913529394,1,0
238,4,c21,0000,0000,0100,-0.0007467634277418256,-7.375753879547119,7.375007116119377,0.9992621065463759,1,0
238,5,x0,1000,1000,0000,-0.00010096602636622265,-11.937688827514648,11.937587861488282,0.99998426681202,1,0
238,6,x1,1100,1100,1010,-0.428739458322525,-1.0538198947906494,0.6250804364681244,0.6513378518755166,1,0
238,7,c03,1101,1101,1100,-0.00024031662906054407,-9.375239372253418,9.374999055624357,0.9997623700087526,1,0
238,8,x1,1001,1001,1011,-0.0008357202168554068,-7.500842094421387,7.500006374204531,0.9991710738465525,1,0
239,1,x1,0011,0011,1001,-0.15031841397285461,-3.912370443344116,3.7620520293712616,0.8606115635445358,1,0
239,2,s31,0110,0110,0101,-0.22853805124759674,-2.2569634914398193,2.0284254401922226,0.7957125188612496,1,0
239,3,c32,0110,0100,0100,-1.1089739799499512,-0.47937071323394775,-0.6296032667160034,0.3299230627308889,0,0
239,4,c01,0110,0110,0010,-0.0030941737350076437,-5.896092414855957,5.892998241120949,0.9969189724974623,1,0
239,5,x3,0111,0111,0101,-0.00025199807714670897,-9.627189636230469,9.626937638153322,0.9998257234379793,1,0
239,6,x0,1111,1111,1110,-0.0005433923797681928,-7.875543117523193,7.874999725143425,0.9994731601084456,1,0
239,7,x1,1011,1011,1010,-0.00028095772722736,-8.750280380249023,8.749999422521796,0.999720577069795,1,0
239,8,c31,1111,1111,0011,-0.005339011084288359,-6.655699253082275,6.650360241997987,0.9946817213854474,1,0
240,1,s23,0001,0010,0010,-1.1486446857452393,-0.8083431720733643,-0.340301513671875,0.31718941761755126,0,0
240,2,x0,1001,1001,1000,-0.25974977016448975,-2.7597496509552,2.4999998807907104,0.7714867732054269,1,0
240,3,c03,1000,1000,0001,-0.015707379207015038,-5.918803691864014,5.903096312656999,0.9845045890119841,1,0
240,4,x0,0000,0000,1010,-0.024979790672659874,-4.3637495040893555,4.338769713416696,0.9753307794725766,1,0
240,5,s01,0000,0000,0001,-0.00232421001419425,-6.252324104309082,6.249999894294888,0.9977253497298179,1,0
240,6,t012,0000,0000,0001,-0.0004102784441784024,-8.375410079956055,8.374999801511876,0.9996126925757663,1,0
240,7,c03,0000,0000,1000,-3.33782663801685e-05,-11.216279983520508,11.216246605254128,0.9999669589541383,1,0
240,8,t132,0000,0000,0001,-2.0980714907636866e-05,-11.125021934509277,11.12500095379437,0.999980034047759,1,0
241,1,s32,1001,1001,1010,-0.8285104632377625,-1.1186681985855103,0.2901577353477478,0.4370316061137384,1,0
241,2,c20,1001,1001,0001,-0.3127252757549286,-1.7831246852874756,1.470399409532547,0.7316221624561383,1,0
241,3,t203,1001,1001,0001,-0.01146320253610611,-6.094050407409668,6.082587204873562,0.9887191809797714,1,0
241,4,x2,1011,1011,0011,-0.00039643284981139004,-9.80049991607666,9.800103483226849,0.9996272815407801,1,0
241,5,t103,1011,1011,0011,-0.0020245639607310295,-7.486780166625977,7.4847556026652455,0.9979888498622018,1,0
241,6,t132,1011,1011,1001,-0.005676436237990856,-5.2558698654174805,5.25019342917949,0.9943461689943354,1,0
241,7,t321,1111,1111,1011,-0.256082683801651,-1.502251148223877,1.246168464422226,0.7741019838599109,1,0
241,8,t302,1101,1101,1011,-0.004827378783375025,-6.505784511566162,6.500957132782787,0.9952729877507487,1,0
242,1,x2,1101,1101,0000,-0.24481940269470215,-3.5435404777526855,3.2987210750579834,0.783022637472467,1,0
242,2,s23,1110,1110,1111,-0.02351863868534565,-5.6485185623168945,5.624999923631549,0.9767724132411797,1,0
242,3,x1,1010,1010,1011,-0.0025269589386880398,-6.377526760101318,6.37499980116263,0.9974822088512313,1,0
242,4,s01,0110,0110,1010,-0.1939222514629364,-2.384585380554199,2.190663129091263,0.8237467418974909,1,0
242,5,c02,0110,0110,1100,-0.008827516809105873,-4.859279155731201,4.850451638922095,0.9912144558953605,1,0
242,6,t032,0110,0110,1110,-0.000525972165632993,-8.454456329345703,8.45393035718007,0.9994832061448568,1,0
242,7,t032,0110,0110,0111,-4.506074037635699e-05,-10.625045776367188,10.625000715626811,0.9999562993522013,1,0
242,8,c23,0111,0111,0000,-0.0002774969325400889,-9.71204948425293,9.71177198732039,0.9997276344021375,1,0
243,1,s30,1101,1101,0101,-0.6942044496536255,-1.6851178407669067,0.9909133911132812,0.4994932722457349,1,0
243,2,s13,1101,1101,1110,-0.08330018818378448,-3.557960271835327,3.4746600836515427,0.920087084027764,1,0
243,3,x1,1001,1001,0000,-0.003630693769082427,-7.23972225189209,7.236091558123007,0.9964037761532373,1,0
243,4,x1,1101,1101,1100,-0.0006017810082994401,-8.750601768493652,8.749999987485353,0.9994015129663804,1,0
243,5,s13,1101,1101,0110,-0.20305752754211426,-2.127922534942627,1.9248650074005127,0.8163872805310972,1,0
243,6,s02,0111,0111,1101,-0.02708379365503788,-3.651888132095337,3.624804338440299,0.9733352246701604,1,0
243,7,s10,1011,1011,1111,-0.027648869901895523,-4.277204513549805,4.249555643647909,0.9727733075265695,1,0
243,8,x3,1010,1010,0000,-0.0244720708578825,-5.521126747131348,5.496654676273465,0.9766122900816289,1,0
244,1,t031,1100,1100,1000,-0.8789352178573608,-1.869985580444336,0.9910503625869751,0.41539846219902027,1,0
244,2,t230,1100,1100,0100,-0.05239250883460045,-4.116959095001221,4.06456658616662,0.9490986416899501,1,0
244,3,t031,1100,1100,1000,-0.0016007963567972183,-7.257356643676758,7.255755847319961,0.9984304648195808,1,0
244,4,t201,1100,1100,1000,-0.002711542183533311,-6.009634971618652,6.006923429435119,0.9973102504070405,1,0
244,5,s21,1010,1010,1000,-0.0010941626969724894,-6.876189708709717,6.875095546012744,0.9989143854486656,1,0
244,6,c32,1010,1010,1000,-0.0019117335323244333,-6.627161979675293,6.6252502461429685,0.998102761650718,1,0
244,7,x0,0010,0010,1010,-0.0036859228275716305,-5.630831718444824,5.627145795617253,0.9963826354441713,1,0
244,8,t032,0010,0010,0011,-3.7431302189361304e-05,-10.50003719329834,10.49999976199615,0.9999677814003174,1,0
245,1,c31,1110,1110,1010,-1.0043420791625977,-1.2633634805679321,0.2590214014053345,0.3663870665633917,1,0
245,2,c31,1110,1010,1010,-1.6070669889450073,-0.2513105571269989,-1.3557564318180084,0.20048533080711817,0,0
245,3,c32,1110,1100,1100,-1.4068262577056885,-0.2817048728466034,-1.125121384859085,0.24492463598129638,0,0
245,4,s13,1011,1011,1110,-0.038989048451185226,-3.685580253601074,3.646591205149889,0.9624612040433024,1,0
245,5,s13,1110,1110,1011,-0.169403538107872,-2.4887535572052,2.319350019097328,0.8442173845414299,1,0
245,6,c10,0110,0110,1110,-0.03314197063446045,-3.914311647415161,3.8811696767807007,0.9674395817997843,1,0
245,7,t321,0110,0110,0010,-0.007061841897666454,-5.234092712402344,5.227030870504677,0.9929800407565017,1,0
245,8,c30,0110,0110,1110,-0.0028024683706462383,-6.002789497375488,5.999987029004842,0.9972060466901126,1,0
246,1,c23,0001,0001,0000,-0.34147268533706665,-2.966472625732422,2.6249999403953552,0.712310835144577,1,0
246,2,s10,0001,0001,1001,-0.11209510266780853,-2.355083703994751,2.2429886013269424,0.8940217265192033,1,0
246,3,t310,0001,0001,1001,-0.0033286833204329014,-5.756310939788818,5.7529822564683855,0.9966972437505391,1,0
246,4,t021,0001,0001,1001,-0.0005061724223196507,-8.215777397155762,8.215271224733442,0.9995317719894188,1,0
246,5,s13,0100,0100,0001,-0.005499323830008507,-5.25529670715332,5.249797383323312,0.9945272161344788,1,0
246,6,t310,0100,0100,1100,-0.007351819425821304,-5.009464740753174,5.0021129213273525,0.992676541748943,1,0
246,7,t301,0100,0100,0101,-0.00023435110051650554,-8.75023365020752,8.749999299107003,0.9997673854612847,1,0
246,8,x2,0110,0110,0000,-3.325912621221505e-05,-10.89677906036377,10.896745801237557,0.9999746618754874,1,0
247,1,x2,1010,1010,1100,-0.24406109750270844,-3.1576223373413086,2.9135612398386,0.7843095961268572,1,0
247,2,t023,1011,1011,1010,-0.04754864051938057,-4.172548770904541,4.1250001303851604,0.9537074845962871,1,0
247,3,t213,1011,1011,1110,-0.01636470854282379,-6.006024360656738,5.9896596521139145,0.983803372685681,1,0
247,4,s10,0111,0111,1011,-0.04882054775953293,-3.191992998123169,3.143172450363636,0.9524490511490701,1,0
247,5,t320,1111,1111,0111,-0.004222874529659748,-5.5043535232543945,5.500130648724735,0.9957871743093226,1,0
247,6,c13,1110,1110,1010,-0.0025245877914130688,-6.617400646209717,6.614876058418304,0.9975009890653675,1,0
247,7,s02,1110,1110,1111,-0.004582015797495842,-5.754581928253174,5.749999912455678,0.9954291392922657,1,0
247,8,x0,0110,0110,1110,-0.0034943639766424894,-6.020513534545898,6.017019170569256,0.9973823999159084,1,0
248,1,x0,1000,1000,0000,-0.9706447124481201,-2.4091427326202393,1.4384980201721191,0.3796940287665367,1,0
248,2,x3,1001,1001,0001,-0.02824801579117775,-5.3640289306640625,5.335780914872885,0.9723713389526146,1,0
248,3,x1,1101,1101,1011,-0.008165648207068443,-5.13461446762085,5.126448819413781,0.9918764363142999,1,0
248,4,x1,1001,1001,1111,-0.041560858488082886,-3.6388251781463623,3.5972643196582794,0.959313772849011,1,0
248,5,c12,1001,1001,1101,-0.04776012897491455,-3.7029194831848145,3.6551593542099,0.9534776887654774,1,0
248,6,c31,1101,1101,0101,-0.007411563768982887,-5.831413269042969,5.824001705273986,0.9926168525212952,1,0
248,7,x1,1001,1001,0111,-0.0046785068698227406,-7.0260772705078125,7.02139876363799,0.9968300006601323,1,0
248,8,c23,1001,1001,1101,-0.007077125366777182,-6.348826885223389,6.3417497598566115,0.9930100274452727,1,0
249,1,s12,0000,0000,0100,-0.3043554723262787,-2.8921990394592285,2.58784356713295,0.7379077718039545,1,0
249,2,c31,0000,0000,0001,-0.0012915371917188168,-7.251291751861572,7.2500002146698534,0.9987226340800942,1,0
249,3,x3,0001,0001,1001,-0.00013684503210242838,-10.658535957336426,10.658399112304323,0.9998880649908392,1,0
249,4,c20,0001,0001,1001,-0.02388802170753479,-3.7834274768829346,3.7595394551754,0.9767269034290786,1,0
249,5,x3,0000,0000,0011,-0.0006690509617328644,-8.502199172973633,8.5015301220119,0.999476814924767,1,0
249,6,t021,0000,0000,0001,-0.003356573637574911,-5.878356456756592,5.874999883119017,0.996672063797889,1,0
249,7,c03,0000,0000,0001,-0.0007387772784568369,-7.375738620758057,7.3749998434796,0.999262754462486,1,0
249,8,x0,1000,1000,1001,-0.0012484253384172916,-7.126248359680176,7.1249999343417585,0.9989907029332215,1,0
250,1,x0,0100,0100,1100,-0.33318430185317993,-2.585624933242798,2.252440631389618,0.7170280603044541,1,0
250,2,x1,0000,0000,1100,-0.0032758929301053286,-7.598968982696533,7.595693089766428,0.9968235684004091,1,0
250,3,c10,0000,0000,1000,-0.003626719117164612,-5.754013538360596,5.750386819243431,0.996381927693464,1,0
250,4,s03,0000,0000,0001,-3.27822745020967e-05,-10.750031471252441,10.74999868897794,0.9999685480487422,1,0
250,5,x0,1000,1000,0000,-0.0005974426749162376,-7.768317699432373,7.767720256757457,0.9994676876613957,1,0
250,6,s03,0001,0001,0101,-0.0004289921489544213,-8.851122856140137,8.850693863991182,0.9996862632898752,1,0
250,7,t201,0001,0001,0000,-0.000515514228027314,-8.12551498413086,8.124999469902832,0.999491247725197,1,0
250,8,t023,0001,0001,0000,-0.0001399472530465573,-9.375140190124512,9.375000242871465,0.9998640699992447,1,0
251,1,x3,0110,0110,1110,-0.1681205928325653,-3.9823763370513916,3.8142557442188263,0.8458286643218497,1,0
251,2,t213,0111,0111,0110,-0.16388459503650665,-1.9138845205307007,1.749999925494194,0.8488541696731992,1,0
251,3,t120,1111,1111,0111,-0.050106585025787354,-3.049680471420288,2.9995738863945007,0.9511685668033829,1,0
251,4,c03,1110,1110,0110,-0.002925253938883543,-6.696382522583008,6.693457268644124,0.9975235910406238,1,0
251,5,x1,1010,1010,1011,-0.0009582320344634354,-7.500958442687988,7.500000210653525,0.9990634842513431,1,0
251,6,c30,1010,1010,0010,-0.20288296043872833,-1.7020683288574219,1.4991853684186935,0.8163761225366811,1,0
251,7,c01,1110,1110,1111,-0.0001313637476414442,-9.250131607055664,9.250000243308023,0.9998705935992117,1,0
251,8,t032,1110,1110,1100,-0.08075754344463348,-2.579390525817871,2.4986329823732376,0.9224277694738369,1,0
252,1,c10,0010,0010,1010,-0.5510883927345276,-1.337792158126831,0.7867037653923035,0.576572215446711,1,0
252,2,x2,0000,0000,1000,-0.023718375712633133,-4.848297595977783,4.82457922026515,0.9767131965446051,1,0
252,3,x0,1000,1000,0000,-0.00043791488860733807,-8.293994903564453,8.293556988675846,0.999633729967689,1,0
252,4,x3,1001,1001,1010,-0.0007252407376654446,-7.626873970031738,7.626148729294073,0.9993298680611824,1,0
252,5,t321,1001,1001,1101,-0.0663154274225235,-2.849226713180542,2.7829112857580185,0.9359301516789329,1,0
252,6,c20,1001,1001,0001,-0.3136250376701355,-1.3138954639434814,1.000270426273346,0.730829691134716,1,0
252,7,c02,1011,1011,0001,-0.00013040981139056385,-9.56442928314209,9.5642988733307,0.9998733079943719,1,0
252,8,s01,0111,0111,1011,-0.16026641428470612,-2.3389620780944824,2.1786956638097763,0.8522068279414271,1,0
253,1,t013,1000,1000,1001,-0.3161410093307495,-2.81614089012146,2.4999998807907104,0.7298275515162175,1,0
253,2,x0,0000,0000,1000,-0.008960963226854801,-5.254955768585205,5.24599480535835,0.9910969353909537,1,0
253,3,c13,0000,0000,0001,-0.001170692266896367,-6.876170635223389,6.874999942956492,0.998840553649861,1,0
253,4,c12,0000,0000,1000,-0.00016437895828858018,-9.377875328063965,9.377710949105676,0.999896024699324,1,0
253,5,c30,0000,0000,1000,-6.687486893497407e-05,-9.875112533569336,9.875045658700401,0.9999359278713359,1,0
253,6,c02,0000,0000,1000,-7.987006028997712e-06,-12.662652969360352,12.662644982354323,0.999993676787389,1,0
253,7,s20,0000,0000,1000,-0.0002268343378091231,-8.500208854675293,8.499982020337484,0.9997740615739721,1,0
253,8,x1,0100,0100,1000,-3.600079071475193e-05,-10.754112243652344,10.754076242861629,0.9999719006402521,1,0
254,1,t012,0010,0010,0000,-0.20558369159698486,-3.7671327590942383,3.5615490674972534,0.814479818229746,1,0
254,2,t130,0010,0010,1010,-0.009220707230269909,-4.762982368469238,4.753761661238968,0.9908274335868241,1,0
254,3,x0,1010,1010,1011,-0.00016593151667620987,-10.625164985656738,10.624999054140062,0.9999409952632132,1,0
254,4,t012,1010,1010,1000,-0.00375884841196239,-5.6287689208984375,5.625010072486475,0.9962513353731429,1,0
254,5,x0,0010,0010,1000,-0.0010675630765035748,-7.305691719055176,7.304624155978672,0.9989617230469376,1,0
254,6,c32,0010,0010,0000,-0.00011229047231609002,-9.250118255615234,9.250005965142918,0.9998953307398352,1,0
254,7,s01,0010,0010,1010,-0.0024082669988274574,-6.659084320068359,6.656676053069532,0.998657475670563,1,0
254,8,s03,0010,0010,1010,-0.0009247639682143927,-10.892250061035156,10.891325297066942,0.9999718500087553,1,0
255,1,t123,1101,1101,1100,-0.2754077911376953,-3.4004077911376953,3.125,0.7601516023338841,1,0
255,2,c32,1111,1111,0000,-0.026152633130550385,-5.317407608032227,5.291254974901676,0.9742600701292147,1,0
255,3,x1,1011,1011,0111,-0.0003437624254729599,-9.662907600402832,9.662563837977359,0.9996885312631035,1,0
255,4,t013,1011,1011,1110,-0.007129141129553318,-5.870816707611084,5.863687566481531,0.9929159781934183,1,0
255,5,c02,1001,1001,1111,-0.021276982501149178,-10.668241500854492,10.646964518353343,0.9999454444581743,1,0
255,6,x1,1101,1101,1100,-0.00015055151015985757,-8.875150680541992,8.875000129031832,0.9998511167732124,1,0
255,7,t120,1101,1101,0101,-0.0069083538837730885,-5.007020950317383,5.00011259643361,0.9931342999985325,1,0
255,8,s23,1110,1110,1111,-0.03380357474088669,-3.4088034629821777,3.374999888241291,0.966763574534976,1,0
256,1,x3,1001,1001,1010,-0.22876662015914917,-3.362414836883545,3.1336482167243958,0.7969309989261668,1,0
256,2,c31,1101,1101,0001,-0.04046549275517464,-4.720948696136475,4.6804832033813,0.9603530588264991,1,0
256,3,s21,1011,1011,1101,-0.004054086282849312,-6.389257431030273,6.385203344747424,0.9959564499679651,1,0
256,4,c20,0011,0011,1011,-0.001552180154249072,-7.011349678039551,7.009797497885302,0.9984550345920571,1,0
256,5,s20,1001,1001,1011,-0.02943272516131401,-3.654505729675293,3.625073004513979,0.9711770385521818,1,0
256,6,x2,1011,1011,1101,-0.0013377165887504816,-7.2552409172058105,7.25390320061706,0.9987024530355559,1,0
256,7,t013,1011,1011,1110,-0.03186759725213051,-4.00751256942749,3.9756449721753597,0.9686492647332978,1,0
256,8,s20,1011,1011,0011,-0.012632469646632671,-4.396139144897461,4.383506675250828,0.9874475140805771,1,0
257,1,t123,0100,0100,0101,-0.13987997174263,-3.3898797035217285,3.2499997317790985,0.870235292979014,1,0
257,2,s30,0100,0100,0001,-0.0005909359897486866,-7.830690860748291,7.830099924758542,0.9994589175956552,1,0
257,3,c12,0110,0110,0100,-0.00024567797663621604,-8.875242233276367,8.874996555299731,0.999762205001615,1,0
257,4,x3,0111,0111,0101,-8.654460543766618e-05,-10.574458122253418,10.57437157764798,0.9999227900809087,1,0
257,5,c21,0011,0011,0010,-0.0016655741492286325,-6.876666069030762,6.875000494881533,0.9983448314656173,1,0
257,6,s12,0101,0101,1001,-0.0032528708688914776,-6.3637309074401855,6.360478036571294,0.9968969413598944,1,0
257,7,x0,1101,1101,1100,-0.004002704285085201,-5.879002571105957,5.874999866820872,0.9960446165081299,1,0
257,8,s20,0111,0111,1101,-0.0035720551386475563,-6.127600193023682,6.124028137885034,0.9964352241995453,1,0
258,1,c30,0110,0110,1110,-0.46284449100494385,-2.2073652744293213,1.7445207834243774,0.6297026209011819,1,0
258,2,t301,0110,0110,0111,-0.003593580797314644,-7.378593444824219,7.374999864026904,0.9964199862705311,1,0
258,3,s10,1010,1010,1110,-0.007098794914782047,-5.132214546203613,5.125115751288831,0.9934368521554915,1,0
258,4,s01,0110,0111,0111,-2.2240381240844727,-0.47403794527053833,-1.7500001788139343,0.10820919478509922,0,0
258,5,t201,0110,0110,1010,-0.0003480425220914185,-8.817405700683594,8.817057658161502,0.9996671085030597,1,0
258,6,s30,0110,0110,0011,-0.011664092540740967,-4.5137038230896,4.502039730548859,0.9888628522190297,1,0
258,7,t312,0110,0110,0100,-0.026421554386615753,-3.652022123336792,3.6256005689501762,0.9739272786728351,1,0
258,8,t213,0111,0111,0110,-0.0007940806681290269,-7.375793933868408,7.374999853200279,0.9992170978080593,1,0
259,1,s13,0110,0110,0011,-0.3183063268661499,-2.3964433670043945,2.0781370401382446,0.7274520492054586,1,0
259,2,t302,0110,0110,0111,-0.07266026735305786,-3.447660207748413,3.3749999403953552,0.9300597058557313,1,0
259,3,x2,0100,0100,0010,-0.0003303053672425449,-9.234909057617188,9.234578752249945,0.9998547480684683,1,0
259,4,t320,0100,0100,1100,-0.0002850126475095749,-8.751516342163086,8.751231329515576,0.9997176515323447,1,0
259,5,t301,0100,0100,0101,-0.00028345888131298125,-9.250283241271973,9.24999978239066,0.999719168549536,1,0
259,6,c30,0100,0100,0101,-0.0003257779753766954,-8.750325202941895,8.749999424966518,0.9996759289960295,1,0
259,7,t103,0100,0100,0101,-0.00017760918126441538,-8.750177383422852,8.749999774241587,0.9998242803615631,1,0
259,8,c12,0110,0110,0100,-0.00022648065350949764,-8.625301361083984,8.625074880430475,0.9997821080808498,1,0
260,1,t102,0001,0001,0011,-0.18316885828971863,-3.5481185913085938,3.364949733018875,0.8330270455968218,1,0
260,2,s21,0001,0001,0100,-0.0464700348675251,-3.2995169162750244,3.2530468814074993,0.9545991849503835,1,0
260,3,x1,0101,0101,1001,-0.00033065956085920334,-8.695137023925781,8.694806364364922,0.9996706004965752,1,0
260,4,s32,0110,0110,0101,-0.0004583134432323277,-8.375442504882812,8.37498419143958,0.9996031349654456,1,0
260,5,t032,0110,0110,1100,-0.00011968272156082094,-9.855504035949707,9.855384353228146,0.9998842575590635,1,0
260,6,s31,0011,0011,0110,-0.12747393548488617,-2.131321907043457,2.003847971558571,0.8806656271163116,1,0
260,7,c31,0111,0111,0110,-0.00011539249680936337,-10.000115394592285,10.000000002095476,0.9999267316153215,1,0
260,8,t213,0110,0110,0011,-0.00012647728726733476,-10.463053703308105,10.462927226020838,0.9998846332574112,1,0
261,1,t012,0101,0101,1111,-0.1449611335992813,-4.248926162719727,4.103965029120445,0.8654665195236979,1,0
261,2,x2,0111,0111,1111,-0.005949390586465597,-6.244297027587891,6.238347637001425,0.9941217438087276,1,0
261,3,x1,0011,0011,0010,-9.33392730075866e-05,-11.125093460083008,11.12500012081,0.9999558567548552,1,0
261,4,s31,0110,0110,1110,-0.0038096860516816378,-6.3758063316345215,6.37199664558284,0.9964166343032843,1,0
261,5,s30,0110,0110,1111,-0.0704578086733818,-3.278859853744507,3.208402045071125,0.9327412194785231,1,0
261,6,t201,0110,0110,0010,-0.0006585258524864912,-7.763317584991455,7.762659059138969,0.9993489077168172,1,0
261,7,c10,1110,1110,0110,-0.072862908244133,-2.9483911991119385,2.8755282908678055,0.9465215172787007,1,0
261,8,s30,0111,0111,1110,-0.040250763297080994,-5.113736629486084,5.073485866189003,0.9934207235866119,1,0
262,1,c31,0010,0010,0110,-0.9640529155731201,-1.114771842956543,0.15071892738342285,0.3814437591890875,1,0
262,2,t021,0010,0010,0011,-0.004143132828176022,-7.379143714904785,7.375000582076609,0.995879748726962,1,0
262,3,c03,0010,0010,0011,-6.103462874307297e-05,-11.125060081481934,11.12499904685319,0.9999413185704642,1,0
262,4,c12,0010,0010,0000,-0.0006405948079191148,-7.500849723815918,7.500209129007999,0.999366508768568,1,0
262,5,t102,0010,0010,1000,-2.8610002118512057e-05,-11.441316604614258,11.44128799461214,0.9999730430865507,1,0
262,6,s03,0010,0010,0001,-4.01729776058346e-05,-12.000333786010742,12.000293613033136,0.999989244884348,1,0
262,7,t213,0010,0010,0011,-0.0033532953821122646,-5.753352642059326,5.749999346677214,0.9966556312777953,1,0
262,8,t032,0010,0010,0011,-2.229200617875904e-05,-11.125021934509277,11.124999642503099,0.9999796237402033,1,0
263,1,t013,0011,0011,1000,-0.16333693265914917,-4.310124397277832,4.146787464618683,0.8497627999645547,1,0
263,2,c23,0010,0010,1010,-0.007585842162370682,-5.997010231018066,5.989424388855696,0.9927961250146018,1,0
263,3,t310,0010,0010,1010,-0.0021240822970867157,-6.252219200134277,6.250095117837191,0.9978903296844337,1,0
263,4,x3,0011,0011,0001,-0.00016950734425336123,-9.055018424987793,9.05484891764354,0.9998681871955757,1,0
263,5,x1,0111,0111,0001,-0.0008864999399520457,-7.627298355102539,7.626411855162587,0.9991716760425056,1,0
263,6,s31,0111,0111,1110,-0.026346012949943542,-4.249422550201416,4.2230765372514725,0.9740140144786512,1,0
263,7,x0,1111,1111,0111,-0.008176804520189762,-4.8849921226501465,4.876815318129957,0.991930441003958,1,0
263,8,c32,1101,1101,1011,-0.0028705154545605183,-6.502718925476074,6.499848410021514,0.9973186894271673,1,0
264,1,s23,1110,1110,1111,-0.5824518203735352,-2.332451820373535,1.75,0.5587751088242814,1,0
264,2,s12,1110,1110,1011,-0.36382609605789185,-1.3556338548660278,0.991807758808136,0.695020917727408,1,0
264,3,s12,1110,1110,1011,-0.020965835079550743,-3.9119668006896973,3.8910009656101465,0.9792624196194967,1,0
264,4,t210,0110,0110,1110,-0.09502449631690979,-2.4650535583496094,2.3700290620326996,0.9093753560239172,1,0
264,5,c01,0110,0110,0111,-0.0006348417955450714,-8.375635147094727,8.375000305299181,0.9993818861825357,1,0
264,6,t012,0110,0110,1100,-0.00036546902265399694,-8.570297241210938,8.569931772188284,0.9996390231220517,1,0
264,7,c13,0111,0111,0010,-0.003690178506076336,-6.9547438621521,6.951053683646023,0.9963249262803702,1,0
264,8,c12,0101,0101,0110,-0.006098007317632437,-5.259933948516846,5.253835941199213,0.9940359525998252,1,0
265,1,s13,0010,0010,0110,-1.0947303771972656,-1.5596818923950195,0.4649515151977539,0.3347317693363607,1,0
265,2,t013,0010,0010,0011,-0.022237645462155342,-5.147237777709961,5.125000132247806,0.9781088114810705,1,0
265,3,x1,0110,0110,1000,-0.00047819834435358644,-8.684883117675781,8.684404919331428,0.9995387074039298,1,0
265,4,c20,1110,1110,0110,-0.003373389132320881,-5.753586769104004,5.750213379971683,0.9966516558838842,1,0
265,5,t023,1111,1111,1110,-0.01847616583108902,-4.0184760093688965,3.9999998435378075,0.9816981624953199,1,0
265,6,x1,1011,1011,1010,-0.00040060511673800647,-8.00040054321289,7.999999938096153,0.999603604928866,1,0
265,7,t201,1111,1111,0111,-0.002895111683756113,-6.687038898468018,6.6841437867842615,0.9971123399201359,1,0
265,8,x3,1110,1110,0110,-0.0035324604250490665,-6.721108913421631,6.717576452996582,0.9966086696521785,1,0
266,1,t032,1011,1011,0001,-0.3714444041252136,-2.706216812133789,2.3347724080085754,0.6902483820265866,1,0
266,2,x3,1010,1010,1110,-0.03368828818202019,-4.485660076141357,4.451971787959337,0.9683560751761021,1,0
266,3,t231,1010,1010,1110,-0.049243394285440445,-3.073936939239502,3.0246935449540615,0.9519624581048849,1,0
266,4,c30,1010,1010,0010,-0.10153097659349442,-2.3585877418518066,2.2570567652583122,0.9034580905756499,1,0
266,5,s12,1100,1100,1110,-0.0006801479030400515,-8.500492095947266,8.499811948044226,0.9993510820712062,1,0
266,6,t012,1110,1110,1100,-0.11347541213035583,-2.2385919094085693,2.1251164972782135,0.8927396003732109,1,0
266,7,c01,1010,1010,1011,-0.00026367639657109976,-9.000263214111328,8.999999537714757,0.9997444311332485,1,0
266,8,s10,0110,0110,1010,-0.512342631816864,-1.0448509454727173,0.5325083136558533,0.5992167211523884,1,0
267,1,c32,1101,1101,0000,-0.3443317115306854,-3.1560661792755127,2.8117344677448273,0.7089578255638963,1,0
267,2,t013,1100,1100,1101,-0.3279552757740021,-2.2029552459716797,1.8749999701976776,0.7205270127991166,1,0
267,3,x1,1000,1000,1001,-0.0013184866402298212,-7.001318454742432,6.999999968102202,0.9986877194293475,1,0
267,4,t130,1000,1000,0000,-0.00903370976448059,-4.940338134765625,4.931304425001144,0.9910272105182846,1,0
267,5,x1,1100,1100,0010,-5.197432983550243e-05,-11.204514503479004,11.204462529149168,0.9999524875507521,1,0
267,6,s23,1100,1100,1001,-0.0026437065098434687,-6.059125900268555,6.056482193758711,0.9973762647877056,1,0
267,7,t210,1100,1100,0100,-0.38751325011253357,-1.1381486654281616,0.750635415315628,0.6787449456600007,1,0
267,8,c21,1100,1100,1000,-0.30535125732421875,-1.6019967794418335,1.2966455221176147,0.7368744517412071,1,0
268,1,t120,0100,0100,1100,-0.3947439193725586,-1.9052950143814087,1.51055109500885,0.6744627276443373,1,0
268,2,s31,0001,0001,0100,-0.001302110031247139,-7.251026153564453,7.249724043533206,0.998783191821725,1,0
268,3,x0,1001,1001,1000,-0.00806167908012867,-4.883061408996582,4.874999729916453,0.9919766104507393,1,0
268,4,x2,1011,1011,0011,-0.0003513919946271926,-9.263768196105957,9.26341680411133,0.9996576890773019,1,0
268,5,t301,1111,1111,1011,-0.0043970877304673195,-5.88008451461792,5.875687426887453,0.9956165603796926,1,0
268,6,x2,1101,1101,1011,-0.0010859621688723564,-7.626093864440918,7.625007902272046,0.9989535895495666,1,0
268,7,t103,1100,1100,1101,-0.6354480981826782,-0.7604480981826782,0.125,0.5297016644079436,1,0
268,8,s30,0101,0101,1100,-0.0051004886627197266,-6.573376655578613,6.5682761669158936,0.9983909501594629,1,0
269,1,s30,1101,1101,0101,-0.49946632981300354,-1.774031400680542,1.2745650708675385,0.6068800763771729,1,0
269,2,t102,1111,1111,1001,-0.1409992128610611,-3.9413485527038574,3.8003493398427963,0.8686968749026247,1,0
269,3,c01,1011,1011,0111,-0.005389734171330929,-6.83782434463501,6.832434610463679,0.994642672153958,1,0
269,4,t130,1011,0011,0011,-1.713988184928894,-0.20368732511997223,-1.5103008598089218,0.18014641080981095,0,0
269,5,x1,1111,1111,0011,-0.0010343142785131931,-7.519339084625244,7.518304770346731,0.9989682194733166,1,0
269,6,x1,1011,1011,0111,-0.004212746862322092,-5.519465446472168,5.515252699609846,0.9958930095045445,1,0
269,7,t312,1011,1011,1001,-0.06377846002578735,-2.813941240310669,2.7501627802848816,0.9382616605828696,1,0
269,8,x3,1010,1010,1001,-0.0001258823904208839,-11.000472068786621,11.0003461863962,0.9999042999170383,1,0
270,1,s32,0000,0000,0010,-0.33845147490501404,-2.332765817642212,1.9943143427371979,0.7135812759307657,1,0
270,2,s01,0000,0000,1000,-0.12887147068977356,-2.354025363922119,2.2251538932323456,0.8791049728202054,1,0
270,3,s32,0000,0000,1000,-5.5550335673615336e-05,-10.531774520874023,10.53171897053835,0.9999476925011378,1,0
270,4,x0,1000,1000,0000,-0.0005147413467057049,-7.6301679611206055,7.6296532197739,0.9994944723278566,1,0
270,5,s10,0100,0100,1000,-0.05775926262140274,-2.9303267002105713,2.8725674375891685,0.9442145554747715,1,0
270,6,s23,0100,0100,1100,-0.0010246168822050095,-7.760193824768066,7.759169207885861,0.998984408293637,1,0
270,7,t132,0100,0100,0110,-0.0001705824106466025,-9.251290321350098,9.251119738939451,0.999833328209677,1,0
270,8,s20,0100,0100,0010,-0.0009139848407357931,-7.387792110443115,7.386878125602379,0.9991019171745263,1,0
271,1,x0,0010,0010,0011,-0.3097500205039978,-2.8097500801086426,2.5000000596046448,0.7342096734807999,1,0
271,2,s32,0001,0001,0000,-0.002760733012109995,-6.877760410308838,6.874999677296728,0.9973051357662572,1,0
271,3,x0,1001,1001,1000,-0.0031723198480904102,-6.253172397613525,6.250000077765435,0.9968620910949305,1,0
271,4,t103,1001,1001,1101,-0.004959785379469395,-6.86572265625,6.860762870870531,0.9950756132777953,1,0
271,5,t023,1001,1001,1011,-0.0023527066223323345,-6.266485214233398,6.264132507611066,0.9976586202264547,1,0
271,6,s30,1001,1001,0010,-0.0163006242364645,-4.68208122253418,4.665780598297715,0.9838625222560434,1,0
271,7,s31,1100,1100,1101,-0.05267681926488876,-3.3026769161224365,3.2500000968575478,0.9488134537457692,1,0
271,8,c13,1101,1101,1001,-0.0008445879211649299,-8.26441478729248,8.263570199371316,0.9991678424159034,1,0
272,1,t310,0101,0101,1101,-0.7814586162567139,-1.0479203462600708,0.26646173000335693,0.45785174719095745,1,0
272,2,x0,1101,1101,1100,-0.005357482470571995,-6.00535774230957,6.000000259838998,0.9946608310878372,1,0
272,3,s21,1011,1011,1101,-0.0004375698626972735,-8.136435508728027,8.13599793886533,0.9995630629641813,1,0
272,4,s13,1110,1110,1111,-0.3256657123565674,-1.3256657123565674,1.0,0.7220640160783056,1,0
272,5,t301,1110,1110,1010,-0.010136371478438377,-5.520693778991699,5.510557407513261,0.9900576997964354,1,0
272,6,c30,1110,1110,0110,-0.012915116734802723,-4.531987190246582,4.519072073511779,0.987169984858889,1,0
272,7,t301,1110,1110,1010,-0.015559259802103043,-4.321018695831299,4.305459436029196,0.9845684336400597,1,0
272,8,t312,1110,1100,1100,-3.5302011966705322,-0.030418636277318,-3.4997825603932142,0.029299407579938465,0,0
273,1,x1,1000,1000,1010,-0.4444732367992401,-2.140807867050171,1.6963346302509308,0.6414080823526054,1,0
273,2,x0,0000,0000,0001,-0.0328824482858181,-4.657882213592529,4.624999765306711,0.9677007957274882,1,0
273,3,t123,0000,0000,0001,-0.0017854078905656934,-6.6267852783203125,6.624999870429747,0.9982272432160482,1,0
273,4,c02,0000,0000,0010,-3.504732740111649e-05,-11.125147819519043,11.125112772191642,0.999967598406817,1,0
273,5,x2,0010,0010,1000,-0.00017689533706288785,-11.065816879272461,11.065639983935398,0.9999660973560135,1,0
273,6,t302,0010,0010,0000,-3.86235406040214e-05,-11.003630638122559,11.003592014581955,0.9999622415205371,1,0
273,7,x0,1010,1010,0010,-0.00018380732217337936,-11.125643730163574,11.1254599228414,0.9999648046186351,1,0
273,8,x1,1110,1110,0010,-3.5524040868040174e-05,-11.162162780761719,11.16212725672085,0.9999647910400002,1,0
274,1,t123,0011,0011,0000,-0.2568552494049072,-3.492976188659668,3.2361209392547607,0.774024431371376,1,0
274,2,x0,1011,1011,1010,-0.0008190619410015643,-7.750819206237793,7.750000144296791,0.9992055640531158,1,0
274,3,c21,1111,1111,1011,-0.010834469459950924,-5.256957054138184,5.246122584678233,0.9892320047960782,1,0
274,4,c12,1101,1101,1011,-0.052078861743211746,-3.0527801513671875,3.0007012896239758,0.9493688636584438,1,0
274,5,c23,1101,1101,1100,-0.0073404135182499886,-6.257340431213379,6.250000017695129,0.9927058892489334,1,0
274,6,x0,0101,0101,1101,-0.00041192665230482817,-8.008702278137207,8.008290351484902,0.9996015029069809,1,0
274,7,x0,1101,1101,0101,-0.0008288417011499405,-7.261969566345215,7.261140724644065,0.9991775927631061,1,0
274,8,x2,1111,1111,1001,-0.0012128649977967143,-6.7571492195129395,6.755936354515143,0.9987900707760026,1,0
275,1,x2,1111,1111,1001,-0.19424331188201904,-3.88773250579834,3.693489193916321,0.8237288558437533,1,0
275,2,t021,1011,1011,1001,-0.13739962875843048,-3.5125060081481934,3.375106379389763,0.8716872645967891,1,0
275,3,x3,1010,1010,1110,-0.0270701814442873,-4.726464748382568,4.699394566938281,0.9735255166351179,1,0
275,4,t230,1010,1010,0010,-0.0248146690428257,-3.7952866554260254,3.7704719863831997,0.9755114504642737,1,0
275,5,c01,1110,1110,0010,-0.00041766674257814884,-8.95319652557373,8.952778858831152,0.9995850613825259,1,0
275,6,x2,1100,1100,1010,-0.0004262508009560406,-9.126299858093262,9.125873607292306,0.9995767380632808,1,0
275,7,t301,1100,1100,1001,-0.005967298056930304,-5.9814252853393555,5.975457987282425,0.9940603000056718,1,0
275,8,s20,0110,0110,1100,-0.008523604832589626,-5.131302833557129,5.122779228724539,0.991528642458276,1,0
276,1,x1,0000,0000,0010,-0.2086726874113083,-3.2009754180908203,2.992302730679512,0.8119342825165405,1,0
276,2,s20,0000,0000,1000,-0.013452482409775257,-4.387906551361084,4.374454068951309,0.9866382964133119,1,0
276,3,x2,0010,0010,0100,-0.00020276749273762107,-9.25778865814209,9.257585890649352,0.9998328283097702,1,0
276,4,c10,0010,0010,1010,-0.0013686473248526454,-6.751636505126953,6.7502678578021005,0.9986457682108851,1,0
276,5,s12,0100,0100,0010,-0.0004604458808898926,-8.00036907196045,7.999908626079559,0.9996278921606863,1,0
276,6,s01,1000,1000,0100,-0.017132023349404335,-4.1416754722595215,4.124543448910117,0.9833131420087167,1,0
276,7,c12,1000,1000,1100,-0.00017320518963970244,-9.423888206481934,9.423715001292294,0.9998300016379708,1,0
276,8,t132,1000,1000,1010,-7.08094667061232e-05,-10.375276565551758,10.375205756085052,0.9999301940206664,1,0
277,1,s31,0111,0111,0011,-0.5573309659957886,-1.8377761840820312,1.2804452180862427,0.572814445733819,1,0
277,2,c32,0101,0101,1101,-0.03490973636507988,-5.267810344696045,5.232900608330965,0.9660184680835088,1,0
277,3,s03,1100,1100,1110,-0.00452177319675684,-6.774355411529541,6.769833638332784,0.9954915682520549,1,0
277,4,c32,1100,1100,1110,-0.05391603708267212,-3.0516417026519775,2.9977256655693054,0.9475174879385232,1,0
277,5,x1,1000,1000,1001,-0.0008673975244164467,-7.3758673667907715,7.374999969266355,0.9991355481336267,1,0
277,6,x2,1010,1010,1100,-0.00011765650560846552,-9.780064582824707,9.779946926319099,0.9998870956547362,1,0
277,7,x0,0010,0010,1000,-0.002254666993394494,-6.157192230224609,6.154937563231215,0.9977823173212034,1,0
277,8,t013,0010,0010,0011,-0.00046579557238146663,-7.8754658699035645,7.875000074331183,0.999535610586014,1,0
278,1,x3,1001,1001,1010,-0.2511971890926361,-3.1713109016418457,2.9201137125492096,0.7794199322483297,1,0
278,2,s31,1100,1101,1101,-2.291654586791992,-0.5416545867919922,-1.75,0.10110028279059165,0,0
278,3,s31,1001,1001,1100,-0.2583402693271637,-1.8568353652954102,1.5984950959682465,0.7723607858168647,1,0
278,4,t103,1001,1001,1100,-0.19708853960037231,-3.192958354949951,2.995869815349579,0.8214704832604064,1,0
278,5,s31,1100,1100,0101,-0.21801473200321198,-1.946000099182129,1.727985367178917,0.804116542881459,1,0
278,6,x0,0100,0100,0101,-0.06363193690776825,-2.813631772994995,2.749999836087227,0.938350984418363,1,0
278,7,x1,0000,0000,0001,-0.00106197374407202,-7.001061916351318,6.999999942607246,0.9989855470243075,1,0
278,8,t123,0000,0000,0001,-0.00886492058634758,-4.758864879608154,4.749999959021807,0.991188377737628,1,0
279,1,c21,1101,1001,1001,-2.730137348175049,-0.5461350679397583,-2.1840022802352905,0.06522428049625227,0,0
279,2,t312,1111,1111,0000,-0.019694505259394646,-6.000818252563477,5.981123747304082,0.980575227765505,1,0
279,3,t031,1011,1011,0111,-0.014321200549602509,-5.612260818481445,5.597939617931843,0.9857980991569627,1,0
279,4,c21,1111,1111,1011,-0.010176293551921844,-4.905806541442871,4.895630247890949,0.989878788471139,1,0
279,5,s23,1111,1111,1011,-7.355105481110513e-05,-10.25035285949707,10.25027930844226,0.9999278686194657,1,0
279,6,c30,0111,0111,1101,-0.012638773769140244,-4.817334175109863,4.804695401340723,0.9874424832428295,1,0
279,7,t013,0111,0111,0110,-0.0001956144260475412,-9.750194549560547,9.7499989351345,0.9998147767103456,1,0
279,8,s03,1110,1110,1111,-0.00310127018019557,-6.753101348876953,6.7500000786967576,0.9986358819959836,1,0
280,1,x0,1011,1011,1100,-0.28862160444259644,-3.4091577529907227,3.120536148548126,0.7497380057988633,1,0
280,2,t102,1011,1011,1001,-0.06753559410572052,-3.0691847801208496,3.001649186015129,0.9347187455403068,1,0
280,3,x0,0011,0011,1001,-0.004134291782975197,-5.642827033996582,5.638692742213607,0.9958812730152327,1,0
280,4,c20,1011,1011,0011,-0.00175574142485857,-6.5075602531433105,6.505804511718452,0.9982597647676029,1,0
280,5,x1,1111,1111,1110,-0.00015711301239207387,-9.437657356262207,9.437500243249815,0.9998457527434177,1,0
280,6,t302,1101,1101,0111,-0.002684017876163125,-6.438613414764404,6.435929396888241,0.9973237666322164,1,0
280,7,s10,1101,1101,0101,-0.0032377862371504307,-5.758473873138428,5.755236086901277,0.9967703160782542,1,0
280,8,c12,1111,1111,1001,-7.855713192839175e-05,-10.443603515625,10.443524958493072,0.9999308769340675,1,0
281,1,x1,0001,0001,0000,-0.14278794825077057,-3.7677879333496094,3.624999985098839,0.8672104023948181,1,0
281,2,c10,0001,0001,1001,-0.03469156473875046,-3.6153769493103027,3.5806853845715523,0.9659153690669026,1,0
281,3,c13,0001,0001,0000,-0.004968191497027874,-7.004968166351318,6.9999999748542905,0.9950944043122245,1,0
281,4,x3,0000,0000,0011,-0.002078769961372018,-6.403357982635498,6.401279212674126,0.9981928882057721,1,0
281,5,s31,0000,0000,0100,-0.0001743961765896529,-9.125242233276367,9.125067837099778,0.9998387222719419,1,0
281,6,s02,0000,0000,0001,-0.001509993220679462,-7.251510143280029,7.25000015005935,0.9984910615714476,1,0
281,7,s20,0000,0000,1000,-0.0021358102094382048,-6.5016069412231445,6.499471131013706,0.9978689213854252,1,0
281,8,s13,0000,0000,0100,-0.012565715238451958,-4.388319969177246,4.375754253938794,0.9875158197940924,1,0
282,1,s31,0011,0110,0110,-1.1648571491241455,-1.006055235862732,-0.15880191326141357,0.3120039163610073,0,0
282,2,s02,1001,1001,0011,-0.39585790038108826,-1.5346025228500366,1.1387446224689484,0.6731672857961863,1,0
282,3,t213,1001,1001,1000,-0.341675341129303,-2.466675281524658,2.1249999403953552,0.711483815737631,1,0
282,4,s01,0101,0101,1001,-0.18409332633018494,-2.328599691390991,2.1445063650608063,0.8321126105440378,1,0
282,5,x1,0001,0001,1001,-0.03233538940548897,-4.140279293060303,4.107943903654814,0.9684070644871984,1,0
282,6,s20,0001,0001,1001,-0.014831138774752617,-4.276180267333984,4.261349128559232,0.9852794561454705,1,0
282,7,c12,0001,0001,1001,-0.0017875698395073414,-7.034152507781982,7.032364937942475,0.9982313505694652,1,0
282,8,x1,0101,0101,1001,-0.0017502109985798597,-6.463916778564453,6.462166567565873,0.9982513097273216,1,0
283,1,t123,1100,1100,1101,-0.3510509729385376,-1.8510509729385376,1.5,0.7047441907593414,1,0
283,2,s01,1100,1100,0100,-0.33819806575775146,-1.4599450826644897,1.1217470169067383,0.7134458791174739,1,0
283,3,x2,1110,1110,1000,-0.0007671722560189664,-9.130881309509277,9.130114137253258,0.9992423858882894,1,0
283,4,t301,1110,1110,1010,-0.0024336371570825577,-6.13642692565918,6.133993288502097,0.9975851387846375,1,0
283,5,x0,0110,0110,1100,-0.0018101370660588145,-6.396393775939941,6.394583638873883,0.9982151270751205,1,0
283,6,c21,0010,0010,0110,-8.654486737214029e-05,-10.723548889160156,10.723462344292784,0.9999216956646373,1,0
283,7,x1,0110,0110,0100,-0.00013720549759455025,-9.375143051147461,9.375005845649866,0.9998867713378006,1,0
283,8,s13,0011,0011,0110,-0.000367845525033772,-8.376315116882324,8.37594727135729,0.9997639255356123,1,0
284,1,t213,0010,0010,0011,-0.3274228572845459,-2.327423095703125,2.000000238418579,0.7213701043901858,1,0
284,2,c12,0010,0000,0000,-3.6560137271881104,-0.03186745569109917,-3.624146271497011,0.02583730493241617,0,0
284,3,s13,0010,0010,0110,-0.22733524441719055,-1.9528764486312866,1.725541204214096,0.7967800546883232,1,0
284,4,c31,0010,0010,0110,-0.0015348822344094515,-6.501643180847168,6.5001082986127585,0.998470207455928,1,0
284,5,x1,0110,0110,0000,-0.00013946699618827552,-9.000168800354004,9.000029333357816,0.9998696014568195,1,0
284,6,c12,0100,0100,0101,-2.2888112653163262e-05,-12.250022888183594,12.25000000007094,0.9999855393800121,1,0
284,7,t203,0100,0100,0101,-0.0001406624069204554,-9.500140190124512,9.499999527717591,0.99986039775388,1,0
284,8,c32,0100,0100,0110,-0.00022362005256582052,-8.625208854675293,8.624985234622727,0.9997772278476754,1,0
285,1,t012,0011,0011,1011,-0.1967807412147522,-4.150376796722412,3.95359605550766,0.8216550122997033,1,0
285,2,c13,0011,0011,0110,-0.03635161370038986,-4.642271041870117,4.605919428169727,0.9644169698406462,1,0
285,3,c01,0011,0011,1011,-0.001983086345717311,-6.252828598022461,6.250845511676744,0.9980226019332419,1,0
285,4,c30,1011,1011,0011,-0.002262098714709282,-6.134860992431641,6.132598893716931,0.9977458245435594,1,0
285,5,t032,1001,1001,0011,-0.0007992879254743457,-8.014387130737305,8.01358784281183,0.9992746337584941,1,0
285,6,c13,1001,1001,0001,-0.004418096970766783,-6.5085930824279785,6.504174985457212,0.99560644384522,1,0
285,7,c20,1001,1001,0001,-0.006868015043437481,-5.006808280944824,4.999940265901387,0.9931603348022531,1,0
285,8,c32,1011,1011,0011,-0.00021599358296953142,-9.015263557434082,9.015047563851112,0.9997895962359746,1,0
286,1,t302,0111,0111,0101,-0.4263288676738739,-2.287524461746216,1.861195594072342,0.6531894417876066,1,0
286,2,c30,1111,1111,0111,-0.007691740058362484,-5.029780864715576,5.022089124657214,0.992341229450542,1,0
286,3,t123,1110,1110,1111,-0.014073164202272892,-4.764072895050049,4.749999730847776,0.9861030976073518,1,0
286,4,s03,0111,0111,1111,-0.3500387668609619,-1.6131576299667358,1.263118863105774,0.7048387627767281,1,0
286,5,x0,1111,1111,1110,-0.01115823071449995,-4.636157989501953,4.624999758787453,0.9889157428248352,1,0
286,6,s10,1111,1111,0111,-0.001272594090551138,-6.876107215881348,6.8748346217907965,0.9987344918513323,1,0
286,7,x3,1110,1110,0110,-0.0027218495961278677,-8.009063720703125,8.006341871106997,0.9994696773448529,1,0
286,8,c32,1110,1110,1100,-0.12893061339855194,-2.127629518508911,1.9986989051103592,0.8790408203270934,1,0
287,1,x3,0011,0011,0000,-0.25529804825782776,-3.022739887237549,2.767441838979721,0.7751460639284262,1,0
287,2,t102,0011,0011,1011,-0.01842712238430977,-5.522885799407959,5.504458677023649,0.981804870293106,1,0
287,3,x0,1011,1011,1010,-0.0005324414232745767,-8.000533103942871,8.000000662519597,0.9994792580530697,1,0
287,4,x2,1001,1001,0001,-0.005385373719036579,-6.623495578765869,6.618110205046833,0.9946782294281417,1,0
287,5,x0,0001,0001,1001,-0.0022402822505682707,-6.135379314422607,6.133139032172039,0.9977689136695459,1,0
287,6,x3,0000,0000,0011,-0.0001832178677432239,-10.500340461730957,10.500157243863214,0.9999147734400248,1,0
287,7,t231,0000,0000,0001,-0.00046293382183648646,-7.875463008880615,7.875000075058779,0.9995437278768372,1,0
287,8,t201,0000,0000,0001,-0.0011722389608621597,-6.876171588897705,6.874999349936843,0.9988342798860648,1,0
288,1,c23,0000,0000,0001,-0.3852437138557434,-2.1352436542510986,1.7499999403953552,0.6821300069390208,1,0
288,2,s23,0000,0000,1000,-0.0006852560909464955,-7.637033462524414,7.636348206433468,0.9993220554902943,1,0
288,3,t102,0000,0000,1000,-0.00019227656594011933,-9.497920989990234,9.497728713424294,0.9998131982670178,1,0
288,4,x0,1000,1000,0000,-0.00027319515356794,-8.375875473022461,8.375602277868893,0.9997509456191179,1,0
288,5,s13,1000,1000,0101,-0.002285206923261285,-6.174362659454346,6.172077452531084,0.9977844320060488,1,0
288,6,t132,1000,1000,1100,-6.317999941529706e-05,-11.408621788024902,11.408558608025487,0.9999398675163577,1,0
288,7,x3,1001,1001,1000,-0.00013040873454883695,-9.500130653381348,9.500000244646799,0.9999065451335722,1,0
288,8,x1,1101,1101,1011,-0.0009373408393003047,-7.381014347076416,7.380077006237116,0.999064299904475,1,0
289,1,s30,0000,0000,1000,-0.6415008306503296,-1.9442484378814697,1.3027476072311401,0.5266478163461945,1,0
289,2,c20,0000,0000,1000,-0.20903286337852478,-1.851064920425415,1.6420320570468903,0.8119622207685393,1,0
289,3,s20,0000,0000,1000,-0.0023571099154651165,-6.127200126647949,6.124843016732484,0.9976460839201078,1,0
289,4,x1,0100,0100,0010,-0.0012281214585527778,-6.751255512237549,6.750027390778996,0.9987835015836906,1,0
289,5,x1,0000,0000,0110,-0.009032157249748707,-8.260293006896973,8.251260849647224,0.9996406083460518,1,0
289,6,t132,0000,0000,0001,-7.367038779193535e-05,-10.250073432922363,10.249999762534571,0.9999369730734268,1,0
289,7,c21,0000,0000,0100,-0.0233004167675972,-3.7733023166656494,3.750001899898052,0.9769802365177866,1,0
289,8,s32,0000,0000,1000,-2.9325310606509447e-05,-11.127944946289062,11.127915620978456,0.9999715186034439,1,0
290,1,t312,1100,1100,1110,-0.6837553381919861,-1.2118114233016968,0.5280560851097107,0.5051721489990046,1,0
290,2,x2,1110,1110,0000,-0.03343736380338669,-5.2651472091674805,5.231709845364094,0.967250751407174,1,0
290,3,x2,1100,1100,1010,-0.000690209970343858,-7.683993339538574,7.68330312956823,0.9993719657492763,1,0
290,4,s13,1001,1001,1011,-0.015741020441055298,-4.391002178192139,4.375261157751083,0.9868836439076054,1,0
290,5,t321,1001,1001,1101,-0.04988343268632889,-3.3352608680725098,3.285377435386181,0.9513961112170896,1,0
290,6,c31,1101,1101,0011,-0.0013349780347198248,-7.264331817626953,7.262996839592233,0.9986672622774528,1,0
290,7,s10,1101,1101,0101,-0.01277311984449625,-4.387968063354492,4.375194943509996,0.9873275786816914,1,0
290,8,c03,1100,1100,1110,-0.00018560371245257556,-9.508771896362305,9.508586292649852,0.9998273491970757,1,0
291,1,x1,1001,1001,1000,-0.241058349609375,-3.491058349609375,3.25,0.7860492990915734,1,0
291,2,x3,1000,1000,1100,-0.08117085695266724,-3.9394798278808594,3.858308970928192,0.922626514141013,1,0
291,3,x2,1010,1010,1100,-0.00010811994434334338,-10.474762916564941,10.474654796620598,0.9998975053245248,1,0
291,4,x1,1110,1110,1111,-0.00014698074664920568,-9.875146865844727,9.874999885098077,0.9998545678473792,1,0
291,5,c10,0110,0110,1110,-0.0012721439125016332,-7.129453659057617,7.1281815151451156,0.9989619834761092,1,0
291,6,t321,0110,0110,0010,-0.0016202015103772283,-7.3837971687316895,7.382176967221312,0.9983853294862673,1,0
291,7,s02,1100,1100,0110,-0.0001504390238551423,-9.875321388244629,9.875170949220774,0.999895292186231,1,0
291,8,s03,0101,0101,1100,-0.004318414255976677,-5.761057376861572,5.756738962605596,0.9960066771248384,1,0
292,1,c12,1000,1000,1100,-0.27722352743148804,-3.046621799468994,2.769398272037506,0.7588756359818711,1,0
292,2,t032,1000,1000,1100,-0.02235528454184532,-5.817918300628662,5.795563016086817,0.9780165582550449,1,0
292,3,s10,0100,0100,1000,-0.08241234719753265,-2.5800695419311523,2.4976571947336197,0.9235582414612159,1,0
292,4,s31,0001,0001,0100,-0.0005093318177387118,-8.250409126281738,8.249899794464,0.9995149863491375,1,0
292,5,t123,0001,0001,0000,-0.0015616938471794128,-7.751561641693115,7.749999947845936,0.9988635079592647,1,0
292,6,c21,0001,0001,0101,-0.00037677522050216794,-8.127543449401855,8.127166674181353,0.9996281406840895,1,0
292,7,c01,0001,0001,1001,-0.0003461449814494699,-8.25115966796875,8.2508135229873,0.9996612129864193,1,0
292,8,x3,0000,0000,0001,-5.3881987696513534e-05,-10.875053405761719,10.874999523774022,0.9999625010995554,1,0
293,1,c01,1110,1110,1100,-0.4381364583969116,-2.6016132831573486,2.163476824760437,0.6453352172608808,1,0
293,2,s21,1110,1110,1010,-0.036851927638053894,-4.694662570953369,4.657810643315315,0.9638269858935484,1,0
293,3,t120,0110,0110,1110,-0.21759644150733948,-1.7035508155822754,1.485954374074936,0.8044626770609926,1,0
293,4,s32,0101,0101,0111,-0.007577149197459221,-5.583533763885498,5.575956614688039,0.9924786450096376,1,0
293,5,x0,1101,1101,0101,-0.005066931247711182,-5.711273193359375,5.706206262111664,0.9949766558565697,1,0
293,6,t120,1101,1101,0101,-0.2523053288459778,-1.5020537376403809,1.249748408794403,0.7770095498456966,1,0
293,7,s03,1101,1101,1001,-0.0040472946129739285,-5.921887397766113,5.917840103153139,0.9960387243556538,1,0
293,8,x2,1111,1111,0111,-0.004355419892817736,-5.882007122039795,5.877651702146977,0.9956943192692715,1,0
294,1,x2,0101,0101,0100,-0.15466991066932678,-3.904669761657715,3.749999850988388,0.8569125387315129,1,0
294,2,x1,0001,0001,0000,-0.004101136699318886,-6.754101276397705,6.750000139698386,0.9959529464090557,1,0
294,3,s01,0001,0001,1001,-0.06285379827022552,-2.826413631439209,2.7635598331689835,0.9390856719065457,1,0
294,4,c31,0101,0101,0001,-0.0013654222711920738,-7.161581039428711,7.160215617157519,0.9986362369251748,1,0
294,5,s12,0011,0011,0010,-0.007685647811740637,-5.632685661315918,5.625000013504177,0.9942999458997744,1,0
294,6,x3,0010,0010,0110,-0.00022648824960924685,-10.38282299041748,10.382596502167871,0.9998860095802907,1,0
294,7,s12,0100,0100,0010,-0.0009406991885043681,-9.875082969665527,9.874142270477023,0.9998515921197156,1,0
294,8,c01,0100,0100,1000,-0.0004350724630057812,-8.507349967956543,8.506914895493537,0.9995826963317612,1,0
295,1,c20,1011,1011,0011,-0.2270415872335434,-2.487717390060425,2.2606758028268814,0.7970688461394071,1,0
295,2,x0,0011,0011,1011,-0.004000287968665361,-6.799746513366699,6.795746225398034,0.9960136878927844,1,0
295,3,t123,0011,0011,0010,-0.07263325899839401,-2.6976332664489746,2.6250000074505806,0.9299865826978678,1,0
295,4,c21,0111,0111,0011,-0.01447250321507454,-4.268962383270264,4.254489880055189,0.9856505579436672,1,0
295,5,t312,0101,0101,0011,-0.00041577903903089464,-8.87601089477539,8.87559511573636,0.9996104500480645,1,0
295,6,s03,1100,1100,0101,-0.0016519359778612852,-6.501592636108398,6.499940700130537,0.9984259072656999,1,0
295,7,s03,0101,0101,1100,-0.01512396614998579,-4.269442081451416,4.25431811530143,0.9850173795029811,1,0
295,8,s12,0011,0011,0101,-0.025674214586615562,-3.7770333290100098,3.751359114423394,0.9754589264413297,1,0
296,1,c03,0000,0000,0001,-0.39047783613204956,-1.8904778957366943,1.5000000596046448,0.6784726336234699,1,0
296,2,s13,0000,0000,0101,-0.06349004805088043,-3.4450201988220215,3.381530150771141,0.938526471458362,1,0
296,3,s31,0000,0000,1000,-9.309923188993707e-05,-9.516386032104492,9.516292932872602,0.9999131961338461,1,0
296,4,s03,0000,0000,1001,-6.961600593058392e-05,-9.938339233398438,9.938269617392507,0.9999309706477016,1,0
296,5,s30,0000,0000,1000,-0.00034862689790315926,-8.003968238830566,8.003619611932663,0.9996632086652966,1,0
296,6,t310,0000,0000,1000,-4.55374683951959e-05,-10.750630378723145,10.75058484125475,0.9999573676985053,1,0
296,7,c01,0000,0000,0001,-3.7550613342318684e-05,-10.87503719329834,10.874999642684998,0.9999656314929122,1,0
296,8,x2,0010,0010,1000,-4.088853529538028e-05,-11.376111030578613,11.376070142043318,0.9999724056939411,1,0
297,1,t120,1010,1010,0010,-0.6177464723587036,-1.6316845417022705,1.013938069343567,0.5394151938921168,1,0
297,2,x2,1000,1000,0000,-0.06472423672676086,-4.5446672439575195,4.479943007230759,0.9374976262543774,1,0
297,3,t012,1000,1000,1010,-0.00018310040468350053,-9.750247955322266,9.750064854917582,0.9998347937711133,1,0
297,4,c13,1000,1000,1001,-0.0005899062380194664,-8.750589370727539,8.74999946448952,0.9994505245297018,1,0
297,5,t312,1000,1000,1100,-2.4437713364022784e-05,-13.143352508544922,13.143328070831558,0.9999870543309993,1,0
297,6,t102,1000,1000,1010,-2.5987508706748486e-05,-11.37502670288086,11.375000715372153,0.999977090895714,1,0
297,7,c03,1001,1001,1000,-0.00018309263396076858,-8.750182151794434,8.749999059160473,0.9998229941094178,1,0
297,8,x0,0001,0001,1001,-0.0004994978080503643,-7.7512922286987305,7.75079273089068,0.9995611093023982,1,0
298,1,s01,1100,0100,0100,-1.1543880701065063,-0.9461870193481445,-0.20820105075836182,0.3153908888347829,0,0
298,2,c12,1110,1110,1000,-0.025801928713917732,-5.136606216430664,5.110804287716746,0.9747379406557528,1,0
298,3,x2,1100,1100,1011,-0.001388325123116374,-7.7953877449035645,7.793999419780448,0.998664755686378,1,0
298,4,s12,1010,1010,1000,-0.0017994074150919914,-6.690206527709961,6.688407120294869,0.9982482229985223,1,0
298,5,c02,1000,1000,1100,-0.0017771743005141616,-9.076654434204102,9.074877259903587,0.9996693863457041,1,0
298,6,c23,1000,1000,1001,-0.0016462233616039157,-7.876646518707275,7.8750002953456715,0.998402956834681,1,0
298,7,s30,0001,0001,0000,-0.006351103540509939,-5.631350994110107,5.6249998905695975,0.9959422203465162,1,0
298,8,x2,0011,0011,0010,-0.00047163572162389755,-7.875471591949463,7.874999956227839,0.9996049270662802,1,0
299,1,c12,0011,0001,0001,-1.2229773998260498,-0.7804774045944214,-0.4424999952316284,0.29443470971700647,0,0
299,2,c30,1011,1011,0011,-0.05392216518521309,-3.118624448776245,3.064702283591032,0.9475356637532766,1,0
299,3,s03,1011,1011,0011,-0.0013013274874538183,-6.695760250091553,6.694458922604099,0.9987146973119366,1,0
299,4,t201,1111,1111,1011,-0.012201397679746151,-4.886889934539795,4.874688536860049,0.9878916459423823,1,0
299,5,s32,1111,1111,1011,-0.00041096110362559557,-7.876453399658203,7.8760424385545775,0.9995901444810148,1,0
299,6,s01,1111,1111,0111,-0.018194006755948067,-4.018158435821533,3.999964429065585,0.9819741315370168,1,0
299,7,s10,1111,1111,0111,-0.0005722892237827182,-7.500558376312256,7.499986087088473,0.999429329669525,1,0
299,8,x2,1101,1101,0111,-0.004371035378426313,-7.0101847648620605,7.005813729483634,0.9956985831656541,1,0
