example_id,step,gate,gold_state,best_state,best_wrong_state,gold_logprob,best_wrong_logprob,margin,gold_prob16,local_correct,tie
0,1,s30,0110,0110,1110,-1.474940299987793,-2.128533363342285,0.6535930633544922,0.22886694390538734,1,0
0,2,c13,0111,0111,0110,-0.5611146092414856,-1.4361144304275513,0.8749998211860657,0.5707728555905281,1,0
0,3,t132,0101,0101,0111,-0.5567113161087036,-0.9441879987716675,0.38747668266296387,0.5731138886514413,1,0
0,4,x2,0111,0111,0001,-0.003378691617399454,-7.875195503234863,7.871816811617464,0.9966861673522406,1,0
0,5,c10,1111,1111,0111,-0.18599733710289001,-1.8096824884414673,1.6236851513385773,0.8305961111573414,1,0
0,6,t201,1011,1011,1111,-0.5301443338394165,-0.9068810343742371,0.37673670053482056,0.5885228969022993,1,0
0,7,s12,1101,1101,1011,-0.3943943679332733,-1.2536178827285767,0.8592235147953033,0.6744535051418806,1,0
0,8,t302,1111,1111,1110,-0.033708736300468445,-3.9087085723876953,3.874999836087227,0.9669114807273538,1,0
1,1,s31,1010,1010,1110,-1.1185885667800903,-2.1852989196777344,1.066710352897644,0.32687522040009254,1,0
1,2,c30,1010,1010,0010,-0.7265811562538147,-1.5353766679763794,0.8087955117225647,0.483591355104495,1,0
1,3,t301,1010,1010,1110,-0.20399883389472961,-1.71998131275177,1.5159824788570404,0.8154816770167959,1,0
1,4,c01,1110,1110,1010,-0.014275263994932175,-4.264315128326416,4.250039864331484,0.98582725185,1,0
1,5,x2,1100,1100,1101,-0.0006537855952046812,-7.3756537437438965,7.374999958148692,0.9993523730996554,1,0
1,6,s01,1100,1100,0100,-0.3876994848251343,-1.2945847511291504,0.9068852663040161,0.678617938602766,1,0
1,7,c01,1000,1000,1100,-0.34859299659729004,-1.2235838174819946,0.8749908208847046,0.705680447725765,1,0
1,8,c20,1000,1000,0000,-0.3132912218570709,-1.4561245441436768,1.1428333222866058,0.7310383534040884,1,0
2,1,c32,1101,1101,1110,-1.4469462633132935,-1.8268415927886963,0.37989532947540283,0.23546239178862435,1,0
2,2,s12,1011,1101,1101,-1.6191133260726929,-0.685349702835083,-0.9337636232376099,0.1980799256274418,0,0
2,3,x0,0011,0011,1011,-0.18014170229434967,-2.9239227771759033,2.7437810748815536,0.8352371035364486,1,0
2,4,x0,1011,1011,0011,-0.017065858468413353,-5.069802761077881,5.0527369026094675,0.983118281859529,1,0
2,5,s30,1011,1011,0011,-0.7199680805206299,-0.7747186422348022,0.05475056171417236,0.4867755220703756,1,0
2,6,t120,1011,1011,0011,-0.5765438079833984,-0.8274328708648682,0.2508890628814697,0.5618404564239764,1,0
2,7,c30,0011,0011,1011,-0.6932770013809204,-0.6933640241622925,8.702278137207031e-05,0.4999404974930867,1,0
2,8,x1,0111,0111,0011,-0.002204811666160822,-6.377917766571045,6.375712954904884,0.9978043680041119,1,0
3,1,t031,1111,1011,1011,-2.035482883453369,-1.3517866134643555,-0.6836962699890137,0.13065276439259893,0,0
3,2,s01,1111,1111,0111,-0.8114501237869263,-0.9451346397399902,0.13368451595306396,0.4442213333653178,1,0
3,3,c21,1011,1011,1111,-0.4809202253818512,-0.9934400320053101,0.5125198066234589,0.6182405043722914,1,0
3,4,c30,0011,1011,1011,-0.8260725736618042,-0.57635498046875,-0.2497175931930542,0.4377688580229106,0,0
3,5,s10,0011,0011,1010,-0.781572163105011,-1.2253077030181885,0.4437355399131775,0.45769426476357716,1,0
3,6,s10,0011,0011,1010,-0.6940622925758362,-1.292425274848938,0.5983629822731018,0.49955348636907115,1,0
3,7,x3,0010,0010,0001,-0.00020157151448074728,-9.223641395568848,9.223439824054367,0.9998036288655692,1,0
3,8,t013,0010,0010,0011,-0.00042253860738128424,-8.000422477722168,7.999999939114787,0.9995795727542894,1,0
4,1,s03,0011,1010,1010,-2.4071004390716553,-1.4961414337158203,-0.910959005355835,0.09010552860757229,0,0
4,2,s23,0011,0001,0001,-2.5088281631469727,-2.360694408416748,-0.1481337547302246,0.08140478066174785,0,0
4,3,s31,0110,0011,0011,-1.6937882900238037,-1.6373059749603271,-0.05648231506347656,0.183857346749465,0,0
4,4,x1,0010,0010,0011,-0.8022158145904541,-1.802215814590454,1.0,0.44842424673223663,1,0
4,5,x1,0110,0110,0000,-0.14611685276031494,-3.147169828414917,3.001052975654602,0.8640767986954827,1,0
4,6,c03,0110,0110,0111,-0.0674939900636673,-3.3174939155578613,3.249999925494194,0.9348465690763333,1,0
4,7,s01,1010,0110,0110,-1.0947781801223755,-0.8313665986061096,-0.26341158151626587,0.334622102672666,0,0
4,8,x3,1011,1011,1010,-0.17836663126945496,-3.1783666610717773,3.0000000298023224,0.8368998356941727,1,0
5,1,c32,0110,0110,0100,-1.4398267269134521,-1.8644568920135498,0.42463016510009766,0.23722191873117993,1,0
5,2,s23,0101,0110,0110,-0.8879534006118774,-0.8754275441169739,-0.012525856494903564,0.41150722380040616,0,0
5,3,s20,0101,1100,1100,-1.4551451206207275,-1.1695451736450195,-0.285599946975708,0.2333936630202988,0,0
5,4,t132,0111,0111,0101,-0.6432144045829773,-0.7673556208610535,0.12414121627807617,0.5256107314492994,1,0
5,5,x1,0011,0011,0110,-0.008333132602274418,-5.698757648468018,5.690424515865743,0.991727887729861,1,0
5,6,x2,0001,0001,0010,-0.0013768953504040837,-8.190201759338379,8.188824863987975,0.9986301623094419,1,0
5,7,t320,0001,0001,1001,-0.1604369729757309,-1.9134725332260132,1.7530355602502823,0.851790251548222,1,0
5,8,s10,0001,0001,1001,-0.21962307393550873,-2.1831161975860596,1.9634931236505508,0.8028357089343368,1,0
6,1,t230,1101,1101,0101,-1.3068654537200928,-1.706104040145874,0.39923858642578125,0.27073835072542507,1,0
6,2,t031,1001,1101,1101,-1.7490499019622803,-0.24225324392318726,-1.506796658039093,0.17394975680978136,0,0
6,3,x0,0001,0001,1001,-0.024856651201844215,-3.7957265377044678,3.7708698865026236,0.9754633228243966,1,0
6,4,t230,0001,0001,1001,-0.3134784400463104,-1.319214105606079,1.0057356655597687,0.730914900605447,1,0
6,5,c32,0011,0011,0001,-0.4756828844547272,-0.976542592048645,0.5008597075939178,0.6214633685288548,1,0
6,6,t013,0011,0011,0010,-0.0027732921298593283,-6.002773284912109,5.99999999278225,0.9972346049377686,1,0
6,7,c20,1011,1011,0011,-0.16188885271549225,-1.9104593992233276,1.7485705465078354,0.8505653804798924,1,0
6,8,x1,1111,1111,1011,-0.00030920805875211954,-8.64063549041748,8.640326282358728,0.9996934909478529,1,0
7,1,t102,0110,0110,0100,-1.358053207397461,-1.9884536266326904,0.6304004192352295,0.2574431925725183,1,0
7,2,c02,0110,0110,0100,-0.048896800726652145,-3.8616719245910645,3.8127751238644123,0.9522940866245597,1,0
7,3,x2,0100,0100,1000,-0.009266846813261509,-6.600510597229004,6.591243750415742,0.9908159356535333,1,0
7,4,c30,0100,0100,1100,-0.474276065826416,-0.9742512702941895,0.49997520446777344,0.6223885588185051,1,0
7,5,x0,1100,1100,0100,-0.004004918970167637,-5.908738613128662,5.9047336941584945,0.9971378394668103,1,0
7,6,x3,1101,1101,1100,-0.0026852127630263567,-6.002685070037842,5.999999857274815,0.9973257689748037,1,0
7,7,x2,1111,1111,1100,-0.006901492364704609,-5.006889343261719,4.999987850897014,0.9931297609481168,1,0
7,8,t120,0111,1111,1111,-0.8259915113449097,-0.575965166091919,-0.2500263452529907,0.4378019713590075,0,0
8,1,c32,0101,0101,0111,-1.8066604137420654,-2.0524020195007324,0.245741605758667,0.16436955875023493,1,0
8,2,t123,0101,0101,0100,-0.2874108552932739,-1.9124107360839844,1.6249998807907104,0.7502904710448949,1,0
8,3,x1,0001,0001,0111,-0.007861072197556496,-5.263789176940918,5.2559281047433615,0.9921876860883475,1,0
8,4,s30,1000,0001,0001,-0.926459789276123,-0.5795234441757202,-0.34693634510040283,0.3959579638647156,0,0
8,5,t103,1000,1000,1001,-0.01892847754061222,-4.018928050994873,3.999999573454261,0.9812839973716231,1,0
8,6,c13,1000,1000,1001,-0.0013252741191536188,-6.7513251304626465,6.749999856343493,0.9986790764451535,1,0
8,7,t301,1000,1000,1100,-0.014377051033079624,-4.264391899108887,4.250014848075807,0.9857303719827857,1,0
8,8,x1,1100,1100,1000,-0.00011169479694217443,-9.333159446716309,9.333047751919366,0.9998906495308475,1,0
9,1,c23,1100,1100,1101,-1.0561144351959229,-1.3061144351959229,0.25,0.34839803409569126,1,0
9,2,s32,1100,1100,1110,-0.7084933519363403,-0.9439958930015564,0.23550254106521606,0.49240464537635065,1,0
9,3,s01,1100,1100,0101,-0.6313322186470032,-1.8263859748840332,1.19505375623703,0.531901452433958,1,0
9,4,s03,0101,1100,1100,-0.9060750603675842,-0.8288859128952026,-0.07718914747238159,0.4041145095747977,0,0
9,5,x2,0111,0111,1110,-0.02524379827082157,-5.108774185180664,5.0835303869098425,0.9750995069762869,1,0
9,6,t013,0111,0111,0110,-0.009578193537890911,-5.509577751159668,5.499999557621777,0.9904728733066878,1,0
9,7,s03,1110,1110,0111,-0.17792175710201263,-1.913502812385559,1.7355810552835464,0.837041026500354,1,0
9,8,x3,1111,1111,0111,-0.0027883125003427267,-7.066365718841553,7.06357740634121,0.9972298714329334,1,0
10,1,t210,1101,1101,0101,-1.1724433898925781,-1.8935753107070923,0.7211319208145142,0.30974895257130414,1,0
10,2,s30,1101,1101,0101,-0.7211509346961975,-1.3131355047225952,0.5919845700263977,0.4862045492512601,1,0
10,3,c31,1001,1101,1101,-1.1377018690109253,-0.38804560899734497,-0.7496562600135803,0.32055674172462195,0,0
10,4,c32,1011,1011,1001,-0.35005104541778564,-1.229038953781128,0.8789879083633423,0.7046545486519481,1,0
10,5,x0,0011,0011,1011,-0.011213532648980618,-4.565330982208252,4.554117449559271,0.9889676794991008,1,0
10,6,x0,1011,1011,0011,-0.003857026342302561,-5.638093948364258,5.634236922021955,0.9961961996121219,1,0
10,7,t213,1011,1011,1010,-0.16155210137367249,-1.91155207157135,1.7499999701976776,0.8508338029173524,1,0
10,8,s13,1110,1110,1011,-0.11664139479398727,-2.238074541091919,2.1214331462979317,0.8899045850972211,1,0
11,1,x3,1101,1101,1100,-1.0402815341949463,-2.0402817726135254,1.000000238418579,0.35408951211017464,1,0
11,2,x0,0101,0101,0100,-0.15176400542259216,-3.401763916015625,3.249999910593033,0.8596639527977527,1,0
11,3,t213,0101,0101,0100,-0.07343077659606934,-3.0734307765960693,3.0,0.9292220637406928,1,0
11,4,c02,0101,0101,0111,-0.05037989839911461,-3.6816530227661133,3.6312731243669987,0.9508700515062397,1,0
11,5,c32,0111,0111,0101,-0.006098068319261074,-5.3821940422058105,5.3760959738865495,0.9939228000310725,1,0
11,6,t120,1111,0111,0111,-0.6945641040802002,-0.6933687925338745,-0.0011953115463256836,0.49930760096912924,0,0
11,7,s03,1111,1111,0111,-0.4319263994693756,-1.0718711614608765,0.6399447619915009,0.649259603135032,1,0
11,8,c23,1110,1110,1111,-0.07974383234977722,-2.5797438621520996,2.5000000298023224,0.9233558240907728,1,0
12,1,x1,0011,0011,0101,-1.2429876327514648,-2.3889684677124023,1.1459808349609375,0.28862374864666546,1,0
12,2,c02,0011,0011,0000,-0.1006145104765892,-3.6647863388061523,3.564171828329563,0.904317114810102,1,0
12,3,c30,1011,1011,0011,-0.3902803957462311,-1.1379616260528564,0.7476812303066254,0.6769237157608828,1,0
12,4,c31,1111,1111,1011,-0.11494127660989761,-2.2389414310455322,2.1240001544356346,0.8914356539543131,1,0
12,5,s10,1111,1111,0111,-0.5079984068870544,-0.9770558476448059,0.46905744075775146,0.6017018311146847,1,0
12,6,c13,1110,1110,1111,-0.08961046487092972,-2.4646103382110596,2.37499987334013,0.9142937537217753,1,0
12,7,t302,1110,1100,1100,-2.238420248031616,-0.11366058886051178,-2.1247596591711044,0.10662717038795216,0,0
12,8,s02,1110,1110,0110,-0.3516920208930969,-1.6125255823135376,1.2608335614204407,0.703499209093527,1,0
13,1,c12,1000,1000,1010,-0.9546691179275513,-1.803115963935852,0.8484468460083008,0.38533121327634107,1,0
13,2,t120,1000,1000,0001,-0.12783174216747284,-2.663764715194702,2.5359329730272293,0.8800069792183377,1,0
13,3,s12,1000,1000,1100,-0.05735643953084946,-3.1821694374084473,3.124812997877598,0.9442614317414952,1,0
13,4,s23,1000,1000,1010,-0.00724163930863142,-5.2553277015686035,5.248086062259972,0.9927869069132503,1,0
13,5,t201,1000,1000,1100,-0.00324733043089509,-5.75324821472168,5.750000884290785,0.9967604376645055,1,0
13,6,s23,1000,1000,1010,-0.012700794264674187,-4.758635997772217,4.745935203507543,0.9873796852279053,1,0
13,7,t120,1000,1000,0000,-0.011048813350498676,-4.554481029510498,4.543432216159999,0.9890122781602505,1,0
13,8,x3,1001,1001,1000,-6.258364010136575e-05,-9.937562942504883,9.937500358864781,0.9999401749216933,1,0
14,1,c31,1000,1000,1100,-1.2218177318572998,-1.4013166427612305,0.17949891090393066,0.29480863742065005,1,0
14,2,c10,1000,1000,0000,-0.1270766407251358,-2.6505463123321533,2.5234696716070175,0.8806689729034369,1,0
14,3,x3,1001,1001,0001,-0.002233668928965926,-7.542004108428955,7.539770439499989,0.9978177803821571,1,0
14,4,t013,1001,1001,1011,-0.00048442388651892543,-8.376912117004395,8.376427693117876,0.9995196112920859,1,0
14,5,c30,0001,1001,1001,-1.136953592300415,-0.38687971234321594,-0.7500738799571991,0.3207952178471383,0,0
14,6,s02,0001,0001,1000,-0.3889080584049225,-1.148727297782898,0.7598192393779755,0.6777973561940224,1,0
14,7,c12,0001,0001,0011,-0.020587557926774025,-3.898737907409668,3.878150349482894,0.9796231284069744,1,0
14,8,s03,1000,0001,0001,-1.1369342803955078,-0.3870857059955597,-0.7498485743999481,0.32080344563380797,0,0
15,1,c13,1110,1110,1111,-0.9880661964416504,-1.4880661964416504,0.5,0.37260841799600586,1,0
15,2,c01,1010,1010,1110,-0.5480503439903259,-1.5388158559799194,0.9907655119895935,0.5780911564235051,1,0
15,3,t132,1010,1010,1000,-0.06423342227935791,-2.840153455734253,2.775920033454895,0.9377894597743405,1,0
15,4,s01,0110,1010,1010,-1.6501669883728027,-0.38864997029304504,-1.2615170180797577,0.19201914213171653,0,0
15,5,t230,0110,1110,1110,-0.9742892384529114,-0.47527697682380676,-0.4990122616291046,0.37746521615790396,0,0
15,6,s30,0110,1110,1110,-1.1376005411148071,-0.5208182334899902,-0.6167823076248169,0.3206057142819796,0,0
15,7,x2,0100,0100,0010,-0.0001742796303005889,-10.001829147338867,10.001654867708567,0.9998572472934968,1,0
15,8,s20,0100,1100,1100,-1.1375024318695068,-0.40336304903030396,-0.7341393828392029,0.32062498702073466,0,0
16,1,c12,1000,1000,1010,-1.0884647369384766,-1.6079401969909668,0.5194754600524902,0.33711521527731353,1,0
16,2,c12,1000,1000,1010,-0.02344404347240925,-4.023621559143066,4.000177515670657,0.9768674214887094,1,0
16,3,s23,1000,1000,1010,-0.009847411885857582,-4.758698463439941,4.748851051554084,0.9902111901764485,1,0
16,4,x1,1100,1100,1000,-0.0002497166860848665,-8.375334739685059,8.375085022998974,0.9997526426621024,1,0
16,5,s03,0101,1100,1100,-0.8419589996337891,-0.6934351325035095,-0.14852386713027954,0.4308700375436096,0,0
16,6,t231,0101,0101,0001,-0.3165839910507202,-1.4294443130493164,1.1128603219985962,0.7286360738927627,1,0
16,7,s23,0110,0101,0101,-0.8505299091339111,-0.66622394323349,-0.18430596590042114,0.4271885941265853,0,0
16,8,c32,0110,0100,0100,-1.5040652751922607,-0.26594844460487366,-1.238116830587387,0.22222586552502402,0,0
17,1,s10,0101,1001,1001,-2.1868648529052734,-1.561950922012329,-0.6249139308929443,0.11229446634112998,0,0
17,2,s10,1001,0101,0101,-1.3659638166427612,-0.7917177677154541,-0.5742460489273071,0.25514929996447283,0,0
17,3,s01,0101,1001,1001,-1.1159095764160156,-0.9348872900009155,-0.1810222864151001,0.32762804295914666,0,0
17,4,s13,0101,0101,0011,-0.8409627676010132,-1.5753521919250488,0.7343894243240356,0.4313180036783501,1,0
17,5,x1,0001,0001,0111,-0.06823485344648361,-3.351717233657837,3.2834823802113533,0.9341838642117718,1,0
17,6,c02,0001,0001,0011,-0.0019159294897690415,-7.044830799102783,7.042914869613014,0.9980897085048192,1,0
17,7,x2,0011,0011,1000,-0.0007539810030721128,-8.547553062438965,8.546799081435893,0.9992550912096462,1,0
17,8,t012,0011,0011,1011,-0.0007933224551379681,-8.007156372070312,8.006363049615175,0.9992091065312122,1,0
18,1,t023,1011,1010,1010,-1.6474732160568237,-1.2724733352661133,-0.37499988079071045,0.19278120667063192,0,0
18,2,s23,1011,1011,1001,-0.4512443244457245,-1.3143612146377563,0.8631168901920319,0.6368500326245851,1,0
18,3,t013,1011,1011,1010,-0.053740836679935455,-3.053740978240967,3.0000001415610313,0.947684924849576,1,0
18,4,c03,1010,1010,1011,-0.026603391394019127,-3.6516034603118896,3.6250000689178705,0.9737511160959249,1,0
18,5,t102,1010,1010,1000,-0.01305761281400919,-4.421323299407959,4.40826568659395,0.9870280511605656,1,0
18,6,c20,0010,1010,1010,-0.6941088438034058,-0.6932284832000732,-0.0008803606033325195,0.49952425174682685,0,0
18,7,t302,0010,0010,0000,-0.004119174089282751,-5.512730121612549,5.508610947523266,0.9958895744491839,1,0
18,8,s23,0001,0001,0010,-0.31858739256858826,-1.3165314197540283,0.9979440271854401,0.7271758037393942,1,0
19,1,x1,1100,1100,1010,-1.0027097463607788,-2.610128402709961,1.6074186563491821,0.3670306703972781,1,0
19,2,s01,1100,1100,0101,-0.795738935470581,-1.8847839832305908,1.0890450477600098,0.4512582915330311,1,0
19,3,x1,1000,1000,1110,-0.01401335559785366,-5.034022331237793,5.020008975639939,0.9861041660653334,1,0
19,4,t023,1000,1000,1001,-0.007212386932224035,-5.257212162017822,5.249999775085598,0.9928279221051218,1,0
19,5,c13,1000,1000,1001,-0.0009019683348014951,-7.125901699066162,7.124999730731361,0.9991010052504012,1,0
19,6,x3,1001,1001,1000,-4.8160014557652175e-05,-10.625046730041504,10.624998570026946,0.9999524436088092,1,0
19,7,c30,0001,1001,1001,-0.6964125037193298,-0.6933654546737671,-0.003047049045562744,0.49837861841751424,0,0
19,8,t230,0001,0001,1001,-0.07897040992975235,-2.594933271408081,2.5159628614783287,0.9240717765156107,1,0
20,1,c23,1111,1111,1110,-1.0429468154907227,-1.4179468154907227,0.375,0.35289603963090327,1,0
20,2,t032,1101,1101,1111,-0.36622464656829834,-1.8962171077728271,1.5299924612045288,0.6933918369869438,1,0
20,3,t102,1111,1111,1101,-0.13831059634685516,-2.140455484390259,2.0021448880434036,0.8708345667633058,1,0
20,4,x0,0111,0111,1111,-0.024313677102327347,-4.140933036804199,4.116619359701872,0.9764298123993085,1,0
20,5,c20,1111,1111,0111,-0.15158693492412567,-2.022409439086914,1.8708225041627884,0.859366104227838,1,0
20,6,s13,1111,1111,1011,-0.23943516612052917,-1.6188956499099731,1.379460483789444,0.787075200482194,1,0
20,7,x0,0111,0111,1111,-0.012746984139084816,-4.393887042999268,4.381140058860183,0.9873932495078346,1,0
20,8,x1,0011,0011,1011,-0.0027565706986933947,-6.935220241546631,6.9324636708479375,0.9973150721697331,1,0
21,1,s03,1010,0011,0011,-2.671236276626587,-1.46689772605896,-1.204338550567627,0.0691879166824933,0,0
21,2,s20,1010,1010,0011,-2.24837064743042,-2.481700897216797,0.23333024978637695,0.10559675387789359,1,0
21,3,x3,1011,1011,1000,-0.41379889845848083,-3.2478368282318115,2.8340379297733307,0.6615930885123684,1,0
21,4,c23,1010,1010,1011,-0.6979091167449951,-0.6979091167449951,0.0,0.49763681547766514,0,1
21,5,x0,0010,0010,0011,-0.10518039017915726,-2.980180501937866,2.875000111758709,0.9003038806264958,1,0
21,6,x0,1010,1010,0010,-0.007940897718071938,-5.081740379333496,5.073799481615424,0.9921188251274293,1,0
21,7,x0,0010,0010,1110,-0.07911405712366104,-2.6925244331359863,2.6134103760123253,0.9239404550068634,1,0
21,8,c31,0010,0110,0110,-0.7590365409851074,-0.6370679140090942,-0.12196862697601318,0.46811989935849263,0,0
22,1,x3,0101,0101,0100,-1.040771245956421,-2.040771245956421,1.0,0.35410644847422357,1,0
22,2,t201,0101,0101,0001,-0.17774158716201782,-2.904949188232422,2.727207601070404,0.8371864550009501,1,0
22,3,s12,0011,0101,0101,-1.1981145143508911,-0.4167350232601166,-0.7813794910907745,0.301764516969746,0,0
22,4,s32,0011,0011,0001,-0.6931066513061523,-0.7757341861724854,0.08262753486633301,0.5000263202546615,1,0
22,5,c23,0010,0010,0011,-0.6342308521270752,-0.7592308521270752,0.125,0.5303498955968288,1,0
22,6,c12,0010,0010,0000,-0.22605279088020325,-1.6107127666473389,1.3846599757671356,0.7976796212826398,1,0
22,7,t321,0010,0010,0110,-0.002861492335796356,-5.890970706939697,5.888109214603901,0.9971444916116621,1,0
22,8,x1,0110,0110,0010,-0.0017918124794960022,-6.376928329467773,6.375136516988277,0.9982117269223032,1,0
23,1,x3,1000,1000,1001,-1.3030805587768555,-1.8030805587768555,0.5,0.2722985254355825,1,0
23,2,s21,1000,1000,1100,-0.6754922866821289,-0.9097206592559814,0.23422837257385254,0.5089125118398055,1,0
23,3,s30,0001,0001,1000,-0.7277737259864807,-0.8275461792945862,0.09977245330810547,0.48298987514665087,1,0
23,4,t201,0001,0001,1001,-0.0011792727746069431,-7.537322521209717,7.53614324843511,0.9988224729914575,1,0
23,5,x1,0101,0101,0011,-0.002972818212583661,-6.831322193145752,6.828349374933168,0.9970372415946209,1,0
23,6,s10,1001,1001,0101,-0.5482308864593506,-0.941203236579895,0.39297235012054443,0.5779825397170819,1,0
23,7,t301,1101,1101,1001,-0.286632776260376,-1.411422848701477,1.124790072441101,0.7508106915485094,1,0
23,8,s12,1011,1101,1101,-0.9256798624992371,-0.6430283188819885,-0.28265154361724854,0.396268822551971,0,0
24,1,s13,0110,0011,0011,-2.3066749572753906,-1.2511098384857178,-1.0555651187896729,0.0996189897359488,0,0
24,2,x2,0100,0100,0000,-1.2149441242218018,-2.328369617462158,1.1134254932403564,0.2971702889790569,1,0
24,3,c32,0100,0100,0110,-0.5417213439941406,-1.1318554878234863,0.5901341438293457,0.5818083823293486,1,0
24,4,s02,0100,0100,1100,-0.7046550512313843,-1.1293270587921143,0.42467200756073,0.49430498204011536,1,0
24,5,x2,0110,0110,0001,-0.0024616222362965345,-7.601140022277832,7.5986784000415355,0.9975565174810241,1,0
24,6,c03,0110,0110,0111,-0.017041219398379326,-4.267041206359863,4.249999986961484,0.9831263517232758,1,0
24,7,t032,0110,0110,0100,-0.01875615306198597,-4.019631862640381,4.000875709578395,0.9814190446187755,1,0
24,8,s21,0110,0110,0011,-0.6395159363746643,-0.8563560843467712,0.21684014797210693,0.5275495263911927,1,0
25,1,c13,1100,1101,1101,-1.6160222291946411,-1.1160222291946411,-0.5,0.19882985628445576,0,0
25,2,t230,1100,1100,0100,-0.6384138464927673,-1.6275410652160645,0.9891272187232971,0.5281394111479468,1,0
25,3,t320,1100,1100,0100,-0.25209325551986694,-1.5241371393203735,1.2720438838005066,0.7771768607320427,1,0
25,4,c21,1100,1100,1000,-0.20151321589946747,-1.708281397819519,1.5067681819200516,0.8174943614837004,1,0
25,5,t031,1100,1100,1000,-0.0046674394980072975,-5.449642181396484,5.444974741898477,0.995344032372654,1,0
25,6,t312,1100,1100,1110,-0.014198258519172668,-4.264206886291504,4.250008627772331,0.9859023630558509,1,0
25,7,t130,1100,1100,0100,-0.16022951900959015,-1.9127737283706665,1.7525442093610764,0.85195027663006,1,0
25,8,x2,1110,1110,1101,-1.811973015719559e-05,-11.838818550109863,11.838800430379706,0.9999868603091656,1,0
26,1,t210,1101,1101,0101,-0.9833204746246338,-2.10162091255188,1.118300437927246,0.37419593638080995,1,0
26,2,x3,1100,1100,0000,-0.07564538717269897,-4.544968605041504,4.469323217868805,0.9273538523489554,1,0
26,3,x1,1000,1000,1110,-0.0029056097846478224,-6.503207206726074,6.500301596941426,0.9971014069816442,1,0
26,4,s23,1000,1000,1001,-0.017235778272151947,-4.39223575592041,4.374999977648258,0.9829128234776568,1,0
26,5,c31,1000,1000,1100,-0.002481016330420971,-6.002483367919922,6.000002351589501,0.9975220610809666,1,0
26,6,s21,1000,1000,1100,-0.0550246387720108,-2.9300074577331543,2.8749828189611435,0.9464621557610792,1,0
26,7,s30,0001,0001,1000,-0.4924587309360504,-0.9741044044494629,0.4816456735134125,0.6111234397480769,1,0
26,8,s32,0010,0001,0001,-1.3365291357040405,-0.32303959131240845,-1.013489544391632,0.2627560893554147,0,0
27,1,t213,1100,1100,1101,-0.7929972410202026,-1.7929972410202026,1.0,0.45304651408930313,1,0
27,2,x0,0100,0100,0101,-0.17922751605510712,-2.429227590560913,2.250000074505806,0.836286333041389,1,0
27,3,x0,1100,1100,0100,-0.00430295430123806,-6.582959175109863,6.578656220808625,0.99571215246204,1,0
27,4,x1,1000,1000,1110,-0.0011250273091718554,-7.006945610046387,7.005820582737215,0.9988905130473215,1,0
27,5,t130,1000,1000,0001,-0.029940441250801086,-3.7565791606903076,3.7266387194395065,0.9705063710402289,1,0
27,6,x0,0000,0000,1000,-0.05736342445015907,-2.930765390396118,2.873401965945959,0.9442512185984488,1,0
27,7,c03,0000,0000,0001,-0.0006362380227074027,-8.125636100769043,8.124999862746336,0.9993670997613874,1,0
27,8,s31,0000,0000,0100,-0.07011311501264572,-2.6949965953826904,2.6248834803700447,0.932288849946623,1,0
28,1,x1,1111,1111,1001,-1.3674426078796387,-2.3919286727905273,1.0244860649108887,0.2548361438923122,1,0
28,2,x3,1110,1110,0000,-0.02607889659702778,-5.4502668380737305,5.424187941476703,0.9744032759087596,1,0
28,3,c01,1010,1010,1110,-0.28193628787994385,-1.5519112348556519,1.269974946975708,0.7543267539816926,1,0
28,4,t320,1010,1010,0010,-0.2016226202249527,-1.708898901939392,1.5072762817144394,0.8174052077846109,1,0
28,5,x1,1110,1110,1010,-0.000978336320258677,-7.378471374511719,7.37749303819146,0.9990226658458148,1,0
28,6,c02,1100,1100,1110,-0.0006572636775672436,-7.4400529861450195,7.439395722467452,0.9993490817093028,1,0
28,7,c23,1100,1100,1101,-0.07892336696386337,-2.578923463821411,2.5000000968575478,0.9241113348910627,1,0
28,8,c21,1100,1100,1000,-0.1427225023508072,-2.030225992202759,1.8875034898519516,0.8669948950495551,1,0
29,1,t312,0100,0100,0110,-1.1164143085479736,-1.7705750465393066,0.654160737991333,0.32782564546418513,1,0
29,2,s12,0010,0100,0100,-2.1087660789489746,-0.4866584241390228,-1.6221076548099518,0.12138822888526227,0,0
29,3,s21,0100,0010,0010,-1.51285719871521,-0.3323681652545929,-1.180489033460617,0.2202812361348436,0,0
29,4,t230,0100,0100,1100,-0.38773271441459656,-1.139538288116455,0.7518055737018585,0.6786357369051449,1,0
29,5,t130,0100,0100,1100,-0.0487174428999424,-3.049668073654175,3.0009506307542324,0.9524651038290578,1,0
29,6,t013,0100,0100,0101,-0.0014894730411469936,-7.251489639282227,7.25000016624108,0.9985200695511732,1,0
29,7,x2,0110,0110,0001,-0.00034950015833601356,-8.944124221801758,8.943774721643422,0.9996771945760673,1,0
29,8,t210,1110,0110,0110,-0.830752432346344,-0.5792109370231628,-0.25154149532318115,0.43572361839034673,0,0
30,1,t120,1110,0110,0110,-1.8052873611450195,-0.9714762568473816,-0.8338111042976379,0.1645117155441594,0,0
30,2,s21,1110,1110,1011,-0.9277613162994385,-1.5100514888763428,0.5822901725769043,0.39549664563655607,1,0
30,3,c10,0110,0110,1110,-0.5345882177352905,-0.9021662473678589,0.36757802963256836,0.5859527568992269,1,0
30,4,c01,0110,0110,0010,-0.027632668614387512,-4.347866058349609,4.320233389735222,0.9727505528357149,1,0
30,5,x2,0100,0100,0101,-0.0023998175747692585,-7.252399921417236,7.250000103842467,0.9976182890205167,1,0
30,6,s20,0100,1100,1100,-0.9757212996482849,-0.4864998459815979,-0.489221453666687,0.3769270269823192,0,0
30,7,x1,0000,0000,0110,-0.0014430710580199957,-6.660070419311523,6.658627348253503,0.9985795770412836,1,0
30,8,s10,0000,0000,1000,-0.14350441098213196,-2.0182363986968994,1.8747319877147675,0.8663214440707273,1,0
31,1,t012,0011,0011,0111,-0.7642623782157898,-2.565180778503418,1.8009184002876282,0.4659749777869247,1,0
31,2,t310,0011,0011,1011,-0.5762912631034851,-0.8366425037384033,0.2603512406349182,0.5619857890898007,1,0
31,3,t320,1011,0011,0011,-0.8303006291389465,-0.5760469436645508,-0.25425368547439575,0.43592306099514844,0,0
31,4,x1,1111,1111,0111,-0.0005893808556720614,-8.261361122131348,8.260771741275676,0.9994405600333937,1,0
31,5,t203,1110,1110,1111,-0.005425425246357918,-5.380425453186035,5.375000027939677,0.994614467430327,1,0
31,6,s01,1110,1110,0110,-0.4765538275241852,-1.179674506187439,0.7031206786632538,0.6209255558916783,1,0
31,7,t230,1110,1110,0110,-0.5759921669960022,-0.8278971910476685,0.25190502405166626,0.5621519398456235,1,0
31,8,x0,0110,0110,1110,-0.014580843970179558,-4.391010284423828,4.376429440453649,0.9875035198927102,1,0
32,1,x1,1000,1000,1110,-1.2911262512207031,-1.987840175628662,0.696713924407959,0.275056720050755,1,0
32,2,x0,0000,0000,0001,-0.4205225706100464,-1.2955224514007568,0.8749998807907104,0.6567429092609771,1,0
32,3,s13,0000,0000,0100,-0.2374064177274704,-1.61326003074646,1.3758536130189896,0.7886742998445794,1,0
32,4,x0,1000,1000,0100,-0.0046728369779884815,-5.855093955993652,5.850421119015664,0.9953821649527365,1,0
32,5,s23,1000,1000,1010,-0.1052461713552475,-2.4661574363708496,2.360911265015602,0.9001130246598705,1,0
32,6,t102,1000,1000,1010,-0.0010563760297372937,-6.876104831695557,6.875048455665819,0.9989446306719001,1,0
32,7,x0,0000,0000,1100,-0.1021396592259407,-2.983724594116211,2.8815849348902702,0.9029041936798465,1,0
32,8,c32,0000,0000,0010,-0.10153753310441971,-2.351414203643799,2.249876670539379,0.9034490910356726,1,0
33,1,s02,0011,1001,1001,-2.532140016555786,-1.5753968954086304,-0.9567431211471558,0.07951894996985158,0,0
33,2,c02,0011,0011,0000,-0.7967373728752136,-2.209868907928467,1.4131315350532532,0.451012062076834,1,0
33,3,t301,0011,0011,0111,-0.010417958721518517,-5.7128777503967285,5.70245979167521,0.9896525792894854,1,0
33,4,s10,0011,0011,1010,-0.39215871691703796,-1.5645092725753784,1.1723505556583405,0.6756096372605231,1,0
33,5,c02,0011,0011,0001,-0.004368416033685207,-5.505985736846924,5.501617320813239,0.9956423108458345,1,0
33,6,t021,0011,0011,1011,-0.001558719901368022,-6.753150463104248,6.75159174320288,0.998445110221865,1,0
33,7,x2,0001,0001,0010,-0.0009005340398289263,-8.043895721435547,8.042995187395718,0.9991045325656925,1,0
33,8,c32,0011,0011,0001,-0.18105961382389069,-1.8057748079299927,1.624715194106102,0.8343877573160802,1,0
34,1,s23,1100,1100,1110,-1.4043362140655518,-1.592988133430481,0.1886519193649292,0.24569394248602142,1,0
34,2,t013,1101,1100,1100,-1.3186519145965576,-0.4436520040035248,-0.8749999105930328,0.2675472846614557,0,0
34,3,t102,1111,1111,1101,-0.5733010768890381,-1.622700810432434,1.049399733543396,0.5637141131588684,1,0
34,4,s21,1111,1111,1011,-0.6657118201255798,-1.1197338104248047,0.45402199029922485,0.5139231198788724,1,0
34,5,c20,0111,0111,1111,-0.3193623721599579,-1.3228397369384766,1.0034773647785187,0.726668843032673,1,0
34,6,t012,0111,0111,0011,-0.050154879689216614,-4.271471977233887,4.22131709754467,0.9510862327327423,1,0
34,7,x2,0101,0101,1101,-0.03918016329407692,-4.298262596130371,4.259082432836294,0.9615955863570074,1,0
34,8,t132,0111,0111,0101,-0.1982915997505188,-1.8268194198608398,1.628527820110321,0.8201391940997297,1,0
35,1,x2,0110,0110,0101,-1.2895784378051758,-2.09012508392334,0.8005466461181641,0.27585946286826757,1,0
35,2,t312,0110,0110,0100,-0.5776716470718384,-1.2264927625656128,0.6488211154937744,0.5613492822635007,1,0
35,3,c30,0110,1110,1110,-0.9770022630691528,-0.481088787317276,-0.49591347575187683,0.3764908205585846,0,0
35,4,t032,0110,0110,0100,-0.012949403375387192,-4.390737533569336,4.377788130193949,0.9871377117237259,1,0
35,5,x0,1110,1110,0110,-0.004488897509872913,-5.772575855255127,5.768086957745254,0.9966857033607986,1,0
35,6,s20,1110,1110,0110,-0.5846882462501526,-1.409562587738037,0.8248743414878845,0.5572811541945378,1,0
35,7,s03,0111,0111,1110,-0.7557754516601562,-0.8263760805130005,0.07060062885284424,0.4696484201483745,1,0
35,8,c02,0111,0111,0110,-0.0036558853462338448,-6.253655433654785,6.249999548308551,0.9963512854951873,1,0
36,1,s20,0001,0001,1000,-1.408913493156433,-2.334779739379883,0.9258662462234497,0.24450339425336862,1,0
36,2,x1,0101,0101,0011,-0.08145750313997269,-2.944972276687622,2.8635147735476494,0.921860556422697,1,0
36,3,c23,0101,0100,0100,-0.6981824040412903,-0.6981824040412903,0.0,0.4975166007455952,0,1
36,4,s32,0110,0110,0101,-0.26932626962661743,-1.839032530784607,1.5697062611579895,0.7638946940291114,1,0
36,5,x0,1110,1110,0110,-0.012000073678791523,-4.827298164367676,4.815298090688884,0.9891002088694371,1,0
36,6,c23,1111,1111,1110,-0.35052672028541565,-1.2255266904830933,0.8749999701976776,0.704319869834255,1,0
36,7,s30,1111,1111,0111,-0.6329612135887146,-0.7609024047851562,0.12794119119644165,0.5310195029348632,1,0
36,8,t132,1101,1101,1111,-0.349589467048645,-1.2330365180969238,0.8834470510482788,0.7049812837210746,1,0
37,1,x2,1100,1100,0000,-1.0608505010604858,-2.873321056365967,1.812470555305481,0.34646109644245093,1,0
37,2,c03,1101,1101,1100,-0.2923222780227661,-1.7923221588134766,1.4999998807907104,0.746608575011466,1,0
37,3,c31,1001,1101,1101,-0.8359546661376953,-0.5831289291381836,-0.2528257369995117,0.4334691617058062,0,0
37,4,t321,1001,1001,1101,-0.16144898533821106,-1.919014573097229,1.757565587759018,0.8509132446409465,1,0
37,5,s21,1001,1100,1100,-0.7665635347366333,-0.6398396492004395,-0.12672388553619385,0.4646078786885451,0,0
37,6,c23,1001,1001,1000,-0.3134406805038452,-1.3134406805038452,1.0,0.7309291343143235,1,0
37,7,c31,1101,1101,1001,-0.6327390074729919,-0.7576165795326233,0.12487757205963135,0.5311352383253694,1,0
37,8,x3,1100,1100,1101,-6.890199438203126e-05,-10.375067710876465,10.374998808882083,0.9999411746095984,1,0
38,1,s03,1010,0011,0011,-2.6184000968933105,-1.2137370109558105,-1.4046630859375,0.07293995296473299,0,0
38,2,t103,1010,1010,1011,-1.000656008720398,-1.500656008720398,0.5,0.367912257954299,1,0
38,3,t031,1010,1110,1110,-1.4211630821228027,-0.305316299200058,-1.1158467829227448,0.241436982866535,0,0
38,4,c03,1011,1011,1010,-0.0163243617862463,-4.141324043273926,4.1249996814876795,0.9838121612280338,1,0
38,5,t102,1011,1011,1001,-0.0635334849357605,-2.813218116760254,2.7496846318244934,0.9384446432778699,1,0
38,6,t013,1011,1011,1010,-0.02399253472685814,-3.7739925384521484,3.7500000037252903,0.9762943867676374,1,0
38,7,s32,1011,1011,1001,-0.6096604466438293,-0.8264454007148743,0.21678495407104492,0.5435361495442679,1,0
38,8,t201,1111,1111,1011,-0.10038133710622787,-2.350322961807251,2.249941624701023,0.904492769291819,1,0
39,1,c01,0101,0101,0001,-0.8929678797721863,-2.34110689163208,1.4481390118598938,0.40962254440958334,1,0
39,2,x0,1101,1101,1100,-0.03595804423093796,-4.1609578132629395,4.1249997690320015,0.9651590520727302,1,0
39,3,t102,1111,1111,1101,-0.09484999626874924,-2.593829870223999,2.49897987395525,0.9095378858236501,1,0
39,4,c32,1101,1101,1111,-0.0032761229667812586,-6.255129814147949,6.251853691181168,0.9967335432444671,1,0
39,5,t230,1101,0101,0101,-1.3136999607086182,-0.3197772800922394,-0.9939226806163788,0.2688345379617472,0,0
39,6,c31,1001,1101,1101,-1.7018563747406006,-0.20173850655555725,-1.5001178681850433,0.18234505910461787,0,0
39,7,x3,1000,1000,1001,-0.029787003993988037,-3.5297868251800537,3.4999998211860657,0.9706581197814916,1,0
39,8,x2,1010,1010,1001,-0.0004518380155786872,-7.815000057220459,7.81454821920488,0.999553134851866,1,0
40,1,s21,1010,1100,1100,-2.3802661895751953,-1.3652254343032837,-1.0150407552719116,0.09255196031418476,0,0
40,2,s02,1010,1010,0011,-1.4439268112182617,-2.2286834716796875,0.7847566604614258,0.23603739454808242,1,0
40,3,x2,1000,1000,1011,-0.5204273462295532,-2.4637715816497803,1.943344235420227,0.5944585035184984,1,0
40,4,x3,1001,1001,1010,-0.020128481090068817,-5.460986614227295,5.440858133137226,0.9801970784041905,1,0
40,5,s10,0101,1001,1001,-1.1701444387435913,-0.8724271655082703,-0.29771727323532104,0.31032507273644777,0,0
40,6,s32,0110,0101,0101,-1.1283886432647705,-1.1270947456359863,-0.0012938976287841797,0.3235803027879365,0,0
40,7,x2,0100,0100,1100,-0.046211108565330505,-5.031325817108154,4.985114708542824,0.9548844637160036,1,0
40,8,x3,0101,0101,0100,-0.00663201417773962,-6.256632328033447,6.250000313855708,0.993397594446003,1,0
41,1,t013,0010,0010,0011,-0.6403366327285767,-2.640336751937866,2.0000001192092896,0.5279164551456693,1,0
41,2,x1,0110,0110,0010,-0.03919390216469765,-3.9761900901794434,3.9369961880147457,0.9615778482871435,1,0
41,3,t013,0110,0110,0111,-0.003084583906456828,-6.753084182739258,6.749999598832801,0.9969243273354103,1,0
41,4,s30,0110,0110,1110,-0.8268982172012329,-1.009030818939209,0.18213260173797607,0.4374124441455658,1,0
41,5,c21,0010,0010,0110,-0.6327852010726929,-0.7577695846557617,0.12498438358306885,0.5311108112558992,1,0
41,6,c31,0010,0010,0110,-0.47431254386901855,-0.9744194149971008,0.5001068711280823,0.6223138178039894,1,0
41,7,x2,0000,0000,0001,-0.0006617192993871868,-7.625661373138428,7.6249996538390405,0.9993410099444949,1,0
41,8,c12,0000,0000,0010,-0.018172964453697205,-4.018165111541748,3.999992147088051,0.9819914068753769,1,0
42,1,c20,0010,1010,1010,-1.7369270324707031,-1.3003263473510742,-0.4366006851196289,0.17612894344682242,0,0
42,2,c21,0110,0010,0010,-0.9527793526649475,-0.7541834115982056,-0.19859594106674194,0.38569090399859474,0,0
42,3,x1,0010,0010,0100,-0.017995867878198624,-4.596834182739258,4.578838314861059,0.9822038090875397,1,0
42,4,x3,0011,0011,0001,-0.0029184455052018166,-7.726921558380127,7.724003112874925,0.997091481632924,1,0
42,5,t310,0011,0011,1011,-0.313361257314682,-1.3157248497009277,1.0023635923862457,0.730989668130327,1,0
42,6,t102,0011,0011,0001,-0.019436119124293327,-4.01984977722168,4.000413658097386,0.9807581015433415,1,0
42,7,s31,0110,0110,0011,-0.3568377196788788,-1.225180983543396,0.8683432638645172,0.6998876569540943,1,0
42,8,c20,1110,1110,0110,-0.3135416805744171,-1.3137556314468384,1.0002139508724213,0.7309080719036768,1,0
43,1,x3,1010,1010,1000,-0.8284716010093689,-2.942819833755493,2.1143482327461243,0.4373722683539874,1,0
43,2,c30,1010,1010,0010,-0.6023186445236206,-0.9840407967567444,0.3817221522331238,0.5475577560481227,1,0
43,3,t201,1110,1010,1010,-3.16831374168396,-0.055452339351177216,-3.1128614023327827,0.042074846186755055,0,0
43,4,s13,1011,1110,1110,-0.9035152792930603,-0.5858720541000366,-0.3176432251930237,0.40514815527334747,0,0
43,5,t203,1010,1011,1011,-0.7597838640213013,-0.6347838640213013,-0.125,0.46778489686465624,0,0
43,6,x0,0010,0010,1010,-0.039387255907058716,-3.4272477626800537,3.387860506772995,0.9614366345566057,1,0
43,7,t210,0010,0010,1010,-0.5761146545410156,-0.8302420377731323,0.2541273832321167,0.5620923350803643,1,0
43,8,t210,0010,0010,1010,-0.029764262959361076,-3.530538320541382,3.5007740575820208,0.9706776208256095,1,0
44,1,s20,1111,0111,0111,-1.7076634168624878,-1.6730467081069946,-0.034616708755493164,0.18135419346296888,0,0
44,2,t210,0111,0111,1111,-1.0589332580566406,-1.1517794132232666,0.09284615516662598,0.3469600380158157,1,0
44,3,s01,1011,0111,0111,-1.35431969165802,-1.1759693622589111,-0.1783503293991089,0.2581387732538832,0,0
44,4,c20,0011,0011,1011,-0.8769723773002625,-0.9040243625640869,0.027051985263824463,0.4160810733568388,1,0
44,5,c23,0010,0010,0011,-0.6122534275054932,-0.8622534275054932,0.25,0.5421921968635822,1,0
44,6,s23,0001,0001,0010,-0.5094479918479919,-1.0935999155044556,0.5841519236564636,0.6008392310793257,1,0
44,7,s01,0001,0001,1001,-0.7046751379966736,-1.2827370166778564,0.5780618786811829,0.4942849412241397,1,0
44,8,x0,1001,1001,0001,-0.021056558936834335,-4.920576095581055,4.89951953664422,0.9793253262131195,1,0
45,1,t203,0001,0001,0011,-0.6830852031707764,-2.7149744033813477,2.0318892002105713,0.5064766016237715,1,0
45,2,x3,0000,0000,1000,-0.007042967714369297,-6.629083156585693,6.622040188871324,0.9929982902327321,1,0
45,3,c32,0000,0000,0010,-0.06268984079360962,-2.812187910079956,2.7494980692863464,0.9392354206435712,1,0
45,4,x1,0100,0100,0000,-0.0032069196458905935,-5.753542900085449,5.750335980439559,0.9967997119885933,1,0
45,5,t103,0100,0100,0101,-0.0020339693874120712,-7.3770341873168945,7.3750002179294825,0.9979755782622527,1,0
45,6,s02,0100,0100,1100,-0.38781043887138367,-1.2804417610168457,0.892631322145462,0.6785461510881985,1,0
45,7,t012,0100,0100,0000,-0.00020002368546556681,-9.440373420715332,9.440173397029866,0.9998004202692521,1,0
45,8,x3,0101,0101,0100,-0.0005154851241968572,-7.750515460968018,7.749999975843821,0.9994847468484739,1,0
46,1,s20,0111,1101,1101,-2.553764581680298,-1.6188344955444336,-0.9349300861358643,0.07780554455629236,0,0
46,2,t201,0111,0111,0011,-1.2789301872253418,-2.177246332168579,0.8983161449432373,0.2783820875692212,1,0
46,3,t120,1111,1111,0111,-0.521496057510376,-1.1469485759735107,0.6254525184631348,0.5936521134794503,1,0
46,4,t132,1101,1101,1111,-0.24001947045326233,-1.669098138809204,1.4290786683559418,0.7869079907592115,1,0
46,5,x2,1111,1111,1110,-0.0018290674779564142,-8.12682819366455,8.124999126186594,0.9982662737127295,1,0
46,6,x3,1110,1110,1101,-0.00042755500180646777,-9.016457557678223,9.016030002676416,0.9996011493150595,1,0
46,7,c03,1111,1111,1110,-0.004857235588133335,-5.879857063293457,5.874999827705324,0.9951585158027457,1,0
46,8,c21,1011,1111,1111,-1.1379104852676392,-0.38912996649742126,-0.7487805187702179,0.3204884418921677,0,0
47,1,c21,1101,1101,1001,-1.4468255043029785,-1.553758978843689,0.10693347454071045,0.2353946532975934,1,0
47,2,t201,1101,1101,1001,-0.36206790804862976,-1.3654839992523193,1.0034160912036896,0.6962554261771917,1,0
47,3,t310,0101,1101,1101,-0.7017098069190979,-0.6933029890060425,-0.00840681791305542,0.4957538443164201,0,0
47,4,s31,0101,0101,0011,-0.5972853899002075,-1.3538494110107422,0.7565640211105347,0.5503100262569759,1,0
47,5,c10,1101,1101,0101,-0.06231962516903877,-2.8123462200164795,2.7500265948474407,0.9396279882632163,1,0
47,6,c03,1100,1100,1101,-0.06517273187637329,-2.9401726722717285,2.8749999403953552,0.936978326247693,1,0
47,7,x0,0100,0100,1100,-0.10823436826467514,-2.450039863586426,2.3418054953217506,0.9009733117596769,1,0
47,8,s32,0100,0100,0110,-0.5047419667243958,-0.9750664830207825,0.4703245162963867,0.6036620614122662,1,0
48,1,s13,0000,0000,0100,-1.281757116317749,-1.678718090057373,0.396960973739624,0.27769125431653735,1,0
48,2,s13,0000,0000,0100,-0.1909070611000061,-1.8161792755126953,1.6252722144126892,0.8262146516711918,1,0
48,3,x3,0001,0001,1000,-0.005276534240692854,-6.993874549865723,6.98859801562503,0.9948647954660034,1,0
48,4,s13,0100,0001,0001,-0.7033399939537048,-0.6939515471458435,-0.009388446807861328,0.4949309221546119,0,0
48,5,s13,0001,0100,0100,-1.2958853244781494,-0.8686524629592896,-0.42723286151885986,0.27367250394368164,0,0
48,6,c31,0101,0101,0001,-0.881716787815094,-0.9452146291732788,0.06349784135818481,0.414156831281888,1,0
48,7,s03,1100,1100,0101,-0.6079645752906799,-0.9713407754898071,0.3633762001991272,0.5444741344580604,1,0
48,8,c32,1100,1110,1110,-0.7555462718009949,-0.7285503149032593,-0.026995956897735596,0.46988843304043526,0,0
49,1,s12,0001,0001,0100,-1.389230489730835,-2.087669849395752,0.698439359664917,0.2493507970210658,1,0
49,2,s20,0001,0001,1000,-0.7115695476531982,-1.349419116973877,0.6378495693206787,0.4908892310641925,1,0
49,3,c20,0001,0001,1001,-0.4743533134460449,-0.9811050891876221,0.5067517757415771,0.6223108072043497,1,0
49,4,t032,0001,0001,0011,-0.0009504614863544703,-7.402217388153076,7.401266926666722,0.9990562291572579,1,0
49,5,s21,0001,0001,0100,-0.16556571424007416,-1.9103399515151978,1.7447742372751236,0.8474184757384713,1,0
49,6,c21,0001,0001,0101,-0.20146523416042328,-1.7015122175216675,1.5000469833612442,0.8175333506131571,1,0
49,7,s12,0001,0001,0101,-0.016371674835681915,-4.164541244506836,4.148169569671154,0.9837618891650654,1,0
49,8,c30,1001,0001,0001,-1.3133249282836914,-0.313282310962677,-1.0000426173210144,0.26892905101046877,0,0
50,1,t302,0100,0100,0110,-1.1326348781585693,-1.803101897239685,0.6704670190811157,0.3226825310418278,1,0
50,2,t012,0100,0100,1100,-0.012150977738201618,-6.615456581115723,6.603305603377521,0.9879321409490988,1,0
50,3,c13,0101,0100,0100,-1.808907389640808,-0.18390744924545288,-1.6249999403953552,0.16383362417423747,0,0
50,4,c03,0101,0101,0100,-0.03404878079891205,-3.4090487957000732,3.375000014901161,0.9665253682860647,1,0
50,5,x3,0100,0100,0111,-0.0004118210345041007,-8.131336212158203,8.130924391123699,0.9995917613520632,1,0
50,6,c13,0101,0100,0100,-3.7733876705169678,-0.023388013243675232,-3.7499996572732925,0.02297410683968288,0,0
50,7,t201,0101,0101,0001,-0.003052562940865755,-6.760931015014648,6.757878452073783,0.9969587413393264,1,0
50,8,x3,0100,0100,0001,-6.87830033712089e-05,-11.607236862182617,11.607168079179246,0.999955055792962,1,0
51,1,t130,1001,1001,0001,-1.0916318893432617,-2.3311054706573486,1.239473581314087,0.33581706108133313,1,0
51,2,x1,1101,1101,0000,-0.019964514300227165,-5.9766154289245605,5.956650914624333,0.9802575085270679,1,0
51,3,x0,0101,0101,1101,-0.0348203219473362,-3.7668678760528564,3.7320475541055202,0.9659026353347926,1,0
51,4,c02,0101,0101,0111,-0.03234051540493965,-3.858044147491455,3.8257036320865154,0.9681778615100094,1,0
51,5,t302,0101,0101,0111,-0.3573187291622162,-1.2334372997283936,0.8761185705661774,0.6995535901821506,1,0
51,6,s30,1100,1100,0101,-0.39427390694618225,-1.1382431983947754,0.7439692914485931,0.6741768814676281,1,0
51,7,x1,1000,1000,0100,-0.004114088602364063,-6.755418300628662,6.751304212026298,0.9958997978820588,1,0
51,8,c31,1000,1000,1100,-0.04876492917537689,-3.048807382583618,3.0000424534082413,0.9524125352575226,1,0
52,1,c32,1010,1010,1000,-1.302588939666748,-1.9633996486663818,0.6608107089996338,0.27203622021854607,1,0
52,2,t312,1010,1010,1001,-0.043688349425792694,-4.425955772399902,4.38226742297411,0.9572889558774129,1,0
52,3,x0,0010,0010,1010,-0.008815948851406574,-5.094003677368164,5.0851877285167575,0.9915770290452314,1,0
52,4,c12,0010,0010,0000,-0.14269082248210907,-2.060685873031616,1.9179950505495071,0.8670220920037246,1,0
52,5,c30,0010,0010,1010,-0.12699057161808014,-2.127183437347412,2.000192865729332,0.8807625919538026,1,0
52,6,t203,0010,0010,0011,-9.810666961129755e-05,-9.62509822845459,9.625000121784979,0.9999021205029277,1,0
52,7,x0,1010,1010,0010,-0.002782990923151374,-6.138930797576904,6.136147806653753,0.997776862199007,1,0
52,8,t310,1010,1010,0010,-0.011118778958916664,-4.512266159057617,4.5011473800987005,0.9889436611067896,1,0
53,1,t021,1101,1101,1001,-1.5973715782165527,-2.077470302581787,0.4800987243652344,0.20249451162117707,1,0
53,2,s03,1101,1101,0101,-0.7933521270751953,-1.4241575002670288,0.6308053731918335,0.4523450502503964,1,0
53,3,c31,1001,1101,1101,-0.898593544960022,-0.5236583948135376,-0.3749351501464844,0.4071443852144187,0,0
53,4,t213,1001,1001,1000,-0.0018440231215208769,-6.37684440612793,6.375000383006409,0.9981598111400083,1,0
53,5,x1,1101,1101,1100,-0.00013124654651619494,-10.000131607055664,10.000000360509148,0.9998691131827314,1,0
53,6,t312,1111,1111,1101,-0.12706521153450012,-2.1270763874053955,2.0000111758708954,0.8806837978463479,1,0
53,7,t321,1011,1111,1111,-0.9740921854972839,-0.4741818308830261,-0.4999103546142578,0.3775352617124864,0,0
53,8,c23,1010,1010,1011,-0.026624632999300957,-3.6516244411468506,3.6249998081475496,0.9737297592797162,1,0
54,1,x1,0001,0001,0111,-1.1558563709259033,-2.1437392234802246,0.9878828525543213,0.31496848797720806,1,0
54,2,s21,0001,0001,0100,-0.5872378945350647,-1.4200204610824585,0.8327825665473938,0.5558751058615282,1,0
54,3,c20,0001,1001,1001,-0.8267736434936523,-0.5788453221321106,-0.24792832136154175,0.4374767975397211,0,0
54,4,x2,0011,0011,0001,-0.0003802475403062999,-9.632933616638184,9.632553369097877,0.9996250237961285,1,0
54,5,x3,0010,0010,1010,-0.0004114516777917743,-9.562695503234863,9.562284051557072,0.9995974998899966,1,0
54,6,t103,0010,0010,0011,-0.00024519895669072866,-8.750245094299316,8.749999895342626,0.9997584306905056,1,0
54,7,x0,1010,1010,0010,-0.004129436332732439,-7.129613399505615,7.125483963172883,0.9991186268546495,1,0
54,8,s12,1100,1100,1010,-0.4032505452632904,-1.2071441411972046,0.8038935959339142,0.6681449334274586,1,0
55,1,x1,0111,0111,0001,-1.3077211380004883,-1.9811351299285889,0.6734139919281006,0.27053308429404477,1,0
55,2,x1,0011,0011,1000,-0.17312146723270416,-3.5329248905181885,3.3598034232854843,0.8410831005202034,1,0
55,3,x3,0010,0010,1010,-0.0029818422626703978,-7.779871940612793,7.776890098350123,0.9970391062550907,1,0
55,4,x1,0110,0110,0010,-0.005490872077643871,-5.260383129119873,5.254892257042229,0.994525589173716,1,0
55,5,c31,0110,0110,0010,-0.31461742520332336,-1.3161890506744385,1.0015716254711151,0.7300706770442473,1,0
55,6,c30,0110,1110,1110,-0.8261395692825317,-0.5762959718704224,-0.24984359741210938,0.4377501776762092,0,0
55,7,x3,0111,0111,0110,-0.00026152649661526084,-8.625261306762695,8.62499978026608,0.999740227628524,1,0
55,8,s10,1011,0111,0111,-0.8261269330978394,-0.6980407238006592,-0.12808620929718018,0.437771313607565,0,0
56,1,x0,1101,1101,0101,-1.1016733646392822,-2.3239176273345947,1.2222442626953125,0.33243048978212114,1,0
56,2,t201,1101,1101,1001,-0.6519064903259277,-1.0449477434158325,0.3930412530899048,0.5210766331960104,1,0
56,3,c21,1101,1101,1001,-0.533348023891449,-0.9001327753067017,0.3667847514152527,0.5866707830182989,1,0
56,4,x1,1001,1001,1111,-0.0032265884801745415,-5.7764763832092285,5.773249794729054,0.9967836906343087,1,0
56,5,c10,1001,1001,0001,-0.06202254816889763,-2.8122453689575195,2.750222820788622,0.9398620582197175,1,0
56,6,c30,0001,1001,1001,-1.313397765159607,-0.3132721781730652,-1.0001255869865417,0.26890519196150103,0,0
56,7,t320,0001,0001,1001,-0.10023532807826996,-2.3511240482330322,2.2508887201547623,0.9046274774160881,1,0
56,8,c10,0001,0001,1001,-0.5759694576263428,-0.8262180685997009,0.25024861097335815,0.5621662056481022,1,0
57,1,t210,1010,1010,0010,-1.1765307188034058,-2.37615966796875,1.1996289491653442,0.30847030938363235,1,0
57,2,s01,0110,1010,1010,-1.4144080877304077,-0.603614866733551,-0.8107932209968567,0.24307405120889392,0,0
57,3,t301,0110,0110,1110,-0.025211557745933533,-4.500174522399902,4.474962964653969,0.975111250217394,1,0
57,4,x0,1110,1110,0110,-0.008190827444195747,-5.085334777832031,5.0771439503878355,0.9923243180598625,1,0
57,5,t312,1110,1100,1100,-0.9748325347900391,-0.47498831152915955,-0.4998442232608795,0.3772575990406838,0,0
57,6,t203,1111,1111,1110,-0.06220744922757149,-2.8122072219848633,2.749999772757292,0.9396896097910875,1,0
57,7,t210,0111,0111,1111,-0.313398152589798,-1.3134799003601074,1.0000817477703094,0.7309693962590582,1,0
57,8,x2,0101,0101,1101,-0.0004400789039209485,-8.538128852844238,8.537688773940317,0.9995633721890325,1,0
58,1,x2,1001,1001,1000,-1.294339895248413,-2.419339656829834,1.124999761581421,0.2743033801821522,1,0
58,2,t120,1001,1001,0001,-0.40846914052963257,-2.0268704891204834,1.6184013485908508,0.6646776646956939,1,0
58,3,s31,1100,1100,1001,-0.835540771484375,-0.9637751579284668,0.1282343864440918,0.4336483822165026,1,0
58,4,s31,1001,1100,1100,-1.3700801134109497,-0.4348490834236145,-0.9352310299873352,0.25408839235247543,0,0
58,5,x1,1101,1101,1100,-0.007639354094862938,-5.132639408111572,5.125000054016709,0.992393101788241,1,0
58,6,x1,1001,1001,1111,-0.014571676030755043,-5.266490459442139,5.251918783411384,0.9855348716647353,1,0
58,7,t312,1001,1001,1011,-0.038186922669410706,-4.290656089782715,4.252469167113304,0.9625449839760052,1,0
58,8,x2,1011,1011,1000,-0.0036775285843759775,-5.694491863250732,5.6908143346663564,0.9963425322801628,1,0
59,1,c12,0101,0101,0111,-1.6074440479278564,-1.7331018447875977,0.1256577968597412,0.20064348139520685,1,0
59,2,s02,0101,0101,1101,-0.8970735669136047,-1.06475830078125,0.16768473386764526,0.4077783465507061,1,0
59,3,s21,0011,0101,0101,-1.2604994773864746,-0.5974879264831543,-0.6630115509033203,0.2835160607694165,0,0
59,4,c30,1011,1011,0011,-0.3134760558605194,-1.4162343740463257,1.1027583181858063,0.730946712522467,1,0
59,5,s21,1101,1101,1011,-0.4701681137084961,-1.8458738327026367,1.3757057189941406,0.6249147189184656,1,0
59,6,s31,1101,1101,1011,-0.7123403549194336,-1.9353139400482178,1.2229735851287842,0.4905367289428704,1,0
59,7,c31,1001,1001,1101,-0.6487356424331665,-0.7722309827804565,0.12349534034729004,0.5227114310826309,1,0
59,8,s01,0101,1001,1001,-1.2879141569137573,-1.250881314277649,-0.0370328426361084,0.2758472457002409,0,0
60,1,s20,1101,0111,0111,-2.5011749267578125,-1.6002721786499023,-0.9009027481079102,0.08200777882891652,0,0
60,2,c20,1101,1101,0101,-1.9660930633544922,-2.105745553970337,0.13965249061584473,0.14005756208219827,1,0
60,3,x1,1001,1001,1111,-0.026240788400173187,-4.4553632736206055,4.429122485220432,0.9742113756705064,1,0
60,4,x1,1101,1101,1001,-0.009864194318652153,-5.456277847290039,5.446413652971387,0.9901868100938725,1,0
60,5,c31,1001,1101,1101,-0.9742635488510132,-0.47424182295799255,-0.5000217258930206,0.3774725009198346,0,0
60,6,s32,1010,1001,1001,-1.403220534324646,-0.4634208083152771,-0.9397997260093689,0.24580453650056847,0,0
60,7,s32,1001,1010,1010,-4.426912307739258,-0.016056232154369354,-4.4108560755848885,0.011951338461706472,0,0
60,8,t013,1001,1001,1100,-0.004024041350930929,-6.750426769256592,6.746402727905661,0.9959856200394871,1,0
61,1,s02,1110,0110,0110,-1.7624199390411377,-1.7192127704620361,-0.04320716857910156,0.1716973535482344,0,0
61,2,c03,1111,1111,1110,-0.3715965747833252,-2.996596574783325,2.625,0.6899361772267377,1,0
61,3,c31,1011,1111,1111,-0.7646346688270569,-0.6418773531913757,-0.12275731563568115,0.46553034340263955,0,0
61,4,t321,1111,1111,1011,-0.14526696503162384,-2.018343687057495,1.8730767220258713,0.8647941443196608,1,0
61,5,c03,1110,1110,0000,-0.004978969227522612,-7.2365922927856445,7.231613323558122,0.9951046792389167,1,0
61,6,s02,1110,1110,0111,-0.25925782322883606,-1.9393748044967651,1.680116981267929,0.7716292020443704,1,0
61,7,s23,1101,1110,1110,-1.5068808794021606,-0.3818812370300293,-1.1249996423721313,0.2216005459542669,0,0
61,8,s12,1011,1101,1101,-2.5265448093414307,-0.11009842902421951,-2.416446380317211,0.07993479589742547,0,0
62,1,t230,1001,1001,0001,-1.1675529479980469,-2.2294530868530273,1.0619001388549805,0.31130533627167367,1,0
62,2,x0,0001,0001,1100,-0.03435538709163666,-4.558538436889648,4.524183049798012,0.9663074355075519,1,0
62,3,x0,1001,1001,0001,-0.0014196776319295168,-7.020797252655029,7.0193775750231,0.998658564027806,1,0
62,4,t021,1001,1001,1101,-0.6933743953704834,-0.6946861147880554,0.0013117194175720215,0.4998898773100578,1,0
62,5,t132,1001,1001,1011,-0.16037748754024506,-1.9107495546340942,1.7503720670938492,0.8518233277564239,1,0
62,6,t103,1001,1001,1000,-0.012616261839866638,-4.38761568069458,4.374999418854713,0.9874658375238556,1,0
62,7,x1,1101,1101,1100,-8.761648496147245e-05,-9.62508773803711,9.625000121552148,0.9999130000361118,1,0
62,8,x0,0101,0101,1101,-0.0799151137471199,-2.6847221851348877,2.604807071387768,0.9240956479496415,1,0
63,1,s12,0001,0001,0100,-1.0570480823516846,-2.230858564376831,1.1738104820251465,0.3475667759496124,1,0
63,2,x1,0101,0101,0011,-0.12814107537269592,-2.743607521057129,2.615466445684433,0.8797941362829409,1,0
63,3,t301,0101,0101,1101,-0.013287968002259731,-5.699820518493652,5.686532550491393,0.986810614632337,1,0
63,4,t231,0101,0101,0001,-0.07947849482297897,-2.583155393600464,2.503676898777485,0.9236015101775084,1,0
63,5,t301,0101,0101,1001,-0.00297525548376143,-6.480958461761475,6.477983206277713,0.9970303221335416,1,0
63,6,x3,0100,0100,0001,-0.00021468522027134895,-10.232085227966309,10.231870542746037,0.9997886246574004,1,0
63,7,t321,0100,0100,0000,-0.02075105719268322,-4.352477550506592,4.331726493313909,0.9794657566716285,1,0
63,8,c20,0100,1100,1100,-0.9741652607917786,-0.4741970896720886,-0.49996817111968994,0.3775135516612617,0,0
64,1,s10,0000,0000,1000,-0.9226293563842773,-2.1008710861206055,1.1782417297363281,0.3999836861549638,1,0
64,2,s03,0000,0000,1000,-0.5889893770217896,-0.8601623773574829,0.27117300033569336,0.5548955427392164,1,0
64,3,s30,0000,0000,1000,-0.16040901839733124,-1.9108268022537231,1.750417783856392,0.8517968519147108,1,0
64,4,c01,0000,0000,0100,-0.00014340440975502133,-10.030220031738281,10.030076627328526,0.9998584274485108,1,0
64,5,c03,0000,0000,1000,-0.00029166945023462176,-9.338303565979004,9.33801189652877,0.9997140063017497,1,0
64,6,c30,0000,0000,1000,-0.061974503099918365,-2.8119826316833496,2.7500081285834312,0.9399090456312389,1,0
64,7,t031,0000,0000,1000,-1.823887760110665e-05,-11.005769729614258,11.005751490736657,0.9999820424178115,1,0
64,8,t013,0000,0000,1000,-0.00016723790031392127,-9.178935050964355,9.178767813064042,0.999833838105863,1,0
65,1,s23,1010,1001,1001,-2.0475730895996094,-1.3904240131378174,-0.657149076461792,0.1291835387182776,0,0
65,2,t203,1011,1010,1010,-0.9996968507766724,-0.6246968507766724,-0.375,0.3680669257523327,0,0
65,3,x1,1111,1111,1001,-0.06072729453444481,-4.01499080657959,3.954263512045145,0.9410936567498479,1,0
65,4,t321,1011,1111,1111,-1.1378179788589478,-0.3885106146335602,-0.7493073642253876,0.3205197127402201,0,0
65,5,s32,1011,1011,1001,-0.26237982511520386,-1.720508098602295,1.458128273487091,0.7692234122308936,1,0
65,6,c12,1011,1011,1001,-0.22898894548416138,-1.6030080318450928,1.3740190863609314,0.7953388235813557,1,0
65,7,c12,1011,1011,1001,-0.16267326474189758,-1.910733699798584,1.7480604350566864,0.8498692978602991,1,0
65,8,x0,0011,0011,1011,-0.010165694169700146,-4.639703750610352,4.629538056440651,0.9902690832492034,1,0
66,1,x0,1010,1010,0010,-1.0769963264465332,-2.0149660110473633,0.9379696846008301,0.340756603533158,1,0
66,2,t120,1010,1010,0010,-0.5284194946289062,-1.213459849357605,0.6850403547286987,0.5895650744343188,1,0
66,3,s32,1001,1010,1010,-1.3266044855117798,-0.4231601059436798,-0.9034443795681,0.265390152573999,0,0
66,4,c21,1001,1101,1101,-1.2248820066452026,-0.3508932590484619,-0.8739887475967407,0.29379547510564014,0,0
66,5,x2,1011,1011,1010,-0.00013672973727807403,-9.687637329101562,9.687500599364284,0.999872681122536,1,0
66,6,s02,1011,1011,0011,-0.4747854173183441,-0.9772994518280029,0.5025140345096588,0.6220201413256443,1,0
66,7,t310,1011,1011,0011,-0.16028551757335663,-1.9103151559829712,1.7500296384096146,0.8519027555042566,1,0
66,8,t301,1111,1111,1011,-0.10328194499015808,-2.4782700538635254,2.3749881088733673,0.9018733884068333,1,0
67,1,s30,1010,0011,0011,-2.422111749649048,-1.4840104579925537,-0.9381012916564941,0.08876231160785021,0,0
67,2,t120,1010,1010,0011,-1.1498138904571533,-2.3453826904296875,1.1955687999725342,0.31677843735321115,1,0
67,3,c13,1010,1010,1011,-0.08953163027763367,-2.589531660079956,2.5000000298023224,0.9144031275959937,1,0
67,4,x3,1011,1011,1010,-0.0009670538711361587,-7.125966548919678,7.124999495048542,0.9990349016089616,1,0
67,5,c03,1010,1010,1011,-0.009081518277525902,-4.7590813636779785,4.749999845400453,0.9909687213362692,1,0
67,6,s30,0011,1010,1010,-1.4261386394500732,-0.31520742177963257,-1.1109312176704407,0.24023622777817105,0,0
67,7,x0,1011,1011,0011,-0.02750982902944088,-4.174644470214844,4.147134641185403,0.9729542448458918,1,0
67,8,c20,0011,0011,1011,-0.2542419135570526,-1.5096021890640259,1.2553602755069733,0.7755229703577644,1,0
68,1,t023,0101,0101,0100,-0.8940114974975586,-2.1440114974975586,1.25,0.40982547604495856,1,0
68,2,x1,0001,0001,0111,-0.03398207575082779,-4.668452262878418,4.63447018712759,0.9666486220237659,1,0
68,3,x1,0101,0101,0011,-0.005774644203484058,-5.325581073760986,5.319806429557502,0.9942439795310446,1,0
68,4,s21,0011,0101,0101,-0.9145628213882446,-0.6360253691673279,-0.27853745222091675,0.40069249937046253,0,0
68,5,c23,0010,0010,0011,-0.5803227424621582,-0.8303227424621582,0.25,0.5597222051437808,1,0
68,6,s12,0100,0010,0010,-1.5328618288040161,-0.32256069779396057,-1.2103011310100555,0.21591747933193697,0,0
68,7,t213,0100,0100,0101,-0.0055167837999761105,-6.25551700592041,6.250000222120434,0.9945477450917929,1,0
68,8,t013,0100,0100,0101,-0.00047238176921382546,-8.375472068786621,8.374999687017407,0.9995295169726026,1,0
69,1,s20,1101,0111,0111,-2.5693697929382324,-1.4382572174072266,-1.1311125755310059,0.07660386237235323,0,0
69,2,c30,0101,0101,1101,-1.8768157958984375,-1.9362479448318481,0.059432148933410645,0.15313234153608826,1,0
69,3,x1,0001,0001,0111,-0.12887787818908691,-2.772279739379883,2.643401861190796,0.8792127907285134,1,0
69,4,c13,0001,0001,0000,-0.02255886420607567,-4.147558689117432,4.124999824911356,0.9777237001786401,1,0
69,5,c01,0001,0001,0000,-0.0005213762633502483,-9.000521659851074,9.000000283587724,0.9994822707545896,1,0
69,6,x3,0000,0000,0001,-0.00035270382068119943,-8.250351905822754,8.249999202002073,0.9996484170259814,1,0
69,7,s03,0000,0000,1000,-0.47454211115837097,-0.974621057510376,0.500078946352005,0.6221723960817152,1,0
69,8,x0,1000,1000,0000,-0.001973234349861741,-6.439526557922363,6.4375533235725015,0.9984004977182195,1,0
70,1,x1,0100,0100,0000,-1.1767581701278687,-1.967498779296875,0.7907406091690063,0.3084394857621461,1,0
70,2,t230,0100,0100,1100,-1.1579692363739014,-1.3866465091705322,0.22867727279663086,0.31420537393264025,1,0
70,3,x2,0110,0110,0101,-0.02427298203110695,-4.682739734649658,4.658466752618551,0.9760460346481702,1,0
70,4,c23,0111,0111,0110,-0.1869381219148636,-1.8119381666183472,1.6250000447034836,0.8295167800590513,1,0
70,5,t013,0111,0111,0110,-0.008579430170357227,-5.008579254150391,4.999999823980033,0.9914608843727021,1,0
70,6,t312,0101,0101,0111,-0.20592832565307617,-1.7197967767715454,1.5138684511184692,0.813898787267007,1,0
70,7,s02,0101,0101,1100,-0.9155598878860474,-1.1154041290283203,0.19984424114227295,0.4003037523825796,1,0
70,8,s12,0011,0101,0101,-0.9497246742248535,-0.5952547788619995,-0.354469895362854,0.3868487346462874,0,0
71,1,s10,1111,1111,0111,-1.4446702003479004,-1.8109914064407349,0.3663212060928345,0.2360840137693566,1,0
71,2,x2,1101,1101,0000,-0.12279794365167618,-4.079495429992676,3.9566974863409996,0.8847211174486813,1,0
71,3,t013,1100,1101,1101,-0.99001544713974,-0.4900153577327728,-0.5000000894069672,0.3715890489907203,0,0
71,4,c32,1100,1100,1110,-0.5510035753250122,-0.9007355570793152,0.349731981754303,0.5763728447184937,1,0
71,5,t023,1100,1100,1101,-0.07900788635015488,-2.579007863998413,2.499999977648258,0.9240335681744208,1,0
71,6,c32,1100,1100,1110,-0.4309069812297821,-1.053753137588501,0.6228461563587189,0.6499195737863467,1,0
71,7,s10,1100,1100,0100,-0.6334749460220337,-1.243372917175293,0.6098979711532593,0.5307508985006911,1,0
71,8,s01,1100,1100,0100,-0.4777562618255615,-1.5622496604919434,1.0844933986663818,0.6201776656655668,1,0
72,1,t132,0101,0111,0111,-1.9504218101501465,-1.2736701965332031,-0.6767516136169434,0.14235061694612455,0,0
72,2,c21,0101,0001,0001,-1.1145474910736084,-0.5341898202896118,-0.5803576707839966,0.3280877980084247,0,0
72,3,s02,0101,0101,1100,-0.8359584212303162,-0.8969054222106934,0.0609470009803772,0.43346536330106694,1,0
72,4,c13,0100,0101,0101,-1.0566599369049072,-0.4316600561141968,-0.6249998807907104,0.3476194966630771,0,0
72,5,x3,0101,0101,0100,-0.00019442333723418415,-9.25019359588623,9.249999172548996,0.9998065436516864,1,0
72,6,t102,0101,0101,0111,-0.06806208938360214,-2.821098566055298,2.7530364766716957,0.9342129847257369,1,0
72,7,s30,1100,1100,0101,-0.395109623670578,-1.1400487422943115,0.7449391186237335,0.673616978416723,1,0
72,8,x1,1000,1000,1001,-0.0010865150252357125,-7.876086711883545,7.875000196858309,0.9989275060733183,1,0
73,1,x0,1100,1100,0100,-1.1686865091323853,-2.293996810913086,1.1253103017807007,0.31092743351702606,1,0
73,2,c21,1100,1100,1000,-0.7803817391395569,-1.426252841949463,0.645871102809906,0.45834353427191965,1,0
73,3,x1,1000,1000,1110,-0.001632822910323739,-7.965273380279541,7.963640557369217,0.9984328447678396,1,0
73,4,x0,0000,0000,0001,-0.1589757204055786,-2.533975601196289,2.3749998807907104,0.853022582623802,1,0
73,5,s21,0000,0000,0100,-0.01620624214410782,-4.141088008880615,4.124881766736507,0.9839246568740345,1,0
73,6,c32,0000,0000,0010,-0.02981453761458397,-3.530038595199585,3.500224057585001,0.9706266631431313,1,0
73,7,x3,0001,0001,0000,-0.00012659541971515864,-9.250126838684082,9.250000243264367,0.9998736262665249,1,0
73,8,s13,0100,0100,0001,-0.5277742743492126,-0.898388147354126,0.37061387300491333,0.5899180574305124,1,0
74,1,c01,0000,0000,0100,-0.5642790794372559,-2.8105883598327637,2.246309280395508,0.569060788721749,1,0
74,2,c13,0000,0000,0001,-0.018054356798529625,-4.393054485321045,4.375000128522515,0.9821242425465008,1,0
74,3,s32,0000,0000,0010,-0.031689323484897614,-3.5302224159240723,3.4985330924391747,0.9688113806121298,1,0
74,4,t203,0000,0000,0001,-0.00019179668743163347,-8.875191688537598,8.874999891850166,0.9998135886787639,1,0
74,5,c01,0000,0000,1000,-1.7881324311019853e-05,-11.752028465270996,11.752010583946685,0.9999827368547881,1,0
74,6,x2,0010,0010,1000,-4.51796586276032e-05,-10.443979263305664,10.443934083647036,0.9999560686850772,1,0
74,7,x3,0011,0011,0010,-0.00017106047016568482,-9.875171661376953,9.875000600906787,0.9998313583384779,1,0
74,8,t302,0011,0011,0001,-0.0017634429968893528,-6.37680721282959,6.3750437698327005,0.9982383852614597,1,0
75,1,x3,1100,1100,1111,-1.1901966333389282,-2.1958518028259277,1.0056551694869995,0.30461219592885086,1,0
75,2,c32,1100,1110,1110,-0.7907077670097351,-0.7444387078285217,-0.04626905918121338,0.45353566380824806,0,0
75,3,x0,0100,0100,0101,-0.05025162920355797,-3.1752514839172363,3.1249998547136784,0.9518969137504307,1,0
75,4,s23,0100,0100,0110,-0.07585719227790833,-2.9369242191314697,2.8610670268535614,0.9269486641109879,1,0
75,5,c12,0110,0100,0100,-0.8261061906814575,-0.5760382413864136,-0.25006794929504395,0.4377508952444563,0,0
75,6,c20,1110,1110,0110,-0.3883286416530609,-1.1372321844100952,0.7489035427570343,0.6782206235273889,1,0
75,7,s31,1011,1110,1110,-1.2565993070602417,-0.4364875555038452,-0.8201117515563965,0.28462055001600206,0,0
75,8,x2,1001,1001,1010,-0.0003422291192691773,-8.627215385437012,8.626873156317743,0.9996645476721148,1,0
76,1,t213,1000,1000,1001,-0.7673908472061157,-2.142390727996826,1.3749998807907104,0.4653328629922335,1,0
76,2,t203,1000,1000,1001,-0.033799782395362854,-4.658799648284912,4.624999865889549,0.9668244364399433,1,0
76,3,s23,1000,1000,1010,-0.01622450165450573,-4.264557838439941,4.248333336785436,0.9839084106575934,1,0
76,4,s10,0100,1000,1000,-1.0621155500411987,-0.7580435276031494,-0.3040720224380493,0.3457266624575341,0,0
76,5,x3,0101,0101,1100,-0.002515614964067936,-6.711303234100342,6.708787619136274,0.9974893832871082,1,0
76,6,c21,0101,0001,0001,-0.7581121921539307,-0.6876266598701477,-0.07048553228378296,0.4685504412501152,0,0
76,7,s12,0011,0101,0101,-1.944370150566101,-0.16515709459781647,-1.7792130559682846,0.14307737879106439,0,0
76,8,x3,0010,0010,0001,-0.00012397425598464906,-9.511167526245117,9.511043551989133,0.9998798832047064,1,0
77,1,s21,0001,0001,0100,-1.1921401023864746,-2.276387929916382,1.0842478275299072,0.30369728531495793,1,0
77,2,s02,0001,0001,1000,-0.48480579257011414,-1.3299731016159058,0.8451673090457916,0.6158329776666968,1,0
77,3,t132,0001,0001,0011,-0.051187559962272644,-3.0541608333587646,3.002973273396492,0.9501367850522657,1,0
77,4,t302,0001,0001,0011,-0.002659695455804467,-6.128137588500977,6.125477893045172,0.9973536163524789,1,0
77,5,t203,0001,0001,0000,-0.00038417679024860263,-8.500384330749512,8.500000153959263,0.9996248771685917,1,0
77,6,c23,0001,0001,0000,-0.07902776449918747,-2.5790276527404785,2.499999888241291,0.9240175304728048,1,0
77,7,x3,0000,0000,0001,-0.008642653003334999,-4.758642673492432,4.750000020489097,0.9913955747426006,1,0
77,8,c01,0000,0000,0001,-0.00025425569037906826,-8.625253677368164,8.624999421677785,0.9997465315500863,1,0
78,1,t023,1000,1000,1001,-0.9561805725097656,-1.9561805725097656,1.0,0.3849934209138206,1,0
78,2,c21,1000,1000,1100,-0.10706360638141632,-2.358273983001709,2.2512103766202927,0.8985074790975394,1,0
78,3,t302,1000,1000,1010,-0.0003487700305413455,-8.250504493713379,8.250155723682838,0.9996562148920298,1,0
78,4,x2,1010,1010,1001,-0.00023922645777929574,-8.413280487060547,8.413041260602768,0.9997610743492331,1,0
78,5,s31,1010,1010,1110,-0.3874166011810303,-1.5239193439483643,1.136502742767334,0.678809091280386,1,0
78,6,c03,1011,1011,1010,-0.08904623985290527,-2.464046001434326,2.374999761581421,0.9148047510080255,1,0
78,7,s31,1110,1110,1101,-0.3385411500930786,-1.9572631120681763,1.6187219619750977,0.7128109450543786,1,0
78,8,t230,1110,1110,0110,-0.6934917569160461,-0.7271519899368286,0.03366023302078247,0.49983404026811695,1,0
79,1,c30,1101,1101,0101,-1.2999801635742188,-1.3576050996780396,0.0576249361038208,0.272656022834171,1,0
79,2,c01,1001,1001,1101,-0.18222007155418396,-2.1772220134735107,1.9950019419193268,0.8334764974791024,1,0
79,3,c23,1001,1001,1000,-0.20512689650058746,-1.7051268815994263,1.4999999850988388,0.8145699668626244,1,0
79,4,s02,0011,1001,1001,-1.0890034437179565,-0.4776497781276703,-0.6113536655902863,0.3365528995940051,0,0
79,5,x1,0111,0111,0011,-0.004573540762066841,-5.629509449005127,5.62493590824306,0.9954397277998801,1,0
79,6,c02,0111,0111,0101,-0.00979011319577694,-5.509769916534424,5.499979803338647,0.9902611057091382,1,0
79,7,t130,1111,1111,0111,-0.3142324686050415,-1.3135677576065063,0.9993352890014648,0.730361550447382,1,0
79,8,c01,1011,1011,0111,-0.11067800223827362,-2.8551242351531982,2.7444462329149246,0.8952353354099523,1,0
80,1,x3,1110,1110,1101,-0.8097031116485596,-2.573035717010498,1.7633326053619385,0.44571558904542863,1,0
80,2,c20,0110,0110,1110,-0.6022130250930786,-1.0826727151870728,0.48045969009399414,0.5477487738120513,1,0
80,3,x2,0100,0100,0011,-0.012053449638187885,-6.392748832702637,6.380695383064449,0.9880310410544413,1,0
80,4,t031,0100,0100,0001,-0.0008775769965723157,-8.181385040283203,8.18050746328663,0.9991235671030543,1,0
80,5,s30,0100,0100,1100,-0.474637895822525,-0.980090320110321,0.505452424287796,0.6221212757131612,1,0
80,6,s20,0100,0100,1100,-0.577926516532898,-1.0058482885360718,0.42792177200317383,0.5610690647611458,1,0
80,7,t320,0100,0100,1100,-0.06200563907623291,-2.8122031688690186,2.7501975297927856,0.9398794290603989,1,0
80,8,c32,0100,0100,0110,-0.314869225025177,-1.3146480321884155,0.9997788071632385,0.7298897124476535,1,0
81,1,c12,1001,1001,1011,-1.2710765600204468,-1.654518961906433,0.38344240188598633,0.2808462300482067,1,0
81,2,s10,0101,1001,1001,-0.9443280696868896,-0.7082074284553528,-0.23612064123153687,0.3889446607017351,0,0
81,3,s13,0101,0101,0011,-0.5911045670509338,-1.7857838869094849,1.194679319858551,0.5537225698909736,1,0
81,4,x1,0001,0001,0111,-0.01147511973977089,-5.179709434509277,5.1682343147695065,0.9886443564432564,1,0
81,5,c30,1001,0001,0001,-0.8274739980697632,-0.5762411952018738,-0.2512328028678894,0.43715912207899793,0,0
81,6,x3,1000,1000,1001,-0.013165922835469246,-4.388165473937988,4.374999551102519,0.9869388619587529,1,0
81,7,s31,1000,1000,1100,-0.42922303080558777,-1.0542341470718384,0.6250111162662506,0.6510160507329362,1,0
81,8,s01,0100,0100,1000,-0.7008842825889587,-0.8059893250465393,0.10510504245758057,0.4961465330946436,1,0
82,1,c23,1001,1001,1000,-1.1503199338912964,-1.6503199338912964,0.5,0.3171102509472525,1,0
82,2,t021,1001,1101,1101,-1.0837732553482056,-0.48177415132522583,-0.6019991040229797,0.33832351508546316,0,0
82,3,s21,1001,1100,1100,-0.709505558013916,-0.707809567451477,-0.0016959905624389648,0.49188970856140235,0,0
82,4,s10,0101,1001,1001,-1.0819683074951172,-0.524656355381012,-0.5573119521141052,0.3389287411588953,0,0
82,5,c02,0101,0101,0111,-0.0919320210814476,-2.475116014480591,2.383183993399143,0.9121689576176175,1,0
82,6,s31,0101,0101,0001,-0.47505757212638855,-1.4485440254211426,0.973486453294754,0.6218499000408974,1,0
82,7,t012,0101,0101,1101,-0.00039037331589497626,-8.52844524383545,8.528054870519554,0.9996108109267324,1,0
82,8,c31,0001,0001,0101,-0.25461524724960327,-1.5034667253494263,1.248851478099823,0.7752158396982335,1,0
83,1,t103,1101,1100,1100,-1.7379095554351807,-0.9879096746444702,-0.7499998807907104,0.17608649284588507,0,0
83,2,s32,1110,1111,1111,-1.360703945159912,-1.235703945159912,-0.125,0.25649199245395,0,0
83,3,s01,1110,1110,0110,-0.6776246428489685,-1.5895371437072754,0.9119125008583069,0.5078349639803139,1,0
83,4,x2,1100,1100,0000,-0.019364694133400917,-5.803465843200684,5.784101149067283,0.9808358598260083,1,0
83,5,s20,0110,1100,1100,-1.2180129289627075,-0.6399469971656799,-0.5780659317970276,0.29582748293545447,0,0
83,6,s10,1010,1010,1100,-0.7024801969528198,-1.6903773546218872,0.9878971576690674,0.4953786870519441,1,0
83,7,s01,0110,0110,1010,-0.9055864810943604,-1.081265926361084,0.17567944526672363,0.40430930300360446,1,0
83,8,t120,1110,1110,0110,-0.47344067692756653,-1.055763602256775,0.5823229253292084,0.6228624452563608,1,0
84,1,x2,0000,0000,0011,-1.3656201362609863,-2.0018837451934814,0.6362636089324951,0.2554877977461201,1,0
84,2,c01,0000,0000,0001,-0.05315681919455528,-4.178156852722168,4.125000033527613,0.9482631104336868,1,0
84,3,c30,0000,0000,1000,-0.061986569315195084,-2.8119914531707764,2.7500048838555813,0.9399042568179327,1,0
84,4,c31,0000,0000,0100,-0.014213749207556248,-4.264214038848877,4.250000289641321,0.9858895128164838,1,0
84,5,c12,0000,0000,0010,-0.000346365908626467,-8.000365257263184,8.000018891354557,0.9996540730181633,1,0
84,6,c31,0000,0000,0100,-0.006731799803674221,-5.006731986999512,5.0000001871958375,0.9932919094543198,1,0
84,7,c23,0000,0000,0001,-0.0005163189489394426,-7.750515937805176,7.749999618856236,0.9994852215372609,1,0
84,8,t201,0000,0000,1000,-4.6967907110229135e-05,-10.500819206237793,10.500772238330683,0.9999542287283893,1,0
85,1,x2,1001,1001,1000,-1.3025028705596924,-2.3025028705596924,1.0,0.2721233794846755,1,0
85,2,c12,1001,1001,1011,-0.3780079782009125,-1.3780070543289185,0.999999076128006,0.6852607764119089,1,0
85,3,s32,1010,1001,1001,-0.9685516357421875,-0.5616569519042969,-0.4068946838378906,0.3796337511482567,0,0
85,4,t310,1010,1010,0010,-0.03837823495268822,-3.8762035369873047,3.8378253020346165,0.9623538992251824,1,0
85,5,c21,1110,1010,1010,-0.7002362012863159,-0.6941158771514893,-0.00612032413482666,0.4964693753983558,0,0
85,6,x0,0110,0110,1110,-0.006298081483691931,-5.139986515045166,5.133688433561474,0.9937355082661468,1,0
85,7,x3,0111,0111,0110,-0.0005349703715182841,-9.250534057617188,9.24999908724567,0.9994673414074716,1,0
85,8,x1,0011,0011,0101,-0.00037452136166393757,-8.570342063903809,8.569967542542145,0.9996304959905442,1,0
86,1,t301,1000,1000,1100,-0.909599781036377,-2.0297164916992188,1.1201167106628418,0.40291394069660985,1,0
86,2,x1,1100,1100,0001,-0.004715221934020519,-7.345362663269043,7.3406474413350224,0.9953062901779534,1,0
86,3,c32,1100,1110,1110,-1.4118207693099976,-0.2830383777618408,-1.1287823915481567,0.2437030370742941,0,0
86,4,c12,1110,1110,1100,-0.5760701894760132,-0.8262799382209778,0.2502097487449646,0.5621031802156347,1,0
86,5,c21,1010,1110,1110,-1.1378172636032104,-0.38827574253082275,-0.7495415210723877,0.32051815724798854,0,0
86,6,x1,1110,1110,1000,-0.0020680841989815235,-6.4423441886901855,6.440276104491204,0.9979346737944776,1,0
86,7,s23,1101,1110,1110,-0.9003373384475708,-0.6508122086524963,-0.24952512979507446,0.4064329977179734,0,0
86,8,t023,1101,1101,1100,-0.06363824754953384,-2.813638210296631,2.749999962747097,0.9383453177182838,1,0
87,1,s13,1111,1111,1011,-1.6310930252075195,-2.0846633911132812,0.4535703659057617,0.19577870533182345,1,0
87,2,s20,1111,1111,0111,-1.2165876626968384,-1.5255627632141113,0.30897510051727295,0.2962867568823421,1,0
87,3,c10,0111,0111,1111,-0.34637826681137085,-1.5195449590682983,1.1731666922569275,0.7079227127128036,1,0
87,4,s02,1101,1101,0111,-0.6544416546821594,-0.9974836111068726,0.34304195642471313,0.5197512312779938,1,0
87,5,c21,1101,1101,1001,-0.5849901437759399,-0.8312498927116394,0.24625974893569946,0.5571262109804398,1,0
87,6,c13,1100,1100,1101,-0.47468671202659607,-0.9746867418289185,0.5000000298023224,0.6220851831298848,1,0
87,7,s21,1010,1100,1100,-1.8708053827285767,-0.20246340334415436,-1.6683419793844223,0.1539996591735676,0,0
87,8,s32,1001,1010,1010,-1.506994366645813,-0.2870215177536011,-1.219972848892212,0.2215757327515165,0,0
88,1,s30,0011,1010,1010,-2.4780054092407227,-1.4188263416290283,-1.0591790676116943,0.08393770911157353,0,0
88,2,s20,1001,0011,0011,-2.618337631225586,-2.2756268978118896,-0.3427107334136963,0.0729388351093235,0,0
88,3,c32,1011,1011,1001,-2.119154453277588,-2.2860047817230225,0.16685032844543457,0.12021631542346278,1,0
88,4,s01,0111,0111,1011,-1.6082396507263184,-1.7351168394088745,0.12687718868255615,0.20024740347176725,1,0
88,5,c20,1111,1111,0111,-0.8735777139663696,-0.9912510514259338,0.11767333745956421,0.41749119969417753,1,0
88,6,s20,1111,1111,0111,-1.0092483758926392,-1.1445015668869019,0.1352531909942627,0.3645143004303646,1,0
88,7,x3,1110,1110,0110,-0.012788568623363972,-5.71364688873291,5.700858320109546,0.9874156154241527,1,0
88,8,x3,1111,1111,0000,-0.011627343483269215,-6.186809539794922,6.175182196311653,0.9884776445554215,1,0
89,1,c21,0000,0000,0100,-0.8249281048774719,-1.8026502132415771,0.9777221083641052,0.43858846967397325,1,0
89,2,x2,0010,0010,1000,-0.011381878517568111,-6.239150047302246,6.227768168784678,0.9887102379820469,1,0
89,3,t302,0010,0010,0000,-0.00720220897346735,-5.040842056274414,5.033639847300947,0.9928386347625641,1,0
89,4,c30,0010,0010,1010,-0.06206493452191353,-2.8139448165893555,2.751879882067442,0.9398282526188734,1,0
89,5,s23,0001,0001,0010,-0.32744067907333374,-1.3133432865142822,0.9859026074409485,0.7207664336123515,1,0
89,6,x2,0011,0011,0010,-0.0003617492620833218,-8.062861442565918,8.062499693303835,0.9996390726452218,1,0
89,7,s12,0101,0111,0111,-2.4920175075531006,-0.655001699924469,-1.8370158076286316,0.08274317053269473,0,0
89,8,s30,1100,1100,0101,-0.5688239336013794,-0.9072061777114868,0.3383822441101074,0.566203321455435,1,0
90,1,t231,0100,0100,0000,-0.9037666320800781,-2.4571356773376465,1.5533690452575684,0.4052993568190941,1,0
90,2,t120,0100,0100,1100,-0.1281246691942215,-2.139596700668335,2.0114720314741135,0.8797481158459086,1,0
90,3,x1,0000,0000,0110,-0.0035076846834272146,-5.808373928070068,5.804866243386641,0.9965269443946366,1,0
90,4,x3,0001,0001,0000,-0.0003154047590214759,-8.87531566619873,8.875000261439709,0.9996886867112277,1,0
90,5,c31,0101,0101,0001,-0.252500057220459,-1.501997470855713,1.249497413635254,0.7768569853837637,1,0
90,6,c10,1101,1101,0101,-0.20231853425502777,-1.702009916305542,1.4996913820505142,0.8168604061683058,1,0
90,7,c31,1001,1101,1101,-0.7594534754753113,-0.6338443756103516,-0.12560909986495972,0.46792326567023723,0,0
90,8,s20,0011,1001,1001,-1.0402240753173828,-0.47831496596336365,-0.5619091093540192,0.3533760859923964,0,0
91,1,c02,1101,1101,1110,-1.3009718656539917,-2.1438982486724854,0.8429263830184937,0.27249018252285906,1,0
91,2,x3,1100,1100,1101,-0.10949619114398956,-3.9844963550567627,3.875000163912773,0.8964795937560514,1,0
91,3,c10,0100,1100,1100,-0.7449977397918701,-0.6971200108528137,-0.047877728939056396,0.4747710361847576,0,0
91,4,t012,0100,0100,1100,-0.0019519291818141937,-7.788663387298584,7.78671145811677,0.9980512202742807,1,0
91,5,t021,0100,0100,0000,-0.002944934880360961,-5.919180870056152,5.916235935175791,0.997060501158857,1,0
91,6,t302,0100,0100,0110,-0.005063974764198065,-5.380155086517334,5.375091111753136,0.9949494367705659,1,0
91,7,t031,0100,0100,1100,-0.0002881086547859013,-9.064087867736816,9.06379975908203,0.9997120344407958,1,0
91,8,x1,0000,0000,0110,-0.00020812966977246106,-9.10049057006836,9.100282440398587,0.9997957651680001,1,0
92,1,s32,1110,1101,1101,-1.6568384170532227,-1.5205986499786377,-0.13623976707458496,0.19084574251876493,0,0
92,2,x1,1010,1010,1011,-1.0186742544174194,-1.5186742544174194,0.5,0.36110953083918984,1,0
92,3,t310,1010,1010,0010,-0.07962127774953842,-2.5944437980651855,2.514822520315647,0.9234692222849199,1,0
92,4,t012,1010,1010,1000,-0.016825515776872635,-4.143317699432373,4.1264921836555,0.9833203634125062,1,0
92,5,s01,0110,1010,1010,-1.0359997749328613,-0.5871760845184326,-0.4488236904144287,0.35487429495873457,0,0
92,6,t023,0110,0110,0111,-0.0021196187008172274,-7.752119541168213,7.749999922467396,0.9978844136868912,1,0
92,7,t120,1110,0110,0110,-0.8270536661148071,-0.5760756731033325,-0.2509779930114746,0.43733793009035965,0,0
92,8,t023,1111,1111,1110,-0.3160385191440582,-1.3160384893417358,0.9999999701976776,0.7290588617083229,1,0
93,1,t130,0101,1101,1101,-1.8213319778442383,-1.1678067445755005,-0.6535252332687378,0.16187654563987025,0,0
93,2,c12,0111,0111,0101,-0.19420406222343445,-2.584512948989868,2.3903088867664337,0.8235276682949133,1,0
93,3,s13,0111,0111,0011,-0.5363855361938477,-0.9069786667823792,0.3705931305885315,0.5848636538052702,1,0
93,4,t103,0111,0110,0110,-0.8985578417778015,-0.5235578417778015,-0.375,0.4071581989294316,0,0
93,5,s13,0111,0111,0011,-0.3900737762451172,-1.1396268606185913,0.7495530843734741,0.6770072573564734,1,0
93,6,s01,1011,1011,0111,-0.4086957573890686,-1.5035139322280884,1.0948181748390198,0.664535984909643,1,0
93,7,x0,0011,0011,1011,-0.016494380310177803,-4.4755539894104,4.459059609100223,0.984013612274573,1,0
93,8,x0,1011,1011,0011,-0.00660221790894866,-5.735848903656006,5.729246685747057,0.9937161813202439,1,0
94,1,c03,0110,0110,0111,-1.3690327405929565,-1.3690327405929565,0.0,0.25475537053101543,0,1
94,2,x1,0010,0010,0100,-0.09339068830013275,-3.606724262237549,3.513333573937416,0.9109507019356381,1,0
94,3,t321,0010,0010,0110,-0.01321164146065712,-4.426184177398682,4.4129725359380245,0.986880310264764,1,0
94,4,x2,0000,0000,0001,-0.0010418249294161797,-7.001041889190674,7.000000064261258,0.9989612125865478,1,0
94,5,c30,0000,0000,1000,-0.20149460434913635,-1.7014806270599365,1.4999860227108002,0.8175567476855877,1,0
94,6,x2,0010,0010,0001,-3.4093358408426866e-05,-10.37546443939209,10.375430346033681,0.9999662046634322,1,0
94,7,t103,0010,0010,0011,-0.00027249648701399565,-8.750271797180176,8.749999300693162,0.999730288588154,1,0
94,8,t310,0010,0010,1010,-0.011287782341241837,-4.511554718017578,4.500266935676336,0.9887776578225023,1,0
95,1,t031,0100,0100,0001,-0.7186073064804077,-2.8358633518218994,2.1172560453414917,0.4877069332785016,1,0
95,2,t320,0100,0100,1100,-0.20199094712734222,-1.705701470375061,1.5037105232477188,0.8171062299984783,1,0
95,3,s10,1000,0100,0100,-0.8642265796661377,-0.6459483504295349,-0.21827822923660278,0.4214059289351772,0,0
95,4,t013,1000,1000,1001,-0.0066410088911652565,-5.256640911102295,5.24999990221113,0.9935974849219544,1,0
95,5,x2,1010,1010,0010,-0.00014852623280603439,-9.957022666931152,9.956874140698346,0.9998597466922511,1,0
95,6,x2,1000,1000,1001,-0.0005562460282817483,-7.750555992126465,7.749999746098183,0.9994616824699756,1,0
95,7,c30,1000,1000,0000,-0.1602410227060318,-1.9992458820343018,1.83900485932827,0.8519401861466355,1,0
95,8,c30,1000,1000,0000,-0.20143567025661469,-1.713928461074829,1.5124927908182144,0.8175578364775231,1,0
96,1,x3,1101,1101,1100,-1.0246306657791138,-1.8996306657791138,0.875,0.35958265117848154,1,0
96,2,s31,1101,1101,1011,-0.6883947253227234,-1.5990357398986816,0.9106410145759583,0.5023933631272146,1,0
96,3,t213,1101,1101,1100,-0.43532928824424744,-1.0603293180465698,0.6250000298023224,0.6470639031984827,1,0
96,4,c20,1101,0101,0101,-2.2404348850250244,-0.21410124003887177,-2.0263336449861526,0.10643186647979293,0,0
96,5,t130,0101,0101,1101,-0.5815327763557434,-0.8260883688926697,0.24455559253692627,0.559059108510342,1,0
96,6,s10,1001,1001,0101,-0.3508400022983551,-1.6078256368637085,1.2569856345653534,0.7041096945421603,1,0
96,7,t231,1001,1001,1101,-0.7229551672935486,-0.7275346517562866,0.004579484462738037,0.48532350209953157,1,0
96,8,x0,0001,0001,0101,-0.012901854701340199,-4.513810157775879,4.500908303074539,0.9872077345184566,1,0
97,1,c32,1010,1010,1000,-1.3211352825164795,-2.0631027221679688,0.7419674396514893,0.26707176933626076,1,0
97,2,x2,1000,1000,1011,-0.10600640624761581,-2.9534130096435547,2.847406603395939,0.8994557184791341,1,0
97,3,s12,1000,1000,1100,-0.2082185298204422,-1.706666350364685,1.4984478205442429,0.8120320659345162,1,0
97,4,t123,1000,1000,1001,-0.0126634631305933,-4.3876633644104,4.374999901279807,0.9874313449180027,1,0
97,5,s21,1000,1000,1100,-0.0549488291144371,-2.9299285411834717,2.8749797120690346,0.9465339153514052,1,0
97,6,x1,1100,1100,1000,-0.00014459107478614897,-8.8771333694458,8.876988778371015,0.9998568737360386,1,0
97,7,s31,1001,1100,1100,-1.6470268964767456,-0.22543491423130035,-1.4215919822454453,0.19262178279690476,0,0
97,8,s03,1001,0001,0001,-0.8279880881309509,-0.6004796028137207,-0.22750848531723022,0.43692885771052864,0,0
98,1,c31,0000,0000,0100,-0.794487476348877,-1.8533509969711304,1.0588635206222534,0.4520256958641569,1,0
98,2,x1,0100,0100,0010,-0.009320352226495743,-5.573221683502197,5.5639013312757015,0.9907315082651267,1,0
98,3,x0,1100,1100,0000,-0.009184013120830059,-5.4621710777282715,5.452987064607441,0.9911472497078961,1,0
98,4,x0,0100,0100,1000,-0.049099139869213104,-3.252749443054199,3.203650303184986,0.9520880532971319,1,0
98,5,c23,0100,0100,0101,-0.3160010278224945,-1.3160009384155273,0.9999999105930328,0.7290653038796383,1,0
98,6,c10,1100,1100,0100,-0.47423261404037476,-0.9742175936698914,0.4999849796295166,0.6223811294606726,1,0
98,7,x1,1000,1000,1110,-0.00020324162323959172,-8.943614959716797,8.943411718093557,0.9997982346136209,1,0
98,8,t301,1000,1000,1100,-0.012847485952079296,-4.887853145599365,4.875005659647286,0.9872372786402565,1,0
99,1,c30,0100,0100,1100,-0.9208666086196899,-1.379720687866211,0.458854079246521,0.3983281763541803,1,0
99,2,x0,1100,1100,1101,-0.03583421930670738,-4.285834312438965,4.2500000931322575,0.9651760340662728,1,0
99,3,x0,0100,0100,1110,-0.19505558907985687,-2.8208837509155273,2.6258281618356705,0.8227949671766174,1,0
99,4,s32,0100,0100,0110,-0.38500651717185974,-1.4111257791519165,1.0261192619800568,0.6804489125375706,1,0
99,5,s10,1000,0100,0100,-1.4746074676513672,-0.3274809718132019,-1.1471264958381653,0.22887365609001403,0,0
99,6,t231,1000,1000,1100,-0.03935714438557625,-3.2895240783691406,3.2501669339835644,0.9615055691209021,1,0
99,7,t231,1000,1000,1100,-0.008435498923063278,-5.1336669921875,5.125231493264437,0.9916219012412707,1,0
99,8,c01,1100,1100,1000,-0.026505829766392708,-3.651519536972046,3.625013707205653,0.9738442272907929,1,0
100,1,s32,1101,1110,1110,-2.0044918060302734,-1.3572607040405273,-0.6472311019897461,0.13481262635573696,0,0
100,2,t023,1101,1101,1100,-0.7296590209007263,-1.3546589612960815,0.6249999403953552,0.48216641107599467,1,0
100,3,x2,1111,1111,0000,-0.01486934907734394,-6.299901485443115,6.285032136365771,0.9852598522699085,1,0
100,4,c13,1110,1110,1111,-0.07968094944953918,-2.5796806812286377,2.4999997317790985,0.923420271428705,1,0
100,5,t021,1010,1110,1110,-1.6243301630020142,-0.22939778864383698,-1.3949323743581772,0.19704387614421154,0,0
100,6,t203,1011,1010,1010,-0.8988654017448425,-0.5238654017448425,-0.375,0.40703200124828676,0,0
100,7,s03,1011,1011,0011,-0.3506653904914856,-1.2306612730026245,0.8799958825111389,0.7042218330579981,1,0
100,8,c01,1111,1111,1011,-0.012929988093674183,-4.387777328491211,4.374847340397537,0.9871534623306116,1,0
101,1,c20,1100,0100,0100,-1.4654221534729004,-1.4264600276947021,-0.03896212577819824,0.23107431979181595,0,0
101,2,t032,1100,1100,1110,-0.5385740995407104,-1.017513632774353,0.4789395332336426,0.5836165346528059,1,0
101,3,x1,1000,1000,1110,-0.01725907437503338,-4.231094837188721,4.213835762813687,0.9829044292999658,1,0
101,4,s20,0010,1000,1000,-1.8319824934005737,-0.387188583612442,-1.4447939097881317,0.16009599805439975,0,0
101,5,s03,0010,0010,1000,-0.5867511630058289,-1.0806888341903687,0.4939376711845398,0.5561380233878288,1,0
101,6,x3,0011,0011,0010,-0.0001628350728424266,-10.000163078308105,10.000000243235263,0.9998396591870914,1,0
101,7,c23,0010,0010,0011,-0.6941077709197998,-0.6941077709197998,0.0,0.4995254959995504,0,1
101,8,x1,0110,0110,0010,-0.010422082617878914,-5.018272876739502,5.007850794121623,0.989636298062857,1,0
102,1,s32,1101,1110,1110,-2.136592388153076,-1.3753454685211182,-0.761246919631958,0.11811505896886601,0,0
102,2,c20,1101,0101,0101,-1.4355478286743164,-1.2571557760238647,-0.17839205265045166,0.23803874242320608,0,0
102,3,s30,1101,1101,0101,-0.6119352579116821,-1.6681835651397705,1.0562483072280884,0.5423124429024679,1,0
102,4,t312,1111,1111,1101,-0.16224300861358643,-1.9119505882263184,1.749707579612732,0.8502437011846786,1,0
102,5,c23,1110,1110,1111,-0.014759841375052929,-4.2647600173950195,4.250000176019967,0.9853577341196325,1,0
102,6,t301,1110,1110,1010,-0.12790212035179138,-2.1387600898742676,2.010857969522476,0.8799403348617688,1,0
102,7,c23,1111,1111,1110,-0.08921484649181366,-2.46421480178833,2.3749999552965164,0.9146503980767661,1,0
102,8,c32,1101,1101,1111,-0.029810449108481407,-3.563430070877075,3.533619621768594,0.970640135975427,1,0
103,1,s20,1001,0011,0011,-2.602994441986084,-1.486818552017212,-1.116175889968872,0.07407756562506528,0,0
103,2,t123,1001,1001,1000,-1.529870867729187,-2.2798709869384766,0.7500001192092896,0.21680365972691978,1,0
103,3,t230,1001,1001,0001,-0.717470645904541,-1.526775598526001,0.80930495262146,0.4880084482561408,1,0
103,4,t210,1001,1001,0001,-0.4747149646282196,-1.0466370582580566,0.571922093629837,0.6220835565189285,1,0
103,5,t230,1001,1001,0001,-0.4741940498352051,-1.0522114038467407,0.5780173540115356,0.6224010382735297,1,0
103,6,s31,1100,1100,1001,-0.47485649585723877,-0.9771286845207214,0.5022721886634827,0.6219759584661634,1,0
103,7,t023,1100,1100,1101,-0.07123211026191711,-2.6962320804595947,2.6249999701976776,0.9312966681047528,1,0
103,8,c21,1100,1100,1000,-0.47435083985328674,-1.103399634361267,0.6290487945079803,0.6222926659286216,1,0
104,1,c10,1011,1011,0011,-1.3199365139007568,-1.7552272081375122,0.43529069423675537,0.26726290737717145,1,0
104,2,t201,1111,1111,1011,-0.2943366765975952,-1.9054012298583984,1.6110645532608032,0.745034073902831,1,0
104,3,x3,1110,1110,0000,-0.007986145094037056,-6.849082946777344,6.841096801683307,0.9921979380888137,1,0
104,4,s12,1110,1110,1011,-0.2120320051908493,-1.8802635669708252,1.668231561779976,0.8089403393164847,1,0
104,5,c03,1111,1111,1110,-0.006993440445512533,-5.006993770599365,5.000000330153853,0.9930327631935931,1,0
104,6,s12,1111,1111,1011,-0.10649249702692032,-2.3533620834350586,2.2468695864081383,0.8989825428985485,1,0
104,7,x3,1110,1110,1101,-2.8729324185405858e-05,-12.438282012939453,12.438253283615268,0.9999776941602339,1,0
104,8,s32,1101,1110,1110,-0.8945719599723816,-0.7417459487915039,-0.15282601118087769,0.4087831905215917,0,0
105,1,s01,0000,0000,0100,-0.9394941329956055,-2.33260178565979,1.3931076526641846,0.39119511322932626,1,0
105,2,t123,0000,0000,0001,-0.025316979736089706,-4.4003167152404785,4.374999735504389,0.9750634031039066,1,0
105,3,c31,0000,0000,0100,-0.07910533249378204,-2.5790998935699463,2.4999945610761642,0.923947353237438,1,0
105,4,t123,0000,0000,0001,-7.045149686746299e-05,-10.375070571899414,10.375000120402547,0.9999316837144523,1,0
105,5,c03,0000,0000,0001,-3.3855150832096115e-05,-10.750033378601074,10.749999523450242,0.9999665763477732,1,0
105,6,t013,0000,0000,1000,-3.898074646713212e-05,-10.831788063049316,10.83174908230285,0.9999628075232577,1,0
105,7,t301,0000,0000,1000,-8.606621850049123e-05,-9.504704475402832,9.504618409184332,0.9999143927775448,1,0
105,8,s12,0000,0000,0100,-0.011142988689243793,-4.511122703552246,4.499979714863002,0.988918961658678,1,0
106,1,c01,0000,0000,0100,-0.5705892443656921,-2.8597917556762695,2.2892025113105774,0.5655204703155453,1,0
106,2,s13,0000,0000,0100,-0.09057506173849106,-2.590026378631592,2.4994513168931007,0.913408827728712,1,0
106,3,x1,0100,0100,0000,-0.0020417531486600637,-7.203124523162842,7.201082770014182,0.9979662256959216,1,0
106,4,s02,0100,0100,1100,-0.2521838843822479,-1.5287847518920898,1.276600867509842,0.7771027768519438,1,0
106,5,c31,0100,0100,0000,-0.4289418160915375,-1.054673433303833,0.6257316172122955,0.651198542010489,1,0
106,6,x2,0110,0110,0001,-7.581567479064688e-05,-10.25325870513916,10.25318288946437,0.9999283303943282,1,0
106,7,c21,0010,0110,0110,-0.7589678168296814,-0.6327210664749146,-0.12624675035476685,0.46814950665731203,0,0
106,8,c21,0110,0010,0010,-1.9401743412017822,-0.16072459518909454,-1.7794497460126877,0.14367906852996742,0,0
107,1,x1,0110,0110,0010,-1.8424501419067383,-1.863726258277893,0.021276116371154785,0.15847234509866845,1,0
107,2,t102,0110,0110,0100,-0.5149117112159729,-1.1814080476760864,0.6664963364601135,0.597615995328208,1,0
107,3,s13,0011,0011,0110,-0.6872977614402771,-0.7705928683280945,0.08329510688781738,0.5029409378537695,1,0
107,4,s32,0011,0001,0001,-0.9356061816215515,-0.7407829761505127,-0.19482320547103882,0.3923670595621424,0,0
107,5,s21,0101,0101,0011,-0.6271650195121765,-1.2048282623291016,0.577663242816925,0.5341233054787493,1,0
107,6,c30,1101,1101,0101,-0.2982960343360901,-1.451282024383545,1.1529859900474548,0.742295092673675,1,0
107,7,t123,1101,1101,1100,-0.20490826666355133,-1.7049082517623901,1.4999999850988388,0.814751687868847,1,0
107,8,c30,0101,0101,1101,-0.2550657391548157,-1.5033280849456787,1.248262345790863,0.774952193111475,1,0
108,1,x1,1101,1101,1011,-1.25518798828125,-2.305476665496826,1.0502886772155762,0.2851339872557478,1,0
108,2,c13,1100,1101,1101,-1.531402587890625,-0.2814025282859802,-1.2500000596046448,0.21625768885419172,0,0
108,3,t132,1100,1100,1110,-0.11799070984125137,-2.2410967350006104,2.123106025159359,0.8887086862055665,1,0
108,4,s13,1001,1100,1100,-1.5441468954086304,-0.30460843443870544,-1.239538460969925,0.21349402404274123,0,0
108,5,x3,1000,1000,1001,-0.05493340641260147,-2.9299333095550537,2.8749999031424522,0.9465502181864802,1,0
108,6,x1,1100,1100,0000,-9.739030065247789e-05,-10.808433532714844,10.808336142414191,0.9999032332087852,1,0
108,7,x3,1101,1101,1100,-0.00027118774596601725,-8.93777084350586,8.937499655759893,0.9997318167540412,1,0
108,8,c30,0101,0101,1101,-0.3891853392124176,-1.1370176076889038,0.7478322684764862,0.6776526078064364,1,0
109,1,c21,0000,0000,0100,-0.7098903656005859,-1.7802306413650513,1.0703402757644653,0.4920275360190803,1,0
109,2,x0,1000,1000,0000,-0.013003475032746792,-4.603540897369385,4.590537422336638,0.9872544940501756,1,0
109,3,x3,1001,1001,0001,-0.011669735424220562,-5.1529693603515625,5.141299624927342,0.9884943198920219,1,0
109,4,c20,1001,1001,0001,-0.3869318962097168,-1.144722580909729,0.7577906847000122,0.6791386355547221,1,0
109,5,t210,1001,1001,0001,-0.038051508367061615,-3.2883994579315186,3.250347949564457,0.9626643954729405,1,0
109,6,t210,1001,1001,0001,-0.07889863103628159,-2.5793025493621826,2.500403918325901,0.9241342068316264,1,0
109,7,s01,0101,1001,1001,-1.2719093561172485,-0.8265848755836487,-0.44532448053359985,0.28029681705336795,0,0
109,8,s32,0110,0110,0111,-0.711094319820404,-1.3360943794250488,0.6250000596046448,0.49110872511162573,1,0
110,1,s01,1111,1111,0111,-1.2851386070251465,-1.4950705766677856,0.20993196964263916,0.2766759816764833,1,0
110,2,t130,0111,0111,1111,-0.477897047996521,-1.1544283628463745,0.6765313148498535,0.620167485780194,1,0
110,3,c30,1111,1111,0111,-0.22986483573913574,-1.740432858467102,1.5105680227279663,0.7947018189961139,1,0
110,4,s13,1111,1111,1011,-0.34974607825279236,-1.3560140132904053,1.006267935037613,0.7048700008314187,1,0
110,5,c32,1101,1101,1111,-0.043836869299411774,-3.2305591106414795,3.1867222413420677,0.9571180435575479,1,0
110,6,c30,0101,0101,1101,-0.47479918599128723,-0.9752271771430969,0.5004279911518097,0.6220547175755703,1,0
110,7,x2,0111,0111,0011,-0.0008728430839255452,-8.917235374450684,8.916362531366758,0.9992024130119425,1,0
110,8,t120,1111,1111,0111,-0.28433069586753845,-1.406287670135498,1.1219569742679596,0.7525467165071205,1,0
111,1,s32,0000,0000,0010,-0.961086094379425,-1.8458186388015747,0.8847325444221497,0.38315648449526357,1,0
111,2,s23,0000,0000,0001,-0.24020177125930786,-2.240201711654663,1.9999999403953552,0.7865191187811329,1,0
111,3,s20,0000,0000,1000,-0.10184524953365326,-2.3517003059387207,2.2498550564050674,0.9031910079645646,1,0
111,4,c02,0000,0000,0010,-0.00025425778585486114,-9.031402587890625,9.03114833010477,0.9997488110382263,1,0
111,5,s12,0000,0000,0100,-0.020900659263134003,-3.895878791809082,3.874978132545948,0.9793178069532511,1,0
111,6,s23,0000,0000,0010,-0.005354270804673433,-5.255314826965332,5.249960556160659,0.9946601213377477,1,0
111,7,t132,0000,0000,0010,-2.1219148038653657e-05,-11.500105857849121,11.500084638701082,0.9999790018390861,1,0
111,8,s13,0000,0000,0100,-0.31390678882598877,-1.3135251998901367,0.999618411064148,0.730588257947631,1,0
112,1,s31,1000,1000,1100,-1.0549507141113281,-1.8350260257720947,0.7800753116607666,0.34843053581061856,1,0
112,2,c30,1000,1000,0001,-0.2584461569786072,-2.236480951309204,1.978034794330597,0.7722732658548671,1,0
112,3,x3,1001,1001,1000,-0.004293614998459816,-6.629293918609619,6.625000303611159,0.9961329448201875,1,0
112,4,s10,0101,0101,1001,-0.6691945791244507,-0.8318859338760376,0.16269135475158691,0.5121242955737497,1,0
112,5,t201,0101,0101,0001,-0.008729536086320877,-5.032523155212402,5.0237936191260815,0.9913158466357284,1,0
112,6,t210,0101,1101,1101,-0.8264820575714111,-0.5770841836929321,-0.249397873878479,0.43758703960055023,0,0
112,7,t130,1101,0101,0101,-0.9766722917556763,-0.47421371936798096,-0.5024585723876953,0.3765652614398607,0,0
112,8,t231,1101,1101,1001,-0.6943813562393188,-0.696955680847168,0.002574324607849121,0.49940197789303736,1,0
113,1,c30,0011,1011,1011,-1.8064182996749878,-1.3200256824493408,-0.486392617225647,0.1643081309078605,0,0
113,2,t210,0011,1011,1011,-0.9856019616127014,-0.728509247303009,-0.2570927143096924,0.3732503470055915,0,0
113,3,s21,0101,0101,0011,-0.4709000289440155,-1.5245826244354248,1.0536825954914093,0.6244498594839215,1,0
113,4,s21,0011,0101,0101,-1.4429600238800049,-0.4376792907714844,-1.0052807331085205,0.23623024534147427,0,0
113,5,s02,1001,1001,0011,-0.7207967042922974,-0.7926710844039917,0.07187438011169434,0.4863845818371173,1,0
113,6,c20,1001,1001,0001,-0.5787709355354309,-0.9649332761764526,0.38616234064102173,0.5607068791143685,1,0
113,7,s30,1001,1001,0011,-0.6673590540885925,-1.346893548965454,0.6795344948768616,0.5130719793911416,1,0
113,8,s30,1001,1001,0011,-0.48084279894828796,-1.3822120428085327,0.9013692438602448,0.6182645541754533,1,0
114,1,t203,0000,0000,0001,-0.8059943914413452,-1.8059943914413452,1.0,0.44856943018193446,1,0
114,2,s20,0000,0000,1000,-0.16319501399993896,-1.914668083190918,1.751473069190979,0.8494284195071812,1,0
114,3,s01,0000,0000,1000,-0.014172505587339401,-4.264194965362549,4.250022459775209,0.985927777259304,1,0
114,4,t312,0000,0000,1000,-0.0005256076110526919,-8.220763206481934,8.220237598870881,0.9994981190963849,1,0
114,5,c21,0000,0000,0100,-0.04864023998379707,-3.0486373901367188,2.9999971501529217,0.9525280609214631,1,0
114,6,s12,0000,0000,0100,-0.009978927671909332,-4.634959697723389,4.624980770051479,0.9900708942293688,1,0
114,7,t301,0000,0000,1000,-0.0001013231958495453,-9.251838684082031,9.251737360886182,0.9998993520939174,1,0
114,8,s12,0000,0000,0100,-0.004653015173971653,-5.379648208618164,5.374995193444192,0.9953578787894033,1,0
115,1,x2,0001,0001,0000,-1.4130918979644775,-2.1630918979644775,0.75,0.24368947019370987,1,0
115,2,t123,0001,0001,0000,-0.10108660906553268,-3.1010866165161133,3.0000000074505806,0.9039211008155844,1,0
115,3,x2,0011,0011,1000,-0.0001283835736103356,-10.77427864074707,10.77415025717346,0.9998749722001467,1,0
115,4,s02,1001,0011,0011,-1.0549092292785645,-0.47490817308425903,-0.5800010561943054,0.3482282015422871,0,0
115,5,s03,1001,1001,0001,-0.5781605243682861,-1.255627155303955,0.677466630935669,0.5609309777414342,1,0
115,6,c02,1011,1011,1001,-0.006807730533182621,-5.006872177124023,5.000064446590841,0.9932165423280288,1,0
115,7,x2,1001,1001,0001,-4.410701512824744e-05,-12.147867202758789,12.14782309574366,0.999978882783409,1,0
115,8,x3,1000,1000,1001,-0.00010764226317405701,-9.375106811523438,9.374999169260263,0.999892779311529,1,0
116,1,x0,0100,0100,0101,-1.0315577983856201,-2.53155779838562,1.5,0.3570890097521319,1,0
116,2,c20,0100,1100,1100,-1.0256410837173462,-0.509492039680481,-0.5161490440368652,0.3585723699306927,0,0
116,3,x0,1100,1100,0100,-0.006649038754403591,-5.22006368637085,5.213414647616446,0.9935354815053806,1,0
116,4,c32,1100,1100,1110,-0.5814394950866699,-0.8273071050643921,0.24586760997772217,0.5590994291193261,1,0
116,5,x0,0100,0100,1101,-0.04964651167392731,-3.8858413696289062,3.836194857954979,0.9515693824732047,1,0
116,6,c01,0100,0100,0000,-0.0026163107249885798,-6.414754867553711,6.412138556828722,0.9973880411928948,1,0
116,7,s21,0010,0100,0100,-0.9201822876930237,-0.8992782235145569,-0.020904064178466797,0.39844696446963024,0,0
116,8,t302,0010,0010,0000,-0.003439872292801738,-6.0733723640441895,6.069932491751388,0.9965698254887626,1,0
117,1,s20,0111,1101,1101,-2.274120807647705,-1.7277833223342896,-0.5463374853134155,0.1029258853411608,0,0
117,2,t032,0111,0111,0101,-1.2404992580413818,-2.519021987915039,1.2785227298736572,0.28942047125246856,1,0
117,3,x3,0110,0110,1000,-0.021566765382885933,-5.92428731918335,5.902720553800464,0.978795112908765,1,0
117,4,s32,0101,0110,0110,-0.9167219400405884,-0.7747352719306946,-0.1419866681098938,0.39983131052244514,0,0
117,5,t201,0101,0101,0001,-0.013092899695038795,-4.935131072998047,4.922038173303008,0.9869989345641168,1,0
117,6,s23,0110,0110,0101,-0.6404759883880615,-0.830178439617157,0.18970245122909546,0.5270439887365879,1,0
117,7,t231,0110,0110,0010,-0.0809112936258316,-2.5851986408233643,2.5042873471975327,0.9222827300532332,1,0
117,8,s32,0101,0110,0110,-1.081188440322876,-0.49982452392578125,-0.5813639163970947,0.33919367350671015,0,0
118,1,x2,1110,1110,1101,-0.8725314140319824,-2.5720224380493164,1.699491024017334,0.41830765550575905,1,0
118,2,c23,1111,1111,1110,-0.22738678753376007,-1.852386713027954,1.624999925494194,0.7967217085059631,1,0
118,3,s12,1111,1111,1011,-0.33743488788604736,-1.444136619567871,1.1067017316818237,0.7136011674509529,1,0
118,4,s01,1111,1111,0111,-0.4796297252178192,-0.9801600575447083,0.500530332326889,0.619020948474884,1,0
118,5,c03,1110,1110,1111,-0.008493922650814056,-5.008493900299072,4.999999977648258,0.9915570730092793,1,0
118,6,t021,1010,1110,1110,-1.31812584400177,-0.31517601013183594,-1.002949833869934,0.26763668618101594,0,0
118,7,t032,1010,1010,1000,-0.04930146038532257,-3.063390016555786,3.0140885561704636,0.9518955704690187,1,0
118,8,x2,1000,1000,1011,-0.002788371406495571,-6.287768840789795,6.284980469383299,0.9972225761346292,1,0
119,1,c12,1101,1101,1111,-1.395403265953064,-1.568113088607788,0.17270982265472412,0.24786339900074714,1,0
119,2,x2,1111,1111,0000,-0.05264880508184433,-4.729311943054199,4.676663137972355,0.9488271465995369,1,0
119,3,x0,0111,0111,1111,-0.014439519494771957,-4.958352565765381,4.943913046270609,0.9864861477610517,1,0
119,4,c21,0011,0011,0111,-0.3958286643028259,-1.148500919342041,0.7526722550392151,0.6731268390670316,1,0
119,5,c02,0011,0011,0001,-0.012296940200030804,-4.600325584411621,4.58802864421159,0.9877796766264257,1,0
119,6,x1,0111,0111,0011,-0.0012075109407305717,-7.001703262329102,7.000495751388371,0.9987959308566406,1,0
119,7,t032,0111,0111,0101,-0.13163600862026215,-2.256131172180176,2.1244951635599136,0.8766628397163847,1,0
119,8,x1,0011,0011,0111,-0.0007348390063270926,-7.556506156921387,7.55577131791506,0.999272918985773,1,0
120,1,x0,0001,0001,0011,-1.149502158164978,-2.326274871826172,1.1767727136611938,0.32127874151382885,1,0
120,2,c30,1001,1001,0001,-0.5934287309646606,-0.8351727724075317,0.2417440414428711,0.5524426791872928,1,0
120,3,t321,1001,1001,1101,-0.5803225636482239,-0.8461467027664185,0.2658241391181946,0.5597552963319754,1,0
120,4,s32,1010,1001,1001,-0.7363479733467102,-0.719649076461792,-0.016698896884918213,0.4788611855676284,0,0
120,5,s03,0011,1010,1010,-0.7251941561698914,-0.6954953670501709,-0.02969878911972046,0.4842318228308419,0,0
120,6,c30,1011,1011,0011,-0.474859356880188,-0.9745126962661743,0.49965333938598633,0.621982411728751,1,0
120,7,t102,1011,1011,1001,-0.13675245642662048,-2.2613680362701416,2.124615579843521,0.872193429976485,1,0
120,8,c21,1111,1111,1011,-0.06286392360925674,-2.8124120235443115,2.749548099935055,0.9390723621809041,1,0
121,1,c31,0110,0110,0010,-1.3039844036102295,-1.7047408819198608,0.40075647830963135,0.27155943924724996,1,0
121,2,x0,1110,1110,0110,-0.07059600949287415,-4.252770900726318,4.182174891233444,0.9330890109083357,1,0
121,3,s01,1110,1110,0110,-0.6592217087745667,-1.4080418348312378,0.7488201260566711,0.5172632858921297,1,0
121,4,c21,1010,1110,1110,-1.0574084520339966,-0.4318403899669647,-0.6255680620670319,0.34736059449185375,0,0
121,5,x1,1110,1110,1000,-0.00018727016868069768,-9.530014038085938,9.529826767917257,0.9998141737316996,1,0
121,6,c32,1110,1100,1100,-1.6037310361862183,-0.24879850447177887,-1.3549325317144394,0.20114801979663277,0,0
121,7,s30,0111,1110,1110,-1.6602672338485718,-0.3870561420917511,-1.2732110917568207,0.1900888385159417,0,0
121,8,t120,1111,1111,0111,-0.228822723031044,-1.6012357473373413,1.3724130243062973,0.7954842966146807,1,0
122,1,t120,1011,1011,0011,-1.0784902572631836,-2.185781240463257,1.1072909832000732,0.3402199022612108,1,0
122,2,c21,1111,1111,1011,-0.21232274174690247,-1.8296325206756592,1.6173097789287567,0.8087222634915286,1,0
122,3,c23,1110,1110,1111,-0.05587909743189812,-2.9308791160583496,2.8750000186264515,0.9456654448516466,1,0
122,4,t210,0110,1110,1110,-0.7365027666091919,-0.6932797431945801,-0.043223023414611816,0.47879174886560555,0,0
122,5,x1,0010,0010,1010,-0.007265775464475155,-5.717455863952637,5.710190088488162,0.99279317005493,1,0
122,6,c02,0010,0010,0000,-0.018262848258018494,-4.034280300140381,4.016017451882362,0.9819029658554815,1,0
122,7,s31,0010,0010,0110,-0.25302690267562866,-1.531753659248352,1.2787267565727234,0.776447880568942,1,0
122,8,t312,0010,0010,0000,-0.00010919104533968493,-9.283754348754883,9.283645157709543,0.9998908452662141,1,0
123,1,s32,0000,0000,0010,-0.9692597389221191,-1.8539568185806274,0.8846970796585083,0.3801676541258279,1,0
123,2,x1,0100,0100,0010,-0.13844341039657593,-2.6501669883728027,2.511723577976227,0.8708228957926338,1,0
123,3,t103,0100,0100,0000,-0.023979127407073975,-5.302670478820801,5.278691351413727,0.9763972576145281,1,0
123,4,s02,0100,0100,1100,-0.5816603302955627,-0.9345735311508179,0.3529132008552551,0.558982341109611,1,0
123,5,s21,0010,0100,0100,-1.0044996738433838,-0.7760342955589294,-0.22846537828445435,0.366230424105223,0,0
123,6,x2,0000,0000,0001,-0.004790837876498699,-6.254791259765625,6.250000421889126,0.9952274307068825,1,0
123,7,t012,0000,0000,0010,-0.00011038540105801076,-9.877578735351562,9.877468349950504,0.9998898641580867,1,0
123,8,x0,1000,1000,0000,-0.0026266875211149454,-6.13930606842041,6.136679380899295,0.9978074686120169,1,0
124,1,x2,1000,1000,1011,-1.0952322483062744,-2.2337121963500977,1.1384799480438232,0.3347238287618706,1,0
124,2,x1,1100,1100,1000,-0.11867769807577133,-2.749735116958618,2.631057418882847,0.8881179480721453,1,0
124,3,s32,1100,1100,1110,-0.35481441020965576,-1.3243465423583984,0.9695321321487427,0.7013193627018439,1,0
124,4,x2,1110,1110,1101,-0.010703511536121368,-5.281137466430664,5.270433954894543,0.9893585813466218,1,0
124,5,t213,1111,1111,1110,-0.580306351184845,-0.830306351184845,0.25,0.559735810988462,1,0
124,6,c23,1110,1110,1111,-0.0760953277349472,-2.7010953426361084,2.625000014901161,0.9267343557913975,1,0
124,7,x0,0110,0110,1110,-0.029887191951274872,-3.9303030967712402,3.9004159048199654,0.9709891868112543,1,0
124,8,c13,0111,0111,0110,-0.08432981371879578,-2.584329843521118,2.5000000298023224,0.9191293111127035,1,0
125,1,t032,1001,1011,1011,-2.0874013900756836,-1.5137971639633179,-0.5736042261123657,0.12408953827064731,0,0
125,2,x2,1011,1011,1000,-0.25459516048431396,-3.0798516273498535,2.8252564668655396,0.7752951835194196,1,0
125,3,t103,1011,1011,1010,-0.16864506900310516,-1.9186451435089111,1.750000074505806,0.8448403986573918,1,0
125,4,c03,1010,1010,1011,-0.03571847453713417,-3.4107184410095215,3.3749999664723873,0.96491730402488,1,0
125,5,x1,1110,1110,1010,-0.0019962629303336143,-6.89518928527832,6.893193022347987,0.9980063722141348,1,0
125,6,t301,1110,1110,1010,-0.04374616593122482,-3.1688315868377686,3.1250854209065437,0.95719767820196,1,0
125,7,x2,1100,1100,1101,-0.0003582866338547319,-8.000358581542969,8.000000294909114,0.9996435935157996,1,0
125,8,c31,1100,1100,1000,-0.08905263245105743,-2.4692039489746094,2.380151316523552,0.9147984613532915,1,0
126,1,s20,0011,1001,1001,-2.3838486671447754,-1.5361781120300293,-0.8476705551147461,0.09222397866335875,0,0
126,2,t302,0011,0011,0001,-1.2069216966629028,-1.9809364080429077,0.7740147113800049,0.2993084256745843,1,0
126,3,c02,0011,0011,0000,-0.0048514362424612045,-6.387081623077393,6.382230186834931,0.995166748255107,1,0
126,4,t302,0011,0011,0001,-0.014950180426239967,-4.391054630279541,4.376104449853301,0.9851770913614085,1,0
126,5,t031,0011,0011,1011,-0.00047280872240662575,-8.009303092956543,8.008830284234136,0.9995307868640393,1,0
126,6,c32,0001,0001,0011,-0.42898106575012207,-1.0552488565444946,0.6262677907943726,0.651173998784026,1,0
126,7,x1,0101,0101,0001,-0.0017845963593572378,-7.003780841827393,7.001996245468035,0.9982214760008824,1,0
126,8,x0,1101,1101,0101,-0.027162088081240654,-4.531635761260986,4.504473673179746,0.9876713105925538,1,0
127,1,s31,1111,1111,1101,-1.2778548002243042,-2.1243720054626465,0.8465172052383423,0.27872297594314965,1,0
127,2,c30,0111,0111,1111,-0.5360973477363586,-1.6211495399475098,1.0850521922111511,0.5851823468113773,1,0
127,3,t231,0011,0011,0111,-0.5881027579307556,-0.8391351103782654,0.25103235244750977,0.5553886369888446,1,0
127,4,s32,0011,0011,0001,-0.5079543590545654,-0.9841325283050537,0.4761781692504883,0.601733298096273,1,0
127,5,c13,0011,0011,0010,-0.07012481242418289,-2.695124864578247,2.625000052154064,0.9322803959842066,1,0
127,6,c10,0011,1011,1011,-1.7016500234603882,-0.20248037576675415,-1.499169647693634,0.18240121438340143,0,0
127,7,c32,0001,0001,0011,-0.42908427119255066,-1.058408498764038,0.6293242275714874,0.6511083151904863,1,0
127,8,s20,0001,0001,1000,-0.5777556896209717,-1.4033024311065674,0.8255467414855957,0.5611616226893492,1,0
128,1,c03,1111,1111,1110,-1.0413535833358765,-1.9163535833358765,0.875,0.3534093916692818,1,0
128,2,x3,1110,1110,0000,-0.06440623104572296,-4.602394104003906,4.537987872958183,0.9377353717926717,1,0
128,3,c23,1111,1111,1110,-0.1657067835330963,-1.915706753730774,1.7499999701976776,0.8472988942364401,1,0
128,4,x0,0111,0111,1111,-0.01946013607084751,-5.569684982299805,5.550224846228957,0.9917294864483266,1,0
128,5,s03,1110,1110,0111,-0.5938096046447754,-1.325270414352417,0.7314608097076416,0.5522429180913758,1,0
128,6,x1,1010,1010,1110,-0.005653465632349253,-5.706523895263672,5.700870429631323,0.9943923786690176,1,0
128,7,c10,1010,1010,0010,-0.048644062131643295,-3.048882484436035,3.000238422304392,0.9525202391627988,1,0
128,8,s13,1010,1110,1110,-0.981307327747345,-0.551899254322052,-0.42940807342529297,0.3748208978394471,0,0
129,1,t123,0000,0000,0001,-0.8278947472572327,-1.827894687652588,0.9999999403953552,0.4381124367566609,1,0
129,2,t013,0000,0000,1000,-0.005463891662657261,-6.783557415008545,6.778093523345888,0.9945637831066121,1,0
129,3,c30,0000,0000,1000,-0.06197848916053772,-2.8119759559631348,2.749997466802597,0.9399079160200454,1,0
129,4,x1,0100,0100,0000,-0.0009477743878960609,-7.000984191894531,7.000036417506635,0.9990535893623468,1,0
129,5,c10,1100,1100,0100,-0.20158398151397705,-1.7018554210662842,1.5002714395523071,0.8174426813350834,1,0
129,6,s10,1100,1100,0101,-0.8946394324302673,-1.347261905670166,0.4526224732398987,0.40876283785727024,1,0
129,7,t320,1100,1100,0100,-0.16026216745376587,-1.9216914176940918,1.761429250240326,0.8519225773146902,1,0
129,8,s30,0101,1100,1100,-0.9583370089530945,-0.5762263536453247,-0.3821106553077698,0.3835324100627251,0,0
130,1,t103,1000,1000,1001,-0.9173960089683533,-1.9173959493637085,0.9999999403953552,0.40097122157570386,1,0
130,2,t120,1000,1000,0000,-0.39474499225616455,-1.755152702331543,1.3604077100753784,0.6738563770688822,1,0
130,3,s30,0001,0001,1000,-0.6434403657913208,-0.8261003494262695,0.18265998363494873,0.525488362758832,1,0
130,4,c12,0001,0001,0011,-0.07015842199325562,-2.6986000537872314,2.628441631793976,0.9322467792383659,1,0
130,5,t021,0001,0001,1001,-6.329882307909429e-05,-10.295442581176758,10.295379282353679,0.9999418643644663,1,0
130,6,s32,0010,0001,0001,-0.9106981158256531,-0.5342362523078918,-0.37646186351776123,0.4022433140922445,0,0
130,7,x1,0110,0110,0010,-0.004184015095233917,-5.504457950592041,5.500273935496807,0.9958284966029697,1,0
130,8,c13,0111,0111,0110,-0.5257343649864197,-0.9007343649864197,0.375,0.5911253141976213,1,0
131,1,c12,0010,0010,0000,-1.1391017436981201,-2.111466407775879,0.9723646640777588,0.320485146614448,1,0
131,2,c20,1010,0010,0010,-0.7051759362220764,-0.69716477394104,-0.008011162281036377,0.49403940620339276,0,0
131,3,x0,0010,0010,1010,-0.03997305780649185,-3.795145034790039,3.755171976983547,0.9608389716875964,1,0
131,4,x1,0110,0110,0010,-0.00951759610325098,-4.764060020446777,4.754542424343526,0.9905341700044921,1,0
131,5,t031,0110,0110,1110,-0.0013396911090239882,-7.21834659576416,7.217006904655136,0.9986627383496016,1,0
131,6,c30,0110,1110,1110,-1.136976718902588,-0.3869982659816742,-0.7499784529209137,0.3208017554716317,0,0
131,7,c21,0010,0110,0110,-0.7587200403213501,-0.6329039335250854,-0.12581610679626465,0.4682660575472431,0,0
131,8,s30,0010,0010,1010,-0.38770344853401184,-1.6111153364181519,1.22341188788414,0.6786150994325484,1,0
132,1,c01,1001,1001,1101,-1.440324306488037,-2.1373653411865234,0.6970410346984863,0.23691896027306505,1,0
132,2,x1,1101,1101,1011,-0.010021990165114403,-6.190132141113281,6.180110150948167,0.990055572488223,1,0
132,3,c23,1101,1100,1100,-0.8286624550819397,-0.5786624550819397,-0.25,0.4366462421142447,0,0
132,4,x2,1111,1111,1110,-0.000630908296443522,-8.313130378723145,8.312499470426701,0.9993762712851109,1,0
132,5,x0,0111,0111,1111,-0.005107352510094643,-5.832616329193115,5.827508976683021,0.9958558939034834,1,0
132,6,s23,0111,0111,0101,-0.6547626852989197,-0.9772031307220459,0.3224404454231262,0.519565668835609,1,0
132,7,x0,1111,1111,0111,-0.00836833007633686,-5.166244983673096,5.157876653596759,0.9917397123909805,1,0
132,8,t120,0111,0111,1111,-0.2521025538444519,-1.5022398233413696,1.2501372694969177,0.777206244293616,1,0
133,1,s20,0101,0101,1101,-1.5041016340255737,-2.477867603302002,0.9737659692764282,0.22227817444102424,1,0
133,2,s21,0011,0101,0101,-1.3685028553009033,-0.7007532119750977,-0.6677496433258057,0.25450197827769105,0,0
133,3,s31,0110,0101,0101,-2.2321321964263916,-0.9677050113677979,-1.2644271850585938,0.10730531638515771,0,0
133,4,x1,0010,0010,0011,-0.8704635500907898,-1.3704636096954346,0.5000000596046448,0.41882113555988015,1,0
133,5,t213,0010,0010,0001,-0.07267989963293076,-4.3861846923828125,4.313504792749882,0.930000141632512,1,0
133,6,t203,0010,0010,0011,-0.0049093859270215034,-5.629909515380859,5.625000129453838,0.9951119460952665,1,0
133,7,t321,0010,0010,0110,-0.201715886592865,-1.7364885807037354,1.5347726941108704,0.8173319332700262,1,0
133,8,s30,0010,0010,1000,-0.835712194442749,-1.1200913190841675,0.28437912464141846,0.433581172467373,1,0
134,1,t012,0001,0001,0011,-0.7881292104721069,-2.5520639419555664,1.7639347314834595,0.4551206408476781,1,0
134,2,s02,0001,0001,1000,-0.4749607741832733,-1.0646921396255493,0.589731365442276,0.6219186800870544,1,0
134,3,x3,0000,0000,0001,-0.05062710866332054,-3.0506269931793213,2.9999998845160007,0.9506457516408091,1,0
134,4,t012,0000,0000,1000,-9.27425644476898e-05,-10.118941307067871,10.118848564503423,0.9999086114052462,1,0
134,5,s10,0000,0000,1000,-0.011194584891200066,-4.511079788208008,4.499885203316808,0.9888689655721328,1,0
134,6,t213,0000,0000,1000,-0.00015031399379950017,-9.827580451965332,9.827430137971533,0.9998588269675304,1,0
134,7,t201,0000,0000,1000,-3.540487523423508e-05,-11.0003662109375,11.000330806062266,0.9999665295950381,1,0
134,8,t310,0000,0000,1000,-0.005239233374595642,-5.255239963531494,5.2500007301568985,0.9947751068179449,1,0
135,1,t012,0001,0001,0010,-0.6673266887664795,-2.7983946800231934,2.131067991256714,0.513753479622921,1,0
135,2,x0,1001,1001,0001,-0.004145163111388683,-6.220346927642822,6.216201764531434,0.9961027225367866,1,0
135,3,x1,1101,1101,1011,-0.000914854696020484,-7.863986968994141,7.86307211429812,0.9991078516758295,1,0
135,4,c31,1001,1101,1101,-1.1369876861572266,-0.38700664043426514,-0.7499810457229614,0.3207848694104096,0,0
135,5,s03,1001,1001,0001,-0.5800489783287048,-1.0796303749084473,0.49958139657974243,0.5598717005061551,1,0
135,6,t320,1001,1001,0001,-0.12695232033729553,-2.129786252975464,2.0028339326381683,0.880775981163263,1,0
135,7,s32,1010,1001,1001,-0.7632585167884827,-0.7043700218200684,-0.05888849496841431,0.4661451347511748,0,0
135,8,s21,1100,1100,1010,-0.18658873438835144,-1.8084245920181274,1.621835857629776,0.8297850461111802,1,0
136,1,t210,1100,1100,0100,-0.9406063556671143,-1.9620192050933838,1.0214128494262695,0.39055461606597813,1,0
136,2,x0,0100,0100,1101,-0.05605221167206764,-4.0905046463012695,4.034452434629202,0.9455312855430772,1,0
136,3,t301,0100,0100,0001,-0.006878230720758438,-5.819323539733887,5.812445309013128,0.9931468995288266,1,0
136,4,s01,1000,0100,0100,-0.97566157579422,-0.47690439224243164,-0.49875718355178833,0.3769483999921658,0,0
136,5,t320,1000,1000,0001,-0.2017289251089096,-2.106785774230957,1.9050568491220474,0.817415424218802,1,0
136,6,s23,1000,1000,1010,-0.10549237579107285,-2.4645543098449707,2.359061934053898,0.8999245372540776,1,0
136,7,c20,1000,1000,0000,-0.3132666349411011,-1.5656830072402954,1.2524163722991943,0.7310572975165622,1,0
136,8,s30,0001,1000,1000,-0.8609622716903687,-0.8263686895370483,-0.03459358215332031,0.42275990125055546,0,0
137,1,t032,1010,1010,1000,-1.2426871061325073,-2.0860543251037598,0.8433672189712524,0.28881690984829456,1,0
137,2,x3,1011,1011,0011,-0.03455119952559471,-5.375361442565918,5.340810243040323,0.9661342679822236,1,0
137,3,x3,1010,1010,0000,-0.00036617479054257274,-9.933134078979492,9.93276790418895,0.9996347532531129,1,0
137,4,c23,1011,1011,1010,-0.5762345790863037,-0.8262345790863037,0.25,0.5620110161608229,1,0
137,5,x2,1001,1001,1010,-0.0004817684239242226,-7.876223087310791,7.875741318886867,0.9995342215825667,1,0
137,6,c23,1001,1001,1000,-0.07010811567306519,-2.695107936859131,2.6249998211860657,0.9322932930356799,1,0
137,7,t210,1001,1001,0001,-0.06203588470816612,-2.813389301300049,2.7513534165918827,0.939849750269714,1,0
137,8,t210,1001,1001,0001,-0.16025562584400177,-1.9107431173324585,1.7504874914884567,0.8519281671662199,1,0
138,1,c21,1011,1111,1111,-1.462584137916565,-1.4625682830810547,-1.5854835510253906e-05,0.23170764893791188,0,0
138,2,x3,1010,1010,1001,-0.10030518472194672,-3.6229028701782227,3.522597685456276,0.9047171084706241,1,0
138,3,t321,1010,1010,1110,-0.2027183324098587,-1.7193291187286377,1.516610786318779,0.8165096072917946,1,0
138,4,t201,1110,1010,1010,-4.5161590576171875,-0.01256641000509262,-4.503592647612095,0.010930949833130274,0,0
138,5,x2,1100,1100,1101,-0.000432922737672925,-8.187932968139648,8.187500045401976,0.9995717482973274,1,0
138,6,t023,1100,1100,1101,-0.14273719489574432,-2.0177371501922607,1.8749999552965164,0.8669847860537825,1,0
138,7,c32,1100,1100,1110,-0.5774782299995422,-0.8260159492492676,0.24853771924972534,0.5613126791623408,1,0
138,8,x3,1101,1101,1100,-0.0011635348200798035,-6.876163005828857,6.874999471008778,0.9988407557108595,1,0
139,1,s13,1001,1100,1100,-2.5775504112243652,-1.3385858535766602,-1.238964557647705,0.07598733061019719,0,0
139,2,t312,1001,1001,1011,-0.7684388756752014,-1.4946949481964111,0.7262560725212097,0.4639402185085852,1,0
139,3,s21,1001,1100,1100,-0.8740341663360596,-0.5946100354194641,-0.27942413091659546,0.4172836164470836,0,0
139,4,x2,1011,1011,1000,-0.002474274253472686,-6.5143303871154785,6.511856112862006,0.9975399770038752,1,0
139,5,c23,1010,1010,1011,-0.28165456652641296,-1.4066545963287354,1.1250000298023224,0.754548273203179,1,0
139,6,c30,1010,1010,0010,-0.4744430482387543,-0.9829400777816772,0.508497029542923,0.622238526733142,1,0
139,7,x0,0010,0010,1010,-0.01617414318025112,-4.141815185546875,4.125641042366624,0.9840234225463009,1,0
139,8,t231,0010,0010,0110,-0.007740817032754421,-4.889621734619141,4.881880917586386,0.9922895163853235,1,0
140,1,c13,0110,0110,0111,-1.2917484045028687,-1.5417484045028687,0.25,0.275108884337937,1,0
140,2,x0,1110,1110,0110,-0.22753015160560608,-3.463108777999878,3.235578626394272,0.7971217231637316,1,0
140,3,s23,1101,1110,1110,-0.9075664281845093,-0.7004525661468506,-0.2071138620376587,0.4035122839746701,0,0
140,4,s32,1110,1110,1101,-0.7272770404815674,-0.9708003401756287,0.24352329969406128,0.4832249171032969,1,0
140,5,t230,1110,0110,0110,-0.9753533005714417,-0.49526822566986084,-0.4800850749015808,0.3770840037049731,0,0
140,6,t231,1110,1110,1010,-0.1307477056980133,-2.13334059715271,2.0025928914546967,0.8774403544872276,1,0
140,7,s03,0111,1110,1110,-1.0780754089355469,-0.5233255624771118,-0.5547498464584351,0.3402528752278499,0,0
140,8,x2,0101,0101,1101,-0.007266742642968893,-5.761722087860107,5.7544553452171385,0.9927730070136244,1,0
141,1,x2,1000,1000,1011,-1.2060551643371582,-2.0574684143066406,0.8514132499694824,0.29963866044748694,1,0
141,2,x2,1010,1010,1001,-0.096710704267025,-2.764376640319824,2.6676659360527992,0.9078463764366151,1,0
141,3,s01,0110,1010,1010,-1.2198184728622437,-0.6072516441345215,-0.6125668287277222,0.2952873856619856,0,0
141,4,s02,1100,0110,0110,-1.0131959915161133,-0.8641722798347473,-0.14902371168136597,0.36306331859743446,0,0
141,5,s31,1001,1100,1100,-1.053140640258789,-0.5670698881149292,-0.48607075214385986,0.3488562723112479,0,0
141,6,t132,1001,1011,1011,-0.844424843788147,-0.614256739616394,-0.23016810417175293,0.42981026545943823,0,0
141,7,t201,1001,1001,1101,-0.39360281825065613,-1.1462290287017822,0.7526262104511261,0.674622333261668,1,0
141,8,s02,0011,1001,1001,-0.7646563649177551,-0.6987794637680054,-0.06587690114974976,0.4654956088897477,0,0
142,1,x1,0000,0000,0110,-1.5933160781860352,-2.1874420642852783,0.5941259860992432,0.2033395780683093,1,0
142,2,s13,0000,0000,0100,-0.5327927470207214,-1.4309825897216797,0.8981898427009583,0.5869752204114409,1,0
142,3,t201,0000,0000,1000,-0.0068247197195887566,-6.155511856079102,6.148687136359513,0.9932096523869416,1,0
142,4,t321,0000,0000,0100,-0.0009069718653336167,-7.501678943634033,7.5007719717687,0.9990977106876169,1,0
142,5,s01,0000,0000,1000,-0.16026447713375092,-1.910563349723816,1.750298872590065,0.8519192039842105,1,0
142,6,t123,0000,0000,1000,-9.78677999228239e-05,-9.92320728302002,9.923109415220097,0.9999030347404607,1,0
142,7,t012,0000,0000,1000,-2.4914490495575592e-05,-10.752067565917969,10.752042651427473,0.9999760318043299,1,0
142,8,s23,0000,0000,0010,-0.029501531273126602,-3.651333808898926,3.621832277625799,0.9709293352486067,1,0
143,1,s01,0001,0001,1000,-0.8155755996704102,-2.8160476684570312,2.000472068786621,0.44251342946502265,1,0
143,2,s20,0001,0001,1000,-0.7200062870979309,-1.1052055358886719,0.38519924879074097,0.48676150467168094,1,0
143,3,t130,0001,0001,1001,-0.06200737878680229,-2.8417367935180664,2.779729414731264,0.9398820261118346,1,0
143,4,s10,0001,0001,1000,-0.3900752365589142,-1.152384877204895,0.7623096406459808,0.6770201948751581,1,0
143,5,x1,0101,0101,0011,-0.0014264034107327461,-6.806126117706299,6.804699714295566,0.998581444451545,1,0
143,6,x2,0111,0111,1110,-0.00016616974608041346,-10.24783706665039,10.24767089690431,0.9998439988169877,1,0
143,7,t021,0111,0111,1111,-0.004640323109924793,-5.839937210083008,5.835296886973083,0.9953713039583588,1,0
143,8,x1,0011,0011,0101,-0.00014292713603936136,-9.6878080368042,9.68766510966816,0.9998583348854397,1,0
144,1,c01,0111,0111,0011,-1.0703928470611572,-2.4127449989318848,1.3423521518707275,0.34306835463318636,1,0
144,2,x0,1111,1111,0110,-0.04113796353340149,-4.587356090545654,4.546218127012253,0.9602571775019773,1,0
144,3,c23,1110,1110,1111,-0.09148909151554108,-2.59148907661438,2.499999985098839,0.9126215577233947,1,0
144,4,t120,0110,1110,1110,-0.8277939558029175,-0.5760321617126465,-0.251761794090271,0.43701631848610684,0,0
144,5,x3,0111,0111,1111,-0.0005231484537944198,-8.314543724060059,8.314020575606264,0.9994781281574414,1,0
144,6,s12,0111,0111,0011,-0.13139432668685913,-2.1294806003570557,1.9980862736701965,0.8768725824732213,1,0
144,7,c21,0011,0111,0111,-0.7584384083747864,-0.6335541009902954,-0.12488430738449097,0.4683987018559676,0,0
144,8,s03,1010,1010,0011,-0.5626908540725708,-0.8991989493370056,0.3365080952644348,0.5696843778512372,1,0
145,1,t203,0110,0111,0111,-1.594461441040039,-1.469461441040039,-0.125,0.20343326305429,0,0
145,2,t102,0110,0110,0100,-0.6031922698020935,-0.9946399331092834,0.39144766330718994,0.5470833045787411,1,0
145,3,t301,0110,0110,0010,-0.03135666251182556,-3.6092605590820312,3.5779038965702057,0.9691353192290355,1,0
145,4,s31,0011,0110,0110,-1.0548831224441528,-0.47459402680397034,-0.5802890956401825,0.34823685372321156,0,0
145,5,x3,0010,0010,1010,-0.0004393468552734703,-9.755069732666016,9.754630385810742,0.9995706927765357,1,0
145,6,s21,0100,0100,0010,-0.7609655857086182,-0.8342832326889038,0.07331764698028564,0.46721675464149104,1,0
145,7,c20,0100,1100,1100,-0.9746548533439636,-0.4749601185321808,-0.49969473481178284,0.37736925015498163,0,0
145,8,c12,0110,0100,0100,-1.143646478652954,-0.39366981387138367,-0.7499766647815704,0.3186559951295686,0,0
146,1,x1,0111,0111,0001,-1.3831021785736084,-2.179334878921509,0.7962327003479004,0.25089126140717766,1,0
146,2,t012,0111,0111,0101,-0.15959452092647552,-2.538325786590576,2.3787312656641006,0.8525348965522161,1,0
146,3,x2,0101,0101,1000,-0.00469314306974411,-7.293128967285156,7.288435824215412,0.9953454564859924,1,0
146,4,s12,0011,0101,0101,-1.5410633087158203,-0.26491549611091614,-1.2761478126049042,0.21415362389910877,0,0
146,5,x0,1011,1011,1001,-0.011042795144021511,-5.152867317199707,5.1418245220556855,0.9892015796716233,1,0
146,6,t123,1011,1011,1010,-0.18193784356117249,-1.80693781375885,1.6249999701976776,0.8336680174305755,1,0
146,7,x0,0011,0011,1111,-0.008639240637421608,-4.960752964019775,4.952113723382354,0.9914067437606316,1,0
146,8,s02,1001,1001,0011,-0.4372130334377289,-1.1435203552246094,0.7063073217868805,0.6458476313728937,1,0
147,1,x2,1010,1010,1011,-0.9267730712890625,-2.6767730712890625,1.75,0.39628309722202054,1,0
147,2,x3,1011,1011,1000,-0.05849623307585716,-4.27283239364624,4.214336160570383,0.9432874637268833,1,0
147,3,x0,0011,0011,1011,-0.02695358917117119,-4.21753454208374,4.190580952912569,0.9736664573156791,1,0
147,4,t230,1011,0011,0011,-0.7014937996864319,-0.6945169568061829,-0.0069768428802490234,0.49584948872898105,0,0
147,5,s12,1101,1101,1011,-0.5566664338111877,-1.1697441339492798,0.613077700138092,0.5731344670330729,1,0
147,6,s13,1101,1101,1001,-0.37527045607566833,-1.2769007682800293,0.901630312204361,0.6871123468109674,1,0
147,7,s31,1101,1101,1001,-0.34983566403388977,-1.3205455541610718,0.970709890127182,0.7048056830659588,1,0
147,8,s12,1011,1101,1101,-1.4151355028152466,-0.3212290108203888,-1.0939064919948578,0.24289286940178434,0,0
148,1,s12,0000,0000,0100,-1.0447618961334229,-2.1507697105407715,1.1060078144073486,0.35195204855414935,1,0
148,2,s01,0000,0000,1000,-0.331279456615448,-1.411137580871582,1.079858124256134,0.7180235668857706,1,0
148,3,t031,0000,0000,1000,-0.0007861597696319222,-8.17371654510498,8.172930385335349,0.9992293276282084,1,0
148,4,s01,0000,0000,1000,-0.06198590248823166,-2.8120925426483154,2.7501066401600838,0.9398972793695617,1,0
148,5,x3,0001,0001,0000,-0.00245650508441031,-6.127456188201904,6.124999683117494,0.9975530312553254,1,0
148,6,s10,0001,0001,1000,-0.10046220570802689,-2.4507508277893066,2.3502886220812798,0.9044199105189641,1,0
148,7,t320,0001,0001,1001,-0.023257922381162643,-3.7784831523895264,3.7552252300083637,0.9770122205463776,1,0
148,8,t301,0001,0001,1001,-0.0008144188323058188,-7.298959255218506,7.2981448363862,0.9991872163903849,1,0
149,1,c30,0100,0100,1100,-1.1956592798233032,-1.307006597518921,0.11134731769561768,0.3026430460500508,1,0
149,2,x1,0000,0000,0110,-0.06292882561683655,-3.3144853115081787,3.251556485891342,0.9390841759388271,1,0
149,3,c21,0000,0000,0100,-0.03841225430369377,-3.288461923599243,3.2500496692955494,0.9623220626998238,1,0
149,4,t301,0000,0000,1000,-0.00018857605755329132,-8.939854621887207,8.939666045829654,0.9998136167081946,1,0
149,5,x2,0010,0010,0001,-0.0018355995416641235,-6.474557399749756,6.472721800208092,0.9981729601623376,1,0
149,6,c23,0011,0011,0010,-0.5783258080482483,-0.8283258080482483,0.25,0.5608438282464067,1,0
149,7,x2,0001,0001,0010,-0.0017679588636383414,-6.376728057861328,6.37496009899769,0.998241791172624,1,0
149,8,c32,0011,0011,0001,-0.5322470664978027,-0.9027113318443298,0.3704642653465271,0.5872873412024735,1,0
150,1,s20,0011,1001,1001,-2.258927822113037,-1.6689887046813965,-0.5899391174316406,0.10449891610586765,0,0
150,2,c32,0001,0001,0011,-1.8255205154418945,-2.325530529022217,0.5000100135803223,0.16125407973446496,1,0
150,3,t120,0001,0001,1000,-0.49527862668037415,-1.8138173818588257,1.3185387551784515,0.6094648059487541,1,0
150,4,x0,1001,1001,1000,-0.03080746904015541,-4.0308074951171875,4.000000026077032,0.9697909473066098,1,0
150,5,c30,0001,1001,1001,-0.6957408785820007,-0.693585216999054,-0.0021556615829467773,0.49873298203771854,0,0
150,6,x1,0101,0101,0001,-0.004802543204277754,-5.853949069976807,5.849146526772529,0.9952325239282537,1,0
150,7,c20,0101,1101,1101,-1.3140989542007446,-0.31382516026496887,-1.0002737939357758,0.2687462660804974,0,0
150,8,s02,0101,1100,1100,-0.8302238583564758,-0.6491838693618774,-0.1810399889945984,0.4359552394700195,0,0
151,1,s31,1110,1011,1011,-2.413762092590332,-1.4613854885101318,-0.9523766040802002,0.08950504239959806,0,0
151,2,s32,1101,1110,1110,-1.5062246322631836,-1.468433141708374,-0.03779149055480957,0.2217848312940218,0,0
151,3,t301,1001,1101,1101,-1.6830745935440063,-0.781785786151886,-0.9012888073921204,0.18581322278434453,0,0
151,4,s20,0011,1001,1001,-1.6789062023162842,-0.8363909721374512,-0.842515230178833,0.18658418499378415,0,0
151,5,x3,0010,0010,0011,-0.13136006891727448,-3.5063600540161133,3.374999985098839,0.8770703353345557,1,0
151,6,s12,0100,0010,0010,-0.9048728346824646,-0.778067409992218,-0.12680542469024658,0.4045976708770755,0,0
151,7,t130,0100,1100,1100,-0.9852482080459595,-0.48987582325935364,-0.49537238478660583,0.3733619790398529,0,0
151,8,c32,0100,0100,0110,-0.5865676999092102,-0.8310181498527527,0.24445044994354248,0.5562440604179896,1,0
152,1,t132,1000,1000,1010,-0.8813139200210571,-2.067534923553467,1.1862210035324097,0.41468337867244254,1,0
152,2,c03,1001,1001,1000,-0.5466641783714294,-0.9216641783714294,0.375,0.5789040602776074,1,0
152,3,x1,1101,1101,1001,-0.013039885088801384,-5.620365142822266,5.607325257733464,0.9870474148465314,1,0
152,4,t321,1101,1101,1001,-0.31336501240730286,-1.315171480178833,1.0018064677715302,0.7309846026000963,1,0
152,5,c02,1111,1111,1101,-0.000527337018866092,-8.538148880004883,8.537621542986017,0.9994791751239224,1,0
152,6,s21,1111,1111,1011,-0.2278912216424942,-1.6010020971298218,1.3731108754873276,0.7962119756574149,1,0
152,7,t032,1101,1101,1111,-0.14320333302021027,-2.030543565750122,1.8873402327299118,0.8665823462678361,1,0
152,8,x3,1100,1100,1101,-0.0004539838992059231,-7.812953948974609,7.8124999650754035,0.9995521590872892,1,0
153,1,s32,0111,0111,0101,-1.8528826236724854,-2.0500481128692627,0.19716548919677734,0.1569537725542252,1,0
153,2,s10,1011,0111,0111,-1.424142837524414,-1.323087453842163,-0.10105538368225098,0.2407405071835162,0,0
153,3,s12,1101,1101,1011,-0.6759288907051086,-1.3911833763122559,0.7152544856071472,0.5087889114357828,1,0
153,4,x3,1100,1100,1101,-0.02573259547352791,-4.27573299407959,4.250000398606062,0.9749066901104364,1,0
153,5,t102,1110,1100,1100,-1.40950608253479,-0.285051554441452,-1.124454528093338,0.244267100430204,0,0
153,6,s30,0111,1110,1110,-1.224387288093567,-0.5286205410957336,-0.6957667469978333,0.2939578896773004,0,0
153,7,s21,0111,0111,0011,-0.6396247148513794,-1.067032814025879,0.4274080991744995,0.5275010278458844,1,0
153,8,s12,0111,0111,0011,-0.7605112791061401,-1.2753413915634155,0.5148301124572754,0.467447295295786,1,0
154,1,x0,1000,1000,0000,-1.189792275428772,-1.7737605571746826,0.5839682817459106,0.30444163763755366,1,0
154,2,s32,1000,1000,1010,-0.878671407699585,-1.6142202615737915,0.7355488538742065,0.41555879826830316,1,0
154,3,x2,1010,1010,1001,-0.22649507224559784,-2.0193159580230713,1.7928208857774734,0.79737551424663,1,0
154,4,t021,1110,1010,1010,-1.1322957277297974,-0.5080044269561768,-0.6242913007736206,0.32230543956002083,0,0
154,5,c02,1100,1100,1010,-0.15738919377326965,-3.352090835571289,3.1947016417980194,0.8545622386186393,1,0
154,6,t203,1100,1100,1101,-0.44288870692253113,-1.0678887367248535,0.6250000298023224,0.6422247016310156,1,0
154,7,s31,1001,1100,1100,-0.8891369700431824,-0.6415826082229614,-0.24755436182022095,0.41101204830565186,0,0
154,8,c20,1001,0001,0001,-1.1199579238891602,-0.7810590863227844,-0.33889883756637573,0.32630612716427376,0,0
155,1,c32,1010,1010,1000,-1.4671072959899902,-1.8520538806915283,0.3849465847015381,0.23073690866911936,1,0
155,2,s20,1010,1010,0011,-0.7104000449180603,-1.3847203254699707,0.6743202805519104,0.49145266184530845,1,0
155,3,c12,1010,1010,1000,-0.22574719786643982,-1.6066097021102905,1.3808625042438507,0.7979240035891118,1,0
155,4,x1,1110,1110,1010,-0.0007000377518124878,-7.383395195007324,7.382695157255512,0.9993014478981699,1,0
155,5,x1,1010,1010,1100,-0.0012495757546275854,-7.002410411834717,7.001160836080089,0.9987530969970223,1,0
155,6,c23,1011,1011,1010,-0.6328694224357605,-0.7578694224357605,0.125,0.5310666566349663,1,0
155,7,x3,1010,1010,1001,-1.8000544514507055e-05,-11.767693519592285,11.76767551904777,0.9999834376317043,1,0
155,8,c32,1010,1010,1000,-0.16635777056217194,-1.9484705924987793,1.7821128219366074,0.8467432583285417,1,0
156,1,s32,0010,0001,0001,-1.8049561977386475,-1.3329393863677979,-0.4720168113708496,0.16468403893929262,0,0
156,2,c32,0010,0010,0000,-1.2659780979156494,-1.707200288772583,0.4412221908569336,0.28210915095547645,1,0
156,3,x0,1010,1010,1000,-0.10581320524215698,-3.53320050239563,3.427387297153473,0.8999832501758661,1,0
156,4,c10,1010,1010,0010,-0.314585417509079,-1.3166654109954834,1.0020799934864044,0.7300980303495673,1,0
156,5,t021,1110,1010,1010,-1.058053731918335,-0.42956307530403137,-0.6284906566143036,0.3471348679857895,0,0
156,6,s31,1011,1110,1110,-0.8837368488311768,-0.5852240920066833,-0.2985127568244934,0.4132395293532805,0,0
156,7,x3,1010,1010,1011,-0.0011432092869654298,-7.126142978668213,7.1249997693812475,0.9988942726814086,1,0
156,8,x1,1110,1110,1000,-0.0006661562947556376,-7.921172618865967,7.920506462571211,0.9993355440895402,1,0
157,1,x1,0101,0101,0001,-1.5213013887405396,-1.9517699480056763,0.4304685592651367,0.2185178649399178,1,0
157,2,c12,0111,0111,0101,-0.5016564726829529,-1.517303705215454,1.0156472325325012,0.6055869539866688,1,0
157,3,c03,0111,0111,0110,-0.12279966473579407,-2.3727996349334717,2.2499999701976776,0.8844880526527318,1,0
157,4,x3,0110,0110,1000,-0.011648560874164104,-6.353657245635986,6.342008684761822,0.9884596953757746,1,0
157,5,c23,0111,0111,0110,-0.20292438566684723,-1.702924370765686,1.4999999850988388,0.8163444499698294,1,0
157,6,x2,0101,0101,1000,-0.0015230273129418492,-8.429824829101562,8.42830180178862,0.9984851337629674,1,0
157,7,t203,0101,0101,0100,-0.035580769181251526,-3.41058087348938,3.3750001043081284,0.9650486267605526,1,0
157,8,s30,1100,1100,0101,-0.505904495716095,-0.9763888120651245,0.47048431634902954,0.6029848481199149,1,0
158,1,x0,1101,1101,1100,-1.2288075685501099,-2.3538074493408203,1.1249998807907104,0.29273829940765883,1,0
158,2,c01,1001,1001,1101,-0.3319581151008606,-2.1910579204559326,1.859099805355072,0.717613034064543,1,0
158,3,t201,1001,1001,1101,-0.32000648975372314,-1.321024775505066,1.0010182857513428,0.7261493832568368,1,0
158,4,c30,0001,1001,1001,-1.142158031463623,-0.3870218098163605,-0.7551362216472626,0.3191330396261147,0,0
158,5,t213,0001,0001,0000,-0.001869057770818472,-6.626869201660156,6.625000143889338,0.9981392785677352,1,0
158,6,t013,0001,0001,0011,-0.00010919361375272274,-10.020610809326172,10.02050161571242,0.9998918876726273,1,0
158,7,x0,1001,1001,0001,-0.004431555047631264,-6.380788326263428,6.3763567712157965,0.9981589519170146,1,0
158,8,x0,0001,0001,1101,-0.029771964997053146,-3.543586015701294,3.513814050704241,0.9706677768519935,1,0
159,1,s01,0100,1000,1000,-1.843144416809082,-1.3497796058654785,-0.4933648109436035,0.1583577156106614,0,0
159,2,c12,0110,0110,0100,-0.5443083643913269,-1.4415323734283447,0.8972240090370178,0.5803453425280336,1,0
159,3,x1,0010,0010,0100,-0.055728551000356674,-3.1087939739227295,3.053065422922373,0.9458207164793015,1,0
159,4,s10,0010,0010,1000,-0.3191046118736267,-1.8565142154693604,1.5374096035957336,0.726808771315374,1,0
159,5,c10,0010,0010,1010,-0.10026267915964127,-2.356956720352173,2.2566940411925316,0.9046034356629126,1,0
159,6,x2,0000,0000,0001,-0.0017633920069783926,-6.876763343811035,6.874999951804057,0.9982443361963151,1,0
159,7,t302,0000,0000,0010,-8.761690696701407e-05,-9.750099182128906,9.75001156522194,0.9999138581298115,1,0
159,8,t013,0000,0000,0001,-8.094152144622058e-05,-9.875080108642578,9.874999167121132,0.9999196042678048,1,0
160,1,t023,1011,1010,1010,-1.5754015445709229,-1.3254015445709229,-0.25,0.2072073489728081,0,0
160,2,c01,1111,1111,1011,-0.15333245694637299,-2.416998863220215,2.263666406273842,0.8578597760714993,1,0
160,3,t032,1101,1101,1111,-0.14689840376377106,-2.069730043411255,1.9228316396474838,0.8634341803638269,1,0
160,4,s21,1011,1101,1101,-1.419257640838623,-0.3341834843158722,-1.0850741565227509,0.24189441333350004,0,0
160,5,s21,1101,1101,1011,-0.49108076095581055,-1.6218687295913696,1.130787968635559,0.6119665639608446,1,0
160,6,c23,1101,1100,1100,-0.7613686919212341,-0.6363686919212341,-0.125,0.46705045131493145,0,0
160,7,s23,1110,1110,1101,-0.6040558815002441,-1.0075006484985352,0.403444766998291,0.5465916362112325,1,0
160,8,s02,1110,1110,0111,-0.47430846095085144,-1.2919281721115112,0.8176197111606598,0.6223211799491033,1,0
161,1,s02,0110,1100,1100,-2.3139500617980957,-1.3824542760849,-0.9314957857131958,0.09890188615603564,0,0
161,2,c31,0110,0010,0010,-1.4389455318450928,-1.361090898513794,-0.07785463333129883,0.23722140001648792,0,0
161,3,c02,0110,0110,0100,-0.011597853153944016,-4.67014741897583,4.658549565821886,0.9884728916104835,1,0
161,4,c01,0110,0110,0010,-0.0014267879305407405,-7.313911437988281,7.3124846500577405,0.9985753432725679,1,0
161,5,c32,0110,0100,0100,-1.5039935111999512,-0.25435179471969604,-1.2496417164802551,0.22224214721132274,0,0
161,6,t023,0110,0110,0111,-0.00026594585506245494,-9.500265121459961,9.499999175604898,0.9997355510730678,1,0
161,7,c12,0100,0110,0110,-0.6942153573036194,-0.6939431428909302,-0.000272214412689209,0.49946662701291716,0,0
161,8,t012,0100,0100,1100,-0.00017785174713935703,-9.622760772705078,9.622582920957939,0.9998228260025589,1,0
162,1,s23,1100,1100,1110,-1.2000818252563477,-1.638733148574829,0.43865132331848145,0.3014096781536355,1,0
162,2,x0,0100,0100,0101,-0.5250817537307739,-1.400081753730774,0.875,0.5925874196847374,1,0
162,3,s12,0010,0100,0100,-1.473170518875122,-0.7659186124801636,-0.7072519063949585,0.22919864430128464,0,0
162,4,s10,0010,0010,1010,-0.37341904640197754,-1.45754873752594,1.0841296911239624,0.6884246572280072,1,0
162,5,c13,0010,0010,0011,-0.08925246447324753,-2.464252471923828,2.3750000074505806,0.9146161654983948,1,0
162,6,s01,0010,0010,1000,-0.10023920238018036,-2.6024818420410156,2.5022426396608353,0.9046216169173923,1,0
162,7,t102,0010,0010,0000,-0.00020192899683024734,-8.878379821777344,8.878177892780514,0.999799005270041,1,0
162,8,x0,1010,1010,0010,-0.0021017170511186123,-8.043318748474121,8.041217031423002,0.9995668275735039,1,0
163,1,s01,0101,1001,1001,-1.951729655265808,-1.5990070104599,-0.3527226448059082,0.142055653728108,0,0
163,2,s20,0101,0101,1100,-0.9385578632354736,-1.311357021331787,0.3727991580963135,0.39120931626448885,1,0
163,3,t312,0111,0111,0101,-0.4010528028011322,-1.1509160995483398,0.7498632967472076,0.6696409650213874,1,0
163,4,x1,0011,0011,0101,-0.005617088638246059,-6.456584453582764,6.450967364944518,0.9944155576527519,1,0
163,5,x2,0001,0001,0000,-0.00030539685394614935,-8.75030517578125,8.749999778927304,0.9996970217651282,1,0
163,6,c31,0101,0101,0001,-0.3497180938720703,-1.2236429452896118,0.8739248514175415,0.7048904064593552,1,0
163,7,x1,0001,0001,0111,-0.0019176577916368842,-6.455682754516602,6.453765096724965,0.9981052678383425,1,0
163,8,s10,0001,0001,1001,-0.25246232748031616,-1.6290006637573242,1.376538336277008,0.7768876247190688,1,0
164,1,s01,1010,0110,0110,-2.5806500911712646,-1.301466464996338,-1.2791836261749268,0.07574180012848526,0,0
164,2,x2,1000,1000,1011,-0.8277713060379028,-2.5766406059265137,1.7488692998886108,0.43730438586091885,1,0
164,3,s10,0100,1000,1000,-1.7430446147918701,-0.8681045770645142,-0.874940037727356,0.17498851048739605,0,0
164,4,s03,0100,1100,1100,-1.3859747648239136,-1.1788548231124878,-0.20711994171142578,0.25009661761565005,0,0
164,5,c32,0100,0110,0110,-1.1711162328720093,-0.5425272583961487,-0.6285889744758606,0.31010808427542985,0,0
164,6,t321,0100,0100,0000,-0.11423074454069138,-2.9751906394958496,2.8609598949551582,0.892070377539553,1,0
164,7,x2,0110,0110,0001,-0.000499554502312094,-9.325577735900879,9.325078181398567,0.9995301386166575,1,0
164,8,c03,0110,0110,0111,-0.034632183611392975,-3.7846319675445557,3.7499997839331627,0.9660102428797644,1,0
165,1,c31,0100,0100,0000,-1.0845696926116943,-1.8533819913864136,0.7688122987747192,0.33820787506079797,1,0
165,2,t123,0100,0100,0101,-0.029977736994624138,-4.654977798461914,4.62500006146729,0.9705175310958192,1,0
165,3,x1,0000,0000,0110,-0.008003058843314648,-4.9401984214782715,4.932195362634957,0.9921220533874314,1,0
165,4,c01,0000,0000,1000,-9.000012505566701e-05,-9.977375030517578,9.977285030392522,0.9999103578243124,1,0
165,5,s12,0000,0000,0100,-0.0055243512615561485,-5.255496501922607,5.249972150661051,0.9944911169369933,1,0
165,6,t021,0000,0000,1000,-1.9311741198180243e-05,-11.146028518676758,11.14600920693556,0.9999841008464092,1,0
165,7,c02,0000,0000,0010,-7.378913869615644e-05,-10.000593185424805,10.000519396286109,0.9999263173647301,1,0
165,8,t021,0000,0000,1000,-0.00010025031951954588,-9.252647399902344,9.252547149582824,0.9999006146272917,1,0
166,1,c23,1111,1111,1110,-0.9325007200241089,-1.4325007200241089,0.5,0.3940835964139617,1,0
166,2,s12,1111,1111,1011,-0.501383900642395,-1.350178599357605,0.84879469871521,0.6057181956372619,1,0
166,3,x0,0111,0111,1111,-0.04892496019601822,-4.199923992156982,4.150999031960964,0.954082494713464,1,0
166,4,c12,0101,0101,0111,-0.1853410303592682,-1.8391799926757812,1.653838962316513,0.8308251319906368,1,0
166,5,s31,0101,0101,0001,-0.353664368391037,-1.3074450492858887,0.9537806808948517,0.7021124344927848,1,0
166,6,s03,1100,1100,0101,-0.5044183731079102,-0.982775092124939,0.4783567190170288,0.6038718502551468,1,0
166,7,s23,1100,1100,1110,-0.5301653146743774,-0.9024766087532043,0.3723112940788269,0.5885094465549646,1,0
166,8,x1,1000,1000,1100,-0.002216569846495986,-7.616256237030029,7.614039667183533,0.997790289380283,1,0
167,1,c32,0011,0001,0001,-1.6270650625228882,-1.4000811576843262,-0.226983904838562,0.1968335716302913,0,0
167,2,s23,0011,0011,0001,-0.9334965944290161,-0.9334970116615295,4.172325134277344e-07,0.3932058980861404,1,0
167,3,s02,1001,0011,0011,-1.0791916847229004,-0.7280255556106567,-0.35116612911224365,0.33989191275025976,0,0
167,4,t301,1101,1001,1001,-0.8882763385772705,-0.5839455127716064,-0.30433082580566406,0.4113760435437016,0,0
167,5,c02,1111,1111,0111,-0.13136973977088928,-2.984922409057617,2.853552669286728,0.8773751566185982,1,0
167,6,s20,1111,1111,0111,-0.6202619075775146,-0.8962133526802063,0.27595144510269165,0.5378356378891238,1,0
167,7,c13,1110,1110,1111,-0.5888976454734802,-0.8388976454734802,0.25,0.5549580822896145,1,0
167,8,s21,1110,1110,1011,-0.603191614151001,-1.6569039821624756,1.0537123680114746,0.5470648173599092,1,0
168,1,c20,0011,0011,1011,-1.4496312141418457,-1.6902697086334229,0.24063849449157715,0.23476611418096838,1,0
168,2,s02,1001,0011,0011,-1.46726655960083,-0.9684311151504517,-0.4988354444503784,0.23056586210508662,0,0
168,3,t201,1001,1001,1101,-0.6076151132583618,-0.8949917554855347,0.28737664222717285,0.5446973235716057,1,0
168,4,t302,1011,1001,1001,-0.8298273682594299,-0.5795242786407471,-0.25030308961868286,0.4361368128402937,0,0
168,5,c21,1111,1111,1011,-0.04972196742892265,-3.0492005348205566,2.999478567391634,0.9514983776698539,1,0
168,6,s12,1111,1111,1011,-0.21775159239768982,-1.7043896913528442,1.4866380989551544,0.8043259330334319,1,0
168,7,c20,0111,0111,1111,-0.2520386874675751,-1.502089262008667,1.250050574541092,0.7772296877290951,1,0
168,8,t012,0111,0111,1101,-0.012792960740625858,-5.614648342132568,5.6018553813919425,0.987289502836704,1,0
169,1,x3,0001,0001,0000,-1.0576343536376953,-1.5576343536376953,0.5,0.3485908393743669,1,0
169,2,t210,0001,0001,1001,-0.3240365982055664,-1.6517271995544434,1.327690601348877,0.723243965398226,1,0
169,3,s01,0001,0001,1000,-0.3137127757072449,-1.516227126121521,1.2025143504142761,0.7307426117374785,1,0
169,4,c12,0001,0001,0011,-0.17994585633277893,-1.8055452108383179,1.625599354505539,0.8353189499968577,1,0
169,5,c23,0001,0001,0000,-0.03011966310441494,-3.5301196575164795,3.4999999944120646,0.9703335095758969,1,0
169,6,t130,0001,0001,1001,-0.07890716195106506,-2.589953660964966,2.5110464990139008,0.9241364641073718,1,0
169,7,c31,0101,0101,0001,-0.3169254660606384,-1.3133937120437622,0.9964682459831238,0.7283886211598987,1,0
169,8,s02,0101,0101,1100,-0.5784847736358643,-0.8808916211128235,0.30240684747695923,0.5607502876187778,1,0
170,1,x1,0011,0011,0101,-1.2234735488891602,-2.3017687797546387,1.0782952308654785,0.2943307045785043,1,0
170,2,s13,0110,0011,0011,-0.9317147135734558,-0.746401309967041,-0.1853134036064148,0.39388040587468737,0,0
170,3,t231,0110,0110,0010,-0.15099868178367615,-2.214658260345459,2.063659578561783,0.8598865811692987,1,0
170,4,s20,1100,1100,0110,-0.6311419010162354,-1.002106785774231,0.3709648847579956,0.5320044860433797,1,0
170,5,s20,0110,1100,1100,-0.9210603833198547,-0.6977452039718628,-0.22331517934799194,0.3981084418162611,0,0
170,6,s30,0110,1100,1100,-1.5325911045074463,-0.73857581615448,-0.7940152883529663,0.21599460126743053,0,0
170,7,t210,1110,0110,0110,-0.9982500672340393,-0.4746621549129486,-0.5235879123210907,0.36852891458292797,0,0
170,8,s02,1110,1110,0110,-0.8945044875144958,-1.4698352813720703,0.5753307938575745,0.4088261960188539,1,0
171,1,t032,0001,0001,0011,-0.8058685660362244,-2.2499794960021973,1.444110929965973,0.44746116907737116,1,0
171,2,t201,0001,0001,1001,-0.007235744036734104,-5.354442596435547,5.347206852398813,0.9928013717792405,1,0
171,3,c03,0001,0001,0000,-0.0008505189907737076,-7.625850677490234,7.625000158499461,0.9991523660829069,1,0
171,4,t301,0001,0001,1001,-0.0003909480292350054,-8.024964332580566,8.024573384551331,0.9996118111883929,1,0
171,5,s13,0100,0100,0001,-0.3872493803501129,-1.1372214555740356,0.7499720752239227,0.6789219653387177,1,0
171,6,c20,0100,1100,1100,-0.9741981625556946,-0.4741716980934143,-0.5000264644622803,0.3774993358884009,0,0
171,7,t201,0100,0100,0000,-0.0032172901555895805,-5.756431579589844,5.753214289434254,0.9967886103080805,1,0
171,8,c03,0100,0100,0101,-0.005192690994590521,-5.38019323348999,5.3750005424954,0.9948304925304372,1,0
172,1,c32,0000,0000,0010,-1.4002327919006348,-1.534930944442749,0.13469815254211426,0.246992560041838,1,0
172,2,t203,0000,0000,0001,-0.021464793011546135,-4.646464824676514,4.6250000316649675,0.9788465567048182,1,0
172,3,s12,0000,0000,0100,-0.03816097602248192,-3.2881433963775635,3.2499824203550816,0.9625637140850878,1,0
172,4,c30,0000,0000,1000,-0.023251760751008987,-3.7732532024383545,3.7500014416873455,0.9770216013753615,1,0
172,5,x0,1000,1000,0000,-0.00268563418649137,-6.012447357177734,6.009761722991243,0.9975269828972371,1,0
172,6,x2,1010,1010,0010,-7.736575207673013e-05,-10.476659774780273,10.476582409028197,0.9999232972838823,1,0
172,7,s23,1001,1010,1010,-1.5200963020324707,-0.252376914024353,-1.2677193880081177,0.21869085028408114,0,0
172,8,c23,1001,1001,1000,-0.05503261834383011,-2.93003249168396,2.87499987334013,0.9464544982924831,1,0
173,1,s03,0100,0100,1100,-1.2096103429794312,-2.1577565670013428,0.9481462240219116,0.2984677403410311,1,0
173,2,s13,0001,0001,0100,-0.9159083366394043,-0.9933965802192688,0.0774882435798645,0.40015890920241215,1,0
173,3,s03,1000,0001,0001,-1.211836338043213,-1.1683993339538574,-0.04343700408935547,0.2976708976181451,0,0
173,4,c02,1010,1000,1000,-1.6283085346221924,-1.5919033288955688,-0.036405205726623535,0.19669432028648723,0,0
173,5,x1,1110,1110,1000,-0.04511575773358345,-3.825179100036621,3.7800633423030376,0.9559227051746398,1,0
173,6,s23,1101,1110,1110,-0.951129674911499,-0.7780905365943909,-0.17303913831710815,0.3863227672517523,0,0
173,7,t301,1001,1001,1101,-0.5809028744697571,-0.8282209038734436,0.24731802940368652,0.559396623322918,1,0
173,8,t013,1001,1001,1000,-0.09736001491546631,-3.722360134124756,3.6250001192092896,0.9072902167011576,1,0
174,1,t203,0010,0010,0011,-0.8208155035972595,-2.0708155632019043,1.2500000596046448,0.44120979194449705,1,0
174,2,c02,0010,0010,0000,-0.04985441640019417,-3.8758034706115723,3.825949054211378,0.9513933474535256,1,0
174,3,t230,0010,0010,1010,-0.1271439790725708,-2.134735584259033,2.0075916051864624,0.880705373861966,1,0
174,4,x2,0000,0000,0010,-0.0022389856167137623,-7.0097808837890625,7.007541898172349,0.9977711942189884,1,0
174,5,s30,0000,0000,1000,-0.12698788940906525,-2.126964569091797,1.9999766796827316,0.8807520897331242,1,0
174,6,x1,0100,0100,0000,-0.0024813732597976923,-6.002484321594238,6.000002948334441,0.9975225546533658,1,0
174,7,x0,1100,1100,0100,-0.004157098475843668,-5.643727779388428,5.639570680912584,0.9963536623316448,1,0
174,8,s23,1100,1100,1110,-0.36933276057243347,-1.2241262197494507,0.8547934591770172,0.6911955262816541,1,0
175,1,s20,0001,0001,1000,-1.2203328609466553,-2.3162498474121094,1.095916986465454,0.29523818612771074,1,0
175,2,c20,0001,1001,1001,-0.9798349738121033,-0.49645519256591797,-0.4833797812461853,0.37538376694177683,0,0
175,3,t023,0001,0001,1000,-0.0025888062082231045,-7.602996349334717,7.600407543126494,0.9974808782587291,1,0
175,4,x1,0101,0101,0001,-0.004888775292783976,-5.631626605987549,5.626737830694765,0.9951298717088808,1,0
175,5,t320,0101,1101,1101,-0.9741830825805664,-0.4744510054588318,-0.4997320771217346,0.37750568863943035,0,0
175,6,x2,0111,0111,0001,-0.00012731263996101916,-9.760185241699219,9.760057929059258,0.9998776549491254,1,0
175,7,c21,0011,0011,0111,-0.4287884533405304,-1.0538201332092285,0.6250316798686981,0.6512989022101812,1,0
175,8,t231,0111,0011,0011,-2.6956052780151367,-0.06998233497142792,-2.625622943043709,0.0675015593412188,0,0
176,1,s02,1010,1010,0010,-1.2840890884399414,-2.2632598876953125,0.9791707992553711,0.2770045260265107,1,0
176,2,x3,1011,1011,0000,-0.2682943344116211,-3.4310414791107178,3.1627471446990967,0.7652614144970001,1,0
176,3,s12,1101,1101,1011,-0.4360756576061249,-1.7285174131393433,1.2924417555332184,0.646573803103184,1,0
176,4,c31,1001,1101,1101,-0.7616310119628906,-0.6371342539787292,-0.12449675798416138,0.4669088490495522,0,0
176,5,c32,1011,1011,1001,-0.5423392653465271,-1.0140174627304077,0.4716781973838806,0.5814036899197197,1,0
176,6,x3,1010,1010,1001,-0.0006547106895595789,-8.878055572509766,8.877400861820206,0.9993534322959442,1,0
176,7,t120,1010,1010,0010,-0.16069340705871582,-1.937187910079956,1.7764945030212402,0.8515552286681233,1,0
176,8,t023,1011,1010,1010,-2.1278915405273438,-0.1278914362192154,-2.0000001043081284,0.11908834620550014,0,0
177,1,c23,0010,0010,0011,-1.3820867538452148,-1.5070867538452148,0.125,0.2514234872241332,1,0
177,2,t123,0010,0010,0011,-0.058284495025873184,-3.4332845211029053,3.375000026077032,0.943399229782773,1,0
177,3,x0,1010,1010,0010,-0.014465409331023693,-5.007090091705322,4.992624682374299,0.9883315347975246,1,0
177,4,t213,1010,1010,1011,-0.005905387923121452,-5.2559051513671875,5.249999763444066,0.994120664819724,1,0
177,5,x1,1110,1110,1010,-0.00014054265921004117,-9.475537300109863,9.475396757450653,0.9998607743183954,1,0
177,6,s12,1110,1110,1011,-0.26080742478370667,-2.025517463684082,1.7647100389003754,0.7704295702454513,1,0
177,7,s32,1101,1110,1110,-1.2807378768920898,-0.6345432996749878,-0.646194577217102,0.27783232548730075,0,0
177,8,t130,0101,1101,1101,-1.139983057975769,-0.38696756958961487,-0.7530154883861542,0.3198258228945652,0,0
178,1,t123,1001,1001,1000,-0.9173024892807007,-2.4173026084899902,1.5000001192092896,0.40001246210687935,1,0
178,2,t103,1001,1001,1000,-0.06073582172393799,-4.810735702514648,4.7499998807907104,0.9411193342766879,1,0
178,3,s01,0101,1001,1001,-0.8543387055397034,-0.6308801174163818,-0.22345858812332153,0.42556965015725157,0,0
178,4,s23,0110,0110,0101,-0.29394060373306274,-1.6167289018630981,1.3227882981300354,0.7453213213578116,1,0
178,5,c03,0110,0110,0111,-0.013374533504247665,-4.388374328613281,4.374999795109034,0.9867152408141965,1,0
178,6,t103,0110,0110,0111,-0.043216776102781296,-3.1682167053222656,3.1249999292194843,0.9577043942408324,1,0
178,7,s01,1010,1010,0110,-0.7349994778633118,-0.7963593602180481,0.06135988235473633,0.47950910029740856,1,0
178,8,t310,1010,1010,0010,-0.47433537244796753,-1.075688123703003,0.6013527512550354,0.6223008527880084,1,0
179,1,x1,0100,0100,0010,-1.2254611253738403,-1.9519178867340088,0.7264567613601685,0.2937866571062186,1,0
179,2,c13,0101,0100,0100,-1.6645971536636353,-0.7895971536636353,-0.875,0.18938182942240372,0,0
179,3,s03,1100,0101,0101,-1.1965333223342896,-0.9133440256118774,-0.2831892967224121,0.3022517520079255,0,0
179,4,x1,1000,1000,1001,-0.40424948930740356,-2.029249429702759,1.6249999403953552,0.6675662233488573,1,0
179,5,t321,1000,1000,1100,-0.08102471381425858,-2.585549831390381,2.5045251175761223,0.9221945658376145,1,0
179,6,x2,1010,1010,1001,-0.02354028820991516,-4.121982097625732,4.098441809415817,0.9767431455555949,1,0
179,7,c30,1010,1010,0010,-0.6932340860366821,-0.7021326422691345,0.008898556232452393,0.49997139002905105,1,0
179,8,t120,1010,1010,0010,-0.20151185989379883,-1.7161859273910522,1.5146740674972534,0.8174963368652782,1,0
180,1,s13,0011,0110,0110,-2.306682825088501,-1.4365260601043701,-0.8701567649841309,0.09961476878131734,0,0
180,2,t023,0011,0011,0000,-0.4861140251159668,-2.3504743576049805,1.8643603324890137,0.6152729461434847,1,0
180,3,x3,0010,0010,1010,-0.0008123921579681337,-9.043269157409668,9.0424567652517,0.9992066101754291,1,0
180,4,s03,0010,1010,1010,-0.8300967812538147,-0.601129412651062,-0.22896736860275269,0.4360161262457941,0,0
180,5,t302,0010,0010,0000,-0.001917631016112864,-6.645051002502441,6.6431333714863285,0.998102353347025,1,0
180,6,c20,1010,0010,0010,-1.7027909755706787,-0.20152537524700165,-1.501265600323677,0.18218139782115925,0,0
180,7,c23,1011,1010,1010,-1.5034795999526978,-0.25347959995269775,-1.25,0.22236324319048628,0,0
180,8,t213,1011,1011,1010,-0.01790739595890045,-4.267907619476318,4.250000223517418,0.9822545632536197,1,0
181,1,t201,0111,0111,0011,-1.1414189338684082,-2.412564754486084,1.2711458206176758,0.31946140145949875,1,0
181,2,t102,0111,0111,0101,-0.6567130088806152,-0.9042778611183167,0.24756485223770142,0.5185716539949533,1,0
181,3,x3,0110,0110,1000,-0.008903789333999157,-6.661683559417725,6.6527797700837255,0.9911884586683073,1,0
181,4,s21,0110,0110,0011,-0.5319269895553589,-1.0122358798980713,0.4803088903427124,0.587474309479488,1,0
181,5,c03,0110,0110,0111,-0.0017935497453436255,-6.501793384552002,6.499999834806658,0.9982087664704844,1,0
181,6,t102,0110,0110,0100,-0.002713934052735567,-6.002996921539307,6.000282987486571,0.9972900448907323,1,0
181,7,c31,0110,0110,0010,-0.576090395450592,-0.826966404914856,0.2508760094642639,0.5620931875162081,1,0
181,8,x2,0100,0100,0101,-0.0002176629495806992,-8.75021743774414,8.74999977479456,0.9997930292219627,1,0
182,1,t320,0011,1011,1011,-2.0115928649902344,-1.1957825422286987,-0.8158103227615356,0.13383688616800843,0,0
182,2,x2,0001,0001,0110,-0.5134309530258179,-3.1053314208984375,2.5919004678726196,0.5986803214599553,1,0
182,3,t032,0001,0001,0011,-0.03660144284367561,-3.587883472442627,3.5512820295989513,0.9640758034719396,1,0
182,4,s30,1000,1000,0001,-0.5975925922393799,-0.828729510307312,0.23113691806793213,0.5501461995624862,1,0
182,5,x3,1001,1001,1000,-0.01875343918800354,-4.143753528594971,4.125000089406967,0.9815524384702997,1,0
182,6,s03,1001,1001,0001,-0.8264871835708618,-0.8960190415382385,0.06953185796737671,0.4375865430423653,1,0
182,7,s30,1001,1001,0001,-0.6934999823570251,-1.1697158813476562,0.4762158989906311,0.49982691755364034,1,0
182,8,s01,0101,1001,1001,-0.9854113459587097,-0.822564423084259,-0.16284692287445068,0.3732862019060056,0,0
183,1,s31,0101,0101,0110,-1.6156861782073975,-2.177001476287842,0.5613152980804443,0.198863973135847,1,0
183,2,t032,0101,0101,0111,-0.42308518290519714,-1.6933462619781494,1.2702610790729523,0.6551094705748294,1,0
183,3,x1,0001,0001,0111,-0.012156122364103794,-4.624946117401123,4.612789995037019,0.9879885914534838,1,0
183,4,s02,0001,0001,1000,-0.5764136910438538,-0.9531502723693848,0.376736581325531,0.561914795660397,1,0
183,5,s02,0001,0001,1000,-0.1269632875919342,-2.227154016494751,2.1001907289028168,0.8807694775174228,1,0
183,6,s30,1000,0001,0001,-0.974830687046051,-0.47428059577941895,-0.5005500912666321,0.3772730181988922,0,0
183,7,s20,0010,1000,1000,-1.0140962600708008,-0.5765547752380371,-0.43754148483276367,0.36273300247721096,0,0
183,8,x2,0000,0000,0011,-0.0028540962375700474,-6.382684230804443,6.379830134566873,0.997160448649163,1,0
184,1,s01,0110,1010,1010,-2.070073127746582,-1.5167720317840576,-0.5533010959625244,0.12620304722281103,0,0
184,2,t231,0110,0110,0010,-0.45143958926200867,-1.4166278839111328,0.9651882946491241,0.636757704971009,1,0
184,3,s32,0101,0110,0110,-0.810175359249115,-0.6746293902397156,-0.13554596900939941,0.4447851231398224,0,0
184,4,x0,1101,1101,1100,-0.01622774265706539,-4.8912272453308105,4.874999502673745,0.9888138970980892,1,0
184,5,s13,1101,1101,1001,-0.3306802213191986,-1.3334102630615234,1.0027300417423248,0.7184366740424543,1,0
184,6,s23,1110,1110,1101,-0.2027023732662201,-1.7634998559951782,1.5607974827289581,0.8165223403232458,1,0
184,7,c03,1111,1111,1110,-0.0171500314027071,-4.142149448394775,4.124999416992068,0.9830290653968234,1,0
184,8,t132,1101,1101,1111,-0.22702628374099731,-1.6047970056533813,1.377770721912384,0.7969165673981233,1,0
185,1,s12,0000,0000,0100,-0.9408822059631348,-2.1312286853790283,1.1903464794158936,0.3904668012149346,1,0
185,2,x2,0010,0010,1000,-0.06884916871786118,-4.724093437194824,4.655244268476963,0.9335673891797357,1,0
185,3,x3,0011,0011,0000,-0.0721048042178154,-3.4535558223724365,3.381451018154621,0.9305599706817623,1,0
185,4,c23,0010,0011,0011,-0.832665741443634,-0.582665741443634,-0.25,0.4349054647942156,0,0
185,5,s21,0100,0010,0010,-1.0034538507461548,-0.7569410800933838,-0.246512770652771,0.3666141456108606,0,0
185,6,s31,0001,0001,0100,-0.8279233574867249,-0.8602975606918335,0.03237420320510864,0.43697409437474666,1,0
185,7,x2,0011,0011,0000,-0.19480553269386292,-2.0434648990631104,1.8486593663692474,0.8230680503394343,1,0
185,8,t120,0011,0011,1011,-0.4785550832748413,-1.1062841415405273,0.627729058265686,0.6196928985938908,1,0
186,1,x2,0101,0101,0100,-1.3412595987319946,-2.091259479522705,0.7499998807907104,0.26204329939712484,1,0
186,2,c03,0101,0101,0100,-0.25401654839515686,-2.254016399383545,1.999999850988388,0.7757939473650145,1,0
186,3,t130,1101,0101,0101,-0.8911356329917908,-0.5780983567237854,-0.31303727626800537,0.41019620853965455,0,0
186,4,s10,1101,1101,0101,-0.7777541875839233,-1.152758002281189,0.3750038146972656,0.4594433694240787,1,0
186,5,c32,1111,1111,1101,-0.008391140028834343,-5.0156402587890625,5.007249118760228,0.9916527711176215,1,0
186,6,c01,1011,1011,1111,-0.007282719016075134,-5.071141242980957,5.063858523964882,0.9927508820561725,1,0
186,7,c13,1011,1011,1010,-0.10125387459993362,-2.3512537479400635,2.24999987334013,0.9037067400345076,1,0
186,8,x0,0011,0011,1011,-0.009817834012210369,-4.638846397399902,4.629028563387692,0.9902727269675257,1,0
187,1,x1,0111,0111,0001,-1.4248511791229248,-2.361057996749878,0.9362068176269531,0.24062505636622528,1,0
187,2,c32,0101,0101,0110,-0.3277607858181,-2.8484106063842773,2.5206498205661774,0.7206577753050318,1,0
187,3,t310,1101,0101,0101,-0.838362455368042,-0.5791549682617188,-0.25920748710632324,0.4324305929906403,0,0
187,4,t230,1101,0101,0101,-0.8286793828010559,-0.6805602312088013,-0.14811915159225464,0.43672475633551533,0,0
187,5,c10,0101,0101,1101,-0.23111042380332947,-1.6010669469833374,1.369956523180008,0.7937666082582693,1,0
187,6,c02,0101,0101,0111,-0.017680758610367775,-4.211705684661865,4.1940249260514975,0.9824772382345844,1,0
187,7,s23,0110,0110,0101,-0.09030337631702423,-2.616342782974243,2.526039406657219,0.9136570746613314,1,0
187,8,x0,1110,1110,0110,-0.027060164138674736,-3.7807133197784424,3.7536531556397676,0.9737966872749239,1,0
188,1,c32,1000,1000,1010,-1.1740238666534424,-1.7004799842834473,0.5264561176300049,0.30952955523850123,1,0
188,2,t103,1000,1000,1001,-0.045743755996227264,-3.670743942260742,3.625000186264515,0.9553903631027876,1,0
188,3,t210,1000,1000,0000,-0.01109337992966175,-4.764499664306641,4.753406284376979,0.9889697107856628,1,0
188,4,s30,0001,0001,1000,-0.6238211393356323,-0.8261388540267944,0.2023177146911621,0.5358979478804156,1,0
188,5,t013,0001,0001,0000,-0.00020312212291173637,-9.000202178955078,8.999999056832166,0.9997979435287369,1,0
188,6,c02,0001,0001,0011,-0.0005590904620476067,-7.648768901824951,7.648209811362904,0.9994413241825278,1,0
188,7,s21,0001,0001,0100,-0.6559083461761475,-0.7578985691070557,0.1019902229309082,0.5189738266141728,1,0
188,8,t210,0001,0001,1001,-0.014167141169309616,-4.264273166656494,4.2501060254871845,0.9859329655399381,1,0
189,1,c20,1101,1101,0101,-1.4397190809249878,-1.600161075592041,0.16044199466705322,0.23707485114328997,1,0
189,2,s20,0111,1101,1101,-2.2205891609191895,-0.8205915689468384,-1.399997591972351,0.10854834154143074,0,0
189,3,t210,1111,1111,0111,-0.25507423281669617,-1.602863073348999,1.3477888405323029,0.7748953358331881,1,0
189,4,x1,1011,1011,0111,-0.020717399194836617,-4.6563897132873535,4.635672314092517,0.9795226469217083,1,0
189,5,t013,1011,1011,1010,-0.14641466736793518,-2.0214147567749023,1.8750000894069672,0.8638123154971606,1,0
189,6,t031,1111,1111,1011,-0.049732498824596405,-3.0495903491973877,2.9998578503727913,0.9514852136370311,1,0
189,7,c21,1011,1111,1111,-1.0537344217300415,-0.430236279964447,-0.6234981417655945,0.34863353011101944,0,0
189,8,x0,0011,0011,1011,-0.012802353128790855,-4.390058994293213,4.377256641164422,0.9875287602476,1,0
190,1,x2,0001,0001,0000,-1.4009259939193726,-2.150926113128662,0.7500001192092896,0.2466586179838585,1,0
190,2,t013,0001,0001,0000,-0.09390302747488022,-3.843903064727783,3.750000037252903,0.910454247818597,1,0
190,3,t120,0001,0001,1001,-0.04862891137599945,-3.0507819652557373,3.002153053879738,0.9525373238415944,1,0
190,4,t213,0001,0001,0000,-0.0002634349511936307,-8.750263214111328,8.749999779160134,0.9997406062897668,1,0
190,5,t321,0001,0001,0101,-0.006751467939466238,-5.0076584815979,5.000907013658434,0.9932733586617913,1,0
190,6,s31,0100,0001,0001,-0.8982070684432983,-0.5231858491897583,-0.37502121925354004,0.4072998212920196,0,0
190,7,s30,0100,1100,1100,-1.138237476348877,-0.38957005739212036,-0.7486674189567566,0.3203879769192905,0,0
190,8,x1,0000,0000,0100,-0.0004002459463663399,-8.000999450683594,8.000599204737227,0.9996053959372451,1,0
191,1,t320,0100,0100,1100,-1.0649570226669312,-1.6456882953643799,0.5807312726974487,0.34496018083458385,1,0
191,2,c23,0100,0100,0101,-0.7171961069107056,-0.7171961069107056,0.0,0.48813699156738116,0,1
191,3,x0,1100,1100,0100,-0.0019513152074068785,-6.801240921020508,6.799289605813101,0.9982423873594677,1,0
191,4,x0,0100,0100,1000,-0.08959786593914032,-3.0799946784973145,2.990396812558174,0.9143062545030286,1,0
191,5,c01,0100,0100,0000,-0.00287174666300416,-6.451710224151611,6.448838477488607,0.9971338776334793,1,0
191,6,s23,0100,0100,0110,-0.18449972569942474,-1.805600881576538,1.6211011558771133,0.8315204393618698,1,0
191,7,c23,0100,0100,0101,-0.20146553218364716,-1.7014654874801636,1.4999999552965164,0.8175320592154105,1,0
191,8,c13,0101,0100,0100,-1.600687026977539,-0.22568701207637787,-1.3750000149011612,0.2017579563399461,0,0
192,1,t123,1101,1101,1100,-1.0288136005401611,-1.7788136005401611,0.75,0.35765755124050197,1,0
192,2,c03,1100,1100,1101,-0.1806735098361969,-3.430673360824585,3.249999850988388,0.8347813927052261,1,0
192,3,s20,0110,1100,1100,-1.1708087921142578,-0.4767611622810364,-0.6940476298332214,0.31011938164553354,0,0
192,4,c31,0110,0110,0010,-0.6417078375816345,-0.7705562710762024,0.12884843349456787,0.5263942979010179,1,0
192,5,x1,0010,0010,0110,-0.000764713971875608,-7.87766170501709,7.876896991045214,0.9992457789167569,1,0
192,6,t312,0010,0010,0000,-0.0054479604586958885,-5.325380325317383,5.319932364858687,0.9945686085358788,1,0
192,7,t123,0010,0010,0011,-0.0003888139908667654,-8.125389099121094,8.125000285130227,0.9996114349587452,1,0
192,8,t123,0010,0010,0011,-0.0019430769607424736,-6.376943111419678,6.375000034458935,0.9980602738539652,1,0
193,1,s23,0010,0001,0001,-1.7211334705352783,-1.4500203132629395,-0.27111315727233887,0.1790829967326849,0,0
193,2,c01,0010,0010,0001,-0.7008340358734131,-1.7065235376358032,1.0056895017623901,0.49625733994905175,1,0
193,3,t130,0010,0010,1010,-0.10048603266477585,-2.3739140033721924,2.2734279707074165,0.9044166897442864,1,0
193,4,t230,0010,0010,1010,-0.029811443760991096,-3.5375630855560303,3.507751641795039,0.9706634832216088,1,0
193,5,t031,0010,0010,1010,-0.00024018263502512127,-8.984127044677734,8.98388686204271,0.9997756667063347,1,0
193,6,t032,0010,0010,0000,-0.0032093042973428965,-5.767369747161865,5.764160442864522,0.9967966655442623,1,0
193,7,s21,0100,0010,0010,-1.7060574293136597,-0.2444256842136383,-1.4616317451000214,0.18158041051179682,0,0
193,8,c12,0110,0100,0100,-1.4105908870697021,-0.2855949401855469,-1.1249959468841553,0.24400201992792256,0,0
194,1,t231,1001,1001,1101,-1.2130272388458252,-1.9549989700317383,0.7419717311859131,0.2974125276954172,1,0
194,2,c31,1101,1101,1001,-0.5816779136657715,-0.8312438130378723,0.24956589937210083,0.5589685401118912,1,0
194,3,t302,1111,1111,1101,-0.10352666676044464,-2.354902505874634,2.251375839114189,0.9016800525923809,1,0
194,4,t013,1110,1110,1111,-0.1933542937040329,-1.8183542490005493,1.6249999552965164,0.8241976286103466,1,0
194,5,t032,1110,1100,1100,-1.0644361972808838,-0.4372864067554474,-0.6271497905254364,0.3449229971625551,0,0
194,6,s12,1110,1110,1010,-0.2113371342420578,-2.506725788116455,2.2953886538743973,0.8095012658560089,1,0
194,7,s31,1011,1110,1110,-1.679640769958496,-0.22655773162841797,-1.4530830383300781,0.18644100089008336,0,0
194,8,t032,1001,1011,1011,-2.128730058670044,-0.13498646020889282,-1.9937435984611511,0.11898843174854128,0,0
195,1,c01,1000,1100,1100,-1.6806235313415527,-1.5361683368682861,-0.1444551944732666,0.18631482665016108,0,0
195,2,c20,1000,1000,0001,-0.4861379861831665,-1.66288423538208,1.1767462491989136,0.6150061989903414,1,0
195,3,t230,1000,1000,0000,-0.1269635260105133,-2.556570291519165,2.4296067655086517,0.8807708889992302,1,0
195,4,c02,1010,1010,1000,-0.16061799228191376,-1.9121003150939941,1.7514823228120804,0.8516198717478664,1,0
195,5,s10,0110,1010,1010,-0.7581003308296204,-0.7095832228660583,-0.04851710796356201,0.4685637672921589,0,0
195,6,x2,0100,0100,1100,-0.0024349442683160305,-7.34235143661499,7.339916492346674,0.9975740362672569,1,0
195,7,x0,1100,1100,0100,-0.006430720444768667,-5.161782741546631,5.155352021101862,0.9938489177680667,1,0
195,8,x2,1110,1110,0110,-0.00253513571806252,-6.427614688873291,6.4250795531552285,0.9974719990580427,1,0
196,1,s30,0010,0010,1010,-1.1803287267684937,-2.0318105220794678,0.8514817953109741,0.3072949586901307,1,0
196,2,t321,0010,0010,0110,-0.2164514809846878,-2.344189167022705,2.1277376860380173,0.8054567167092732,1,0
196,3,s23,0001,0001,0010,-0.6543629169464111,-0.7628993988037109,0.1085364818572998,0.5197933855027984,1,0
196,4,t301,0001,0001,1001,-0.0004199139366392046,-8.22335433959961,8.22293442566297,0.9995881533539566,1,0
196,5,s03,1000,0001,0001,-0.6951317191123962,-0.6935938596725464,-0.0015378594398498535,0.4990138823680943,0,0
196,6,c01,1100,1100,1000,-0.04930602386593819,-3.0496034622192383,3.0002974383533,0.9518942020846547,1,0
196,7,x2,1110,1110,0110,-0.0001496030017733574,-9.88943862915039,9.889289026148617,0.9998653229646689,1,0
196,8,x2,1100,1100,1101,-0.0053971512243151665,-6.692896842956543,6.687499691732228,0.9946226879813118,1,0
197,1,s13,0101,0101,0001,-1.5017688274383545,-2.365004062652588,0.8632352352142334,0.22280048388193496,1,0
197,2,t120,0101,0101,1101,-0.7482787370681763,-0.9878111481666565,0.23953241109848022,0.473210706488545,1,0
197,3,c01,0101,0101,0001,-0.012579583562910557,-4.668087482452393,4.655507898889482,0.9875028932854902,1,0
197,4,t103,0101,0101,0100,-0.027304010465741158,-3.65230393409729,3.624999923631549,0.9730696644631521,1,0
197,5,t123,0101,0101,0100,-0.03823559358716011,-3.288235664367676,3.2500000707805157,0.9624872050931972,1,0
197,6,t120,0101,0101,1101,-0.6932281255722046,-0.6949764490127563,0.0017483234405517578,0.4999628530144167,1,0
197,7,s02,0101,1100,1100,-0.9749348759651184,-0.8693593740463257,-0.10557550191879272,0.37721961466618154,0,0
197,8,c32,0111,0111,0101,-0.01151928212493658,-4.512256622314453,4.5007373401895165,0.9885475219812067,1,0
198,1,c10,1111,0111,0111,-1.5563784837722778,-1.199047327041626,-0.35733115673065186,0.21096839557114275,0,0
198,2,t230,0111,0111,1111,-0.42402371764183044,-1.20134699344635,0.7773232758045197,0.6544572219505952,1,0
198,3,c21,0011,0011,0111,-0.596575915813446,-0.8517372608184814,0.2551613450050354,0.5508175580327803,1,0
198,4,c21,0111,0111,0011,-0.18372374773025513,-1.8088328838348389,1.6251091361045837,0.8321764426392037,1,0
198,5,s10,1011,1011,0111,-0.8440908193588257,-1.1709753274917603,0.32688450813293457,0.42996141810905314,1,0
198,6,x2,1001,1001,1110,-0.004309011623263359,-6.717465877532959,6.713156865909696,0.9958072199007593,1,0
198,7,x1,1101,1101,0101,-0.0003266084531787783,-9.039745330810547,9.039418722357368,0.999678258406724,1,0
198,8,x1,1001,1001,0101,-0.14511264860630035,-2.7809574604034424,2.635844811797142,0.8649283852651847,1,0
199,1,t301,0110,0110,0010,-0.8167223334312439,-2.688249349594116,1.8715270161628723,0.4420592355852614,1,0
199,2,x3,0111,0111,1000,-0.017523199319839478,-6.051796913146973,6.034273713827133,0.9826831647831197,1,0
199,3,c02,0111,0111,0101,-0.023510657250881195,-3.8974666595458984,3.8739560022950172,0.9767658226433205,1,0
199,4,c21,0011,0011,0111,-0.5769731402397156,-0.8274693489074707,0.2504962086677551,0.5615997494106572,1,0
199,5,x2,0001,0001,1000,-0.00030728671117685735,-9.676215171813965,9.675907885102788,0.9996942547281958,1,0
199,6,c21,0001,0001,0101,-0.4287986755371094,-1.0561970472335815,0.6273983716964722,0.6512918546079869,1,0
199,7,s03,1000,0001,0001,-1.1382091045379639,-0.38805052638053894,-0.7501585781574249,0.3203940823252284,0,0
199,8,x1,1100,1100,1000,-0.004317811224609613,-5.630521297454834,5.626203486230224,0.9956973425487572,1,0
200,1,x2,0111,0111,0100,-1.2011561393737793,-2.5349884033203125,1.3338322639465332,0.3012073011405574,1,0
200,2,x2,0101,0101,1000,-0.1136922538280487,-4.081921100616455,3.9682288467884064,0.8927902247216988,1,0
200,3,x3,0100,0100,1000,-0.031890805810689926,-5.559520244598389,5.527629438787699,0.9686937696644894,1,0
200,4,s30,0100,0100,1100,-0.6982033252716064,-0.709367573261261,0.011164247989654541,0.49750081454574097,1,0
200,5,c32,0100,0100,0110,-0.38877221941947937,-1.1381261348724365,0.7493539154529572,0.6778925457897487,1,0
200,6,c01,0100,0100,0001,-0.007940571755170822,-5.792637825012207,5.784697253257036,0.9920917538389554,1,0
200,7,x2,0110,0110,0101,-0.0002546174800954759,-8.881929397583008,8.881674780102912,0.9997586246326979,1,0
200,8,x3,0111,0111,0110,-0.0008712139679118991,-7.125871181488037,7.124999967520125,0.9991311203537213,1,0
201,1,x2,0101,0101,0100,-1.3040542602539062,-2.0540542602539062,0.75,0.27192143574164096,1,0
201,2,x0,1101,1101,0000,-0.37453168630599976,-3.0286219120025635,2.6540902256965637,0.6877492830885059,1,0
201,3,x2,1111,1111,0000,-0.011391125619411469,-6.190580368041992,6.179189242422581,0.9886947477693211,1,0
201,4,x2,1101,1101,0000,-0.0020146770402789116,-7.9840545654296875,7.982039888389409,0.9980003069700805,1,0
201,5,c32,1111,1111,1101,-0.01789170317351818,-4.180128574371338,4.16223687119782,0.9822692410231053,1,0
201,6,t230,0111,0111,1111,-0.3136170506477356,-1.313681960105896,1.0000649094581604,0.7308539580843544,1,0
201,7,s20,1101,1101,0111,-0.9712381958961487,-1.1468480825424194,0.17560988664627075,0.3786174708979521,1,0
201,8,s20,0111,1101,1101,-1.3063403367996216,-0.406320720911026,-0.9000196158885956,0.2708109904231195,0,0
202,1,t301,1011,1111,1111,-2.1289870738983154,-1.221348762512207,-0.9076383113861084,0.11899388828092305,0,0
202,2,x3,1010,1010,0000,-0.11614810675382614,-4.078853130340576,3.96270502358675,0.8905352292837294,1,0
202,3,s10,0110,1010,1010,-1.4296457767486572,-0.35759422183036804,-1.0720515549182892,0.23939489175041406,0,0
202,4,x3,0111,0111,1100,-0.0017791228601709008,-8.40323257446289,8.40145345160272,0.9982250824537228,1,0
202,5,c03,0111,0111,0110,-0.03041413426399231,-3.53041410446167,3.4999999701976776,0.9700448235770509,1,0
202,6,t312,0101,0101,0111,-0.5823566317558289,-0.8344041705131531,0.2520475387573242,0.5585873093558993,1,0
202,7,s02,0101,1100,1100,-1.063094139099121,-0.964491605758667,-0.0986025333404541,0.3453935797496035,0,0
202,8,c31,0001,0001,0101,-0.6412043571472168,-0.758588969707489,0.11738461256027222,0.5266593376281992,1,0
203,1,x0,1000,1000,0000,-1.2706682682037354,-1.9903879165649414,0.719719648361206,0.28077493290504235,1,0
203,2,s20,0010,1000,1000,-2.0024476051330566,-1.2270320653915405,-0.7754155397415161,0.13502965843894701,0,0
203,3,x2,0000,0000,0011,-0.6081076264381409,-2.089510679244995,1.4814030528068542,0.5448825487411609,1,0
203,4,x1,0100,0100,0000,-0.26648059487342834,-1.6289417743682861,1.3624611794948578,0.7661755783338073,1,0
203,5,t023,0100,0100,0000,-0.18613575398921967,-3.875868797302246,3.6897330433130264,0.8307204145438498,1,0
203,6,x0,1100,1100,0000,-0.060761045664548874,-3.8433380126953125,3.7825769670307636,0.941187822891637,1,0
203,7,s31,1001,1100,1100,-0.9406949281692505,-0.7336975932121277,-0.2069973349571228,0.3903609194790427,0,0
203,8,x3,1000,1000,1001,-0.02492140233516693,-5.149921894073486,5.125000491738319,0.9754119194065247,1,0
204,1,x2,0010,0010,0001,-1.0198769569396973,-2.1548831462860107,1.1350061893463135,0.3613571971099116,1,0
204,2,t320,0010,0010,1010,-0.5548492670059204,-1.2138128280639648,0.6589635610580444,0.5741936510401034,1,0
204,3,x0,1010,1010,0010,-0.009176294319331646,-5.103236675262451,5.0940603809431195,0.9911079530205364,1,0
204,4,x2,1000,1000,0001,-0.0018282138044014573,-7.761392593383789,7.759564379579388,0.9981763257952438,1,0
204,5,t301,1000,1000,1100,-0.006382047664374113,-5.131402969360352,5.1250209216959774,0.9936425940748668,1,0
204,6,c32,1000,1000,1010,-0.018357129767537117,-4.0181965827941895,3.9998394530266523,0.9818111500656208,1,0
204,7,c03,1001,1001,1000,-0.0890602096915245,-2.464060068130493,2.3749998584389687,0.9147934726452168,1,0
204,8,s02,0011,0011,1001,-0.566992998123169,-0.977054238319397,0.410061240196228,0.5672293668995954,1,0
205,1,t023,0100,0100,0101,-0.7938997745513916,-2.1688997745513916,1.375,0.45298659694594634,1,0
205,2,t012,0100,0100,1100,-0.03179217129945755,-5.363875865936279,5.332083694636822,0.9687237674650603,1,0
205,3,c03,0100,0100,0101,-0.002108086599037051,-7.377108097076416,7.375000010477379,0.9978955805696267,1,0
205,4,t021,0100,0100,0000,-0.0010440880432724953,-7.081157207489014,7.080113119445741,0.9989608505315682,1,0
205,5,c20,0100,0100,1100,-0.693556010723114,-0.6937981247901917,0.00024211406707763672,0.4998058933335295,1,0
205,6,s01,1000,0100,0100,-1.5020018815994263,-0.26054927706718445,-1.2414526045322418,0.2226845001765571,0,0
205,7,t320,1000,1000,0001,-0.31393057107925415,-1.636641502380371,1.322710931301117,0.7306053327057804,1,0
205,8,t132,1000,1000,1010,-0.003148645395413041,-5.8781304359436035,5.8749817905481905,0.9968774478224973,1,0
206,1,t102,0000,0000,0010,-0.7561920881271362,-2.3799936771392822,1.623801589012146,0.47014925013184194,1,0
206,2,s01,0000,0000,1000,-0.10210204869508743,-2.3589348793029785,2.256832830607891,0.9029409119958268,1,0
206,3,t210,0000,0000,1000,-0.004083877895027399,-5.504087924957275,5.500004047062248,0.9959269675211628,1,0
206,4,t103,0000,0000,1000,-0.0004817713634110987,-8.93529987335205,8.93481810198864,0.9995484878531442,1,0
206,5,t203,0000,0000,0001,-0.0001236163661815226,-9.750123023986816,9.749999407620635,0.9998808719967112,1,0
206,6,t321,0000,0000,0100,-0.0010227077873423696,-7.126046180725098,7.125023472937755,0.9989866724680112,1,0
206,7,x2,0010,0010,1000,-0.00011503214773256332,-9.534305572509766,9.534190540362033,0.9998994487071434,1,0
206,8,x0,1010,1010,0110,-0.0055917613208293915,-5.606420993804932,5.600829232484102,0.9953782342576482,1,0
207,1,x0,1101,1101,1100,-1.291283369064331,-2.541283369064331,1.25,0.2750067049981512,1,0
207,2,x3,1100,1100,1111,-0.27942731976509094,-3.3653500080108643,3.0859226882457733,0.756680273729205,1,0
207,3,s32,1100,1110,1110,-1.0943021774291992,-0.43925660848617554,-0.6550455689430237,0.33477664018820547,0,0
207,4,c30,1100,0100,0100,-0.8261448740959167,-0.6106913089752197,-0.21545356512069702,0.4377576048674214,0,0
207,5,s10,1100,1100,0100,-0.5889465808868408,-1.2014418840408325,0.6124953031539917,0.5549168457213796,1,0
207,6,s03,0101,0101,1100,-0.6886827945709229,-0.8260630369186401,0.13738024234771729,0.5022401028545684,1,0
207,7,s30,1100,1100,0101,-0.6270372867584229,-1.3166636228561401,0.6896263360977173,0.5341812379446548,1,0
207,8,x0,0100,0100,0101,-0.15375465154647827,-2.028754711151123,1.8750000596046448,0.8574924058444572,1,0
208,1,s23,0000,0000,0010,-1.2009046077728271,-1.7744250297546387,0.5735204219818115,0.3013789804020292,1,0
208,2,t213,0000,0000,0001,-0.03716404736042023,-4.412164211273193,4.375000163912773,0.9637059491118988,1,0
208,3,t203,0000,0000,1000,-0.0003144358634017408,-9.029205322265625,9.028890886402223,0.9996988397757799,1,0
208,4,t312,0000,0000,1000,-0.00013875463628210127,-9.536055564880371,9.535916810244089,0.999872004398379,1,0
208,5,s21,0000,0000,0100,-0.002816912019625306,-5.877809047698975,5.874992135679349,0.9971873455018953,1,0
208,6,c20,0000,0000,1000,-0.038042813539505005,-3.2880423069000244,3.2499994933605194,0.9626726634430535,1,0
208,7,x2,0010,0010,0000,-8.344352681888267e-05,-9.506023406982422,9.505939963455603,0.9999186288554311,1,0
208,8,s30,0010,0010,1000,-0.38747307658195496,-1.4478038549423218,1.0603307783603668,0.6787769331615756,1,0
209,1,c20,1111,1111,0111,-1.35630464553833,-1.5098469257354736,0.15354228019714355,0.2577201779443878,1,0
209,2,s01,1111,1111,0111,-0.9015382528305054,-1.1024889945983887,0.2009507417678833,0.40596129915145296,1,0
209,3,s20,1111,1111,0111,-0.5990102887153625,-0.8910394906997681,0.2920292019844055,0.5493777208658007,1,0
209,4,x1,1011,1011,1101,-0.0035416693426668644,-6.021821022033691,6.0182793526910245,0.9964777123166071,1,0
209,5,c10,1011,1011,0011,-0.20166099071502686,-1.7018842697143555,1.5002232789993286,0.8173730575687841,1,0
209,6,c10,1011,1011,0011,-0.3869381248950958,-1.1369755268096924,0.7500374019145966,0.6791358629136744,1,0
209,7,t310,1011,1011,0011,-0.2519735097885132,-1.505186676979065,1.2532131671905518,0.7772659910905738,1,0
209,8,s12,1101,1101,1011,-0.13020068407058716,-2.363499641418457,2.23329895734787,0.8816367377666542,1,0
210,1,t230,1011,0011,0011,-1.9939030408859253,-1.3084514141082764,-0.6854516267776489,0.1362665619993592,0,0
210,2,s30,1011,1011,0011,-0.8659371733665466,-1.9681318998336792,1.1021947264671326,0.4206909383900995,1,0
210,3,t032,1001,1011,1011,-1.1520493030548096,-0.5423578023910522,-0.6096915006637573,0.3160141968433303,0,0
210,4,x3,1000,1000,1001,-0.06519851088523865,-3.3151984214782715,3.249999910593033,0.9369395926425008,1,0
210,5,s20,0010,1000,1000,-1.185272216796875,-0.6366704106330872,-0.5486018061637878,0.30566416700718635,0,0
210,6,t230,0010,0010,1010,-0.580045759677887,-1.255513072013855,0.675467312335968,0.5599538711683155,1,0
210,7,s01,0010,0010,1000,-0.31503599882125854,-1.3404508829116821,1.0254148840904236,0.7297680852578042,1,0
210,8,s03,0010,0010,1010,-0.8262724876403809,-0.8895387053489685,0.06326621770858765,0.4376870999602133,1,0
211,1,s02,1011,1011,0011,-1.6258944272994995,-1.909824252128601,0.28392982482910156,0.19682817386392723,1,0
211,2,t021,1111,1111,1011,-0.5260387063026428,-1.4249602556228638,0.898921549320221,0.5909692311254946,1,0
211,3,s30,1111,1111,0111,-0.49097204208374023,-1.0765349864959717,0.5855629444122314,0.6120603559745187,1,0
211,4,t321,1011,1011,1111,-0.6964403986930847,-0.6974377632141113,0.0009973645210266113,0.4983632012073752,1,0
211,5,t023,1010,1011,1011,-1.1394177675247192,-0.3894176781177521,-0.7500000894069672,0.32000840686096027,0,0
211,6,c21,1110,1110,1010,-0.38893628120422363,-1.1373085975646973,0.7483723163604736,0.6777781938985747,1,0
211,7,x3,1111,1111,1110,-0.001689457450993359,-6.439189434051514,6.43749997660052,0.9983204798370334,1,0
211,8,t310,0111,0111,1111,-0.42942750453948975,-1.0543063879013062,0.6248788833618164,0.6509509254748219,1,0
212,1,t031,0111,0111,0011,-1.0130724906921387,-2.6685268878936768,1.655454397201538,0.3632412966602702,1,0
212,2,t310,1111,1111,0111,-0.318400502204895,-1.3152167797088623,0.9968162775039673,0.7273320783759373,1,0
212,3,t130,0111,0111,1111,-0.474199116230011,-0.9743378758430481,0.5001387596130371,0.6224345588412858,1,0
212,4,c01,0111,0111,1011,-0.020684584975242615,-4.160987854003906,4.140303269028664,0.9795300056995411,1,0
212,5,s20,1101,1101,0111,-0.4504994750022888,-1.4081817865371704,0.9576823115348816,0.6373210467457361,1,0
212,6,t312,1111,1111,1101,-0.08981429785490036,-2.4650161266326904,2.37520182877779,0.9141417747157756,1,0
212,7,x2,1101,1101,0101,-0.0004753405228257179,-8.16576862335205,8.165293282829225,0.9996381501731323,1,0
212,8,t023,1101,1101,1100,-0.31582143902778625,-1.3158214092254639,0.9999999701976776,0.7291928233748807,1,0
213,1,t301,0001,0001,0100,-0.8306440114974976,-3.026576519012451,2.1959325075149536,0.43606530431116386,1,0
213,2,t103,0001,0001,1000,-0.01620989292860031,-5.939606189727783,5.923396296799183,0.9839479552669,1,0
213,3,c13,0001,0001,0000,-0.003777558682486415,-5.628777027130127,5.6249994684476405,0.9962315220214537,1,0
213,4,x3,0000,0000,0001,-0.00015067271306179464,-9.000151634216309,9.000000961503247,0.999850025974267,1,0
213,5,x1,0100,0100,0000,-0.0011960555566474795,-6.751875400543213,6.750679344986565,0.9988060559180134,1,0
213,6,x0,1100,1100,0100,-0.01117242593318224,-4.637684345245361,4.626511919312179,0.9902543181561064,1,0
213,7,t120,1100,1100,0100,-0.06198455020785332,-2.8304336071014404,2.768449056893587,0.9399007137665334,1,0
213,8,t231,1100,1100,1000,-0.07911048084497452,-2.586045265197754,2.5069347843527794,0.923943714768413,1,0
214,1,t320,0110,0110,1110,-1.2630313634872437,-1.7832164764404297,0.520185112953186,0.2829343025272553,1,0
214,2,c31,0110,0010,0010,-0.7720032334327698,-0.6610268354415894,-0.11097639799118042,0.46210552341511946,0,0
214,3,x0,1110,1110,0110,-0.0017774947918951511,-7.254639148712158,7.252861653920263,0.9990721844596662,1,0
214,4,s02,1110,1110,0111,-0.6101915836334229,-1.1844849586486816,0.5742933750152588,0.5432520775280214,1,0
214,5,t031,1110,1110,1010,-0.11403409391641617,-2.2387728691101074,2.1247387751936913,0.8922329122876279,1,0
214,6,c10,0110,0110,1110,-0.47424018383026123,-0.9741182327270508,0.49987804889678955,0.6223675636843858,1,0
214,7,c21,0010,0110,0110,-1.0570542812347412,-0.42888543009757996,-0.6281688511371613,0.3474781008342263,0,0
214,8,c20,1010,0010,0010,-0.8262532949447632,-0.5760146975517273,-0.2502385973930359,0.4376905390191141,0,0
215,1,t021,0011,0011,0111,-0.8479639887809753,-2.4086647033691406,1.5607007145881653,0.428483902746378,1,0
215,2,s03,1010,0011,0011,-0.759111225605011,-0.6995833516120911,-0.05952787399291992,0.4680898368051282,0,0
215,3,c12,1010,1010,1000,-0.20395123958587646,-1.7124567031860352,1.5085054636001587,0.8155147043319234,1,0
215,4,c10,1010,1010,0010,-0.12696385383605957,-2.131584882736206,2.0046210289001465,0.8807700027878459,1,0
215,5,t123,1010,1010,1011,-0.005451055709272623,-5.255451202392578,5.2500001466833055,0.994567033101079,1,0
215,6,t213,1010,1010,1011,-0.0003845123283099383,-8.000385284423828,8.000000772095518,0.9996171921334731,1,0
215,7,x0,0010,0010,1010,-0.004716561641544104,-5.914737224578857,5.910020662937313,0.9965936544463759,1,0
215,8,t032,0010,0010,0000,-0.00321860215626657,-5.932958126068115,5.929739523911849,0.9967866574026499,1,0
216,1,s10,1010,0110,0110,-2.377356767654419,-1.2023839950561523,-1.1749727725982666,0.09281518239153282,0,0
216,2,s30,0011,1010,1010,-2.2599616050720215,-0.6756176948547363,-1.5843439102172852,0.10436283320769994,0,0
216,3,t320,1011,0011,0011,-0.957781970500946,-0.8668833374977112,-0.09089863300323486,0.38377026408871795,0,0
216,4,s12,1101,1101,1011,-0.9652894735336304,-1.5755865573883057,0.6102970838546753,0.3809769834039841,1,0
216,5,x1,1001,1001,1111,-0.11399521678686142,-2.802910566329956,2.6889153495430946,0.8923845889313716,1,0
216,6,t123,1001,1001,1000,-0.061247944831848145,-3.0612478256225586,2.9999998807907104,0.940652927287761,1,0
216,7,c13,1001,1001,1000,-0.043951552361249924,-3.1689517498016357,3.125000197440386,0.9570066434159505,1,0
216,8,t023,1001,1001,1000,-0.005312429275363684,-5.255311965942383,5.249999536667019,0.9947020130890695,1,0
217,1,s10,1101,1101,0101,-1.1959447860717773,-2.224551200866699,1.0286064147949219,0.3024840507107065,1,0
217,2,c32,1111,1111,1101,-0.29126331210136414,-1.8590667247772217,1.5678034126758575,0.7473707127948753,1,0
217,3,t320,0111,0111,1111,-0.2821815609931946,-1.4066938161849976,1.124512255191803,0.754199883187284,1,0
217,4,x1,0011,0011,0111,-0.012489043176174164,-5.209210395812988,5.196721352636814,0.9876991158437619,1,0
217,5,c21,0111,0111,0011,-0.47530272603034973,-0.9745504260063171,0.4992476999759674,0.6216989280882115,1,0
217,6,s20,1101,1101,0111,-0.7235779166221619,-0.8291212916374207,0.10554337501525879,0.4850185167490795,1,0
217,7,x1,1001,1001,0101,-0.0008188153733499348,-8.057204246520996,8.056385431147646,0.999187504042076,1,0
217,8,x0,0001,0001,1001,-0.014802491292357445,-4.267488479614258,4.2526859883219,0.9857943488660723,1,0
218,1,s03,1010,0011,0011,-2.671309232711792,-1.496377944946289,-1.174931287765503,0.06919484167964636,0,0
218,2,x0,0010,0011,0011,-2.149275302886963,-2.024275302886963,-0.125,0.1166185873685373,0,0
218,3,t123,0010,0010,0011,-0.16734157502651215,-3.292341709136963,3.1250001341104507,0.8462318125173081,1,0
218,4,c01,0010,0010,0011,-0.006862393114715815,-6.131862163543701,6.124999770428985,0.9931729839061401,1,0
218,5,s02,1000,0010,0010,-0.9948352575302124,-0.4974230229854584,-0.49741223454475403,0.3697946376094073,0,0
218,6,s01,0100,1000,1000,-0.86611407995224,-0.6380116939544678,-0.22810238599777222,0.4205840512136774,0,0
218,7,s20,0100,1100,1100,-0.8443772792816162,-0.8023775815963745,-0.0419996976852417,0.42984615594809156,0,0
218,8,c31,0100,0100,0000,-0.5761603713035583,-0.8292115926742554,0.253051221370697,0.5620537702021539,1,0
219,1,t310,0010,0010,1010,-0.7195773720741272,-1.9820976257324219,1.2625202536582947,0.4871996187837927,1,0
219,2,x2,0000,0000,0011,-0.02443745918571949,-4.406754493713379,4.382317034527659,0.9758983472057848,1,0
219,3,x1,0100,0100,0000,-0.004290335346013308,-5.508029937744141,5.503739602398127,0.9957270483748575,1,0
219,4,s32,0100,0100,0110,-0.052355892956256866,-3.049931764602661,2.9975758716464043,0.9489923543549315,1,0
219,5,c23,0100,0100,0101,-0.20205874741077423,-1.7020587921142578,1.5000000447034836,0.8170480654483498,1,0
219,6,x2,0110,0110,0101,-0.0009461889276280999,-7.126433849334717,7.125487660407089,0.9990591581346606,1,0
219,7,c30,0110,1110,1110,-1.053904414176941,-0.4298229217529297,-0.6240814924240112,0.3485894115017045,0,0
219,8,s21,0110,0110,0011,-0.7758978009223938,-0.8110703825950623,0.03517258167266846,0.4602908991776659,1,0
220,1,s30,1100,0101,0101,-2.448077917098999,-1.6453746557235718,-0.8027032613754272,0.08647464897412473,0,0
220,2,x1,1000,1000,1001,-1.666042685508728,-1.916042685508728,0.25,0.1891094485698747,1,0
220,3,x1,1100,1100,1010,-0.040819767862558365,-4.0031633377075195,3.962343569844961,0.9600203417674327,1,0
220,4,x2,1110,1110,0000,-0.0008307455573230982,-8.978899955749512,8.978069210192189,0.9991826417357305,1,0
220,5,c02,1100,1100,0110,-0.0014844052493572235,-8.128130912780762,8.126646507531404,0.998523895223466,1,0
220,6,x2,1110,1110,1101,-0.0007021532510407269,-8.111781120300293,8.111078967049252,0.9993049400104278,1,0
220,7,c30,1110,0110,0110,-0.9744888544082642,-0.4797484874725342,-0.49474036693573,0.3774440192854559,0,0
220,8,t301,1110,1110,1010,-0.22818885743618011,-1.6030323505401611,1.374843493103981,0.7959745713578117,1,0
221,1,c21,0111,0011,0011,-1.8654813766479492,-1.0672725439071655,-0.7982088327407837,0.1548792061450657,0,0
221,2,s02,1101,0111,0111,-1.2022117376327515,-0.850217878818512,-0.3519938588142395,0.30053884560551747,0,0
221,3,c32,1111,1111,1101,-0.036618925631046295,-4.594987392425537,4.558368466794491,0.9642657830937366,1,0
221,4,c02,1101,1101,0111,-0.003953311592340469,-7.100210189819336,7.0962568782269955,0.9961057998906491,1,0
221,5,t130,0101,1101,1101,-1.0722310543060303,-0.4290549159049988,-0.6431761384010315,0.34226157592486844,0,0
221,6,x3,0100,0100,0101,-0.03815983980894089,-4.2881598472595215,4.250000007450581,0.9627504847144991,1,0
221,7,c31,0100,0100,0000,-0.4314814805984497,-1.7653666734695435,1.3338851928710938,0.6495517213078673,1,0
221,8,x2,0110,0110,0101,-0.0002604590554255992,-9.56302547454834,9.562765015492914,0.9998098343683847,1,0
222,1,x0,0100,0100,0001,-1.4856220483779907,-2.2388033866882324,0.7531813383102417,0.22683734893573546,1,0
222,2,x0,1100,1100,0100,-0.10487422347068787,-3.7853665351867676,3.6804923117160797,0.9004693566350666,1,0
222,3,t302,1100,1100,1110,-0.445250004529953,-1.0671319961547852,0.6218819916248322,0.6407153281961991,1,0
222,4,t130,1100,1100,0100,-0.16034477949142456,-1.9498764276504517,1.789531648159027,0.8518703081882887,1,0
222,5,s23,1100,1100,1110,-0.4948563575744629,-0.9749409556388855,0.4800845980644226,0.6096594071426326,1,0
222,6,x3,1101,1101,1100,-0.0006003038724884391,-7.500600337982178,7.500000034109689,0.9994021471382107,1,0
222,7,x2,1111,1111,1100,-0.000541088345926255,-7.626120567321777,7.625579478975851,0.9994650669162637,1,0
222,8,c23,1110,1110,1111,-0.011353716254234314,-4.511353492736816,4.499999776482582,0.9887118959689459,1,0
223,1,c32,1101,1101,1110,-1.404286503791809,-2.034186840057373,0.629900336265564,0.24572532521867707,1,0
223,2,t130,0101,1101,1101,-0.9045220613479614,-0.853035569190979,-0.05148649215698242,0.40475341101522894,0,0
223,3,s31,0101,0101,0001,-0.6610844135284424,-1.6490683555603027,0.9879839420318604,0.5163039809856911,1,0
223,4,x2,0111,0111,1110,-0.006178590469062328,-7.009757041931152,7.00357845146209,0.9938578336402943,1,0
223,5,x0,1111,1111,0111,-0.02124212495982647,-4.4351067543029785,4.413864629343152,0.9817858961881941,1,0
223,6,s03,1111,1111,0111,-0.4866454303264618,-1.0121464729309082,0.5255010426044464,0.6146877330202118,1,0
223,7,t312,1101,1101,1111,-0.06284286081790924,-2.830885887145996,2.768043026328087,0.9391005511967734,1,0
223,8,c23,1101,1100,1100,-1.7062652111053467,-0.2062651813030243,-1.5000000298023224,0.18154388262000737,0,0
224,1,t230,1011,0011,0011,-2.0775513648986816,-1.255845546722412,-0.8217058181762695,0.1253024075310937,0,0
224,2,t123,1011,1011,1010,-0.6250767111778259,-1.7500767707824707,1.1250000596046448,0.5354318230923379,1,0
224,3,x0,0011,0011,1111,-0.13005368411540985,-3.1748905181884766,3.0448368340730667,0.8780715506903953,1,0
224,4,t123,0011,0011,0010,-0.1141049936413765,-2.239104986190796,2.1249999925494194,0.8921665835220236,1,0
224,5,x3,0010,0010,0001,-2.5868293960229494e-05,-11.56329345703125,11.56326758873729,0.9999757007795288,1,0
224,6,t230,0010,0010,1010,-0.2528136968612671,-1.5028488636016846,1.2500351667404175,0.7766626396913467,1,0
224,7,t301,0010,0010,0110,-0.00021825882140547037,-8.780241966247559,8.780023707426153,0.999783081142618,1,0
224,8,t012,0010,0010,0000,-9.35777643462643e-05,-10.062049865722656,10.06195628795831,0.9999066530910232,1,0
225,1,c03,1010,1010,1011,-1.285092830657959,-1.660092830657959,0.375,0.2769413738065862,1,0
225,2,t230,1010,1010,0010,-0.6073474287986755,-1.2878309488296509,0.6804835200309753,0.5448078984124625,1,0
225,3,s10,0110,1010,1010,-0.974154531955719,-0.6207019090652466,-0.3534526228904724,0.3775212712078132,0,0
225,4,s32,0101,0110,0110,-1.1809415817260742,-0.9265202879905701,-0.25442129373550415,0.3069922817414149,0,0
225,5,c23,0101,0100,0100,-0.6961399912834167,-0.6961399912834167,0.0,0.498510505524673,0,1
225,6,x0,1101,1101,0001,-0.008561905473470688,-5.743134021759033,5.7345721162855625,0.9920596181665675,1,0
225,7,s10,1101,1101,0101,-0.7721191644668579,-1.3324025869369507,0.5602834224700928,0.46204117605432843,1,0
225,8,s10,1101,1101,0101,-0.69639652967453,-0.8911429643630981,0.19474643468856812,0.498382555516299,1,0
226,1,c32,1100,1110,1110,-1.5346779823303223,-1.2856976985931396,-0.24898028373718262,0.21572268976536,0,0
226,2,t201,1100,1100,1001,-0.1738818883895874,-2.8402750492095947,2.6663931608200073,0.8404207588196065,1,0
226,3,s02,0110,1100,1100,-0.9517577290534973,-0.5790883898735046,-0.3726693391799927,0.3860694226203955,0,0
226,4,x1,0010,0010,1110,-0.005514148157089949,-5.968756675720215,5.963242527563125,0.9945270492673911,1,0
226,5,c32,0010,0010,0000,-0.38710594177246094,-1.2796962261199951,0.8925902843475342,0.6790194483786113,1,0
226,6,s12,0100,0010,0010,-1.7433470487594604,-0.24886415898799896,-1.4944828897714615,0.1749340929505438,0,0
226,7,s23,0100,0100,0110,-0.08261372148990631,-2.580416202545166,2.4978024810552597,0.9207080594721567,1,0
226,8,s30,0100,1100,1100,-0.8266207575798035,-0.5821256041526794,-0.24449515342712402,0.43753760734438807,0,0
227,1,x0,0010,0010,0011,-0.9877327084541321,-2.4877328872680664,1.5000001788139343,0.3737135347961622,1,0
227,2,s20,1000,1000,0010,-0.8440083265304565,-1.0203977823257446,0.17638945579528809,0.4299949318151798,1,0
227,3,c10,1000,1000,0001,-0.25863051414489746,-2.101451873779297,1.8428213596343994,0.7721283975427172,1,0
227,4,c10,1000,1000,0000,-0.1602904051542282,-2.0899972915649414,1.9297068864107132,0.8519020370083662,1,0
227,5,s30,0001,1000,1000,-0.9734729528427124,-0.5782497525215149,-0.3952232003211975,0.3777716890721272,0,0
227,6,c21,0001,0101,0101,-0.9744528532028198,-0.4778992831707001,-0.49655357003211975,0.37740249135918624,0,0
227,7,x0,1001,1001,0001,-0.006412958260625601,-5.167079448699951,5.160666490439326,0.9938863170211126,1,0
227,8,t210,1001,1001,0001,-0.12696829438209534,-2.12831974029541,2.001351445913315,0.8807628717263497,1,0
228,1,x1,1110,1110,1000,-1.2172596454620361,-2.69490385055542,1.4776442050933838,0.2961160968139534,1,0
228,2,c10,0110,0110,1110,-0.7075379490852356,-0.8442482948303223,0.13671034574508667,0.4928896469468992,1,0
228,3,c02,0110,0110,0100,-0.11737732589244843,-2.525470018386841,2.4080926924943924,0.8892773570666951,1,0
228,4,t302,0110,0110,0100,-0.1110716462135315,-2.3646132946014404,2.253541648387909,0.8948839677827941,1,0
228,5,s20,1100,1100,0110,-0.700680673122406,-0.9797483682632446,0.2790676951408386,0.49625435585396116,1,0
228,6,s13,1001,1100,1100,-0.8231605291366577,-0.6468886137008667,-0.17627191543579102,0.4390444207345298,0,0
228,7,c10,1001,1001,0001,-0.3874374032020569,-1.1401734352111816,0.7527360320091248,0.6787958027798512,1,0
228,8,t321,1001,1001,1101,-0.42964255809783936,-1.0656750202178955,0.6360324621200562,0.6507474286295207,1,0
229,1,c32,1110,1110,1100,-1.6142408847808838,-1.7698111534118652,0.15557026863098145,0.19918564911440526,1,0
229,2,t201,1010,1110,1110,-1.4266031980514526,-0.49581363797187805,-0.9307895600795746,0.24013224770412642,0,0
229,3,x0,0010,0010,1010,-0.07179220765829086,-2.721513032913208,2.649720825254917,0.930772974330676,1,0
229,4,t203,0010,0010,0011,-0.04950084537267685,-3.0495007038116455,2.9999998584389687,0.9517147837907746,1,0
229,5,s02,1000,0010,0010,-1.1799216270446777,-0.4249384105205536,-0.7549832165241241,0.307305284814005,0,0
229,6,t210,1000,1000,0001,-0.16071048378944397,-2.2251243591308594,2.0644138753414154,0.8515638389123972,1,0
229,7,c03,1001,1001,1000,-0.2528745234012604,-1.502874493598938,1.2499999701976776,0.7765741235863791,1,0
229,8,c10,1001,1001,0001,-0.38745203614234924,-1.1428625583648682,0.7554105222225189,0.6787849107824347,1,0
230,1,c02,1001,1001,1011,-1.610342264175415,-2.3945043087005615,0.7841620445251465,0.1999816998196801,1,0
230,2,s12,1001,1100,1100,-0.9561534523963928,-0.903053879737854,-0.05309957265853882,0.3843734480313055,0,0
230,3,s21,1001,1100,1100,-0.7813507318496704,-0.7807464599609375,-0.0006042718887329102,0.4577909190927916,0,0
230,4,t032,1011,1001,1001,-0.90083247423172,-0.5255004167556763,-0.3753320574760437,0.4062336237119264,0,0
230,5,t012,1011,1011,1001,-0.28560495376586914,-1.4098485708236694,1.1242436170578003,0.751562859300058,1,0
230,6,t302,1001,1001,1011,-0.5779666900634766,-0.8291189670562744,0.25115227699279785,0.5610413428015204,1,0
230,7,x0,0001,0001,1001,-0.014839299023151398,-4.604434967041016,4.589595668017864,0.98535081082803,1,0
230,8,c12,0001,0001,0011,-0.16118983924388885,-1.9171948432922363,1.7560050040483475,0.8511314828264404,1,0
231,1,x0,1011,1011,1000,-1.3649466037750244,-2.556499481201172,1.1915528774261475,0.25553874321080833,1,0
231,2,c31,1111,1111,1011,-0.29116734862327576,-1.7853788137435913,1.4942114651203156,0.7474618077688343,1,0
231,3,s02,1111,1111,0111,-0.41398513317108154,-1.1857194900512695,0.771734356880188,0.6610187617354745,1,0
231,4,c23,1110,1110,1111,-0.14821791648864746,-2.0232179164886475,1.875,0.8622773164515132,1,0
231,5,s01,1110,1110,0110,-0.43213844299316406,-1.4473882913589478,1.0152498483657837,0.6491228367698663,1,0
231,6,c03,1111,1111,1110,-0.0025610560551285744,-6.127560615539551,6.124999559484422,0.9974441614273052,1,0
231,7,x0,0111,0111,1111,-0.030084526166319847,-4.105050086975098,4.074965560808778,0.970567108613,1,0
231,8,s03,1110,1110,0111,-0.41950085759162903,-1.6033153533935547,1.1838144958019257,0.6573890155487752,1,0
232,1,s31,1101,1101,1110,-1.338494062423706,-2.144225597381592,0.8057315349578857,0.262310497137329,1,0
232,2,c32,1111,1111,1101,-0.21100711822509766,-2.2732603549957275,2.06225323677063,0.8098586276206031,1,0
232,3,x3,1110,1110,1101,-0.004602223169058561,-6.025096416473389,6.02049419330433,0.9955011794349189,1,0
232,4,c13,1111,1111,1110,-0.1824605017900467,-1.8074605464935303,1.6250000447034836,0.8332210744827245,1,0
232,5,c12,1101,1101,1111,-0.07914751023054123,-2.608799695968628,2.5296521857380867,0.9239102956283305,1,0
232,6,x3,1100,1100,1111,-9.465049515711144e-05,-10.964025497436523,10.963930846941366,0.9999094957532176,1,0
232,7,s10,1100,1100,0100,-0.3164554536342621,-1.5651519298553467,1.2486964762210846,0.7287327503846143,1,0
232,8,c02,1110,1110,1101,-0.0013808674411848187,-7.202312469482422,7.200931602041237,0.9986262782995841,1,0
233,1,c23,1100,1100,1101,-1.2340431213378906,-1.3590431213378906,0.125,0.2915757915986288,1,0
233,2,t301,1100,1100,1000,-0.24942266941070557,-2.005777597427368,1.7563549280166626,0.7792752054033405,1,0
233,3,t130,1100,1100,0100,-0.07895072549581528,-2.6065988540649414,2.527648128569126,0.9240901095487741,1,0
233,4,c13,1101,1100,1100,-1.8049650192260742,-0.1799650490283966,-1.6249999701976776,0.16448074538460522,0,0
233,5,c02,1111,1111,1101,-0.0012575890868902206,-6.882856369018555,6.8815987799316645,0.9987458366205677,1,0
233,6,s20,1111,1111,0111,-0.38817721605300903,-1.1372485160827637,0.7490713000297546,0.6782950886670989,1,0
233,7,t012,1101,1101,1111,-0.12760016322135925,-2.1285974979400635,2.0009973347187042,0.880207615451491,1,0
233,8,c32,1111,1111,1101,-0.016984043642878532,-4.376999855041504,4.360015811398625,0.9831619290705722,1,0
234,1,c20,1011,1011,0011,-1.5101981163024902,-1.5183324813842773,0.00813436508178711,0.2209794327919605,1,0
234,2,s20,1011,1011,0011,-0.6986568570137024,-1.5077766180038452,0.8091197609901428,0.49726950972043465,1,0
234,3,t021,1111,1111,1011,-0.1722865104675293,-1.9191746711730957,1.7468881607055664,0.8417518626812169,1,0
234,4,c32,1101,1101,1111,-0.045431096106767654,-3.4222114086151123,3.3767803125083447,0.9556623226287736,1,0
234,5,t201,1101,1101,1001,-0.3901847004890442,-1.1402143239974976,0.7500296235084534,0.6769325856328146,1,0
234,6,t203,1101,1100,1100,-1.6006228923797607,-0.22562284767627716,-1.3750000447034836,0.20177201545824952,0,0
234,7,x2,1111,1111,1100,-0.0001163456472568214,-10.054959297180176,10.054842951532919,0.9999024220808391,1,0
234,8,c12,1101,1101,1111,-0.002232546219602227,-6.13481330871582,6.132580762496218,0.9977715956203956,1,0
235,1,c23,1100,1100,1101,-1.2674529552459717,-1.3924529552459717,0.125,0.28200938701843836,1,0
235,2,t012,1110,1100,1100,-1.1685678958892822,-0.4258480966091156,-0.7427197992801666,0.31082053472357274,0,0
235,3,t123,1111,1110,1110,-0.9005959630012512,-0.5255959630012512,-0.375,0.40633221611865983,0,0
235,4,c32,1101,1101,1111,-0.009278455749154091,-5.063819885253906,5.054541429504752,0.9907673449060214,1,0
235,5,x3,1100,1100,1101,-0.00035593408392742276,-9.68785572052002,9.687499786436092,0.9996491774309865,1,0
235,6,t301,1100,1100,1000,-0.1282094568014145,-2.353551149368286,2.2253416925668716,0.8796694049416417,1,0
235,7,c23,1100,1101,1101,-1.2234739065170288,-0.3484738767147064,-0.8750000298023224,0.2942064093957039,0,0
235,8,c03,1101,1101,1100,-0.02642698399722576,-3.6514267921447754,3.6249998081475496,0.9739219592886521,1,0
236,1,c31,0110,0110,0010,-1.23041832447052,-1.7047791481018066,0.4743608236312866,0.29230096363884783,1,0
236,2,x2,0100,0100,0000,-0.015323683619499207,-6.480295658111572,6.464971974492073,0.9848926419238373,1,0
236,3,s03,0100,0100,1100,-0.7504492402076721,-0.8656162619590759,0.11516702175140381,0.4721845201765606,1,0
236,4,x1,0000,0000,0110,-0.023976463824510574,-3.975531816482544,3.9515553526580334,0.9763276803676473,1,0
236,5,s01,0000,0000,1000,-0.06200356408953667,-2.812307119369507,2.75030355527997,0.939880281285807,1,0
236,6,c21,0000,0000,0100,-0.054969556629657745,-2.929964065551758,2.8749945089221,0.9465175771067993,1,0
236,7,c01,0000,0000,1000,-5.1139737479388714e-05,-10.1427640914917,10.14271295175422,0.9999491887552074,1,0
236,8,t203,0000,0000,0001,-0.0005427815485745668,-7.750542640686035,7.749999859137461,0.9994591615129272,1,0
237,1,c21,0001,0001,0101,-1.1208196878433228,-1.9760370254516602,0.8552173376083374,0.3261944681127715,1,0
237,2,t132,0001,0001,0011,-0.05098992586135864,-3.1767914295196533,3.1258015036582947,0.9503028922390737,1,0
237,3,c23,0001,0001,0000,-0.16048236191272736,-1.910482406616211,1.7500000447034836,0.8517384838264843,1,0
237,4,c20,0001,0001,1001,-0.6931805610656738,-0.6932380199432373,5.745887756347656e-05,0.4999978520543805,1,0
237,5,x2,0011,0011,1010,-2.6345089281676337e-05,-12.347397804260254,12.347371459170972,0.9999759018324523,1,0
237,6,x0,1011,1011,0111,-0.005977247841656208,-6.105034828186035,6.099057580344379,0.9962269960896413,1,0
237,7,x2,1001,1001,1111,-0.00013112521264702082,-9.666746139526367,9.66661501431372,0.999869305689632,1,0
237,8,t301,1101,1001,1001,-2.464268684387207,-0.08915937691926956,-2.3751093074679375,0.08507104751069838,0,0
238,1,x2,0000,0000,0011,-1.2047877311706543,-2.070218563079834,0.8654308319091797,0.30008749186912254,1,0
238,2,t203,0000,0000,0001,-0.13649016618728638,-2.7614901065826416,2.6249999403953552,0.8726641550351768,1,0
238,3,c13,0000,0000,0001,-0.0014995982637628913,-6.626499652862549,6.625000054598786,0.9985141754345391,1,0
238,4,c21,0000,0000,0100,-0.02981298230588436,-3.529810905456543,3.4999979231506586,0.9706402556682167,1,0
238,5,x0,1000,1000,0000,-0.0021784408017992973,-6.507466793060303,6.505288352258503,0.9984984931600756,1,0
238,6,x1,1100,1100,1000,-0.001329019432887435,-6.63096809387207,6.629639074439183,0.9986723786013836,1,0
238,7,c03,1101,1101,1100,-0.1272456794977188,-2.1272456645965576,1.9999999850988388,0.8805202905349185,1,0
238,8,x1,1001,1001,1101,-0.0017535489751026034,-6.403192043304443,6.401438494329341,0.9982482511288673,1,0
239,1,x1,0011,0011,0101,-1.164111614227295,-2.426793098449707,1.262681484222412,0.31233230987444155,1,0
239,2,s31,0110,0011,0011,-1.2650068998336792,-0.871936023235321,-0.39307087659835815,0.28224450750222946,0,0
239,3,c32,0110,0100,0100,-0.8592577576637268,-0.7744424343109131,-0.08481532335281372,0.4235113687190516,0,0
239,4,c01,0110,0110,0010,-0.04103662073612213,-3.485818862915039,3.444782242178917,0.9597969359917815,1,0
239,5,x3,0111,0111,0110,-0.0028116723988205194,-6.127811908721924,6.125000236323103,0.9971976509660766,1,0
239,6,x0,1111,1111,0111,-0.05390625447034836,-4.368478775024414,4.314572520554066,0.975327890476522,1,0
239,7,x1,1011,1011,0111,-0.0017325826920568943,-6.752695083618164,6.750962500926107,0.9982708712006021,1,0
239,8,c31,1111,1111,1011,-0.1608237773180008,-1.910617470741272,1.7497936934232712,0.8514424356474198,1,0
240,1,s23,0001,0010,0010,-1.9516305923461914,-1.1299502849578857,-0.8216803073883057,0.14221825033161023,0,0
240,2,x0,1001,1001,1000,-1.3400497436523438,-1.4650497436523438,0.125,0.2620027375206552,1,0
240,3,c03,1000,1000,1001,-0.7495736479759216,-0.7495736479759216,0.0,0.4726445380747948,0,1
240,4,x0,0000,0000,0001,-0.34474635124206543,-1.8447463512420654,1.5,0.7084085546720061,1,0
240,5,s01,0000,0000,1000,-0.07942473143339157,-2.58256459236145,2.5031398609280586,0.9236514934143132,1,0
240,6,t012,0000,0000,1000,-0.00023697360302321613,-8.772435188293457,8.772198214690434,0.9997683099521447,1,0
240,7,c03,0000,0000,0001,-0.0005157417617738247,-7.875515460968018,7.874999719206244,0.9994854345609421,1,0
240,8,t132,0000,0000,0010,-0.0022804662585258484,-6.127398490905762,6.125118024647236,0.9977231148838323,1,0
241,1,s32,1001,1010,1010,-2.3753576278686523,-1.0008397102355957,-1.3745179176330566,0.09302838985290324,0,0
241,2,c20,1001,1001,0001,-1.1237542629241943,-1.7968950271606445,0.6731407642364502,0.32508209552266054,1,0
241,3,t203,1001,1001,1000,-0.05681449919939041,-3.681814432144165,3.6249999329447746,0.944823101452289,1,0
241,4,x2,1011,1011,1000,-0.0055815186351537704,-5.456971168518066,5.451389649882913,0.9944447538861849,1,0
241,5,t103,1011,1011,1010,-0.20153266191482544,-1.7015327215194702,1.5000000596046448,0.8174804121106477,1,0
241,6,t132,1011,1011,1001,-0.2053493857383728,-1.7046560049057007,1.4993066191673279,0.8143652057025027,1,0
241,7,t321,1111,1111,1011,-0.08981353789567947,-2.4640276432037354,2.374214105308056,0.914102174672941,1,0
241,8,t302,1101,1101,1111,-0.0303170308470726,-3.5338921546936035,3.503575123846531,0.9702362933833818,1,0
242,1,x2,1101,1101,1100,-1.0625014305114746,-2.0625014305114746,1.0,0.34595516762556827,1,0
242,2,s23,1110,1110,1101,-0.49762654304504395,-1.1974080801010132,0.6997815370559692,0.60799571514917,1,0
242,3,x1,1010,1010,1011,-0.11251666396856308,-2.8625166416168213,2.749999977648258,0.89361073926631,1,0
242,4,s01,0110,1010,1010,-1.8171056509017944,-0.28767168521881104,-1.5294339656829834,0.16249595587942717,0,0
242,5,c02,0110,0110,0100,-0.04816117137670517,-4.048736095428467,4.000574924051762,0.9529901285812497,1,0
242,6,t032,0110,0110,0100,-0.020314792171120644,-4.150527000427246,4.1302122082561255,0.9798913916374694,1,0
242,7,t032,0110,0110,0100,-0.007301041856408119,-5.008971691131592,5.001670649275184,0.992726014196909,1,0
242,8,c23,0111,0111,0110,-0.1430741548538208,-2.0180740356445312,1.8749998807907104,0.8666923032429706,1,0
243,1,s30,1101,1101,0110,-1.7482173442840576,-2.432781219482422,0.6845638751983643,0.17412540262876766,1,0
243,2,s13,1101,1101,1001,-1.09158456325531,-1.3910856246948242,0.29950106143951416,0.33570167735871065,1,0
243,3,x1,1001,1001,1111,-0.01553321909159422,-4.6822190284729,4.666685809381306,0.9846357650633328,1,0
243,4,x1,1101,1101,1011,-0.003458036109805107,-6.602524280548096,6.599066244438291,0.996554481927771,1,0
243,5,s13,1101,1101,1001,-0.293121874332428,-1.4325289726257324,1.1394070982933044,0.7459321024969316,1,0
243,6,s02,0111,1101,1101,-1.0125356912612915,-0.5874720811843872,-0.4250636100769043,0.36330144950249504,0,0
243,7,s10,1011,1011,0111,-0.6046568155288696,-1.5056662559509277,0.9010094404220581,0.5462860643548815,1,0
243,8,x3,1010,1010,0110,-0.0016982939559966326,-8.192265510559082,8.190567216603085,0.9983178447742825,1,0
244,1,t031,1100,1100,1000,-1.3151483535766602,-2.2176995277404785,0.9025511741638184,0.26851568851588214,1,0
244,2,t230,1100,1100,0100,-0.2524254322052002,-1.6381522417068481,1.385726809501648,0.776927471748355,1,0
244,3,t031,1100,1100,1000,-0.018923725932836533,-4.081546783447266,4.062623057514429,0.9812636137159695,1,0
244,4,t201,1100,1100,1000,-0.033809199929237366,-3.41200590133667,3.3781967014074326,0.9667585686225166,1,0
244,5,s21,1010,1100,1100,-1.3864998817443848,-0.6941727995872498,-0.692327082157135,0.24994874527745642,0,0
244,6,c32,1010,1010,1000,-0.3144811987876892,-1.3839294910430908,1.0694482922554016,0.7301711971344791,1,0
244,7,x0,0010,0010,1010,-0.0060156406834721565,-5.13121223449707,5.125196593813598,0.9940307861532857,1,0
244,8,t032,0010,0010,0000,-0.007626620586961508,-5.458559036254883,5.450932415667921,0.9924022983558586,1,0
245,1,c31,1110,1110,1010,-1.5322775840759277,-1.6455214023590088,0.11324381828308105,0.2161228930553956,1,0
245,2,c31,1110,1110,1010,-0.3960455656051636,-1.4292060136795044,1.0331604480743408,0.6730057135455485,1,0
245,3,c32,1110,1100,1100,-1.0626507997512817,-0.43184101581573486,-0.6308097839355469,0.3455456382006875,0,0
245,4,s13,1011,1110,1110,-1.9053937196731567,-0.18326212465763092,-1.7221315950155258,0.14876432372409681,0,0
245,5,s13,1110,1011,1011,-0.8457017540931702,-0.5765645503997803,-0.2691372036933899,0.4292564284313615,0,0
245,6,c10,0110,0110,1110,-0.5819334983825684,-0.8260142207145691,0.24408072233200073,0.5588244406022618,1,0
245,7,t321,0110,0110,0010,-0.16071516275405884,-1.9124394655227661,1.7517243027687073,0.8515354759103034,1,0
245,8,c30,0110,1110,1110,-1.6007651090621948,-0.22563891112804413,-1.3751261979341507,0.20175046448613862,0,0
246,1,c23,0001,0001,0000,-0.9900441765785217,-1.990044116973877,0.9999999403953552,0.37235992679771207,1,0
246,2,s10,0001,0001,1000,-0.5467338562011719,-1.4813258647918701,0.9345920085906982,0.5788702679526073,1,0
246,3,t310,0001,0001,1001,-0.06203380599617958,-2.8280105590820312,2.7659767530858517,0.9398543630850067,1,0
246,4,t021,0001,0001,1001,-0.00027855689404532313,-8.3176851272583,8.317406570364255,0.9997257558913452,1,0
246,5,s13,0100,0100,0001,-0.3870789706707001,-1.1371128559112549,0.7500338852405548,0.6790378313818222,1,0
246,6,t310,0100,0100,1100,-0.023431377485394478,-3.7738053798675537,3.7503740023821592,0.9768421755676605,1,0
246,7,t301,0100,0100,1100,-0.004412363283336163,-6.283700942993164,6.279288579709828,0.9956009663073646,1,0
246,8,x2,0110,0110,0001,-0.00038620023406110704,-8.505426406860352,8.50504020662629,0.9996650280695913,1,0
247,1,x2,1010,1010,1001,-1.0346109867095947,-2.393887996673584,1.3592770099639893,0.35590218146711927,1,0
247,2,t023,1011,1010,1010,-1.7797470092773438,-0.27974700927734375,-1.5,0.16871582196580195,0,0
247,3,t213,1011,1011,1010,-0.0930132046341896,-2.718013286590576,2.6250000819563866,0.9112026856932037,1,0
247,4,s10,0111,1011,1011,-1.2591148614883423,-0.9616328477859497,-0.2974820137023926,0.28391167108652193,0,0
247,5,t320,1111,1111,0111,-0.32891058921813965,-1.5326234102249146,1.203712821006775,0.7197247181042356,1,0
247,6,c13,1110,1110,1111,-0.2869822680950165,-1.4119821786880493,1.1249999105930328,0.7505371884903709,1,0
247,7,s02,1110,1110,0111,-0.44543251395225525,-1.5092028379440308,1.0637703239917755,0.6405556806721997,1,0
247,8,x0,0110,0110,0111,-0.08300262689590454,-3.083002805709839,3.0000001788139343,0.9206035503524539,1,0
248,1,x0,1000,1000,0000,-1.1897718906402588,-1.9903614521026611,0.8005895614624023,0.3044155137968365,1,0
248,2,x3,1001,1001,1010,-0.4925055503845215,-2.5623273849487305,2.069821834564209,0.611844724330331,1,0
248,3,x1,1101,1101,1011,-0.0415150411427021,-3.93043851852417,3.888923477381468,0.9593570216639634,1,0
248,4,x1,1001,1001,1111,-0.04226759448647499,-3.3046884536743164,3.2624208591878414,0.9586176563257045,1,0
248,5,c12,1001,1001,1011,-0.25496965646743774,-1.5080870389938354,1.2531173825263977,0.7749469169383435,1,0
248,6,c31,1101,1001,1001,-0.6936045289039612,-0.6933282613754272,-0.00027626752853393555,0.49977220948354256,0,0
248,7,x1,1001,1001,1101,-0.005955372005701065,-5.312185287475586,5.306229915469885,0.9940628400811384,1,0
248,8,c23,1001,1001,1000,-0.14294685423374176,-2.017946720123291,1.8749998658895493,0.8668016688030896,1,0
249,1,s12,0000,0000,0100,-0.855972170829773,-2.2336440086364746,1.3776718378067017,0.4250607950055307,1,0
249,2,c31,0000,0000,0100,-0.328010618686676,-1.3296955823898315,1.0016849637031555,0.7204089420973321,1,0
249,3,x3,0001,0001,1000,-0.0008177452255040407,-8.738838195800781,8.738020450575277,0.9992029893602506,1,0
249,4,c20,0001,0001,1001,-0.474129319190979,-0.974903404712677,0.500774085521698,0.6224336106723244,1,0
249,5,x3,0000,0000,0011,-6.25837710686028e-05,-10.003231048583984,10.003168464812916,0.9999384838230708,1,0
249,6,t021,0000,0000,1000,-6.997454329393804e-05,-10.006990432739258,10.006920458195964,0.9999328113051342,1,0
249,7,c03,0000,0000,0001,-0.00010168184962822124,-9.375101089477539,9.37499940762791,0.9998987175136824,1,0
249,8,x0,1000,1000,0000,-0.0021036218386143446,-6.25274658203125,6.250642960192636,0.9980713782249385,1,0
250,1,x0,0100,0100,0000,-1.4109081029891968,-2.2246549129486084,0.8137468099594116,0.24426794894855305,1,0
250,2,x1,0000,0000,0110,-0.0813276469707489,-2.8486874103546143,2.7673597633838654,0.923055183448232,1,0
250,3,c10,0000,0000,1000,-0.018209930509328842,-4.018272399902344,4.000062469393015,0.9819609400637276,1,0
250,4,s03,0000,0000,1000,-0.2534421980381012,-1.5145142078399658,1.2610720098018646,0.7761282431930635,1,0
250,5,x0,1000,1000,0000,-0.011087733320891857,-4.51127290725708,4.500185173936188,0.9890111011978023,1,0
250,6,s03,0001,0001,1000,-0.5623925924301147,-0.9743868708610535,0.4119942784309387,0.5698453846335072,1,0
250,7,t201,0001,0001,1001,-0.002611878328025341,-6.0084943771362305,6.005882498808205,0.9974014940314909,1,0
250,8,t023,0001,0001,0011,-0.001427315641194582,-7.383056640625,7.381629324983805,0.998578337090256,1,0
251,1,x3,0110,0110,0101,-0.9052002429962158,-2.7745234966278076,1.8693232536315918,0.40546663439896347,1,0
251,2,t213,0111,0110,0110,-2.1138112545013428,-0.23881101608276367,-1.875000238418579,0.12078981339954667,0,0
251,3,t120,1111,1111,0111,-0.5294008851051331,-1.1704907417297363,0.6410898566246033,0.5889970909792254,1,0
251,4,c03,1110,1110,0110,-0.07321572303771973,-3.9014346599578857,3.828218936920166,0.9294521660905609,1,0
251,5,x1,1010,1010,1100,-0.013803265988826752,-5.027965545654297,5.01416227966547,0.9863000554569165,1,0
251,6,c30,1010,1010,0010,-0.31339403986930847,-1.314846396446228,1.0014523565769196,0.7309686313523283,1,0
251,7,c01,1110,1110,1010,-0.04320342466235161,-3.168240785598755,3.1250373609364033,0.9577173029533412,1,0
251,8,t032,1110,1100,1100,-0.975037157535553,-0.4769306182861328,-0.49810653924942017,0.3771806272564726,0,0
252,1,c10,0010,0010,1010,-0.9277214407920837,-1.4702386856079102,0.5425172448158264,0.3956165261565879,1,0
252,2,x2,0000,0000,0011,-0.023738263174891472,-4.2784576416015625,4.254719378426671,0.9765769678890384,1,0
252,3,x0,1000,1000,0000,-0.005767037160694599,-5.279077529907227,5.273310492746532,0.9947762629828297,1,0
252,4,x3,1001,1001,0001,-0.00124297512229532,-7.603074073791504,7.601831098669209,0.9987667037755104,1,0
252,5,t321,1001,1001,1101,-0.281605988740921,-1.4075042009353638,1.1258982121944427,0.7545778358315102,1,0
252,6,c20,1001,1001,0001,-0.4740895628929138,-0.9758076071739197,0.5017180442810059,0.6224522820234966,1,0
252,7,c02,1011,1011,1001,-0.018395621329545975,-4.018824577331543,4.000428956001997,0.9817745412578064,1,0
252,8,s01,0111,0111,1011,-0.6984943747520447,-1.0800950527191162,0.38160067796707153,0.4973363041805974,1,0
253,1,t013,1000,1000,1001,-0.8765027523040771,-2.376502752304077,1.5,0.4168655144388043,1,0
253,2,x0,0000,0000,0001,-0.06823308020830154,-3.568233013153076,3.4999999329447746,0.934364938459231,1,0
253,3,c13,0000,0000,0001,-0.003730715485289693,-5.628730773925781,5.625000058440492,0.9962768471377105,1,0
253,4,c12,0000,0000,0010,-0.0024890033528208733,-6.002819061279297,6.000330057926476,0.9975148038303098,1,0
253,5,c30,0000,0000,1000,-0.03804613649845123,-3.2880475521087646,3.2500014156103134,0.9626725539360897,1,0
253,6,c02,0000,0000,1000,-3.457066668488551e-06,-13.356670379638672,13.356666922572003,0.9999964952240972,1,0
253,7,s20,0000,0000,1000,-0.04861711338162422,-3.048595905303955,2.999978791922331,0.9525461178021669,1,0
253,8,x1,0100,0100,0000,-0.005934032145887613,-5.130956649780273,5.125022617634386,0.9940841297254865,1,0
254,1,t012,0010,0010,0000,-0.7347918748855591,-2.849315643310547,2.114523768424988,0.48029598432640724,1,0
254,2,t130,0010,0010,1010,-0.1606011688709259,-1.9157804250717163,1.7551792562007904,0.8516412796332219,1,0
254,3,x0,1010,1010,0010,-0.002630482194945216,-6.831428050994873,6.828797568799928,0.9982354879781641,1,0
254,4,t012,1010,1010,1000,-0.04337277635931969,-3.1686668395996094,3.1252940632402897,0.9575554865683423,1,0
254,5,x0,0010,0010,1110,-0.012529957108199596,-4.736108303070068,4.723578345961869,0.987557496865531,1,0
254,6,c32,0010,0000,0000,-0.9743896126747131,-0.4777284264564514,-0.4966611862182617,0.37742286872087344,0,0
254,7,s01,0010,0010,1010,-0.12718059122562408,-2.8200900554656982,2.692909464240074,0.8805780589704905,1,0
254,8,s03,0010,0010,1010,-0.31329867243766785,-1.3230797052383423,1.0097810328006744,0.7310332623657426,1,0
255,1,t123,1101,1101,1100,-0.9408564567565918,-1.6908564567565918,0.75,0.39059637821429705,1,0
255,2,c32,1111,1111,1101,-0.10033763200044632,-3.536679267883301,3.4363416358828545,0.9045695531701432,1,0
255,3,x1,1011,1011,1101,-0.0015510504599660635,-7.5714497566223145,7.569898706162348,0.9984591376211519,1,0
255,4,t013,1011,1011,1010,-0.012225937098264694,-4.637226104736328,4.625000167638063,0.9878569316804148,1,0
255,5,c02,1001,1001,1011,-0.0087728938087821,-4.828690052032471,4.819917158223689,0.9912738867378864,1,0
255,6,x1,1101,1101,1001,-0.0005499329417943954,-7.752222537994385,7.75167260505259,0.9994503239607289,1,0
255,7,t120,1101,1101,0101,-0.2519823908805847,-1.525390863418579,1.2734084725379944,0.7772596043913345,1,0
255,8,s23,1110,1110,1101,-0.23547986149787903,-1.6493109464645386,1.4138310849666595,0.7901919616613431,1,0
256,1,x3,1001,1001,1000,-1.020003080368042,-1.770003080368042,0.75,0.36153218759328937,1,0
256,2,c31,1101,1101,1001,-0.559563934803009,-1.001000165939331,0.441436231136322,0.5714678615085005,1,0
256,3,s21,1011,1101,1101,-1.672633409500122,-0.27023816108703613,-1.402395248413086,0.1877543813468563,0,0
256,4,c20,0011,0011,1011,-0.5292375683784485,-0.9029456973075867,0.3737081289291382,0.5890647624094587,1,0
256,5,s20,1001,1001,0011,-0.8473278284072876,-1.161740779876709,0.3144129514694214,0.4285741598605437,1,0
256,6,x2,1011,1011,0011,-0.0035428402479737997,-6.534189224243164,6.53064638399519,0.9964983837889172,1,0
256,7,t013,1011,1011,1010,-0.04711620509624481,-3.172116279602051,3.125000074505806,0.9539826588246368,1,0
256,8,s20,1011,1011,0011,-0.47719618678092957,-1.0251224040985107,0.5479262173175812,0.6205238181154163,1,0
257,1,t123,0100,0100,0101,-0.7149111032485962,-2.2149109840393066,1.4999998807907104,0.4901048108211742,1,0
257,2,s30,0100,0100,1100,-0.5871249437332153,-0.9386332631111145,0.35150831937789917,0.5559348083559805,1,0
257,3,c12,0110,0110,0100,-0.14516624808311462,-2.0196244716644287,1.874458223581314,0.8648820209074877,1,0
257,4,x3,0111,0111,0110,-0.0015708471182733774,-7.501570701599121,7.499999854480848,0.9984340133949366,1,0
257,5,c21,0011,0011,0111,-0.5239569544792175,-0.8992001414299011,0.3752431869506836,0.5921755587383304,1,0
257,6,s12,0101,0011,0011,-1.3291350603103638,-0.48840445280075073,-0.840730607509613,0.2647114275769163,0,0
257,7,x0,1101,1101,1100,-0.03114354982972145,-3.9061434268951416,3.87499987706542,0.9706435689694958,1,0
257,8,s20,0111,1101,1101,-0.9149249792098999,-0.5852338075637817,-0.32969117164611816,0.4005498509254961,0,0
258,1,c30,0110,0110,1110,-1.225623607635498,-1.6233434677124023,0.3977198600769043,0.2936680229053702,1,0
258,2,t301,0110,0110,0010,-0.0806473046541214,-3.2114992141723633,3.130851909518242,0.9225399079648313,1,0
258,3,s10,1010,1010,0110,-0.4964315593242645,-1.1606885194778442,0.6642569601535797,0.6088231044317598,1,0
258,4,s01,0110,1010,1010,-0.7858642339706421,-0.716841459274292,-0.0690227746963501,0.45573145584563596,0,0
258,5,t201,0110,0110,1110,-0.0017301985062658787,-6.878727912902832,6.876997714396566,0.9982733105384388,1,0
258,6,s30,0110,1110,1110,-1.314571499824524,-0.524222731590271,-0.7903487682342529,0.2685950732664119,0,0
258,7,t312,0110,0110,0100,-0.1431497037410736,-2.018622875213623,1.8754731714725494,0.8666291716226937,1,0
258,8,t213,0111,0110,0110,-1.406926155090332,-0.28192609548568726,-1.1250000596046448,0.24489616900531844,0,0
259,1,s13,0110,0011,0011,-2.2384395599365234,-1.1922812461853027,-1.0461583137512207,0.10664456815323413,0,0
259,2,t302,0110,0110,0100,-0.9039387702941895,-1.8566195964813232,0.9526808261871338,0.40514172135651844,1,0
259,3,x2,0100,0100,0000,-0.013553882017731667,-6.220588207244873,6.207034325227141,0.9865698014445035,1,0
259,4,t320,0100,0100,1100,-0.3139713406562805,-1.3139108419418335,0.999939501285553,0.7305863074288229,1,0
259,5,t301,0100,0100,0000,-0.010523473843932152,-4.959619522094727,4.949096048250794,0.9895356075866016,1,0
259,6,c30,0100,0100,1100,-0.47439152002334595,-0.9742624759674072,0.4998709559440613,0.6222716435062777,1,0
259,7,t103,0100,0100,0101,-0.026896584779024124,-3.6518964767456055,3.6249998919665813,0.9734632167215677,1,0
259,8,c12,0110,0100,0100,-0.9027730822563171,-0.5278448462486267,-0.37492823600769043,0.4054452697723231,0,0
260,1,t102,0001,0001,0011,-0.9033328890800476,-2.065281391143799,1.1619485020637512,0.4057078926979189,1,0
260,2,s21,0001,0001,0100,-0.5123670697212219,-0.9860832691192627,0.47371619939804077,0.599094732264305,1,0
260,3,x1,0101,0101,0001,-0.0021861777640879154,-6.379405975341797,6.377219797577709,0.9978294654570268,1,0
260,4,s32,0110,0110,0101,-0.5936204791069031,-0.9062903523445129,0.31266987323760986,0.5523247667775927,1,0
260,5,t032,0110,0110,0100,-0.006248399615287781,-5.263819694519043,5.257571294903755,0.9937729336763391,1,0
260,6,s31,0011,0011,0110,-0.6580936312675476,-0.8278634548187256,0.16976982355117798,0.5178386123933872,1,0
260,7,c31,0111,0111,0011,-0.22562436759471893,-1.6005088090896606,1.3748844414949417,0.7980188840599208,1,0
260,8,t213,0110,0111,0111,-2.3529319763183594,-0.10293208062648773,-2.2499998956918716,0.09509423726956392,0,0
261,1,t012,0101,0101,0111,-0.9612470865249634,-2.134117364883423,1.1728702783584595,0.38285487737382806,1,0
261,2,x2,0111,0111,1000,-0.03117651864886284,-5.258955955505371,5.227779436856508,0.9693450085828376,1,0
261,3,x1,0011,0011,0101,-0.003544027917087078,-5.882142066955566,5.878598039038479,0.9964825324569854,1,0
261,4,s31,0110,0110,0011,-0.3372494578361511,-1.3140602111816406,0.9768107533454895,0.7137315951037085,1,0
261,5,s30,0110,1110,1110,-1.3143287897109985,-0.3765993118286133,-0.9377294778823853,0.2686618925859043,0,0
261,6,t201,0110,0110,0010,-0.0038795783184468746,-5.629282474517822,5.625402896199375,0.9961290371377847,1,0
261,7,c10,1110,1110,0110,-0.12939153611660004,-2.1278398036956787,1.9984482675790787,0.8787026902353506,1,0
261,8,s30,0111,1110,1110,-0.902094304561615,-0.6355211734771729,-0.26657313108444214,0.4057227736629751,0,0
262,1,c31,0010,0010,0110,-1.072545051574707,-1.9520001411437988,0.8794550895690918,0.34224326229534646,1,0
262,2,t021,0010,0010,1010,-0.005921570118516684,-6.494826793670654,6.488905223552138,0.9941015641816321,1,0
262,3,c03,0010,0010,0000,-0.001547903986647725,-6.830406188964844,6.828858284978196,0.9984600827121055,1,0
262,4,c12,0010,0010,0000,-0.078941710293293,-2.5793192386627197,2.5003775283694267,0.9240941944846962,1,0
262,5,t102,0010,0010,0000,-0.00018011254724115133,-8.752655029296875,8.752474916749634,0.9998204344573924,1,0
262,6,s03,0010,0010,1010,-0.6933389902114868,-0.7273501753807068,0.03401118516921997,0.49992278271105056,1,0
262,7,t213,0010,0010,0011,-0.00014185323379933834,-10.375142097473145,10.375000244239345,0.9998653903787533,1,0
262,8,t032,0010,0010,0000,-0.0017152834916487336,-6.390878200531006,6.389162917039357,0.998286467886989,1,0
263,1,t013,0011,0011,0010,-0.7013064622879028,-2.4513065814971924,1.7500001192092896,0.49654170010996124,1,0
263,2,c23,0010,0010,0011,-0.4175702631473541,-1.1675703525543213,0.7500000894069672,0.658664466748628,1,0
263,3,t310,0010,0010,1010,-0.029892420396208763,-3.5305838584899902,3.5006914380937815,0.9705527899708974,1,0
263,4,x3,0011,0011,0000,-0.0004082575615029782,-9.32630729675293,9.325899039191427,0.9995927909059458,1,0
263,5,x1,0111,0111,0011,-0.0023428068961948156,-6.128010272979736,6.1256674660835415,0.9976605710938767,1,0
263,6,s31,0111,0111,0011,-0.47691869735717773,-0.9790136814117432,0.5020949840545654,0.6206939242973571,1,0
263,7,x0,1111,1111,0111,-0.010240156203508377,-5.049808979034424,5.0395688228309155,0.992597259629388,1,0
263,8,c32,1101,1101,1111,-0.038509551435709,-3.5695576667785645,3.5310481153428555,0.9622263523444101,1,0
264,1,s23,1110,1101,1101,-1.8049921989440918,-1.6687517166137695,-0.13624048233032227,0.16458799887826678,0,0
264,2,s12,1110,1110,1011,-0.8894813060760498,-1.720531702041626,0.8310503959655762,0.4108880186558654,1,0
264,3,s12,1110,1110,1011,-0.3532162308692932,-2.047922134399414,1.6947059035301208,0.7024333203289355,1,0
264,4,t210,0110,1110,1110,-0.7936921119689941,-0.6980255842208862,-0.09566652774810791,0.4522578874454045,0,0
264,5,c01,0110,0110,1010,-0.058728162199258804,-3.851973533630371,3.7932453714311123,0.9429666721581599,1,0
264,6,t012,0110,0110,0010,-0.0024700991343706846,-7.456608295440674,7.454138196306303,0.9975343959496431,1,0
264,7,c13,0111,0111,0110,-0.5793319344520569,-0.8293319344520569,0.25,0.5602754822134889,1,0
264,8,c12,0101,0101,0111,-0.12831862270832062,-2.170764923095703,2.0424463003873825,0.8795798819359183,1,0
265,1,s13,0010,0010,0110,-1.1398402452468872,-2.367699384689331,1.2278591394424438,0.3199845987236478,1,0
265,2,t013,0010,0010,0011,-0.04571658372879028,-5.170716762542725,5.125000178813934,0.9554801832748061,1,0
265,3,x1,0110,0110,0010,-0.0028033992275595665,-6.133694171905518,6.130890772677958,0.9972073289926284,1,0
265,4,c20,1110,1110,0110,-0.20190173387527466,-1.701808214187622,1.4999064803123474,0.8171982429496379,1,0
265,5,t023,1111,1110,1110,-1.4068466424942017,-0.28184664249420166,-1.125,0.2449168966205034,0,0
265,6,x1,1011,1011,1101,-0.00019287216127850115,-9.567939758300781,9.567746886139503,0.9998079693715397,1,0
265,7,t201,1111,1111,1011,-0.22764697670936584,-1.602364420890808,1.3747174441814423,0.7964055724060338,1,0
265,8,x3,1110,1110,1010,-0.00023137099924497306,-9.451966285705566,9.451734914706321,0.999775608045762,1,0
266,1,t032,1011,1001,1001,-1.641401767730713,-1.5079808235168457,-0.1334209442138672,0.1938942603036131,0,0
266,2,x3,1010,1010,1001,-0.11420907825231552,-4.334907531738281,4.220698453485966,0.8922132569679543,1,0
266,3,t231,1010,1010,1110,-0.4803216755390167,-1.0962145328521729,0.6158928573131561,0.6185864011991058,1,0
266,4,c30,1010,1010,0010,-0.47423022985458374,-0.9812465906143188,0.5070163607597351,0.6223695044365289,1,0
266,5,s12,1100,1010,1010,-1.1497743129730225,-0.4407021999359131,-0.7090721130371094,0.31670861264548245,0,0
266,6,t012,1110,1100,1100,-4.264499187469482,-0.01452852226793766,-4.249970665201545,0.01405933984810499,0,0
266,7,c01,1010,1010,1110,-0.4744308292865753,-0.9819085597991943,0.507477730512619,0.6222411128928663,1,0
266,8,s10,0110,1010,1010,-1.2271418571472168,-0.5894407629966736,-0.6377010941505432,0.2931357121430602,0,0
267,1,c32,1101,1101,1110,-1.4043102264404297,-1.9736616611480713,0.5693514347076416,0.24571841313479872,1,0
267,2,t013,1100,1101,1101,-1.7684415578842163,-0.8934416770935059,-0.8749998807907104,0.17061850445241833,0,0
267,3,x1,1000,1000,1001,-0.24181626737117767,-1.7418162822723389,1.5000000149011612,0.7852147253996417,1,0
267,4,t130,1000,1000,0001,-0.07922443747520447,-2.9278557300567627,2.8486312925815582,0.9238340235603575,1,0
267,5,x1,1100,1100,1000,-0.00022207443544175476,-9.000419616699219,9.000197542263777,0.9997803590672587,1,0
267,6,s23,1100,1100,1110,-0.5380492806434631,-0.8999184966087341,0.361869215965271,0.5838903544691315,1,0
267,7,t210,1100,1100,0100,-0.07893326878547668,-2.582376480102539,2.5034432113170624,0.924104131248367,1,0
267,8,c21,1100,1100,1000,-0.16028909385204315,-1.9246907234191895,1.7644016295671463,0.8518989695048047,1,0
268,1,t120,0100,0100,1100,-1.0036108493804932,-1.7774109840393066,0.7738001346588135,0.36680678127283106,1,0
268,2,s31,0001,0100,0100,-0.8927421569824219,-0.6489503979682922,-0.24379175901412964,0.40954059207358523,0,0
268,3,x0,1001,1001,1000,-0.035736486315727234,-3.535736322402954,3.499999836087227,0.9649426935015278,1,0
268,4,x2,1011,1011,0011,-0.0018800693796947598,-7.542504787445068,7.540624718065374,0.998134956216042,1,0
268,5,t301,1111,1111,1011,-0.14405319094657898,-2.0181500911712646,1.8740969002246857,0.8658445161334485,1,0
268,6,x2,1101,1101,1011,-0.024468062445521355,-4.1772565841674805,4.152788521721959,0.9758436277000653,1,0
268,7,t103,1100,1100,1101,-0.5251671075820923,-0.9001671075820923,0.375,0.5914680331293485,1,0
268,8,s30,0101,1100,1100,-1.154118299484253,-0.5384766459465027,-0.6156416535377502,0.31533848757486793,0,0
269,1,s30,1101,1101,0101,-1.6454071998596191,-2.140900135040283,0.49549293518066406,0.19298228972021186,1,0
269,2,t102,1111,1111,1101,-0.6008789539337158,-1.7099143266677856,1.1090353727340698,0.5484425904880625,1,0
269,3,c01,1011,1011,1111,-0.057432543486356735,-4.008521556854248,3.9510890133678913,0.9442292124540831,1,0
269,4,t130,1011,1011,0011,-0.4295474886894226,-1.0558936595916748,0.6263461709022522,0.650814541224281,1,0
269,5,x1,1111,1111,0011,-0.0009082329925149679,-8.086433410644531,8.085525177652016,0.9990946008120062,1,0
269,6,x1,1011,1011,0011,-0.004233370069414377,-7.047751426696777,7.043518056627363,0.9957781164345763,1,0
269,7,t312,1011,1011,1001,-0.07927654683589935,-2.7026166915893555,2.623340144753456,0.9237942981143717,1,0
269,8,x3,1010,1010,1011,-5.4477826779475436e-05,-10.187554359436035,10.187499881609256,0.999949589016336,1,0
270,1,s32,0000,0000,0010,-1.151072382926941,-1.7244644165039062,0.5733920335769653,0.31692672718406073,1,0
270,2,s01,0000,0000,1000,-0.2241770476102829,-1.8330847024917603,1.6089076548814774,0.7991826238161113,1,0
270,3,s32,0000,0000,0010,-0.03982085734605789,-3.4109129905700684,3.3710921332240105,0.9609641312800413,1,0
270,4,x0,1000,1000,0000,-0.004795603454113007,-5.487656593322754,5.482860989868641,0.995364384010481,1,0
270,5,s10,0100,1000,1000,-1.0294750928878784,-0.5360695123672485,-0.4934055805206299,0.35719457105288904,0,0
270,6,s23,0100,0100,0110,-0.09357930719852448,-2.710876226425171,2.6172969192266464,0.910701960793129,1,0
270,7,t132,0100,0100,0110,-0.014995589852333069,-4.265221118927002,4.250225529074669,0.985120196825064,1,0
270,8,s20,0100,0100,1100,-0.6995173692703247,-0.7205970883369446,0.021079719066619873,0.49684239023283155,1,0
271,1,x0,0010,0010,0011,-0.8792287111282349,-2.3792285919189453,1.4999998807907104,0.4160374617020531,1,0
271,2,s32,0001,0001,0010,-0.8624731302261353,-0.8821316957473755,0.019658565521240234,0.4221556405012245,1,0
271,3,x0,1001,1001,0001,-0.13014835119247437,-2.782233953475952,2.652085602283478,0.8780304410802564,1,0
271,4,t103,1001,1001,1000,-0.014620613306760788,-4.764620780944824,4.750000167638063,0.9855332562662883,1,0
271,5,t023,1001,1001,1000,-0.005898159928619862,-5.380898475646973,5.375000315718353,0.9941227513839886,1,0
271,6,s30,1001,1001,0011,-0.6944614052772522,-1.3591115474700928,0.6646501421928406,0.49934711152517597,1,0
271,7,s31,1100,1100,1001,-0.2818794548511505,-1.4069311618804932,1.1250517070293427,0.7543647119679112,1,0
271,8,c13,1101,1100,1100,-2.579115152359009,-0.07911516726016998,-2.499999985098839,0.0758428179854924,0,0
272,1,t310,0101,1101,1101,-1.7609199285507202,-1.1849894523620605,-0.5759304761886597,0.1719431332867199,0,0
272,2,x0,1101,1101,1100,-0.09248208999633789,-3.342482089996338,3.25,0.9117648171352538,1,0
272,3,s21,1011,1101,1101,-1.2395654916763306,-0.9770960807800293,-0.26246941089630127,0.2895274842730964,0,0
272,4,s13,1110,1110,1011,-0.3631099462509155,-1.325300693511963,0.9621907472610474,0.6955233654923086,1,0
272,5,t301,1110,1110,1010,-0.2260819971561432,-1.601214051246643,1.3751320540904999,0.7976551280276934,1,0
272,6,c30,1110,1110,0110,-0.5231757164001465,-0.8984844088554382,0.37530869245529175,0.5926409508501043,1,0
272,7,t301,1110,1110,1010,-0.2552902102470398,-1.5051559209823608,1.249865710735321,0.7746922557432184,1,0
272,8,t312,1110,1110,1100,-0.6330525279045105,-0.7646445035934448,0.13159197568893433,0.5309737342933275,1,0
273,1,x1,1000,1000,1110,-1.3088562488555908,-2.1066362857818604,0.7977800369262695,0.270233768126689,1,0
273,2,x0,0000,0000,0001,-0.5667141675949097,-1.0667141675949097,0.5,0.567416578705541,1,0
273,3,t123,0000,0000,0001,-0.01870710961520672,-4.393707275390625,4.375000165775418,0.9814994240983337,1,0
273,4,c02,0000,0000,0010,-0.0003012070956174284,-8.293295860290527,8.29299465319491,0.9996990670649828,1,0
273,5,x2,0010,0010,0001,-0.00042731789289973676,-8.254508018493652,8.254080700600753,0.9995758239676505,1,0
273,6,t302,0010,0010,0000,-0.0006655865581706166,-7.389828205108643,7.389162618550472,0.9993357704796099,1,0
273,7,x0,1010,1010,0010,-0.0016678726533427835,-6.633676528930664,6.632008656277321,0.9985345089587696,1,0
273,8,x1,1110,1110,1000,-0.002578644547611475,-6.091604232788086,6.0890255882404745,0.9974254526100219,1,0
274,1,t123,0011,0011,0010,-0.8197139501571655,-2.069714069366455,1.2500001192092896,0.4410423283710213,1,0
274,2,x0,1011,1011,0011,-0.031468287110328674,-4.734642028808594,4.703173741698265,0.9707171096582105,1,0
274,3,c21,1111,1111,1011,-0.072218157351017,-2.6960692405700684,2.6238510832190514,0.9303424304616531,1,0
274,4,c12,1101,1101,1111,-0.10055673867464066,-2.353010654449463,2.2524539157748222,0.9043414006390824,1,0
274,5,c23,1101,1100,1100,-1.223705530166626,-0.3487055003643036,-0.8750000298023224,0.2941391930663955,0,0
274,6,x0,0101,0101,1001,-0.007829960435628891,-5.51646614074707,5.508636180311441,0.9922493665475574,1,0
274,7,x0,1101,1101,0101,-0.0024798489175736904,-6.212348937988281,6.209869089070708,0.9975337205529935,1,0
274,8,x2,1111,1111,0111,-0.0001099087530747056,-9.754157066345215,9.75404715759214,0.9998958982226057,1,0
275,1,x2,1111,1111,1110,-1.007411241531372,-2.382411241531372,1.375,0.3654846221563097,1,0
275,2,t021,1011,1111,1111,-0.9888235926628113,-0.7395511865615845,-0.2492724061012268,0.37205181563560774,0,0
275,3,x3,1010,1010,0000,-0.008398020640015602,-6.791678428649902,6.783280408009887,0.991675537590933,1,0
275,4,t230,1010,1010,0010,-0.3138907551765442,-1.394315242767334,1.0804244875907898,0.7306023429511723,1,0
275,5,c01,1110,1110,1010,-0.009588532149791718,-4.760037422180176,4.750448890030384,0.9904586232264054,1,0
275,6,x2,1100,1100,1101,-0.00041992240585386753,-8.062919616699219,8.062499694293365,0.9995834863717183,1,0
275,7,t301,1100,1100,1000,-0.014531854540109634,-4.266456604003906,4.251924749463797,0.985574621754062,1,0
275,8,s20,0110,1100,1100,-1.3721439838409424,-0.4293059706687927,-0.9428380131721497,0.253564832159526,0,0
276,1,x1,0000,0000,0001,-1.4032959938049316,-2.1532959938049316,0.75,0.2458721305263911,1,0
276,2,s20,0000,0000,1000,-0.5533926486968994,-1.2786704301834106,0.7252777814865112,0.5750094523730016,1,0
276,3,x2,0010,0010,0001,-0.02367578074336052,-4.085568904876709,4.0618931241333485,0.9766199699523108,1,0
276,4,c10,0010,0010,1010,-0.2952401340007782,-1.5450764894485474,1.2498363554477692,0.7443703167816794,1,0
276,5,s12,0100,0010,0010,-1.5643974542617798,-0.37929415702819824,-1.1851032972335815,0.20921490348341684,0,0
276,6,s01,1000,0100,0100,-1.3157716989517212,-0.31477460265159607,-1.0009970963001251,0.26826801603182254,0,0
276,7,c12,1000,1000,1010,-0.050591688603162766,-3.0505177974700928,2.99992610886693,0.9507696203075755,1,0
276,8,t132,1000,1000,1010,-0.0078017269261181355,-4.882867336273193,4.875065609347075,0.9922380743126831,1,0
277,1,s31,0111,0111,0011,-1.352759838104248,-2.1101207733154297,0.7573609352111816,0.25860429125946816,1,0
277,2,c32,0101,0101,0111,-0.5404351949691772,-2.200744152069092,1.6603089570999146,0.5826146486424683,1,0
277,3,s03,1100,1100,0101,-0.6699169874191284,-1.0210944414138794,0.351177453994751,0.5117721428643143,1,0
277,4,c32,1100,1110,1110,-1.4968817234039307,-0.29761138558387756,-1.199270337820053,0.22384628532866427,0,0
277,5,x1,1000,1000,1001,-0.0015674742171540856,-6.876567363739014,6.87499988952186,0.9984448062305441,1,0
277,6,x2,1010,1010,1001,-0.0032666237093508244,-6.191516399383545,6.188249775674194,0.9967423258754933,1,0
277,7,x0,0010,0010,1010,-0.006099039688706398,-5.261517524719238,5.255418485030532,0.9946455725398405,1,0
277,8,t013,0010,0010,0001,-0.0005070665501989424,-8.679142951965332,8.678635885415133,0.9994941830396873,1,0
278,1,x3,1001,1001,1000,-0.9811442494392395,-1.9811441898345947,0.9999999403953552,0.3759409050024661,1,0
278,2,s31,1100,1100,1001,-0.5756036043167114,-1.0603666305541992,0.4847630262374878,0.5623761876533296,1,0
278,3,s31,1001,1100,1100,-1.3957490921020508,-0.6484635472297668,-0.7472855448722839,0.24765180440551393,0,0
278,4,t103,1001,1001,1000,-0.11176741868257523,-2.611767292022705,2.49999987334013,0.8942941107957008,1,0
278,5,s31,1100,1100,1001,-0.3733312487602234,-1.2417629957199097,0.8684317469596863,0.6884388336672032,1,0
278,6,x0,0100,0100,0101,-0.06123504042625427,-3.186234951019287,3.124999910593033,0.9406567333238628,1,0
278,7,x1,0000,0000,0100,-0.02700844220817089,-3.653430938720703,3.6264224965125322,0.973589659564284,1,0
278,8,t123,0000,0000,0001,-0.0016959210624918342,-6.5016961097717285,6.500000188709237,0.9983078010743355,1,0
279,1,c21,1101,1001,1001,-1.4625886678695679,-1.4468533992767334,-0.015735268592834473,0.23171177972646947,0,0
279,2,t312,1111,1111,1101,-0.29420143365859985,-1.420616626739502,1.126415193080902,0.7451800714933767,1,0
279,3,t031,1011,1011,1111,-0.6999443769454956,-0.7003642916679382,0.00041991472244262695,0.49662597384007656,1,0
279,4,c21,1111,1111,1011,-0.1434653252363205,-2.0179874897003174,1.8745221644639969,0.8663522961971954,1,0
279,5,s23,1111,1111,1101,-0.5123147368431091,-0.9764584302902222,0.46414369344711304,0.599109484573154,1,0
279,6,c30,0111,0111,1111,-0.34852710366249084,-1.2235560417175293,0.8750289380550385,0.7057512031795727,1,0
279,7,t013,0111,0111,0110,-0.02113025262951851,-3.896130323410034,3.8750000707805157,0.9790919727392727,1,0
279,8,s03,1110,1110,0111,-0.22893300652503967,-1.7036266326904297,1.47469362616539,0.7953962154947357,1,0
280,1,x0,1011,1011,1010,-1.0784380435943604,-2.5784382820129395,1.500000238418579,0.340266262437778,1,0
280,2,t102,1011,1011,1001,-0.38189542293548584,-1.75790274143219,1.376007318496704,0.6826528256871349,1,0
280,3,x0,0011,0011,1011,-0.027048075571656227,-4.238694190979004,4.211646115407348,0.9734389168593122,1,0
280,4,c20,1011,1011,0011,-0.20444783568382263,-1.7028621435165405,1.498414307832718,0.8151129860314457,1,0
280,5,x1,1111,1111,1011,-0.0003472384705673903,-9.077044486999512,9.076697248528944,0.9996580694523317,1,0
280,6,t302,1101,1101,1111,-0.005400995258241892,-5.298383712768555,5.292982717510313,0.994623513423046,1,0
280,7,s10,1101,1101,0111,-0.3884778916835785,-1.6644089221954346,1.275931030511856,0.678093772924879,1,0
280,8,c12,1111,1111,1101,-0.01025835145264864,-4.759243488311768,4.748985136859119,0.9897947329112626,1,0
281,1,x1,0001,0001,0111,-1.3386303186416626,-2.036746025085449,0.6981157064437866,0.2623444140897426,1,0
281,2,c10,0001,0001,1001,-0.7031019926071167,-0.7228323221206665,0.019730329513549805,0.4950587122725325,1,0
281,3,c13,0001,0001,0000,-0.0083598792552948,-5.008359909057617,5.000000029802322,0.9916846597619945,1,0
281,4,x3,0000,0000,0001,-0.0026344263460487127,-6.002634525299072,6.0000000989530236,0.9973714381002585,1,0
281,5,s31,0000,0000,0100,-0.08906897157430649,-2.464005470275879,2.3749364987015724,0.9147857766767697,1,0
281,6,s02,0000,0000,1000,-0.16024550795555115,-1.9102458953857422,1.750000387430191,0.8519348093607367,1,0
281,7,s20,0000,0000,1000,-0.20142923295497894,-1.7014448642730713,1.5000156313180923,0.8175631091057253,1,0
281,8,s13,0000,0000,0100,-0.20143835246562958,-1.7014368772506714,1.4999985247850418,0.8175545035554748,1,0
282,1,s31,0011,0110,0110,-2.3099660873413086,-1.4820432662963867,-0.8279228210449219,0.09930565490761661,0,0
282,2,s02,1001,0011,0011,-2.183969020843506,-1.1577566862106323,-1.0262123346328735,0.1126106436839061,0,0
282,3,t213,1001,1001,1000,-0.474619060754776,-1.7246190309524536,1.2499999701976776,0.6225325171519102,1,0
282,4,s01,0101,0101,1001,-0.7407791018486023,-1.0427684783935547,0.3019893765449524,0.4767442929374775,1,0
282,5,x1,0001,0001,0111,-0.013492291793227196,-4.561831951141357,4.54833965934813,0.9866116322931913,1,0
282,6,s20,0001,1000,1000,-0.8282850980758667,-0.6313630938529968,-0.19692200422286987,0.4368026532758782,0,0
282,7,c12,0001,0001,0011,-0.10036984086036682,-2.351116180419922,2.250746339559555,0.9045040377793102,1,0
282,8,x1,0101,0101,0011,-0.006832030136138201,-5.582821369171143,5.575989339035004,0.9931962261928404,1,0
283,1,t123,1100,1100,1101,-0.7509027719497681,-1.6259026527404785,0.8749998807907104,0.4724744261640828,1,0
283,2,s01,1100,1100,0100,-0.9315253496170044,-1.92428719997406,0.9927618503570557,0.3939692612894064,1,0
283,3,x2,1110,1110,0011,-0.005305497441440821,-7.157433032989502,7.152127535548061,0.994715171609973,1,0
283,4,t301,1110,1110,1010,-0.28278079628944397,-1.4081312417984009,1.125350445508957,0.7536870739170126,1,0
283,5,x0,0110,0110,1110,-0.011640924960374832,-4.639772891998291,4.628131967037916,0.9889244552013917,1,0
283,6,c21,0010,0110,0110,-0.9746083617210388,-0.4744041860103607,-0.5002041757106781,0.37734024829415475,0,0
283,7,x1,0110,0110,0010,-0.001097501371987164,-6.877373695373535,6.876276194001548,0.9989044090690773,1,0
283,8,s13,0011,0011,0110,-0.6564043164253235,-0.7581967711448669,0.10179245471954346,0.5187130800330907,1,0
284,1,t213,0010,0010,0011,-0.6673238277435303,-2.4173238277435303,1.75,0.5139820215735641,1,0
284,2,c12,0010,0010,0000,-0.3520914316177368,-1.2411705255508423,0.8890790939331055,0.7032201699934398,1,0
284,3,s13,0010,0110,0110,-0.9746921062469482,-0.48536980152130127,-0.489322304725647,0.37730917827317745,0,0
284,4,c31,0010,0010,0110,-0.3133440911769867,-1.3135701417922974,1.0002260506153107,0.7310003437634682,1,0
284,5,x1,0110,0110,0010,-0.0008479689713567495,-7.125870704650879,7.125022735679522,0.9991537057978541,1,0
284,6,c12,0100,0100,0110,-0.06273641437292099,-2.8125598430633545,2.7498234286904335,0.9391937393082002,1,0
284,7,t203,0100,0100,0101,-0.0008652710821479559,-7.500865459442139,7.500000188359991,0.999136767243261,1,0
284,8,c32,0100,0100,0110,-0.2538354992866516,-1.5023446083068848,1.2485091090202332,0.7758214276803939,1,0
285,1,t012,0011,0011,0111,-0.9031111001968384,-2.3888301849365234,1.485719084739685,0.40559344662463465,1,0
285,2,c13,0011,0011,0010,-0.03229744732379913,-3.9072976112365723,3.875000163912773,0.9682394683872338,1,0
285,3,c01,0011,0011,0111,-0.0005771482246927917,-8.428160667419434,8.42758351919474,0.9994257744396623,1,0
285,4,c30,1011,1011,0011,-0.31356751918792725,-1.3133279085159302,0.9997603893280029,0.7308538430093365,1,0
285,5,t032,1001,1011,1011,-0.9741432070732117,-0.47451841831207275,-0.4996247887611389,0.3775166726886584,0,0
285,6,c13,1001,1001,1000,-0.03172552213072777,-3.5317254066467285,3.4999998845160007,0.9687731914058573,1,0
285,7,c20,1001,1001,0001,-0.4740893244743347,-0.9744654893875122,0.5003761649131775,0.6224529439439493,1,0
285,8,c32,1011,1011,1001,-0.16082826256752014,-1.9109492301940918,1.7501209676265717,0.8514388846899408,1,0
286,1,t302,0111,0111,0101,-1.513322114944458,-1.8017146587371826,0.2883925437927246,0.22047062856928482,1,0
286,2,c30,1111,1111,0111,-0.2396528720855713,-1.6200883388519287,1.3804354667663574,0.7869857203530551,1,0
286,3,t123,1110,1111,1111,-0.9080143570899963,-0.5330143570899963,-0.375,0.4033874778979803,0,0
286,4,s03,0111,1110,1110,-0.9228206872940063,-0.6961448192596436,-0.2266758680343628,0.39740604900420035,0,0
286,5,x0,1111,1111,0111,-0.008065740577876568,-5.311135292053223,5.303069551475346,0.992321913056718,1,0
286,6,s10,1111,1111,0111,-0.47641974687576294,-1.1460597515106201,0.6696400046348572,0.621015304570974,1,0
286,7,x3,1110,1110,0110,-0.00019978814816568047,-9.747649192810059,9.747449404661893,0.9998095761913212,1,0
286,8,c32,1110,1100,1100,-2.252263069152832,-0.12285551428794861,-2.1294075548648834,0.10516179217588772,0,0
287,1,x3,0011,0011,0000,-1.0892215967178345,-2.0205090045928955,0.931287407875061,0.3371298441396965,1,0
287,2,t102,0011,0011,0001,-0.1698678582906723,-2.6342415809631348,2.4643737226724625,0.8438303179481484,1,0
287,3,x0,1011,1011,0011,-0.010976038873195648,-5.488651752471924,5.477675713598728,0.9902202274788138,1,0
287,4,x2,1001,1001,0000,-0.0005327691906131804,-8.900689125061035,8.900156355870422,0.9994691841920681,1,0
287,5,x0,0001,0001,1001,-0.012623016722500324,-4.642213821411133,4.6295908046886325,0.9874594356710448,1,0
287,6,x3,0000,0000,0001,-0.016286693513393402,-4.141286373138428,4.124999679625034,0.9838458994839041,1,0
287,7,t231,0000,0000,0100,-0.0015590140828862786,-6.752338409423828,6.750779395340942,0.998447676607824,1,0
287,8,t201,0000,0000,1000,-0.00015043427993077785,-9.000797271728516,9.000646837448585,0.9998500232104556,1,0
288,1,c23,0000,0000,0001,-0.9021279811859131,-1.6521281003952026,0.7500001192092896,0.40708044021088013,1,0
288,2,s23,0000,0000,0010,-0.05302349850535393,-4.043146133422852,3.9901226349174976,0.9483899465990239,1,0
288,3,t102,0000,0000,1000,-0.00037127608084119856,-8.86380386352539,8.86343258744455,0.9996422069423674,1,0
288,4,x0,1000,1000,0000,-0.0021457381080836058,-6.432458877563477,6.430313139455393,0.99829482184568,1,0
288,5,s13,1000,1000,1100,-0.3878127336502075,-1.1376569271087646,0.7498441934585571,0.6785399422146109,1,0
288,6,t132,1000,1000,1010,-0.001516881980933249,-6.501518726348877,6.500001844367944,0.9984849626263617,1,0
288,7,x3,1001,1001,0001,-7.200115214800462e-05,-10.463155746459961,10.463083745307813,0.999930095806133,1,0
288,8,x1,1101,1101,1100,-0.00017368118278682232,-9.187673568725586,9.1874998875428,0.9998272940826666,1,0
289,1,s30,0000,0000,1000,-0.9631024599075317,-1.926621437072754,0.9635189771652222,0.38189472897863,1,0
289,2,c20,0000,0000,1000,-0.25839436054229736,-1.527097463607788,1.2687031030654907,0.7723177473905598,1,0
289,3,s20,0000,0000,1000,-0.31347519159317017,-1.3135435581207275,1.0000683665275574,0.7309136028096203,1,0
289,4,x1,0100,0100,0000,-0.006755396723747253,-5.008943557739258,5.002188161015511,0.993271929718121,1,0
289,5,x1,0000,0000,0110,-0.002560619032010436,-6.252979755401611,6.250419136369601,0.9974462436829353,1,0
289,6,t132,0000,0000,0010,-0.0001791632967069745,-9.000176429748535,8.999997266451828,0.999822213925696,1,0
289,7,c21,0000,0000,0100,-0.054907191544771194,-2.929901361465454,2.874994169920683,0.9465760987925314,1,0
289,8,s32,0000,0000,0010,-0.016526803374290466,-4.141040802001953,4.124513998627663,0.9836089247305354,1,0
290,1,t312,1100,1100,1110,-0.8584814071655273,-1.6455225944519043,0.787041187286377,0.42419625778278747,1,0
290,2,x2,1110,1110,0000,-0.049086760729551315,-4.837677001953125,4.788590241223574,0.9521467961466786,1,0
290,3,x2,1100,1100,0000,-0.0015985186910256743,-8.286506652832031,8.284908134141006,0.9984176681757545,1,0
290,4,s13,1001,1100,1100,-1.6190153360366821,-0.3577171564102173,-1.2612981796264648,0.19809373322137563,0,0
290,5,t321,1001,1001,1101,-0.22577255964279175,-1.6212929487228394,1.3955203890800476,0.7979012512275032,1,0
290,6,c31,1101,1101,1001,-0.4290240406990051,-1.0540010929107666,0.6249770522117615,0.6511452586471698,1,0
290,7,s10,1101,1101,0101,-0.4328520894050598,-1.0578694343566895,0.6250173449516296,0.6486606433687211,1,0
290,8,c03,1100,1100,1101,-0.008952539414167404,-5.258952617645264,5.250000078231096,0.9911016280898148,1,0
291,1,x1,1001,1001,1111,-1.1510359048843384,-2.314443588256836,1.1634076833724976,0.31641275631761984,1,0
291,2,x3,1000,1000,1001,-0.11390280723571777,-2.4889028072357178,2.375,0.8924244620890793,1,0
291,3,x2,1010,1010,1001,-0.006339147221297026,-5.429723262786865,5.423384115565568,0.9936828821362486,1,0
291,4,x1,1110,1110,1010,-0.004093177150934935,-5.6507673263549805,5.6466741492040455,0.9959159653389907,1,0
291,5,c10,0110,0110,1110,-0.6341875791549683,-0.7577231526374817,0.12353557348251343,0.530373236797617,1,0
291,6,t321,0110,0110,0010,-0.25468456745147705,-1.508756399154663,1.254071831703186,0.7751640276650203,1,0
291,7,s02,1100,0110,0110,-0.7761158347129822,-0.7095473408699036,-0.06656849384307861,0.46019334469271655,0,0
291,8,s03,0101,1100,1100,-1.057470679283142,-0.7059893012046814,-0.3514813780784607,0.34733779147272414,0,0
292,1,c12,1000,1000,1010,-0.9881421327590942,-1.8365740776062012,0.8484319448471069,0.3727516349459725,1,0
292,2,t032,1000,1000,1010,-0.03667398542165756,-5.162003993988037,5.1253300085663795,0.9640668449832065,1,0
292,3,s10,0100,1000,1000,-0.878233790397644,-0.694494903087616,-0.18373888731002808,0.41552118488297063,0,0
292,4,s31,0001,0100,0100,-0.732395589351654,-0.6937667727470398,-0.03862881660461426,0.4807576583587942,0,0
292,5,t123,0001,0001,0000,-0.0017895973287522793,-6.626789569854736,6.624999972525984,0.9982209022027951,1,0
292,6,c21,0001,0101,0101,-1.3133224248886108,-0.313507080078125,-0.9998153448104858,0.26892606595128943,0,0
292,7,c01,0001,0001,1001,-8.833121682982892e-05,-9.664385795593262,9.664297464376432,0.9999122951843219,1,0
292,8,x3,0000,0000,0001,-6.806745659559965e-05,-10.500066757202148,10.499998689745553,0.999932950778221,1,0
293,1,c01,1110,1110,1010,-1.6844950914382935,-1.7136716842651367,0.02917659282684326,0.18559705854420336,1,0
293,2,s21,1110,1110,1011,-0.5882472991943359,-1.4230122566223145,0.8347649574279785,0.5553410052034967,1,0
293,3,t120,0110,1110,1110,-0.979956865310669,-0.475343257188797,-0.504613608121872,0.3753364634504948,0,0
293,4,s32,0101,0110,0110,-1.0783131122589111,-0.5460959672927856,-0.5322171449661255,0.3401721075534527,0,0
293,5,x0,1101,1101,1100,-0.021738743409514427,-4.396738529205322,4.374999785795808,0.9789796401085308,1,0
293,6,t120,1101,1101,0101,-0.6932761669158936,-0.7057955265045166,0.012519359588623047,0.49994097397080983,1,0
293,7,s03,1101,1101,0101,-0.698616087436676,-0.8100308179855347,0.11141473054885864,0.49727926855511495,1,0
293,8,x2,1111,1111,1110,-0.00023471363238058984,-9.437734603881836,9.437499890249455,0.9997869049314496,1,0
294,1,x2,0101,0101,0100,-1.4505071640014648,-2.075507164001465,0.625,0.23482385581757234,1,0
294,2,x1,0001,0001,0111,-0.20215466618537903,-2.3340911865234375,2.1319365203380585,0.8170249049396844,1,0
294,3,s01,0001,0001,1000,-0.3139813542366028,-2.006946086883545,1.6929647326469421,0.7305394288446152,1,0
294,4,c31,0101,0001,0001,-0.8267970085144043,-0.5767347812652588,-0.2500622272491455,0.437451032152188,0,0
294,5,s12,0011,0101,0101,-1.8824197053909302,-0.20412681996822357,-1.6782928854227066,0.1522214852712977,0,0
294,6,x3,0010,0010,0001,-0.0006836991524323821,-8.180403709411621,8.179720010259189,0.9993417352051719,1,0
294,7,s12,0100,0010,0010,-1.7156670093536377,-0.22286999225616455,-1.4927970170974731,0.17984398373152172,0,0
294,8,c01,0100,0100,0000,-0.0272701233625412,-4.279296398162842,4.252026274800301,0.9731224433695752,1,0
295,1,c20,1011,1011,0011,-1.253015398979187,-1.4411208629608154,0.18810546398162842,0.28580514979649446,1,0
295,2,x0,0011,0011,1111,-0.12191009521484375,-3.5275497436523438,3.4056396484375,0.885288816737357,1,0
295,3,t123,0011,0011,0010,-0.052072856575250626,-3.177072763442993,3.1249999068677425,0.9492950059796579,1,0
295,4,c21,0111,0111,0011,-0.12792183458805084,-2.1279330253601074,2.0000111907720566,0.8799282397041258,1,0
295,5,t312,0101,0101,0111,-0.09289547801017761,-2.4688737392425537,2.375978261232376,0.9113013216527537,1,0
295,6,s03,1100,1100,0101,-0.4312186539173126,-1.0698481798171997,0.6386295258998871,0.6497268538758286,1,0
295,7,s03,0101,1100,1100,-0.9331973791122437,-0.6973179578781128,-0.23587942123413086,0.393302935554062,0,0
295,8,s12,0011,0101,0101,-1.420647144317627,-0.4269775152206421,-0.9936696290969849,0.24156041781888,0,0
296,1,c03,0000,0000,0001,-0.7180274724960327,-1.7180274724960327,1.0,0.48941897399779255,1,0
296,2,s13,0000,0000,0100,-0.5342304110527039,-0.9070424437522888,0.37281203269958496,0.5861249576757509,1,0
296,3,s31,0000,0000,0100,-0.0705036073923111,-2.69551682472229,2.625013217329979,0.9319274374015554,1,0
296,4,s03,0000,0000,1000,-0.4288044273853302,-1.0538880825042725,0.6250836551189423,0.6512917880518956,1,0
296,5,s30,0000,0000,1000,-0.16023455560207367,-1.9102368354797363,1.7500022798776627,0.8519447239216572,1,0
296,6,t310,0000,0000,1000,-0.00026365663507021964,-8.251795768737793,8.251532112102723,0.9997371255792031,1,0
296,7,c01,0000,0000,1000,-0.00017439629300497472,-9.350852012634277,9.350677616341272,0.9998262392168195,1,0
296,8,x2,0010,0010,1000,-0.0006061435560695827,-7.673375606536865,7.672769462980796,0.9993992644997484,1,0
297,1,t120,1010,1010,0010,-1.0329909324645996,-2.115880012512207,1.0828890800476074,0.35608724531480757,1,0
297,2,x2,1000,1000,1011,-0.13072410225868225,-2.6317429542541504,2.501018851995468,0.8774984829256779,1,0
297,3,t012,1000,1000,1010,-0.0036581838503479958,-5.753625392913818,5.74996720906347,0.9963520516988246,1,0
297,4,c13,1000,1000,1001,-0.016130786389112473,-4.141130447387695,4.124999660998583,0.9840003150848509,1,0
297,5,t312,1000,1000,1010,-7.152384205255657e-05,-9.750075340270996,9.750003816428944,0.9999292426437532,1,0
297,6,t102,1000,1000,1010,-5.698071254300885e-05,-9.8750581741333,9.875001193420758,0.9999432059070229,1,0
297,7,c03,1001,1001,1000,-0.04859268665313721,-3.0485925674438477,2.9999998807907104,0.9525694529846338,1,0
297,8,x0,0001,0001,1101,-0.008532855659723282,-5.8964128494262695,5.887879993766546,0.994751562625467,1,0
298,1,s01,1100,1100,0100,-1.2603732347488403,-1.7066701650619507,0.44629693031311035,0.28359619199865493,1,0
298,2,c12,1110,1110,1100,-0.4991576075553894,-1.0313011407852173,0.5321435332298279,0.6070633664311652,1,0
298,3,x2,1100,1100,0000,-0.000996164744719863,-8.67709732055664,8.67610115581192,0.9990170269109482,1,0
298,4,s12,1010,1100,1100,-3.2098917961120605,-0.21043792366981506,-2.9994538724422455,0.04036100568585209,0,0
298,5,c02,1000,1000,1010,-0.024799086153507233,-3.7753829956054688,3.7505839094519615,0.9755111773283763,1,0
298,6,c23,1000,1000,1001,-0.16062481701374054,-1.9106248617172241,1.7500000447034836,0.8516148639398511,1,0
298,7,s30,0001,0001,1000,-0.5538123846054077,-0.899203360080719,0.3453909754753113,0.5747574866449395,1,0
298,8,x2,0011,0011,0000,-0.0015543954214081168,-7.034710884094238,7.03315648867283,0.9984781861448943,1,0
299,1,c12,0011,0011,0001,-1.4147989749908447,-2.177507162094116,0.7627081871032715,0.24329640783955359,1,0
299,2,c30,1011,1011,0011,-0.39070823788642883,-1.1529417037963867,0.7622334659099579,0.6766254962803775,1,0
299,3,s03,1011,1011,0011,-0.5848647952079773,-0.9332470297813416,0.34838223457336426,0.5571893275201777,1,0
299,4,t201,1111,1111,1011,-0.14494268596172333,-2.0196516513824463,1.874708965420723,0.8650783539224927,1,0
299,5,s32,1111,1111,1101,-0.7466130256652832,-0.7612664103507996,0.014653384685516357,0.4739749978618667,1,0
299,6,s01,1111,1111,0111,-0.535762369632721,-0.9013758897781372,0.36561352014541626,0.585226000443561,1,0
299,7,s10,1111,1111,0111,-0.3891087770462036,-1.1445400714874268,0.7554312944412231,0.6776647578532735,1,0
299,8,x2,1101,1101,1011,-0.00011384214303689077,-10.680811882019043,10.680698039876006,0.9999002552317358,1,0
