example_id,step,gate,gold_state,best_state,best_wrong_state,gold_logprob,best_wrong_logprob,margin,gold_prob16,local_correct,tie
0,1,s30,0110,0000,0000,-2.651977062225342,-2.595557451248169,-0.05641961097717285,0.0705572402276412,0,0
0,2,c13,0111,0110,0110,-2.0191824436187744,-1.3941824436187744,-0.625,0.13282105718477952,0,0
0,3,t132,0101,0111,0111,-2.546081304550171,-1.3267279863357544,-1.2193533182144165,0.07845888019519129,0,0
0,4,x2,0111,0001,0001,-2.494715690612793,-2.325320243835449,-0.16939544677734375,0.08269029271586724,0,0
0,5,c10,1111,0111,0111,-2.1266427040100098,-2.0166091918945312,-0.11003351211547852,0.11930912538956671,0,0
0,6,t201,1011,1011,0111,-1.5343989133834839,-2.1365907192230225,0.6021918058395386,0.21567665369540656,1,0
0,7,s12,1101,1001,1001,-2.341632843017578,-2.054591178894043,-0.28704166412353516,0.09619817513499748,0,0
0,8,t302,1111,1101,1101,-1.8092942237854004,-1.740940809249878,-0.06835341453552246,0.16382568018954732,0,0
1,1,s31,1010,1000,1000,-2.5503315925598145,-2.534864664077759,-0.015466928482055664,0.07810212694847293,0,0
1,2,c30,1010,1010,0010,-1.162681221961975,-2.126957893371582,0.9642766714096069,0.31281195708547926,1,0
1,3,t301,1010,1010,1110,-0.23673886060714722,-2.187148094177246,1.9504092335700989,0.7893459587832937,1,0
1,4,c01,1110,1010,1010,-1.985228180885315,-0.3237898051738739,-1.661438375711441,0.13736133507324647,0,0
1,5,x2,1100,1111,1111,-1.4837249517440796,-0.9893428087234497,-0.4943821430206299,0.22682651675266607,0,0
1,6,s01,1100,0100,0100,-1.2004379034042358,-0.8131773471832275,-0.3872605562210083,0.3011044702572007,0,0
1,7,c01,1000,1100,1100,-2.220189332962036,-0.1562553495168686,-2.0639339834451675,0.10859339890332294,0,0
1,8,c20,1000,1000,0000,-0.16372446715831757,-1.9277290105819702,1.7640045434236526,0.8490106123081375,1,0
2,1,c32,1101,1110,1110,-2.7201595306396484,-2.595147132873535,-0.12501239776611328,0.06588874289251363,0,0
2,2,s12,1011,1101,1101,-2.6532671451568604,-2.3117334842681885,-0.3415336608886719,0.070443599520437,0,0
2,3,x0,0011,0011,1111,-1.8860541582107544,-2.168260097503662,0.2822059392929077,0.1517106548555555,1,0
2,4,x0,1011,0111,0111,-2.1053104400634766,-1.941309928894043,-0.1640005111694336,0.12183445843914262,0,0
2,5,s30,1011,0001,0001,-2.659597873687744,-2.4520769119262695,-0.2075209617614746,0.07000424744869639,0,0
2,6,t120,1011,1011,0011,-1.3874716758728027,-1.9880447387695312,0.6005730628967285,0.24980302777951505,1,0
2,7,c30,0011,1011,1011,-1.4672048091888428,-0.8941209316253662,-0.5730838775634766,0.23062978676714835,0,0
2,8,x1,0111,0111,0001,-1.1718603372573853,-1.861924648284912,0.6900643110275269,0.3098440028880178,1,0
3,1,t031,1111,1000,1000,-2.970402956008911,-2.5347981452941895,-0.4356048107147217,0.05131146408861615,0,0
3,2,s01,1111,0111,0111,-2.3349382877349854,-2.187185287475586,-0.14775300025939941,0.0968680101835792,0,0
3,3,c21,1011,1011,1111,-1.5555698871612549,-1.7044544219970703,0.14888453483581543,0.21114147967772126,1,0
3,4,c30,0011,1011,1011,-1.0598646402359009,-0.9221885204315186,-0.13767611980438232,0.34658944220694,0,0
3,5,s10,0011,0011,1001,-1.2170722484588623,-1.539851427078247,0.32277917861938477,0.2961175935258518,1,0
3,6,s10,0011,0011,1011,-0.9708492159843445,-1.125946283340454,0.15509706735610962,0.3788206903723277,1,0
3,7,x3,0010,0001,0001,-1.4099466800689697,-1.0587551593780518,-0.35119152069091797,0.2442107272285166,0,0
3,8,t013,0010,0010,0011,-0.06884035468101501,-4.068840503692627,4.000000149011612,0.9336179699361784,1,0
4,1,s03,0011,1000,1000,-2.910149335861206,-2.474621057510376,-0.4355282783508301,0.054515678422787296,0,0
4,2,s23,0011,1000,1000,-3.0997672080993652,-2.5353941917419434,-0.5643730163574219,0.04511284288378674,0,0
4,3,s31,0110,1010,1010,-2.716761827468872,-2.5918073654174805,-0.1249544620513916,0.0661480555592465,0,0
4,4,x1,0010,1000,1000,-3.107692241668701,-2.426222801208496,-0.6814694404602051,0.044761587897804364,0,0
4,5,x1,0110,1100,1100,-2.853273630142212,-2.535292148590088,-0.317981481552124,0.05770163627140826,0,0
4,6,c03,0110,1110,1110,-2.48301362991333,-2.479114055633545,-0.0038995742797851562,0.08361225510408282,0,0
4,7,s01,1010,0110,0110,-2.026636838912964,-1.8934394121170044,-0.13319742679595947,0.13186362224565365,0,0
4,8,x3,1011,1110,1110,-2.081078290939331,-1.8246464729309082,-0.25643181800842285,0.12483940198653032,0,0
5,1,c32,0110,0110,0100,-2.5347237586975098,-2.53472900390625,5.245208740234375e-06,0.07932635762988681,1,0
5,2,s23,0101,0110,0110,-2.8072752952575684,-1.8676483631134033,-0.939626932144165,0.060394001775880966,0,0
5,3,s20,0101,1100,1100,-2.4425649642944336,-2.270918846130371,-0.1716461181640625,0.08705525096078996,0,0
5,4,t132,0111,0101,0101,-4.739796161651611,-0.2505735158920288,-4.4892226457595825,0.008743235224927693,0,0
5,5,x1,0011,0011,0101,-1.4136863946914673,-1.9553993940353394,0.5417129993438721,0.24345299412527752,1,0
5,6,x2,0001,0001,0111,-1.988390326499939,-2.1063179969787598,0.1179276704788208,0.13704289632812142,1,0
5,7,t320,0001,0001,0000,-1.5582702159881592,-2.183270215988159,0.625,0.21067222855597928,1,0
5,8,s10,0001,0001,1001,-0.9583505392074585,-0.9822434186935425,0.023892879486083984,0.38361306823095054,1,0
6,1,t230,1101,1101,1000,-2.3993911743164062,-2.534895896911621,0.13550472259521484,0.09083355233371973,1,0
6,2,t031,1001,1101,1101,-2.112532138824463,-0.6972653269767761,-1.4152668118476868,0.1209521503363349,0,0
6,3,x0,0001,1001,1001,-1.09716796875,-0.9977996349334717,-0.09936833381652832,0.33387828422015925,0,0
6,4,t230,0001,0001,1001,-0.2688937783241272,-2.0660815238952637,1.7971877455711365,0.764316046348451,1,0
6,5,c32,0011,0001,0001,-1.2551801204681396,-0.8188239932060242,-0.4363561272621155,0.2850462695514157,0,0
6,6,t013,0011,0011,0010,-0.23401103913784027,-2.109011173248291,1.8750001341104507,0.7914286774875068,1,0
6,7,c20,1011,1011,0011,-0.6784656047821045,-0.9637776613235474,0.28531205654144287,0.5077513000262337,1,0
6,8,x1,1111,1111,1001,-1.4702434539794922,-1.6316218376159668,0.1613783836364746,0.22991505579116925,1,0
7,1,t102,0110,1000,1000,-2.655801773071289,-2.6519930362701416,-0.003808736801147461,0.07028115926944963,0,0
7,2,c02,0110,0110,0111,-1.3135926723480225,-1.938592791557312,0.6250001192092896,0.2689617426721736,1,0
7,3,x2,0100,0111,0111,-1.6053099632263184,-1.3023127317428589,-0.3029972314834595,0.20086766451497592,0,0
7,4,c30,0100,0100,1100,-0.6822405457496643,-0.9121058583259583,0.22986531257629395,0.505674393571809,1,0
7,5,x0,1100,1100,0100,-0.5574110150337219,-1.167546272277832,0.6101352572441101,0.5732179033014007,1,0
7,6,x3,1101,1100,1100,-1.0504305362701416,-0.9254305362701416,-0.125,0.3498147942251854,0,0
7,7,x2,1111,1100,1100,-1.2835757732391357,-1.0657387971878052,-0.21783697605133057,0.27707240457149174,0,0
7,8,t120,0111,1111,1111,-1.7506680488586426,-0.30304282903671265,-1.44762521982193,0.1736833421056009,0,0
8,1,c32,0101,1000,1000,-2.837414264678955,-2.59136962890625,-0.24604463577270508,0.05860413984644636,0,0
8,2,t123,0101,0101,0100,-1.7824294567108154,-2.4074294567108154,0.625,0.16832530132284956,1,0
8,3,x1,0001,0001,0101,-1.2040743827819824,-1.8266448974609375,0.6225705146789551,0.30006382132643133,1,0
8,4,s30,1000,0001,0001,-1.6030519008636475,-1.0600495338439941,-0.5430023670196533,0.2014034427565713,0,0
8,5,t103,1000,1000,1001,-0.8355934023857117,-1.8355934619903564,1.0000000596046448,0.4338758445831615,1,0
8,6,c13,1000,1000,1001,-0.8435860872268677,-1.3435859680175781,0.49999988079071045,0.43029225952014355,1,0
8,7,t301,1000,1000,1100,-0.19451072812080383,-2.458416700363159,2.2639059722423553,0.8233105773140768,1,0
8,8,x1,1100,1100,1010,-0.6812210083007812,-1.6188483238220215,0.9376273155212402,0.5060457804551789,1,0
9,1,c23,1100,1100,1000,-2.3690552711486816,-2.4786195755004883,0.10956430435180664,0.09366042395810933,1,0
9,2,s32,1100,1100,1101,-1.614173412322998,-1.739173412322998,0.125,0.19912773330510666,1,0
9,3,s01,1100,0100,0100,-1.7320822477340698,-1.131467342376709,-0.6006149053573608,0.1769901288844587,0,0
9,4,s03,0101,1100,1100,-2.975304126739502,-0.9153902530670166,-2.0599138736724854,0.05104160613782283,0,0
9,5,x2,0111,0100,0100,-1.870947003364563,-1.245739459991455,-0.6252075433731079,0.1540761951577062,0,0
9,6,t013,0111,0111,0110,-0.3892427980899811,-1.7642428874969482,1.3750000894069672,0.6777546594940157,1,0
9,7,s03,1110,0111,0111,-1.931867003440857,-1.3570103645324707,-0.5748566389083862,0.14494487063984288,0,0
9,8,x3,1111,1110,1110,-1.0820924043655396,-0.7070924043655396,-0.375,0.33897961009290734,0,0
10,1,t210,1101,1101,1000,-2.069880485534668,-2.5426688194274902,0.47278833389282227,0.12627585375818215,1,0
10,2,s30,1101,0101,0101,-1.55413818359375,-1.200059175491333,-0.354079008102417,0.21146130407057162,0,0
10,3,c31,1001,1101,1101,-1.6482901573181152,-1.085782766342163,-0.5625073909759521,0.19243502126807008,0,0
10,4,c32,1011,1001,1001,-1.3545632362365723,-0.6962665319442749,-0.6582967042922974,0.2580885551737877,0,0
10,5,x0,0011,0011,1111,-1.0417813062667847,-1.0872929096221924,0.045511603355407715,0.35286965585116103,1,0
10,6,x0,1011,1011,0011,-0.8164622783660889,-1.3548333644866943,0.5383710861206055,0.442043684319643,1,0
10,7,t213,1011,1010,1010,-1.2483322620391846,-1.1233322620391846,-0.125,0.2870133854151011,0,0
10,8,s13,1110,1111,1111,-2.200775623321533,-1.3257756233215332,-0.875,0.11073304008469959,0,0
11,1,x3,1101,0000,0000,-2.777482271194458,-2.5958118438720703,-0.1816704273223877,0.0622575811746187,0,0
11,2,x0,0101,0100,0100,-2.3915584087371826,-2.3915584087371826,0.0,0.0915427778755406,0,1
11,3,t213,0101,0101,1100,-1.9382879734039307,-2.5123727321624756,0.5740847587585449,0.14400135612825934,1,0
11,4,c02,0101,0101,0100,-0.6558569669723511,-1.905856966972351,1.25,0.519072361529197,1,0
11,5,c32,0111,0101,0101,-2.651179790496826,-0.12993887066841125,-2.521240919828415,0.07057233021081054,0,0
11,6,t120,1111,1111,0111,-0.5892117619514465,-0.9035295844078064,0.31431782245635986,0.5548775572670038,1,0
11,7,s03,1111,1111,1011,-1.404869556427002,-1.7705135345458984,0.3656439781188965,0.24545309469251322,1,0
11,8,c23,1110,1110,1111,-1.1363706588745117,-1.1363706588745117,0.0,0.32103384030174137,0,1
12,1,x1,0011,1000,1000,-2.901907205581665,-2.591275691986084,-0.31063151359558105,0.054939183983182115,0,0
12,2,c02,0011,1000,1000,-2.9059839248657227,-2.591593027114868,-0.3143908977508545,0.05473211421016778,0,0
12,3,c30,1011,0011,0011,-1.454138994216919,-0.7554810047149658,-0.6986579895019531,0.23367618027046974,0,0
12,4,c31,1111,1111,1001,-1.7817282676696777,-1.996675968170166,0.21494770050048828,0.16838787331560806,1,0
12,5,s10,1111,0111,0111,-1.7343931198120117,-1.2985316514968872,-0.4358614683151245,0.17653013298542358,0,0
12,6,c13,1110,1110,1101,-1.4849762916564941,-1.597301721572876,0.11232542991638184,0.22656388164764052,1,0
12,7,t302,1110,1110,1100,-0.5850002765655518,-1.6130919456481934,1.0280916690826416,0.5572237473794177,1,0
12,8,s02,1110,0110,0110,-1.0184407234191895,-0.8476478457450867,-0.17079287767410278,0.36124676598013117,0,0
13,1,c12,1000,1000,0000,-2.236847162246704,-2.5957860946655273,0.35893893241882324,0.10691525271850308,1,0
13,2,t120,1000,1000,0000,-0.6370477676391602,-1.5343233346939087,0.8972755670547485,0.5290099769590526,1,0
13,3,s12,1000,1000,1100,-0.9171465635299683,-1.5844091176986694,0.6672625541687012,0.3998263948268199,1,0
13,4,s23,1000,1001,1001,-0.9612798690795898,-0.8362798690795898,-0.125,0.3824751938040287,0,0
13,5,t201,1000,1000,0000,-0.2333260178565979,-1.9810218811035156,1.7476958632469177,0.7920295803467696,1,0
13,6,s23,1000,1000,1001,-0.5930262207984924,-1.0930261611938477,0.4999999403953552,0.5526750098307097,1,0
13,7,t120,1000,1000,0000,-0.012362913228571415,-4.526104927062988,4.513742013834417,0.9877281361299782,1,0
13,8,x3,1001,1001,1000,-0.659540057182312,-0.784540057182312,0.125,0.5171004742330056,1,0
14,1,c31,1000,1000,1100,-2.1613006591796875,-2.599841356277466,0.4385406970977783,0.11529787677768474,1,0
14,2,c10,1000,1000,0000,-0.8189747333526611,-1.3269028663635254,0.5079281330108643,0.4410621714822335,1,0
14,3,x3,1001,1001,1000,-1.0466415882110596,-1.1716415882110596,0.125,0.3511525123687564,1,0
14,4,t013,1001,1001,1011,-0.040406420826911926,-4.049145221710205,4.008738800883293,0.960542089449831,1,0
14,5,c30,0001,0001,1001,-0.7927104234695435,-0.843072235584259,0.050361812114715576,0.45279931042754445,1,0
14,6,s02,0001,0001,1001,-0.8807249665260315,-1.3981131315231323,0.5173881649971008,0.4147010125029557,1,0
14,7,c12,0001,0001,0011,-0.11607979238033295,-2.7557973861694336,2.6397175937891006,0.8904639426921909,1,0
14,8,s03,1000,0001,0001,-4.428468704223633,-0.26873835921287537,-4.1597303450107574,0.011933892211178045,0,0
15,1,c13,1110,1100,1100,-2.7123632431030273,-2.6518173217773438,-0.060545921325683594,0.0664040858456548,0,0
15,2,c01,1010,0110,0110,-2.542695999145508,-2.485905647277832,-0.05679035186767578,0.07870286041802745,0,0
15,3,t132,1010,1010,1011,-0.7557195425033569,-2.2557194232940674,1.4999998807907104,0.46975076941997745,1,0
15,4,s01,0110,1010,1010,-1.8653583526611328,-1.1141078472137451,-0.7512505054473877,0.154905191856482,0,0
15,5,t230,0110,0110,1110,-0.06892038881778717,-3.2601184844970703,3.191198095679283,0.9334258049947228,1,0
15,6,s30,0110,1110,1110,-1.1188455820083618,-1.1182076930999756,-0.0006378889083862305,0.32762325590955477,0,0
15,7,x2,0100,0101,0101,-1.5251623392105103,-1.2751623392105103,-0.25,0.21760501365213133,0,0
15,8,s20,0100,0100,1000,-0.7270350456237793,-0.934279203414917,0.2072441577911377,0.48352546198065394,1,0
16,1,c12,1000,1000,0000,-2.2296321392059326,-2.535247802734375,0.3056156635284424,0.10769056442967835,1,0
16,2,c12,1000,1000,0000,-0.41195690631866455,-2.5571718215942383,2.1452149152755737,0.6624339158056383,1,0
16,3,s23,1000,1000,1001,-0.9546425938606262,-0.9546425938606262,0.0,0.38500363620123806,0,1
16,4,x1,1100,1100,1001,-0.7478499412536621,-1.7585771083831787,1.0107271671295166,0.47341360122912995,1,0
16,5,s03,0101,1100,1100,-2.809903621673584,-0.7792660593986511,-2.030637562274933,0.060231642084864714,0,0
16,6,t231,0101,0101,0001,-0.29486244916915894,-2.6445083618164062,2.3496459126472473,0.7449131601773614,1,0
16,7,s23,0110,0111,0111,-2.2146196365356445,-1.2146198749542236,-0.9999997615814209,0.10921371425914614,0,0
16,8,c32,0110,0110,0111,-0.5214229226112366,-1.0214229822158813,0.5000000596046448,0.5938162733533981,1,0
17,1,s10,0101,1001,1001,-2.7205967903137207,-2.3764214515686035,-0.3441753387451172,0.06588516675420472,0,0
17,2,s10,1001,0101,0101,-2.7201790809631348,-2.5345916748046875,-0.18558740615844727,0.06588775926054398,0,0
17,3,s01,0101,0100,0100,-2.6599271297454834,-2.5349271297454834,-0.125,0.06999676439303865,0,0
17,4,s13,0101,1000,1000,-2.978351593017578,-2.4822378158569336,-0.49611377716064453,0.05091782519809499,0,0
17,5,x1,0001,0001,1001,-2.221500873565674,-2.4820396900177,0.26053881645202637,0.10850897548948937,1,0
17,6,c02,0001,0001,0000,-1.5256292819976807,-2.2756292819976807,0.75,0.217634664069352,1,0
17,7,x2,0011,0011,0000,-1.2881252765655518,-1.3821938037872314,0.09406852722167969,0.2758056866085791,1,0
17,8,t012,0011,0011,1011,-0.08261808753013611,-2.869023561477661,2.786405473947525,0.9207348093353174,1,0
18,1,t023,1011,1010,1010,-2.8199238777160645,-2.3199238777160645,-0.5,0.0596671751777675,0,0
18,2,s23,1011,1010,1010,-2.5955209732055664,-2.5955209732055664,0.0,0.07466789717369025,0,1
18,3,t013,1011,1011,1010,-1.1232624053955078,-1.9982624053955078,0.875,0.3253456274850534,1,0
18,4,c03,1010,1011,1011,-1.1395742893218994,-0.7645742297172546,-0.3750000596046448,0.3200082757493387,0,0
18,5,t102,1010,1010,1110,-0.4104575514793396,-1.971873164176941,1.5614156126976013,0.6634935096591902,1,0
18,6,c20,0010,1010,1010,-1.294745922088623,-0.7391971349716187,-0.5555487871170044,0.2740286928187303,0,0
18,7,t302,0010,0010,1010,-0.01584431901574135,-5.380069732666016,5.364225413650274,0.9842896816259509,1,0
18,8,s23,0001,0011,0011,-1.6607613563537598,-1.4672837257385254,-0.19347763061523438,0.19002600371580616,0,0
19,1,x1,1100,1000,1000,-2.777294158935547,-2.425482749938965,-0.35181140899658203,0.062255631944068246,0,0
19,2,s01,1100,0000,0000,-2.550276279449463,-2.4819517135620117,-0.06832456588745117,0.07809746662761557,0,0
19,3,x1,1000,0100,0100,-2.26287841796875,-2.1865859031677246,-0.07629251480102539,0.10410207351957307,0,0
19,4,t023,1000,1000,1001,-0.29637134075164795,-2.2963712215423584,1.9999998807907104,0.743625741878439,1,0
19,5,c13,1000,1000,1001,-0.12663230299949646,-2.3766322135925293,2.249999910593033,0.8811251610861226,1,0
19,6,x3,1001,1001,1000,-0.6765291094779968,-0.8015291094779968,0.125,0.5083940291552509,1,0
19,7,c30,0001,1001,1001,-1.3660682439804077,-0.38107210397720337,-0.9849961400032043,0.25517648374806934,0,0
19,8,t230,0001,0001,1001,-0.1665971428155899,-1.9940451383590698,1.82744799554348,0.8467086207079504,1,0
20,1,c23,1111,1110,1110,-2.720304012298584,-2.595304012298584,-0.125,0.06589076143787648,0,0
20,2,t032,1101,1111,1111,-2.792372226715088,-1.6032392978668213,-1.1891329288482666,0.061300992316095274,0,0
20,3,t102,1111,1101,1101,-2.895435333251953,-2.2704062461853027,-0.6250290870666504,0.05531509097946886,0,0
20,4,x0,0111,0111,1011,-1.4979932308197021,-1.8914523124694824,0.3934590816497803,0.22366882688784023,1,0
20,5,c20,1111,1111,1011,-1.9492484331130981,-1.958351731300354,0.00910329818725586,0.1424240806596444,1,0
20,6,s13,1111,1011,1011,-2.271052837371826,-1.949965238571167,-0.3210875988006592,0.10323001068595214,0,0
20,7,x0,0111,0111,1011,-1.3784550428390503,-1.4031245708465576,0.024669528007507324,0.25201274245844363,1,0
20,8,x1,0011,0011,1011,-1.5207228660583496,-1.5721873044967651,0.05146443843841553,0.2186258264478546,1,0
21,1,s03,1010,1000,1000,-2.7165215015411377,-2.5915050506591797,-0.125016450881958,0.06614191458808115,0,0
21,2,s20,1010,1000,1000,-2.8456201553344727,-2.535153388977051,-0.3104667663574219,0.05815087503613526,0,0
21,3,x3,1011,1000,1000,-2.5955233573913574,-2.535031795501709,-0.06049156188964844,0.07466443626568485,0,0
21,4,c23,1010,1011,1011,-1.460066795349121,-1.210066795349121,-0.25,0.2323866346028066,0,0
21,5,x0,0010,0010,1010,-1.1221613883972168,-1.4785206317901611,0.35635924339294434,0.3257516642350434,1,0
21,6,x0,1010,1010,0010,-0.7626347541809082,-1.2438223361968994,0.4811875820159912,0.46651929485763816,1,0
21,7,x0,0010,0010,1110,-1.248258352279663,-1.4904849529266357,0.24222660064697266,0.28707418729579415,1,0
21,8,c31,0010,0110,0110,-2.164170980453491,-1.7572815418243408,-0.4068894386291504,0.11489640797748918,0,0
22,1,x3,0101,0100,0100,-2.603261947631836,-2.478261947631836,-0.125,0.07408826894689774,0,0
22,2,t201,0101,0101,0000,-2.0551934242248535,-2.59584379196167,0.5406503677368164,0.12817051641784127,1,0
22,3,s12,0011,0101,0101,-2.6747169494628906,-1.2302322387695312,-1.4444847106933594,0.06895727118347494,0,0
22,4,s32,0011,0001,0001,-1.8128621578216553,-1.734034776687622,-0.0788273811340332,0.16329252712289166,0,0
22,5,c23,0010,0011,0011,-2.188849687576294,-0.31384968757629395,-1.875,0.11211819780091696,0,0
22,6,c12,0010,0010,0000,-1.5636827945709229,-2.040999412536621,0.47731661796569824,0.20974992217977945,1,0
22,7,t321,0010,0010,0110,-0.2660837471485138,-2.0096514225006104,1.7435676753520966,0.7665153320715746,1,0
22,8,x1,0110,0110,0010,-0.9161438345909119,-2.1856882572174072,1.2695444226264954,0.400148506850272,1,0
23,1,x3,1000,1000,1001,-2.5390233993530273,-2.5390233993530273,0.0,0.07901501655554358,0,1
23,2,s21,1000,0001,0001,-2.596026659011841,-2.535642147064209,-0.060384511947631836,0.07466329022788241,0,0
23,3,s30,0001,1000,1000,-2.229617118835449,-1.2861409187316895,-0.9434762001037598,0.10763107400735117,0,0
23,4,t201,0001,0001,1000,-1.901153564453125,-2.474747896194458,0.573594331741333,0.14958937355479612,1,0
23,5,x1,0101,0101,0100,-1.4787911176681519,-1.6037911176681519,0.125,0.22801663707834743,1,0
23,6,s10,1001,0101,0101,-2.085635185241699,-1.0458898544311523,-1.0397453308105469,0.12429509281829283,0,0
23,7,t301,1101,1001,1001,-1.7749017477035522,-0.6150738596916199,-1.1598278880119324,0.16955243004492096,0,0
23,8,s12,1011,1000,1000,-2.3152880668640137,-2.1902718544006348,-0.1250162124633789,0.09880877934511914,0,0
24,1,s13,0110,1000,1000,-2.7770230770111084,-2.5914299488067627,-0.1855931282043457,0.06225533306710553,0,0
24,2,x2,0100,1000,1000,-2.845837354660034,-2.5354437828063965,-0.3103935718536377,0.05814858599082475,0,0
24,3,c32,0100,1011,1011,-2.816495180130005,-2.478996992111206,-0.33749818801879883,0.05990334933241774,0,0
24,4,s02,0100,0100,1100,-1.2529325485229492,-1.596789836883545,0.3438572883605957,0.2858842509171753,1,0
24,5,x2,0110,0100,0100,-1.240356683731079,-1.0681599378585815,-0.17219674587249756,0.2893067203394282,0,0
24,6,c03,0110,0110,0111,-0.21930921077728271,-1.7193092107772827,1.5,0.8031443135586154,1,0
24,7,t032,0110,0110,0111,-0.009351639077067375,-4.88435173034668,4.875000091269612,0.9907152516283165,1,0
24,8,s21,0110,0010,0010,-1.2620978355407715,-1.1739345788955688,-0.08816325664520264,0.28317875413208127,0,0
25,1,c13,1100,1101,1101,-2.7887117862701416,-2.5387117862701416,-0.25,0.06154037314148362,0,0
25,2,t230,1100,1100,1101,-2.0667734146118164,-2.4417734146118164,0.375,0.12674084938031874,1,0
25,3,t320,1100,1100,0100,-0.235244482755661,-1.7803279161453247,1.5450834333896637,0.7904803960533208,1,0
25,4,c21,1100,1000,1000,-1.4537866115570068,-1.150047779083252,-0.3037388324737549,0.23382935682785885,0,0
25,5,t031,1100,1100,1101,-0.09945105016231537,-2.8494508266448975,2.749999776482582,0.9054189403107069,1,0
25,6,t312,1100,1100,1101,-0.026251627132296562,-3.9012515544891357,3.874999927356839,0.9741220721853238,1,0
25,7,t130,1100,1100,0100,-0.008563772775232792,-5.008049011230469,4.999485238455236,0.9914897073974531,1,0
25,8,x2,1110,1110,1101,-1.0127545595169067,-1.1575343608856201,0.14477980136871338,0.36324370644804993,1,0
26,1,t210,1101,1101,1000,-1.944223165512085,-2.542572498321533,0.5983493328094482,0.14317660823698772,1,0
26,2,x3,1100,1101,1101,-1.476320743560791,-1.351320743560791,-0.125,0.22852672382011152,0,0
26,3,x1,1000,1000,1101,-1.5457274913787842,-1.6385540962219238,0.09282660484313965,0.2131917128615,1,0
26,4,s23,1000,1000,1001,-0.9143961668014526,-1.0393961668014526,0.125,0.4008715137677564,1,0
26,5,c31,1000,1000,1100,-0.2749824523925781,-2.3604230880737305,2.0854406356811523,0.759750294731097,1,0
26,6,s21,1000,1000,1100,-0.8401871919631958,-1.0059231519699097,0.16573596000671387,0.43169455051523475,1,0
26,7,s30,0001,1000,1000,-5.239744663238525,-0.32935547828674316,-4.910389184951782,0.005302105247139761,0,0
26,8,s32,0010,0001,0001,-2.09035062789917,-1.060523509979248,-1.0298271179199219,0.12366911214608356,0,0
27,1,t213,1100,1100,0100,-2.2364511489868164,-2.5917367935180664,0.35528564453125,0.10692756289574093,1,0
27,2,x0,0100,0100,1100,-1.0654678344726562,-1.3957207202911377,0.33025288581848145,0.3446669211399404,1,0
27,3,x0,1100,1100,0100,-0.8977562189102173,-1.16813325881958,0.2703770399093628,0.4075369257137346,1,0
27,4,x1,1000,1101,1101,-1.5719770193099976,-1.4214239120483398,-0.15055310726165771,0.20767163381661674,0,0
27,5,t130,1000,1000,0000,-0.10834003239870071,-3.330209732055664,3.2218696996569633,0.8974056390841553,1,0
27,6,x0,0000,1000,1000,-1.4716308116912842,-0.6281901597976685,-0.8434406518936157,0.22958578606428875,0,0
27,7,c03,0000,0000,0001,-0.020638316869735718,-4.020638465881348,4.000000149011612,0.9795794224194401,1,0
27,8,s31,0000,0100,0100,-1.1281477212905884,-1.124168872833252,-0.003978848457336426,0.32366044695260415,0,0
28,1,x1,1111,0000,0000,-2.9665327072143555,-2.6519358158111572,-0.31459689140319824,0.05150626948946719,0,0
28,2,x3,1110,1110,1111,-2.323305130004883,-2.323305130004883,0.0,0.09798555016337916,0,1
28,3,c01,1010,1110,1110,-2.4117162227630615,-1.9606205224990845,-0.45109570026397705,0.08972123063676055,0,0
28,4,t320,1010,1010,0010,-0.7618244290351868,-1.513662338256836,0.7518379092216492,0.4669903194666343,1,0
28,5,x1,1110,1110,1111,-1.2875627279281616,-1.7875627279281616,0.5,0.27598335372070676,1,0
28,6,c02,1100,1110,1110,-2.468677520751953,-0.3312526345252991,-2.137424886226654,0.08470137478174376,0,0
28,7,c23,1100,1100,1101,-0.2941930294036865,-1.6691930294036865,1.375,0.7452636987677391,1,0
28,8,c21,1100,1100,1000,-0.3175877332687378,-1.8884103298187256,1.5708225965499878,0.728064074792398,1,0
29,1,t312,0100,0100,0000,-2.2669169902801514,-2.5957512855529785,0.32883429527282715,0.10370808016024728,1,0
29,2,s12,0010,0100,0100,-2.5105862617492676,-0.7853606343269348,-1.7252256274223328,0.08124147402278253,0,0
29,3,s21,0100,0010,0010,-2.5312435626983643,-1.5696126222610474,-0.9616309404373169,0.07958587677572806,0,0
29,4,t230,0100,0100,1100,-0.5807355642318726,-1.9461923837661743,1.3654568195343018,0.5596497324620006,1,0
29,5,t130,0100,0100,1100,-0.21063481271266937,-1.8311002254486084,1.620465412735939,0.8101732778235019,1,0
29,6,t013,0100,0100,0101,-0.07810976356267929,-3.4531097412109375,3.374999977648258,0.9249261235575467,1,0
29,7,x2,0110,0110,0101,-0.9967924952507019,-1.2222857475280762,0.22549325227737427,0.369092137432329,1,0
29,8,t210,1110,0110,0110,-1.622333288192749,-0.228223517537117,-1.394109770655632,0.19749505041779503,0,0
30,1,t120,1110,1000,1000,-2.901914119720459,-2.5913753509521484,-0.31053876876831055,0.05494498146828705,0,0
30,2,s21,1110,1111,1111,-2.7772369384765625,-2.6522369384765625,-0.125,0.062260985208890784,0,0
30,3,c10,0110,1110,1110,-2.4329047203063965,-2.2092504501342773,-0.22365427017211914,0.08782876746747734,0,0
30,4,c01,0110,0010,0010,-2.122439384460449,-1.7970359325408936,-0.32540345191955566,0.1197757169882741,0,0
30,5,x2,0100,0010,0010,-1.793776512145996,-1.3259550333023071,-0.46782147884368896,0.16635654339499886,0,0
30,6,s20,0100,1100,1100,-1.359305500984192,-1.305220365524292,-0.0540851354598999,0.25700811394498513,0,0
30,7,x1,0000,0000,0100,-0.8624678254127502,-1.3794183731079102,0.5169505476951599,0.4221499416836131,1,0
30,8,s10,0000,1000,1000,-0.7774233818054199,-0.7343526482582092,-0.04307073354721069,0.45967411918082524,0,0
31,1,t012,0011,0011,0000,-2.259200096130371,-2.5428152084350586,0.2836151123046875,0.10450798940719853,1,0
31,2,t310,0011,0011,1011,-0.6219778656959534,-1.7293553352355957,1.1073774695396423,0.5369803225233709,1,0
31,3,t320,1011,0011,0011,-1.4851447343826294,-0.3624069094657898,-1.1227378249168396,0.2264901831402736,0,0
31,4,x1,1111,1111,1001,-1.0695598125457764,-1.6121119260787964,0.54255211353302,0.3432002633310323,1,0
31,5,t203,1110,1111,1111,-1.0506658554077148,-0.9256658554077148,-0.125,0.3497290277182235,0,0
31,6,s01,1110,0110,0110,-1.7395930290222168,-1.3121578693389893,-0.42743515968322754,0.17565832096218603,0,0
31,7,t230,1110,1110,1111,-0.33328837156295776,-2.0832881927490234,1.7499998211860657,0.7166388899292463,1,0
31,8,x0,0110,1110,1110,-1.3542673587799072,-0.9596037268638611,-0.39466363191604614,0.2582313016138096,0,0
32,1,x1,1000,1100,1100,-2.652103900909424,-2.5954432487487793,-0.05666065216064453,0.07055101683192376,0,0
32,2,x0,0000,1000,1000,-2.3951897621154785,-2.141544818878174,-0.2536449432373047,0.09118237725637475,0,0
32,3,s13,0000,0001,0001,-2.7164127826690674,-2.5914127826690674,-0.125,0.06614347619662005,0,0
32,4,x0,1000,1000,0000,-1.6141166687011719,-1.6365867853164673,0.02247011661529541,0.19911736659587037,1,0
32,5,s23,1000,1010,1010,-2.05196475982666,-1.9579057693481445,-0.09405899047851562,0.1285150449977718,0,0
32,6,t102,1000,1000,0000,-0.5299626588821411,-2.7465591430664062,2.216596484184265,0.5887721645148123,1,0
32,7,x0,0000,0000,1000,-0.8310938477516174,-0.9377308487892151,0.10663700103759766,0.43571795230200233,1,0
32,8,c32,0000,0000,0001,-0.317333847284317,-1.8173339366912842,1.5000000894069672,0.7281081954579782,1,0
33,1,s02,0011,1001,1001,-2.9707319736480713,-2.5350379943847656,-0.43569397926330566,0.051313012846041894,0,0
33,2,c02,0011,1110,1110,-3.099630355834961,-2.592000961303711,-0.50762939453125,0.045110311671710895,0,0
33,3,t301,0011,0011,1010,-1.0315141677856445,-2.652212619781494,1.6206984519958496,0.35671206735890987,1,0
33,4,s10,0011,0011,1011,-1.2311375141143799,-1.899367332458496,0.6682298183441162,0.2920771776897669,1,0
33,5,c02,0011,0011,0010,-0.09120364487171173,-3.091203451156616,2.9999998062849045,0.9128585490131315,1,0
33,6,t021,0011,0011,1011,-0.09177835285663605,-3.068542957305908,2.976764604449272,0.9123484278948203,1,0
33,7,x2,0001,0001,0111,-1.2826566696166992,-1.502928376197815,0.22027170658111572,0.2773157147948665,1,0
33,8,c32,0011,0001,0001,-4.329316139221191,-0.12476653605699539,-4.204549603164196,0.013178109874497043,0,0
34,1,s23,1100,1100,1000,-2.421954870223999,-2.5353212356567383,0.11336636543273926,0.08883794925349475,1,0
34,2,t013,1101,1100,1100,-2.053027629852295,-0.6780276298522949,-1.375,0.12839004285554767,0,0
34,3,t102,1111,1100,1100,-2.1582391262054443,-1.8437758684158325,-0.3144632577896118,0.1156531676033636,0,0
34,4,s21,1111,1011,1011,-2.2149603366851807,-1.7010905742645264,-0.5138697624206543,0.10924461266743304,0,0
34,5,c20,0111,0111,1111,-1.077033281326294,-1.2387669086456299,0.16173362731933594,0.3407699877269155,1,0
34,6,t012,0111,0111,0110,-0.43336859345436096,-1.5583685636520386,1.1249999701976776,0.6483569333678928,1,0
34,7,x2,0101,0101,0011,-1.1611323356628418,-1.1960742473602295,0.034941911697387695,0.31318478559940416,1,0
34,8,t132,0111,0101,0101,-5.371588706970215,-0.2750348448753357,-5.096553862094879,0.004646953580294333,0,0
35,1,x2,0110,0100,0100,-2.599412202835083,-2.474358558654785,-0.12505364418029785,0.07437047987122486,0,0
35,2,t312,0110,0110,0000,-2.122328996658325,-2.5394203662872314,0.41709136962890625,0.11985576527013854,1,0
35,3,c30,0110,1110,1110,-0.9124355912208557,-0.8646619319915771,-0.047773659229278564,0.4019328168565489,0,0
35,4,t032,0110,0110,0100,-0.11648384481668472,-3.1031429767608643,2.9866591319441795,0.8901177720123452,1,0
35,5,x0,1110,1110,0110,-0.5394138097763062,-1.0686354637145996,0.5292216539382935,0.5846367673203943,1,0
35,6,s20,1110,1110,0110,-0.6143447160720825,-1.0281476974487305,0.41380298137664795,0.5410294266056133,1,0
35,7,s03,0111,1110,1110,-3.571904182434082,-0.6396616697311401,-2.932242512702942,0.028105917410930416,0,0
35,8,c02,0111,0111,0101,-0.20197871327400208,-2.1610147953033447,1.9590360820293427,0.8171472442371642,1,0
36,1,s20,0001,0001,0000,-2.4331281185150146,-2.5581281185150146,0.125,0.08782625401910542,1,0
36,2,x1,0101,0101,0100,-1.686160683631897,-1.936160683631897,0.25,0.1852753198855233,1,0
36,3,c23,0101,0101,0100,-0.651455819606781,-1.4014558792114258,0.7500000596046448,0.5213669585313495,1,0
36,4,s32,0110,0100,0100,-2.35821270942688,-1.4529377222061157,-0.9052749872207642,0.09460829874928102,0,0
36,5,x0,1110,1110,0110,-0.9312280416488647,-1.104202151298523,0.1729741096496582,0.3944075567510514,1,0
36,6,c23,1111,1110,1110,-1.0505709648132324,-1.0505709648132324,0.0,0.3498001023140381,0,1
36,7,s30,1111,0111,0111,-1.4478261470794678,-1.0950825214385986,-0.35274362564086914,0.2352369544442258,0,0
36,8,t132,1101,1111,1111,-2.711057186126709,-0.19844654202461243,-2.5126106441020966,0.06647479122587241,0,0
37,1,x2,1100,1100,1000,-2.534752130508423,-2.5347847938537598,3.266334533691406e-05,0.0793185016509951,1,0
37,2,c03,1101,1100,1100,-2.113328456878662,-1.738328456878662,-0.375,0.12090366023364024,0,0
37,3,c31,1001,1100,1100,-2.3768515586853027,-2.376561164855957,-0.0002903938293457031,0.09292642579303016,0,0
37,4,t321,1001,1001,0001,-0.9674595594406128,-2.224630355834961,1.2571707963943481,0.38022262620762887,1,0
37,5,s21,1001,1100,1100,-2.1018528938293457,-1.9245842695236206,-0.1772686243057251,0.12226832112553951,0,0
37,6,c23,1001,1000,1000,-0.8617140054702759,-0.7367140054702759,-0.125,0.42245959583593684,0,0
37,7,c31,1101,1001,1001,-1.815638542175293,-0.46942007541656494,-1.346218466758728,0.16275608815822043,0,0
37,8,x3,1100,1100,1101,-0.656536877155304,-0.906536877155304,0.25,0.518690558193201,1,0
38,1,s03,1010,0000,0000,-2.7168312072753906,-2.5955352783203125,-0.12129592895507812,0.06613722230753373,0,0
38,2,t103,1010,0000,0000,-2.7772326469421387,-2.6524405479431152,-0.12479209899902344,0.06226433120983527,0,0
38,3,t031,1010,1010,1110,-0.49610036611557007,-2.329866409301758,1.8337660431861877,0.6089901605041534,1,0
38,4,c03,1011,1010,1010,-1.1845473051071167,-1.0595473051071167,-0.125,0.30594323343973645,0,0
38,5,t102,1011,1011,1111,-0.5033981204032898,-1.1379337310791016,0.6345356106758118,0.6046343485860749,1,0
38,6,t013,1011,1011,1111,-0.022766882553696632,-4.424901008605957,4.40213412605226,0.9775239288911869,1,0
38,7,s32,1011,1001,1001,-1.6281306743621826,-1.1411378383636475,-0.48699283599853516,0.1963239746038488,0,0
38,8,t201,1111,1111,1011,-0.4735450744628906,-1.2265784740447998,0.7530333995819092,0.6228841794759341,1,0
39,1,c01,0101,0101,1000,-2.485790491104126,-2.5914459228515625,0.10565543174743652,0.08330638275777995,1,0
39,2,x0,1101,0101,0101,-1.320253849029541,-1.1776043176651,-0.14264953136444092,0.2671206665015703,0,0
39,3,t102,1111,1101,1101,-2.8287479877471924,-0.29106438159942627,-2.537683606147766,0.05908909194947572,0,0
39,4,c32,1101,1101,1110,-1.4072480201721191,-1.4576728343963623,0.050424814224243164,0.24494526712606493,1,0
39,5,t230,1101,1101,1001,-0.955685019493103,-1.8420578241348267,0.8863728046417236,0.3847958977995824,1,0
39,6,c31,1001,1001,1100,-0.9691131114959717,-1.716221809387207,0.7471086978912354,0.3795114066728228,1,0
39,7,x3,1000,1000,1001,-0.8972077369689941,-1.0222077369689941,0.125,0.40771973545533746,1,0
39,8,x2,1010,1000,1000,-3.330578565597534,-0.35576069355010986,-2.9748178720474243,0.03577437322158938,0,0
40,1,s21,1010,1100,1100,-2.845587730407715,-2.485966682434082,-0.3596210479736328,0.05813797219282626,0,0
40,2,s02,1010,1100,1100,-2.909791946411133,-2.591553211212158,-0.3182387351989746,0.05452071710305069,0,0
40,3,x2,1000,1100,1100,-2.5425610542297363,-2.4821548461914062,-0.06040620803833008,0.07871213080149805,0,0
40,4,x3,1001,1000,1000,-2.218575954437256,-2.218575954437256,0.0,0.10889386985014617,0,1
40,5,s10,0101,0000,0000,-2.668168544769287,-2.418511390686035,-0.24965715408325195,0.06944773869746522,0,0
40,6,s32,0110,1000,1000,-2.9707045555114746,-2.5918917655944824,-0.3788127899169922,0.051316601635785546,0,0
40,7,x2,0100,0000,0000,-2.4984288215637207,-2.3170366287231445,-0.18139219284057617,0.08236377030981837,0,0
40,8,x3,0101,0101,0100,-2.053187608718872,-2.178187608718872,0.125,0.12843996341552832,1,0
41,1,t013,0010,0010,0000,-2.376382350921631,-2.535029411315918,0.1586470603942871,0.09294504274153863,1,0
41,2,x1,0110,0110,0010,-1.4130223989486694,-1.6629064083099365,0.2498840093612671,0.24348356800994567,1,0
41,3,t013,0110,0110,0111,-0.11087656021118164,-2.7358765602111816,2.625,0.8950683318381759,1,0
41,4,s30,0110,1110,1110,-0.9789068698883057,-0.9335829019546509,-0.045323967933654785,0.37591822810185715,0,0
41,5,c21,0010,0110,0110,-1.4255988597869873,-0.9149771332740784,-0.5106217265129089,0.24041062086303025,0,0
41,6,c31,0010,0010,0110,-0.30434027314186096,-1.910204291343689,1.605864018201828,0.7377066587100443,1,0
41,7,x2,0000,0001,0001,-1.986954689025879,-1.1119548082351685,-0.8749998807907104,0.1371263569846809,0,0
41,8,c12,0000,0000,0001,-0.05744410678744316,-3.4324440956115723,3.374999988824129,0.9442576963587644,1,0
42,1,c20,0010,1010,1010,-2.8494677543640137,-2.2890565395355225,-0.5604112148284912,0.05791447933463329,0,0
42,2,c21,0110,1100,1100,-2.9178757667541504,-2.4784584045410156,-0.43941736221313477,0.05409193311917997,0,0
42,3,x1,0010,1000,1000,-3.1033287048339844,-2.5956201553344727,-0.5077085494995117,0.044933696807004264,0,0
42,4,x3,0011,1111,1111,-3.110966682434082,-2.595641613006592,-0.5153250694274902,0.044590691215620745,0,0
42,5,t310,0011,1000,1000,-2.5436437129974365,-2.535463333129883,-0.008180379867553711,0.0786810427909903,0,0
42,6,t102,0011,0011,1011,-0.365128755569458,-2.0435631275177,1.6784343719482422,0.6943005808118569,1,0
42,7,s31,0110,0110,0111,-1.7920117378234863,-1.7920117378234863,0.0,0.1667105125508566,0,1
42,8,c20,1110,1110,0110,-0.7763042449951172,-0.899690568447113,0.12338632345199585,0.4603708329607881,1,0
43,1,x3,1010,0000,0000,-2.6559414863586426,-2.5914790630340576,-0.06446242332458496,0.07027531063153256,0,0
43,2,c30,1010,1010,0010,-1.622134804725647,-2.599672317504883,0.9775375127792358,0.19765307652095743,1,0
43,3,t201,1110,1010,1010,-1.730687141418457,-0.4115440845489502,-1.3191430568695068,0.17720165116551848,0,0
43,4,s13,1011,1110,1110,-2.161614418029785,-1.3498326539993286,-0.8117817640304565,0.11520153826912131,0,0
43,5,t203,1010,1011,1011,-2.2414445877075195,-0.6164445877075195,-1.625,0.10635804777989416,0,0
43,6,x0,0010,0010,1010,-1.4350191354751587,-1.7061913013458252,0.2711721658706665,0.23826308538606444,1,0
43,7,t210,0010,0010,1010,-0.65501469373703,-1.4933781623840332,0.8383634686470032,0.5195151609427443,1,0
43,8,t210,0010,0010,1010,-0.5826387405395508,-0.9214141368865967,0.3387753963470459,0.5585668746255035,1,0
44,1,s20,1111,1111,0000,-2.6518964767456055,-2.652007579803467,0.00011110305786132812,0.07055323440119698,1,0
44,2,t210,0111,1111,1111,-1.7520146369934082,-1.4426116943359375,-0.3094029426574707,0.17350183095356173,0,0
44,3,s01,1011,1111,1111,-1.8454082012176514,-1.3468680381774902,-0.49854016304016113,0.15799711059011934,0,0
44,4,c20,0011,1011,1011,-1.764854907989502,-0.9441336393356323,-0.8207212686538696,0.1712425752562045,0,0
44,5,c23,0010,0011,0011,-1.6100167036056519,-0.9850166440010071,-0.6250000596046448,0.19992905092644842,0,0
44,6,s23,0001,0000,0000,-1.5095912218093872,-1.3845912218093872,-0.125,0.22115657285705995,0,0
44,7,s01,0001,0101,0101,-1.7381607294082642,-1.6284031867980957,-0.10975754261016846,0.1758858956462645,0,0
44,8,x0,1001,1001,0001,-0.5323440432548523,-0.9790491461753845,0.4467051029205322,0.5873153358006861,1,0
45,1,t203,0001,0001,1000,-2.3689944744110107,-2.5349268913269043,0.16593241691589355,0.09364474579113874,1,0
45,2,x3,0000,0001,0001,-1.7248185873031616,-1.4748185873031616,-0.25,0.178244708947192,0,0
45,3,c32,0000,0000,0001,-0.3366844654083252,-1.8366844654083252,1.5,0.7143834023296705,1,0
45,4,x1,0100,0100,0010,-0.6073726415634155,-1.7799022197723389,1.1725295782089233,0.5449863137477879,1,0
45,5,t103,0100,0100,1100,-0.05362291634082794,-4.069410800933838,4.01578788459301,0.9478587700037137,1,0
45,6,s02,0100,1100,1100,-1.1137754917144775,-1.0843429565429688,-0.02943253517150879,0.32848625164697665,0,0
45,7,t012,0100,0100,1100,-0.001522403908893466,-7.268248081207275,7.266725677298382,0.9984915115608441,1,0
45,8,x3,0101,0100,0100,-1.0077121257781982,-1.0077121257781982,0.0,0.3650713881007359,0,1
46,1,s20,0111,1101,1101,-3.042820930480957,-2.26690673828125,-0.775914192199707,0.04773613368634147,0,0
46,2,t201,0111,0000,0000,-2.557879686355591,-2.534938097000122,-0.02294158935546875,0.07750853951762965,0,0
46,3,t120,1111,0111,0111,-1.0689847469329834,-0.6625314950942993,-0.4064532518386841,0.34341998423430004,0,0
46,4,t132,1101,1101,1111,-1.3164887428283691,-1.3942012786865234,0.0777125358581543,0.26811319346261064,1,0
46,5,x2,1111,1100,1100,-1.4932862520217896,-1.2995917797088623,-0.19369447231292725,0.22467725172291075,0,0
46,6,x3,1110,1110,1111,-1.2421610355377197,-1.2421610355377197,0.0,0.28880775511576784,0,1
46,7,c03,1111,1110,1110,-0.858381450176239,-0.733381450176239,-0.125,0.42390093429969106,0,0
46,8,c21,1011,1111,1111,-1.1191093921661377,-0.8349078893661499,-0.2842015027999878,0.326623941377485,0,0
47,1,c21,1101,1101,1000,-2.3157920837402344,-2.5347962379455566,0.21900415420532227,0.09874486751695448,1,0
47,2,t201,1101,1101,0101,-0.8904803991317749,-1.5755751132965088,0.6850947141647339,0.4105707966179941,1,0
47,3,t310,0101,1101,1101,-1.7558516263961792,-0.22790779173374176,-1.5279438346624374,0.17277611265731613,0,0
47,4,s31,0101,0001,0001,-1.2417199611663818,-0.9230470061302185,-0.31867295503616333,0.2889287359224731,0,0
47,5,c10,1101,1101,0101,-0.6302421689033508,-0.9010366797447205,0.27079451084136963,0.5325528255108298,1,0
47,6,c03,1100,1100,1101,-1.0221383571624756,-1.0221383571624756,0.0,0.35986380570660137,0,1
47,7,x0,0100,1100,1100,-0.8728978633880615,-0.7927997708320618,-0.08009809255599976,0.417872638154938,0,0
47,8,s32,0100,0110,0110,-1.5124211311340332,-0.8437299132347107,-0.6686912178993225,0.2203897395904005,0,0
48,1,s13,0000,0000,1000,-2.4782049655914307,-2.6520795822143555,0.1738746166229248,0.08394579997926746,1,0
48,2,s13,0000,0000,1000,-0.8590092062950134,-2.0703389644622803,1.2113297581672668,0.42364905638831335,1,0
48,3,x3,0001,0001,0000,-1.0284596681594849,-1.1534596681594849,0.125,0.3575824898481677,1,0
48,4,s13,0100,0001,0001,-3.804086685180664,-0.3344349265098572,-3.469651758670807,0.022282646582079194,0,0
48,5,s13,0001,0101,0101,-2.6161911487579346,-2.2711730003356934,-0.3450181484222412,0.07319844493719833,0,0
48,6,c31,0101,0000,0000,-2.4500319957733154,-2.324727773666382,-0.1253042221069336,0.0864735296725794,0,0
48,7,s03,1100,1100,1000,-2.1202311515808105,-2.415252685546875,0.29502153396606445,0.12023720618440527,1,0
48,8,c32,1100,1001,1001,-2.61969256401062,-2.3777658939361572,-0.2419266700744629,0.07296580856721611,0,0
49,1,s12,0001,0000,0000,-2.4858946800231934,-2.4858946800231934,0.0,0.08329875492280524,0,1
49,2,s20,0001,0001,1001,-1.2953993082046509,-1.7533072233200073,0.45790791511535645,0.27390563247285427,1,0
49,3,c20,0001,0001,1001,-0.3157050907611847,-1.5784075260162354,1.2627024352550507,0.7293606709725516,1,0
49,4,t032,0001,0001,0101,-0.002540576970204711,-6.936075210571289,6.933534633601084,0.9974745153635088,1,0
49,5,s21,0001,0101,0101,-2.03395938873291,-0.7849091291427612,-1.249050259590149,0.13083556442390185,0,0
49,6,c21,0001,0001,0101,-0.2969033420085907,-1.4185540676116943,1.1216507256031036,0.7431547003311687,1,0
49,7,s12,0001,0001,0101,-0.873361349105835,-1.24906587600708,0.3757045269012451,0.4175584714467397,1,0
49,8,c30,1001,0001,0001,-2.6322312355041504,-0.10148822516202927,-2.530743010342121,0.07192262537885274,0,0
50,1,t302,0100,0100,1000,-2.2897379398345947,-2.5350279808044434,0.24529004096984863,0.10137424007293781,1,0
50,2,t012,0100,0100,1100,-0.20779374241828918,-3.0353493690490723,2.827555626630783,0.8124461800208078,1,0
50,3,c13,0101,0100,0100,-1.0693211555480957,-0.8193212151527405,-0.24999994039535522,0.34331316244114934,0,0
50,4,c03,0101,0101,0100,-0.7066674828529358,-1.3316675424575806,0.6250000596046448,0.4934633685164685,1,0
50,5,x3,0100,0101,0101,-1.115342378616333,-0.9903424382209778,-0.12499994039535522,0.32785411368934825,0,0
50,6,c13,0101,0100,0100,-1.861892819404602,-0.23689287900924683,-1.6249999403953552,0.1554000336542954,0,0
50,7,t201,0101,0101,1101,-0.1639382392168045,-2.456117630004883,2.2921793907880783,0.8489405271194126,1,0
50,8,x3,0100,0100,0101,-0.9682097434997559,-1.2182097434997559,0.25,0.3797917349710843,1,0
51,1,t130,1001,1001,0000,-2.0854079723358154,-2.595651149749756,0.5102431774139404,0.1243635797529949,1,0
51,2,x1,1101,1101,1100,-1.4609771966934204,-1.8359771966934204,0.375,0.23207117423052717,1,0
51,3,x0,0101,0101,1101,-0.9134632349014282,-1.0855070352554321,0.1720438003540039,0.4011830451366368,1,0
51,4,c02,0101,0101,0001,-0.140763521194458,-3.2499663829803467,3.1092028617858887,0.8687508156568685,1,0
51,5,t302,0101,0101,1101,-0.01856061816215515,-4.785691261291504,4.767130643129349,0.9816361148484589,1,0
51,6,s30,1100,0101,0101,-2.5133306980133057,-0.8333369493484497,-1.679993748664856,0.08110580340365053,0,0
51,7,x1,1000,1000,1100,-1.1803476810455322,-1.4619311094284058,0.28158342838287354,0.3072568731359653,1,0
51,8,c31,1000,1000,1001,-0.3508632779121399,-2.350863218307495,1.9999999403953552,0.7042928269150529,1,0
52,1,c32,1010,1000,1000,-2.5503883361816406,-2.5349271297454834,-0.015461206436157227,0.07810356443652992,0,0
52,2,t312,1010,1010,0010,-0.4999088644981384,-2.585064172744751,2.0851553082466125,0.6067008883327905,1,0
52,3,x0,0010,0010,1010,-0.8076301217079163,-1.1455106735229492,0.33788055181503296,0.44597240955384226,1,0
52,4,c12,0010,0010,0110,-0.16034653782844543,-2.657240629196167,2.4968940913677216,0.85188499940197,1,0
52,5,c30,0010,0010,1010,-0.5909296870231628,-0.8543785810470581,0.26344889402389526,0.5539602797722709,1,0
52,6,t203,0010,0010,0110,-0.0013658328680321574,-7.562166690826416,7.560800857958384,0.9986419459477507,1,0
52,7,x0,1010,1010,0010,-0.48038220405578613,-0.9950301647186279,0.5146479606628418,0.6185849804543031,1,0
52,8,t310,1010,1010,1110,-0.03795160353183746,-3.66803240776062,3.6300808042287827,0.9627787081691684,1,0
53,1,t021,1101,1101,1000,-2.315859317779541,-2.5349037647247314,0.21904444694519043,0.09874503977313905,1,0
53,2,s03,1101,1101,0101,-1.362037181854248,-2.221184253692627,0.8591470718383789,0.2562030717689603,1,0
53,3,c31,1001,1101,1101,-1.654029369354248,-0.9555686712265015,-0.6984606981277466,0.1913323100500557,0,0
53,4,t213,1001,1001,1011,-0.057291533797979355,-4.081735134124756,4.0244436003267765,0.9443902565518234,1,0
53,5,x1,1101,1101,1011,-0.6173474788665771,-1.6739249229431152,1.056577444076538,0.5394032084609577,1,0
53,6,t312,1111,1101,1101,-2.7153141498565674,-0.11516118049621582,-2.6001529693603516,0.06618507257137186,0,0
53,7,t321,1011,1111,1111,-3.352921485900879,-0.31181979179382324,-3.0411016941070557,0.03498665315581101,0,0
53,8,c23,1010,1011,1011,-0.9189801812171936,-0.7939801812171936,-0.125,0.3989386899080808,0,0
54,1,x1,0001,1000,1000,-2.7770702838897705,-2.5914783477783203,-0.1855919361114502,0.06225788181305228,0,0
54,2,s21,0001,1000,1000,-2.902215003967285,-2.712703227996826,-0.18951177597045898,0.054941699243860366,0,0
54,3,c20,0001,0001,1000,-1.0294235944747925,-2.3200321197509766,1.290608525276184,0.3575185097490519,1,0
54,4,x2,0011,0001,0001,-1.5644841194152832,-1.548969030380249,-0.01551508903503418,0.2092330820536941,0,0
54,5,x3,0010,0010,0011,-0.9043096303939819,-1.029309630393982,0.125,0.4049275800457783,1,0
54,6,t103,0010,0010,1010,-0.03563114255666733,-3.97483229637146,3.9392011538147926,0.9650593829876353,1,0
54,7,x0,1010,1010,0010,-0.5360347032546997,-0.9225728511810303,0.38653814792633057,0.58528577018827,1,0
54,8,s12,1100,1110,1110,-2.8316049575805664,-1.5928102731704712,-1.2387946844100952,0.058927325713679375,0,0
55,1,x1,0111,0000,0000,-2.784813165664673,-2.5347490310668945,-0.2500641345977783,0.06177257522684959,0,0
55,2,x1,0011,0000,0000,-2.845179319381714,-2.5346641540527344,-0.3105151653289795,0.058144958559441066,0,0
55,3,x3,0010,1010,1010,-2.974376678466797,-2.591700792312622,-0.3826758861541748,0.05111886729627528,0,0
55,4,x1,0110,1000,1000,-2.6520841121673584,-2.5350565910339355,-0.11702752113342285,0.07054991707477563,0,0
55,5,c31,0110,0110,1110,-2.433419704437256,-2.4785075187683105,0.04508781433105469,0.08781699943383052,1,0
55,6,c30,0110,1110,1110,-0.7688279747962952,-0.733684778213501,-0.03514319658279419,0.46367637016317614,0,0
55,7,x3,0111,0100,0100,-1.40855872631073,-1.2048879861831665,-0.20367074012756348,0.2445491044159034,0,0
55,8,s10,1011,0111,0111,-3.7294797897338867,-0.6694198250770569,-3.06005996465683,0.02401372896822961,0,0
56,1,x0,1101,1000,1000,-2.784907817840576,-2.535019874572754,-0.24988794326782227,0.061788197664881854,0,0
56,2,t201,1101,1101,0101,-2.2583062648773193,-2.311264991760254,0.05295872688293457,0.10458823831692773,1,0
56,3,c21,1101,1001,1001,-1.2996562719345093,-1.293386697769165,-0.006269574165344238,0.27270392300521973,0,0
56,4,x1,1001,1001,1111,-1.1738133430480957,-1.8185192346572876,0.6447058916091919,0.30923410497739373,1,0
56,5,c10,1001,1001,0001,-0.6319778561592102,-0.9149994850158691,0.28302162885665894,0.5316889815400802,1,0
56,6,c30,0001,1001,1001,-1.4448381662368774,-0.2902415096759796,-1.1545966565608978,0.23579458464186032,0,0
56,7,t320,0001,0001,1001,-0.0461939200758934,-3.308666467666626,3.2624725475907326,0.9549015887494443,1,0
56,8,c10,0001,0001,1001,-0.048615071922540665,-3.051629066467285,3.0030139945447445,0.9525537866454514,1,0
57,1,t210,1010,1010,1000,-2.1588525772094727,-2.4782919883728027,0.3194394111633301,0.11554397369448575,1,0
57,2,s01,0110,1010,1010,-1.9231524467468262,-1.2004444599151611,-0.722707986831665,0.14618684943499144,0,0
57,3,t301,0110,0110,1110,-0.423869252204895,-1.9878653287887573,1.5639960765838623,0.6545812832461805,1,0
57,4,x0,1110,1110,0110,-0.6003409028053284,-1.2336125373840332,0.6332716345787048,0.5487519729494674,1,0
57,5,t312,1110,1110,1111,-0.5618594288825989,-1.561859369277954,0.9999999403953552,0.5702100816702744,1,0
57,6,t203,1111,1110,1110,-2.2905373573303223,-0.16553741693496704,-2.1249999403953552,0.1012310697475771,0,0
57,7,t210,0111,1111,1111,-0.982280433177948,-0.5274989008903503,-0.45478153228759766,0.3745249748234356,0,0
57,8,x2,0101,0011,0011,-1.262622594833374,-0.9475409984588623,-0.3150815963745117,0.2829501207726612,0,0
58,1,x2,1001,1000,1000,-2.5427000522613525,-2.4177000522613525,-0.125,0.07870453015768422,0,0
58,2,t120,1001,1001,0000,-2.096848964691162,-2.535195827484131,0.43834686279296875,0.12294143824397288,1,0
58,3,s31,1100,1101,1101,-2.267589569091797,-1.642589807510376,-0.6249997615814209,0.1035937566355616,0,0
58,4,s31,1001,1100,1100,-2.1200814247131348,-1.576946496963501,-0.5431349277496338,0.12009148133750326,0,0
58,5,x1,1101,1100,1100,-1.9917882680892944,-1.8667882680892944,-0.125,0.13651880545627965,0,0
58,6,x1,1001,1000,1000,-2.0582919120788574,-1.9332917928695679,-0.12500011920928955,0.12770166180045772,0,0
58,7,t312,1001,1001,1000,-0.2560372054576874,-2.5060372352600098,2.2500000298023224,0.7742143878205714,1,0
58,8,x2,1011,1000,1000,-1.225295066833496,-1.1696193218231201,-0.05567574501037598,0.29368707756751494,0,0
59,1,c12,0101,1000,1000,-2.773024797439575,-2.5952985286712646,-0.17772626876831055,0.06250356970299457,0,0
59,2,s02,0101,1100,1100,-2.6675591468811035,-2.534852981567383,-0.1327061653137207,0.0694646405690508,0,0
59,3,s21,0011,0001,0001,-2.6985809803009033,-2.0394930839538574,-0.6590878963470459,0.06733951810574255,0,0
59,4,c30,1011,0011,0011,-2.793276309967041,-2.253572940826416,-0.539703369140625,0.061314207383782425,0,0
59,5,s21,1101,1000,1000,-2.595613956451416,-2.534848690032959,-0.06076526641845703,0.0746504329905252,0,0
59,6,s31,1101,1000,1000,-2.909985065460205,-2.591597080230713,-0.3183879852294922,0.054514794970924596,0,0
59,7,c31,1001,1001,1000,-2.474238395690918,-2.599238395690918,0.125,0.08426722475848213,1,0
59,8,s01,0101,1001,1001,-2.354084014892578,-2.3233449459075928,-0.03073906898498535,0.0950293111733635,0,0
60,1,s20,1101,1000,1000,-2.8374404907226562,-2.651970386505127,-0.1854701042175293,0.05860323875523464,0,0
60,2,c20,1101,0100,0100,-2.712517738342285,-2.652050018310547,-0.06046772003173828,0.06640953365354992,0,0
60,3,x1,1001,1001,1100,-1.7381956577301025,-2.3472750186920166,0.6090793609619141,0.17589552564651473,1,0
60,4,x1,1101,1101,1011,-1.481363296508789,-1.8129863739013672,0.3316230773925781,0.22737010987696069,1,0
60,5,c31,1001,1100,1100,-2.4244027137756348,-1.2804358005523682,-1.1439669132232666,0.0885764248677058,0,0
60,6,s32,1010,1011,1011,-3.0738751888275146,-1.5738751888275146,-1.5,0.04624952857216162,0,0
60,7,s32,1001,1110,1110,-2.3162763118743896,-2.0018858909606934,-0.3143904209136963,0.09869233082474774,0,0
60,8,t013,1001,1001,1000,-1.3045058250427246,-1.6795058250427246,0.375,0.27147406064197294,1,0
61,1,s02,1110,1110,1100,-2.7125658988952637,-2.7125937938690186,2.7894973754882812e-05,0.06640585586827573,1,0
61,2,c03,1111,1110,1110,-1.839000940322876,-1.589000940322876,-0.25,0.15904020479366285,0,0
61,3,c31,1011,1011,1111,-1.3716590404510498,-1.7904812097549438,0.41882216930389404,0.25380984974730075,1,0
61,4,t321,1111,1011,1011,-2.766521692276001,-0.4922347664833069,-2.274286925792694,0.0628943825361867,0,0
61,5,c03,1110,1111,1111,-1.394657850265503,-1.144657850265503,-0.25,0.24802096067618906,0,0
61,6,s02,1110,0110,0110,-1.709233045578003,-1.27211332321167,-0.437119722366333,0.18123720417083802,0,0
61,7,s23,1101,1111,1111,-2.4390993118286133,-1.0407792329788208,-1.3983200788497925,0.0872677569170957,0,0
61,8,s12,1011,1001,1001,-2.849076747894287,-1.3634836673736572,-1.4855930805206299,0.05791749171276694,0,0
62,1,t230,1001,1001,0000,-2.085477352142334,-2.5919618606567383,0.5064845085144043,0.12437168480859445,1,0
62,2,x0,0001,0001,1001,-0.9899804592132568,-1.3238272666931152,0.3338468074798584,0.3716793085763725,1,0
62,3,x0,1001,1001,0001,-0.6602425575256348,-1.2967901229858398,0.6365475654602051,0.5168534709505681,1,0
62,4,t021,1001,1001,1101,-0.25667205452919006,-2.8542020320892334,2.5975299775600433,0.7736851096461483,1,0
62,5,t132,1001,1001,1011,-0.1643633246421814,-2.7576522827148438,2.5932889580726624,0.84846309711128,1,0
62,6,t103,1001,1001,1011,-0.09045355021953583,-3.593510627746582,3.503057077527046,0.9135614922504249,1,0
62,7,x1,1101,1101,1011,-0.8985923528671265,-1.4900556802749634,0.5914633274078369,0.4071833557391814,1,0
62,8,x0,0101,0101,1101,-0.7552112340927124,-0.8380269408226013,0.08281570672988892,0.4701133023104356,1,0
63,1,s12,0001,1000,1000,-2.4934349060058594,-2.4781334400177,-0.01530146598815918,0.08266946447535396,0,0
63,2,x1,0101,0001,0001,-1.8406870365142822,-1.7164890766143799,-0.12419795989990234,0.15874677121396855,0,0
63,3,t301,0101,0101,1101,-0.5449789762496948,-2.3101227283477783,1.7651437520980835,0.579929189520984,1,0
63,4,t231,0101,0101,0001,-0.08635187894105911,-3.0449695587158203,2.958617679774761,0.917374155118091,1,0
63,5,t301,0101,0101,1101,-0.03883913904428482,-3.358882427215576,3.3200432881712914,0.9619265651914352,1,0
63,6,x3,0100,0111,0111,-1.2311930656433105,-1.1941967010498047,-0.03699636459350586,0.29195867887126875,0,0
63,7,t321,0100,0100,0101,-0.021663228049874306,-4.271663188934326,4.249999960884452,0.9785982391727527,1,0
63,8,c20,0100,1100,1100,-0.8995137810707092,-0.5730024576187134,-0.32651132345199585,0.4070569454787855,0,0
64,1,s10,0000,0000,1000,-2.157480239868164,-2.5996289253234863,0.44214868545532227,0.11571804175336202,1,0
64,2,s03,0000,0000,0100,-0.9200005531311035,-1.7461365461349487,0.8261359930038452,0.3986008073056204,1,0
64,3,s30,0000,0000,1000,-0.447203665971756,-1.2324174642562866,0.7852137982845306,0.6394987327463116,1,0
64,4,c01,0000,0000,0100,-0.11322802305221558,-2.3849399089813232,2.2717118859291077,0.8929925889194125,1,0
64,5,c03,0000,0000,0001,-0.02523268572986126,-3.9002327919006348,3.8750001061707735,0.9750903283762397,1,0
64,6,c30,0000,0000,1000,-0.038829486817121506,-3.2906837463378906,3.251854259520769,0.9619917982915334,1,0
64,7,t031,0000,0000,0100,-0.003364007221534848,-6.254194259643555,6.25083025242202,0.9966506055533587,1,0
64,8,t013,0000,0000,1000,-0.0007124482654035091,-8.51708698272705,8.516374534461647,0.9992904216822217,1,0
65,1,s23,1010,1001,1001,-2.7851662635803223,-2.53507661819458,-0.2500896453857422,0.06177241285537213,0,0
65,2,t203,1011,1010,1010,-2.777712345123291,-2.652712345123291,-0.125,0.06226830246579879,0,0
65,3,x1,1111,1000,1000,-2.838285207748413,-2.5956616401672363,-0.24262356758117676,0.05858857479709152,0,0
65,4,t321,1011,1010,1010,-2.599437713623047,-2.474437713623047,-0.125,0.07437797345666743,0,0
65,5,s32,1011,1001,1001,-2.650327682495117,-2.433148145675659,-0.217179536819458,0.07067884128991181,0,0
65,6,c12,1011,1001,1001,-2.272003412246704,-1.9851223230361938,-0.28688108921051025,0.10315545596883836,0,0
65,7,c12,1011,1111,1111,-1.6050586700439453,-1.3355711698532104,-0.26948750019073486,0.200918148195832,0,0
65,8,x0,0011,0011,1111,-1.2062547206878662,-1.2716233730316162,0.06536865234375,0.2994002399972677,1,0
66,1,x0,1010,0010,0010,-2.6677298545837402,-2.33109188079834,-0.3366379737854004,0.06946397527210432,0,0
66,2,t120,1010,1010,0000,-2.075021743774414,-2.535306453704834,0.4602847099304199,0.12566713586846723,1,0
66,3,s32,1001,1010,1010,-1.9858300685882568,-1.4857908487319946,-0.5000392198562622,0.13731488685828105,0,0
66,4,c21,1001,1001,1101,-0.8899900317192078,-1.573082447052002,0.6830924153327942,0.41099652576962303,1,0
66,5,x2,1011,1011,1000,-1.2817683219909668,-1.5008487701416016,0.21908044815063477,0.2775983468514754,1,0
66,6,s02,1011,1011,0011,-1.2348896265029907,-1.4654078483581543,0.23051822185516357,0.2909484799101227,1,0
66,7,t310,1011,1011,1111,-0.20997101068496704,-2.4917497634887695,2.2817787528038025,0.8106540768081423,1,0
66,8,t301,1111,1011,1011,-2.021205186843872,-0.2620553970336914,-1.7591497898101807,0.13250560355013588,0,0
67,1,s30,1010,0011,0011,-2.716649055480957,-2.652066230773926,-0.06458282470703125,0.0661430112408323,0,0
67,2,t120,1010,0000,0000,-2.7206029891967773,-2.595810651779175,-0.12479233741760254,0.06589421615360022,0,0
67,3,c13,1010,1010,1011,-1.386715054512024,-1.761715054512024,0.375,0.2500344929046174,1,0
67,4,x3,1011,1010,1010,-1.162312626838684,-1.162312626838684,0.0,0.3128368937966033,0,1
67,5,c03,1010,1011,1011,-2.541895866394043,-0.2918958067893982,-2.2500000596046448,0.0787428487930607,0,0
67,6,s30,0011,0010,0010,-3.177509307861328,-1.3025093078613281,-1.875,0.041745236609516914,0,0
67,7,x0,1011,1011,0011,-0.9566159248352051,-0.9998486042022705,0.04323267936706543,0.3843368184554079,1,0
67,8,c20,0011,1011,1011,-1.0760471820831299,-1.0643354654312134,-0.011711716651916504,0.34105100206326755,0,0
68,1,t023,0101,0101,1000,-2.4858617782592773,-2.534895896911621,0.04903411865234375,0.0833053960979627,1,0
68,2,x1,0001,0101,0101,-1.56545889377594,-1.4384136199951172,-0.12704527378082275,0.2090474043755428,0,0
68,3,x1,0101,0101,0100,-1.0654244422912598,-1.8154244422912598,0.75,0.3446793861024999,1,0
68,4,s21,0011,0101,0101,-2.6057872772216797,-1.1307384967803955,-1.4750487804412842,0.07386001726411753,0,0
68,5,c23,0010,0011,0011,-2.220792770385742,-1.3457930088043213,-0.8749997615814209,0.10861141577915351,0,0
68,6,s12,0100,1000,1000,-2.7857844829559326,-2.418811798095703,-0.3669726848602295,0.061779147067452106,0,0
68,7,t213,0100,0101,0101,-2.011059045791626,-1.886059045791626,-0.125,0.13418143571770358,0,0
68,8,t013,0100,0100,1100,-0.3888007402420044,-2.1692655086517334,1.780464768409729,0.6780946333465151,1,0
69,1,s20,1101,0110,0110,-2.837510108947754,-2.651963472366333,-0.1855466365814209,0.058602729879615414,0,0
69,2,c30,0101,1100,1100,-2.7770614624023438,-2.6520237922668457,-0.12503767013549805,0.06226101747506279,0,0
69,3,x1,0001,0001,0100,-2.168506383895874,-2.5424180030822754,0.37391161918640137,0.114395112486694,1,0
69,4,c13,0001,0000,0000,-2.2893123626708984,-2.1643123626708984,-0.125,0.10138748254868854,0,0
69,5,c01,0001,0001,1001,-0.5263452529907227,-1.8230160474777222,1.2966707944869995,0.5908707380226231,1,0
69,6,x3,0000,0011,0011,-1.332834243774414,-1.1743183135986328,-0.15851593017578125,0.263739417550318,0,0
69,7,s03,0000,0000,1000,-0.31839418411254883,-1.806282877922058,1.4878886938095093,0.7274612027075393,1,0
69,8,x0,1000,1000,0000,-0.47815993428230286,-0.9748818278312683,0.49672189354896545,0.6201752161617101,1,0
70,1,x1,0100,1000,1000,-2.5952587127685547,-2.5913515090942383,-0.003907203674316406,0.074662063891725,0,0
70,2,t230,0100,1000,1000,-2.615224599838257,-2.591721296310425,-0.02350330352783203,0.0732189260558,0,0
70,3,x2,0110,0110,0100,-1.6114530563354492,-1.7927360534667969,0.18128299713134766,0.19965071621228717,1,0
70,4,c23,0111,0110,0110,-0.9417732357978821,-0.8167732357978821,-0.125,0.3900615491616786,0,0
70,5,t013,0111,0111,1111,-0.10089962929487228,-3.130462884902954,3.029563255608082,0.9041630349307972,1,0
70,6,t312,0101,0111,0111,-6.82341194152832,-0.03357650339603424,-6.789835438132286,0.0010880637362749611,0,0
70,7,s02,0101,0101,0001,-1.6382170915603638,-1.8020347356796265,0.1638176441192627,0.19442923062998518,1,0
70,8,s12,0011,0101,0101,-3.0772156715393066,-1.2852609157562256,-1.791954755783081,0.046094051559717956,0,0
71,1,s10,1111,1111,1100,-2.651890754699707,-2.7124838829040527,0.0605931282043457,0.07055806191201014,1,0
71,2,x2,1101,1110,1110,-2.263204574584961,-2.130357265472412,-0.13284730911254883,0.10405466751134389,0,0
71,3,t013,1100,1101,1101,-1.9535608291625977,-0.5785608291625977,-1.375,0.14181032634198062,0,0
71,4,c32,1100,1101,1101,-1.5532751083374023,-1.4282751083374023,-0.125,0.21201643103356818,0,0
71,5,t023,1100,1100,1101,-0.2818983495235443,-1.5318983793258667,1.2500000298023224,0.7544569800729162,1,0
71,6,c32,1100,1100,1101,-0.3045712113380432,-1.804571270942688,1.5000000596046448,0.7374995347196387,1,0
71,7,s10,1100,0100,0100,-1.7117619514465332,-0.9582867622375488,-0.7534751892089844,0.180566566933109,0,0
71,8,s01,1100,1100,0100,-0.6609862446784973,-0.8837395906448364,0.2227533459663391,0.5165555855783773,1,0
72,1,t132,0101,1000,1000,-2.837466239929199,-2.5346832275390625,-0.3027830123901367,0.05860065676976047,0,0
72,2,c21,0101,0101,0001,-2.4481563568115234,-2.5389580726623535,0.09080171585083008,0.08650936246811224,1,0
72,3,s02,0101,0101,1101,-1.872610092163086,-2.0277047157287598,0.15509462356567383,0.1537980532376004,1,0
72,4,c13,0100,0100,0101,-1.0752018690109253,-1.0752018690109253,0.0,0.34133568118785507,0,1
72,5,x3,0101,0101,0100,-1.0808497667312622,-1.2058497667312622,0.125,0.3394352310434518,1,0
72,6,t102,0101,0101,0100,-0.6172916889190674,-1.8672916889190674,1.25,0.5396837486101891,1,0
72,7,s30,1100,1101,1101,-2.230684280395508,-0.980684220790863,-1.2500000596046448,0.10750467456650652,0,0
72,8,x1,1000,1000,1101,-1.3013992309570312,-1.6821470260620117,0.38074779510498047,0.2722344890755186,1,0
73,1,x0,1100,0000,0000,-2.716536045074463,-2.535054922103882,-0.18148112297058105,0.06615190051838214,0,0
73,2,c21,1100,1100,1000,-2.2629988193511963,-2.54274320602417,0.27974438667297363,0.10411044598743475,1,0
73,3,x1,1000,1000,1110,-1.8621490001678467,-1.90514075756073,0.0429917573928833,0.15538839936455193,1,0
73,4,x0,0000,1000,1000,-0.9013987183570862,-0.6823229193687439,-0.21907579898834229,0.4060747573556655,0,0
73,5,s21,0000,0100,0100,-1.5273361206054688,-1.2822506427764893,-0.2450854778289795,0.21717765748255094,0,0
73,6,c32,0000,0000,0001,-0.39725738763809204,-2.0222573280334473,1.6249999403953552,0.6721944774794459,1,0
73,7,x3,0001,0000,0000,-0.9746184349060059,-0.9746184349060059,0.0,0.3773453545185072,0,1
73,8,s13,0100,0001,0001,-4.718982696533203,-0.38280779123306274,-4.33617490530014,0.008925029175010903,0,0
74,1,c01,0000,0000,0100,-2.2063395977020264,-2.4859459400177,0.27960634231567383,0.11016907744378594,1,0
74,2,c13,0000,0000,0100,-0.3711082935333252,-2.173680067062378,1.8025717735290527,0.6900660915280786,1,0
74,3,s32,0000,0000,0001,-0.6810121536254883,-1.4310121536254883,0.75,0.5061332500996248,1,0
74,4,t203,0000,0000,1000,-0.001291504013352096,-7.6865129470825195,7.685221443069167,0.998722075491891,1,0
74,5,c01,0000,0000,0100,-0.18479909002780914,-1.8166450262069702,1.631845936179161,0.8313103382219628,1,0
74,6,x2,0010,0010,0001,-0.6901090741157532,-1.23430335521698,0.5441942811012268,0.5015274722699179,1,0
74,7,x3,0011,0010,0010,-1.1442108154296875,-1.1442108154296875,0.0,0.318531333562054,0,1
74,8,t302,0011,0011,0010,-0.02094704657793045,-4.270946979522705,4.249999932944775,0.9792827147247587,1,0
75,1,x3,1100,1000,1000,-2.5954887866973877,-2.5349621772766113,-0.06052660942077637,0.0746611936083316,0,0
75,2,c32,1100,1100,1101,-1.953526496887207,-2.203526496887207,0.25,0.14188402706799255,1,0
75,3,x0,0100,1100,1100,-0.9299885034561157,-0.7214692831039429,-0.20851922035217285,0.3947024189748093,0,0
75,4,s23,0100,0100,0101,-0.7810065746307373,-1.1560065746307373,0.375,0.45800080440923036,1,0
75,5,c12,0110,0100,0100,-5.059621810913086,-0.031102608889341354,-5.028519202023745,0.006348201676414467,0,0
75,6,c20,1110,1110,0110,-1.1832706928253174,-1.2638546228408813,0.08058393001556396,0.30666680186515044,1,0
75,7,s31,1011,1010,1010,-1.8721436262130737,-1.3721436262130737,-0.5,0.15383872041772442,0,0
75,8,x2,1001,1001,1010,-1.3170864582061768,-1.4089350700378418,0.09184861183166504,0.26795933274620776,1,0
76,1,t213,1000,1000,0000,-2.1310460567474365,-2.5392253398895264,0.40817928314208984,0.11883841977337042,1,0
76,2,t203,1000,1000,0000,-0.20890577137470245,-2.744472026824951,2.5355662554502487,0.811588552260133,1,0
76,3,s23,1000,1001,1001,-1.2004177570343018,-0.9504178166389465,-0.24999994039535522,0.3011561977346253,0,0
76,4,s10,0100,1000,1000,-3.6920766830444336,-0.6470427513122559,-3.0450339317321777,0.025433590726866906,0,0
76,5,x3,0101,0100,0100,-0.9178527593612671,-0.9178527593612671,0.0,0.39946722751591635,0,1
76,6,c21,0101,0101,0001,-0.4218379557132721,-1.7945992946624756,1.3727613389492035,0.6559973849807113,1,0
76,7,s12,0011,0101,0101,-3.6122050285339355,-0.8621621131896973,-2.7500429153442383,0.02699896884585577,0,0
76,8,x3,0010,0000,0000,-1.4861886501312256,-1.2363319396972656,-0.24985671043395996,0.2263422351798586,0,0
77,1,s21,0001,0001,0000,-2.3647875785827637,-2.4897875785827637,0.125,0.09401816452019113,1,0
77,2,s02,0001,0001,1001,-1.2425823211669922,-1.7369873523712158,0.49440503120422363,0.28871439569206375,1,0
77,3,t132,0001,0001,1000,-0.011464778333902359,-5.780770301818848,5.769305523484945,0.9886327597260904,1,0
77,4,t302,0001,0001,1001,-0.008884084410965443,-4.7936320304870605,4.784747946076095,0.9912058320159306,1,0
77,5,t203,0001,0001,1001,-0.005874590948224068,-5.53883171081543,5.532957119867206,0.9941939388398608,1,0
77,6,c23,0001,0001,0000,-0.7444993853569031,-1.6194994449615479,0.8750000596046448,0.4750060558417073,1,0
77,7,x3,0000,0011,0011,-1.5159687995910645,-1.0202422142028809,-0.4957265853881836,0.2195986628313566,0,0
77,8,c01,0000,0000,0100,-0.7185558676719666,-1.2086257934570312,0.4900699257850647,0.487533698331355,1,0
78,1,t023,1000,1000,0001,-1.9757025241851807,-2.668389320373535,0.6926867961883545,0.13885508945287386,1,0
78,2,c21,1000,1000,1100,-0.5972224473953247,-1.9357738494873047,1.33855140209198,0.5505218810330553,1,0
78,3,t302,1000,1000,0000,-0.035761795938014984,-4.652299404144287,4.616537608206272,0.9648951382336306,1,0
78,4,x2,1010,1010,1001,-0.81730055809021,-1.280405879020691,0.46310532093048096,0.44165200095472795,1,0
78,5,s31,1010,1110,1110,-1.2094388008117676,-0.9513156414031982,-0.25812315940856934,0.29844562595246393,0,0
78,6,c03,1011,1010,1010,-1.0105842351913452,-0.5105842351913452,-0.5,0.36404874318928404,0,0
78,7,s31,1110,1111,1111,-2.836383819580078,-0.8363839387893677,-1.9999998807907104,0.05864644580844136,0,0
78,8,t230,1110,1110,1111,-0.12325728684663773,-2.3732571601867676,2.24999987334013,0.8841510963859074,1,0
79,1,c30,1101,1000,1000,-2.909827709197998,-2.478264331817627,-0.4315633773803711,0.0545248248743082,0,0
79,2,c01,1001,0101,0101,-2.4367055892944336,-2.2779412269592285,-0.15876436233520508,0.08748549269293428,0,0
79,3,c23,1001,1000,1000,-1.8483151197433472,-1.8483151197433472,0.0,0.15758103203471407,0,1
79,4,s02,0011,0001,0001,-3.0131072998046875,-2.0702104568481445,-0.942896842956543,0.04915219918413362,0,0
79,5,x1,0111,0111,0001,-2.1900055408477783,-2.314992904663086,0.12498736381530762,0.11196162635767985,1,0
79,6,c02,0111,0111,0110,-1.3166342973709106,-1.6916342973709106,0.375,0.2680646738957239,1,0
79,7,t130,1111,0111,0111,-1.7225005626678467,-0.7111130952835083,-1.0113874673843384,0.17866092342640003,0,0
79,8,c01,1011,1011,0111,-1.5808453559875488,-1.6526882648468018,0.07184290885925293,0.20587224309135588,1,0
80,1,x3,1110,1000,1000,-2.776874303817749,-2.5912861824035645,-0.18558812141418457,0.06225536924912912,0,0
80,2,c20,0110,1110,1110,-2.55045747756958,-1.8625686168670654,-0.6878888607025146,0.07810197956643015,0,0
80,3,x2,0100,0010,0010,-2.2889363765716553,-2.0494749546051025,-0.23946142196655273,0.1014067499643455,0,0
80,4,t031,0100,0100,0000,-0.7339320778846741,-2.0700178146362305,1.3360857367515564,0.4801851988047706,1,0
80,5,s30,0100,1100,1100,-0.9598426818847656,-0.8814224004745483,-0.07842028141021729,0.38400132704540957,0,0
80,6,s20,0100,0100,1100,-0.7045658230781555,-0.8422037363052368,0.1376379132270813,0.4946090646492211,1,0
80,7,t320,0100,0100,1100,-0.003068646416068077,-6.008750915527344,6.005682269111276,0.9969436426299647,1,0
80,8,c32,0100,0100,0101,-0.6968405246734619,-1.321840524673462,0.625,0.4981895417168849,1,0
81,1,c12,1001,1001,1000,-2.417917251586914,-2.542917251586914,0.125,0.089191273896219,1,0
81,2,s10,0101,1001,1001,-1.5950243473052979,-1.1028128862380981,-0.4922114610671997,0.20297140659051663,0,0
81,3,s13,0101,0101,0100,-1.6077674627304077,-1.7327674627304077,0.125,0.20038220196508366,1,0
81,4,x1,0001,0001,0101,-1.2821089029312134,-1.6191370487213135,0.3370281457901001,0.27750795231317943,1,0
81,5,c30,1001,0001,0001,-1.1864209175109863,-0.7354941368103027,-0.4509267807006836,0.3055439546761472,0,0
81,6,x3,1000,1011,1011,-1.8603776693344116,-1.7431912422180176,-0.11718642711639404,0.1557197594493115,0,0
81,7,s31,1000,1100,1100,-1.9679429531097412,-1.526338815689087,-0.4416041374206543,0.13979934318860426,0,0
81,8,s01,0100,1000,1000,-2.305330514907837,-1.1386048793792725,-1.1667256355285645,0.0997726928628376,0,0
82,1,c23,1001,1001,1000,-2.474606990814209,-2.599606990814209,0.125,0.08427718003984419,1,0
82,2,t021,1001,1001,1101,-0.6118248701095581,-2.3830621242523193,1.7712372541427612,0.542543573494207,1,0
82,3,s21,1001,1101,1101,-1.5178894996643066,-1.218325138092041,-0.2995643615722656,0.2192277957280776,0,0
82,4,s10,0101,1001,1001,-2.4315056800842285,-0.8071106672286987,-1.6243950128555298,0.0879112398829879,0,0
82,5,c02,0101,0101,0100,-0.13750681281089783,-2.7625067234039307,2.624999910593033,0.8715780657304532,1,0
82,6,s31,0101,0001,0001,-1.3639966249465942,-1.0594342947006226,-0.3045623302459717,0.2556796979850021,0,0
82,7,t012,0101,0101,1101,-0.0025973168667405844,-6.534096717834473,6.531499400967732,0.9974157003123596,1,0
82,8,c31,0001,0101,0101,-1.458456039428711,-0.5945596694946289,-0.863896369934082,0.23261589709024638,0,0
83,1,t103,1101,1100,1100,-2.8542182445526123,-2.2292182445526123,-0.625,0.05765162172672116,0,0
83,2,s32,1110,1100,1100,-2.6603431701660156,-2.4747514724731445,-0.1855916976928711,0.06999381346225494,0,0
83,3,s01,1110,0111,0111,-2.970503091812134,-2.6032819747924805,-0.3672211170196533,0.05131771777752975,0,0
83,4,x2,1100,1111,1111,-2.0683412551879883,-2.0115914344787598,-0.056749820709228516,0.12647160379235042,0,0
83,5,s20,0110,0100,0100,-3.0472187995910645,-2.2972159385681152,-0.7500028610229492,0.04753723713435375,0,0
83,6,s10,1010,1010,1110,-2.478206157684326,-2.5387938022613525,0.06058764457702637,0.08394604592897396,1,0
83,7,s01,0110,0010,0010,-2.7768759727478027,-2.436866044998169,-0.3400099277496338,0.06226312049138414,0,0
83,8,t120,1110,0110,0110,-2.7323269844055176,-2.2866311073303223,-0.4456958770751953,0.06513182498766515,0,0
84,1,x2,0000,0000,0010,-2.4175796508789062,-2.5425193309783936,0.1249396800994873,0.08918253247460066,1,0
84,2,c01,0000,1001,1001,-2.724634885787964,-2.6521902084350586,-0.07244467735290527,0.06562365951104278,0,0
84,3,c30,0000,0000,1000,-0.5277692675590515,-0.9561593532562256,0.4283900856971741,0.5900418859631684,1,0
84,4,c31,0000,0000,0100,-0.47144049406051636,-1.0702987909317017,0.5988582968711853,0.624176914049439,1,0
84,5,c12,0000,0000,0010,-0.10893172025680542,-2.3589324951171875,2.250000774860382,0.8968055206728095,1,0
84,6,c31,0000,0000,0100,-0.014649140648543835,-4.265105724334717,4.250456583686173,0.9854635758358052,1,0
84,7,c23,0000,0000,0001,-0.1757383942604065,-1.9257384538650513,1.7500000596046448,0.8388446878045657,1,0
84,8,t201,0000,0000,1000,-0.027559414505958557,-3.898721694946289,3.8711622804403305,0.9728523304333557,1,0
85,1,x2,1001,1000,1000,-2.720407724380493,-2.595407724380493,-0.125,0.06588786288266171,0,0
85,2,c12,1001,1000,1000,-2.65216064453125,-2.65216064453125,0.0,0.07055115768186986,0,1
85,3,s32,1010,1001,1001,-2.8083009719848633,-1.1832902431488037,-1.6250107288360596,0.06031967258055928,0,0
85,4,t310,1010,1010,0010,-1.0103126764297485,-1.9014573097229004,0.8911446332931519,0.3643687388859438,1,0
85,5,c21,1110,1110,1010,-0.9572182893753052,-1.1870349645614624,0.22981667518615723,0.38407362452200916,1,0
85,6,x0,0110,1110,1110,-0.841286838054657,-0.643234133720398,-0.19805270433425903,0.43142400589856966,0,0
85,7,x3,0111,0100,0100,-1.4127750396728516,-1.148349404335022,-0.2644256353378296,0.2434831322593622,0,0
85,8,x1,0011,0011,0111,-0.9504058361053467,-1.0400322675704956,0.08962643146514893,0.3866138373102697,1,0
86,1,t301,1000,1000,0000,-2.0363669395446777,-2.535161018371582,0.4987940788269043,0.13061693186749698,1,0
86,2,x1,1100,1100,1010,-1.1877011060714722,-1.836599349975586,0.6488982439041138,0.3049966617586919,1,0
86,3,c32,1100,1100,1101,-0.7215769290924072,-1.4715769290924072,0.75,0.48607453194371114,1,0
86,4,c12,1110,1100,1100,-2.847282886505127,-0.2380063384771347,-2.6092765480279922,0.05801111494749213,0,0
86,5,c21,1010,1110,1110,-2.243618965148926,-0.8146384954452515,-1.4289804697036743,0.1061286704154194,0,0
86,6,x1,1110,1110,1111,-1.0050921440124512,-1.8800921440124512,0.875,0.3660618551555861,1,0
86,7,s23,1101,1110,1110,-3.0039217472076416,-0.8478963375091553,-2.1560254096984863,0.04959850399298329,0,0
86,8,t023,1101,1101,1100,-0.13429774343967438,-2.7592976093292236,2.6249998658895493,0.8745832391703657,1,0
87,1,s13,1111,1100,1100,-2.8374228477478027,-2.6518783569335938,-0.18554449081420898,0.05860017998707085,0,0
87,2,s20,1111,0111,0111,-2.02055025100708,-1.8424814939498901,-0.17806875705718994,0.13267291495465539,0,0
87,3,c10,0111,1111,1111,-0.887241005897522,-0.7693213224411011,-0.1179196834564209,0.41191854877171846,0,0
87,4,s02,1101,0111,0111,-3.595766305923462,-0.9509018659591675,-2.6448644399642944,0.027441882903092737,0,0
87,5,c21,1101,1001,1001,-1.333669900894165,-1.0279825925827026,-0.3056873083114624,0.2635784473708212,0,0
87,6,c13,1100,1100,1101,-0.7495019435882568,-0.9995019435882568,0.25,0.4726683100227989,1,0
87,7,s21,1010,1000,1000,-2.5599191188812256,-1.184922218322754,-1.3749969005584717,0.07733187331380051,0,0
87,8,s32,1001,1010,1010,-2.013057231903076,-1.1380248069763184,-0.8750324249267578,0.1336031021438501,0,0
88,1,s30,0011,1010,1010,-2.841677665710449,-2.391611099243164,-0.45006656646728516,0.058371918547696466,0,0
88,2,s20,1001,1000,1000,-2.660026788711548,-2.535026788711548,-0.125,0.07000012991062797,0,0
88,3,c32,1011,1010,1010,-2.652799367904663,-2.652799367904663,0.0,0.0705502985776569,0,1
88,4,s01,0111,1000,1000,-2.970630645751953,-2.478433132171631,-0.49219751358032227,0.05131503047946286,0,0
88,5,c20,1111,1000,1000,-2.849484920501709,-2.4180307388305664,-0.4314541816711426,0.057926816048112104,0,0
88,6,s20,1111,1000,1000,-3.034850597381592,-2.5349905490875244,-0.4998600482940674,0.04811565207173798,0,0
88,7,x3,1110,1000,1000,-2.724487781524658,-2.478447437286377,-0.24604034423828125,0.06562397400054672,0,0
88,8,x3,1111,1111,1100,-1.829306960105896,-1.9391114711761475,0.10980451107025146,0.16065173589981996,1,0
89,1,c21,0000,0000,1000,-2.3725717067718506,-2.5914480686187744,0.21887636184692383,0.09329464512702516,1,0
89,2,x2,0010,0010,0000,-1.3819674253463745,-1.6689611673355103,0.28699374198913574,0.2511178676430736,1,0
89,3,t302,0010,0010,1010,-0.09938663244247437,-3.7498795986175537,3.6504929661750793,0.9054524491981997,1,0
89,4,c30,0010,1010,1010,-0.8463617563247681,-0.788845419883728,-0.05751633644104004,0.42933549645034885,0,0
89,5,s23,0001,0010,0010,-2.6416969299316406,-1.11069655418396,-1.5310003757476807,0.07125377167677033,0,0
89,6,x2,0011,0000,0000,-1.410184621810913,-1.34962797164917,-0.060556650161743164,0.24412078037115104,0,0
89,7,s12,0101,1010,1010,-3.9493279457092285,-1.9315011501312256,-2.017826795578003,0.019278250919201004,0,0
89,8,s30,1100,0101,0101,-2.282527208328247,-1.0902894735336304,-1.1922377347946167,0.10229564375371447,0,0
90,1,t231,0100,0100,0000,-2.2858433723449707,-2.534968376159668,0.24912500381469727,0.10174636546917715,1,0
90,2,t120,0100,0100,1100,-0.41767674684524536,-1.583568811416626,1.1658920645713806,0.6586636304360783,1,0
90,3,x1,0000,0000,0101,-1.1560920476913452,-1.3889974355697632,0.23290538787841797,0.31477069977991096,1,0
90,4,x3,0001,0010,0010,-1.1850121021270752,-1.1723825931549072,-0.012629508972167969,0.3058131645045701,0,0
90,5,c31,0101,0001,0001,-2.2561960220336914,-0.4234367609024048,-1.8327592611312866,0.10477879106329076,0,0
90,6,c10,1101,1101,0101,-0.6980627179145813,-0.9882477521896362,0.29018503427505493,0.4979313759184348,1,0
90,7,c31,1001,1001,1100,-1.2758938074111938,-1.5104619264602661,0.23456811904907227,0.2792122898895481,1,0
90,8,s20,0011,1001,1001,-3.5597221851348877,-0.9125401377677917,-2.647182047367096,0.028455092641853762,0,0
91,1,c02,1101,1000,1000,-2.720242500305176,-2.534747362136841,-0.18549513816833496,0.0658888610203947,0,0
91,2,x3,1100,1101,1101,-2.3004937171936035,-2.1754937171936035,-0.125,0.10024024639981123,0,0
91,3,c10,0100,1100,1100,-1.3667303323745728,-1.3193793296813965,-0.04735100269317627,0.25501680883946815,0,0
91,4,t012,0100,0100,0000,-0.9637573957443237,-2.3571529388427734,1.3933955430984497,0.3815223019181663,1,0
91,5,t021,0100,0100,0000,-0.08893372118473053,-2.637078285217285,2.5481445640325546,0.9149271686202056,1,0
91,6,t302,0100,0100,0101,-0.002338299062103033,-7.252338409423828,7.250000110361725,0.9976826562599246,1,0
91,7,t031,0100,0100,0000,-0.009672766551375389,-5.04824161529541,5.038568848744035,0.9903801159594996,1,0
91,8,x1,0000,0000,0100,-1.042410969734192,-1.609906554222107,0.567495584487915,0.3526207919946346,1,0
92,1,s32,1110,1101,1101,-2.84558367729187,-2.534931182861328,-0.310652494430542,0.0581432424419636,0,0
92,2,x1,1010,1111,1111,-2.777113199234009,-2.595392942428589,-0.18172025680541992,0.06225453185620814,0,0
92,3,t310,1010,1010,0010,-1.532414436340332,-2.3310341835021973,0.7986197471618652,0.21614184079068705,1,0
92,4,t012,1010,1010,0010,-0.09094122052192688,-3.1979355812072754,3.1069943606853485,0.9131117357860854,1,0
92,5,s01,0110,1010,1010,-2.1402225494384766,-1.125907063484192,-1.0143154859542847,0.11767171129052262,0,0
92,6,t023,0110,0110,0111,-0.057460967451334,-2.9324610233306885,2.8750000558793545,0.9441663392174466,1,0
92,7,t120,1110,0110,0110,-3.555173873901367,-0.03070734441280365,-3.5244665294885635,0.02857724522327096,0,0
92,8,t023,1111,1110,1110,-0.8012841939926147,-0.6762841939926147,-0.125,0.44877239135737307,0,0
93,1,t130,0101,1101,1101,-2.8416261672973633,-2.2895147800445557,-0.5521113872528076,0.05836793114712223,0,0
93,2,c12,0111,0101,0101,-2.6042909622192383,-1.6874384880065918,-0.9168524742126465,0.07398853301618509,0,0
93,3,s13,0111,0011,0011,-2.017059564590454,-1.7394341230392456,-0.2776254415512085,0.13310467840395832,0,0
93,4,t103,0111,0111,0110,-0.47834715247154236,-2.103347063064575,1.6249999105930328,0.6199243932374746,1,0
93,5,s13,0111,0111,0011,-1.2883081436157227,-1.387115716934204,0.09880757331848145,0.2757757420407708,1,0
93,6,s01,1011,1111,1111,-3.6776926517486572,-0.7908779382705688,-2.8868147134780884,0.025291735647520783,0,0
93,7,x0,0011,1011,1011,-1.1451925039291382,-1.0570166110992432,-0.08817589282989502,0.3182172999413158,0,0
93,8,x0,1011,1011,0011,-0.945770263671875,-1.5018668174743652,0.5560965538024902,0.388470389032002,1,0
94,1,c03,0110,1000,1000,-2.6519699096679688,-2.59147047996521,-0.06049942970275879,0.07055433844155436,0,0
94,2,x1,0010,0010,0110,-2.167813777923584,-2.2779102325439453,0.11009645462036133,0.11447643731751914,1,0
94,3,t321,0010,0010,1010,-0.5540000200271606,-2.504767417907715,1.9507673978805542,0.57480679580922,1,0
94,4,x2,0000,0001,0001,-1.7361153364181519,-1.3611153364181519,-0.375,0.1762378566313999,0,0
94,5,c30,0000,0000,1000,-0.4349491596221924,-1.1052099466323853,0.6702607870101929,0.6477546937881091,1,0
94,6,x2,0010,0010,0001,-1.04580819606781,-1.2721872329711914,0.22637903690338135,0.3514348902527076,1,0
94,7,t103,0010,0010,1010,-0.14085663855075836,-2.16317081451416,2.022314175963402,0.8686366362705301,1,0
94,8,t310,0010,0010,1010,-0.05067593976855278,-3.0506105422973633,2.9999346025288105,0.9506240596744289,1,0
95,1,t031,0100,0100,1000,-2.33866548538208,-2.5348191261291504,0.1961536407470703,0.09651689990947503,1,0
95,2,t320,0100,0100,1100,-0.2853538691997528,-2.1495230197906494,1.8641691505908966,0.7518568849569299,1,0
95,3,s10,1000,0100,0100,-1.0119264125823975,-0.8562389016151428,-0.15568751096725464,0.3635995620358144,0,0
95,4,t013,1000,1000,1100,-0.12557289004325867,-3.384592056274414,3.2590191662311554,0.8820725508329486,1,0
95,5,x2,1010,1010,1001,-0.9359946846961975,-1.1914348602294922,0.2554401755332947,0.39225153554782277,1,0
95,6,x2,1000,1111,1111,-2.3693294525146484,-1.5144221782684326,-0.8549072742462158,0.09357281120503692,0,0
95,7,c30,1000,1000,0000,-0.5892707109451294,-1.5338571071624756,0.9445863962173462,0.5549415993933957,1,0
95,8,c30,1000,1000,0000,-0.24286885559558868,-1.86004638671875,1.6171775311231613,0.7844050316112116,1,0
96,1,x3,1101,1100,1100,-2.660294532775879,-2.535294532775879,-0.125,0.07000055674988383,0,0
96,2,s31,1101,1100,1100,-2.595609664916992,-2.595609664916992,0.0,0.07466081241997884,0,1
96,3,t213,1101,1101,1100,-0.5571475028991699,-2.43214750289917,1.875,0.5730755609533712,1,0
96,4,c20,1101,1101,0101,-0.6505070924758911,-1.02432382106781,0.37381672859191895,0.5219651003282624,1,0
96,5,t130,0101,1101,1101,-1.9173702001571655,-0.20656417310237885,-1.7108060270547867,0.14701803992799659,0,0
96,6,s10,1001,0101,0101,-1.2414164543151855,-0.5822266936302185,-0.659189760684967,0.2889970585570952,0,0
96,7,t231,1001,1001,0001,-0.2923412621021271,-2.3280978202819824,2.0357565581798553,0.7465705249519772,1,0
96,8,x0,0001,1001,1001,-1.257285475730896,-0.7298098802566528,-0.5274755954742432,0.28447650285034465,0,0
97,1,c32,1010,1000,1000,-2.542766571044922,-2.474492073059082,-0.06827449798583984,0.07870706854892338,0,0
97,2,x2,1000,1010,1010,-1.8709660768508911,-1.4958627223968506,-0.3751033544540405,0.1540104236940394,0,0
97,3,s12,1000,1001,1001,-1.7161985635757446,-1.5911985635757446,-0.125,0.17982540014083226,0,0
97,4,t123,1000,1000,1001,-0.06250762939453125,-3.5625076293945312,3.5,0.939478081508416,1,0
97,5,s21,1000,1000,1100,-0.8656132817268372,-1.0610663890838623,0.19545310735702515,0.42088549459660696,1,0
97,6,x1,1100,1100,1001,-1.0647181272506714,-1.2422583103179932,0.17754018306732178,0.3448418081570821,1,0
97,7,s31,1001,1100,1100,-3.8644309043884277,-0.7707109451293945,-3.093719959259033,0.020979155134587195,0,0
97,8,s03,1001,1001,0001,-1.080309271812439,-1.4047658443450928,0.3244565725326538,0.33985085116462915,1,0
98,1,c31,0000,0000,0100,-2.1572725772857666,-2.485955238342285,0.32868266105651855,0.11570805703908929,1,0
98,2,x1,0100,0100,0000,-1.0299038887023926,-1.4479092359542847,0.4180053472518921,0.35709921089795593,1,0
98,3,x0,1100,1100,0100,-0.7319908142089844,-1.2821362018585205,0.5501453876495361,0.48102608696274496,1,0
98,4,x0,0100,0100,1100,-0.7254447340965271,-1.2685396671295166,0.5430949330329895,0.4841934092853556,1,0
98,5,c23,0100,0100,0101,-0.6930309534072876,-1.5680309534072876,0.875,0.5001510860891111,1,0
98,6,c10,1100,1100,0100,-0.7776098251342773,-0.8522833585739136,0.07467353343963623,0.4599783460367399,1,0
98,7,x1,1000,1000,1110,-1.138199806213379,-1.582002878189087,0.443803071975708,0.3204276825156724,1,0
98,8,t301,1000,1000,1100,-0.18445155024528503,-2.6948680877685547,2.5104165375232697,0.8316238213440103,1,0
99,1,c30,0100,0100,1000,-2.2897238731384277,-2.4783315658569336,0.18860769271850586,0.10137859319992466,1,0
99,2,x0,1100,0100,0100,-1.370150089263916,-1.3594801425933838,-0.010669946670532227,0.25412126935418144,0,0
99,3,x0,0100,0100,1100,-0.7406957745552063,-0.9545486569404602,0.2138528823852539,0.47687815320457444,1,0
99,4,s32,0100,0100,0101,-1.150527000427246,-1.275527000427246,0.125,0.3165026908063376,1,0
99,5,s10,1000,0100,0100,-1.362928867340088,-0.9089736938476562,-0.45395517349243164,0.2559786146319091,0,0
99,6,t231,1000,1000,1100,-0.5211098194122314,-2.701047420501709,2.1799376010894775,0.5940600521271076,1,0
99,7,t231,1000,1000,0000,-0.13408491015434265,-2.7848074436187744,2.6507225334644318,0.8745393234589246,1,0
99,8,c01,1100,1000,1000,-2.9982080459594727,-0.14641034603118896,-2.8517976999282837,0.04988043679027168,0,0
100,1,s32,1101,0100,0100,-2.777045249938965,-2.652033805847168,-0.12501144409179688,0.06225846460387695,0,0
100,2,t023,1101,1101,1110,-2.5915961265563965,-2.6521482467651367,0.060552120208740234,0.07495256784808202,1,0
100,3,x2,1111,1100,1100,-1.5924158096313477,-1.5846364498138428,-0.007779359817504883,0.20348918958494436,0,0
100,4,c13,1110,1110,1111,-1.0120470523834229,-1.0120470523834229,0.0,0.36367969806999995,0,1
100,5,t021,1010,1110,1110,-2.1437699794769287,-0.6557051539421082,-1.4880648255348206,0.11727328880343296,0,0
100,6,t203,1011,1010,1010,-2.387930393218994,-0.3879302740097046,-2.0000001192092896,0.09182967966055747,0,0
100,7,s03,1011,0011,0011,-2.141177177429199,-1.6972846984863281,-0.4438924789428711,0.11757609832214388,0,0
100,8,c01,1111,1111,1011,-1.148526906967163,-1.5363960266113281,0.38786911964416504,0.3171775525314482,1,0
101,1,c20,1100,1100,1000,-2.202622890472412,-2.5390846729278564,0.33646178245544434,0.1106185369864218,1,0
101,2,t032,1100,1100,1101,-0.5230087637901306,-2.1480088233947754,1.6250000596046448,0.5928767721016128,1,0
101,3,x1,1000,1101,1101,-1.8264811038970947,-1.640512466430664,-0.18596863746643066,0.16101126015773995,0,0
101,4,s20,0010,1000,1000,-4.523272514343262,-0.915299654006958,-3.6079728603363037,0.010867793670657856,0,0
101,5,s03,0010,0010,1010,-1.6080752611160278,-1.8268098831176758,0.21873462200164795,0.2007031933641228,1,0
101,6,x3,0011,0011,0010,-1.2737462520599365,-1.3987462520599365,0.125,0.2798503025901418,1,0
101,7,c23,0010,0011,0011,-2.9545719623565674,-0.07957212626934052,-2.874999836087227,0.052114118616167354,0,0
101,8,x1,0110,0110,0111,-1.375436544418335,-1.875436544418335,0.5,0.2529608588073119,1,0
102,1,s32,1101,1000,1000,-2.7203402519226074,-2.4781742095947266,-0.24216604232788086,0.06588549344608424,0,0
102,2,c20,1101,0000,0000,-2.6520743370056152,-2.5955395698547363,-0.056534767150878906,0.07054991429238433,0,0
102,3,s30,1101,1101,0101,-1.1628429889678955,-1.333082914352417,0.17023992538452148,0.3127635718137172,1,0
102,4,t312,1111,1101,1101,-3.2919270992279053,-0.30202817916870117,-2.989898920059204,0.037195363820034445,0,0
102,5,c23,1110,1111,1111,-1.1967554092407227,-1.0717554092407227,-0.125,0.30255197277039775,0,0
102,6,t301,1110,1110,1111,-1.1596084833145142,-1.5346084833145142,0.375,0.31375108706963517,1,0
102,7,c23,1111,1111,1110,-0.32506442070007324,-1.4500644207000732,1.125,0.7225460327860332,1,0
102,8,c32,1101,1111,1111,-2.7199573516845703,-0.1845342218875885,-2.535423129796982,0.06588772545872343,0,0
103,1,s20,1001,0011,0011,-2.7127957344055176,-2.5915303230285645,-0.12126541137695312,0.06640016957742698,0,0
103,2,t123,1001,0100,0100,-2.8377432823181152,-2.595588445663452,-0.24215483665466309,0.05860441435748687,0,0
103,3,t230,1001,1001,0001,-1.1075096130371094,-2.376610279083252,1.2691006660461426,0.33055382369630654,1,0
103,4,t210,1001,1001,0001,-0.41737523674964905,-1.3691624402999878,0.9517872035503387,0.6588473570248455,1,0
103,5,t230,1001,1001,0001,-0.018071463331580162,-4.491840362548828,4.473768899217248,0.9820976825984634,1,0
103,6,s31,1100,1101,1101,-2.0811405181884766,-1.956140398979187,-0.12500011920928955,0.12481831304622318,0,0
103,7,t023,1100,1100,1101,-0.23586824536323547,-1.860868215560913,1.6249999701976776,0.7899692842203935,1,0
103,8,c21,1100,1100,1000,-0.789158284664154,-1.970760703086853,1.181602418422699,0.4544417979589399,1,0
104,1,c10,1011,1011,0000,-2.542459487915039,-2.591442584991455,0.048983097076416016,0.07871375989800178,1,0
104,2,t201,1111,1011,1011,-2.1228246688842773,-1.1777188777923584,-0.945105791091919,0.1197305628733919,0,0
104,3,x3,1110,1110,1111,-1.2928111553192139,-1.2928111553192139,0.0,0.2746137677501928,0,1
104,4,s12,1110,1110,1010,-1.7373896837234497,-1.9415286779403687,0.20413899421691895,0.17605618293488937,1,0
104,5,c03,1111,1110,1110,-1.0435526371002197,-0.668552577495575,-0.3750000596046448,0.3523105674477075,0,0
104,6,s12,1111,1111,1011,-1.171816349029541,-1.4229686260223389,0.25115227699279785,0.30992976823934015,1,0
104,7,x3,1110,1111,1111,-1.0127925872802734,-0.8877926468849182,-0.12499994039535522,0.3633606280905757,0,0
104,8,s32,1101,1110,1110,-2.5454626083374023,-0.7856766581535339,-1.7597859501838684,0.07846528469798984,0,0
105,1,s01,0000,0000,1000,-2.323611259460449,-2.53495454788208,0.21134328842163086,0.09799491473471825,1,0
105,2,t123,0000,0000,1000,-0.2416643649339676,-3.1181771755218506,2.876512810587883,0.7854167003333064,1,0
105,3,c31,0000,0000,0100,-0.347976952791214,-1.3667479753494263,1.0187710225582123,0.706206370705273,1,0
105,4,t123,0000,0000,0010,-0.0012141838669776917,-7.82082986831665,7.819615684449673,0.9987939275538057,1,0
105,5,c03,0000,0000,0001,-0.09776636958122253,-2.472766160964966,2.3749997913837433,0.9068816238570728,1,0
105,6,t013,0000,0000,1000,-0.0009174855658784509,-7.508085250854492,7.507167765288614,0.9991093982798938,1,0
105,7,t301,0000,0000,0100,-0.016370050609111786,-4.7667107582092285,4.750340707600117,0.9837880598810657,1,0
105,8,s12,0000,0010,0010,-2.2006609439849854,-1.0600032806396484,-1.140657663345337,0.11073205987429094,0,0
106,1,c01,0000,0000,1000,-2.3159406185150146,-2.534825086593628,0.21888446807861328,0.09873748248220253,1,0
106,2,s13,0000,0000,0100,-1.1822292804718018,-1.655706763267517,0.47347748279571533,0.3066600828004178,1,0
106,3,x1,0100,0100,0001,-0.7184603810310364,-1.8876001834869385,1.169139802455902,0.487554609851369,1,0
106,4,s02,0100,0100,1100,-0.6661435961723328,-1.8869843482971191,1.2208407521247864,0.5137535907970208,1,0
106,5,c31,0100,0100,0101,-0.23588287830352783,-2.4858829975128174,2.2500001192092896,0.7899617052595301,1,0
106,6,x2,0110,0110,0101,-0.9991440773010254,-1.281337022781372,0.2821929454803467,0.36820764941873735,1,0
106,7,c21,0010,0110,0110,-2.5037941932678223,-0.5753878951072693,-1.928406298160553,0.08178218555843318,0,0
106,8,c21,0110,0010,0010,-1.720080852508545,-1.0294339656829834,-0.6906468868255615,0.17916074239706217,0,0
107,1,x1,0110,0000,0000,-2.6597976684570312,-2.534759521484375,-0.12503814697265625,0.06999598260106092,0,0
107,2,t102,0110,0000,0000,-2.7851059436798096,-2.5353496074676514,-0.2497563362121582,0.06177721989813545,0,0
107,3,s13,0011,0110,0110,-2.517319679260254,-1.9717748165130615,-0.5455448627471924,0.08072370159033566,0,0
107,4,s32,0011,0110,0110,-2.751688003540039,-2.3163108825683594,-0.4353771209716797,0.06389194262830172,0,0
107,5,s21,0101,0011,0011,-2.706455707550049,-2.1912331581115723,-0.5152225494384766,0.06681761235366965,0,0
107,6,c30,1101,0101,0101,-1.6527332067489624,-1.47789466381073,-0.17483854293823242,0.19179205201890334,0,0
107,7,t123,1101,1100,1100,-1.1774365901947021,-1.1774365901947021,0.0,0.30811888797484605,0,1
107,8,c30,0101,0101,1101,-0.8572040796279907,-1.4963222742080688,0.6391181945800781,0.4246529069378611,1,0
108,1,x1,1101,1001,1001,-2.8418216705322266,-2.535025119781494,-0.3067965507507324,0.058368104771172456,0,0
108,2,c13,1100,1101,1101,-2.433044910430908,-2.308044910430908,-0.125,0.08781438680529666,0,0
108,3,t132,1100,1100,1101,-1.2846840620040894,-1.5346840620040894,0.25,0.2770317954456455,1,0
108,4,s13,1001,1100,1100,-3.305306911468506,-0.9644629955291748,-2.340843915939331,0.03670650513312797,0,0
108,5,x3,1000,1000,1001,-0.7194907665252686,-0.9694907665252686,0.25,0.4870771373633264,1,0
108,6,x1,1100,1100,1000,-1.1817092895507812,-1.517238736152649,0.3355294466018677,0.3068243650919648,1,0
108,7,x3,1101,1110,1110,-1.3918042182922363,-1.1274265050888062,-0.2643777132034302,0.2486713905377811,0,0
108,8,c30,0101,1101,1101,-2.2994000911712646,-0.2043299674987793,-2.0950701236724854,0.10037273293817313,0,0
109,1,c21,0000,0000,1000,-2.2668533325195312,-2.534778356552124,0.2679250240325928,0.10369645884998978,1,0
109,2,x0,1000,1000,0000,-0.9295128583908081,-1.130903720855713,0.20139086246490479,0.3948398575553295,1,0
109,3,x3,1001,1010,1010,-1.5316717624664307,-1.247541904449463,-0.2841298580169678,0.21620122446421608,0,0
109,4,c20,1001,1001,0001,-0.9318464994430542,-1.1346572637557983,0.20281076431274414,0.39396740590484525,1,0
109,5,t210,1001,1001,0001,-0.42531296610832214,-1.3383337259292603,0.9130207598209381,0.6536287129888959,1,0
109,6,t210,1001,1001,0001,-0.03876088559627533,-3.350882053375244,3.312121167778969,0.9619950955966479,1,0
109,7,s01,0101,0001,0001,-2.136003017425537,-1.0871057510375977,-1.0488972663879395,0.11815881391825718,0,0
109,8,s32,0110,0100,0100,-3.9966273307800293,-0.8615459203720093,-3.13508141040802,0.01837830396040719,0,0
110,1,s01,1111,0000,0000,-2.901973247528076,-2.6520047187805176,-0.2499685287475586,0.05494383584713165,0,0
110,2,t130,0111,1111,1111,-1.752021074295044,-1.693961262702942,-0.05805981159210205,0.17350529884512603,0,0
110,3,c30,1111,1111,0111,-1.0289514064788818,-1.0953420400619507,0.06639063358306885,0.3575435422279973,1,0
110,4,s13,1111,1011,1011,-1.5726209878921509,-1.559038519859314,-0.013582468032836914,0.20753950946930744,0,0
110,5,c32,1101,1101,1111,-0.991169810295105,-1.2848336696624756,0.2936638593673706,0.3712011529812727,1,0
110,6,c30,0101,0101,1101,-1.0248992443084717,-1.1759893894195557,0.15109014511108398,0.35894887402830283,1,0
110,7,x2,0111,0111,0100,-1.039575219154358,-1.3824931383132935,0.34291791915893555,0.35361900251696937,1,0
110,8,t120,1111,0111,0111,-1.1486955881118774,-0.49062108993530273,-0.6580744981765747,0.31708203798198553,0,0
111,1,s32,0000,0000,0100,-2.2554588317871094,-2.486043930053711,0.23058509826660156,0.10489736265320271,1,0
111,2,s23,0000,0000,0001,-0.6426041722297668,-1.892604112625122,1.2499999403953552,0.5259988421738288,1,0
111,3,s20,0000,1000,1000,-0.8879336714744568,-0.742708683013916,-0.14522498846054077,0.4116562995050752,0,0
111,4,c02,0000,0000,0100,-0.002331217285245657,-6.770040512084961,6.767709294799715,0.9976819438246181,1,0
111,5,s12,0000,0000,0010,-0.40922632813453674,-1.6831063032150269,1.2738799750804901,0.6641844223198382,1,0
111,6,s23,0000,0000,0001,-0.7059837579727173,-0.9559837579727173,0.25,0.49363021690038805,1,0
111,7,t132,0000,0000,0010,-0.00034580653300508857,-8.923891067504883,8.923545260971878,0.9996602257223195,1,0
111,8,s13,0000,0000,0001,-0.9883161783218384,-1.2383161783218384,0.25,0.37221576939937634,1,0
112,1,s31,1000,1000,0100,-2.3240015506744385,-2.65248966217041,0.3284881114959717,0.09799032240713235,1,0
112,2,c30,1000,1000,0000,-0.7316754460334778,-1.911963939666748,1.1802884936332703,0.4813160627069731,1,0
112,3,x3,1001,1000,1000,-0.9609986543655396,-0.8359986543655396,-0.125,0.3825499225446183,0,0
112,4,s10,0101,1001,1001,-2.4024100303649902,-0.8521266579627991,-1.5502833724021912,0.09052407465837065,0,0
112,5,t201,0101,0101,0001,-0.10361690074205399,-3.1019816398620605,2.9983647391200066,0.9017055905754526,1,0
112,6,t210,0101,0101,1101,-0.2522878646850586,-1.5431959629058838,1.2909080982208252,0.7770681006493118,1,0
112,7,t130,1101,0101,0101,-1.4193477630615234,-0.3138723373413086,-1.1054754257202148,0.24190383606058805,0,0
112,8,t231,1101,1101,1100,-0.8942684531211853,-1.51926851272583,0.6250000596046448,0.4091396182051829,1,0
113,1,c30,0011,1011,1011,-2.845579147338867,-2.421433448791504,-0.4241456985473633,0.05813839091736081,0,0
113,2,t210,0011,1101,1101,-2.675510883331299,-2.56496000289917,-0.1105508804321289,0.06892571524185924,0,0
113,3,s21,0101,0110,0110,-2.111605167388916,-2.103682518005371,-0.007922649383544922,0.12111741378810977,0,0
113,4,s21,0011,0101,0101,-2.910978317260742,-1.722813367843628,-1.1881649494171143,0.05445480728430922,0,0
113,5,s02,1001,1001,1010,-2.1695945262908936,-2.2945594787597656,0.12496495246887207,0.11439943043403328,1,0
113,6,c20,1001,1001,0001,-1.9627647399902344,-2.3318920135498047,0.3691272735595703,0.14060379651050892,1,0
113,7,s30,1001,1001,0001,-2.2514467239379883,-2.490140676498413,0.2386939525604248,0.10533296508949082,1,0
113,8,s30,1001,1001,1101,-1.306802749633789,-2.335461378097534,1.0286586284637451,0.2707835919190412,1,0
114,1,t203,0000,0000,0010,-2.0518383979797363,-2.5740017890930176,0.5221633911132812,0.12861294495959574,1,0
114,2,s20,0000,0000,1000,-1.2192660570144653,-1.2470967769622803,0.02783071994781494,0.2955530625150085,1,0
114,3,s01,0000,1000,1000,-1.144857406616211,-1.0284693241119385,-0.11638808250427246,0.3183617179968086,0,0
114,4,t312,0000,0000,1000,-0.004982589744031429,-6.0878119468688965,6.082829357124865,0.9950383407263833,1,0
114,5,c21,0000,0000,0100,-0.35605958104133606,-1.3302925825119019,0.9742330014705658,0.7004888205816324,1,0
114,6,s12,0000,0010,0010,-1.414301872253418,-1.2563598155975342,-0.1579420566558838,0.24310856186099405,0,0
114,7,t301,0000,0000,1000,-0.003575547132641077,-6.12984037399292,6.126264826860279,0.9964460680988523,1,0
114,8,s12,0000,0000,0010,-0.0854242593050003,-3.21698260307312,3.13155834376812,0.918126033950367,1,0
115,1,x2,0001,0000,0000,-2.5347890853881836,-2.5347890853881836,0.0,0.07932429761184795,0,1
115,2,t123,0001,0001,1000,-2.187648296356201,-2.6521382331848145,0.4644899368286133,0.11226909358614834,1,0
115,3,x2,0011,0011,0000,-1.6008151769638062,-1.6458359956741333,0.04502081871032715,0.20176332577242745,1,0
115,4,s02,1001,0011,0011,-2.372649669647217,-1.0764069557189941,-1.2962427139282227,0.09326422692864837,0,0
115,5,s03,1001,1000,1000,-2.320033550262451,-2.070033550262451,-0.25,0.0983301675426726,0,0
115,6,c02,1011,1001,1001,-2.5664901733398438,-0.34550684690475464,-2.220983326435089,0.07681237078405614,0,0
115,7,x2,1001,1010,1010,-1.6782033443450928,-1.3993964195251465,-0.2788069248199463,0.18673408831517607,0,0
115,8,x3,1000,1000,1001,-1.102014422416687,-1.352014422416687,0.25,0.3322707032882631,1,0
116,1,x0,0100,1100,1100,-2.6601667404174805,-2.433154344558716,-0.22701239585876465,0.06999348189005865,0,0
116,2,c20,0100,0100,1100,-1.7371138334274292,-1.9337643384933472,0.19665050506591797,0.17615441794617567,1,0
116,3,x0,1100,1100,0100,-0.9341640472412109,-0.9931719303131104,0.059007883071899414,0.3930119327764704,1,0
116,4,c32,1100,1100,1101,-0.9223120808601379,-1.1723120212554932,0.24999994039535522,0.39763758173488206,1,0
116,5,x0,0100,1100,1100,-0.8396247625350952,-0.7862403988838196,-0.053384363651275635,0.4319791960355168,0,0
116,6,c01,0100,0100,0000,-0.20563633739948273,-1.8371938467025757,1.631557509303093,0.8141651928887855,1,0
116,7,s21,0010,0100,0100,-3.612683057785034,-0.7949271202087402,-2.817755937576294,0.026981809175643304,0,0
116,8,t302,0010,0010,0011,-0.010363094508647919,-5.5103631019592285,5.500000007450581,0.9897082134284904,1,0
117,1,s20,0111,1101,1101,-2.9746334552764893,-2.2179393768310547,-0.7566940784454346,0.051109126993057405,0,0
117,2,t032,0111,1000,1000,-2.841491460800171,-2.591585636138916,-0.24990582466125488,0.05837592514584724,0,0
117,3,x3,0110,0101,0101,-1.8070707321166992,-1.5235981941223145,-0.28347253799438477,0.1641839886438674,0,0
117,4,s32,0101,0100,0100,-1.8798507452011108,-1.6298507452011108,-0.25,0.15270131026120595,0,0
117,5,t201,0101,0101,0001,-0.6829423904418945,-2.253279685974121,1.5703372955322266,0.5054112606615144,1,0
117,6,s23,0110,0100,0100,-2.585116386413574,-1.2245874404907227,-1.3605289459228516,0.07541821295383673,0,0
117,7,t231,0110,0110,0111,-0.24031773209571838,-1.865317702293396,1.6249999701976776,0.7865101043283554,1,0
117,8,s32,0101,0100,0100,-1.4746052026748657,-1.4746052026748657,0.0,0.22892542666464388,0,1
118,1,x2,1110,1100,1100,-2.728632688522339,-2.421886682510376,-0.3067460060119629,0.06537010367219206,0,0
118,2,c23,1111,1110,1110,-2.6304805278778076,-2.2554805278778076,-0.375,0.07210203315251001,0,0
118,3,s12,1111,0110,0110,-2.8415496349334717,-2.538665294647217,-0.3028843402862549,0.05837466584853708,0,0
118,4,s01,1111,0111,0111,-1.5218777656555176,-1.2390631437301636,-0.282814621925354,0.21840811593006712,0,0
118,5,c03,1110,1111,1111,-1.0111110210418701,-0.8861110806465149,-0.12499994039535522,0.36393316821521127,0,0
118,6,t021,1010,1110,1110,-2.386359453201294,-0.6960476636886597,-1.6903117895126343,0.09201938415176623,0,0
118,7,t032,1010,1010,1011,-0.5031030178070068,-1.6281031370162964,1.1250001192092896,0.6047246539199655,1,0
118,8,x2,1000,1000,1011,-1.622098684310913,-1.6441805362701416,0.022081851959228516,0.19753622763696102,1,0
119,1,c12,1101,1110,1110,-2.772940158843994,-2.712376594543457,-0.06056356430053711,0.06250273059303571,0,0
119,2,x2,1111,1101,1101,-2.173908233642578,-2.1133933067321777,-0.06051492691040039,0.11376666690881454,0,0
119,3,x0,0111,0111,1111,-0.9047895073890686,-1.3207948207855225,0.41600531339645386,0.4046832205464856,1,0
119,4,c21,0011,0011,0111,-1.4520277976989746,-1.9687306880950928,0.5167028903961182,0.23413960019001137,1,0
119,5,c02,0011,0011,1011,-1.4896959066390991,-2.1122384071350098,0.6225425004959106,0.22548249305070545,1,0
119,6,x1,0111,0111,0001,-1.2414674758911133,-1.7537950277328491,0.5123275518417358,0.28899647227791836,1,0
119,7,t032,0111,0111,0110,-0.21934635937213898,-2.594346284866333,2.374999925494194,0.8030616160772415,1,0
119,8,x1,0011,0011,0101,-0.9949772357940674,-2.1449508666992188,1.1499736309051514,0.3698636629515908,1,0
120,1,x0,0001,0000,0000,-2.6718997955322266,-2.4218997955322266,-0.25,0.06919092611513136,0,0
120,2,c30,1001,1000,1000,-2.6524109840393066,-2.6524109840393066,0.0,0.07056270478188115,0,1
120,3,t321,1001,0000,0000,-2.6521244049072266,-2.592306137084961,-0.059818267822265625,0.07056484218196507,0,0
120,4,s32,1010,1100,1100,-2.41794753074646,-2.081327438354492,-0.3366200923919678,0.08914302567260204,0,0
120,5,s03,0011,1010,1010,-2.717179775238037,-2.48307466506958,-0.23410511016845703,0.06615882078900318,0,0
120,6,c30,1011,0011,0011,-2.489992141723633,-2.234325408935547,-0.25566673278808594,0.08298175543099899,0,0
120,7,t102,1011,1011,1001,-2.0476114749908447,-2.3869025707244873,0.3392910957336426,0.1291207215532623,1,0
120,8,c21,1111,1111,1001,-2.229004383087158,-2.311981201171875,0.0829768180847168,0.10767709793327146,1,0
121,1,c31,0110,0010,0010,-2.5952353477478027,-2.5387797355651855,-0.05645561218261719,0.07466476540599039,0,0
121,2,x0,1110,1110,0110,-1.443428874015808,-1.7656357288360596,0.32220685482025146,0.23621841994711842,1,0
121,3,s01,1110,0110,0110,-1.503659725189209,-1.2540225982666016,-0.24963712692260742,0.22237789164555863,0,0
121,4,c21,1010,1110,1110,-1.5487003326416016,-1.2644044160842896,-0.284295916557312,0.21256791527802765,0,0
121,5,x1,1110,1110,1000,-0.8877215385437012,-1.994073510169983,1.1063519716262817,0.41164342095642914,1,0
121,6,c32,1110,1110,1111,-0.7494827508926392,-1.1244827508926392,0.375,0.4726520937213782,1,0
121,7,s30,0111,1110,1110,-2.994530200958252,-0.8650010228157043,-2.1295291781425476,0.05011127269920435,0,0
121,8,t120,1111,0111,0111,-1.6310107707977295,-0.7344749569892883,-0.8965358138084412,0.19581331877033406,0,0
122,1,t120,1011,1011,0000,-2.3308072090148926,-2.5915708541870117,0.26076364517211914,0.09727401585809688,1,0
122,2,c21,1111,1011,1011,-1.4540410041809082,-1.2324715852737427,-0.22156941890716553,0.23369366059417318,0,0
122,3,c23,1110,1111,1111,-0.945288896560669,-0.820288896560669,-0.125,0.38869331951216135,0,0
122,4,t210,0110,1110,1110,-1.3644121885299683,-0.44891083240509033,-0.9155013561248779,0.2556021807393304,0,0
122,5,x1,0010,0010,0100,-1.2124994993209839,-1.8958044052124023,0.6833049058914185,0.2975278867629841,1,0
122,6,c02,0010,0010,0011,-0.7859598398208618,-1.4109598398208618,0.625,0.4557384665904815,1,0
122,7,s31,0010,0110,0110,-1.8202745914459229,-1.3208242654800415,-0.49945032596588135,0.16201470641437624,0,0
122,8,t312,0010,0010,0110,-0.00797641184180975,-5.664929389953613,5.6569529781118035,0.9920615223797294,1,0
123,1,s32,0000,0000,0100,-2.2555480003356934,-2.4861416816711426,0.23059368133544922,0.10489686274347508,1,0
123,2,x1,0100,0100,0000,-1.2901082038879395,-1.7369681596755981,0.4468599557876587,0.2752980908312309,1,0
123,3,t103,0100,0100,0101,-0.3396419584751129,-2.464641809463501,2.124999850988388,0.7121153800523334,1,0
123,4,s02,0100,1100,1100,-1.5934710502624512,-0.9987319707870483,-0.5947390794754028,0.20379657152567132,0,0
123,5,s21,0010,0100,0100,-3.40853214263916,-1.070193886756897,-2.338338255882263,0.03309973890217316,0,0
123,6,x2,0000,0001,0001,-1.3522553443908691,-1.2272553443908691,-0.125,0.2586971448729294,0,0
123,7,t012,0000,0000,0010,-0.01071385107934475,-5.636477947235107,5.625764096155763,0.9894056379133296,1,0
123,8,x0,1000,1000,0000,-0.5624245405197144,-0.9006743431091309,0.3382498025894165,0.5699417111183006,1,0
124,1,x2,1000,1000,0000,-2.5917491912841797,-2.6522138118743896,0.06046462059020996,0.07494817681484464,1,0
124,2,x1,1100,1110,1110,-2.785274028778076,-2.5958783626556396,-0.18939566612243652,0.06177091011819914,0,0
124,3,s32,1100,1000,1000,-2.7129600048065186,-2.591926097869873,-0.12103390693664551,0.06640207941065962,0,0
124,4,x2,1110,1110,1101,-1.8171939849853516,-1.9266306161880493,0.10943663120269775,0.16256795160459125,1,0
124,5,t213,1111,1110,1110,-1.2794681787490845,-1.0294681787490845,-0.25,0.2784714199475025,0,0
124,6,c23,1110,1110,1111,-1.426483392715454,-1.426483392715454,0.0,0.2405992752255904,0,1
124,7,x0,0110,0110,1111,-1.381218433380127,-1.9469366073608398,0.5657181739807129,0.2515524499548837,1,0
124,8,c13,0111,0111,0110,-1.2951087951660156,-1.4201087951660156,0.125,0.27393622369100945,1,0
125,1,t032,1001,1000,1000,-2.6597743034362793,-2.5347743034362793,-0.125,0.07000212639796306,0,0
125,2,x2,1011,1000,1000,-2.712735652923584,-2.5955140590667725,-0.11722159385681152,0.06640544923165784,0,0
125,3,t103,1011,0000,0000,-2.8377773761749268,-2.591982841491699,-0.24579453468322754,0.05860502839038931,0,0
125,4,c03,1010,1010,1000,-2.591603994369507,-2.5916781425476074,7.414817810058594e-05,0.0749585545800047,1,0
125,5,x1,1110,1110,1100,-2.3724136352539062,-2.44085693359375,0.06844329833984375,0.09330204563166197,1,0
125,6,t301,1110,1110,0110,-1.927133560180664,-2.059818983078003,0.13268542289733887,0.14560556201577987,1,0
125,7,x2,1100,1100,1111,-1.372497797012329,-1.4002795219421387,0.02778172492980957,0.2535408527500361,1,0
125,8,c31,1100,1100,1000,-1.180799126625061,-1.5345202684402466,0.35372114181518555,0.3072167349074266,1,0
126,1,s20,0011,1001,1001,-2.9707746505737305,-2.3728156089782715,-0.597959041595459,0.0513140045545077,0,0
126,2,t302,0011,1000,1000,-3.035283327102661,-2.478365898132324,-0.5569174289703369,0.04810515680228667,0,0
126,3,c02,0011,0011,1011,-0.6707741022109985,-2.5358994007110596,1.865125298500061,0.5115167224063315,1,0
126,4,t302,0011,0011,1011,-0.06560614705085754,-3.6753790378570557,3.609772890806198,0.936540074424247,1,0
126,5,t031,0011,0011,1011,-0.12360437959432602,-3.447197437286377,3.323593057692051,0.8837985157367197,1,0
126,6,c32,0001,0011,0011,-1.5871303081512451,-1.108288049697876,-0.47884225845336914,0.2045325955442944,0,0
126,7,x1,0101,0101,0001,-0.9085526466369629,-1.6568634510040283,0.7483108043670654,0.40321752260252286,1,0
126,8,x0,1101,1101,0101,-0.6349560618400574,-0.9224331378936768,0.2874770760536194,0.5300214198064287,1,0
127,1,s31,1111,1000,1000,-2.7729461193084717,-2.6518940925598145,-0.12105202674865723,0.0625019478716156,0,0
127,2,c30,0111,1111,1111,-1.79410982131958,-1.4902358055114746,-0.30387401580810547,0.16634396209777907,0,0
127,3,t231,0011,0111,0111,-1.2739503383636475,-0.7645055651664734,-0.5094447731971741,0.2797475810744134,0,0
127,4,s32,0011,0001,0001,-1.8079038858413696,-1.773751974105835,-0.03415191173553467,0.1640278482307519,0,0
127,5,c13,0011,0010,0010,-1.5565277338027954,-1.5565277338027954,0.0,0.21092661897391674,0,1
127,6,c10,0011,1011,1011,-0.9878412485122681,-0.5409973859786987,-0.44684386253356934,0.37244843831281466,0,0
127,7,c32,0001,0011,0011,-1.3528048992156982,-0.857763946056366,-0.4950409531593323,0.25852391614780806,0,0
127,8,s20,0001,1001,1001,-1.0571311712265015,-0.8738980293273926,-0.1832331418991089,0.3476292671911792,0,0
128,1,c03,1111,1110,1110,-2.728118896484375,-2.478118896484375,-0.25,0.06537825345147207,0,0
128,2,x3,1110,1111,1111,-2.451836585998535,-2.326836585998535,-0.125,0.08616798070453657,0,0
128,3,c23,1111,1111,1110,-1.3226758241653442,-1.5726759433746338,0.25000011920928955,0.2665307804887269,1,0
128,4,x0,0111,0111,1111,-0.8708232641220093,-1.3111768960952759,0.4403536319732666,0.41880353065830417,1,0
128,5,s03,1110,1111,1111,-2.1101505756378174,-1.6101505756378174,-0.5,0.12125415735424752,0,0
128,6,x1,1010,1010,1100,-1.3644382953643799,-1.9276483058929443,0.5632100105285645,0.25558934483132834,1,0
128,7,c10,1010,1010,0010,-0.9773962497711182,-1.239152431488037,0.26175618171691895,0.3764100611222144,1,0
128,8,s13,1010,1011,1011,-2.165194511413574,-1.7901945114135742,-0.375,0.11475565397352373,0,0
129,1,t123,0000,0000,0100,-2.100931167602539,-2.5545449256896973,0.4536137580871582,0.12244498595599701,1,0
129,2,t013,0000,0000,1000,-0.06773602962493896,-3.2887721061706543,3.2210360765457153,0.9345295337263116,1,0
129,3,c30,0000,0000,1000,-0.6528729200363159,-0.7855119109153748,0.13263899087905884,0.5206566279526518,1,0
129,4,x1,0100,0100,0010,-0.6334429979324341,-1.772447109222412,1.139004111289978,0.5308358960824135,1,0
129,5,c10,1100,1100,0100,-0.7463761568069458,-0.776034951210022,0.029658794403076172,0.4741545912991938,1,0
129,6,s10,1100,1100,1000,-1.0656927824020386,-1.2407759428024292,0.17508316040039062,0.3445134131750126,1,0
129,7,t320,1100,1100,0100,-0.08632303774356842,-3.615854501724243,3.5295314639806747,0.9173664194318293,1,0
129,8,s30,0101,1100,1100,-4.256914138793945,-0.46042534708976746,-3.796488791704178,0.014174768302600718,0,0
130,1,t103,1000,1000,1100,-1.8547050952911377,-2.5552217960357666,0.7005167007446289,0.15676530469693548,1,0
130,2,t120,1000,1000,0000,-0.46123236417770386,-1.621604323387146,1.1603719592094421,0.6308656649785218,1,0
130,3,s30,0001,1000,1000,-2.4735472202301025,-0.89372718334198,-1.5798200368881226,0.08444013082583797,0,0
130,4,c12,0001,0001,0000,-0.20008298754692078,-2.575083017349243,2.3750000298023224,0.818747496485216,1,0
130,5,t021,0001,0001,0101,-0.005212192423641682,-6.167231559753418,6.162019367329776,0.9948190322969743,1,0
130,6,s32,0010,0011,0011,-2.0747861862182617,-1.0747861862182617,-1.0,0.1255931027040302,0,0
130,7,x1,0110,0110,0010,-1.2084698677062988,-1.6786704063415527,0.4702005386352539,0.2987449917634433,1,0
130,8,c13,0111,0110,0110,-0.9271966218948364,-0.8021966218948364,-0.125,0.3957593022351013,0,0
131,1,c12,0010,0010,1000,-2.5425190925598145,-2.5954134464263916,0.05289435386657715,0.07871619336351549,1,0
131,2,c20,1010,0010,0010,-1.0413501262664795,-1.0071152448654175,-0.03423488140106201,0.35308680312392154,0,0
131,3,x0,0010,1010,1010,-1.3130172491073608,-1.296736478805542,-0.016280770301818848,0.2690533937904261,0,0
131,4,x1,0110,0110,0010,-1.473775863647461,-2.512298822402954,1.0385229587554932,0.22913150596156445,1,0
131,5,t031,0110,0110,1110,-0.4373367428779602,-1.7741137742996216,1.3367770314216614,0.6458055106562621,1,0
131,6,c30,0110,0110,1110,-0.7292411923408508,-0.8421566486358643,0.11291545629501343,0.482769971562889,1,0
131,7,c21,0010,0110,0110,-1.121930718421936,-0.9859699010848999,-0.13596081733703613,0.3256773188185875,0,0
131,8,s30,0010,0010,1010,-0.7634890079498291,-0.9527480602264404,0.18925905227661133,0.466264066273863,1,0
132,1,c01,1001,1101,1101,-2.788647174835205,-2.485766887664795,-0.30288028717041016,0.061537111093330946,0,0
132,2,x1,1101,1100,1100,-2.6557674407958984,-2.5307674407958984,-0.125,0.07027170910483602,0,0
132,3,c23,1101,1101,1100,-2.213728666305542,-2.338728666305542,0.125,0.10933939701927656,1,0
132,4,x2,1111,1111,1100,-1.4095590114593506,-1.6739802360534668,0.2644212245941162,0.24432860746910123,1,0
132,5,x0,0111,0111,1111,-0.7999651432037354,-1.0416064262390137,0.24164128303527832,0.44949259033075684,1,0
132,6,s23,0111,0101,0101,-1.6556586027145386,-1.525803804397583,-0.12985479831695557,0.19098396810466406,0,0
132,7,x0,1111,1111,0111,-0.5868398547172546,-1.1189552545547485,0.5321153998374939,0.5561346495294577,1,0
132,8,t120,0111,1111,1111,-1.361345887184143,-0.5148975849151611,-0.8464483022689819,0.25635394394007094,0,0
133,1,s20,0101,0101,1000,-2.485949993133545,-2.5916695594787598,0.10571956634521484,0.08330759125107634,1,0
133,2,s21,0011,0101,0101,-2.8723790645599365,-1.8554832935333252,-1.0168957710266113,0.0565825464509198,0,0
133,3,s31,0110,0100,0100,-2.5386619567871094,-2.47813081741333,-0.0605311393737793,0.07901081012428225,0,0
133,4,x1,0010,0111,0111,-2.970900774002075,-2.595795154571533,-0.375105619430542,0.05131284330062869,0,0
133,5,t213,0010,0010,1000,-2.0356109142303467,-2.5319976806640625,0.4963867664337158,0.13085999112698,1,0
133,6,t203,0010,0010,1010,-0.029369598254561424,-3.9424664974212646,3.9130968991667032,0.9711009409528772,1,0
133,7,t321,0010,0010,0110,-0.0980900377035141,-2.6412909030914307,2.5432008653879166,0.9066043354598495,1,0
133,8,s30,0010,0010,1010,-1.6178901195526123,-1.8212498426437378,0.2033597230911255,0.19851691808104374,1,0
134,1,t012,0001,0000,0000,-2.3690414428710938,-2.3690414428710938,0.0,0.09364556177215497,0,1
134,2,s02,0001,0001,0101,-1.221540093421936,-2.197216749191284,0.9756766557693481,0.29489888478671,1,0
134,3,x3,0000,0001,0001,-1.3853087425231934,-1.2603087425231934,-0.125,0.2502969184136239,0,0
134,4,t012,0000,0000,0001,-0.2619868218898773,-1.5119868516921997,1.2500000298023224,0.7695534997146595,1,0
134,5,s10,0000,1000,1000,-0.9630646109580994,-0.7221040725708008,-0.24096053838729858,0.3818556643245856,0,0
134,6,t213,0000,0000,0001,-0.01764708012342453,-4.642646789550781,4.624999709427357,0.982551231398708,1,0
134,7,t201,0000,0000,1000,-0.04182703420519829,-3.5331873893737793,3.491360355168581,0.9591069807867423,1,0
134,8,t310,0000,0000,1000,-0.055335577577352524,-2.9308323860168457,2.875496808439493,0.946191528920605,1,0
135,1,t012,0001,0001,1000,-2.3199381828308105,-2.4215641021728516,0.10162591934204102,0.09835248850745086,1,0
135,2,x0,1001,0001,0001,-1.2829827070236206,-0.9911679029464722,-0.29181480407714844,0.2772436958595732,0,0
135,3,x1,1101,1101,1011,-1.280023455619812,-1.9792251586914062,0.6992017030715942,0.2780627233465194,1,0
135,4,c31,1001,1101,1101,-2.629607677459717,-1.1371320486068726,-1.4924756288528442,0.07211403828085504,0,0
135,5,s03,1001,1001,0001,-1.5719871520996094,-1.7723008394241333,0.20031368732452393,0.20768736517225664,1,0
135,6,t320,1001,1001,0001,-0.2150348722934723,-2.491142988204956,2.2761081159114838,0.8065837867171559,1,0
135,7,s32,1010,1011,1011,-2.955044746398926,-1.2050449848175049,-1.749999761581421,0.05207945082342207,0,0
135,8,s21,1100,1110,1110,-3.005579948425293,-1.3002634048461914,-1.7053165435791016,0.049522159419690036,0,0
136,1,t210,1100,1100,1000,-1.9828609228134155,-2.486131191253662,0.5032702684402466,0.13777705579107277,1,0
136,2,x0,0100,0100,1100,-0.9159010648727417,-1.1833276748657227,0.26742660999298096,0.4002213287871496,1,0
136,3,t301,0100,0100,1100,-0.21119719743728638,-2.4119162559509277,2.2007190585136414,0.8096609666397795,1,0
136,4,s01,1000,1100,1100,-1.771632432937622,-1.026536464691162,-0.74509596824646,0.17009633937633165,0,0
136,5,t320,1000,1000,1100,-0.0943724662065506,-3.2583773136138916,3.164004847407341,0.9100373052840596,1,0
136,6,s23,1000,1001,1001,-1.4300429821014404,-1.1800429821014404,-0.25,0.23933762767696606,0,0
136,7,c20,1000,1000,0000,-0.49151208996772766,-1.039496898651123,0.5479848086833954,0.6118905399563425,1,0
136,8,s30,0001,1000,1000,-4.827596664428711,-0.36979445815086365,-4.457802206277847,0.008009865702978009,0,0
137,1,t032,1010,1010,1000,-2.296996593475342,-2.4178271293640137,0.12083053588867188,0.10063613696299945,1,0
137,2,x3,1011,1010,1010,-1.395270824432373,-1.270270824432373,-0.125,0.2478152736625341,0,0
137,3,x3,1010,1011,1011,-0.9953949451446533,-0.7453949451446533,-0.25,0.3696256251768911,0,0
137,4,c23,1011,1010,1010,-1.886252999305725,-0.2612529993057251,-1.625,0.1516712196104778,0,0
137,5,x2,1001,1010,1010,-1.3682574033737183,-1.2111423015594482,-0.15711510181427002,0.25458566947218597,0,0
137,6,c23,1001,1001,1000,-0.10327926278114319,-2.8532793521881104,2.750000089406967,0.901938534895322,1,0
137,7,t210,1001,1001,0001,-0.26066333055496216,-1.931558609008789,1.670895278453827,0.7706585750857055,1,0
137,8,t210,1001,1001,0001,-0.16138599812984467,-1.9214195013046265,1.7600335031747818,0.8510249061256966,1,0
138,1,c21,1011,0000,0000,-2.8373794555664062,-2.651834011077881,-0.1855454444885254,0.058598121879306145,0,0
138,2,x3,1010,1001,1001,-2.4933018684387207,-2.432760238647461,-0.060541629791259766,0.08266331555144642,0,0
138,3,t321,1010,1010,1110,-1.2035653591156006,-2.2235584259033203,1.0199930667877197,0.3002124611863647,1,0
138,4,t201,1110,1010,1010,-3.0467708110809326,-0.225460946559906,-2.8213098645210266,0.04751574935272897,0,0
138,5,x2,1100,1111,1111,-2.142124652862549,-0.8459314703941345,-1.2961931824684143,0.11742597501679615,0,0
138,6,t023,1100,1100,1101,-0.03886639326810837,-3.6638662815093994,3.624999888241291,0.9619425593151382,1,0
138,7,c32,1100,1100,1101,-0.3313351273536682,-1.4563350677490234,1.1249999403953552,0.7180294393518215,1,0
138,8,x3,1101,1101,1100,-0.6606048941612244,-0.7856048941612244,0.125,0.5165824097012189,1,0
139,1,s13,1001,0100,0100,-2.77736234664917,-2.595499038696289,-0.18186330795288086,0.06225355587378197,0,0
139,2,t312,1001,1001,1010,-2.535219192504883,-2.6524200439453125,0.11720085144042969,0.07931670970063952,1,0
139,3,s21,1001,1100,1100,-2.4368224143981934,-2.217797040939331,-0.2190253734588623,0.08748367128966417,0,0
139,4,x2,1011,1011,1001,-1.4366105794906616,-1.7201136350631714,0.28350305557250977,0.2377808797739205,1,0
139,5,c23,1010,1011,1011,-1.2679641246795654,-1.0179641246795654,-0.25,0.28157867934198105,0,0
139,6,c30,1010,1010,0010,-0.9822685718536377,-1.4775999784469604,0.49533140659332275,0.3746740210314632,1,0
139,7,x0,0010,1010,1010,-0.9310784935951233,-0.7990532517433167,-0.13202524185180664,0.3942376270648867,0,0
139,8,t231,0010,0010,0011,-0.1099863201379776,-2.8599863052368164,2.749999985098839,0.8958757237992588,1,0
140,1,c13,0110,1000,1000,-2.7124199867248535,-2.5913991928100586,-0.12102079391479492,0.06640653889449467,0,0
140,2,x0,1110,1101,1101,-2.6561145782470703,-2.595595121383667,-0.06051945686340332,0.0702798240935323,0,0
140,3,s23,1101,1100,1100,-2.667585849761963,-2.542585849761963,-0.125,0.06946313788784463,0,0
140,4,s32,1110,1100,1100,-2.6071527004241943,-2.4821417331695557,-0.12501096725463867,0.07379659624438613,0,0
140,5,t230,1110,1110,1111,-2.2894792556762695,-2.2894792556762695,0.0,0.10142516722053746,0,1
140,6,t231,1110,1110,1111,-0.8399357795715332,-1.5899357795715332,0.75,0.43186103484586696,1,0
140,7,s03,0111,1110,1110,-1.6445553302764893,-1.2890790700912476,-0.3554762601852417,0.19324831769585696,0,0
140,8,x2,0101,0110,0110,-1.6251654624938965,-1.3067561388015747,-0.3184093236923218,0.19691126953353819,0,0
141,1,x2,1000,1000,1010,-2.535019636154175,-2.603320598602295,0.06830096244812012,0.0793172232056491,1,0
141,2,x2,1010,1010,0010,-2.5918593406677246,-2.6524953842163086,0.060636043548583984,0.07495128437391049,1,0
141,3,s01,0110,0000,0000,-2.660346746444702,-2.478905200958252,-0.1814415454864502,0.0700060634315276,0,0
141,4,s02,1100,1000,1000,-2.660142421722412,-2.535008668899536,-0.12513375282287598,0.0699936188895245,0,0
141,5,s31,1001,1000,1000,-2.595787525177002,-2.595787525177002,0.0,0.07466507277763877,0,1
141,6,t132,1001,0100,0100,-2.906522035598755,-2.5961191654205322,-0.31040287017822266,0.05474355184266068,0,0
141,7,t201,1001,0001,0001,-2.4937033653259277,-2.4258768558502197,-0.06782650947570801,0.08267552178539153,0,0
141,8,s02,0011,1100,1100,-2.777170419692993,-2.4370813369750977,-0.3400890827178955,0.062256127057834225,0,0
142,1,x1,0000,1000,1000,-2.6522631645202637,-2.534933090209961,-0.11733007431030273,0.07054378457471325,0,0
142,2,s13,0000,1100,1100,-2.841601610183716,-2.591606855392456,-0.24999475479125977,0.05837061038726635,0,0
142,3,t201,0000,0000,1000,-1.4081718921661377,-2.5347678661346436,1.1265959739685059,0.24473526631498874,1,0
142,4,t321,0000,0000,0100,-0.039641059935092926,-3.836578607559204,3.796937547624111,0.9611560315674357,1,0
142,5,s01,0000,0000,1000,-0.9671172499656677,-1.1397743225097656,0.1726570725440979,0.380260564716703,1,0
142,6,t123,0000,0000,0010,-0.04592006653547287,-3.6688058376312256,3.6228857710957527,0.9551223931983797,1,0
142,7,t012,0000,0000,1000,-0.0004431859706528485,-8.502426147460938,8.501982961490285,0.9995605260927127,1,0
142,8,s23,0000,0001,0001,-1.279431939125061,-1.029431939125061,-0.25,0.2782073921085244,0,0
143,1,s01,0001,0001,0100,-2.364786148071289,-2.4860715866088867,0.12128543853759766,0.09402707677918343,1,0
143,2,s20,0001,0001,1001,-1.1707009077072144,-1.8173778057098389,0.6466768980026245,0.31026727944366694,1,0
143,3,t130,0001,0001,1001,-0.041412778198719025,-3.998854398727417,3.957441620528698,0.9594769969190625,1,0
143,4,s10,0001,1001,1001,-1.2159039974212646,-0.7293988466262817,-0.4865051507949829,0.2971816012494156,0,0
143,5,x1,0101,0101,0011,-0.6584052443504333,-1.772620677947998,1.1142154335975647,0.5177399459979637,1,0
143,6,x2,0111,0111,0100,-0.984952449798584,-1.2482361793518066,0.26328372955322266,0.3734935300668388,1,0
143,7,t021,0111,0111,0110,-0.11176096647977829,-2.8617608547210693,2.749999888241291,0.894318361167815,1,0
143,8,x1,0011,0011,0101,-0.7564229369163513,-1.6657824516296387,0.9093595147132874,0.4694255554348591,1,0
144,1,c01,0111,1000,1000,-2.772970676422119,-2.5913643836975098,-0.18160629272460938,0.06250427790967211,0,0
144,2,x0,1111,0111,0111,-1.7260425090789795,-1.4616750478744507,-0.2643674612045288,0.17804997108247758,0,0
144,3,c23,1110,1110,1111,-1.4369953870773315,-1.4369953870773315,0.0,0.23768977138751907,0,1
144,4,t120,0110,1110,1110,-2.056539535522461,-0.8999220132827759,-1.156617522239685,0.12794485712259795,0,0
144,5,x3,0111,0111,0110,-1.391578197479248,-1.641578197479248,0.25,0.24871879082824955,1,0
144,6,s12,0111,0111,0101,-1.108076810836792,-1.4395219087600708,0.3314450979232788,0.33023237326840765,1,0
144,7,c21,0011,0111,0111,-1.7652283906936646,-0.611386239528656,-1.1538421511650085,0.1711804174363482,0,0
144,8,s03,1010,1011,1011,-2.5489261150360107,-1.0489262342453003,-1.4999998807907104,0.07818354333965924,0,0
145,1,t203,0110,0110,0000,-2.478060007095337,-2.5349297523498535,0.0568697452545166,0.0839521693821494,1,0
145,2,t102,0110,0110,1110,-0.8707725405693054,-2.0015740394592285,1.130801498889923,0.41875578382759643,1,0
145,3,t301,0110,0110,1110,-0.3287598490715027,-2.1014208793640137,1.772661030292511,0.7198941339253979,1,0
145,4,s31,0011,0010,0010,-1.6356439590454102,-1.5106439590454102,-0.125,0.19489126563325748,0,0
145,5,x3,0010,0001,0001,-1.3827388286590576,-1.1789790391921997,-0.2037597894668579,0.2509532958709226,0,0
145,6,s21,0100,0010,0010,-2.6673200130462646,-1.2637380361557007,-1.403581976890564,0.0694562470533646,0,0
145,7,c20,0100,1100,1100,-0.9433454871177673,-0.7134456634521484,-0.2298998236656189,0.3895395342299404,0,0
145,8,c12,0110,0100,0100,-3.7661540508270264,-0.07896190881729126,-3.687192142009735,0.02314152422467019,0,0
146,1,x1,0111,1000,1000,-2.837662696838379,-2.595336675643921,-0.242326021194458,0.05859537277954497,0,0
146,2,t012,0111,0111,0000,-2.289557933807373,-2.595487594604492,0.30592966079711914,0.10137180295724357,1,0
146,3,x2,0101,0101,0011,-1.5689823627471924,-1.7400548458099365,0.17107248306274414,0.20830772874264106,1,0
146,4,s12,0011,0101,0101,-2.3087682723999023,-0.979476809501648,-1.3292914628982544,0.09943637747513759,0,0
146,5,x0,1011,1011,0011,-1.0019434690475464,-1.0124987363815308,0.010555267333984375,0.36770520573003146,1,0
146,6,t123,1011,1011,1010,-1.194046139717102,-1.444046139717102,0.25,0.30302433958388547,1,0
146,7,x0,0011,0011,1111,-0.8703477382659912,-1.4099903106689453,0.5396425724029541,0.4188612478725252,1,0
146,8,s02,1001,0011,0011,-1.9309704303741455,-1.3277218341827393,-0.6032485961914062,0.14502791151541558,0,0
147,1,x2,1010,1000,1000,-2.5441043376922607,-2.4190049171447754,-0.12509942054748535,0.07869355532037255,0,0
147,2,x3,1011,1000,1000,-2.7816126346588135,-2.5316457748413086,-0.24996685981750488,0.06201021761411626,0,0
147,3,x0,0011,0010,0010,-2.5350730419158936,-2.5350730419158936,0.0,0.07931669186817791,0,1
147,4,t230,1011,0011,0011,-2.792778968811035,-1.8231971263885498,-0.9695818424224854,0.06130152248172937,0,0
147,5,s12,1101,1001,1001,-2.792980670928955,-2.417757511138916,-0.37522315979003906,0.06128239800622562,0,0
147,6,s13,1101,1001,1001,-2.789276599884033,-2.5353927612304688,-0.25388383865356445,0.061526619218326,0,0
147,7,s31,1101,1100,1100,-2.675560235977173,-2.425560235977173,-0.25,0.06891390475341863,0,0
147,8,s12,1011,0101,0101,-2.4069314002990723,-2.194169044494629,-0.21276235580444336,0.09012418213737719,0,0
148,1,s12,0000,0000,1000,-2.372685432434082,-2.4783172607421875,0.10563182830810547,0.09329971624874558,1,0
148,2,s01,0000,0000,1000,-1.1610076427459717,-1.4971145391464233,0.33610689640045166,0.31326623604862935,1,0
148,3,t031,0000,0000,1000,-0.009715252555906773,-5.510781764984131,5.501066512428224,0.9903459111990927,1,0
148,4,s01,0000,0000,1000,-0.31922397017478943,-1.3663341999053955,1.047110229730606,0.7269106592182295,1,0
148,5,x3,0001,0010,0010,-1.1021184921264648,-0.8989390730857849,-0.20317941904067993,0.3321745731585584,0,0
148,6,s10,0001,1001,1001,-0.9872414469718933,-0.7734566926956177,-0.21378475427627563,0.37263556658100677,0,0
148,7,t320,0001,0001,1001,-0.012778428383171558,-4.5417280197143555,4.528949591331184,0.9873432863748124,1,0
148,8,t301,0001,0001,1001,-0.03512280434370041,-3.540658712387085,3.5055359080433846,0.9655077056818434,1,0
149,1,c30,0100,0100,1000,-2.2745301723480225,-2.5349442958831787,0.26041412353515625,0.10292241671827251,1,0
149,2,x1,0000,0100,0100,-1.737483024597168,-1.723450779914856,-0.014032244682312012,0.1760081751118429,0,0
149,3,c21,0000,0000,0001,-0.44959473609924316,-2.074594736099243,1.625,0.6380378864035966,1,0
149,4,t301,0000,0000,1000,-0.01526749785989523,-4.375505447387695,4.3602379495278,0.9848728374885792,1,0
149,5,x2,0010,0010,0001,-0.8892931342124939,-1.2869610786437988,0.39766794443130493,0.41099246239012066,1,0
149,6,c23,0011,0010,0010,-1.4663829803466797,-0.5913829803466797,-0.875,0.2308175201608875,0,0
149,7,x2,0001,0001,0000,-1.5978784561157227,-1.7228784561157227,0.125,0.20242393342005616,1,0
149,8,c32,0011,0000,0000,-3.299849271774292,-0.6220266222953796,-2.6778226494789124,0.03689147035080016,0,0
150,1,s20,0011,1001,1001,-3.0390820503234863,-2.2556047439575195,-0.7834773063659668,0.04792647280621718,0,0
150,2,c32,0001,1000,1000,-2.918307304382324,-2.4786109924316406,-0.4396963119506836,0.05408625170990396,0,0
150,3,t120,0001,1000,1000,-2.854457378387451,-2.5959229469299316,-0.25853443145751953,0.05767094899136857,0,0
150,4,x0,1001,0001,0001,-1.2490876913070679,-0.9112733006477356,-0.3378143906593323,0.2868503750303371,0,0
150,5,c30,0001,0001,1001,-1.6156282424926758,-2.0103306770324707,0.3947024345397949,0.19895480780160424,1,0
150,6,x1,0101,0101,0100,-1.5768887996673584,-1.9518887996673584,0.375,0.2067070051336773,1,0
150,7,c20,0101,0101,1101,-1.103091835975647,-1.5220710039138794,0.4189791679382324,0.33194273412764763,1,0
150,8,s02,0101,1100,1100,-2.185359239578247,-2.115154266357422,-0.0702049732208252,0.1124809589007012,0,0
151,1,s31,1110,0000,0000,-2.8414416313171387,-2.5913467407226562,-0.2500948905944824,0.058366424643059425,0,0
151,2,s32,1101,0000,0000,-2.777156352996826,-2.652123212814331,-0.12503314018249512,0.06225612478080032,0,0
151,3,t301,1001,0000,0000,-2.7778942584991455,-2.5354487895965576,-0.2424454689025879,0.06224416770105213,0,0
151,4,s20,0011,1100,1100,-2.910170555114746,-2.482349157333374,-0.42782139778137207,0.05451252139778074,0,0
151,5,x3,0010,1000,1000,-3.122891664505005,-2.4824423789978027,-0.6404492855072021,0.044077618166280266,0,0
151,6,s12,0100,1000,1000,-2.7928178310394287,-2.478320360183716,-0.3144974708557129,0.06129220951202426,0,0
151,7,t130,0100,1000,1000,-2.793379306793213,-2.41812801361084,-0.37525129318237305,0.061290922144592176,0,0
151,8,c32,0100,0101,0101,-1.9236282110214233,-1.7986280918121338,-0.12500011920928955,0.1461381967076479,0,0
152,1,t132,1000,1000,1100,-1.9403115510940552,-2.6116743087768555,0.6713627576828003,0.14382022013869428,1,0
152,2,c03,1001,1000,1000,-1.791591763496399,-0.5415917634963989,-1.25,0.16675118727719399,0,0
152,3,x1,1101,1101,1100,-1.244264841079712,-1.869264841079712,0.625,0.2881980416351977,1,0
152,4,t321,1101,1101,1100,-0.37289243936538696,-1.8728923797607422,1.4999999403953552,0.6888131403681412,1,0
152,5,c02,1111,1101,1101,-1.0849392414093018,-0.9959444999694824,-0.08899474143981934,0.3379950820941168,0,0
152,6,s21,1111,1011,1011,-1.400926113128662,-1.0387213230133057,-0.36220479011535645,0.24646382226318683,0,0
152,7,t032,1101,1111,1111,-3.491243600845337,-0.42420345544815063,-3.0670401453971863,0.03046469232176213,0,0
152,8,x3,1100,1100,1101,-0.892906665802002,-1.267906665802002,0.375,0.4097553751745627,1,0
153,1,s32,0111,0101,0101,-2.6557717323303223,-2.5952062606811523,-0.06056547164916992,0.07027631292000652,0,0
153,2,s10,1011,0111,0111,-2.395279884338379,-1.3878326416015625,-1.0074472427368164,0.09119674669323384,0,0
153,3,s12,1101,1110,1110,-2.641617774963379,-2.383812427520752,-0.25780534744262695,0.07126857673904395,0,0
153,4,x3,1100,1100,1101,-2.3239529132843018,-2.3239529132843018,0.0,0.09796395475627301,0,1
153,5,t102,1110,1100,1100,-2.729027271270752,-1.569906234741211,-1.159121036529541,0.06536063920083462,0,0
153,6,s30,0111,1011,1011,-2.6569676399230957,-2.6533098220825195,-0.003657817840576172,0.07029251149891205,0,0
153,7,s21,0111,1001,1001,-2.9706006050109863,-2.565084934234619,-0.4055156707763672,0.05131987432612148,0,0
153,8,s12,0111,0011,0011,-2.8711788654327393,-2.2516775131225586,-0.6195013523101807,0.0566606375998997,0,0
154,1,x0,1000,0000,0000,-2.667611837387085,-2.2516331672668457,-0.41597867012023926,0.06946567992398373,0,0
154,2,s32,1000,1000,1010,-2.652294158935547,-2.6523303985595703,3.62396240234375e-05,0.07054932006094669,1,0
154,3,x2,1010,1010,1000,-2.368687868118286,-2.4858453273773193,0.1171574592590332,0.09365556859813016,1,0
154,4,t021,1110,1010,1010,-2.781221389770508,-2.1689090728759766,-0.6123123168945312,0.06201658385872894,0,0
154,5,c02,1100,1010,1010,-2.5430748462677,-2.490285634994507,-0.05278921127319336,0.07869766977037945,0,0
154,6,t203,1100,1100,1101,-2.1694142818450928,-2.2944142818450928,0.125,0.11440368259731262,1,0
154,7,s31,1001,1000,1000,-2.558134078979492,-2.433134078979492,-0.125,0.07750153300824113,0,0
154,8,c20,1001,1001,0001,-1.4615449905395508,-2.085566997528076,0.6240220069885254,0.23215229045229624,1,0
155,1,c32,1010,1010,0000,-2.4859912395477295,-2.652174711227417,0.1661834716796875,0.08330258759299902,1,0
155,2,s20,1010,1010,0010,-1.3364225625991821,-1.8114436864852905,0.4750211238861084,0.2629238166470296,1,0
155,3,c12,1010,1010,1110,-0.5798768401145935,-1.9083364009857178,1.3284595608711243,0.5600714357561473,1,0
155,4,x1,1110,1110,1010,-0.7448887228965759,-1.9568601846694946,1.2119714617729187,0.4748497759193819,1,0
155,5,x1,1010,1010,1110,-1.193228840827942,-1.4764089584350586,0.2831801176071167,0.3032848603007409,1,0
155,6,c23,1011,1010,1010,-0.9322605729103088,-0.6822605729103088,-0.25,0.3937352115748247,0,0
155,7,x3,1010,1010,1011,-1.0656366348266602,-1.0656366348266602,0.0,0.3446149928755637,0,1
155,8,c32,1010,1010,1011,-0.6966314315795898,-0.9466314315795898,0.25,0.4983778351965547,1,0
156,1,s32,0010,0000,0000,-2.739851951599121,-2.4254379272460938,-0.31441402435302734,0.06462115762042057,0,0
156,2,c32,0010,1100,1100,-3.0356521606445312,-2.5357446670532227,-0.4999074935913086,0.0481107990288739,0,0
156,3,x0,1010,0010,0010,-2.006037473678589,-1.2851917743682861,-0.7208456993103027,0.13461808407396664,0,0
156,4,c10,1010,1010,0010,-1.1948860883712769,-1.2061965465545654,0.011310458183288574,0.3028380233344544,1,0
156,5,t021,1110,1010,1010,-1.4057965278625488,-0.9640722274780273,-0.4417243003845215,0.24522339556533493,0,0
156,6,s31,1011,1010,1010,-1.8260668516159058,-1.5760668516159058,-0.25,0.1610974810388565,0,0
156,7,x3,1010,1010,1011,-1.4714000225067139,-1.7214000225067139,0.25,0.22968930475204924,1,0
156,8,x1,1110,1110,1111,-1.597407341003418,-1.972407341003418,0.375,0.20247327630602535,1,0
157,1,x1,0101,1000,1000,-2.853105068206787,-2.534719467163086,-0.31838560104370117,0.0576946028671985,0,0
157,2,c12,0111,1000,1000,-2.9061381816864014,-2.5955896377563477,-0.3105485439300537,0.05472978357241983,0,0
157,3,c03,0111,1000,1000,-2.9061543941497803,-2.5430192947387695,-0.36313509941101074,0.05473852066161255,0,0
157,4,x3,0110,0101,0101,-1.809300184249878,-1.5827027559280396,-0.22659742832183838,0.16385807609200215,0,0
157,5,c23,0111,0110,0110,-1.41483473777771,-0.6648348569869995,-0.7499998807907104,0.243080187799831,0,0
157,6,x2,0101,0101,0110,-0.9564986228942871,-1.4476664066314697,0.4911677837371826,0.3844281133885316,1,0
157,7,t203,0101,0101,0100,-0.23690490424633026,-2.2369048595428467,1.9999999552965164,0.7892668644717964,1,0
157,8,s30,1100,0101,0101,-2.78879714012146,-0.9421281814575195,-1.8466689586639404,0.06156336735682038,0,0
158,1,x0,1101,0000,0000,-2.841667652130127,-2.4784140586853027,-0.3632535934448242,0.05838056681616411,0,0
158,2,c01,1001,1101,1101,-2.6598641872406006,-2.323441505432129,-0.3364226818084717,0.07000023904709748,0,0
158,3,t201,1001,1001,0001,-1.2775568962097168,-2.1039862632751465,0.8264293670654297,0.2788763358668622,1,0
158,4,c30,0001,1001,1001,-1.5599462985992432,-0.686127781867981,-0.8738185167312622,0.21022460312034252,0,0
158,5,t213,0001,0001,0000,-0.22077274322509766,-2.3457727432250977,2.125,0.8019699050868424,1,0
158,6,t013,0001,0001,1001,-0.005679391324520111,-5.8294782638549805,5.82379887253046,0.9943458404316109,1,0
158,7,x0,1001,1001,0001,-0.753228485584259,-1.0818930864334106,0.3286646008491516,0.4708771532641693,1,0
158,8,x0,0001,0001,1101,-1.2351964712142944,-1.552445650100708,0.3172491788864136,0.2908401183540601,1,0
159,1,s01,0100,1000,1000,-2.675703763961792,-2.308302164077759,-0.3674015998840332,0.06892006249762832,0,0
159,2,c12,0110,0100,0100,-2.8763065338134766,-2.376293659210205,-0.5000128746032715,0.05638151497794565,0,0
159,3,x1,0010,1000,1000,-2.910139560699463,-2.5350937843322754,-0.3750457763671875,0.05451245696181593,0,0
159,4,s10,0010,0001,0001,-2.6676745414733887,-2.4178104400634766,-0.2498641014099121,0.06946284270256747,0,0
159,5,c10,0010,0010,1010,-0.9849612712860107,-1.9930497407913208,1.00808846950531,0.373763265369815,1,0
159,6,x2,0000,0000,0011,-1.5400363206863403,-1.7898502349853516,0.24981391429901123,0.2144505447855176,1,0
159,7,t302,0000,0000,0001,-0.010204385966062546,-5.760204315185547,5.749999929219484,0.9899604253036306,1,0
159,8,t013,0000,0000,1000,-0.0018204022198915482,-6.429359436035156,6.427539033815265,0.9981942694590822,1,0
160,1,t023,1011,1010,1010,-2.8994219303131104,-2.2744219303131104,-0.625,0.05510001016072294,0,0
160,2,c01,1111,1110,1110,-2.6599903106689453,-2.5349903106689453,-0.125,0.07000087059155086,0,0
160,3,t032,1101,1110,1110,-2.4958949089050293,-1.80635666847229,-0.6895382404327393,0.08245851439563359,0,0
160,4,s21,1011,1001,1001,-2.6266422271728516,-2.2671356201171875,-0.35950660705566406,0.07238315972443339,0,0
160,5,s21,1101,1001,1001,-2.3918871879577637,-2.376577854156494,-0.015309333801269531,0.09153559080449387,0,0
160,6,c23,1101,1100,1100,-1.7211625576019287,-1.5961625576019287,-0.125,0.1790784286581142,0,0
160,7,s23,1110,1111,1111,-1.972375750541687,-1.722375750541687,-0.25,0.13930869449602123,0,0
160,8,s02,1110,0111,0111,-2.263915538787842,-1.9468622207641602,-0.31705331802368164,0.10406001554729567,0,0
161,1,s02,0110,1100,1100,-2.9180116653442383,-2.3689613342285156,-0.5490503311157227,0.0540902969361992,0,0
161,2,c31,0110,1100,1100,-2.906306743621826,-2.5352845191955566,-0.37102222442626953,0.05473670993219659,0,0
161,3,c02,0110,0110,1110,-1.4227862358093262,-1.903233528137207,0.48044729232788086,0.2412013824208381,1,0
161,4,c01,0110,0110,1110,-0.3056928515434265,-2.1198554039001465,1.81416255235672,0.7367009585886484,1,0
161,5,c32,0110,0110,0111,-0.8867571353912354,-1.2617571353912354,0.375,0.41202100239115214,1,0
161,6,t023,0110,0110,0111,-0.025928905233740807,-3.7759287357330322,3.7499998304992914,0.9744319978194002,1,0
161,7,c12,0100,0110,0110,-4.057563304901123,-0.08815686404705048,-3.9694064408540726,0.017291303739636554,0,0
161,8,t012,0100,0100,0000,-0.002700971206650138,-6.7788543701171875,6.776153398910537,0.9973137788935006,1,0
162,1,s23,1100,1100,1000,-2.4217958450317383,-2.5351505279541016,0.11335468292236328,0.08883832999933934,1,0
162,2,x0,0100,0100,1100,-1.3561514616012573,-1.3665355443954468,0.010384082794189453,0.25782795132985065,1,0
162,3,s12,0010,0100,0100,-2.9295997619628906,-1.179499864578247,-1.7500998973846436,0.05342858994649688,0,0
162,4,s10,0010,0010,0110,-1.9792203903198242,-2.146054983139038,0.16683459281921387,0.13828206777949376,1,0
162,5,c13,0010,0010,0011,-1.3350770473480225,-1.5850770473480225,0.25,0.26336335136869254,1,0
162,6,s01,0010,0010,0110,-1.1230013370513916,-1.5462963581085205,0.4232950210571289,0.32541870717433174,1,0
162,7,t102,0010,0010,1010,-0.004268531687557697,-6.430318832397461,6.426050300709903,0.9957644852615619,1,0
162,8,x0,1010,1010,0010,-0.39876940846443176,-1.1388537883758545,0.7400843799114227,0.671316218492549,1,0
163,1,s01,0101,1001,1001,-2.8004701137542725,-2.308166027069092,-0.49230408668518066,0.06082449359022299,0,0
163,2,s20,0101,0101,1101,-1.8347704410552979,-2.271315336227417,0.43654489517211914,0.15974271423856376,1,0
163,3,t312,0111,0101,0101,-4.331700801849365,-0.143761545419693,-4.187939256429672,0.013147481769795261,0,0
163,4,x1,0011,0011,0101,-1.307555913925171,-1.8131194114685059,0.505563497543335,0.2706917570705182,1,0
163,5,x2,0001,0001,0111,-1.7146248817443848,-1.9757585525512695,0.26113367080688477,0.18013047727713893,1,0
163,6,c31,0101,0000,0000,-2.007577657699585,-1.905651569366455,-0.10192608833312988,0.1343847892106092,0,0
163,7,x1,0001,0001,1001,-2.4251341819763184,-2.516808032989502,0.0916738510131836,0.0885019547151517,1,0
163,8,s10,0001,0001,1001,-1.5413987636566162,-1.5861291885375977,0.044730424880981445,0.2142102964989745,1,0
164,1,s01,1010,1000,1000,-2.7165145874023438,-2.591442584991455,-0.12507200241088867,0.06614046750902133,0,0
164,2,x2,1000,1000,1100,-2.591703414916992,-2.5918328762054443,0.00012946128845214844,0.07495322372304823,1,0
164,3,s10,0100,0100,0101,-2.652195692062378,-2.652195692062378,0.0,0.07055220238316605,0,1
164,4,s03,0100,1000,1000,-2.974658966064453,-2.5956547260284424,-0.37900424003601074,0.05111310087905981,0,0
164,5,c32,0100,1000,1000,-2.8615987300872803,-2.4223875999450684,-0.4392111301422119,0.05726686471971456,0,0
164,6,t321,0100,0100,0101,-0.6037489175796509,-1.9787489175796509,1.375,0.5468967279519857,1,0
164,7,x2,0110,0110,0101,-0.9491145610809326,-1.3140227794647217,0.36490821838378906,0.38711040693420756,1,0
164,8,c03,0110,0110,0111,-0.5405024886131287,-0.9155024886131287,0.375,0.5824956292323188,1,0
165,1,c31,0100,0100,1000,-2.4859793186187744,-2.534924268722534,0.048944950103759766,0.08330623057406047,1,0
165,2,t123,0100,0100,1100,-0.37654876708984375,-2.880168914794922,2.503620147705078,0.6863341524161203,1,0
165,3,x1,0000,0000,0100,-1.154549241065979,-1.418136477470398,0.26358723640441895,0.3152577700035925,1,0
165,4,c01,0000,0000,0100,-0.21840864419937134,-2.4896669387817383,2.271258294582367,0.8040039506982107,1,0
165,5,s12,0000,0000,0100,-1.2624053955078125,-1.3162384033203125,0.0538330078125,0.2830278858574262,1,0
165,6,t021,0000,0000,0100,-0.0018824044382199645,-6.641014099121094,6.639131694682874,0.998135508510212,1,0
165,7,c02,0000,0000,0010,-0.02523738332092762,-4.155787944793701,4.1305505614727736,0.9750828986671182,1,0
165,8,t021,0000,0000,1000,-0.00159529282245785,-6.504648685455322,6.503053392632864,0.998424500255808,1,0
166,1,c23,1111,1110,1110,-2.7769217491149902,-2.6519217491149902,-0.125,0.06226056590824293,0,0
166,2,s12,1111,1111,0111,-2.311729907989502,-2.426191806793213,0.11446189880371094,0.0991248449061172,1,0
166,3,x0,0111,0111,1111,-0.9282881021499634,-1.3818995952606201,0.45361149311065674,0.3953291806182014,1,0
166,4,c12,0101,0111,0111,-2.1528279781341553,-0.9696979522705078,-1.1831300258636475,0.11616437094975383,0,0
166,5,s31,0101,0001,0001,-1.4593089818954468,-1.1341114044189453,-0.32519757747650146,0.23248159049453543,0,0
166,6,s03,1100,1101,1101,-2.2802891731262207,-1.0302891731262207,-1.25,0.1023220501910408,0,0
166,7,s23,1100,1101,1101,-1.8679709434509277,-1.7429709434509277,-0.125,0.1545167891118844,0,0
166,8,x1,1000,1000,1101,-1.4227454662322998,-2.101079225540161,0.6783337593078613,0.24113202410152873,1,0
167,1,c32,0011,0000,0000,-2.9332997798919678,-2.425529956817627,-0.5077698230743408,0.05325976924020942,0,0
167,2,s23,0011,1000,1000,-3.103400707244873,-2.535243034362793,-0.5681576728820801,0.04493971590203174,0,0
167,3,s02,1001,1010,1010,-2.7206387519836426,-2.595534324645996,-0.12510442733764648,0.06588693470399251,0,0
167,4,t301,1101,0000,0000,-2.7773892879486084,-2.595895767211914,-0.18149352073669434,0.06225754803916974,0,0
167,5,c02,1111,1000,1000,-2.9708452224731445,-2.421992540359497,-0.5488526821136475,0.05131496111336951,0,0
167,6,s20,1111,1000,1000,-2.966827869415283,-2.5353434085845947,-0.4314844608306885,0.05152272540655842,0,0
167,7,c13,1110,0000,0000,-2.838459014892578,-2.5354113578796387,-0.30304765701293945,0.05859179958552035,0,0
167,8,s21,1110,0011,0011,-3.1680374145507812,-2.591961145401001,-0.5760762691497803,0.0421291460356721,0,0
168,1,c20,0011,1011,1011,-2.8415918350219727,-2.538602828979492,-0.30298900604248047,0.0583666058593322,0,0
168,2,s02,1001,0100,0100,-2.6521894931793213,-2.5994772911071777,-0.052712202072143555,0.07054680469873377,0,0
168,3,t201,1001,1100,1100,-2.8376970291137695,-2.6522860527038574,-0.1854109764099121,0.05860687675465142,0,0
168,4,t302,1011,1001,1001,-2.804396152496338,-1.7821323871612549,-1.022263765335083,0.06057035947857949,0,0
168,5,c21,1111,1000,1000,-2.7773921489715576,-2.6521966457366943,-0.12519550323486328,0.06224706649256499,0,0
168,6,s12,1111,1000,1000,-2.9176840782165527,-2.478175163269043,-0.43950891494750977,0.05408662773357246,0,0
168,7,c20,0111,0111,1111,-1.7554842233657837,-2.3118231296539307,0.556338906288147,0.17292521063415145,1,0
168,8,t012,0111,0111,1101,-1.3689707517623901,-2.250481605529785,0.881510853767395,0.2544152177201154,1,0
169,1,x3,0001,0000,0000,-2.599304437637329,-2.474304437637329,-0.125,0.0743708767697348,0,0
169,2,t210,0001,0001,1000,-1.8678193092346191,-2.5349910259246826,0.6671717166900635,0.15460320075283837,1,0
169,3,s01,0001,0001,1001,-1.1547925472259521,-1.3507094383239746,0.19591689109802246,0.3152471367326346,1,0
169,4,c12,0001,0001,0011,-0.46311551332473755,-1.762233853340149,1.2991183400154114,0.6294273830594905,1,0
169,5,c23,0001,0001,0000,-0.21231338381767273,-1.9623134136199951,1.7500000298023224,0.8088711047953715,1,0
169,6,t130,0001,0001,1001,-0.35014280676841736,-1.2643802165985107,0.9142374098300934,0.7046686364642039,1,0
169,7,c31,0101,0101,0001,-0.9477275609970093,-1.0355488061904907,0.08782124519348145,0.3876882272899736,1,0
169,8,s02,0101,0101,1101,-0.4846150875091553,-1.9234333038330078,1.4388182163238525,0.6160068034967815,1,0
170,1,x1,0011,0000,0000,-2.784777879714966,-2.53474760055542,-0.2500302791595459,0.061770844890715736,0,0
170,2,s13,0110,1000,1000,-2.8415021896362305,-2.5915040969848633,-0.2499980926513672,0.05837161380097427,0,0
170,3,t231,0110,1000,1000,-3.099966049194336,-2.4784951210021973,-0.6214709281921387,0.04509659733155188,0,0
170,4,s20,1100,0110,0110,-2.7115402221679688,-1.8921117782592773,-0.8194284439086914,0.06654393466666005,0,0
170,5,s20,0110,0100,0100,-2.8160197734832764,-2.206512928009033,-0.6095068454742432,0.05988875482931027,0,0
170,6,s30,0110,1010,1010,-3.304755926132202,-2.4747238159179688,-0.8300321102142334,0.03674581971299263,0,0
170,7,t210,1110,0110,0110,-1.4406185150146484,-0.9143759608268738,-0.5262425541877747,0.23686417972167004,0,0
170,8,s02,1110,1010,1010,-2.7164061069488525,-2.154879093170166,-0.5615270137786865,0.06614401127210733,0,0
171,1,t032,0001,0001,0000,-2.199087619781494,-2.449087619781494,0.25,0.11100118716726146,1,0
171,2,t201,0001,0001,1001,-0.46682003140449524,-2.355177640914917,1.8883576095104218,0.6271244773921666,1,0
171,3,c03,0001,0001,0011,-0.30839186906814575,-2.3083913326263428,1.999999463558197,0.7347027650019881,1,0
171,4,t301,0001,0001,1001,-0.09001069515943527,-2.6971547603607178,2.6071440652012825,0.9139552067813058,1,0
171,5,s13,0100,0101,0101,-1.8476014137268066,-1.2226015329360962,-0.6249998807907104,0.1576450633071344,0,0
171,6,c20,0100,1100,1100,-0.9797764420509338,-0.7077332735061646,-0.2720431685447693,0.3755639302595097,0,0
171,7,t201,0100,0100,0001,-0.025518007576465607,-4.41176700592041,4.3862489983439445,0.9748131368899056,1,0
171,8,c03,0100,0100,0101,-0.42821186780929565,-1.1782118082046509,0.7499999403953552,0.6517025209722835,1,0
172,1,c32,0000,0000,1000,-2.2670135498046875,-2.5349268913269043,0.2679133415222168,0.10369742345245929,1,0
172,2,t203,0000,0000,1000,-0.0687614232301712,-3.374950885772705,3.306189462542534,0.9335819600103034,1,0
172,3,s12,0000,0000,0100,-0.5326274037361145,-1.3348236083984375,0.802196204662323,0.5871296254642981,1,0
172,4,c30,0000,0000,1000,-0.2538403868675232,-1.521710991859436,1.2678706049919128,0.776086529786255,1,0
172,5,x0,1000,1000,0000,-0.4818043112754822,-1.0073692798614502,0.525564968585968,0.6197295243058756,1,0
172,6,x2,1010,1010,1000,-0.9709301590919495,-1.3963894844055176,0.4254593253135681,0.37875704707683455,1,0
172,7,s23,1001,1010,1010,-2.502267599105835,-0.9339177012443542,-1.5683498978614807,0.08191059731096223,0,0
172,8,c23,1001,1001,1000,-0.5060948133468628,-1.3810948133468628,0.875,0.6029304669158434,1,0
173,1,s03,0100,0100,0101,-2.3611788749694824,-2.6111788749694824,0.25,0.09438853396984952,1,0
173,2,s13,0001,0100,0100,-2.3623862266540527,-1.0941615104675293,-1.2682247161865234,0.0942298987451499,0,0
173,3,s03,1000,1000,1001,-1.9754472970962524,-2.225447177886963,0.24999988079071045,0.1388491801002077,1,0
173,4,c02,1010,1101,1101,-2.7780022621154785,-2.5927648544311523,-0.18523740768432617,0.062275509145589034,0,0
173,5,x1,1110,0000,0000,-2.9024832248687744,-2.595864772796631,-0.30661845207214355,0.054937645541764134,0,0
173,6,s23,1101,0000,0000,-2.8380918502807617,-2.5958752632141113,-0.2422165870666504,0.058595661429057394,0,0
173,7,t301,1001,1000,1000,-2.801178455352783,-2.426178455352783,-0.375,0.06081971116693686,0,0
173,8,t013,1001,0000,0000,-3.0429279804229736,-2.5354318618774414,-0.5074961185455322,0.047745232178443855,0,0
174,1,t203,0010,0010,0000,-2.158918619155884,-2.5389490127563477,0.38003039360046387,0.11552835076644813,1,0
174,2,c02,0010,0010,0110,-0.2935579717159271,-2.5442490577697754,2.2506910860538483,0.7457423472081387,1,0
174,3,t230,0010,0010,1010,-0.13249830901622772,-2.216702461242676,2.084204152226448,0.8759649181619564,1,0
174,4,x2,0000,0011,0011,-1.718034029006958,-1.1613225936889648,-0.5567114353179932,0.17942812368608924,0,0
174,5,s30,0000,0000,1000,-0.42934972047805786,-1.2160731554031372,0.7867234349250793,0.6514940277353112,1,0
174,6,x1,0100,0100,0010,-0.5899873971939087,-1.6828888654708862,1.0929014682769775,0.5543941058512045,1,0
174,7,x0,1100,1100,0100,-0.4546199440956116,-1.0663114786148071,0.6116915345191956,0.6347689954886505,1,0
174,8,s23,1100,1100,1101,-1.0560076236724854,-1.1810076236724854,0.125,0.3478718777703148,1,0
175,1,s20,0001,0001,1000,-2.4821653366088867,-2.534964084625244,0.05279874801635742,0.0836244575258904,1,0
175,2,c20,0001,0001,1001,-0.8858733177185059,-1.4822498559951782,0.5963765382766724,0.4124928623689386,1,0
175,3,t023,0001,0001,1000,-0.011052940972149372,-5.76871919631958,5.757666255347431,0.989029729490642,1,0
175,4,x1,0101,0101,0011,-0.6975801587104797,-1.6653189659118652,0.9677388072013855,0.4978640023054798,1,0
175,5,t320,0101,0101,1101,-0.31878578662872314,-1.3453561067581177,1.0265703201293945,0.7270595623205828,1,0
175,6,x2,0111,0111,0101,-0.8366637825965881,-1.2997947931289673,0.46313101053237915,0.43317014086864297,1,0
175,7,c21,0011,0111,0111,-1.3251802921295166,-1.0395042896270752,-0.2856760025024414,0.26580184913196175,0,0
175,8,t231,0111,0011,0011,-3.026193141937256,-0.07332926988601685,-2.952863872051239,0.04850092236227433,0,0
176,1,s02,1010,1010,0100,-2.5954713821411133,-2.595546245574951,7.486343383789062e-05,0.07466644432328433,1,0
176,2,x3,1011,1010,1010,-1.5481117963790894,-1.4231117963790894,-0.125,0.21269852499553057,0,0
176,3,s12,1101,1011,1011,-3.011415719985962,-1.2996015548706055,-1.7118141651153564,0.04923302824837856,0,0
176,4,c31,1001,1101,1101,-1.8798587322235107,-0.9258384704589844,-0.9540202617645264,0.15272597274916652,0,0
176,5,c32,1011,1000,1000,-2.183718681335449,-1.8770365715026855,-0.30668210983276367,0.11269694547942154,0,0
176,6,x3,1010,1000,1000,-2.0631494522094727,-2.0025949478149414,-0.06055450439453125,0.12714731656738643,0,0
176,7,t120,1010,1010,0010,-1.6739447116851807,-2.1784868240356445,0.5045421123504639,0.18765277714610007,1,0
176,8,t023,1011,1010,1010,-1.3294090032577515,-0.45440906286239624,-0.8749999403953552,0.2646714192292409,0,0
177,1,c23,0010,0010,1010,-2.652024269104004,-2.6520893573760986,6.508827209472656e-05,0.07055082200133975,1,0
177,2,t123,0010,0010,1010,-1.9431854486465454,-2.6523475646972656,0.7091621160507202,0.1433817378719531,1,0
177,3,x0,1010,1010,0010,-1.2305123805999756,-1.273209571838379,0.04269719123840332,0.29226188331188196,1,0
177,4,t213,1010,1010,1011,-0.4488573670387268,-1.8238574266433716,1.3750000596046448,0.6384073766886009,1,0
177,5,x1,1110,1110,1000,-0.9746897220611572,-1.941583275794983,0.9668935537338257,0.3773728512684702,1,0
177,6,s12,1110,1110,1111,-1.4303251504898071,-1.4303251504898071,0.0,0.23926045761549908,0,1
177,7,s32,1101,1110,1110,-2.1384801864624023,-1.152909755706787,-0.9855704307556152,0.11785084597512518,0,0
177,8,t130,0101,1101,1101,-2.1926217079162598,-0.15975019335746765,-2.032871514558792,0.11164524705653932,0,0
178,1,t123,1001,1001,1000,-2.100908041000366,-2.600908041000366,0.5,0.12246086971590178,1,0
178,2,t103,1001,1001,0001,-0.28737473487854004,-2.6908273696899414,2.4034526348114014,0.7503481349304844,1,0
178,3,s01,0101,0101,1101,-1.4833431243896484,-1.5026781558990479,0.019335031509399414,0.23131265836429626,1,0
178,4,s23,0110,0101,0101,-3.021955966949463,-0.960996150970459,-2.060959815979004,0.04871525079953788,0,0
178,5,c03,0110,0110,0111,-0.37110400199890137,-1.3711038827896118,0.9999998807907104,0.6900718655461103,1,0
178,6,t103,0110,0110,0111,-0.005830220878124237,-6.00583028793335,6.000000067055225,0.9941999996458253,1,0
178,7,s01,1010,1110,1110,-2.234182596206665,-0.8829078078269958,-1.3512747883796692,0.10712432686667477,0,0
178,8,t310,1010,1010,1110,-0.15705029666423798,-2.325524091720581,2.168473795056343,0.8547224484580583,1,0
179,1,x1,0100,0000,0000,-2.5425331592559814,-2.4252963066101074,-0.11723685264587402,0.07870700362394518,0,0
179,2,c13,0101,1000,1000,-2.8418941497802734,-2.5917863845825195,-0.2501077651977539,0.05836976461411871,0,0
179,3,s03,1100,1000,1000,-2.7174532413482666,-2.4755163192749023,-0.24193692207336426,0.06615900166377943,0,0
179,4,x1,1000,0001,0001,-2.7773983478546143,-2.592005729675293,-0.1853926181793213,0.062260070291130475,0,0
179,5,t321,1000,0000,0000,-2.837688446044922,-2.5919294357299805,-0.2457590103149414,0.05861156241177644,0,0
179,6,x2,1010,1010,1001,-1.5860576629638672,-1.6501212120056152,0.06406354904174805,0.20477723706577863,1,0
179,7,c30,1010,1010,0110,-1.4238340854644775,-1.8029446601867676,0.37911057472229004,0.24094698661330546,1,0
179,8,t120,1010,1010,0010,-0.7468963265419006,-1.2439029216766357,0.4970065951347351,0.47393410731764446,1,0
180,1,s13,0011,0100,0100,-2.9022417068481445,-2.652042865753174,-0.2501988410949707,0.054934193698120706,0,0
180,2,t023,0011,1000,1000,-2.8005590438842773,-2.5350680351257324,-0.2654910087585449,0.06082830678044491,0,0
180,3,x3,0010,0001,0001,-1.8772236108779907,-1.6129488945007324,-0.2642747163772583,0.1530646370892637,0,0
180,4,s03,0010,0010,1010,-1.5736140012741089,-1.6807564496994019,0.10714244842529297,0.2074233661776099,1,0
180,5,t302,0010,0010,1010,-0.048230960965156555,-3.389465808868408,3.3412348479032516,0.9529730497667772,1,0
180,6,c20,1010,0010,0010,-0.7743015289306641,-0.644336998462677,-0.12996453046798706,0.4612636780899968,0,0
180,7,c23,1011,1010,1010,-1.3311362266540527,-1.2061363458633423,-0.12499988079071045,0.26423414580002047,0,0
180,8,t213,1011,1011,1111,-0.1251230537891388,-2.747065544128418,2.621942490339279,0.8824620729512661,1,0
181,1,t201,0111,0000,0000,-2.659658432006836,-2.534728527069092,-0.12492990493774414,0.07000232575327611,0,0
181,2,t102,0111,0111,1111,-1.162627935409546,-2.084641456604004,0.922013521194458,0.31275989852532726,1,0
181,3,x3,0110,0101,0101,-1.7122881412506104,-1.3417649269104004,-0.37052321434020996,0.18051573052780454,0,0
181,4,s21,0110,0010,0010,-1.7940683364868164,-1.5315437316894531,-0.2625246047973633,0.16636163646551713,0,0
181,5,c03,0110,0110,0111,-0.35714438557624817,-1.4821444749832153,1.1250000894069672,0.699798213994263,1,0
181,6,t102,0110,0110,0111,-0.010105254128575325,-5.010105133056641,4.999999878928065,0.9899623916820595,1,0
181,7,c31,0110,0110,0010,-0.6361969113349915,-1.3306095600128174,0.6944126486778259,0.5293746020701666,1,0
181,8,x2,0100,0111,0111,-1.3745886087417603,-1.1014248132705688,-0.2731637954711914,0.2529598751026537,0,0
182,1,t320,0011,1011,1011,-2.974435806274414,-2.319563627243042,-0.6548721790313721,0.05110744834913186,0,0
182,2,x2,0001,1110,1110,-2.9100377559661865,-2.5958330631256104,-0.31420469284057617,0.054519892782623126,0,0
182,3,t032,0001,1000,1000,-2.7285783290863037,-2.5349574089050293,-0.19362092018127441,0.06536675926600993,0,0
182,4,s30,1000,0001,0001,-2.1612484455108643,-1.6417381763458252,-0.5195102691650391,0.11528116455448366,0,0
182,5,x3,1001,1010,1010,-1.828115701675415,-1.7676459550857544,-0.060469746589660645,0.16080515593511555,0,0
182,6,s03,1001,1000,1000,-2.9335992336273193,-2.4335992336273193,-0.5,0.05327011011013873,0,0
182,7,s30,1001,1001,1101,-2.013242483139038,-2.188201665878296,0.1749591827392578,0.13362764964233345,1,0
182,8,s01,0101,1001,1001,-2.192460536956787,-1.7265279293060303,-0.46593260765075684,0.11169488494229267,0,0
183,1,s31,0101,0100,0100,-2.5386977195739746,-2.5386977195739746,0.0,0.07901944722199855,0,1
183,2,t032,0101,0101,1101,-0.6461906433105469,-2.7536094188690186,2.1074187755584717,0.5241829995389553,1,0
183,3,x1,0001,0001,0101,-1.114311933517456,-1.4058513641357422,0.29153943061828613,0.3282034334910451,1,0
183,4,s02,0001,0001,1001,-0.9246243238449097,-1.3707880973815918,0.44616377353668213,0.3968395202029951,1,0
183,5,s02,0001,0001,1001,-0.25557756423950195,-1.9472696781158447,1.6916921138763428,0.774623017521493,1,0
183,6,s30,1000,0001,0001,-1.4768248796463013,-0.6699953675270081,-0.8068295121192932,0.22992408164069209,0,0
183,7,s20,0010,1000,1000,-2.832855701446533,-1.8099031448364258,-1.0229525566101074,0.05894757069552517,0,0
183,8,x2,0000,0001,0001,-2.1156179904937744,-1.9906179904937744,-0.125,0.1206876106855027,0,0
184,1,s01,0110,1010,1010,-2.982257843017578,-2.493536949157715,-0.4887208938598633,0.05071368946377311,0,0
184,2,t231,0110,0110,1100,-2.2897000312805176,-2.652324676513672,0.3626246452331543,0.10138200664118664,1,0
184,3,s32,0101,0111,0111,-2.038790225982666,-1.5953221321105957,-0.4434680938720703,0.13023393350232138,0,0
184,4,x0,1101,1101,0101,-0.8407483100891113,-1.220005989074707,0.3792576789855957,0.4316195880007971,1,0
184,5,s13,1101,1100,1100,-1.6512105464935303,-1.6512105464935303,0.0,0.19190259633305465,0,1
184,6,s23,1110,1100,1100,-2.0881600379943848,-1.1976721286773682,-0.8904879093170166,0.12395055140533852,0,0
184,7,c03,1111,1110,1110,-0.9823945760726929,-0.6073945760726929,-0.375,0.37448635408490216,0,0
184,8,t132,1101,1111,1111,-3.3083763122558594,-0.22556041181087494,-3.0828159004449844,0.036579865882504406,0,0
185,1,s12,0000,0000,1000,-2.37249755859375,-2.5348634719848633,0.16236591339111328,0.09330213931918038,1,0
185,2,x2,0010,0000,0000,-1.464026689529419,-1.4130377769470215,-0.05098891258239746,0.23132689344272675,0,0
185,3,x3,0011,0011,0000,-1.7533682584762573,-1.7534594535827637,9.119510650634766e-05,0.17325293778951467,1,0
185,4,c23,0010,0011,0011,-2.443880081176758,-0.5688800811767578,-1.875,0.08685924647391156,0,0
185,5,s21,0100,1000,1000,-2.6721091270446777,-2.3162498474121094,-0.35585927963256836,0.06917992813836321,0,0
185,6,s31,0001,1000,1000,-2.717127561569214,-2.535454750061035,-0.1816728115081787,0.06613719560432464,0,0
185,7,x2,0011,1000,1000,-2.8426454067230225,-2.367034673690796,-0.47561073303222656,0.058410801663585636,0,0
185,8,t120,0011,1000,1000,-2.761590003967285,-2.1997199058532715,-0.5618700981140137,0.06332397520082153,0,0
186,1,x2,0101,0000,0000,-2.7847254276275635,-2.474240303039551,-0.3104851245880127,0.061776789070985744,0,0
186,2,c03,0101,0101,0100,-2.053173780441284,-2.553173780441284,0.5,0.1284219143818562,1,0
186,3,t130,1101,0101,0101,-2.412862539291382,-0.13414786756038666,-2.278714671730995,0.08956784126069789,0,0
186,4,s10,1101,0101,0101,-1.9646668434143066,-1.0047023296356201,-0.9599645137786865,0.140228540436159,0,0
186,5,c32,1111,1111,1100,-1.2561180591583252,-1.29313325881958,0.03701519966125488,0.284814614492196,1,0
186,6,c01,1011,1111,1111,-1.3731226921081543,-0.8243305683135986,-0.5487921237945557,0.2533463850656212,0,0
186,7,c13,1011,1011,1010,-0.9379734992980957,-1.0629734992980957,0.125,0.3914489646512176,1,0
186,8,x0,0011,1011,1011,-1.1759170293807983,-0.791797399520874,-0.3841196298599243,0.30858679088311824,0,0
187,1,x1,0111,0000,0000,-2.7848141193389893,-2.5386390686035156,-0.24617505073547363,0.06177243554480511,0,0
187,2,c32,0101,1000,1000,-2.841625452041626,-2.5311269760131836,-0.3104984760284424,0.05837034424126116,0,0
187,3,t310,1101,0101,0101,-2.691135883331299,-2.081416606903076,-0.6097192764282227,0.06788651333428472,0,0
187,4,t230,1101,0100,0100,-2.7320916652679443,-2.2480967044830322,-0.4839949607849121,0.06514651603164656,0,0
187,5,c10,0101,0101,1101,-1.1158018112182617,-1.7290737628936768,0.613271951675415,0.3278746768882036,1,0
187,6,c02,0101,0100,0100,-1.5717430114746094,-1.5717430114746094,0.0,0.20772405336966465,0,1
187,7,s23,0110,0100,0100,-2.11405348777771,-1.5831433534622192,-0.5309101343154907,0.12076670824757361,0,0
187,8,x0,1110,1110,0111,-1.3083271980285645,-1.586340069770813,0.27801287174224854,0.2703744584468567,1,0
188,1,c32,1000,1000,0100,-2.2751760482788086,-2.6527953147888184,0.37761926651000977,0.10293213675082083,1,0
188,2,t103,1000,1000,0000,-0.15505482256412506,-3.3511109352111816,3.1960561126470566,0.8564701596859928,1,0
188,3,t210,1000,1000,0000,-0.14594075083732605,-2.3730595111846924,2.2271187603473663,0.8643032174098739,1,0
188,4,s30,0001,1000,1000,-3.43882417678833,-0.483283668756485,-2.955540508031845,0.03264577202927603,0,0
188,5,t013,0001,0001,0101,-0.006936903111636639,-6.443283557891846,6.436346654780209,0.99310875798119,1,0
188,6,c02,0001,0001,0011,-0.29477399587631226,-1.7277259826660156,1.4329519867897034,0.7447335493267132,1,0
188,7,s21,0001,0101,0101,-1.4950326681137085,-0.9742166996002197,-0.5208159685134888,0.22427752520663957,0,0
188,8,t210,0001,0001,1001,-0.011129485443234444,-5.143823146820068,5.132693661376834,0.9889363042265862,1,0
189,1,c20,1101,1101,1000,-2.1724023818969727,-2.5350396633148193,0.3626372814178467,0.11399319026919894,1,0
189,2,s20,0111,0101,0101,-3.4227523803710938,-1.3487112522125244,-2.0740411281585693,0.03263878269255373,0,0
189,3,t210,1111,0111,0111,-1.486083984375,-0.6930105686187744,-0.7930734157562256,0.22629546478666604,0,0
189,4,x1,1011,1011,1101,-1.3310587406158447,-1.8810373544692993,0.5499786138534546,0.2642848406948405,1,0
189,5,t013,1011,1011,1010,-0.5345538854598999,-1.9095538854599,1.375,0.5859886207551351,1,0
189,6,t031,1111,1011,1011,-2.2473251819610596,-0.19498513638973236,-2.052340045571327,0.1056897488729969,0,0
189,7,c21,1011,1011,1101,-1.3976469039916992,-1.4474210739135742,0.049774169921875,0.2472230378424286,1,0
189,8,x0,0011,1011,1011,-1.531630277633667,-1.1791191101074219,-0.3525111675262451,0.2162631252928669,0,0
190,1,x2,0001,1000,1000,-2.7125730514526367,-2.595398187637329,-0.11717486381530762,0.06640496306435541,0,0
190,2,t013,0001,0001,1000,-2.085498332977295,-2.712632179260254,0.627133846282959,0.12433399162416632,1,0
190,3,t120,0001,0001,1001,-0.2582244277000427,-1.5821365118026733,1.3239120841026306,0.7724879027801804,1,0
190,4,t213,0001,0001,0011,-0.03822415694594383,-4.107364177703857,4.069140020757914,0.962541931410419,1,0
190,5,t321,0001,0001,0101,-0.07341775298118591,-2.823582887649536,2.75016513466835,0.9292501291385867,1,0
190,6,s31,0100,0101,0101,-2.155825614929199,-0.905825674533844,-1.2499999403953552,0.11582458726846553,0,0
190,7,s30,0100,0100,1100,-0.9706472754478455,-1.062562346458435,0.0919150710105896,0.3792989330728971,1,0
190,8,x1,0000,0100,0100,-1.5671507120132446,-1.351263165473938,-0.21588754653930664,0.20867922735509778,0,0
191,1,t320,0100,0100,1000,-2.3086748123168945,-2.534825325012207,0.2261505126953125,0.09945603500730264,1,0
191,2,c23,0100,0100,0101,-0.65798419713974,-1.5329842567443848,0.8750000596046448,0.5179917210694097,1,0
191,3,x0,1100,1100,0100,-0.7972301244735718,-0.9756456613540649,0.17841553688049316,0.4506051981536477,1,0
191,4,x0,0100,1100,1100,-0.7614182829856873,-0.7290446758270264,-0.03237360715866089,0.4670814403445492,0,0
191,5,c01,0100,0100,0000,-0.28750473260879517,-1.8519657850265503,1.5644610524177551,0.7501707015499173,1,0
191,6,s23,0100,0100,0101,-1.0730477571487427,-1.0730477571487427,0.0,0.3419831389081802,0,1
191,7,c23,0100,0100,0101,-0.20566579699516296,-1.9556658267974854,1.7500000298023224,0.8141298422909827,1,0
191,8,c13,0101,0100,0100,-3.4171361923217773,-0.04213625192642212,-3.3749999403953552,0.03280694913765575,0,0
192,1,t123,1101,1101,1000,-2.368602752685547,-2.478168487548828,0.10956573486328125,0.09366446452522344,1,0
192,2,c03,1100,1101,1101,-1.9006283283233643,-0.9006283283233643,-1.0,0.1495264637182979,0,0
192,3,s20,0110,0100,0100,-3.9380786418914795,-1.3508809804916382,-2.5871976613998413,0.019499011073823114,0,0
192,4,c31,0110,0111,0111,-1.9322535991668701,-1.8072535991668701,-0.125,0.14490735181796222,0,0
192,5,x1,0010,0010,0100,-1.6605323553085327,-1.822417140007019,0.16188478469848633,0.19011261541906643,1,0
192,6,t312,0010,0010,0011,-0.06175436079502106,-3.4367544651031494,3.3750001043081284,0.9401828888755949,1,0
192,7,t123,0010,0010,0011,-0.002128903055563569,-6.377129077911377,6.375000174855813,0.9978771547578932,1,0
192,8,t123,0010,0010,1010,-0.0030409833416342735,-6.567011833190918,6.563970849849284,0.9969760220385084,1,0
193,1,s23,0010,0000,0000,-2.611063003540039,-2.4177706241607666,-0.19329237937927246,0.07350576389045246,0,0
193,2,c01,0010,1111,1111,-2.9671359062194824,-2.592226505279541,-0.3749094009399414,0.0515162890001137,0,0
193,3,t130,0010,0010,1010,-0.7551497220993042,-1.7766250371932983,1.0214753150939941,0.47028032522937185,1,0
193,4,t230,0010,0010,1010,-0.03044973686337471,-3.5649094581604004,3.5344597212970257,0.9700579099732536,1,0
193,5,t031,0010,0010,0110,-0.025969291105866432,-3.8001513481140137,3.7741820570081472,0.97442645588054,1,0
193,6,t032,0010,0010,0011,-0.03094172291457653,-3.9059417247772217,3.875000001862645,0.9695444746549305,1,0
193,7,s21,0100,0110,0110,-2.7382380962371826,-1.3856724500656128,-1.3525656461715698,0.06470758066847239,0,0
193,8,c12,0110,0100,0100,-2.794437885284424,-0.14548827707767487,-2.648949608206749,0.06115581799315099,0,0
194,1,t231,1001,1001,0000,-2.2745871543884277,-2.5350804328918457,0.26049327850341797,0.10292399051560602,1,0
194,2,c31,1101,1001,1001,-1.9254958629608154,-0.7438960671424866,-1.1815997958183289,0.14583601337725208,0,0
194,3,t302,1111,1101,1101,-4.150241851806641,-0.05842689797282219,-4.091814953833818,0.015761785352081666,0,0
194,4,t013,1110,1111,1111,-1.229621410369873,-0.9796213507652283,-0.2500000596046448,0.29255080262042116,0,0
194,5,t032,1110,1111,1111,-1.2062875032424927,-1.0812875032424927,-0.125,0.29953538368453525,0,0
194,6,s12,1110,1110,1111,-1.5558092594146729,-1.6808092594146729,0.125,0.21112373901222117,1,0
194,7,s31,1011,1111,1111,-2.215480327606201,-1.334533929824829,-0.8809463977813721,0.10914663178870601,0,0
194,8,t032,1001,1011,1011,-5.521937370300293,-0.2719036936759949,-5.250033676624298,0.003998199493829333,0,0
195,1,c01,1000,1100,1100,-2.5388169288635254,-2.338716506958008,-0.20010042190551758,0.07901550240388594,0,0
195,2,c20,1000,1000,1100,-2.141777992248535,-2.5012900829315186,0.3595120906829834,0.11751492709774097,1,0
195,3,t230,1000,1000,0000,-0.3886982798576355,-2.608297824859619,2.2195995450019836,0.6781399869640693,1,0
195,4,c02,1010,1000,1000,-1.5439252853393555,-0.47890201210975647,-1.065023273229599,0.2135694337657678,0,0
195,5,s10,0110,1010,1010,-2.1418263912200928,-1.5200914144515991,-0.6217349767684937,0.11751286748296613,0,0
195,6,x2,0100,0011,0011,-2.011296033859253,-1.9510152339935303,-0.060280799865722656,0.13389608310740267,0,0
195,7,x0,1100,0100,0100,-1.350660800933838,-1.335573673248291,-0.015087127685546875,0.25934220583663875,0,0
195,8,x2,1110,1110,1100,-1.816497564315796,-1.9336206912994385,0.11712312698364258,0.16264042133257678,1,0
196,1,s30,0010,0010,1000,-2.482024669647217,-2.652167797088623,0.17014312744140625,0.0836304112194453,1,0
196,2,t321,0010,0010,0110,-0.286891907453537,-2.9792468547821045,2.6923549473285675,0.7507268078199042,1,0
196,3,s23,0001,0010,0010,-2.4315669536590576,-1.112676739692688,-1.3188902139663696,0.08792125451006436,0,0
196,4,t301,0001,0001,1001,-0.07447195053100586,-3.257690906524658,3.1832189559936523,0.9283756760323133,1,0
196,5,s03,1000,1000,1001,-1.4989514350891113,-1.4989514350891113,0.0,0.2236908713886568,0,1
196,6,c01,1100,1000,1000,-1.939831256866455,-0.5408064723014832,-1.399024784564972,0.1437413486486675,0,0
196,7,x2,1110,1110,1101,-1.141618251800537,-1.4444830417633057,0.30286478996276855,0.31940240165532435,1,0
196,8,x2,1100,1100,1111,-1.3587524890899658,-1.4605865478515625,0.10183405876159668,0.2570435285581565,1,0
197,1,s13,0101,1000,1000,-2.6520895957946777,-2.534996747970581,-0.11709284782409668,0.0705580260300651,0,0
197,2,t120,0101,0101,1101,-0.9194029569625854,-1.704096794128418,0.7846938371658325,0.3989530985380156,1,0
197,3,c01,0101,0101,0001,-0.5421927571296692,-1.0550390481948853,0.5128462910652161,0.5815534055021371,1,0
197,4,t103,0101,0101,1101,-0.08448052406311035,-2.8967955112457275,2.812314987182617,0.9191122062643933,1,0
197,5,t123,0101,0101,0111,-0.058593153953552246,-3.3340816497802734,3.275488495826721,0.9431456921928801,1,0
197,6,t120,0101,0101,1101,-0.20178674161434174,-1.7398320436477661,1.5380453020334244,0.8173091726126759,1,0
197,7,s02,0101,0101,1101,-1.1296741962432861,-1.465848445892334,0.33617424964904785,0.3231577307110372,1,0
197,8,c32,0111,0101,0101,-1.198279857635498,-0.5908339023590088,-0.6074459552764893,0.30172097204773024,0,0
198,1,c10,1111,0000,0000,-2.966317653656006,-2.5347321033477783,-0.43158555030822754,0.05151423202731351,0,0
198,2,t230,0111,1111,1111,-2.075984001159668,-1.9509248733520508,-0.1250591278076172,0.12550831854695713,0,0
198,3,c21,0011,0011,0111,-1.0432207584381104,-1.1537061929702759,0.11048543453216553,0.35240246687227056,1,0
198,4,c21,0111,0011,0011,-1.5683459043502808,-1.4539408683776855,-0.11440503597259521,0.20844383111213088,0,0
198,5,s10,1011,0111,0111,-1.7174053192138672,-1.1319910287857056,-0.5854142904281616,0.1795644385904227,0,0
198,6,x2,1001,1111,1111,-1.6691029071807861,-1.608154535293579,-0.06094837188720703,0.18844506860742583,0,0
198,7,x1,1101,1101,1100,-1.4425113201141357,-1.6925113201141357,0.25,0.23638678322806012,1,0
198,8,x1,1001,1001,1111,-1.8174939155578613,-2.115363597869873,0.2978696823120117,0.16246643878536102,1,0
199,1,t301,0110,0000,0000,-2.6596481800079346,-2.5348477363586426,-0.12480044364929199,0.07000480213386333,0,0
199,2,x3,0111,0111,0110,-1.7321898937225342,-1.8571898937225342,0.125,0.17696831142537503,1,0
199,3,c02,0111,0111,0011,-0.32683154940605164,-2.5215847492218018,2.19475319981575,0.7213319315285557,1,0
199,4,c21,0011,0111,0111,-1.3264425992965698,-0.4909377694129944,-0.8355048298835754,0.26547406632878834,0,0
199,5,x2,0001,0001,0010,-0.9788765907287598,-1.708046317100525,0.7291697263717651,0.3757949495605246,1,0
199,6,c21,0001,0001,0101,-0.9472034573554993,-1.0401520729064941,0.09294861555099487,0.3879236767760082,1,0
199,7,s03,1000,0001,0001,-1.8792345523834229,-0.6588174700737,-1.220417082309723,0.15276784373804103,0,0
199,8,x1,1100,1100,1010,-1.185376524925232,-1.847823143005371,0.6624466180801392,0.3057728905309443,1,0
200,1,x2,0111,0000,0000,-2.7849161624908447,-2.478217124938965,-0.3066990375518799,0.06177474978733829,0,0
200,2,x2,0101,1000,1000,-2.651923894882202,-2.6518993377685547,-2.4557113647460938e-05,0.07054505724170501,0,0
200,3,x3,0100,0001,0001,-2.410371780395508,-2.228947639465332,-0.18142414093017578,0.08985313093207667,0,0
200,4,s30,0100,0100,1000,-2.230353355407715,-2.3653311729431152,0.1349778175354004,0.10767070236806739,1,0
200,5,c32,0100,0100,0101,-0.2255883663892746,-2.475588321685791,2.2499999552965164,0.7983032282046774,1,0
200,6,c01,0100,0100,0000,-0.2610706090927124,-2.018399238586426,1.7573286294937134,0.7703760632470037,1,0
200,7,x2,0110,0110,0100,-1.1058313846588135,-1.1619954109191895,0.05616402626037598,0.33095467999873457,1,0
200,8,x3,0111,0111,0110,-0.6532161235809326,-0.7782161235809326,0.125,0.5203975052244131,1,0
201,1,x2,0101,0000,0000,-2.7729878425598145,-2.6519241333007812,-0.1210637092590332,0.06250267419370445,0,0
201,2,x0,1101,0101,0101,-2.3761560916900635,-2.2615699768066406,-0.11458611488342285,0.09295482786267793,0,0
201,3,x2,1111,1111,1100,-2.158449172973633,-2.2756974697113037,0.1172482967376709,0.1155287662544278,1,0
201,4,x2,1101,1101,1110,-1.571793556213379,-1.9822444915771484,0.41045093536376953,0.20770821836842976,1,0
201,5,c32,1111,1100,1100,-2.385396957397461,-1.2603938579559326,-1.1250030994415283,0.09209359546834765,0,0
201,6,t230,0111,1111,1111,-2.176464557647705,-1.6943705081939697,-0.48209404945373535,0.11352586184729732,0,0
201,7,s20,1101,0111,0111,-2.3496310710906982,-1.323455572128296,-1.0261754989624023,0.09548088540310318,0,0
201,8,s20,0111,0101,0101,-2.2952687740325928,-1.8285795450210571,-0.46668922901153564,0.1008110716751163,0,0
202,1,t301,1011,1000,1000,-2.7846007347106934,-2.534583568572998,-0.2500171661376953,0.061772817227706486,0,0
202,2,x3,1010,1011,1011,-2.218407392501831,-2.093407392501831,-0.125,0.10882017055139435,0,0
202,3,s10,0110,0110,1010,-1.7429758310317993,-1.7892553806304932,0.04627954959869385,0.17506025888455373,1,0
202,4,x3,0111,0111,0011,-2.042830467224121,-2.0471529960632324,0.004322528839111328,0.1297041833105361,1,0
202,5,c03,0111,0111,0110,-1.2963097095489502,-1.6713097095489502,0.375,0.2736748322935939,1,0
202,6,t312,0101,0111,0111,-3.624305248260498,-0.140156090259552,-3.484149158000946,0.026671047851195766,0,0
202,7,s02,0101,1101,1101,-2.728342056274414,-1.8344788551330566,-0.8938632011413574,0.065386822343495,0,0
202,8,c31,0001,0001,0100,-1.5468862056732178,-2.1012234687805176,0.5543372631072998,0.21304118714188158,1,0
203,1,x0,1000,0000,0000,-2.667722702026367,-2.0479238033294678,-0.6197988986968994,0.06946079426979966,0,0
203,2,s20,0010,1000,1000,-2.9102907180786133,-2.652425765991211,-0.25786495208740234,0.05451445764661302,0,0
203,3,x2,0000,1111,1111,-3.126967430114746,-2.316586971282959,-0.8103804588317871,0.04390733825795497,0,0
203,4,x1,0100,1111,1111,-2.8453826904296875,-2.4783010482788086,-0.3670816421508789,0.05814392392867429,0,0
203,5,t023,0100,1000,1000,-2.9711661338806152,-2.5315146446228027,-0.4396514892578125,0.051314871645750715,0,0
203,6,x0,1100,1100,1000,-1.926192283630371,-2.1762118339538574,0.25001955032348633,0.14578361171596843,1,0
203,7,s31,1001,1000,1000,-2.421391725540161,-2.421391725540161,0.0,0.08883892203703238,0,1
203,8,x3,1000,1000,1010,-1.9965134859085083,-2.2387447357177734,0.24223124980926514,0.13590281370368834,1,0
204,1,x2,0010,0000,0000,-2.7848525047302246,-2.534860849380493,-0.24999165534973145,0.06177726242368921,0,0
204,2,t320,0010,0010,1000,-2.2761459350585938,-2.5351548194885254,0.25900888442993164,0.1027877653737998,1,0
204,3,x0,1010,1010,0010,-1.0414116382598877,-1.058781385421753,0.017369747161865234,0.3531420269066169,1,0
204,4,x2,1000,1000,1010,-1.3845102787017822,-1.6907734870910645,0.3062632083892822,0.25049372219326943,1,0
204,5,t301,1000,1000,0000,-0.5767738819122314,-1.3313860893249512,0.7546122074127197,0.5618148989119442,1,0
204,6,c32,1000,1000,1001,-0.41488075256347656,-1.4148807525634766,1.0,0.6604448281148936,1,0
204,7,c03,1001,1000,1000,-3.436339855194092,-0.06133970245718956,-3.3750001527369022,0.032183038765885644,0,0
204,8,s02,0011,0001,0001,-2.6054790019989014,-1.3357148170471191,-1.2697641849517822,0.07388452586247392,0,0
205,1,t023,0100,0100,1000,-2.425654411315918,-2.5917370319366455,0.16608262062072754,0.08849999247079032,1,0
205,2,t012,0100,0100,0000,-0.19615408778190613,-2.8157918453216553,2.619637757539749,0.8219666651496834,1,0
205,3,c03,0100,0100,0101,-0.7878745794296265,-0.7878745794296265,0.0,0.4548660420853823,0,1
205,4,t021,0100,0100,0000,-0.13722160458564758,-2.557368278503418,2.4201466739177704,0.8718512963224052,1,0
205,5,c20,0100,1100,1100,-0.8575319647789001,-0.6395162343978882,-0.21801573038101196,0.4243145817107892,0,0
205,6,s01,1000,0100,0100,-2.261667251586914,-0.8489725589752197,-1.4126946926116943,0.10424774701193266,0,0
205,7,t320,1000,1000,1100,-0.045614514499902725,-3.676316499710083,3.6307019852101803,0.9554582604071127,1,0
205,8,t132,1000,1000,1010,-0.02140904776751995,-4.406744956970215,4.385335909202695,0.978835047810049,1,0
206,1,t102,0000,0000,1000,-2.119818687438965,-2.3201842308044434,0.20036554336547852,0.12015876633231906,1,0
206,2,s01,0000,0000,0100,-1.0820016860961914,-1.8117241859436035,0.7297224998474121,0.3389969433709064,1,0
206,3,t210,0000,0000,1000,-0.43842437863349915,-1.1040384769439697,0.6656140983104706,0.6451062545029453,1,0
206,4,t103,0000,0000,1000,-0.017858050763607025,-4.686214447021484,4.668356396257877,0.9823287573173286,1,0
206,5,t203,0000,0000,0100,-0.006425503641366959,-6.007821559906006,6.001396056264639,0.9936381635413274,1,0
206,6,t321,0000,0000,0100,-0.15657268464565277,-2.5888752937316895,2.4323026090860367,0.8551142791291808,1,0
206,7,x2,0010,0010,0001,-0.5808277130126953,-1.2142057418823242,0.6333780288696289,0.559441071994575,1,0
206,8,x0,1010,1010,0010,-0.7414955496788025,-1.1308748722076416,0.3893793225288391,0.47647656911019637,1,0
207,1,x0,1101,0000,0000,-2.841588020324707,-2.474412202835083,-0.367175817489624,0.05837525151135659,0,0
207,2,x3,1100,1100,1101,-2.482145071029663,-2.482145071029663,0.0,0.08362322054541924,0,1
207,3,s32,1100,1100,1101,-1.843554973602295,-1.843554973602295,0.0,0.15835563175466313,0,1
207,4,c30,1100,1100,0100,-0.6630069017410278,-1.731610655784607,1.068603754043579,0.5155687720589968,1,0
207,5,s10,1100,0100,0100,-2.1075356006622314,-0.8384541273117065,-1.269081473350525,0.12158233670484747,0,0
207,6,s03,0101,1100,1100,-5.085236549377441,-0.4592903256416321,-4.625946223735809,0.006189095422337536,0,0
207,7,s30,1100,0101,0101,-2.0192432403564453,-0.9495605230331421,-1.0696827173233032,0.13283583467702087,0,0
207,8,x0,0100,1100,1100,-1.3599436283111572,-0.8084700107574463,-0.5514736175537109,0.25692589751375405,0,0
208,1,s23,0000,0000,1000,-2.3727121353149414,-2.59165620803833,0.21894407272338867,0.09329684055879021,1,0
208,2,t213,0000,0000,1000,-0.2503613829612732,-2.7506723403930664,2.500310957431793,0.7786184374255414,1,0
208,3,t203,0000,0000,1000,-0.007369719445705414,-5.018946647644043,5.0115769281983376,0.992691586169824,1,0
208,4,t312,0000,0000,1000,-0.002991020679473877,-6.263174057006836,6.260183036327362,0.9970490275524578,1,0
208,5,s21,0000,0100,0100,-1.847636103630066,-0.7365894317626953,-1.1110466718673706,0.15763338231478213,0,0
208,6,c20,0000,1000,1000,-0.8327255845069885,-0.5837032794952393,-0.24902230501174927,0.4349807889971046,0,0
208,7,x2,0010,0010,0001,-0.5969884395599365,-1.2575390338897705,0.660550594329834,0.5504720872907526,1,0
208,8,s30,0010,0010,1010,-0.6655348539352417,-1.2133244276046753,0.5477895736694336,0.5201254733130389,1,0
209,1,c20,1111,1000,1000,-2.9020133018493652,-2.591468572616577,-0.3105447292327881,0.054942332163195544,0,0
209,2,s01,1111,0111,0111,-2.50107479095459,-2.1264777183532715,-0.37459707260131836,0.0820293382145903,0,0
209,3,s20,1111,0111,0111,-1.7868857383728027,-1.5483756065368652,-0.2385101318359375,0.16752767374545244,0,0
209,4,x1,1011,1011,1101,-1.1698722839355469,-1.5288898944854736,0.35901761054992676,0.3104526722715198,1,0
209,5,c10,1011,1011,0011,-0.8470723628997803,-1.044651746749878,0.19757938385009766,0.4287167031728625,1,0
209,6,c10,1011,1011,0011,-0.16239072382450104,-1.954514980316162,1.792124256491661,0.850127330105326,1,0
209,7,t310,1011,1011,0011,-0.550237238407135,-1.4901517629623413,0.9399145245552063,0.5768963441868494,1,0
209,8,s12,1101,1111,1111,-2.70729398727417,-1.2727179527282715,-1.4345760345458984,0.0667237564735312,0,0
210,1,t230,1011,0011,0011,-2.785031795501709,-2.4369425773620605,-0.34808921813964844,0.06177199558480246,0,0
210,2,s30,1011,0011,0011,-2.716642141342163,-2.591766357421875,-0.12487578392028809,0.06615062587438875,0,0
210,3,t032,1001,1011,1011,-2.581989288330078,-1.956861972808838,-0.6251273155212402,0.07566662090303809,0,0
210,4,x3,1000,1010,1010,-2.4984917640686035,-2.4340929985046387,-0.06439876556396484,0.0823364565900343,0,0
210,5,s20,0010,1100,1100,-2.902413845062256,-2.4219417572021484,-0.4804720878601074,0.054939346904762036,0,0
210,6,t230,0010,1001,1001,-3.043109655380249,-2.474735736846924,-0.5683739185333252,0.04774302131971721,0,0
210,7,s01,0010,1000,1000,-2.9098381996154785,-2.41782283782959,-0.49201536178588867,0.05452606428425472,0,0
210,8,s03,0010,1000,1000,-2.8533387184143066,-2.387875556945801,-0.46546316146850586,0.057700390144724105,0,0
211,1,s02,1011,1011,1000,-2.534848213195801,-2.5954360961914062,0.06058788299560547,0.07933065542512344,1,0
211,2,t021,1111,1011,1011,-2.5552284717559814,-1.2478523254394531,-1.3073761463165283,0.07770869970477387,0,0
211,3,s30,1111,0111,0111,-1.5992119312286377,-1.2226746082305908,-0.3765373229980469,0.2021417836037543,0,0
211,4,t321,1011,1111,1111,-1.7100841999053955,-1.4599478244781494,-0.2501363754272461,0.18090160276230013,0,0
211,5,t023,1010,1011,1011,-1.8432025909423828,-0.4682026505470276,-1.3749999403953552,0.15832831390394173,0,0
211,6,c21,1110,1110,1010,-1.2664690017700195,-1.9081640243530273,0.6416950225830078,0.28196648011323894,1,0
211,7,x3,1111,1111,1110,-0.705475389957428,-0.955475389957428,0.25,0.49392134174587077,1,0
211,8,t310,0111,1111,1111,-1.6366060972213745,-0.33225369453430176,-1.3043524026870728,0.19466727864085887,0,0
212,1,t031,0111,0111,0000,-2.5951857566833496,-2.595323085784912,0.0001373291015625,0.07466422540846968,1,0
212,2,t310,1111,0111,0111,-1.3401846885681152,-1.083497405052185,-0.2566872835159302,0.2618976786581211,0,0
212,3,t130,0111,0111,1111,-0.8364360928535461,-1.0790202617645264,0.24258416891098022,0.4333278615112287,1,0
212,4,c01,0111,0111,0011,-0.8645047545433044,-1.1192935705184937,0.2547888159751892,0.42130467157184237,1,0
212,5,s20,1101,0111,0111,-2.099566698074341,-1.1827178001403809,-0.91684889793396,0.12253798634302054,0,0
212,6,t312,1111,1101,1101,-2.1669020652770996,-0.5995946526527405,-1.5673074126243591,0.114544196893899,0,0
212,7,x2,1101,1101,1111,-1.3527324199676514,-1.6369179487228394,0.284185528755188,0.2585968597578802,1,0
212,8,t023,1101,1100,1100,-1.3486628532409668,-1.2236628532409668,-0.125,0.2596223016349523,0,0
213,1,t301,0001,0001,1000,-2.368907928466797,-2.534860134124756,0.16595220565795898,0.09364870951005909,1,0
213,2,t103,0001,0001,1001,-0.13716284930706024,-3.0516552925109863,2.914492443203926,0.8718872129155436,1,0
213,3,c13,0001,0001,0101,-0.46390289068222046,-2.210495710372925,1.7465928196907043,0.6289472100785809,1,0
213,4,x3,0000,0011,0011,-1.520729660987854,-1.0250110626220703,-0.4957185983657837,0.21856151658654563,0,0
213,5,x1,0100,0100,0010,-0.6229190230369568,-1.6378085613250732,1.0148895382881165,0.5365353171371007,1,0
213,6,x0,1100,1100,0100,-0.5257171988487244,-0.9935253858566284,0.46780818700790405,0.591226708876474,1,0
213,7,t120,1100,1100,0100,-0.12630917131900787,-2.7295711040496826,2.6032619327306747,0.8814429433097994,1,0
213,8,t231,1100,1100,1110,-0.2623416483402252,-2.5236120223999023,2.261270374059677,0.7693851860834127,1,0
214,1,t320,0110,1000,1000,-2.6068830490112305,-2.591474771499634,-0.01540827751159668,0.07380641189054964,0,0
214,2,c31,0110,0110,0111,-1.251302719116211,-1.626302719116211,0.375,0.28622428629210267,1,0
214,3,x0,1110,1110,0110,-0.6596680879592896,-1.1113691329956055,0.4517010450363159,0.5171032230317764,1,0
214,4,s02,1110,0110,0110,-1.5435492992401123,-1.4830317497253418,-0.06051754951477051,0.2136696885842996,0,0
214,5,t031,1110,1110,1111,-0.3631528615951538,-1.4881528615951538,1.125,0.695513822489804,1,0
214,6,c10,0110,1110,1110,-0.9431024789810181,-0.6357671022415161,-0.30733537673950195,0.38950121349731914,0,0
214,7,c21,0010,0110,0110,-1.2542285919189453,-0.785067617893219,-0.4691609740257263,0.2853132339223715,0,0
214,8,c20,1010,1010,0010,-0.7748643755912781,-0.7993195652961731,0.02445518970489502,0.46088913031778583,1,0
215,1,t021,0011,0011,0000,-2.2591049671173096,-2.603297710418701,0.3441927433013916,0.10451300657335291,1,0
215,2,s03,1010,0011,0011,-3.3844027519226074,-1.2284300327301025,-2.155972719192505,0.03390859147913,0,0
215,3,c12,1010,1010,1011,-0.8525131940841675,-1.4775131940841675,0.625,0.42641309368211344,1,0
215,4,c10,1010,1010,0110,-0.9910370707511902,-1.8290808200836182,0.838043749332428,0.3713224882389297,1,0
215,5,t123,1010,1010,1011,-0.5759737491607666,-1.3259737491607666,0.75,0.5622196594769863,1,0
215,6,t213,1010,1010,1011,-0.066608726978302,-3.3166086673736572,3.2499999403953552,0.9356006825313815,1,0
215,7,x0,0010,0011,0011,-3.341820240020752,-1.0918203592300415,-2.2499998807907104,0.03537927697695018,0,0
215,8,t032,0010,0010,0011,-0.007849679328501225,-5.13284969329834,5.125000013969839,0.9921828642547161,1,0
216,1,s10,1010,0000,0000,-2.9100122451782227,-2.595496892929077,-0.3145153522491455,0.05450762134495903,0,0
216,2,s30,0011,1000,1000,-2.9061710834503174,-2.5388450622558594,-0.367326021194458,0.054723945540553966,0,0
216,3,t320,1011,1000,1000,-2.8417975902557373,-2.535183906555176,-0.3066136837005615,0.058382725099410844,0,0
216,4,s12,1101,1100,1100,-2.7174508571624756,-2.5924508571624756,-0.125,0.06612835481052703,0,0
216,5,x1,1001,1000,1000,-2.7171361446380615,-2.5921361446380615,-0.125,0.06614523981298426,0,0
216,6,t123,1001,1000,1000,-2.7776966094970703,-2.6526966094970703,-0.125,0.0622607452867017,0,0
216,7,c13,1001,1000,1000,-2.667904853820801,-2.417904853820801,-0.25,0.06945890206898346,0,0
216,8,t023,1001,1001,0001,-1.1612331867218018,-2.456120729446411,1.2948875427246094,0.31325964691412156,1,0
217,1,s10,1101,1101,0000,-2.436720609664917,-2.5953736305236816,0.15865302085876465,0.08749650235575261,1,0
217,2,c32,1111,1101,1101,-2.533557415008545,-1.5000396966934204,-1.0335177183151245,0.07940520420774619,0,0
217,3,t320,0111,1111,1111,-2.8654370307922363,-0.5224618911743164,-2.34297513961792,0.056971451609669516,0,0
217,4,x1,0011,0011,0101,-0.8453397154808044,-1.5368661880493164,0.691526472568512,0.42948490877570406,1,0
217,5,c21,0111,0011,0011,-1.6041138172149658,-0.6230052709579468,-0.981108546257019,0.2010964416937711,0,0
217,6,s20,1101,1111,1111,-3.3727784156799316,-0.7903497219085693,-2.5824286937713623,0.0343199329829858,0,0
217,7,x1,1001,1001,0101,-1.5876665115356445,-2.1395623683929443,0.5518958568572998,0.20445512798914667,1,0
217,8,x0,0001,1001,1001,-0.89784836769104,-0.7333377599716187,-0.1645106077194214,0.40749604511911475,0,0
218,1,s03,1010,0100,0100,-2.716550350189209,-2.6520698070526123,-0.06448054313659668,0.06614274967943207,0,0
218,2,x0,0010,1100,1100,-3.0347909927368164,-2.5916004180908203,-0.4431905746459961,0.048112647546401315,0,0
218,3,t123,0010,0010,1000,-2.3834939002990723,-2.4744393825531006,0.09094548225402832,0.09229659165412339,1,0
218,4,c01,0010,0010,0110,-1.2428746223449707,-1.4105026721954346,0.16762804985046387,0.28865439167768947,1,0
218,5,s02,1000,0110,0110,-2.4968149662017822,-1.601863980293274,-0.8949509859085083,0.08237577670492033,0,0
218,6,s01,0100,1000,1000,-2.5138726234436035,-2.3921446800231934,-0.12172794342041016,0.08108604790174638,0,0
218,7,s20,0100,0100,1100,-2.2651238441467285,-2.3236145973205566,0.058490753173828125,0.10395824294839624,1,0
218,8,c31,0100,0100,0101,-1.5588114261627197,-1.6838114261627197,0.125,0.21046746276924103,1,0
219,1,t310,0010,0010,0100,-1.84334135055542,-2.6032137870788574,0.7598724365234375,0.15837507328629624,1,0
219,2,x2,0000,0001,0001,-1.9594223499298096,-1.7094223499298096,-0.25,0.14098505493227811,0,0
219,3,x1,0100,0100,0000,-0.6972668766975403,-1.9605128765106201,1.2632459998130798,0.49810840254072875,1,0
219,4,s32,0100,0110,0110,-1.3495566844940186,-1.3154475688934326,-0.03410911560058594,0.25940629470025167,0,0
219,5,c23,0100,0100,0101,-0.22131232917308807,-1.8463122844696045,1.6249999552965164,0.8015868890795621,1,0
219,6,x2,0110,0110,0101,-0.9678082466125488,-1.2739919424057007,0.30618369579315186,0.379942084378382,1,0
219,7,c30,0110,1110,1110,-0.870023250579834,-0.7073061466217041,-0.16271710395812988,0.41905404902870613,0,0
219,8,s21,0110,0110,0010,-0.930707573890686,-1.2268675565719604,0.2961599826812744,0.3943378856843018,1,0
220,1,s30,1100,0101,0101,-2.7203242778778076,-2.4367756843566895,-0.28354859352111816,0.06589568309371581,0,0
220,2,x1,1000,1101,1101,-2.712656021118164,-2.5954673290252686,-0.11718869209289551,0.06640395235138061,0,0
220,3,x1,1100,1100,0100,-2.5350253582000732,-2.5505545139312744,0.015529155731201172,0.0793179491232708,1,0
220,4,x2,1110,1101,1101,-2.599229097366333,-2.474222183227539,-0.12500691413879395,0.07436240259505532,0,0
220,5,c02,1100,1110,1110,-2.551325798034668,-2.482828140258789,-0.0684976577758789,0.07807719921544641,0,0
220,6,x2,1110,1000,1000,-2.5317845344543457,-2.233088731765747,-0.29869580268859863,0.07959880221296266,0,0
220,7,c30,1110,1100,1100,-2.4947900772094727,-2.4008047580718994,-0.09398531913757324,0.08266812112815383,0,0
220,8,t301,1110,1110,0110,-1.2905864715576172,-1.9957929849624634,0.7052065134048462,0.275401023820432,1,0
221,1,c21,0111,0011,0011,-2.966489791870117,-2.6518959999084473,-0.3145937919616699,0.05150955704593457,0,0
221,2,s02,1101,1000,1000,-2.652172803878784,-2.5916666984558105,-0.06050610542297363,0.07054532653213039,0,0
221,3,c32,1111,0000,0000,-2.9023702144622803,-2.535308837890625,-0.3670613765716553,0.054945075037977305,0,0
221,4,c02,1101,0000,0000,-2.716386079788208,-2.5347816944122314,-0.18160438537597656,0.06614624511656692,0,0
221,5,t130,0101,1101,1101,-2.3883047103881836,-2.3159756660461426,-0.07232904434204102,0.0918719138176248,0,0
221,6,x3,0100,0001,0001,-2.4666366577148438,-2.288966655731201,-0.17767000198364258,0.08490266513009145,0,0
221,7,c31,0100,0000,0000,-2.7886452674865723,-2.4214627742767334,-0.36718249320983887,0.061535765805587096,0,0
221,8,x2,0110,0110,0101,-1.7837984561920166,-1.987675428390503,0.20387697219848633,0.16804118092983944,1,0
222,1,x0,0100,1100,1100,-2.6602654457092285,-2.485987901687622,-0.17427754402160645,0.06999357499437094,0,0
222,2,x0,1100,1100,0100,-1.964824914932251,-2.080648899078369,0.11582398414611816,0.14022867525848276,1,0
222,3,t302,1100,1100,1101,-1.3615111112594604,-1.9865111112594604,0.625,0.256358415870196,1,0
222,4,t130,1100,1100,0100,-0.334606409072876,-1.612877368927002,1.278270959854126,0.7157527595418427,1,0
222,5,s23,1100,1101,1101,-1.1974297761917114,-1.0724297761917114,-0.125,0.30205535312329035,0,0
222,6,x3,1101,1100,1100,-0.8543611168861389,-0.8543611168861389,0.0,0.42558618448916086,0,1
222,7,x2,1111,1111,1100,-1.00790274143219,-1.2712841033935547,0.26338136196136475,0.3650293511513426,1,0
222,8,c23,1110,1111,1111,-1.001666784286499,-0.501666784286499,-0.5,0.3673275993797445,0,0
223,1,c32,1101,0100,0100,-2.7729580402374268,-2.7124319076538086,-0.060526132583618164,0.0625021575210131,0,0
223,2,t130,0101,1101,1101,-1.993806004524231,-1.7941157817840576,-0.19969022274017334,0.13623984706834585,0,0
223,3,s31,0101,0001,0001,-2.0430545806884766,-1.89585542678833,-0.14719915390014648,0.1296636773621138,0,0
223,4,x2,0111,0101,0101,-1.7599836587905884,-1.7599706649780273,-1.2993812561035156e-05,0.17208714295605979,0,0
223,5,x0,1111,1111,0111,-0.9167032241821289,-1.0896081924438477,0.17290496826171875,0.39988807529303716,1,0
223,6,s03,1111,0111,0111,-2.08833646774292,-1.603773832321167,-0.48456263542175293,0.12397164279594834,0,0
223,7,t312,1101,1111,1111,-1.8734662532806396,-0.8723970055580139,-1.0010692477226257,0.15359997737144382,0,0
223,8,c23,1101,1100,1100,-1.5828156471252441,-1.4578156471252441,-0.125,0.20548976283094642,0,0
224,1,t230,1011,0011,0011,-2.7772364616394043,-2.4253931045532227,-0.35184335708618164,0.06225524028999548,0,0
224,2,t123,1011,1010,1010,-2.716517925262451,-2.591517925262451,-0.125,0.06614613926229562,0,0
224,3,x0,0011,1111,1111,-1.9672996997833252,-1.9526317119598389,-0.014667987823486328,0.1398837826613439,0,0
224,4,t123,0011,0011,0010,-0.2987593710422516,-2.2987594604492188,2.000000089406967,0.7417591288800179,1,0
224,5,x3,0010,0001,0001,-1.3972389698028564,-1.0546197891235352,-0.3426191806793213,0.24730493095647674,0,0
224,6,t230,0010,0010,0011,-0.21632161736488342,-2.3413217067718506,2.125000089406967,0.8055367008675247,1,0
224,7,t301,0010,0010,0110,-0.16702982783317566,-2.777387857437134,2.610358029603958,0.8462188767511652,1,0
224,8,t012,0010,0010,1010,-0.03408658877015114,-4.494781494140625,4.460694905370474,0.9691345017927304,1,0
225,1,c03,1010,0000,0000,-2.655982494354248,-2.5915489196777344,-0.06443357467651367,0.07027635846839318,0,0
225,2,t230,1010,1010,0010,-1.8564338684082031,-2.5996391773223877,0.7432053089141846,0.15635226111141934,1,0
225,3,s10,0110,1010,1010,-1.9872618913650513,-1.2728211879730225,-0.7144407033920288,0.1371404495492175,0,0
225,4,s32,0101,0110,0110,-2.2665953636169434,-1.5086684226989746,-0.7579269409179688,0.10370701983843413,0,0
225,5,c23,0101,0101,0100,-0.8601588010787964,-0.9851588010787964,0.125,0.42327967251205734,1,0
225,6,x0,1101,1101,0101,-0.6610985398292542,-1.181490182876587,0.5203916430473328,0.5164508835474168,1,0
225,7,s10,1101,1101,0101,-1.469656229019165,-1.850826621055603,0.381170392036438,0.23006275755069264,1,0
225,8,s10,1101,1101,0101,-0.7254261374473572,-1.817939043045044,1.0925129055976868,0.4842355325082815,1,0
226,1,c32,1100,1100,1000,-2.3689024448394775,-2.535090446472168,0.16618800163269043,0.09366246005744616,1,0
226,2,t201,1100,1100,0100,-0.804232656955719,-2.08613657951355,1.2819039225578308,0.4475896678461503,1,0
226,3,s02,0110,0100,0100,-4.0781168937683105,-1.051619529724121,-3.0264973640441895,0.01694374283511418,0,0
226,4,x1,0010,0110,0110,-1.3768625259399414,-1.1533052921295166,-0.2235572338104248,0.25242913630691677,0,0
226,5,c32,0010,0010,0011,-0.27978038787841797,-2.154780387878418,1.875,0.7560062356501702,1,0
226,6,s12,0100,0010,0010,-2.7956485748291016,-0.829619288444519,-1.9660292863845825,0.06108874984431784,0,0
226,7,s23,0100,0100,0101,-0.7570075392723083,-1.5070074796676636,0.7499999403953552,0.4692111295420075,1,0
226,8,s30,0100,1100,1100,-1.0397735834121704,-0.8266696929931641,-0.21310389041900635,0.35375041648857697,0,0
227,1,x0,0010,0000,0000,-2.668208360671997,-2.4182169437408447,-0.24999141693115234,0.0694487317802795,0,0
227,2,s20,1000,1100,1100,-2.660229206085205,-2.531377077102661,-0.12885212898254395,0.0700012092933796,0,0
227,3,c10,1000,0000,0000,-2.8420021533966064,-2.6528029441833496,-0.18919920921325684,0.05838226838220176,0,0
227,4,c10,1000,1000,1100,-1.5230849981307983,-2.146515130996704,0.6234301328659058,0.21817296376447662,1,0
227,5,s30,0001,1000,1000,-2.603414535522461,-2.274507522583008,-0.3289070129394531,0.07407878288817406,0,0
227,6,c21,0001,0001,1100,-1.9361506700515747,-2.245011806488037,0.3088611364364624,0.14442283164595207,1,0
227,7,x0,1001,0001,0001,-1.2387691736221313,-1.0156203508377075,-0.22314882278442383,0.28982311929359217,0,0
227,8,t210,1001,1001,0001,-0.5148252248764038,-1.4453070163726807,0.9304817914962769,0.5977314743548718,1,0
228,1,x1,1110,1000,1000,-2.7849135398864746,-2.5914623737335205,-0.1934511661529541,0.061768398717576264,0,0
228,2,c10,0110,1110,1110,-2.5953269004821777,-2.068134307861328,-0.5271925926208496,0.07466067257054919,0,0
228,3,c02,0110,1110,1110,-2.4221858978271484,-2.304111957550049,-0.11807394027709961,0.08876307990803974,0,0
228,4,t302,0110,0110,1110,-0.09882767498493195,-3.56380033493042,3.464972659945488,0.9059621792147571,1,0
228,5,s20,1100,1110,1110,-3.0150787830352783,-0.8633174300193787,-2.1517613530158997,0.04905344356586964,0,0
228,6,s13,1001,1100,1100,-2.184298038482666,-1.4716451168060303,-0.7126529216766357,0.11258429765484053,0,0
228,7,c10,1001,1001,0101,-0.8898390531539917,-1.7656033039093018,0.8757642507553101,0.41086667394168075,1,0
228,8,t321,1001,1001,1101,-0.11154280602931976,-2.972750425338745,2.8612076193094254,0.8945046161246972,1,0
229,1,c32,1110,1110,1100,-2.538607597351074,-2.5952978134155273,0.056690216064453125,0.07901672624912255,1,0
229,2,t201,1010,1110,1110,-2.655735731124878,-1.1985681056976318,-1.457167625427246,0.07027393568765393,0,0
229,3,x0,0010,0010,1010,-0.9426473379135132,-1.1174880266189575,0.17484068870544434,0.3896460225362569,1,0
229,4,t203,0010,0010,0011,-0.15653342008590698,-3.0315334796905518,2.8750000596046448,0.8551746277522673,1,0
229,5,s02,1000,0010,0010,-1.7305750846862793,-1.4895254373550415,-0.2410496473312378,0.1772366847003462,0,0
229,6,t210,1000,1000,0000,-0.4646051824092865,-1.4719462394714355,1.007341057062149,0.6284858015711529,1,0
229,7,c03,1001,1000,1000,-1.269249439239502,-0.39424943923950195,-0.875,0.28105788405691634,0,0
229,8,c10,1001,0001,0001,-0.847761332988739,-0.7333051562309265,-0.1144561767578125,0.42846493730681046,0,0
230,1,c02,1001,0000,0000,-2.712529182434082,-2.6520237922668457,-0.06050539016723633,0.06640680815398046,0,0
230,2,s12,1001,0100,0100,-2.9703426361083984,-2.652010917663574,-0.3183317184448242,0.05131390071705633,0,0
230,3,s21,1001,1100,1100,-2.841383934020996,-2.5309016704559326,-0.3104822635650635,0.05837314987592802,0,0
230,4,t032,1011,1001,1001,-2.683474063873291,-1.3545622825622559,-1.3289117813110352,0.06835594842229506,0,0
230,5,t012,1011,1110,1110,-2.4977266788482666,-2.494107723236084,-0.003618955612182617,0.082365165138243,0,0
230,6,t302,1001,1011,1011,-3.4371285438537598,-1.4748315811157227,-1.962296962738037,0.03217466052102012,0,0
230,7,x0,0001,0001,1101,-1.8328533172607422,-2.137638568878174,0.30478525161743164,0.16007159800643775,1,0
230,8,c12,0001,0000,0000,-2.550107479095459,-2.425107479095459,-0.125,0.07811848068477732,0,0
231,1,x0,1011,0011,0011,-2.7850472927093506,-2.5954761505126953,-0.18957114219665527,0.061777005831774257,0,0
231,2,c31,1111,1011,1011,-2.7772340774536133,-2.4744229316711426,-0.3028111457824707,0.06226052521420393,0,0
231,3,s02,1111,0111,0111,-2.478092670440674,-2.282100200653076,-0.19599246978759766,0.0839421230475908,0,0
231,4,c23,1110,1110,1111,-1.5606321096420288,-1.6856321096420288,0.125,0.2101245977938808,1,0
231,5,s01,1110,0110,0110,-2.184410810470581,-1.580133318901062,-0.604277491569519,0.11261910951845455,0,0
231,6,c03,1111,1111,1110,-0.6831392049789429,-0.8081392049789429,0.125,0.5050921539578264,1,0
231,7,x0,0111,0111,1111,-0.8876101970672607,-0.9046794176101685,0.017069220542907715,0.4117131388402488,1,0
231,8,s03,1110,0111,0111,-2.3572049140930176,-1.3917677402496338,-0.9654371738433838,0.09470088073942266,0,0
232,1,s31,1101,1000,1000,-2.4858500957489014,-2.417553424835205,-0.06829667091369629,0.08329724243493365,0,0
232,2,c32,1111,1101,1101,-2.4503259658813477,-1.4964251518249512,-0.9539008140563965,0.08629125702278792,0,0
232,3,x3,1110,1111,1111,-1.2153308391571045,-1.0903308391571045,-0.125,0.2967026712436825,0,0
232,4,c13,1111,1110,1110,-1.0233145952224731,-0.8983145952224731,-0.125,0.3596769705040674,0,0
232,5,c12,1101,1111,1111,-1.6572215557098389,-0.8604651689529419,-0.796756386756897,0.1907606613795261,0,0
232,6,x3,1100,1100,1101,-0.8386604189872742,-1.088660478591919,0.2500000596046448,0.4323979249857659,1,0
232,7,s10,1100,0100,0100,-1.4076261520385742,-1.2645323276519775,-0.14309382438659668,0.2447762953821918,0,0
232,8,c02,1110,1100,1100,-3.1492838859558105,-0.42127785086631775,-2.728006035089493,0.04289106035115625,0,0
233,1,c23,1100,1100,1000,-2.308516502380371,-2.543044090270996,0.234527587890625,0.09950503833820543,1,0
233,2,t301,1100,1100,0100,-0.8437910079956055,-2.0485727787017822,1.2047817707061768,0.4302700108263585,1,0
233,3,t130,1100,1100,0100,-0.11162353307008743,-3.1614830493927,3.0498595163226128,0.8945025814194476,1,0
233,4,c13,1101,1100,1100,-0.9008761644363403,-0.9008761644363403,0.0,0.40638992144101066,0,1
233,5,c02,1111,1101,1101,-1.0885486602783203,-0.9615387916564941,-0.12700986862182617,0.3368221619180082,0,0
233,6,s20,1111,1111,0111,-0.642217755317688,-1.3442374467849731,0.7020196914672852,0.5263861691781297,1,0
233,7,t012,1101,1111,1111,-4.920280456542969,-0.09441167861223221,-4.8258687779307365,0.007297511688423633,0,0
233,8,c32,1111,1100,1100,-1.645326852798462,-1.0160495042800903,-0.6292773485183716,0.1930361769740913,0,0
234,1,c20,1011,0100,0100,-2.909921646118164,-2.595428705215454,-0.31449294090270996,0.054514079201633,0,0
234,2,s20,1011,0001,0001,-2.712531566619873,-2.5915331840515137,-0.12099838256835938,0.06640481253485543,0,0
234,3,t021,1111,1011,1011,-2.5729289054870605,-1.4427123069763184,-1.1302165985107422,0.07633948628292377,0,0
234,4,c32,1101,1110,1110,-2.0788629055023193,-1.9460554122924805,-0.13280749320983887,0.12524100037171176,0,0
234,5,t201,1101,1101,0101,-1.705445408821106,-1.832757830619812,0.12731242179870605,0.1818786847652505,1,0
234,6,t203,1101,1100,1100,-0.8716141581535339,-0.8716141581535339,0.0,0.41838988648727676,0,1
234,7,x2,1111,1111,1100,-0.9300217628479004,-1.3378746509552002,0.4078528881072998,0.3946249084509706,1,0
234,8,c12,1101,1110,1110,-1.8475713729858398,-0.9278560876846313,-0.9197152853012085,0.15766456695926373,0,0
235,1,c23,1100,1100,1000,-2.2556607723236084,-2.5996713638305664,0.344010591506958,0.10490254905023372,1,0
235,2,t012,1110,1100,1100,-3.632803440093994,-0.5320100784301758,-3.1007933616638184,0.026450516791697513,0,0
235,3,t123,1111,1110,1110,-1.5083898305892944,-1.5083898305892944,0.0,0.22154402518664443,0,1
235,4,c32,1101,1101,1111,-1.5199329853057861,-1.6783149242401123,0.15838193893432617,0.2190133370430376,1,0
235,5,x3,1100,1100,1101,-0.9388059377670288,-1.1888059377670288,0.25,0.39137890630301253,1,0
235,6,t301,1100,1100,1101,-0.9485267400741577,-1.5735267400741577,0.625,0.38760893582027073,1,0
235,7,c23,1100,1100,1101,-0.7755396962165833,-0.7755396962165833,0.0,0.4606160393405855,0,1
235,8,c03,1101,1100,1100,-2.588892698287964,-0.08889263868331909,-2.5000000596046448,0.07510939835956423,0,0
236,1,c31,0110,0110,0100,-2.5347180366516113,-2.534729242324829,1.1205673217773438e-05,0.07932499590453373,1,0
236,2,x2,0100,0111,0111,-2.1266121864318848,-1.8842741250991821,-0.24233806133270264,0.11928363432192383,0,0
236,3,s03,0100,1100,1100,-1.815713882446289,-1.691720962524414,-0.123992919921875,0.16291407697062063,0,0
236,4,x1,0000,0000,0100,-1.2119501829147339,-1.3952343463897705,0.18328416347503662,0.29771467791632217,1,0
236,5,s01,0000,1000,1000,-1.5638854503631592,-1.4259881973266602,-0.13789725303649902,0.20945114677769403,0,0
236,6,c21,0000,0000,0100,-0.45036929845809937,-1.845194697380066,1.3948253989219666,0.6376025039590626,1,0
236,7,c01,0000,0000,1000,-0.017529549077153206,-4.581281661987305,4.5637521129101515,0.9826382138645857,1,0
236,8,t203,0000,0000,1000,-0.0011008940637111664,-7.428582191467285,7.427481297403574,0.9989103012403445,1,0
237,1,c21,0001,0000,0000,-2.4253735542297363,-2.4253735542297363,0.0,0.08849566409474205,0,1
237,2,t132,0001,0001,0101,-0.153848797082901,-3.4351956844329834,3.2813468873500824,0.857479122541304,1,0
237,3,c23,0001,0001,0000,-0.15664179623126984,-2.656641960144043,2.500000163912773,0.855115179321421,1,0
237,4,c20,0001,1001,1001,-0.8317305445671082,-0.5889093279838562,-0.24282121658325195,0.43551733979247936,0,0
237,5,x2,0011,0011,0001,-0.9370464086532593,-1.521907091140747,0.5848606824874878,0.39179354421344054,1,0
237,6,x0,1011,1011,0011,-0.5080553889274597,-1.1554654836654663,0.6474100947380066,0.6020145402344028,1,0
237,7,x2,1001,1001,1010,-0.9926753044128418,-1.4228764772415161,0.4302011728286743,0.37059650362016283,1,0
237,8,t301,1101,1001,1001,-3.1374592781066895,-0.1149473562836647,-3.0225119218230247,0.043394824549712226,0,0
238,1,x2,0000,0000,0001,-2.534963846206665,-2.534963846206665,0.0,0.07932163626462317,0,1
238,2,t203,0000,0000,0001,-2.173121929168701,-2.673121929168701,0.5,0.11393565454158182,1,0
238,3,c13,0000,0000,0001,-0.25697624683380127,-2.381976366043091,2.1250001192092896,0.7735400609634888,1,0
238,4,c21,0000,0000,0100,-0.6571117639541626,-0.8556139469146729,0.19850218296051025,0.5185140432711531,1,0
238,5,x0,1000,1000,0000,-0.5250234603881836,-0.9181193709373474,0.3930959105491638,0.5916794152963588,1,0
238,6,x1,1100,1100,1010,-0.8932465314865112,-1.466271162033081,0.5730246305465698,0.4093479480413548,1,0
238,7,c03,1101,1100,1100,-1.5763444900512695,-0.45134446024894714,-1.1250000298023224,0.20674561271574735,0,0
238,8,x1,1001,1001,1111,-1.2821905612945557,-1.9519290924072266,0.6697385311126709,0.2775049755306517,1,0
239,1,x1,0011,0000,0000,-2.77708101272583,-2.591489791870117,-0.1855912208557129,0.06225705107771855,0,0
239,2,s31,0110,1000,1000,-2.7809717655181885,-2.5915565490722656,-0.18941521644592285,0.06201623225018977,0,0
239,3,c32,0110,1000,1000,-3.1039538383483887,-2.4749722480773926,-0.6289815902709961,0.044930494539690516,0,0
239,4,c01,0110,0110,1110,-1.6895034313201904,-1.9698368310928345,0.28033339977264404,0.18472671309373875,1,0
239,5,x3,0111,0100,0100,-1.6337260007858276,-1.3271757364273071,-0.3065502643585205,0.19524614618911248,0,0
239,6,x0,1111,1111,0111,-0.6008855700492859,-0.8382266759872437,0.23734110593795776,0.548568612350774,1,0
239,7,x1,1011,1011,1101,-0.8796852827072144,-1.6477680206298828,0.7680827379226685,0.41496444352786116,1,0
239,8,c31,1111,1011,1011,-1.4343373775482178,-1.3641166687011719,-0.0702207088470459,0.23830792436697376,0,0
240,1,s23,0001,0000,0000,-2.5993812084198,-2.4743812084198,-0.125,0.0743647271285795,0,0
240,2,x0,1001,1111,1111,-2.7204532623291016,-2.5649194717407227,-0.1555337905883789,0.06589054271050916,0,0
240,3,c03,1000,0000,0000,-2.595555305480957,-2.5352821350097656,-0.060273170471191406,0.0746695875369875,0,0
240,4,x0,0000,0000,0100,-2.417919397354126,-2.5468859672546387,0.1289665699005127,0.08917868212622969,1,0
240,5,s01,0000,1000,1000,-3.0348963737487793,-2.5916948318481445,-0.44320154190063477,0.04812164328673261,0,0
240,6,t012,0000,0000,0100,-1.9434607028961182,-2.5974130630493164,0.6539523601531982,0.1433665844509415,1,0
240,7,c03,0000,0000,0001,-0.2960682809352875,-1.9210683107376099,1.6250000298023224,0.7437871030417975,1,0
240,8,t132,0000,0000,0010,-0.012206761166453362,-4.765953540802002,4.753746779635549,0.9878738862202568,1,0
241,1,s32,1001,1010,1010,-2.59566330909729,-2.478393316268921,-0.11726999282836914,0.07465638377495384,0,0
241,2,c20,1001,1100,1100,-2.7773029804229736,-2.5918102264404297,-0.18549275398254395,0.062258493502451086,0,0
241,3,t203,1001,1001,0001,-0.42566168308258057,-3.29740047454834,2.8717387914657593,0.6534889859907576,1,0
241,4,x2,1011,1011,1000,-1.1486492156982422,-1.4933223724365234,0.34467315673828125,0.31710724966309717,1,0
241,5,t103,1011,1011,1111,-0.19122162461280823,-2.314969301223755,2.1237476766109467,0.8259947968576252,1,0
241,6,t132,1011,1011,1010,-0.0452096089720726,-3.7327094078063965,3.687499798834324,0.9558232423911813,1,0
241,7,t321,1111,1011,1011,-1.0687216520309448,-0.4677155315876007,-0.6010061204433441,0.3434755180732993,0,0
241,8,t302,1101,1111,1111,-5.137083053588867,-0.022577926516532898,-5.114505127072334,0.005874923362623989,0,0
242,1,x2,1101,1000,1000,-2.7846474647521973,-2.534644603729248,-0.2500028610229492,0.06177314799973326,0,0
242,2,s23,1110,1101,1101,-2.856860637664795,-2.421346426010132,-0.4355142116546631,0.05747490522393062,0,0
242,3,x1,1010,1111,1111,-2.7204442024230957,-2.595378875732422,-0.12506532669067383,0.06588458059429969,0,0
242,4,s01,0110,0010,0010,-2.376908302307129,-1.9235694408416748,-0.4533388614654541,0.09287418724338595,0,0
242,5,c02,0110,0010,0010,-2.731757402420044,-2.4972259998321533,-0.23453140258789062,0.06512910700227058,0,0
242,6,t032,0110,0110,0111,-0.08796580135822296,-3.712965488433838,3.624999687075615,0.9158653898121213,1,0
242,7,t032,0110,0110,0111,-0.004900995176285505,-5.7549004554748535,5.749999460298568,0.9951164903952372,1,0
242,8,c23,0111,0111,0110,-0.3623808026313782,-1.362380862236023,1.0000000596046448,0.6960972255910087,1,0
243,1,s30,1101,1101,0100,-2.436816692352295,-2.591550827026367,0.15473413467407227,0.08749459984658195,1,0
243,2,s13,1101,1101,1100,-2.1116490364074707,-2.2366490364074707,0.125,0.12108555050497817,1,0
243,3,x1,1001,1001,1101,-1.7628376483917236,-1.8594690561294556,0.09663140773773193,0.17158795056714948,1,0
243,4,x1,1101,1101,1011,-0.846219539642334,-1.8138116598129272,0.9675921201705933,0.4290986902367731,1,0
243,5,s13,1101,1101,1100,-0.8798393607139587,-1.3798394203186035,0.5000000596046448,0.4148965101706894,1,0
243,6,s02,0111,1101,1101,-3.629120349884033,-0.821203351020813,-2.80791699886322,0.02654464005221136,0,0
243,7,s10,1011,0111,0111,-1.8427438735961914,-1.1542823314666748,-0.6884615421295166,0.1584696280566163,0,0
243,8,x3,1010,1010,1001,-1.7539838552474976,-1.8050503730773926,0.05106651782989502,0.17311477922943463,1,0
244,1,t031,1100,1100,1000,-2.3841423988342285,-2.5388941764831543,0.15475177764892578,0.09223995691870819,1,0
244,2,t230,1100,1100,0100,-0.45074737071990967,-1.880098819732666,1.4293514490127563,0.6373247854836742,1,0
244,3,t031,1100,1100,1000,-0.12221872061491013,-3.130385398864746,3.008166678249836,0.8850797497796554,1,0
244,4,t201,1100,1100,1000,-0.1216503158211708,-2.5237770080566406,2.40212669223547,0.885698298474066,1,0
244,5,s21,1010,1100,1100,-2.8139562606811523,-1.3218955993652344,-1.492060661315918,0.0599927476977289,0,0
244,6,c32,1010,1010,1011,-0.5105859041213989,-1.260585904121399,0.75,0.6002840375708598,1,0
244,7,x0,0010,1010,1010,-1.0012142658233643,-0.7881934642791748,-0.21302080154418945,0.3674905521010549,0,0
244,8,t032,0010,0010,0011,-0.03216972574591637,-3.5321695804595947,3.4999998547136784,0.9683479122803308,1,0
245,1,c31,1110,1110,1100,-2.4779834747314453,-2.5952186584472656,0.11723518371582031,0.08394757582509159,1,0
245,2,c31,1110,0110,0110,-2.0519890785217285,-1.840737223625183,-0.2112518548965454,0.12852138447970152,0,0
245,3,c32,1110,1110,1111,-0.9013943076133728,-0.9013943076133728,0.0,0.4061014799309473,0,1
245,4,s13,1011,1110,1110,-3.161529541015625,-1.023498773574829,-2.138030767440796,0.04238045761803927,0,0
245,5,s13,1110,1011,1011,-1.9668915271759033,-1.4132215976715088,-0.5536699295043945,0.1399383773955522,0,0
245,6,c10,0110,1110,1110,-1.8288226127624512,-1.5850050449371338,-0.24381756782531738,0.16076550717056523,0,0
245,7,t321,0110,0110,0010,-0.7154049873352051,-1.5823746919631958,0.8669697046279907,0.48911645140651944,1,0
245,8,c30,0110,1110,1110,-0.8753788471221924,-0.7706718444824219,-0.10470700263977051,0.4169322472407318,0,0
246,1,c23,0001,0000,0000,-2.5426039695739746,-2.5426039695739746,0.0,0.07870863999181228,0,1
246,2,s10,0001,0001,1001,-1.4085516929626465,-1.79717218875885,0.3886204957962036,0.2445882852145001,1,0
246,3,t310,0001,0001,1001,-0.2629595100879669,-2.0454702377319336,1.7825107276439667,0.7688407355932998,1,0
246,4,t021,0001,0001,1001,-0.016405388712882996,-4.827805042266846,4.811399653553963,0.9837590052404339,1,0
246,5,s13,0100,0101,0101,-1.9927822351455688,-1.3677822351455688,-0.625,0.1363344321429398,0,0
246,6,t310,0100,0100,1100,-0.03731101006269455,-3.8493478298187256,3.812036819756031,0.9633944016862485,1,0
246,7,t301,0100,0100,1100,-0.11663059145212173,-2.4233763217926025,2.306745730340481,0.8899813326161667,1,0
246,8,x2,0110,0110,0101,-1.1433815956115723,-1.3472511768341064,0.20386958122253418,0.3187603892823943,1,0
247,1,x2,1010,1000,1000,-2.6003799438476562,-2.4186153411865234,-0.1817646026611328,0.07435929211687863,0,0
247,2,t023,1011,1010,1010,-3.013166666030884,-2.388166666030884,-0.625,0.049197829777210385,0,0
247,3,t213,1011,1010,1010,-2.163264513015747,-2.163264513015747,0.0,0.11510978636910572,0,1
247,4,s10,0111,1011,1011,-2.0018386840820312,-1.8442182540893555,-0.15762042999267578,0.13523331203349484,0,0
247,5,t320,1111,0111,0111,-1.3149566650390625,-0.6929051876068115,-0.622051477432251,0.26854642555975483,0,0
247,6,c13,1110,1110,1101,-1.481630802154541,-1.5374952554702759,0.05586445331573486,0.22734484595660556,1,0
247,7,s02,1110,0110,0110,-2.0367133617401123,-1.621142864227295,-0.4155704975128174,0.13049447354749824,0,0
247,8,x0,0110,1110,1110,-0.8204166889190674,-0.743274450302124,-0.07714223861694336,0.4403678350031501,0,0
248,1,x0,1000,0000,0000,-2.591444730758667,-2.4253883361816406,-0.16605639457702637,0.07495736740651625,0,0
248,2,x3,1001,0001,0001,-2.8378872871398926,-2.5916996002197266,-0.24618768692016602,0.05859932185279824,0,0
248,3,x1,1101,0100,0100,-2.7282748222351074,-2.4254775047302246,-0.3027973175048828,0.06537353651321173,0,0
248,4,x1,1001,0000,0000,-2.5992445945739746,-2.5348012447357178,-0.06444334983825684,0.07436839546718164,0,0
248,5,c12,1001,1000,1000,-2.6149375438690186,-2.3649375438690186,-0.25,0.07322429729829621,0,0
248,6,c31,1101,1001,1001,-2.410736322402954,-0.525620698928833,-1.885115623474121,0.08976986271003426,0,0
248,7,x1,1001,1001,1100,-1.205024003982544,-1.8980751037597656,0.6930510997772217,0.29972218928068706,1,0
248,8,c23,1001,1000,1000,-0.8803972005844116,-0.7553972005844116,-0.125,0.41467235575284744,0,0
249,1,s12,0000,0000,1000,-2.3235533237457275,-2.5915939807891846,0.26804065704345703,0.09799006322604838,1,0
249,2,c31,0000,0000,0100,-0.4738144278526306,-1.7894270420074463,1.3156126141548157,0.622734330995318,1,0
249,3,x3,0001,0001,0010,-1.0623703002929688,-1.1661896705627441,0.10381937026977539,0.34564871248042306,1,0
249,4,c20,0001,0001,1001,-0.6492886543273926,-0.9397643208503723,0.29047566652297974,0.5224951029449348,1,0
249,5,x3,0000,0011,0011,-1.212869644165039,-0.9873345494270325,-0.2255350947380066,0.2973564369954342,0,0
249,6,t021,0000,0000,0001,-0.052392710000276566,-3.1773927211761475,3.125000011175871,0.949016093101729,1,0
249,7,c03,0000,0000,0001,-0.04735918343067169,-3.5473592281341553,3.5000000447034836,0.9538490582975087,1,0
249,8,x0,1000,0000,0000,-0.7623704075813293,-0.6373960375785828,-0.12497437000274658,0.4672756146602224,0,0
250,1,x0,0100,1100,1100,-2.5391311645507812,-2.4859619140625,-0.05316925048828125,0.07900367325103252,0,0
250,2,x1,0000,1100,1100,-2.72829270362854,-2.36099910736084,-0.3672935962677002,0.06536997943436115,0,0
250,3,c10,0000,0000,1000,-2.2861862182617188,-2.417816638946533,0.13163042068481445,0.10173822244875724,1,0
250,4,s03,0000,0000,1000,-0.5319837331771851,-2.24521541595459,1.7132316827774048,0.5875858464452675,1,0
250,5,x0,1000,1000,0000,-0.5810552835464478,-0.8394362330436707,0.2583809494972229,0.5594763318728025,1,0
250,6,s03,0001,1000,1000,-5.849481582641602,-0.8048093914985657,-5.044672191143036,0.002881691377748007,0,0
250,7,t201,0001,0001,0101,-0.22208701074123383,-2.8256425857543945,2.6035555750131607,0.8011617712533728,1,0
250,8,t023,0001,0001,0011,-0.00959419459104538,-5.78896951675415,5.779375322163105,0.9904821740131476,1,0
251,1,x3,0110,0100,0100,-2.7202656269073486,-2.5952320098876953,-0.12503361701965332,0.06588749448098238,0,0
251,2,t213,0111,0110,0110,-2.8642730712890625,-1.864272952079773,-1.0000001192092896,0.057074417207269225,0,0
251,3,t120,1111,0111,0111,-2.2029123306274414,-1.823789358139038,-0.3791229724884033,0.1106272470289406,0,0
251,4,c03,1110,1011,1011,-2.2285327911376953,-2.0176491737365723,-0.21088361740112305,0.10775352847373922,0,0
251,5,x1,1010,1010,1011,-1.680924654006958,-2.180924654006958,0.5,0.18627175588533257,1,0
251,6,c30,1010,1010,0010,-1.1637405157089233,-1.201171636581421,0.03743112087249756,0.3124031652793522,1,0
251,7,c01,1110,1110,1010,-1.2900031805038452,-1.367213249206543,0.07721006870269775,0.27530753645063355,1,0
251,8,t032,1110,1110,1111,-0.5715988874435425,-1.1965988874435425,0.625,0.5646904891032386,1,0
252,1,c10,0010,0010,0100,-2.0982673168182373,-2.5427451133728027,0.44447779655456543,0.1227528375124327,1,0
252,2,x2,0000,0001,0001,-2.031670570373535,-1.7816704511642456,-0.25000011920928955,0.1311568613176613,0,0
252,3,x0,1000,1000,0000,-0.5271197557449341,-1.0698184967041016,0.5426987409591675,0.5905489441126075,1,0
252,4,x3,1001,1001,1010,-1.3575470447540283,-1.4490989446640015,0.09155189990997314,0.257358658858488,1,0
252,5,t321,1001,1001,1000,-0.274762898683548,-3.0247631072998047,2.7500002086162567,0.7598690490093473,1,0
252,6,c20,1001,0001,0001,-0.861941933631897,-0.8613181710243225,-0.0006237626075744629,0.4224792187153786,0,0
252,7,c02,1011,1001,1001,-2.2234838008880615,-0.2638353109359741,-1.9596484899520874,0.10823893051068251,0,0
252,8,s01,0111,1011,1011,-2.0004513263702393,-1.155771017074585,-0.8446803092956543,0.1353137707326925,0,0
253,1,t013,1000,1000,0000,-2.163163185119629,-2.5353317260742188,0.37216854095458984,0.11508421214126138,1,0
253,2,x0,0000,1000,1000,-1.2014732360839844,-1.03147292137146,-0.17000031471252441,0.30082333605020467,0,0
253,3,c13,0000,0000,0001,-0.43237853050231934,-1.3073785305023193,0.875,0.6490388227129155,1,0
253,4,c12,0000,0000,0001,-0.2655871510505676,-2.015587091445923,1.7499999403953552,0.7667975885828459,1,0
253,5,c30,0000,0000,1000,-0.25665217638015747,-1.5135048627853394,1.2568526864051819,0.7737381854659965,1,0
253,6,c02,0000,0000,0010,-0.007405903190374374,-5.38693904876709,5.3795331455767155,0.9926251408935909,1,0
253,7,s20,0000,0000,1000,-0.626704216003418,-0.8542336821556091,0.22752946615219116,0.5345115269833198,1,0
253,8,x1,0100,0100,0010,-0.6514260768890381,-1.475403070449829,0.823976993560791,0.521325500151179,1,0
254,1,t012,0010,0010,0000,-2.1720986366271973,-2.542942523956299,0.37084388732910156,0.11402398959345056,1,0
254,2,t130,0010,0010,1010,-0.2546585202217102,-2.122483730316162,1.867825210094452,0.7752626278137766,1,0
254,3,x0,1010,1010,0010,-0.6036461591720581,-1.065166711807251,0.46152055263519287,0.5468745825304586,1,0
254,4,t012,1010,1010,1011,-0.08270741999149323,-3.457707405090332,3.374999985098839,0.9206320872925376,1,0
254,5,x0,0010,1010,1010,-0.931607186794281,-0.7884867191314697,-0.14312046766281128,0.39396153127125905,0,0
254,6,c32,0010,0010,0011,-0.8185855150222778,-0.9435855150222778,0.125,0.4410641439923745,1,0
254,7,s01,0010,0010,1010,-0.5263795852661133,-1.4783427715301514,0.9519631862640381,0.5908297325838079,1,0
254,8,s03,0010,0010,0011,-0.8845874071121216,-1.0095874071121216,0.125,0.41290535374239357,1,0
255,1,t123,1101,1101,1000,-2.5386152267456055,-2.6520190238952637,0.1134037971496582,0.07902028800102065,1,0
255,2,c32,1111,1101,1101,-1.881822109222412,-0.9955612421035767,-0.8862608671188354,0.1523544335820725,0,0
255,3,x1,1011,1011,1111,-1.0747421979904175,-1.2347776889801025,0.16003549098968506,0.3414452608380984,1,0
255,4,t013,1011,1011,1111,-0.13980397582054138,-3.0577261447906494,2.917922168970108,0.869575887117989,1,0
255,5,c02,1001,1011,1011,-1.9538662433624268,-0.6693288683891296,-1.2845373749732971,0.14173142917869075,0,0
255,6,x1,1101,1101,1100,-0.8808608055114746,-1.8808608055114746,1.0,0.4145447496378446,1,0
255,7,t120,1101,1101,0101,-0.2162734866142273,-1.82914400100708,1.6128705143928528,0.80561828507446,1,0
255,8,s23,1110,1100,1100,-2.496814727783203,-1.098266363143921,-1.3985483646392822,0.08235859284239597,0,0
256,1,x3,1001,1000,1000,-2.6605939865112305,-2.5355939865112305,-0.125,0.06999485096176776,0,0
256,2,c31,1101,1000,1000,-2.7851157188415527,-2.5956478118896484,-0.1894679069519043,0.061775208877037247,0,0
256,3,s21,1011,1001,1001,-2.7245078086853027,-2.474518299102783,-0.24998950958251953,0.06563029024548915,0,0
256,4,c20,0011,1000,1000,-2.850078582763672,-2.595848321914673,-0.254230260848999,0.057903300390873186,0,0
256,5,s20,1001,1000,1000,-2.4861984252929688,-2.4861984252929688,0.0,0.08329772016772556,0,1
256,6,x2,1011,1100,1100,-2.7245123386383057,-2.5351991653442383,-0.18931317329406738,0.06562987222842093,0,0
256,7,t013,1011,0000,0000,-2.720573902130127,-2.4254941940307617,-0.29507970809936523,0.06588232589160772,0,0
256,8,s20,1011,0101,0101,-2.90201473236084,-2.4821877479553223,-0.4198269844055176,0.05495006924846943,0,0
257,1,t123,0100,0100,0000,-2.331264019012451,-2.4178831577301025,0.08661913871765137,0.09723604601237394,1,0
257,2,s30,0100,0100,1100,-1.0609534978866577,-1.264803409576416,0.2038499116897583,0.3462862576455562,1,0
257,3,c12,0110,0100,0100,-4.587430000305176,-0.10338801145553589,-4.48404198884964,0.010179331835684433,0,0
257,4,x3,0111,0111,0110,-1.2112338542938232,-1.3362338542938232,0.125,0.2979315762302256,1,0
257,5,c21,0011,0111,0111,-1.1777312755584717,-0.9422023892402649,-0.2355288863182068,0.30805580514342856,0,0
257,6,s12,0101,0011,0011,-2.854184150695801,-1.5243843793869019,-1.329799771308899,0.057620933729849756,0,0
257,7,x0,1101,1101,0101,-0.9393815994262695,-1.3313394784927368,0.3919578790664673,0.3915650555385223,1,0
257,8,s20,0111,0101,0101,-2.254269599914551,-1.3658056259155273,-0.8884639739990234,0.10499343432630173,0,0
258,1,c30,0110,0110,1000,-2.595313310623169,-2.652076482772827,0.0567631721496582,0.07466847825047422,1,0
258,2,t301,0110,0110,1110,-0.9788552522659302,-2.2709884643554688,1.2921332120895386,0.3758767536130883,1,0
258,3,s10,1010,0110,0110,-1.323576807975769,-1.150010585784912,-0.17356622219085693,0.2662300506558494,0,0
258,4,s01,0110,0010,0010,-1.7207143306732178,-1.64005446434021,-0.08065986633300781,0.1790114057490787,0,0
258,5,t201,0110,0110,1110,-0.033556289970874786,-4.278075695037842,4.244519405066967,0.9670197143600322,1,0
258,6,s30,0110,0010,0010,-1.8584074974060059,-1.7256872653961182,-0.1327202320098877,0.15596887270731957,0,0
258,7,t312,0110,0110,0111,-0.16053292155265808,-2.1605329513549805,2.0000000298023224,0.8517272501175025,1,0
258,8,t213,0111,0110,0110,-2.474069118499756,-0.0990692749619484,-2.3749998435378075,0.08424512387760691,0,0
259,1,s13,0110,1000,1000,-2.841552257537842,-2.5954105854034424,-0.24614167213439941,0.0583696254035001,0,0
259,2,t302,0110,0000,0000,-2.8420543670654297,-2.5472097396850586,-0.2948446273803711,0.058370847230432926,0,0
259,3,x2,0100,0100,0010,-2.1503286361694336,-2.165799140930176,0.015470504760742188,0.11651714063454797,1,0
259,4,t320,0100,0100,1100,-0.6193092465400696,-1.614182710647583,0.9948734641075134,0.5386065035972426,1,0
259,5,t301,0100,0100,0000,-0.450182169675827,-1.3462880849838257,0.8961059153079987,0.6376214736113335,1,0
259,6,c30,0100,0100,1100,-0.408611923456192,-1.2464962005615234,0.8378842771053314,0.6648694100724565,1,0
259,7,t103,0100,0100,0101,-0.002980424091219902,-6.7529802322387695,6.74999980814755,0.9970326320039595,1,0
259,8,c12,0110,0100,0100,-1.8009767532348633,-0.32229387760162354,-1.4786828756332397,0.16514132726882758,0,0
260,1,t102,0001,0001,0000,-2.308297634124756,-2.433297634124756,0.125,0.09950848630591987,1,0
260,2,s21,0001,0001,0101,-1.3000006675720215,-1.6962974071502686,0.39629673957824707,0.2726196552687503,1,0
260,3,x1,0101,0101,0100,-1.0534234046936035,-1.803423523902893,0.7500001192092896,0.34880600967194314,1,0
260,4,s32,0110,0101,0101,-2.640711784362793,-1.2421698570251465,-1.3985419273376465,0.0713215022845442,0,0
260,5,t032,0110,0110,0111,-0.4233361780643463,-1.423336148262024,0.9999999701976776,0.6550003462298128,1,0
260,6,s31,0011,0010,0010,-1.9478366374969482,-1.4478366374969482,-0.5,0.14262821076896545,0,0
260,7,c31,0111,0011,0011,-1.726039171218872,-0.5251237750053406,-1.2009153962135315,0.17802836807483613,0,0
260,8,t213,0110,0111,0111,-2.8462865352630615,-0.09628660976886749,-2.749999925494194,0.05806318734808635,0,0
261,1,t012,0101,0101,1000,-2.2746028900146484,-2.5348148345947266,0.2602119445800781,0.10290529781063609,1,0
261,2,x2,0111,0101,0101,-1.9319567680358887,-1.6252789497375488,-0.30667781829833984,0.14488881125521086,0,0
261,3,x1,0011,0011,0111,-1.0718365907669067,-1.298004150390625,0.22616755962371826,0.3424791486684996,1,0
261,4,s31,0110,0011,0011,-2.419548988342285,-1.0445313453674316,-1.3750176429748535,0.08899210731132427,0,0
261,5,s30,0110,0110,1110,-1.3757059574127197,-1.4684945344924927,0.09278857707977295,0.25296652646713624,1,0
261,6,t201,0110,0110,0010,-0.1124677062034607,-2.73079776763916,2.6183300614356995,0.8937160185231435,1,0
261,7,c10,1110,1110,0110,-0.5929242372512817,-0.9016362428665161,0.3087120056152344,0.5528222831659194,1,0
261,8,s30,0111,1110,1110,-4.587095260620117,-0.6885040998458862,-3.898591160774231,0.010183678498553473,0,0
262,1,c31,0010,0010,1000,-2.4934887886047363,-2.595409870147705,0.10192108154296875,0.08267291896829398,1,0
262,2,t021,0010,0010,1010,-0.33463776111602783,-2.23417067527771,1.8995329141616821,0.7157142858142953,1,0
262,3,c03,0010,0010,0011,-0.5459709167480469,-1.2959707975387573,0.7499998807907104,0.5793417850893968,1,0
262,4,c12,0010,0010,0011,-0.30275028944015503,-2.0527503490448,1.7500000596046448,0.7388899213274314,1,0
262,5,t102,0010,0010,1010,-0.01097607146948576,-4.776528835296631,4.765552763827145,0.9891105618053366,1,0
262,6,s03,0010,0010,0110,-0.3603281080722809,-2.0139286518096924,1.6536005437374115,0.6975227709586346,1,0
262,7,t213,0010,0010,0011,-0.10000308603048325,-2.4750030040740967,2.3749999180436134,0.9048685334389762,1,0
262,8,t032,0010,0010,0011,-0.018019763752818108,-4.080519676208496,4.062499912455678,0.9821564922839087,1,0
263,1,t013,0011,0011,1000,-2.3196895122528076,-2.5954065322875977,0.27571702003479004,0.09836511421694272,1,0
263,2,c23,0010,0011,0011,-1.921964406967163,-0.9219644665718079,-0.9999999403953552,0.14637176299021196,0,0
263,3,t310,0010,0010,1010,-0.3405074179172516,-1.505073070526123,1.1645656526088715,0.7115073436631335,1,0
263,4,x3,0011,0011,0001,-1.2647607326507568,-1.3373258113861084,0.07256507873535156,0.2824054052584357,1,0
263,5,x1,0111,0111,0011,-0.5783185958862305,-1.4877218008041382,0.9094032049179077,0.5609828427320029,1,0
263,6,s31,0111,0111,0011,-1.1373851299285889,-1.5485225915908813,0.4111374616622925,0.32072541558909334,1,0
263,7,x0,1111,1111,0111,-0.4462287425994873,-1.0723347663879395,0.6261060237884521,0.6407487449690983,1,0
263,8,c32,1101,1101,1111,-1.1141934394836426,-1.1981796026229858,0.08398616313934326,0.3282112275417057,1,0
264,1,s23,1110,1100,1100,-2.728395462036133,-2.5388717651367188,-0.18952369689941406,0.06537091955785569,0,0
264,2,s12,1110,0111,0111,-2.902106523513794,-2.6520848274230957,-0.25002169609069824,0.05494428417160122,0,0
264,3,s12,1110,1110,0110,-2.023768663406372,-2.200972557067871,0.17720389366149902,0.13222317495129296,1,0
264,4,t210,0110,1110,1110,-2.429624557495117,-0.37621206045150757,-2.0534124970436096,0.08811120130399197,0,0
264,5,c01,0110,0010,0010,-1.3819385766983032,-1.2493294477462769,-0.13260912895202637,0.25118016198594684,0,0
264,6,t012,0110,0110,1110,-0.15066403150558472,-2.6926400661468506,2.541976034641266,0.8602124570223246,1,0
264,7,c13,0111,0111,0110,-0.6806498169898987,-0.9306498169898987,0.25,0.5063430815655514,1,0
264,8,c12,0101,0111,0111,-1.5688886642456055,-0.41843366622924805,-1.1504549980163574,0.20833904984273982,0,0
265,1,s13,0010,0000,0000,-2.5993216037750244,-2.47440767288208,-0.12491393089294434,0.07437134504139915,0,0
265,2,t013,0010,0010,1010,-0.43275734782218933,-2.2754275798797607,1.8426702320575714,0.6488801301468327,1,0
265,3,x1,0110,0110,0010,-0.8932250142097473,-1.7502527236938477,0.8570277094841003,0.4094189985711193,1,0
265,4,c20,1110,0110,0110,-0.7334176898002625,-0.7040125131607056,-0.029405176639556885,0.4803625540115782,0,0
265,5,t023,1111,1110,1110,-1.0888066291809082,-0.5888065695762634,-0.5000000596046448,0.3366417161552546,0,0
265,6,x1,1011,1011,1101,-0.9160975217819214,-1.5960216522216797,0.6799241304397583,0.40014396773113103,1,0
265,7,t201,1111,1011,1011,-2.524653911590576,-0.1385829597711563,-2.38607095181942,0.08008904849667817,0,0
265,8,x3,1110,1110,1111,-0.9874292612075806,-0.9874292612075806,0.0,0.3725956512915066,0,1
266,1,t032,1011,1001,1001,-2.7363224029541016,-2.2517313957214355,-0.484591007232666,0.0648661668029601,0,0
266,2,x3,1010,1000,1000,-2.716975688934326,-2.591986656188965,-0.12498903274536133,0.06614310049634296,0,0
266,3,t231,1010,1011,1011,-2.7772891521453857,-2.6522891521453857,-0.125,0.062264081254721576,0,0
266,4,c30,1010,1010,1110,-1.6254422664642334,-2.0208096504211426,0.3953673839569092,0.19702172167068077,1,0
266,5,s12,1100,1110,1110,-2.5065665245056152,-1.8246221542358398,-0.6819443702697754,0.08158297035685519,0,0
266,6,t012,1110,1100,1100,-3.433068037033081,-0.31812548637390137,-3.1149425506591797,0.03230698102771507,0,0
266,7,c01,1010,1110,1110,-2.3362324237823486,-2.0525450706481934,-0.2836873531341553,0.09678711194919701,0,0
266,8,s10,0110,1010,1010,-2.2100908756256104,-1.975409984588623,-0.2346808910369873,0.10980728610297243,0,0
267,1,c32,1101,1110,1110,-2.595228910446167,-2.534672498703003,-0.06055641174316406,0.07466108899068749,0,0
267,2,t013,1100,1101,1101,-2.315321922302246,-1.6903220415115356,-0.6249998807907104,0.09876151909026863,0,0
267,3,x1,1000,1101,1101,-2.5955729484558105,-2.4859378337860107,-0.1096351146697998,0.0746577942003153,0,0
267,4,t130,1000,1000,1001,-1.356379747390747,-1.856379747390747,0.5,0.25780332922087257,1,0
267,5,x1,1100,1100,1101,-1.4207744598388672,-1.9207744598388672,0.5,0.2415691515523598,1,0
267,6,s23,1100,1101,1101,-1.2816721200942993,-1.0316721200942993,-0.25,0.27764892764659166,0,0
267,7,t210,1100,1100,0100,-0.09459995478391647,-2.4791512489318848,2.3845512941479683,0.9098023089044571,1,0
267,8,c21,1100,1100,1101,-0.8377217054367065,-1.4627217054367065,0.625,0.4328710462362843,1,0
268,1,t120,0100,0100,1000,-2.202486515045166,-2.534951686859131,0.33246517181396484,0.11061188472865682,1,0
268,2,s31,0001,0100,0100,-2.1598215103149414,-0.974099338054657,-1.1857221722602844,0.11537258551106287,0,0
268,3,x0,1001,1001,0001,-0.8427191376686096,-1.3463068008422852,0.5035876631736755,0.4310880583219002,1,0
268,4,x2,1011,1010,1010,-1.6862473487854004,-1.6862473487854004,0.0,0.18530502088270054,0,1
268,5,t301,1111,1011,1011,-2.3124189376831055,-0.8951064348220825,-1.417312502861023,0.09903949135294221,0,0
268,6,x2,1101,1101,1111,-2.101468086242676,-2.131298065185547,0.029829978942871094,0.1223550642114689,1,0
268,7,t103,1100,1101,1101,-1.6909528970718384,-1.3159528970718384,-0.375,0.18446540150190396,0,0
268,8,s30,0101,0100,0100,-2.73756742477417,-2.23756742477417,-0.5,0.06482775305831727,0,0
269,1,s30,1101,1101,0000,-2.4331512451171875,-2.595608949661255,0.16245770454406738,0.0878256650832319,1,0
269,2,t102,1111,1101,1101,-3.4662580490112305,-0.960054874420166,-2.5062031745910645,0.031242726769686934,0,0
269,3,c01,1011,1011,1111,-1.3675100803375244,-1.569642186164856,0.20213210582733154,0.2548421477738623,1,0
269,4,t130,1011,1011,0011,-0.6439294815063477,-1.7622162103652954,1.1182867288589478,0.5253346300845717,1,0
269,5,x1,1111,1111,1001,-0.9436011910438538,-1.754807949066162,0.8112067580223083,0.3892676546205904,1,0
269,6,x1,1011,1011,1101,-0.9879837036132812,-1.5155572891235352,0.5275735855102539,0.37236000676201014,1,0
269,7,t312,1011,1011,1010,-0.47690534591674805,-1.101905345916748,0.625,0.6207113678824736,1,0
269,8,x3,1010,1010,1011,-0.7625504732131958,-1.0125504732131958,0.25,0.4664882072248803,1,0
270,1,s32,0000,0000,0100,-2.3083105087280273,-2.4860715866088867,0.17776107788085938,0.09949782248334575,1,0
270,2,s01,0000,0000,1000,-1.132512092590332,-1.7061327695846558,0.5736206769943237,0.32232526544972,1,0
270,3,s32,0000,0000,0001,-0.6057077646255493,-1.3557077646255493,0.75,0.5457065206662975,1,0
270,4,x0,1000,0000,0000,-0.9079759120941162,-0.5251478552818298,-0.3828280568122864,0.4033763107756821,0,0
270,5,s10,0100,0000,0000,-1.763053059577942,-1.0096418857574463,-0.7534111738204956,0.17163591820676255,0,0
270,6,s23,0100,0100,0101,-1.4640460014343262,-1.5890460014343262,0.125,0.23140407773131344,1,0
270,7,t132,0100,0100,0110,-0.07389339804649353,-3.909846544265747,3.8359531462192535,0.9288142587218404,1,0
270,8,s20,0100,1100,1100,-1.0804760456085205,-1.0223019123077393,-0.05817413330078125,0.33959425388717696,0,0
271,1,x0,0010,0000,0000,-2.7853543758392334,-2.535313129425049,-0.25004124641418457,0.06176499713263784,0,0
271,2,s32,0001,1000,1000,-2.918041229248047,-2.5351691246032715,-0.3828721046447754,0.054088435647933426,0,0
271,3,x0,1001,1100,1100,-2.785115957260132,-2.5352025032043457,-0.24991345405578613,0.06177874662435401,0,0
271,4,t103,1001,0000,0000,-2.9062087535858154,-2.4789834022521973,-0.42722535133361816,0.05474097317854119,0,0
271,5,t023,1001,1001,1000,-1.6324176788330078,-1.8824176788330078,0.25,0.19553430804240945,1,0
271,6,s30,1001,0001,0001,-1.9636905193328857,-1.8775639533996582,-0.08612656593322754,0.1404271857728055,0,0
271,7,s31,1100,1101,1101,-2.2282352447509766,-2.1032352447509766,-0.125,0.10775037088647377,0,0
271,8,c13,1101,1100,1100,-1.335782766342163,-0.9607828259468079,-0.3749999403953552,0.2630774722795875,0,0
272,1,t310,0101,1101,1101,-2.7127535343170166,-2.2780232429504395,-0.43473029136657715,0.0663982279912568,0,0
272,2,x0,1101,0101,0101,-2.024371862411499,-1.990800142288208,-0.033571720123291016,0.1321144913624316,0,0
272,3,s21,1011,1001,1001,-2.3726065158843994,-2.1003708839416504,-0.272235631942749,0.09326709638120108,0,0
272,4,s13,1110,1001,1001,-2.3381600379943848,-2.1677393913269043,-0.17042064666748047,0.09654506708992547,0,0
272,5,t301,1110,1110,1111,-1.7602729797363281,-2.260272979736328,0.5,0.17207035374653545,1,0
272,6,c30,1110,1110,0110,-0.6177429556846619,-1.186600923538208,0.5688579678535461,0.5393849689313694,1,0
272,7,t301,1110,1110,1010,-0.0284259133040905,-4.5288591384887695,4.500433225184679,0.9720036283674727,1,0
272,8,t312,1110,1110,1111,-0.1440061330795288,-2.1440060138702393,1.9999998807907104,0.8659276384214778,1,0
273,1,x1,1000,1100,1100,-2.478410243988037,-2.4217350482940674,-0.05667519569396973,0.08394781955634426,0,0
273,2,x0,0000,1100,1100,-2.6185498237609863,-2.307920217514038,-0.31062960624694824,0.07293365269560807,0,0
273,3,t123,0000,0000,0001,-2.425391674041748,-2.550391674041748,0.125,0.08850052249178132,1,0
273,4,c02,0000,0000,0100,-0.16833406686782837,-2.8525824546813965,2.684248387813568,0.84520697340524,1,0
273,5,x2,0010,0010,0001,-0.9948139190673828,-1.2131911516189575,0.2183772325515747,0.36983560087428063,1,0
273,6,t302,0010,0010,0011,-0.03422001004219055,-4.034220218658447,4.000000208616257,0.9664283840187854,1,0
273,7,x0,1010,1010,0010,-0.6867626905441284,-0.9392876029014587,0.2525249123573303,0.5032627917250986,1,0
273,8,x1,1110,1110,1000,-1.1336437463760376,-1.5758639574050903,0.44222021102905273,0.3219083015610694,1,0
274,1,t123,0011,0011,1000,-2.4858028888702393,-2.5914359092712402,0.10563302040100098,0.08330183852841351,1,0
274,2,x0,1011,1011,0011,-1.2840471267700195,-1.3414475917816162,0.05740046501159668,0.2770085790005947,1,0
274,3,c21,1111,1111,1011,-1.290684700012207,-1.3166751861572266,0.02599048614501953,0.2751339599667035,1,0
274,4,c12,1101,1111,1111,-2.0325193405151367,-0.715485692024231,-1.3170336484909058,0.13101510648384715,0,0
274,5,c23,1101,1100,1100,-0.9625134468078613,-0.8375134468078613,-0.125,0.3820743364040143,0,0
274,6,x0,0101,1101,1101,-0.8492468595504761,-0.6631513237953186,-0.18609553575515747,0.42776729677735376,0,0
274,7,x0,1101,1101,0101,-0.5161929130554199,-1.3162939548492432,0.8001010417938232,0.5968389431404973,1,0
274,8,x2,1111,1111,1100,-1.068245768547058,-1.2672429084777832,0.1989971399307251,0.34363476660722464,1,0
275,1,x2,1111,0100,0100,-2.9099879264831543,-2.5915119647979736,-0.31847596168518066,0.054510637295823235,0,0
275,2,t021,1011,1111,1111,-2.7243199348449707,-2.0663609504699707,-0.657958984375,0.06562668355773155,0,0
275,3,x3,1010,1010,1011,-2.1135568618774414,-2.1135568618774414,0.0,0.12086223672343202,0,1
275,4,t230,1010,1010,0010,-1.1604347229003906,-2.0105795860290527,0.8501448631286621,0.313531779685298,1,0
275,5,c01,1110,1010,1010,-1.1547925472259521,-0.9386858344078064,-0.21610671281814575,0.31517982438444847,0,0
275,6,x2,1100,1111,1111,-2.368173122406006,-0.7772255539894104,-1.5909475684165955,0.09365945703296938,0,0
275,7,t301,1100,1100,0100,-0.07421503961086273,-3.327960252761841,3.253745213150978,0.9285347054819172,1,0
275,8,s20,0110,1100,1100,-5.167346954345703,-0.6673439741134644,-4.500002980232239,0.005702210207733793,0,0
276,1,x1,0000,1000,1000,-2.6520206928253174,-2.4780616760253906,-0.17395901679992676,0.07054283085882325,0,0
276,2,s20,0000,1000,1000,-2.966718912124634,-2.6521637439727783,-0.31455516815185547,0.051510701235905426,0,0
276,3,x2,0010,0100,0100,-2.340390682220459,-2.0042147636413574,-0.33617591857910156,0.09634106480691662,0,0
276,4,c10,0010,0010,1010,-1.5571119785308838,-2.170854091644287,0.6137421131134033,0.21095428018881796,1,0
276,5,s12,0100,0010,0010,-2.3614816665649414,-2.202371835708618,-0.15910983085632324,0.09433297385078032,0,0
276,6,s01,1000,0100,0100,-1.880030870437622,-1.3015166521072388,-0.5785142183303833,0.15269871097445956,0,0
276,7,c12,1000,1001,1001,-2.1539149284362793,-2.0289149284362793,-0.125,0.11607302713584725,0,0
276,8,t132,1000,1000,1010,-0.196865975856781,-3.7696807384490967,3.5728147625923157,0.8214066780036137,1,0
277,1,s31,0111,1000,1000,-2.8373799324035645,-2.591320514678955,-0.24605941772460938,0.05860169634101344,0,0
277,2,c32,0101,0111,0111,-3.1058273315429688,-1.761039137840271,-1.3447881937026978,0.044804372604498224,0,0
277,3,s03,1100,1100,1101,-2.149099826812744,-2.149099826812744,0.0,0.11671059045396823,0,1
277,4,c32,1100,1101,1101,-1.9082481861114502,-1.7832481861114502,-0.125,0.14841846729125832,0,0
277,5,x1,1000,1000,1101,-1.4774727821350098,-1.9505912065505981,0.4731184244155884,0.2283015575643047,1,0
277,6,x2,1010,1000,1000,-1.2392293214797974,-1.1471138000488281,-0.09211552143096924,0.28962760188664244,0,0
277,7,x0,0010,1010,1010,-1.5037214756011963,-1.0675283670425415,-0.4361931085586548,0.22236110680652704,0,0
277,8,t013,0010,0010,0001,-0.3492313623428345,-2.938955783843994,2.5897244215011597,0.7054167328773077,1,0
278,1,x3,1001,1000,1000,-2.660904884338379,-2.535904884338379,-0.125,0.06999358461774773,0,0
278,2,s31,1100,1000,1000,-2.652468681335449,-2.652428150177002,-4.0531158447265625e-05,0.0705442172644257,0,0
278,3,s31,1001,0101,0101,-2.778270721435547,-2.5928287506103516,-0.1854419708251953,0.06226127383932912,0,0
278,4,t103,1001,1000,1000,-2.7857131958007812,-2.5357131958007812,-0.25,0.061783135379149104,0,0
278,5,s31,1100,1000,1000,-2.441005229949951,-2.417768955230713,-0.02323627471923828,0.08713987264608891,0,0
278,6,x0,0100,1100,1100,-1.6752712726593018,-1.286379098892212,-0.38889217376708984,0.18734363135412457,0,0
278,7,x1,0000,0000,0101,-1.9090673923492432,-2.12130069732666,0.212233304977417,0.14828353146260076,1,0
278,8,t123,0000,0000,0001,-0.4165651202201843,-1.9165650606155396,1.4999999403953552,0.6594245200582394,1,0
279,1,c21,1101,1101,0100,-2.485861301422119,-2.5954556465148926,0.10959434509277344,0.08330627555385502,1,0
279,2,t312,1111,1101,1101,-3.2937417030334473,-0.670497477054596,-2.6232442259788513,0.03712329286625424,0,0
279,3,t031,1011,1111,1111,-1.7943358421325684,-1.0745437145233154,-0.7197921276092529,0.16629777157468834,0,0
279,4,c21,1111,1011,1011,-1.4091671705245972,-1.3571339845657349,-0.052033185958862305,0.24444634835170093,0,0
279,5,s23,1111,1110,1110,-1.449697732925415,-1.449697732925415,0.0,0.23474232915425886,0,1
279,6,c30,0111,0111,1111,-0.971490740776062,-1.1469190120697021,0.17542827129364014,0.3787926817284777,1,0
279,7,t013,0111,0111,0110,-0.5813666582107544,-1.3313666582107544,0.75,0.5591487246481853,1,0
279,8,s03,1110,1111,1111,-2.099620819091797,-0.9746209383010864,-1.1249998807907104,0.12252608642036607,0,0
280,1,x0,1011,0011,0011,-2.777090549468994,-2.4859228134155273,-0.2911677360534668,0.062261517696430034,0,0
280,2,t102,1011,1011,0011,-2.0805790424346924,-2.7164814472198486,0.6359024047851562,0.12493217179136688,1,0
280,3,x0,0011,0011,1011,-0.9864998459815979,-1.2677216529846191,0.28122180700302124,0.37297145119018627,1,0
280,4,c20,1011,1011,0011,-0.7370781898498535,-0.7976574897766113,0.06057929992675781,0.4785853285828719,1,0
280,5,x1,1111,1111,1001,-1.6175684928894043,-1.646869421005249,0.029300928115844727,0.198413962806046,1,0
280,6,t302,1101,1111,1111,-1.650556206703186,-0.8750910758972168,-0.7754651308059692,0.19194881231091662,0,0
280,7,s10,1101,0101,0101,-1.161981463432312,-1.1614896059036255,-0.0004918575286865234,0.31289572436813556,0,0
280,8,c12,1111,1111,1100,-1.1179523468017578,-1.2641334533691406,0.1461811065673828,0.3269734110503506,1,0
281,1,x1,0001,1000,1000,-2.777068853378296,-2.4781699180603027,-0.29889893531799316,0.062258897929835244,0,0
281,2,c10,0001,1100,1100,-2.8417394161224365,-2.591703176498413,-0.25003623962402344,0.05836505850926662,0,0
281,3,c13,0001,0001,0101,-0.6843756437301636,-2.5279200077056885,1.843544363975525,0.5045860394444263,1,0
281,4,x3,0000,0000,0011,-1.2306751012802124,-1.3221654891967773,0.09149038791656494,0.29212509680274884,1,0
281,5,s31,0000,0100,0100,-1.299904704093933,-0.8954244256019592,-0.4044802784919739,0.2726906739195514,0,0
281,6,s02,0000,0000,1000,-0.5425165295600891,-1.082961082458496,0.540444552898407,0.5816291304632346,1,0
281,7,s20,0000,0000,1000,-0.6965001225471497,-0.7004525065422058,0.003952383995056152,0.49837928212490124,1,0
281,8,s13,0000,0000,0001,-0.2665233016014099,-2.1415233612060547,1.8750000596046448,0.7660517720386283,1,0
282,1,s31,0011,0000,0000,-2.784940242767334,-2.534928560256958,-0.250011682510376,0.06176532348186963,0,0
282,2,s02,1001,1100,1100,-2.7772037982940674,-2.652251720428467,-0.12495207786560059,0.0622558541638651,0,0
282,3,t213,1001,1100,1100,-2.8381919860839844,-2.652811050415039,-0.1853809356689453,0.05860370861426241,0,0
282,4,s01,0101,1000,1000,-2.6676177978515625,-2.4820337295532227,-0.18558406829833984,0.069459841122553,0,0
282,5,x1,0001,1000,1000,-2.876340627670288,-2.315786361694336,-0.5605542659759521,0.0563752779515193,0,0
282,6,s20,0001,0100,0100,-2.921447277069092,-2.471505880355835,-0.44994139671325684,0.053889752419269944,0,0
282,7,c12,0001,0001,0011,-1.6200382709503174,-2.346505880355835,0.7264676094055176,0.1979454441212013,1,0
282,8,x1,0101,0100,0100,-2.1678085327148438,-2.0428085327148438,-0.125,0.11445863333982914,0,0
283,1,t123,1100,1100,1000,-2.437062978744507,-2.595670223236084,0.15860724449157715,0.08748986706367613,1,0
283,2,s01,1100,0100,0100,-1.440730333328247,-1.2473509311676025,-0.19337940216064453,0.2368815351754309,0,0
283,3,x2,1110,1101,1101,-1.1956931352615356,-1.1154451370239258,-0.08024799823760986,0.30252980253759215,0,0
283,4,t301,1110,1110,1111,-0.1956736445426941,-2.070673704147339,1.8750000596046448,0.822398785329426,1,0
283,5,x0,0110,1110,1110,-0.9149664640426636,-0.6957571506500244,-0.21920931339263916,0.40059557508374755,0,0
283,6,c21,0010,0110,0110,-1.5235633850097656,-0.4221823215484619,-1.1013810634613037,0.2179440052278086,0,0
283,7,x1,0110,0110,0010,-1.0956716537475586,-1.5767896175384521,0.48111796379089355,0.33433732379019565,1,0
283,8,s13,0011,0110,0110,-4.728069305419922,-0.8892438411712646,-3.8388254642486572,0.008843916888856938,0,0
284,1,t213,0010,0010,0000,-2.2214958667755127,-2.425583839416504,0.2040879726409912,0.10852090347188739,1,0
284,2,c12,0010,0010,0110,-0.6312984228134155,-1.9172241687774658,1.2859257459640503,0.5320040753922881,1,0
284,3,s13,0010,0010,0110,-1.0645283460617065,-1.5405051708221436,0.475976824760437,0.3449743488328587,1,0
284,4,c31,0010,0010,0110,-0.6229487061500549,-1.0055993795394897,0.3826506733894348,0.5364455498188122,1,0
284,5,x1,0110,0110,0010,-0.5579878687858582,-1.772233486175537,1.214245617389679,0.5724046023286233,1,0
284,6,c12,0100,0110,0110,-3.9682366847991943,-0.12350203841924667,-3.8447346463799477,0.01890709719766716,0,0
284,7,t203,0100,0100,0000,-0.006733479909598827,-6.252986431121826,6.246252951212227,0.9933084381580065,1,0
284,8,c32,0100,0100,0101,-0.4622581899166107,-1.212258219718933,0.7500000298023224,0.6298831686305303,1,0
285,1,t012,0011,0011,1000,-2.4254775047302246,-2.595470905303955,0.16999340057373047,0.08849819754573063,1,0
285,2,c13,0011,0011,0111,-1.27506685256958,-1.938281536102295,0.6632146835327148,0.2795103495549966,1,0
285,3,c01,0011,0011,0111,-0.9305301904678345,-1.0506608486175537,0.12013065814971924,0.3944175947071553,1,0
285,4,c30,1011,1011,0011,-0.578687846660614,-0.9554409980773926,0.37675315141677856,0.56075925635056,1,0
285,5,t032,1001,1011,1011,-2.3313708305358887,-0.35980987548828125,-1.9715609550476074,0.0971667834730565,0,0
285,6,c13,1001,1001,1000,-0.9996620416641235,-1.1246620416641235,0.125,0.36807813680322404,1,0
285,7,c20,1001,1001,0001,-0.7980069518089294,-0.9255861043930054,0.12757915258407593,0.45029711672096767,1,0
285,8,c32,1011,1001,1001,-1.852596640586853,-0.5379960536956787,-1.3146005868911743,0.15683300803462338,0,0
286,1,t302,0111,0111,0000,-2.5346198081970215,-2.595329999923706,0.06071019172668457,0.07932631693610422,1,0
286,2,c30,1111,0111,0111,-1.7225797176361084,-1.2051753997802734,-0.517404317855835,0.17868231914478852,0,0
286,3,t123,1110,1111,1111,-1.2480413913726807,-0.9980413317680359,-0.2500000596046448,0.28709716294458765,0,0
286,4,s03,0111,1110,1110,-2.572901725769043,-1.998868465423584,-0.574033260345459,0.0763686714393909,0,0
286,5,x0,1111,1111,0111,-0.8843690156936646,-1.3517640829086304,0.4673950672149658,0.413131108846366,1,0
286,6,s10,1111,0111,0111,-1.3451306819915771,-1.1724655628204346,-0.17266511917114258,0.2605860592968147,0,0
286,7,x3,1110,1110,1111,-1.1418609619140625,-1.2668609619140625,0.125,0.3193350623212662,1,0
286,8,c32,1110,1111,1111,-1.290340781211853,-1.165340781211853,-0.125,0.2752742400428423,0,0
287,1,x3,0011,0000,0000,-2.7243003845214844,-2.5348734855651855,-0.18942689895629883,0.06563389747307677,0,0
287,2,t102,0011,0011,1000,-1.7232255935668945,-2.591644287109375,0.8684186935424805,0.1786271768817878,1,0
287,3,x0,1011,1011,0011,-0.800689697265625,-0.9925546646118164,0.1918649673461914,0.4491986502577914,1,0
287,4,x2,1001,1001,1010,-1.301919937133789,-1.528379201889038,0.22645926475524902,0.27206396571010516,1,0
287,5,x0,0001,1001,1001,-0.8036797046661377,-0.7139596939086914,-0.08972001075744629,0.4477457390287812,0,0
287,6,x3,0000,0000,0011,-1.4408211708068848,-1.5091688632965088,0.06834769248962402,0.23676455852877337,1,0
287,7,t231,0000,0000,0001,-0.0922103077173233,-3.717210292816162,3.624999985098839,0.9120123350253988,1,0
287,8,t201,0000,0000,1000,-0.11453311145305634,-2.2491254806518555,2.134592369198799,0.8918392765014396,1,0
288,1,c23,0000,0000,0100,-2.255481719970703,-2.486048936843872,0.23056721687316895,0.10489780736629475,1,0
288,2,s23,0000,0000,0100,-0.5488269329071045,-2.144808530807495,1.5959815979003906,0.5776966803821901,1,0
288,3,t102,0000,0000,1000,-0.025822214782238007,-3.88065767288208,3.854835458099842,0.9745220988972068,1,0
288,4,x0,1000,1000,0000,-0.5282536149024963,-0.9019923806190491,0.37373876571655273,0.5896920112161832,1,0
288,5,s13,1000,1000,1001,-1.132370948791504,-1.257370948791504,0.125,0.3222854720540513,1,0
288,6,t132,1000,1000,1001,-0.03419172763824463,-4.159191608428955,4.1249998807907104,0.9663970166385034,1,0
288,7,x3,1001,1001,1000,-0.7985140085220337,-0.9235140085220337,0.125,0.45000907037596366,1,0
288,8,x1,1101,1101,1001,-0.8588966131210327,-1.4665932655334473,0.6076966524124146,0.4236711983221504,1,0
289,1,s30,0000,0000,1000,-2.3727474212646484,-2.6522216796875,0.27947425842285156,0.09329742206199927,1,0
289,2,c20,0000,0000,1000,-0.7827717661857605,-0.9723637700080872,0.18959200382232666,0.45725609920715327,1,0
289,3,s20,0000,1000,1000,-0.8624525666236877,-0.7007355690002441,-0.1617169976234436,0.4224778272050153,0,0
289,4,x1,0100,0100,0010,-0.6458510756492615,-1.6005921363830566,0.9547410607337952,0.5243164473146651,1,0
289,5,x1,0000,0100,0100,-1.4010001420974731,-1.3620525598526,-0.03894758224487305,0.2464276096409313,0,0
289,6,t132,0000,0000,0010,-0.006410696543753147,-6.060155391693115,6.053744695149362,0.9936421765529743,1,0
289,7,c21,0000,0000,0100,-0.3435889780521393,-1.884475588798523,1.5408866107463837,0.709327786937845,1,0
289,8,s32,0000,0010,0010,-1.5896029472351074,-0.9203988909721375,-0.66920405626297,0.20401496626499202,0,0
290,1,t312,1100,1100,1000,-2.1307406425476074,-2.4217350482940674,0.29099440574645996,0.1188443211783853,1,0
290,2,x2,1110,1101,1101,-1.2795085906982422,-1.24886155128479,-0.03064703941345215,0.2782462940461661,0,0
290,3,x2,1100,1111,1111,-2.045191764831543,-0.8104259967803955,-1.2347657680511475,0.1293833768813515,0,0
290,4,s13,1001,1100,1100,-3.9106857776641846,-0.7787131071090698,-3.1319726705551147,0.02003547196552826,0,0
290,5,t321,1001,1001,1101,-0.2675185203552246,-2.8839704990386963,2.6164519786834717,0.7655236447498603,1,0
290,6,c31,1101,1001,1001,-2.2290525436401367,-0.5948516130447388,-1.634200930595398,0.10765464487071051,0,0
290,7,s10,1101,1101,0101,-0.620872437953949,-0.9232683777809143,0.30239593982696533,0.5375528626677369,1,0
290,8,c03,1100,1100,1101,-0.5806881785392761,-0.9556881785392761,0.375,0.5596807648842469,1,0
291,1,x1,1001,1000,1000,-2.7164418697357178,-2.5914418697357178,-0.125,0.0661454277201927,0,0
291,2,x3,1000,1000,1010,-2.4252028465270996,-2.4252145290374756,1.1682510375976562e-05,0.08849622170404196,1,0
291,3,x2,1010,1000,1000,-2.0293445587158203,-1.964834213256836,-0.06451034545898438,0.13146617932680543,0,0
291,4,x1,1110,1110,1111,-2.4328384399414062,-2.4328384399414062,0.0,0.08782088395684202,0,1
291,5,c10,0110,1110,1110,-2.0468406677246094,-1.4662368297576904,-0.580603837966919,0.12922694969099505,0,0
291,6,t321,0110,0010,0010,-2.4074366092681885,-2.144416570663452,-0.26302003860473633,0.09009099506956654,0,0
291,7,s02,1100,1110,1110,-2.463413953781128,-1.578750729560852,-0.8846632242202759,0.08517552251007633,0,0
291,8,s03,0101,1000,1000,-3.06972599029541,-2.331334114074707,-0.7383918762207031,0.046463073123065475,0,0
292,1,c12,1000,1000,1100,-2.161526679992676,-2.6039280891418457,0.4424014091491699,0.11529230121513276,1,0
292,2,t032,1000,1000,0000,-0.25740301609039307,-2.866300344467163,2.60889732837677,0.7731978843408402,1,0
292,3,s10,0100,1000,1000,-2.0716421604156494,-0.874650776386261,-1.1969913840293884,0.12609151898267962,0,0
292,4,s31,0001,0100,0100,-1.9312641620635986,-1.1966586112976074,-0.7346055507659912,0.14500706225041618,0,0
292,5,t123,0001,0001,0000,-0.021347850561141968,-4.896347999572754,4.875000149011612,0.978981199484957,1,0
292,6,c21,0001,0001,0101,-0.6187111139297485,-1.744476556777954,1.1257654428482056,0.5388450630347122,1,0
292,7,c01,0001,0001,1001,-0.12812963128089905,-3.2137250900268555,3.0855954587459564,0.8798319248718429,1,0
292,8,x3,0000,0011,0011,-1.3290878534317017,-1.2724672555923462,-0.05662059783935547,0.2647367416335175,0,0
293,1,c01,1110,0100,0100,-2.720590353012085,-2.5954647064208984,-0.12512564659118652,0.06588044389604018,0,0
293,2,s21,1110,1000,1000,-2.7733421325683594,-2.6523308753967285,-0.12101125717163086,0.06250338060870228,0,0
293,3,t120,0110,1110,1110,-2.100152015686035,-1.4179396629333496,-0.6822123527526855,0.1225244035101364,0,0
293,4,s32,0101,0010,0010,-2.228590488433838,-1.916957139968872,-0.3116333484649658,0.10772762885817441,0,0
293,5,x0,1101,1101,1001,-1.6738166809082031,-2.0041439533233643,0.33032727241516113,0.187616496962962,1,0
293,6,t120,1101,1101,0101,-1.01768159866333,-1.2932437658309937,0.2755621671676636,0.36151073565997555,1,0
293,7,s03,1101,1100,1100,-2.0111258029937744,-1.7611258029937744,-0.25,0.13388434990260187,0,0
293,8,x2,1111,1111,1100,-1.1470383405685425,-1.179250717163086,0.03221237659454346,0.3176181749982204,1,0
294,1,x2,0101,1000,1000,-2.837462902069092,-2.591404438018799,-0.24605846405029297,0.05860299613114243,0,0
294,2,x1,0001,0101,0101,-2.5348682403564453,-2.4819445610046387,-0.05292367935180664,0.07931330522835205,0,0
294,3,s01,0001,1000,1000,-2.4673547744750977,-2.3646938800811768,-0.1026608943939209,0.08484560145127124,0,0
294,4,c31,0101,0001,0001,-2.3339011669158936,-0.6848112344741821,-1.6490899324417114,0.09695710316206017,0,0
294,5,s12,0011,0001,0001,-2.3189001083374023,-1.9118351936340332,-0.40706491470336914,0.09842333274689365,0,0
294,6,x3,0010,0001,0001,-2.3701343536376953,-2.0636959075927734,-0.3064384460449219,0.09362209077297806,0,0
294,7,s12,0100,0100,1000,-2.364881992340088,-2.448838233947754,0.08395624160766602,0.09401892713328006,1,0
294,8,c01,0100,1100,1100,-2.0476317405700684,-1.9962544441223145,-0.051377296447753906,0.12915708774262236,0,0
295,1,c20,1011,0011,0011,-2.841583013534546,-2.425323009490967,-0.4162600040435791,0.058371642322975,0,0
295,2,x0,0011,0011,1111,-2.383817195892334,-2.425138473510742,0.0413212776184082,0.09222836172125748,1,0
295,3,t123,0011,0011,0110,-1.3542991876602173,-2.5726218223571777,1.2183226346969604,0.2582015237703745,1,0
295,4,c21,0111,0011,0011,-1.5344579219818115,-1.4006283283233643,-0.13382959365844727,0.21563786131133095,0,0
295,5,t312,0101,0111,0111,-3.2545108795166016,-0.24188394844532013,-3.0126269310712814,0.038601184533280014,0,0
295,6,s03,1100,1101,1101,-2.1569032669067383,-1.7819031476974487,-0.37500011920928955,0.11573891827492763,0,0
295,7,s03,0101,0100,0100,-2.464045524597168,-1.8390452861785889,-0.6250002384185791,0.08513926302922797,0,0
295,8,s12,0011,0001,0001,-2.371187210083008,-1.99563467502594,-0.37555253505706787,0.09340004725144105,0,0
296,1,c03,0000,0000,1000,-2.4255857467651367,-2.591625690460205,0.16603994369506836,0.08849566706185295,1,0
296,2,s13,0000,0000,0100,-0.8734469413757324,-1.6580638885498047,0.7846169471740723,0.4175933081242985,1,0
296,3,s31,0000,0100,0100,-1.1286545991897583,-0.8141218423843384,-0.3145327568054199,0.32351426279052314,0,0
296,4,s03,0000,0000,1000,-0.46246716380119324,-1.1125093698501587,0.6500422060489655,0.6297925691244864,1,0
296,5,s30,0000,0000,1000,-0.6992000341415405,-0.7059570550918579,0.006757020950317383,0.4970981247901138,1,0
296,6,t310,0000,0000,1000,-0.008549301885068417,-4.89227819442749,4.883728892542422,0.9915100263494967,1,0
296,7,c01,0000,0000,0100,-0.19325344264507294,-1.8150584697723389,1.621805027127266,0.8243248969487323,1,0
296,8,x2,0010,0010,0001,-0.6202788352966309,-1.2559808492660522,0.6357020139694214,0.5378008605128816,1,0
297,1,t120,1010,1010,1000,-2.106194496154785,-2.4256234169006348,0.3194289207458496,0.1218051446717279,1,0
297,2,x2,1000,1010,1010,-1.858774185180664,-1.483680248260498,-0.375093936920166,0.1559541671283366,0,0
297,3,t012,1000,1000,0000,-0.05948587507009506,-4.183004856109619,4.123518981039524,0.9423433043718764,1,0
297,4,c13,1000,1000,1001,-0.7498151659965515,-0.7498151659965515,0.0,0.4725276597972524,0,1
297,5,t312,1000,1000,1001,-0.006804866716265678,-5.881804466247559,5.874999599531293,0.9932343741005679,1,0
297,6,t102,1000,1000,0000,-0.012322642840445042,-4.532036304473877,4.519713661633432,0.9877627933422595,1,0
297,7,c03,1001,1000,1000,-1.7050856351852417,-0.2050856351852417,-1.5,0.18175872117221745,0,0
297,8,x0,0001,0001,1001,-0.8427098989486694,-0.897639274597168,0.054929375648498535,0.43074609602827135,1,0
298,1,s01,1100,0100,0100,-2.4859671592712402,-2.425377368927002,-0.06058979034423828,0.0833005773236728,0,0
298,2,c12,1110,1100,1100,-2.3663814067840576,-1.11638343334198,-1.2499979734420776,0.09384665980208033,0,0
298,3,x2,1100,1111,1111,-1.5538854598999023,-1.2881805896759033,-0.265704870223999,0.21150569420120777,0,0
298,4,s12,1010,1100,1100,-2.240111827850342,-1.5122894048690796,-0.7278224229812622,0.10649002226939473,0,0
298,5,c02,1000,1010,1010,-1.8327380418777466,-1.2118927240371704,-0.6208453178405762,0.1600367638816083,0,0
298,6,c23,1000,1000,1001,-1.6092491149902344,-1.6092491149902344,0.0,0.200191712551516,0,1
298,7,s30,0001,0000,0000,-2.330048084259033,-1.8300479650497437,-0.5000001192092896,0.09742286782615613,0,0
298,8,x2,0011,0000,0000,-2.0853214263916016,-1.74491286277771,-0.3404085636138916,0.12432769980566313,0,0
299,1,c12,0011,0000,0000,-2.595271348953247,-2.534785270690918,-0.0604860782623291,0.07466502405254277,0,0
299,2,c30,1011,0011,0011,-1.631242036819458,-1.136330485343933,-0.4949115514755249,0.19577383161803436,0,0
299,3,s03,1011,1011,1010,-1.6030774116516113,-2.1030774116516113,0.5,0.20131555201200613,1,0
299,4,t201,1111,1011,1011,-1.3177626132965088,-0.7958886027336121,-0.5218740105628967,0.2677656336018214,0,0
299,5,s32,1111,1101,1101,-1.5730880498886108,-1.350694179534912,-0.22239387035369873,0.2074345013689886,0,0
299,6,s01,1111,0111,0111,-1.527593731880188,-0.7941024303436279,-0.7334913015365601,0.21709303806007713,0,0
299,7,s10,1111,1111,0111,-0.7587815523147583,-0.8474462628364563,0.088664710521698,0.46829864812043925,1,0
299,8,x2,1101,1101,1110,-0.9090400338172913,-1.5472701787948608,0.6382301449775696,0.40297335514154303,1,0
