example_id,step,gate,gold_state,best_state,best_wrong_state,gold_logprob,best_wrong_logprob,margin,gold_prob16,local_correct,tie
0,1,s30,0110,0110,1111,-1.2071208953857422,-2.171870231628418,0.9647493362426758,0.2992095570043832,1,0
0,2,c13,0111,0111,0000,-0.12146896123886108,-3.8184244632720947,3.6969555020332336,0.8859240019485858,1,0
0,3,t132,0101,0101,0111,-0.06838355213403702,-3.0938515663146973,3.0254680141806602,0.9340117979762798,1,0
0,4,x2,0111,0111,0001,-0.0028050593100488186,-6.9836812019348145,6.980876142624766,0.9973090901515966,1,0
0,5,c10,1111,1111,0111,-0.009207554161548615,-5.135419845581055,5.126212291419506,0.9909019242040009,1,0
0,6,t201,1011,1011,1111,-0.023651499301195145,-4.533676624298096,4.510025124996901,0.9766378051013568,1,0
0,7,s12,1101,1101,1111,-0.0011313245631754398,-7.81276273727417,7.8116314127109945,0.998880235890871,1,0
0,8,t302,1111,1111,1101,-0.11319885402917862,-2.238164186477661,2.1249653324484825,0.8929985832670405,1,0
1,1,s31,1010,1010,1001,-0.653053879737854,-2.452946662902832,1.799892783164978,0.5205935828435098,1,0
1,2,c30,1010,1010,0010,-0.11099957674741745,-3.8737099170684814,3.762710340321064,0.8954903417164783,1,0
1,3,t301,1010,1010,1110,-0.014447208493947983,-4.3561110496521,4.341663841158152,0.9856720233847184,1,0
1,4,c01,1110,1110,1010,-0.0002983576850965619,-8.51628303527832,8.515984677593224,0.9997021410993671,1,0
1,5,x2,1100,1100,1110,-7.593406917294487e-05,-9.625701904296875,9.625625970227702,0.9999254887576975,1,0
1,6,s01,1100,1100,0110,-0.047710224986076355,-3.494969606399536,3.4472593814134598,0.9534329312459308,1,0
1,7,c01,1000,1000,1100,-0.01613745465874672,-4.527966499328613,4.511829044669867,0.9839930045983485,1,0
1,8,c20,1000,1000,0000,-0.02575768530368805,-3.775214672088623,3.749456986784935,0.9751149099082043,1,0
2,1,c32,1101,1101,1111,-0.8294915556907654,-1.2765002250671387,0.4470086693763733,0.43654621831503504,1,0
2,2,s12,1011,1011,1101,-0.30975306034088135,-1.453474521636963,1.1437214612960815,0.7336291338071913,1,0
2,3,x0,0011,0011,1011,-0.017176063731312752,-4.455120086669922,4.437944022938609,0.9829763704119177,1,0
2,4,x0,1011,1011,0011,-0.0021727923303842545,-6.503147125244141,6.500974332913756,0.9978318252933643,1,0
2,5,s30,1011,1011,0011,-0.0005294326692819595,-7.78537654876709,7.784847116097808,0.9994723589484236,1,0
2,6,t120,1011,1011,0011,-0.17914289236068726,-2.3734803199768066,2.1943374276161194,0.8359881315052816,1,0
2,7,c30,0011,0011,1011,-0.009481506422162056,-4.796816825866699,4.787335319444537,0.9905842442576301,1,0
2,8,x1,0111,0111,0011,-9.000110730994493e-05,-9.751917839050293,9.751827837942983,0.9999109158059947,1,0
3,1,t031,1111,1111,1011,-1.0401506423950195,-1.4458165168762207,0.40566587448120117,0.35360465635033345,1,0
3,2,s01,1111,1111,0111,-0.15769439935684204,-2.7317447662353516,2.5740503668785095,0.8541223190240188,1,0
3,3,c21,1011,1011,1111,-0.01907387748360634,-4.970911026000977,4.95183714851737,0.9814412075859825,1,0
3,4,c30,0011,0011,1011,-0.017278272658586502,-4.179407119750977,4.16212884709239,0.9828742588798947,1,0
3,5,s10,0011,0011,0111,-0.013509769923985004,-5.049349784851074,5.035840014927089,0.9866214081283603,1,0
3,6,s10,0011,0011,1011,-0.00222989683970809,-6.920661926269531,6.918432029429823,0.9978466291345194,1,0
3,7,x3,0010,0010,1010,-0.0013559604994952679,-7.952370643615723,7.951014683116227,0.9986629109097059,1,0
3,8,t013,0010,0010,0011,-0.00013863673666492105,-9.625137329101562,9.624998692364898,0.9998616200916347,1,0
4,1,s03,0011,1010,1010,-2.245772123336792,-1.0518074035644531,-1.1939647197723389,0.10587370732384115,0,0
4,2,s23,0011,0001,0001,-1.8492447137832642,-1.8402929306030273,-0.008951783180236816,0.15779001514107327,0,0
4,3,s31,0110,0110,0111,-0.6736023426055908,-1.4236023426055908,0.75,0.5099362440642224,1,0
4,4,x1,0010,0010,0011,-1.296351671218872,-1.796351671218872,0.5,0.27372035207859396,1,0
4,5,x1,0110,0110,0100,-0.00667987298220396,-5.493334770202637,5.486654897220433,0.9933426648657405,1,0
4,6,c03,0110,0110,0111,-0.0037664209958165884,-6.0037665367126465,6.00000011571683,0.9964734185524866,1,0
4,7,s01,1010,1010,1000,-0.014930100180208683,-4.432125568389893,4.417195468209684,0.985279986812852,1,0
4,8,x3,1011,1011,1010,-0.009112861938774586,-5.009113311767578,5.0000004498288035,0.9909317765540213,1,0
5,1,c32,0110,0100,0100,-1.1759247779846191,-1.0469250679016113,-0.1289997100830078,0.3088685735340989,0,0
5,2,s23,0101,0101,0110,-0.061352990567684174,-3.4518442153930664,3.3904912248253822,0.9405236456820479,1,0
5,3,s20,0101,0101,0111,-0.6726058721542358,-2.7417590618133545,2.0691531896591187,0.5107201271311453,1,0
5,4,t132,0111,0111,0101,-0.34898415207862854,-1.3194258213043213,0.9704416692256927,0.7054257496342023,1,0
5,5,x1,0011,0011,0101,-0.0161180030554533,-4.616268157958984,4.600150154903531,0.9840372642248082,1,0
5,6,x2,0001,0001,0010,-0.0021166433580219746,-7.065344333648682,7.06322769029066,0.9985549561142137,1,0
5,7,t320,0001,0001,1001,-0.004866822622716427,-5.755951881408691,5.751085058785975,0.9951520530592813,1,0
5,8,s10,0001,0001,1001,-0.008498797193169594,-5.2651214599609375,5.256622662767768,0.9915579464365264,1,0
6,1,t230,1101,1101,0101,-0.6667438745498657,-1.5172014236450195,0.8504575490951538,0.51412654641481,1,0
6,2,t031,1001,1101,1101,-1.854448676109314,-0.2161557525396347,-1.6382929235696793,0.1565465712178068,0,0
6,3,x0,0001,0001,1001,-0.019907420501112938,-4.174067497253418,4.154160076752305,0.9802923312357409,1,0
6,4,t230,0001,0001,1001,-0.16106420755386353,-1.9215480089187622,1.7604838013648987,0.851367635418215,1,0
6,5,c32,0011,0011,0001,-0.0007073477609083056,-7.500699996948242,7.499992649187334,0.9992948921926588,1,0
6,6,t013,0011,0011,1010,-0.0004446119419299066,-8.655121803283691,8.654677191341761,0.9995567696303642,1,0
6,7,c20,1011,1011,0011,-0.009108426049351692,-4.762031078338623,4.752922652289271,0.990936626419204,1,0
6,8,x1,1111,1111,1110,-0.00018810192705132067,-8.875187873840332,8.87499977191328,0.999812831917727,1,0
7,1,t102,0110,0110,0100,-0.5108329057693481,-2.599782943725586,2.088950037956238,0.600477178341601,1,0
7,2,c02,0110,0110,1000,-0.01253278274089098,-6.354191780090332,6.341658997349441,0.9875627823330713,1,0
7,3,x2,0100,0100,0010,-0.00026856258045881987,-8.879770278930664,8.879501716350205,0.9997378635210658,1,0
7,4,c30,0100,0100,0101,-0.0008110591443255544,-10.625810623168945,10.62499956402462,0.9999092146511094,1,0
7,5,x0,1100,1100,0100,-0.0005666243378072977,-8.126670837402344,8.126104213064536,0.9995656660265848,1,0
7,6,x3,1101,1101,1100,-0.0013776551932096481,-6.626377582550049,6.624999927356839,0.998624538539016,1,0
7,7,x2,1111,1111,1101,-0.0007188481977209449,-8.143158912658691,8.14244006446097,0.9993248755123496,1,0
7,8,t120,0111,1111,1111,-0.7581368684768677,-0.6328774690628052,-0.1252593994140625,0.46854025629604934,0,0
8,1,c32,0101,0101,0111,-0.4361126124858856,-2.791442632675171,2.3553300201892853,0.6471102532524632,1,0
8,2,t123,0101,0101,0000,-0.045871417969465256,-4.746947288513184,4.701075870543718,0.9553561433462385,1,0
8,3,x1,0001,0001,0111,-0.0005570129724219441,-8.552665710449219,8.552108697476797,0.9994487171881351,1,0
8,4,s30,1000,1000,1001,-0.05553831905126572,-3.1805381774902344,3.1249998584389687,0.9459769380174678,1,0
8,5,t103,1000,1000,1001,-0.0014205705374479294,-6.626420497894287,6.624999927356839,0.9985807446004685,1,0
8,6,c13,1000,1000,1100,-0.0024542841129004955,-6.8163275718688965,6.813873287755996,0.9975504369981989,1,0
8,7,t301,1000,1000,1100,-0.004159345291554928,-5.50689172744751,5.502732382155955,0.9958496234324411,1,0
8,8,x1,1100,1100,1000,-8.559031994082034e-05,-9.757698059082031,9.75761246876209,0.9999143393509184,1,0
9,1,c23,1100,1100,1101,-0.4411256015300751,-1.6911256313323975,1.2500000298023224,0.6458600525411339,1,0
9,2,s32,1100,1100,1101,-0.04583263397216797,-4.170832633972168,4.125,0.9553365074003861,1,0
9,3,s01,1100,1100,0100,-0.3968070149421692,-1.217610239982605,0.8208032250404358,0.6724880419075185,1,0
9,4,s03,0101,0101,0100,-0.002526945434510708,-6.752526760101318,6.749999814666808,0.9974808480496994,1,0
9,5,x2,0111,0111,1000,-0.005308789201080799,-7.086673736572266,7.081364947371185,0.9948300335934205,1,0
9,6,t013,0111,0111,0110,-0.0018889163620769978,-7.001889228820801,7.000000312458724,0.9981173989448503,1,0
9,7,s03,1110,1110,0111,-0.006567003671079874,-5.380385398864746,5.373818395193666,0.993465698019655,1,0
9,8,x3,1111,1111,1110,-0.0006320688407868147,-7.813131809234619,7.812499740393832,0.9993806337528275,1,0
10,1,t210,1101,1101,0101,-1.062389850616455,-1.3710730075836182,0.3086831569671631,0.34619690207111775,1,0
10,2,s30,1101,1101,0101,-0.01780734397470951,-4.3748016357421875,4.356994291767478,0.9823507036311901,1,0
10,3,c31,1001,1001,1101,-0.026704980060458183,-3.6525838375091553,3.625878857448697,0.9736504922044317,1,0
10,4,c32,1011,1011,1101,-0.004854767583310604,-6.046936988830566,6.042082221247256,0.9951634525121179,1,0
10,5,x0,0011,0011,1011,-0.004724413156509399,-5.632472515106201,5.627748101949692,0.995288383978288,1,0
10,6,x0,1011,1011,0011,-0.0010568456491455436,-7.001644134521484,7.000587288872339,0.998945876041803,1,0
10,7,t213,1011,1011,1010,-0.001825341023504734,-6.501825332641602,6.499999991618097,0.9981963651847655,1,0
10,8,s13,1110,1110,1111,-0.004345794208347797,-5.629345893859863,5.6250000996515155,0.995666781708974,1,0
11,1,x3,1101,1101,1110,-0.25357896089553833,-3.6680736541748047,3.4144946932792664,0.77788259758196,1,0
11,2,x0,0101,0101,1101,-0.18169337511062622,-2.4331247806549072,2.251431405544281,0.8341399371954042,1,0
11,3,t213,0101,0101,0100,-0.004301316570490599,-6.129301071166992,6.124999754596502,0.9957294068567448,1,0
11,4,c02,0101,0101,0100,-0.0008565502939745784,-7.375856399536133,7.374999849242158,0.9991502081080391,1,0
11,5,c32,0111,0111,0101,-0.00021969502267893404,-9.25029468536377,9.25007499034109,0.9997852570316261,1,0
11,6,t120,1111,1111,0111,-0.06234576553106308,-2.8124358654022217,2.7500900998711586,0.9395803204032092,1,0
11,7,s03,1111,1111,1110,-0.012929480522871017,-4.387929439544678,4.374999959021807,0.9871550383592318,1,0
11,8,c23,1110,1110,1111,-0.0029919291846454144,-6.002991676330566,5.999999747145921,0.9972129043660118,1,0
12,1,x1,0011,0011,0101,-0.4607134461402893,-2.8793890476226807,2.4186756014823914,0.6310275367480318,1,0
12,2,c02,0011,0011,0010,-0.008702293038368225,-6.258701801300049,6.249999508261681,0.9913442264709972,1,0
12,3,c30,1011,1011,0011,-0.0013166427379474044,-7.252445220947266,7.251128578209318,0.9989509766671295,1,0
12,4,c31,1111,1111,1011,-0.005502674728631973,-5.255427360534668,5.249924685806036,0.9945210363177325,1,0
12,5,s10,1111,1111,0111,-0.0006281489040702581,-8.000497817993164,7.999869669089094,0.9993721571356559,1,0
12,6,c13,1110,1110,1101,-0.00019621200044639409,-10.502110481262207,10.50191426926176,0.9998119211036083,1,0
12,7,t302,1110,1110,1111,-0.0022977483458817005,-6.127297401428223,6.124999653082341,0.9977406062667805,1,0
12,8,s02,1110,1110,1100,-0.01262613944709301,-4.387778282165527,4.375152142718434,0.987454255401497,1,0
13,1,c12,1000,1000,1010,-0.3228229284286499,-3.1025702953338623,2.7797473669052124,0.7255662757208478,1,0
13,2,t120,1000,1000,1100,-0.00827682577073574,-6.10740327835083,6.099126452580094,0.991805371681658,1,0
13,3,s12,1000,1000,1100,-0.018052639439702034,-5.2680253982543945,5.2499727588146925,0.9823264830015077,1,0
13,4,s23,1000,1000,1010,-0.0019541203510016203,-6.3771185874938965,6.375164467142895,0.9980749838496219,1,0
13,5,t201,1000,1000,1100,-0.004673530347645283,-5.902449131011963,5.897775600664318,0.9963914649735394,1,0
13,6,s23,1000,1000,1001,-0.0001556828647153452,-10.000155448913574,9.999999766048859,0.9998705156481053,1,0
13,7,t120,1000,1000,0000,-8.117957622744143e-05,-9.751551628112793,9.751470448536566,0.9999191392985232,1,0
13,8,x3,1001,1001,1000,-4.1722840251168236e-05,-11.125041961669922,11.12500023882967,0.9999586869628594,1,0
14,1,c31,1000,1000,1100,-0.3170982003211975,-2.5860509872436523,2.268952786922455,0.7298059557006346,1,0
14,2,c10,1000,1000,0000,-0.010855695232748985,-5.911600112915039,5.90074441768229,0.9892159153612065,1,0
14,3,x3,1001,1001,1000,-0.0003111114783678204,-9.375311851501465,9.375000740023097,0.9996913701744872,1,0
14,4,t013,1001,1001,1000,-0.0004372257390059531,-8.625436782836914,8.624999557097908,0.9995645004270555,1,0
14,5,c30,0001,0001,1001,-0.1662188023328781,-2.128384828567505,1.9621660262346268,0.8468644016341793,1,0
14,6,s02,0001,0001,1001,-0.003935234621167183,-6.057546615600586,6.053611380979419,0.9960740909917775,1,0
14,7,c12,0001,0001,0000,-0.00014674206613563,-9.375146865844727,9.375000123778591,0.9998591697614323,1,0
14,8,s03,1000,1000,0001,-0.031279537826776505,-3.5298798084259033,3.498600270599127,0.9692251154925621,1,0
15,1,c13,1110,1110,0110,-0.3147162199020386,-3.546997547149658,3.2322813272476196,0.7302767340799906,1,0
15,2,c01,1010,1010,0110,-0.03381909430027008,-5.1120219230651855,5.0782028287649155,0.9667686229091565,1,0
15,3,t132,1010,1010,1000,-0.0008408038411289454,-8.827178955078125,8.826338151236996,0.9991622276958719,1,0
15,4,s01,0110,0110,1110,-0.22922848165035248,-1.7136980295181274,1.484469547867775,0.7951498204558922,1,0
15,5,t230,0110,0110,1110,-0.014210137538611889,-4.724246501922607,4.7100363643839955,0.9859135850063028,1,0
15,6,s30,0110,0110,1111,-0.002096720738336444,-7.11934232711792,7.1172456063795835,0.9979063403671583,1,0
15,7,x2,0100,0100,0010,-6.782892160117626e-05,-10.000134468078613,10.000066639157012,0.9999338211540023,1,0
15,8,s20,0100,0100,0110,-0.0019014698918908834,-7.126981258392334,7.125079788500443,0.9981006971408595,1,0
16,1,c12,1000,1000,1010,-0.32835853099823,-2.7923638820648193,2.4640053510665894,0.7211407470329569,1,0
16,2,c12,1000,1000,1010,-0.0012841485440731049,-8.226484298706055,8.225200150161982,0.9987222392654089,1,0
16,3,s23,1000,1000,1010,-0.0036320423241704702,-6.003309726715088,5.999677684390917,0.9964252320526538,1,0
16,4,x1,1100,1100,1000,-0.0012695997720584273,-7.755363941192627,7.7540943414205685,0.9988746031748189,1,0
16,5,s03,0101,0101,0100,-0.006676875054836273,-5.38167667388916,5.374999798834324,0.9937036172043222,1,0
16,6,t231,0101,0101,0001,-0.47846630215644836,-1.9024486541748047,1.4239823520183563,0.6203681158379449,1,0
16,7,s23,0110,0110,0011,-0.04307723790407181,-4.241963863372803,4.198886625468731,0.9578849561471205,1,0
16,8,c32,0110,0110,0100,-0.15891291201114655,-2.0421624183654785,1.883249506354332,0.8532748032582913,1,0
17,1,s10,0101,0101,1001,-1.158376693725586,-1.5565129518508911,0.3981362581253052,0.3141209998723632,1,0
17,2,s10,1001,1001,1000,-0.14247384667396545,-2.8924739360809326,2.750000089406967,0.8672235934094754,1,0
17,3,s01,0101,0101,1001,-0.26412880420684814,-1.892432689666748,1.6283038854599,0.7678797055152913,1,0
17,4,s13,0101,0101,0001,-0.11543766409158707,-2.2818706035614014,2.1664329394698143,0.8909888999226694,1,0
17,5,x1,0001,0001,1001,-0.0008344934321939945,-7.873072624206543,7.872238130774349,0.9991663847423984,1,0
17,6,c02,0001,0001,1001,-0.0006395480595529079,-8.575899124145508,8.575259576085955,0.9993622330961083,1,0
17,7,x2,0011,0011,1001,-0.0003048935323022306,-8.678065299987793,8.67776040645549,0.9996954383280798,1,0
17,8,t012,0011,0011,0001,-0.009878203272819519,-4.640096187591553,4.630217984318733,0.9901722371484405,1,0
18,1,t023,1011,1011,1010,-0.9873586893081665,-1.2373586893081665,0.25,0.373161826173418,1,0
18,2,s23,1011,1011,1001,-0.3894796371459961,-1.3579742908477783,0.9684946537017822,0.6778168923716333,1,0
18,3,t013,1011,1011,1010,-0.02301138825714588,-4.898011207580566,4.8749998193234205,0.9772785955601728,1,0
18,4,c03,1010,1010,1011,-0.0004608173912856728,-8.875459671020508,8.874998853629222,0.9995463960010782,1,0
18,5,t102,1010,1010,1011,-0.0009148420649580657,-7.125914573669434,7.1249997316044755,0.9990861672807783,1,0
18,6,c20,0010,0010,1010,-0.2566802501678467,-1.5097440481185913,1.2530637979507446,0.7736592382999473,1,0
18,7,t302,0010,0010,0011,-3.659693174995482e-05,-10.875036239624023,10.874999642692273,0.9999635241276205,1,0
18,8,s23,0001,0001,0010,-0.010317887179553509,-4.6361918449401855,4.625873957760632,0.9897370732950107,1,0
19,1,x1,1100,1100,1101,-0.4395143389701843,-3.189514398574829,2.7500000596046448,0.6448853124908868,1,0
19,2,s01,1100,0100,0100,-1.0605964660644531,-1.0211446285247803,-0.03945183753967285,0.3462555308436917,0,0
19,3,x1,1000,1000,1100,-0.00024317721545230597,-9.43847942352295,9.438236246307497,0.9997573018693359,1,0
19,4,t023,1000,1000,1100,-0.0019363120663911104,-7.102591514587402,7.100655202521011,0.9980926408697428,1,0
19,5,c13,1000,1000,1100,-0.00043959671165794134,-8.554798126220703,8.554358529509045,0.9995628982321536,1,0
19,6,x3,1001,1001,1000,-0.00015544312191195786,-9.625155448913574,9.625000005791662,0.9998446284363305,1,0
19,7,c30,0001,0001,1001,-0.16397564113140106,-1.9173648357391357,1.7533891946077347,0.848767850662825,1,0
19,8,t230,0001,0001,1001,-0.008788257837295532,-4.760595321655273,4.751807063817978,0.991257435363864,1,0
20,1,c23,1111,1111,1110,-0.5830632448196411,-1.3330633640289307,0.7500001192092896,0.5593982259061994,1,0
20,2,t032,1101,1101,1110,-0.05563274398446083,-3.3708579540252686,3.3152252100408077,0.9460483079622559,1,0
20,3,t102,1111,1111,1110,-0.0009045604383572936,-7.875904560089111,7.874999999650754,0.9991000324737748,1,0
20,4,x0,0111,0111,0110,-0.0021366234868764877,-6.627136707305908,6.625000083819032,0.9978967508208825,1,0
20,5,c20,1111,1111,0111,-0.002003014786168933,-6.628468036651611,6.626465021865442,0.9980327690976519,1,0
20,6,s13,1111,1111,1110,-0.0022016637958586216,-6.627202033996582,6.625000370200723,0.9978017421644055,1,0
20,7,x0,0111,0111,1111,-0.0007869156543165445,-7.378737926483154,7.377951010828838,0.9992481165450844,1,0
20,8,x1,0011,0011,0101,-4.708704727818258e-05,-10.345157623291016,10.345110536243737,0.999955659082243,1,0
21,1,s03,1010,0011,0011,-1.9601919651031494,-1.439381718635559,-0.5208102464675903,0.14088151102948498,0,0
21,2,s20,1010,1000,1000,-1.9468839168548584,-1.9467988014221191,-8.511543273925781e-05,0.1430989867897818,0,0
21,3,x3,1011,1011,1100,-0.2988826036453247,-3.3875646591186523,3.0886820554733276,0.741870112090738,1,0
21,4,c23,1010,1010,1011,-0.10439031571149826,-2.3543901443481445,2.2499998286366463,0.9019397027290762,1,0
21,5,x0,0010,0010,0011,-0.21381449699401855,-2.5888142585754395,2.374999761581421,0.8075164924247075,1,0
21,6,x0,1010,1010,0010,-0.024781107902526855,-4.535272121429443,4.5104910135269165,0.9755763140324055,1,0
21,7,x0,0010,0010,1010,-0.012308877892792225,-5.036161422729492,5.0238525448367,0.987776934303208,1,0
21,8,c31,0010,0010,0011,-0.0009392800275236368,-7.125938892364502,7.124999612336978,0.9990622103117368,1,0
22,1,x3,0101,0101,0100,-0.3422967493534088,-3.092296600341797,2.749999850988388,0.7110822573046759,1,0
22,2,t201,0101,0101,0100,-0.034006379544734955,-4.409006595611572,4.375000216066837,0.9666403096736238,1,0
22,3,s12,0011,0011,0101,-0.016361188143491745,-4.141751766204834,4.125390578061342,0.983778545559301,1,0
22,4,s32,0011,0011,0001,-0.009936469607055187,-4.63491678237915,4.624980312772095,0.9901175886278611,1,0
22,5,c23,0010,0011,0011,-1.4072866439819336,-0.2822866141796112,-1.1250000298023224,0.244978858730658,0,0
22,6,c12,0010,0010,0011,-0.0009632979054003954,-7.25096321105957,7.24999991315417,0.9991326458305922,1,0
22,7,t321,0010,0010,0011,-0.0004555706982500851,-8.250454902648926,8.249999331950676,0.9995463357138862,1,0
22,8,x1,0110,0110,0010,-0.0002910744515247643,-8.250659942626953,8.250368868175428,0.9997118495389133,1,0
23,1,x3,1000,1000,1001,-0.39786583185195923,-3.3978657722473145,2.9999999403953552,0.6838792852717761,1,0
23,2,s21,1000,1000,0000,-1.1740407943725586,-2.345325469970703,1.1712846755981445,0.30913998941450127,1,0
23,3,s30,0001,0001,1000,-0.4025244116783142,-1.5131034851074219,1.1105790734291077,0.6686604801840025,1,0
23,4,t201,0001,0001,0000,-0.005752569995820522,-5.6307525634765625,5.624999993480742,0.9943182493278885,1,0
23,5,x1,0101,0101,0001,-0.0026129509788006544,-6.565723419189453,6.5631104682106525,0.9973921531210803,1,0
23,6,s10,1001,1001,0101,-0.0012671650620177388,-7.376744747161865,7.3754775820998475,0.998751122092979,1,0
23,7,t301,1101,1101,1001,-0.48405903577804565,-0.9748185276985168,0.4907594919204712,0.6162862075751967,1,0
23,8,s12,1011,1011,1101,-0.014545002020895481,-4.26466178894043,4.250116786919534,0.9855621551373669,1,0
24,1,s13,0110,0110,0111,-0.6182212829589844,-1.8682212829589844,1.25,0.538919465859396,1,0
24,2,x2,0100,0100,0101,-0.24110771715641022,-3.116107702255249,2.874999985098839,0.7861561823066657,1,0
24,3,c32,0100,0100,0110,-0.019636331126093864,-4.269636154174805,4.249999823048711,0.9805969609325882,1,0
24,4,s02,0100,0100,0010,-0.004157000221312046,-6.5411376953125,6.536980695091188,0.9958522500937254,1,0
24,5,x2,0110,0110,0010,-6.365697481669486e-05,-10.637353897094727,10.63729024011991,0.9999379210660899,1,0
24,6,c03,0110,0110,0000,-0.0008615721017122269,-8.551451683044434,8.550590110942721,0.9991609595390029,1,0
24,7,t032,0110,0110,1110,-0.0002287460956722498,-9.51633358001709,9.516104833921418,0.9997715847087674,1,0
24,8,s21,0110,0110,1010,-0.04898199439048767,-3.7671239376068115,3.718141943216324,0.9522000098506858,1,0
25,1,c13,1100,1101,1101,-1.210089087486267,-0.7100890874862671,-0.5,0.29832497273240893,0,0
25,2,t230,1100,1100,1101,-0.20970815420150757,-2.3347082138061523,2.1250000596046448,0.8115798463789361,1,0
25,3,t320,1100,1100,0100,-0.01477402076125145,-4.714119911193848,4.699345890432596,0.9854210981779719,1,0
25,4,c21,1100,1100,1000,-0.018472107127308846,-4.201519012451172,4.183046905323863,0.9821017606212863,1,0
25,5,t031,1100,1100,1000,-0.0033583305776119232,-6.0737714767456055,6.0704131461679935,0.9966819100476513,1,0
25,6,t312,1100,1100,1110,-0.0004532600287348032,-7.751480579376221,7.751027319347486,0.9995488882524671,1,0
25,7,t130,1100,1100,0100,-0.011102339252829552,-4.513920307159424,4.502817967906594,0.9889712792677743,1,0
25,8,x2,1110,1110,1100,-3.433206438785419e-05,-11.016063690185547,11.016029358121159,0.9999664163663723,1,0
26,1,t210,1101,1101,0101,-0.8302009701728821,-1.4303425550460815,0.6001415848731995,0.4365915821516974,1,0
26,2,x3,1100,1100,0000,-0.019091598689556122,-5.75075101852417,5.731659419834614,0.9812018617922531,1,0
26,3,x1,1000,1000,1001,-0.0001948989083757624,-9.375194549560547,9.374999650652171,0.9998059920328798,1,0
26,4,s23,1000,1000,1001,-0.03341028094291687,-4.90841007232666,4.874999791383743,0.9672077487928626,1,0
26,5,c31,1000,1000,1001,-0.00034222943941131234,-8.87534236907959,8.875000139640179,0.9997718870459616,1,0
26,6,s21,1000,1000,1100,-0.02993347868323326,-3.6549558639526367,3.6250223852694035,0.9705272392796308,1,0
26,7,s30,0001,0001,1000,-0.05420980229973793,-3.5297696590423584,3.4755598567426205,0.9473014988503073,1,0
26,8,s32,0010,0010,0011,-0.008361389860510826,-4.945861339569092,4.937499949708581,0.99197083658801,1,0
27,1,t213,1100,1100,1101,-0.2819051146507263,-2.531905174255371,2.2500000596046448,0.756545632326197,1,0
27,2,x0,0100,0100,1100,-0.10679322481155396,-2.733595848083496,2.626802623271942,0.8991243029980008,1,0
27,3,x0,1100,1100,0100,-0.0036448074970394373,-6.12950325012207,6.125858442625031,0.9963688608936244,1,0
27,4,x1,1000,1000,1110,-0.003010738641023636,-5.912311553955078,5.9093008153140545,0.9969946545661957,1,0
27,5,t130,1000,1000,0000,-0.0007415534928441048,-7.518009662628174,7.51726810913533,0.9992607167187905,1,0
27,6,x0,0000,0000,1000,-0.0027576626744121313,-6.016753196716309,6.0139955340418965,0.9972478154325446,1,0
27,7,c03,0000,0000,1000,-6.353718345053494e-05,-10.673799514770508,10.673735977587057,0.9999365708052455,1,0
27,8,s31,0000,0000,1000,-0.0002574772806838155,-8.957691192626953,8.95743371534627,0.9997447757312512,1,0
28,1,x1,1111,1111,0000,-0.3863590955734253,-3.0688323974609375,2.682473301887512,0.6797061379224413,1,0
28,2,x3,1110,1110,0000,-0.012851858511567116,-6.195706367492676,6.182854508981109,0.987265070787961,1,0
28,3,c01,1010,1010,0110,-0.009202377870678902,-5.045536994934082,5.036334617063403,0.9908422540050053,1,0
28,4,t320,1010,1010,0010,-0.008033927530050278,-5.0306806564331055,5.022646728903055,0.992004355825655,1,0
28,5,x1,1110,1110,1100,-7.438574539264664e-05,-10.828592300415039,10.828517914669646,0.9999258117613948,1,0
28,6,c02,1100,1100,1110,-0.00019417576550040394,-8.625218391418457,8.625024215652957,0.9998074819803173,1,0
28,7,c23,1100,1100,1110,-0.00034723454155027866,-8.863129615783691,8.862782381242141,0.9996807899610745,1,0
28,8,c21,1100,1100,1000,-0.00825001671910286,-4.905952453613281,4.897702436894178,0.9920875843797066,1,0
29,1,t312,0100,0100,0110,-0.39500588178634644,-2.4384992122650146,2.043493330478668,0.6744356060612434,1,0
29,2,s12,0010,0010,0100,-0.022883489727973938,-3.8987228870391846,3.8758393973112106,0.9773926005361626,1,0
29,3,s21,0100,0100,0010,-0.042105916887521744,-3.2904179096221924,3.2483119927346706,0.9587764507088812,1,0
29,4,t230,0100,0100,1100,-0.0005412746104411781,-9.109820365905762,9.10927909129532,0.9994984575985196,1,0
29,5,t130,0100,0100,1100,-0.0004076382319908589,-8.04667854309082,8.04627090485883,0.9995940243523221,1,0
29,6,t013,0100,0100,0101,-3.182872387696989e-05,-11.500032424926758,11.50000059620288,0.9999682869664592,1,0
29,7,x2,0110,0110,0000,-2.443779339955654e-05,-11.252617835998535,11.252593398205136,0.9999756917332201,1,0
29,8,t210,1110,1110,0110,-0.06263824552297592,-2.8124921321868896,2.7498538866639137,0.9394442835408842,1,0
30,1,t120,1110,0110,0110,-1.2246918678283691,-0.8491929769515991,-0.37549889087677,0.29419903440543893,0,0
30,2,s21,1110,1110,1010,-0.16697970032691956,-2.297914743423462,2.1309350430965424,0.8462245058185376,1,0
30,3,c10,0110,0110,1110,-0.0033256160095334053,-6.1280646324157715,6.124739016406238,0.9967400899890125,1,0
30,4,c01,0110,0110,0010,-0.0002103955193888396,-9.381537437438965,9.381327041919576,0.9997899544382381,1,0
30,5,x2,0100,0100,0010,-0.00021610985277220607,-8.627325057983398,8.627108948130626,0.999786827176271,1,0
30,6,s20,0100,0100,0110,-0.0006204124074429274,-8.250653266906738,8.250032854499295,0.9993799382636741,1,0
30,7,x1,0000,0000,0001,-0.00014567002654075623,-9.500144958496094,9.499999288469553,0.9998642502808673,1,0
30,8,s10,0000,0000,1000,-0.026585320010781288,-3.651470422744751,3.6248851027339697,0.9738793113107512,1,0
31,1,t012,0011,0011,0000,-0.42402076721191406,-3.0147104263305664,2.5906896591186523,0.654737662607733,1,0
31,2,t310,0011,0011,1011,-0.18111491203308105,-1.9430876970291138,1.7619727849960327,0.834349630419782,1,0
31,3,t320,1011,1011,0011,-0.049632858484983444,-3.052368640899658,3.0027357824146748,0.951587761457283,1,0
31,4,x1,1111,1111,1110,-0.00019668675668071955,-9.00019645690918,8.999999770152499,0.9998038354235154,1,0
31,5,t203,1110,1110,1111,-0.001986083574593067,-6.876986503601074,6.875000420026481,0.998108347688764,1,0
31,6,s01,1110,1110,0110,-0.21765178442001343,-1.7254796028137207,1.5078278183937073,0.8044109032417939,1,0
31,7,t230,1110,1110,0110,-0.03833933174610138,-3.395435333251953,3.3570960015058517,0.9624735883718424,1,0
31,8,x0,0110,0110,1110,-0.0011519419495016336,-7.002079010009766,7.000927068060264,0.9988778567509319,1,0
32,1,x1,1000,1000,1010,-0.3956492245197296,-3.0761945247650146,2.680545300245285,0.6735004046697004,1,0
32,2,x0,0000,0000,1000,-0.06955528259277344,-3.6542575359344482,3.584702253341675,0.9328246696820904,1,0
32,3,s13,0000,0000,0101,-0.039255090057849884,-3.569265365600586,3.530010275542736,0.9615060297137346,1,0
32,4,x0,1000,1000,0000,-0.010734041221439838,-4.635288238525391,4.624554197303951,0.9893361006212112,1,0
32,5,s23,1000,1000,0010,-0.08211307227611542,-4.43888521194458,4.356772139668465,0.9213005140047813,1,0
32,6,t102,1000,1000,1100,-0.0006782635464332998,-7.8623762130737305,7.861697949527297,0.9993289647161573,1,0
32,7,x0,0000,0000,1000,-0.0013319426216185093,-6.75647497177124,6.755143029149622,0.9986717860438508,1,0
32,8,c32,0000,0000,1000,-7.712711521890014e-05,-10.041326522827148,10.04124939571193,0.9999229651657366,1,0
33,1,s02,0011,0011,1001,-1.1935292482376099,-1.8922702074050903,0.6987409591674805,0.30327825909741724,1,0
33,2,c02,0011,0011,1001,-0.25454938411712646,-3.283275604248047,3.0287262201309204,0.7755251409864675,1,0
33,3,t301,0011,0011,0111,-0.002631617244333029,-7.78941535949707,7.786783742252737,0.9973834688041389,1,0
33,4,s10,0011,0011,1011,-0.003774191252887249,-6.009829044342041,6.006054853089154,0.9962605984381908,1,0
33,5,c02,0011,0011,0010,-8.022640395211056e-05,-10.000080108642578,9.999999882238626,0.9999211723942794,1,0
33,6,t021,0011,0011,0111,-0.0007290258654393256,-9.129084587097168,9.128355561231729,0.9995609077509693,1,0
33,7,x2,0001,0001,0011,-0.0003523432824295014,-8.673934936523438,8.673582593241008,0.9997390972433324,1,0
33,8,c32,0011,0011,0001,-0.0025148706045001745,-6.002501964569092,5.999987093964592,0.99748906353671,1,0
34,1,s23,1100,1100,1101,-0.7045925855636597,-2.20459246635437,1.4999998807907104,0.49495234656498155,1,0
34,2,t013,1101,1100,1100,-2.6075220108032227,-0.10752198100090027,-2.5000000298023224,0.07375047125572672,0,0
34,3,t102,1111,1111,1110,-0.04342938959598541,-3.918429374694824,3.874999985098839,0.9575365818115198,1,0
34,4,s21,1111,1111,1011,-0.08226772397756577,-2.5789599418640137,2.496692217886448,0.9210318195010548,1,0
34,5,c20,0111,0111,1111,-0.09138351678848267,-2.4696452617645264,2.3782617449760437,0.9136489641478038,1,0
34,6,t012,0111,0111,0110,-0.000260569853708148,-8.500260353088379,8.49999978323467,0.9997410289111386,1,0
34,7,x2,0101,0101,1101,-0.00020002426754217595,-9.36038589477539,9.360185870507848,0.9998064391697764,1,0
34,8,t132,0111,0111,0101,-0.0895218476653099,-2.464172601699829,2.374650754034519,0.9143821380489502,1,0
35,1,x2,0110,0110,0100,-0.7781093716621399,-1.9816513061523438,1.2035419344902039,0.459892043236173,1,0
35,2,t312,0110,0110,0100,-0.11436618864536285,-2.4276459217071533,2.3132797330617905,0.8919959554129613,1,0
35,3,c30,0110,0110,1110,-0.009919781237840652,-4.697011470794678,4.687091689556837,0.9901607727947922,1,0
35,4,t032,0110,0110,0100,-0.00011014709161827341,-10.151406288146973,10.151296141055354,0.9998909632708242,1,0
35,5,x0,1110,1110,0110,-0.0028494824655354023,-6.003971576690674,6.001122094225138,0.9973868247834051,1,0
35,6,s20,1110,1110,0110,-0.004971072543412447,-5.757591724395752,5.7526206518523395,0.9950428559707396,1,0
35,7,s03,0111,0111,1110,-0.021904123947024345,-4.030304431915283,4.008400307968259,0.9783747783939383,1,0
35,8,c02,0111,0111,0110,-0.0036609808448702097,-5.628660678863525,5.624999698018655,0.9963470414691172,1,0
36,1,s20,0001,0001,0011,-1.3066309690475464,-2.1804423332214355,0.8738113641738892,0.27081592654860825,1,0
36,2,x1,0101,0101,0100,-0.04123588278889656,-4.541235446929932,4.499999564141035,0.9596420707693759,1,0
36,3,c23,0101,0101,0000,-0.004444107413291931,-7.736998081207275,7.7325539737939835,0.9955870417332062,1,0
36,4,s32,0110,0110,0111,-0.002559785731136799,-6.252559661865234,6.249999876134098,0.9974504311376541,1,0
36,5,x0,1110,1110,0110,-0.005094146355986595,-5.507349014282227,5.50225486792624,0.994972683574983,1,0
36,6,c23,1111,1111,1110,-0.007781586609780788,-4.882781505584717,4.874999918974936,0.9922564921864708,1,0
36,7,s30,1111,1111,1110,-0.010319322347640991,-4.635319709777832,4.625000387430191,0.9897338296902235,1,0
36,8,t132,1101,1101,1111,-0.054968465119600296,-2.9314353466033936,2.8764668814837933,0.9465520269040286,1,0
37,1,x2,1100,1100,0000,-0.23297598958015442,-3.8206982612609863,3.587722271680832,0.7924447002567074,1,0
37,2,c03,1101,1101,1100,-0.08740644156932831,-3.8374063968658447,3.7499999552965164,0.9164894939892425,1,0
37,3,c31,1001,1001,1101,-0.03885132819414139,-3.413196086883545,3.3743447586894035,0.9619130809886556,1,0
37,4,t321,1001,1001,1101,-0.25381407141685486,-1.5262407064437866,1.2724266350269318,0.7758493571483533,1,0
37,5,s21,1001,1001,1101,-0.52464759349823,-0.9014995098114014,0.3768519163131714,0.591765547177843,1,0
37,6,c23,1001,1001,1011,-0.00151376414578408,-7.330567836761475,7.3290540726156905,0.9985174701462467,1,0
37,7,c31,1101,1101,1001,-0.014271808788180351,-4.264487266540527,4.250215457752347,0.9858320812251612,1,0
37,8,x3,1100,1100,1101,-0.0009337783558294177,-7.375933647155762,7.374999868799932,0.9990841770676145,1,0
38,1,s03,1010,0011,0011,-1.7798930406570435,-1.7359813451766968,-0.04391169548034668,0.16871880513307938,0,0
38,2,t103,1010,1010,1011,-1.5603448152542114,-1.8103448152542114,0.25,0.210637305212432,1,0
38,3,t031,1010,1010,1110,-0.054609350860118866,-3.3822576999664307,3.327648349106312,0.9468652208205952,1,0
38,4,c03,1011,1011,0011,-0.0023388934787362814,-7.869335174560547,7.866996281081811,0.9976678233277017,1,0
38,5,t102,1011,1011,1010,-0.0021209553815424442,-6.6271209716796875,6.625000016298145,0.9978824718243684,1,0
38,6,t013,1011,1011,1010,-0.00032529301824979484,-8.375324249267578,8.374998956249328,0.9996756146816944,1,0
38,7,s32,1011,1011,1001,-0.0019405742641538382,-6.376835346221924,6.37489477195777,0.9980623377246635,1,0
38,8,t201,1111,1111,1101,-0.0028655827045440674,-6.6703267097473145,6.66746112704277,0.9971418101693281,1,0
39,1,c01,0101,0101,0111,-0.3139610290527344,-3.5760817527770996,3.2621207237243652,0.730980915430564,1,0
39,2,x0,1101,1101,0101,-0.017491869628429413,-4.415251731872559,4.397759862244129,0.9827030483387351,1,0
39,3,t102,1111,1111,1110,-0.033738017082214355,-3.408738136291504,3.3750001192092896,0.9668259931309671,1,0
39,4,c32,1101,1101,1100,-9.548527305014431e-05,-10.250094413757324,10.249998928484274,0.9999097852039464,1,0
39,5,t230,1101,1101,0101,-0.25330352783203125,-1.5141448974609375,1.2608413696289062,0.7765341448978801,1,0
39,6,c31,1001,1001,1101,-0.010020527988672256,-4.6348958015441895,4.624875273555517,0.990040447493718,1,0
39,7,x3,1000,1000,1001,-0.003196295350790024,-5.7531962394714355,5.7499999441206455,0.9968137658582316,1,0
39,8,x2,1010,1010,1011,-0.0003828434564638883,-8.000383377075195,8.000000533618731,0.9996175293775128,1,0
40,1,s21,1010,1010,1100,-1.4178029298782349,-1.5944550037384033,0.17665207386016846,0.24232179668043222,1,0
40,2,s02,1010,1010,1100,-1.0374488830566406,-1.6926414966583252,0.6551926136016846,0.35445591797468873,1,0
40,3,x2,1000,1000,1110,-0.003616894129663706,-7.033717632293701,7.0301007381640375,0.9964006644006721,1,0
40,4,x3,1001,1001,1000,-0.0010997327044606209,-7.626099586486816,7.624999853782356,0.9989088899283558,1,0
40,5,s10,0101,0101,1001,-0.2136843204498291,-2.289045572280884,2.0753612518310547,0.8076078125692648,1,0
40,6,s32,0110,0110,0111,-0.03202592954039574,-3.7820258140563965,3.7499998845160007,0.9685208670676417,1,0
40,7,x2,0100,0100,0110,-0.0014976435340940952,-7.894484519958496,7.892986876424402,0.9989788523049451,1,0
40,8,x3,0101,0101,0100,-0.014445200562477112,-4.7644453048706055,4.750000104308128,0.9856886242657281,1,0
41,1,t013,0010,0010,0011,-0.31137001514434814,-3.3113701343536377,3.0000001192092896,0.7328693200861481,1,0
41,2,x1,0110,0110,0010,-0.020109690725803375,-4.791895389556885,4.771785698831081,0.9801001711957561,1,0
41,3,t013,0110,0110,0111,-0.0025529363192617893,-7.1275529861450195,7.125000049825758,0.9974529699583454,1,0
41,4,s30,0110,0110,0011,-0.0009429469937458634,-8.127514839172363,8.126571892178617,0.9990644729183592,1,0
41,5,c21,0010,0110,0110,-2.3503713607788086,-0.10028795897960663,-2.250083401799202,0.09533389064970313,0,0
41,6,c31,0010,0010,0110,-0.0004319557920098305,-8.006012916564941,8.005580960772932,0.9995683309737683,1,0
41,7,x2,0000,0000,0010,-0.0001960830413736403,-8.62524127960205,8.625045196560677,0.9998040624450948,1,0
41,8,c12,0000,0000,0001,-2.3484080884372815e-05,-11.000022888183594,10.99999940410271,0.9999766022497752,1,0
42,1,c20,0010,0010,1010,-1.0074257850646973,-1.103511095046997,0.0960853099822998,0.36542575507296615,1,0
42,2,c21,0110,0110,0010,-0.11348285526037216,-2.706852436065674,2.5933695808053017,0.8927581794354372,1,0
42,3,x1,0010,0010,0110,-0.01222277618944645,-5.214687824249268,5.202465048059821,0.9878540337038529,1,0
42,4,x3,0011,0011,0010,-0.0010588732548058033,-7.001058578491211,6.999999705236405,0.9989423169048567,1,0
42,5,t310,0011,0011,1011,-0.2332780659198761,-1.7291690111160278,1.4958909451961517,0.7919401496059385,1,0
42,6,t102,0011,0011,0010,-0.0010152439353987575,-7.0010151863098145,6.999999942374416,0.9989870811187127,1,0
42,7,s31,0110,0110,0111,-0.012929900549352169,-4.762929439544678,4.749999538995326,0.9871570349248746,1,0
42,8,c20,1110,1110,0110,-0.01701367273926735,-4.270695209503174,4.2536815367639065,0.9831878953218517,1,0
43,1,x3,1010,1010,0000,-0.3414371907711029,-3.3490278720855713,3.0075906813144684,0.7116889188789691,1,0
43,2,c30,1010,1010,1011,-0.07026557624340057,-3.320265293121338,3.2499997168779373,0.9321834139969984,1,0
43,3,t201,1110,1110,1010,-0.5892928838729858,-0.8290876746177673,0.2397947907447815,0.5547227090689602,1,0
43,4,s13,1011,1011,1110,-0.28198885917663574,-1.4098286628723145,1.1278398036956787,0.7542832044605127,1,0
43,5,t203,1010,1010,1011,-0.05310514569282532,-3.428105115890503,3.3749999701976776,0.9486191163998698,1,0
43,6,x0,0010,0010,0011,-0.02435295097529888,-4.27435302734375,4.250000076368451,0.9759432454353288,1,0
43,7,t210,0010,0010,1010,-0.0307253859937191,-3.5420680046081543,3.511342618614435,0.9697581691566713,1,0
43,8,t210,0010,0010,1010,-0.05207507684826851,-3.1095614433288574,3.057486366480589,0.9492890175221093,1,0
44,1,s20,1111,1111,1101,-0.49243098497390747,-2.437386989593506,1.9449560046195984,0.6112330057170523,1,0
44,2,t210,0111,0111,1111,-0.2938329875469208,-2.1082634925842285,1.8144305050373077,0.7466295844047515,1,0
44,3,s01,1011,1011,1010,-0.09616583585739136,-3.346165657043457,3.2499998211860657,0.9083551340570631,1,0
44,4,c20,0011,0011,1011,-0.6467189788818359,-0.9060010313987732,0.25928205251693726,0.5238949708168923,1,0
44,5,c23,0010,0010,0011,-0.07752974331378937,-2.7025296688079834,2.624999925494194,0.9254888624680212,1,0
44,6,s23,0001,0000,0000,-0.8825023770332336,-0.7575023770332336,-0.125,0.4139566860923954,0,0
44,7,s01,0001,0001,0000,-0.5159709453582764,-1.5159709453582764,1.0,0.5971607480557037,1,0
44,8,x0,1001,1001,1000,-0.017266862094402313,-4.767266750335693,4.749999888241291,0.9828959861643426,1,0
45,1,t203,0001,0001,0011,-0.2587607800960541,-3.132689952850342,2.8739291727542877,0.7733129049975087,1,0
45,2,x3,0000,0000,1000,-0.01019912026822567,-6.370761871337891,6.360562751069665,0.989868592643418,1,0
45,3,c32,0000,0000,0001,-0.0039313784800469875,-5.753931522369385,5.750000143889338,0.9960771294842938,1,0
45,4,x1,0100,0100,0000,-0.000802669208496809,-7.4122185707092285,7.411415901500732,0.9991996016549158,1,0
45,5,t103,0100,0100,0101,-0.0012120793107897043,-7.376212120056152,7.375000040745363,0.9987895670674257,1,0
45,6,s02,0100,0100,1100,-0.000765638891607523,-7.728675365447998,7.7279097265563905,0.9992348182351934,1,0
45,7,t012,0100,0100,0101,-6.997484888415784e-05,-10.125069618225098,10.124999643376213,0.9999300009120216,1,0
45,8,x3,0101,0101,0100,-0.0001875073794508353,-9.000187873840332,9.000000366460881,0.999813989525027,1,0
46,1,s20,0111,1101,1101,-1.583294153213501,-1.3956941366195679,-0.1876000165939331,0.2053473987733639,0,0
46,2,t201,0111,0111,0100,-0.29901501536369324,-3.260106086730957,2.961091071367264,0.741808180805574,1,0
46,3,t120,1111,1111,0111,-0.1059577688574791,-2.352931499481201,2.246973730623722,0.8994837291706211,1,0
46,4,t132,1101,1101,1110,-0.005436688661575317,-5.536480903625488,5.531044214963913,0.9946049456084547,1,0
46,5,x2,1111,1111,1101,-0.0016191949835047126,-6.535252571105957,6.533633376122452,0.998439736830285,1,0
46,6,x3,1110,1110,1000,-0.00015913986135274172,-10.6001558303833,10.599996690521948,0.9998753036509407,1,0
46,7,c03,1111,1111,1110,-0.00018953601829707623,-9.500188827514648,9.499999291496351,0.9998248650948302,1,0
46,8,c21,1011,1011,1111,-0.0016487205866724253,-6.502262115478516,6.500613394891843,0.9983556462379248,1,0
47,1,c21,1101,1101,1001,-0.8115692138671875,-1.243910789489746,0.4323415756225586,0.4446116478374752,1,0
47,2,t201,1101,1101,1001,-0.08235079050064087,-3.3090412616729736,3.2266904711723328,0.9211152636104666,1,0
47,3,t310,0101,0101,1101,-0.5773360133171082,-0.826194167137146,0.24885815382003784,0.5613955713003352,1,0
47,4,s31,0101,0101,0110,-0.019669190049171448,-4.6462907791137695,4.626621589064598,0.9805284536284892,1,0
47,5,c10,1101,1101,0101,-0.001293922308832407,-6.876433849334717,6.875139927025884,0.9987231688396953,1,0
47,6,c03,1100,1100,1101,-0.12708178162574768,-2.1270816326141357,1.999999850988388,0.8806708718162927,1,0
47,7,x0,0100,0100,0101,-0.011245040223002434,-4.886244773864746,4.874999733641744,0.9888203452899559,1,0
47,8,s32,0100,0100,0101,-0.26874420046806335,-1.6437442302703857,1.3750000298023224,0.7643567977421118,1,0
48,1,s13,0000,0100,0100,-1.5970028638839722,-1.168259859085083,-0.42874300479888916,0.20254730687472847,0,0
48,2,s13,0000,0000,0101,-0.09306498616933823,-2.7504281997680664,2.657363213598728,0.9111354692795556,1,0
48,3,x3,0001,0001,0101,-0.0003875125548802316,-9.278258323669434,9.277870811114553,0.9996159714281699,1,0
48,4,s13,0100,0100,0101,-0.01983833871781826,-4.644838809967041,4.625000471249223,0.9803580032195897,1,0
48,5,s13,0001,0001,0100,-0.05046726018190384,-3.3002142906188965,3.2497470304369926,0.9507877197298926,1,0
48,6,c31,0101,0101,0100,-0.1703350991010666,-2.045335292816162,1.8750001937150955,0.8433918282404731,1,0
48,7,s03,1100,1100,0101,-0.04205473139882088,-4.0270867347717285,3.9850320033729076,0.958829959198358,1,0
48,8,c32,1100,1100,1101,-0.019095342606306076,-4.019094944000244,3.999999601393938,0.9810886188069098,1,0
49,1,s12,0001,0101,0101,-1.7815929651260376,-1.4512412548065186,-0.33035171031951904,0.16839474923535036,0,0
49,2,s20,0001,0001,1001,-0.3406759798526764,-2.008955478668213,1.6682794988155365,0.7113198369204549,1,0
49,3,c20,0001,0001,1001,-0.03918912261724472,-3.421072006225586,3.381882883608341,0.9617602148926543,1,0
49,4,t032,0001,0001,0000,-0.00024138588923960924,-9.50024127960205,9.499999893712811,0.9997595435287508,1,0
49,5,s21,0001,0001,0101,-0.003291421104222536,-5.878780841827393,5.87548942072317,0.9967164338271606,1,0
49,6,c21,0001,0001,0101,-0.0004742688324768096,-8.000628471374512,8.000154202542035,0.9995344488439488,1,0
49,7,s12,0001,0001,0101,-0.00019930752750951797,-8.875537872314453,8.875338564786944,0.9998014599379598,1,0
49,8,c30,1001,1001,0001,-0.014287364669144154,-4.264259338378906,4.249971973709762,0.9858198502529344,1,0
50,1,t302,0100,0100,0101,-0.26671186089515686,-3.516711711883545,3.249999850988388,0.7669921799458258,1,0
50,2,t012,0100,0100,0101,-0.0008819230133667588,-8.000882148742676,8.000000225729309,0.9991246958478525,1,0
50,3,c13,0101,0101,0100,-0.014353468082845211,-4.389353275299072,4.374999807216227,0.9857561434686223,1,0
50,4,c03,0101,0101,1100,-0.06326725333929062,-3.7777857780456543,3.7145185247063637,0.9388100624794801,1,0
50,5,x3,0100,0100,1100,-0.0008229743107222021,-8.115788459777832,8.11496548546711,0.9991845638593367,1,0
50,6,c13,0101,0101,0100,-0.01703077368438244,-4.142030715942383,4.124999942258,0.9831145042180514,1,0
50,7,t201,0101,0101,0100,-0.0008729498367756605,-7.25087308883667,7.250000138999894,0.9991327880776327,1,0
50,8,x3,0100,0100,0101,-0.00012075574340997264,-9.875121116638184,9.875000360894774,0.9999000559946961,1,0
51,1,t130,1001,1001,0001,-0.4023990035057068,-2.251909017562866,1.8495100140571594,0.6696961337331886,1,0
51,2,x1,1101,1101,1100,-0.0055254604667425156,-6.630525588989258,6.625000128522515,0.9945057971000626,1,0
51,3,x0,0101,0101,1101,-0.011282633990049362,-4.956751823425293,4.945469189435244,0.9887919445240084,1,0
51,4,c02,0101,0101,0100,-8.690233516972512e-05,-10.250085830688477,10.249998928353307,0.9999133938633537,1,0
51,5,t302,0101,0101,0100,-7.29551975382492e-05,-10.375072479248047,10.374999524050509,0.9999273092024331,1,0
51,6,s30,1100,1100,1101,-0.006931103765964508,-5.006930828094482,4.999999724328518,0.9930957988779935,1,0
51,7,x1,1000,1000,1001,-0.0006743298727087677,-7.500674247741699,7.4999999178689905,0.9993259863145536,1,0
51,8,c31,1000,1000,1100,-0.0012373665813356638,-7.130091190338135,7.128853823756799,0.9987647861150076,1,0
52,1,c32,1010,1010,1000,-0.5889530777931213,-2.027437448501587,1.4384843707084656,0.5558196658779986,1,0
52,2,t312,1010,1010,1110,-0.00462319515645504,-7.421392917633057,7.416769722476602,0.9954117570522192,1,0
52,3,x0,0010,0010,1010,-0.0008932673372328281,-7.580164432525635,7.579271165188402,0.9991664718162426,1,0
52,4,c12,0010,0010,0000,-0.0004285104223527014,-8.350818634033203,8.35039012361085,0.9995736845327933,1,0
52,5,c30,0010,0010,1010,-0.0182175450026989,-4.0196852684021,4.001467723399401,0.9819672703524739,1,0
52,6,t203,0010,0010,0011,-5.4001298849470913e-05,-10.625053405761719,10.62499940446287,0.999947370486484,1,0
52,7,x0,1010,1010,0010,-0.00017594742530491203,-9.877944946289062,9.877768998863758,0.9998536583099942,1,0
52,8,t310,1010,1010,1110,-0.0019795161206275225,-6.291700839996338,6.28972132387571,0.998022603868558,1,0
53,1,t021,1101,1101,1001,-0.9145426154136658,-1.4463675022125244,0.5318248867988586,0.40094589129595404,1,0
53,2,s03,1101,1101,0101,-0.04488198831677437,-3.396674633026123,3.3517926447093487,0.9561131738624272,1,0
53,3,c31,1001,1001,1101,-0.011124388314783573,-4.5236287117004395,4.512504323385656,0.988937768156392,1,0
53,4,t213,1001,1001,1101,-0.0008190689259208739,-7.92686128616333,7.926042217237409,0.9991864400408502,1,0
53,5,x1,1101,1101,0011,-0.0001228996115969494,-10.501639366149902,10.501516466538305,0.9998803040286474,1,0
53,6,t312,1111,1111,1101,-0.0028498047031462193,-6.251951217651367,6.249101412948221,0.997155284993715,1,0
53,7,t321,1011,1011,1111,-0.01857798546552658,-4.029482841491699,4.010904856026173,0.9815971701877716,1,0
53,8,c23,1010,1010,1011,-0.0033386859577149153,-5.878338813781738,5.875000127824023,0.9970387827768441,1,0
54,1,x1,0001,0001,0111,-0.3281879127025604,-3.211846351623535,2.8836584389209747,0.7204953475383558,1,0
54,2,s21,0001,0001,0111,-0.5384812355041504,-1.5738805532455444,1.035399317741394,0.5836404668228535,1,0
54,3,c20,0001,0001,1001,-0.04149597883224487,-3.2911293506622314,3.2496333718299866,0.9593967966352019,1,0
54,4,x2,0011,0011,0010,-1.6450838302262127e-05,-12.437516212463379,12.437499761625077,0.9999862611667676,1,0
54,5,x3,0010,0010,1010,-0.0001270710927201435,-10.752518653869629,10.752391582776909,0.9998817234587356,1,0
54,6,t103,0010,0010,0000,-4.2199797462671995e-05,-11.262182235717773,11.26214003592031,0.9999578723046193,1,0
54,7,x0,1010,1010,1000,-0.00010144503903575242,-10.654837608337402,10.654736163298367,0.9999394768345755,1,0
54,8,s12,1100,1100,1010,-0.00038691653753630817,-8.500843048095703,8.500456131558167,0.9996134473469249,1,0
55,1,x1,0111,0111,0001,-0.4228682518005371,-3.216029644012451,2.793161392211914,0.6553746615147313,1,0
55,2,x1,0011,0011,1000,-0.009397251531481743,-6.283543109893799,6.274145858362317,0.9906521948875516,1,0
55,3,x3,0010,0010,0011,-0.00017082010162994266,-10.250170707702637,10.249999887601007,0.9998329383545891,1,0
55,4,x1,0110,0110,0010,-0.0003154031583108008,-8.524579048156738,8.524263644998427,0.9996868827720321,1,0
55,5,c31,0110,0110,1110,-0.00032648484921082854,-9.710784912109375,9.710458427260164,0.9996774591657246,1,0
55,6,c30,0110,0110,1110,-0.048701561987400055,-3.0520076751708984,3.0033061131834984,0.9524699695660734,1,0
55,7,x3,0111,0111,0110,-0.00011848998110508546,-9.375118255615234,9.37499976563413,0.9998863448271113,1,0
55,8,s10,1011,1011,1010,-0.010034840553998947,-5.135034561157227,5.124999720603228,0.9900325450928753,1,0
56,1,x0,1101,1101,0101,-0.5986953973770142,-2.517221450805664,1.91852605342865,0.5508530413408738,1,0
56,2,t201,1101,1101,1001,-0.10612118989229202,-2.931504487991333,2.825383298099041,0.8993561151565389,1,0
56,3,c21,1101,1101,1001,-0.061839811503887177,-2.9788410663604736,2.9170012548565865,0.9400479348053887,1,0
56,4,x1,1001,1001,1111,-5.066350786364637e-05,-10.907224655151367,10.907173991643504,0.9999498376222796,1,0
56,5,c10,1001,1001,0001,-0.002158189658075571,-6.28364896774292,6.281490778084844,0.9978446516287083,1,0
56,6,c30,0001,0001,1001,-0.10034264624118805,-2.353844404220581,2.253501757979393,0.9045290717447638,1,0
56,7,t320,0001,0001,1001,-0.023327765986323357,-3.774465560913086,3.7511377949267626,0.9769457900792995,1,0
56,8,c10,0001,0001,1001,-0.006782695185393095,-5.006903171539307,5.0001204763539135,0.9932413211668797,1,0
57,1,t210,1010,1010,0010,-0.8087075352668762,-1.7232186794281006,0.9145111441612244,0.44596862651520214,1,0
57,2,s01,0110,0110,1110,-0.36966970562934875,-1.8953360319137573,1.5256663262844086,0.6909721841856113,1,0
57,3,t301,0110,0110,0111,-0.00113073387183249,-7.7511305809021,7.749999847030267,0.9988732207907226,1,0
57,4,x0,1110,1110,0110,-0.0010550781153142452,-7.260936737060547,7.259881658945233,0.9989622413799877,1,0
57,5,t312,1110,1110,1100,-0.0004963264800608158,-8.261313438415527,8.260817111935467,0.999505076827555,1,0
57,6,t203,1111,1111,1110,-0.004734550602734089,-5.379734039306641,5.3749994887039065,0.9952808462389665,1,0
57,7,t210,0111,0111,1111,-0.031370412558317184,-3.5322980880737305,3.5009276755154133,0.969209293679442,1,0
57,8,x2,0101,0101,0011,-0.00030646802042610943,-8.750201225280762,8.749894757260336,0.9997483115390812,1,0
58,1,x2,1001,1001,0100,-0.22376307845115662,-3.813103199005127,3.5893401205539703,0.7998656535403849,1,0
58,2,t120,1001,1001,1101,-0.09615731984376907,-4.105472564697266,4.0093152448534966,0.9084104299333602,1,0
58,3,s31,1100,1100,1101,-0.4410416781902313,-1.0660415887832642,0.6249999105930328,0.6433664864432294,1,0
58,4,s31,1001,1001,1100,-0.5534119009971619,-0.9982357025146484,0.4448238015174866,0.5749941715086736,1,0
58,5,x1,1101,1101,1100,-0.01795147731900215,-4.142951488494873,4.125000011175871,0.9822086530567062,1,0
58,6,x1,1001,1001,1111,-0.004476748872548342,-6.381896018981934,6.377419270109385,0.9955346201323759,1,0
58,7,t312,1001,1001,1101,-0.018053950741887093,-5.004340171813965,4.986286221072078,0.9821262934627121,1,0
58,8,x2,1011,1011,1101,-0.0003547363157849759,-8.50508975982666,8.504735023510875,0.9996455088130587,1,0
59,1,c12,0101,0101,1101,-0.4551597237586975,-3.1848511695861816,2.729691445827484,0.6345512803233347,1,0
59,2,s02,0101,0101,0111,-0.3480089008808136,-3.0302720069885254,2.682263106107712,0.7061274434638117,1,0
59,3,s21,0011,0011,0101,-0.14432665705680847,-2.021540880203247,1.8772142231464386,0.865608944092943,1,0
59,4,c30,1011,1011,1010,-0.005329879932105541,-6.3803300857543945,6.375000205822289,0.9948305166361966,1,0
59,5,s21,1101,1101,1111,-0.009110840037465096,-4.837923526763916,4.828812686726451,0.9909444907869105,1,0
59,6,s31,1101,1101,1001,-0.012532403692603111,-5.547968864440918,5.535436460748315,0.9876137230867635,1,0
59,7,c31,1001,1001,1101,-0.006168981082737446,-5.131717205047607,5.12554822396487,0.9938519477602195,1,0
59,8,s01,0101,0101,1001,-0.07676605880260468,-3.111443281173706,3.0346772223711014,0.926107531727262,1,0
60,1,s20,1101,1101,1111,-1.3400959968566895,-1.935835361480713,0.5957393646240234,0.26186325531815907,1,0
60,2,c20,1101,1101,0101,-0.8781629800796509,-1.3557689189910889,0.477605938911438,0.41650548599907494,1,0
60,3,x1,1001,1001,1101,-0.0016161520034074783,-7.45535135269165,7.453735200688243,0.9983880747917245,1,0
60,4,x1,1101,1101,1100,-0.0028860941529273987,-6.3778862953186035,6.375000201165676,0.9971185673016637,1,0
60,5,c31,1001,1001,1101,-0.004179253708571196,-5.505646228790283,5.501466975081712,0.9958304804658883,1,0
60,6,s32,1010,1010,1011,-0.0015769607853144407,-6.6265764236450195,6.624999462859705,0.9984283910481471,1,0
60,7,s32,1001,1001,1010,-0.03985800966620445,-3.531804323196411,3.4919463135302067,0.9609273764703229,1,0
60,8,t013,1001,1001,1100,-0.022271068766713142,-5.17180871963501,5.149537650868297,0.9779841703612738,1,0
61,1,s02,1110,1110,1100,-0.853847324848175,-2.0669448375701904,1.2130975127220154,0.4259040512428358,1,0
61,2,c03,1111,1111,1000,-0.19044604897499084,-3.4811906814575195,3.2907446324825287,0.827919368950582,1,0
61,3,c31,1011,1011,1010,-0.0061766658909618855,-6.131176471710205,6.124999805819243,0.993908683941077,1,0
61,4,t321,1111,1111,1011,-0.009444043040275574,-5.131390571594238,5.121946528553963,0.990602205669385,1,0
61,5,c03,1110,1110,0110,-0.00021468692284543067,-9.648488998413086,9.64827431149024,0.9998030479622165,1,0
61,6,s02,1110,1110,1100,-0.16501101851463318,-1.9168610572814941,1.751850038766861,0.8479529512934638,1,0
61,7,s23,1101,1101,1110,-0.0074647655710577965,-5.07697057723999,5.069505811668932,0.9925690620371643,1,0
61,8,s12,1011,1011,1101,-0.08898021280765533,-2.464646339416504,2.3756661266088486,0.9148691683539116,1,0
62,1,t230,1001,1001,0001,-0.5596225261688232,-1.8770568370819092,1.317434310913086,0.5726562660328942,1,0
62,2,x0,0001,0001,1001,-0.026310263201594353,-4.546408653259277,4.520098390057683,0.9740604930576422,1,0
62,3,x0,1001,1001,0001,-0.003678347449749708,-6.1292290687561035,6.125550721306354,0.9963449429889452,1,0
62,4,t021,1001,1001,1101,-0.3135351538658142,-1.430392861366272,1.1168577075004578,0.7308928601716935,1,0
62,5,t132,1001,1001,1011,-0.00019072213035542518,-8.776484489440918,8.776293767310563,0.9998095019721691,1,0
62,6,t103,1001,1001,1000,-4.6252829633885995e-05,-10.750045776367188,10.749999523537554,0.9999539511299272,1,0
62,7,x1,1101,1101,1100,-1.835816692619119e-05,-11.875018119812012,11.874999761645086,0.9999822419331418,1,0
62,8,x0,0101,0101,1101,-0.006790644023567438,-5.00688362121582,5.000092977192253,0.993274348031502,1,0
63,1,s12,0001,0001,0101,-1.2838807106018066,-1.4957802295684814,0.2118995189666748,0.27700789501994766,1,0
63,2,x1,0101,0101,0100,-0.0336771234869957,-4.408677577972412,4.375000454485416,0.9669010102101151,1,0
63,3,t301,0101,0101,1101,-0.0026360205374658108,-8.017263412475586,8.01462739193812,0.997372162804991,1,0
63,4,t231,0101,0101,0001,-0.0005346955149434507,-7.888012409210205,7.887477713695262,0.9994695621171887,1,0
63,5,t301,0101,0101,1101,-0.00013052995200268924,-10.21121883392334,10.211088303971337,0.9998715904610382,1,0
63,6,x3,0100,0100,0101,-4.4464577513281256e-05,-10.625044822692871,10.625000358115358,0.9999610878828783,1,0
63,7,t321,0100,0100,0101,-0.00019334979879204184,-9.125192642211914,9.124999292413122,0.9998073956748079,1,0
63,8,c20,0100,0100,1100,-0.011597813107073307,-4.512727737426758,4.5011299243196845,0.9884788331799892,1,0
64,1,s10,0000,0000,1000,-0.6846494674682617,-1.9777188301086426,1.2930693626403809,0.5047615672209331,1,0
64,2,s03,0000,0000,1000,-0.019405052065849304,-4.8987627029418945,4.879357650876045,0.9807891030658181,1,0
64,3,s30,0000,0000,1000,-0.0032221772707998753,-6.006086349487305,6.002864172216505,0.9967836583764975,1,0
64,4,c01,0000,0000,1000,-0.0002047865418717265,-10.113500595092773,10.113295808550902,0.9998083892923247,1,0
64,5,c03,0000,0000,1000,-9.29812595131807e-05,-11.00914478302002,11.009051801760506,0.9999082899371523,1,0
64,6,c30,0000,0000,1000,-0.0067669409327209,-5.00723123550415,5.0004642945714295,0.9932595061361558,1,0
64,7,t031,0000,0000,1000,-6.627861148444936e-05,-10.182805061340332,10.182738782728848,0.9999342431698403,1,0
64,8,t013,0000,0000,1000,-3.5285556805320084e-05,-10.549683570861816,10.549648285305011,0.9999646057545937,1,0
65,1,s23,1010,1010,1011,-0.33571773767471313,-3.0857176780700684,2.7499999403953552,0.7152967788935372,1,0
65,2,t203,1011,1010,1010,-0.9207696318626404,-0.6707696318626404,-0.25,0.3987258018476707,0,0
65,3,x1,1111,1111,1100,-0.05089685693383217,-3.9222614765167236,3.8713646195828915,0.9504014716836421,1,0
65,4,t321,1011,1011,1111,-0.06574053317308426,-3.4186744689941406,3.3529339358210564,0.9364284800302046,1,0
65,5,s32,1011,1011,1001,-0.04752793163061142,-3.421884298324585,3.3743563666939735,0.9536576677527412,1,0
65,6,c12,1011,1011,1111,-0.0014915666542947292,-7.611584663391113,7.6100930967368186,0.9985208245852333,1,0
65,7,c12,1011,1011,1111,-0.03838637098670006,-3.746537685394287,3.708151314407587,0.962347882522857,1,0
65,8,x0,0011,0011,1011,-0.0008304433431476355,-7.7275848388671875,7.72675439552404,0.9992430787491519,1,0
66,1,x0,1010,1010,0010,-0.6090859174728394,-2.275575637817383,1.6664897203445435,0.54437188333801,1,0
66,2,t120,1010,1010,0010,-0.2562112808227539,-2.408226251602173,2.152014970779419,0.7741414043208974,1,0
66,3,s32,1001,1001,1010,-0.009767930954694748,-5.891880512237549,5.882112581282854,0.9903497487272533,1,0
66,4,c21,1001,1001,1101,-0.1050395593047142,-2.3683247566223145,2.2632851973176003,0.900458123351464,1,0
66,5,x2,1011,1011,1101,-0.0001257597905350849,-9.126206398010254,9.126080638219719,0.999874803986229,1,0
66,6,s02,1011,1011,1101,-0.020978879183530807,-3.9036059379577637,3.882627058774233,0.9792436064381359,1,0
66,7,t310,1011,1011,0011,-0.30176037549972534,-1.7026903629302979,1.4009299874305725,0.7395547130410016,1,0
66,8,t301,1111,1111,1011,-0.0009079265873879194,-7.375934600830078,7.37502667424269,0.9990940390835795,1,0
67,1,s30,1010,1011,1011,-2.0825390815734863,-1.0825390815734863,-1.0,0.124634090424251,0,0
67,2,t120,1010,1010,1011,-0.9736626148223877,-2.3486626148223877,1.375,0.37853655095651895,1,0
67,3,c13,1010,1010,1110,-0.00735940458253026,-6.302384853363037,6.295025448780507,0.9926758475962155,1,0
67,4,x3,1011,1011,1010,-0.00024603860219940543,-10.125245094299316,10.124999055697117,0.9997548709256908,1,0
67,5,c03,1010,1010,0010,-0.001648038625717163,-7.926072120666504,7.924424082040787,0.9984028035924688,1,0
67,6,s30,0011,0011,1010,-0.20516081154346466,-1.8051413297653198,1.5999805182218552,0.8146110683079182,1,0
67,7,x0,1011,1011,1010,-0.005087617319077253,-5.505087852478027,5.50000023515895,0.9949370153450262,1,0
67,8,c20,0011,0011,1011,-0.0501706637442112,-3.104810953140259,3.0546402893960476,0.9511488516086879,1,0
68,1,t023,0101,0101,1100,-0.16879063844680786,-4.195395469665527,4.0266048312187195,0.8455689874539646,1,0
68,2,x1,0001,0001,1001,-0.001833760878071189,-7.915614604949951,7.91378084407188,0.9981765276629364,1,0
68,3,x1,0101,0101,0001,-0.0002994381939060986,-9.000941276550293,9.000641838356387,0.9997052677558008,1,0
68,4,s21,0011,0011,0101,-0.01352325826883316,-4.388437747955322,4.374914489686489,0.9865981730758965,1,0
68,5,c23,0010,0010,0011,-0.07053902745246887,-2.6955387592315674,2.6249997317790985,0.9319137839644668,1,0
68,6,s12,0100,0100,0010,-0.018109414726495743,-4.143428325653076,4.12531891092658,0.9822431136479455,1,0
68,7,t213,0100,0100,0110,-0.11910833418369293,-2.825051784515381,2.705943450331688,0.8877225781310568,1,0
68,8,t013,0100,0100,0000,-0.0004808156518265605,-9.032163619995117,9.03168280434329,0.9995197272823066,1,0
69,1,s20,1101,1101,1111,-1.3298087120056152,-1.784057855606079,0.45424914360046387,0.2646402951824409,1,0
69,2,c30,0101,0101,1101,-0.6813721060752869,-1.8887641429901123,1.2073920369148254,0.5069303317463578,1,0
69,3,x1,0001,0001,0000,-0.0025213281624019146,-6.752521514892578,6.750000186730176,0.9974878461838653,1,0
69,4,c13,0001,0001,0000,-0.0026161312125623226,-7.502615928649902,7.49999979743734,0.9973915363355487,1,0
69,5,c01,0001,0001,0000,-0.00019013113342225552,-9.500189781188965,9.499999650055543,0.9998119955542143,1,0
69,6,x3,0000,0000,0001,-0.00012099227751605213,-9.375120162963867,9.374999170686351,0.9998947598293172,1,0
69,7,s03,0000,0000,0001,-0.00021313423349056393,-8.875212669372559,8.874999535139068,0.999786924648116,1,0
69,8,x0,1000,1000,1001,-0.00043935986468568444,-8.500439643859863,8.500000283995178,0.9995799166841148,1,0
70,1,x1,0100,0100,0000,-0.5558090209960938,-2.24959135055542,1.6937823295593262,0.5740001760959328,1,0
70,2,t230,0100,0100,0000,-0.0911787748336792,-3.9975202083587646,3.9063414335250854,0.9131210899616627,1,0
70,3,x2,0110,0110,0000,-0.0011566276662051678,-7.578978538513184,7.577821910846978,0.9988477006593728,1,0
70,4,c23,0111,0111,0110,-0.007883516140282154,-5.007883548736572,5.00000003259629,0.9921688971658705,1,0
70,5,t013,0111,0111,0110,-0.0013054275186732411,-7.12630558013916,7.125000152620487,0.9986973361688842,1,0
70,6,t312,0101,0101,0111,-0.0014436132041737437,-6.890225887298584,6.88878227409441,0.9985600369917298,1,0
70,7,s02,0101,0101,1111,-0.0033915461972355843,-6.638278484344482,6.634886938147247,0.9966147384840417,1,0
70,8,s12,0011,0101,0101,-1.0537382364273071,-0.4310525357723236,-0.6226857006549835,0.3486339473489026,0,0
71,1,s10,1111,1111,1011,-0.436784952878952,-2.4361748695373535,1.9993899166584015,0.6461694774460371,1,0
71,2,x2,1101,1101,0000,-0.06333629786968231,-4.496238708496094,4.432902410626411,0.9388203975834725,1,0
71,3,t013,1100,1101,1101,-1.601122260093689,-0.22612228989601135,-1.3749999701976776,0.20167262711209002,0,0
71,4,c32,1100,1100,1101,-0.0025406195782124996,-6.002540588378906,5.999999968800694,0.9974660442440644,1,0
71,5,t023,1100,1100,1101,-0.008664470165967941,-4.758664131164551,4.749999660998583,0.9913760338837376,1,0
71,6,c32,1100,1100,1110,-5.1259470637887716e-05,-10.526336669921875,10.526285410451237,0.9999504075462329,1,0
71,7,s10,1100,1100,1000,-0.0079181008040905,-5.7591657638549805,5.75124766305089,0.9921143973857143,1,0
71,8,s01,1100,1100,0100,-0.011930289678275585,-4.810457706451416,4.79852741677314,0.9881522332696221,1,0
72,1,t132,0101,0101,0111,-0.8184499144554138,-1.516741394996643,0.6982914805412292,0.44146277381042476,1,0
72,2,c21,0101,0101,0001,-0.42151665687561035,-1.1844234466552734,0.7629067897796631,0.6560869460353581,1,0
72,3,s02,0101,0101,1111,-0.018058642745018005,-4.93137264251709,4.913313999772072,0.9821045150490717,1,0
72,4,c13,0100,0100,0101,-0.07493911683559418,-2.699939012527466,2.6249998956918716,0.927806964814666,1,0
72,5,x3,0101,0101,1101,-0.007068017031997442,-5.97083854675293,5.963770529720932,0.9929750872925736,1,0
72,6,t102,0101,0101,0100,-0.00033972738310694695,-8.87533950805664,8.874999780673534,0.9996611097830754,1,0
72,7,s30,1100,1100,1101,-0.005453271325677633,-5.505453109741211,5.499999838415533,0.9945645704834827,1,0
72,8,x1,1000,1000,1100,-0.03341485932469368,-3.533909559249878,3.5004946999251842,0.9671372885319703,1,0
73,1,x0,1100,1100,0100,-0.7067393660545349,-1.9672150611877441,1.2604756951332092,0.49431915815317895,1,0
73,2,c21,1100,1100,1000,-0.025309013202786446,-4.392409324645996,4.36710031144321,0.9750840589531078,1,0
73,3,x1,1000,1000,1010,-6.377643876476213e-05,-10.940725326538086,10.940661550099321,0.9999376602123385,1,0
73,4,x0,0000,0000,1000,-0.008294967003166676,-4.893987655639648,4.885692688636482,0.9917420546140072,1,0
73,5,s21,0000,0000,0100,-0.018579864874482155,-4.641682147979736,4.623102283105254,0.981604674450455,1,0
73,6,c32,0000,0000,0010,-5.328611587174237e-05,-10.875961303710938,10.875908017595066,0.9999470388574102,1,0
73,7,x3,0001,0001,0000,-5.376266926759854e-05,-10.375053405761719,10.374999643092451,0.999946357862542,1,0
73,8,s13,0100,0100,0101,-0.021146133542060852,-3.896145820617676,3.874999687075615,0.9790766239162971,1,0
74,1,c01,0000,0000,0001,-0.3044263422489166,-3.1794261932373047,2.874999850988388,0.738185381504866,1,0
74,2,c13,0000,0000,0001,-0.0361611470580101,-4.661161422729492,4.625000275671482,0.964553751675033,1,0
74,3,s32,0000,0000,0010,-0.027475301176309586,-3.652841091156006,3.6253657899796963,0.9729149215012171,1,0
74,4,t203,0000,0000,0001,-0.00040182285010814667,-8.875401496887207,8.874999674037099,0.9996010314510385,1,0
74,5,c01,0000,0000,1000,-7.498086779378355e-05,-10.079007148742676,10.078932167874882,0.9999252391118278,1,0
74,6,x2,0010,0010,0100,-8.392215386265889e-05,-10.250057220458984,10.249973298305122,0.9999163115849049,1,0
74,7,x3,0011,0011,0010,-0.0010099632199853659,-7.126009941101074,7.124999977881089,0.9989919107437852,1,0
74,8,t302,0011,0011,0001,-0.0007994468323886395,-7.37734317779541,7.3765437309630215,0.9992021055056599,1,0
75,1,x3,1100,1100,0100,-0.2474556416273117,-3.6397151947021484,3.3922595530748367,0.7828810166440313,1,0
75,2,c32,1100,1100,1101,-0.019764553755521774,-4.144764423370361,4.1249998696148396,0.9804423266155244,1,0
75,3,x0,0100,0100,1100,-0.019376114010810852,-4.524480819702148,4.505104705691338,0.9812360014533943,1,0
75,4,s23,0100,0100,0101,-0.018308628350496292,-4.643308639526367,4.625000011175871,0.9818714393748723,1,0
75,5,c12,0110,0110,0100,-0.0006527543882839382,-7.5006794929504395,7.5000267385621555,0.9993488279815913,1,0
75,6,c20,1110,1110,0110,-0.25890228152275085,-1.5035662651062012,1.2446639835834503,0.7726831719202976,1,0
75,7,s31,1011,1011,1010,-0.029741566628217697,-3.7797415256500244,3.7499999590218067,0.9707000958607387,1,0
75,8,x2,1001,1001,1111,-0.00045175597188062966,-9.131884574890137,9.131432818918256,0.9997795650177337,1,0
76,1,t213,1000,1000,1001,-0.21126888692378998,-2.961268901824951,2.750000014901161,0.8126603035376403,1,0
76,2,t203,1000,1000,1001,-0.0039429147727787495,-6.628942966461182,6.625000051688403,0.9961063709966949,1,0
76,3,s23,1000,1000,0001,-0.014364509843289852,-5.576344013214111,5.5619795033708215,0.9857591287844165,1,0
76,4,s10,0100,0100,1000,-0.11370643973350525,-2.699129581451416,2.5854231417179108,0.8925268162991955,1,0
76,5,x3,0101,0101,0100,-0.0009190159034915268,-7.125918865203857,7.124999849300366,0.9990823762385312,1,0
76,6,c21,0101,0101,0001,-0.04003272205591202,-3.314751625061035,3.274718903005123,0.9607740640292081,1,0
76,7,s12,0011,0011,0101,-0.008888805285096169,-4.76003885269165,4.751150047406554,0.9911975966375993,1,0
76,8,x3,0010,0010,0011,-0.0001592588669154793,-9.75015926361084,9.750000004743924,0.9998421710179813,1,0
77,1,s21,0001,0001,0101,-1.3041332960128784,-1.6772916316986084,0.37315833568573,0.2714508745443897,1,0
77,2,s02,0001,0001,1010,-0.15787915885448456,-3.3346517086029053,3.1767725497484207,0.8539810368342066,1,0
77,3,t132,0001,0001,1001,-0.0006801694980822504,-9.176529884338379,9.175849714840297,0.9993251260860643,1,0
77,4,t302,0001,0001,1001,-0.00018178143363911659,-9.78986930847168,9.78968752703804,0.9998185305740733,1,0
77,5,t203,0001,0001,0000,-2.956368916784413e-05,-12.000029563903809,12.00000000021464,0.9999736049531898,1,0
77,6,c23,0001,0001,1001,-0.0014182338491082191,-7.357357025146484,7.355938791297376,0.9985934433759749,1,0
77,7,x3,0000,0000,0001,-0.00066800118656829,-9.031917572021484,9.031249570834916,0.9997820700593112,1,0
77,8,c01,0000,0000,0001,-0.0029093618504703045,-6.0029096603393555,6.000000298488885,0.9970948938354408,1,0
78,1,t023,1000,1000,1001,-0.5148168802261353,-1.7648167610168457,1.2499998807907104,0.6016563461410744,1,0
78,2,c21,1000,1000,1100,-0.02108292654156685,-4.497981071472168,4.476898144930601,0.9792157412669275,1,0
78,3,t302,1000,1000,1010,-3.945804564864375e-05,-11.673623085021973,11.673583626976324,0.9999612050282487,1,0
78,4,x2,1010,1010,1000,-9.059719741344452e-05,-10.500425338745117,10.500334741547704,0.9999118302197476,1,0
78,5,s31,1010,1010,1001,-0.004555488005280495,-6.37969446182251,6.375138973817229,0.9954780849307436,1,0
78,6,c03,1011,1011,1010,-6.914044206496328e-05,-10.125068664550781,10.124999524108716,0.9999327831331294,1,0
78,7,s31,1110,1110,1111,-0.037845429033041,-3.4128453731536865,3.3749999441206455,0.9628629444369003,1,0
78,8,t230,1110,1110,0110,-0.02523651532828808,-3.794640064239502,3.769403548911214,0.975141508865707,1,0
79,1,c30,1101,0101,0101,-1.2707537412643433,-0.7670543789863586,-0.5036993622779846,0.28109975638519846,0,0
79,2,c01,1001,1001,0101,-0.062227532267570496,-3.730431079864502,3.6682035475969315,0.9396891980575838,1,0
79,3,c23,1001,1001,1101,-0.006441750563681126,-6.4575324058532715,6.45109065528959,0.99363677284279,1,0
79,4,s02,0011,0011,1001,-0.029985960572957993,-3.572930097579956,3.542944137006998,0.9704594888153099,1,0
79,5,x1,0111,0111,0101,-0.0030691700521856546,-6.378024101257324,6.374954931205139,0.9969813747093623,1,0
79,6,c02,0111,0111,1101,-0.0009482789319008589,-7.926802635192871,7.92585435626097,0.9990802594470275,1,0
79,7,t130,1111,1111,1110,-0.018849285319447517,-4.5188493728637695,4.500000087544322,0.9813781902803915,1,0
79,8,c01,1011,1011,0111,-0.0011098985560238361,-6.87824821472168,6.877138316165656,0.9988937997719863,1,0
80,1,x3,1110,1110,0000,-0.42630836367607117,-3.3451104164123535,2.9188020527362823,0.6536269832939166,1,0
80,2,c20,0110,1110,1110,-0.8381874561309814,-0.7640401721000671,-0.0741472840309143,0.4326227238756035,0,0
80,3,x2,0100,0100,0010,-0.002716615330427885,-6.374556541442871,6.371839926112443,0.9972947680727686,1,0
80,4,t031,0100,0100,0101,-0.003159231971949339,-6.628159523010254,6.625000291038305,0.9968505497435262,1,0
80,5,s30,0100,0100,1101,-0.0007430460536852479,-8.398821830749512,8.398078784695826,0.9992578466411605,1,0
80,6,s20,0100,0100,1100,-0.0014333033468574286,-7.516565322875977,7.515132019529119,0.9985677647793983,1,0
80,7,t320,0100,0100,1100,-0.0006306996219791472,-7.619516372680664,7.618885673058685,0.9993737585558946,1,0
80,8,c32,0100,0100,0110,-0.0005969658959656954,-7.500650882720947,7.500053916824982,0.9994033705015032,1,0
81,1,c12,1001,1001,1011,-0.6297656893730164,-1.446381688117981,0.8166159987449646,0.5330519781481747,1,0
81,2,s10,0101,0101,1001,-0.09958826005458832,-2.478296995162964,2.3787087351083755,0.9052189760316841,1,0
81,3,s13,0101,0101,0001,-0.08663163334131241,-2.6131579875946045,2.526526354253292,0.9170205399356393,1,0
81,4,x1,0001,0001,0101,-0.0002778623893391341,-9.512406349182129,9.51212848679279,0.9997244953422559,1,0
81,5,c30,1001,1001,0001,-0.20233657956123352,-1.7019280195236206,1.499591439962387,0.8168404147266358,1,0
81,6,x3,1000,1000,1001,-0.0036249670665711164,-5.62862491607666,5.624999949010089,0.9963866111881182,1,0
81,7,s31,1000,1000,0101,-0.005791497882455587,-5.403859615325928,5.398068117443472,0.9942545856568977,1,0
81,8,s01,0100,0100,1000,-0.11479507386684418,-2.3857827186584473,2.270987644791603,0.8915488563522763,1,0
82,1,c23,1001,1001,1011,-0.31463056802749634,-2.3699867725372314,2.055356204509735,0.7344922458508777,1,0
82,2,t021,1001,1001,1101,-0.2680772840976715,-2.1248252391815186,1.856747955083847,0.76501591637256,1,0
82,3,s21,1001,1001,1101,-0.48371559381484985,-0.983869194984436,0.5001536011695862,0.6165118850748883,1,0
82,4,s10,0101,0101,1001,-0.19880983233451843,-1.8084381818771362,1.6096283495426178,0.8197065007355111,1,0
82,5,c02,0101,0101,0100,-0.0002800016663968563,-9.250280380249023,9.250000378582627,0.9997223653443968,1,0
82,6,s31,0101,0101,1100,-0.014969827607274055,-5.162973880767822,5.148004053160548,0.9854311225339544,1,0
82,7,t012,0101,0101,0100,-9.751099423738196e-05,-9.875097274780273,9.874999763786036,0.9999043289735619,1,0
82,8,c31,0001,0001,0101,-0.0015627756947651505,-6.501618385314941,6.500055609620176,0.9984404375184754,1,0
83,1,t103,1101,1100,1100,-1.2072685956954956,-0.7072685956954956,-0.5,0.29946420645712596,0,0
83,2,s32,1110,1110,1111,-0.41467809677124023,-2.0396780967712402,1.625,0.6607747607729979,1,0
83,3,s01,1110,1110,0110,-0.6022630929946899,-1.8136346340179443,1.2113715410232544,0.5476269714045796,1,0
83,4,x2,1100,1100,1110,-0.008048064075410366,-5.137787818908691,5.129739754833281,0.9920467206054414,1,0
83,5,s20,0110,0110,0010,-0.03843294456601143,-4.325537204742432,4.28710426017642,0.962311044163977,1,0
83,6,s10,1010,1010,1000,-0.010131165385246277,-5.036001682281494,5.025870516896248,0.9899970117545933,1,0
83,7,s01,0110,0110,1110,-0.669933021068573,-1.2138843536376953,0.5439513325691223,0.511745002924633,1,0
83,8,t120,1110,0110,0110,-1.298736572265625,-0.3894508481025696,-0.9092857241630554,0.2729522834506679,0,0
84,1,x2,0000,0000,0001,-0.5836939811706543,-2.458693742752075,1.874999761581421,0.5581392493993702,1,0
84,2,c01,0000,0000,0001,-0.039871640503406525,-4.664871692657471,4.625000052154064,0.9609499983361176,1,0
84,3,c30,0000,0000,1000,-0.014394224621355534,-4.293507099151611,4.279112874530256,0.9857290406917085,1,0
84,4,c31,0000,0000,1000,-0.00016879092436283827,-10.682877540588379,10.682708749664016,0.9998434393112704,1,0
84,5,c12,0000,0000,1000,-2.4199302060878836e-05,-11.68160629272461,11.681582093422548,0.9999857210091205,1,0
84,6,c31,0000,0000,0100,-7.164318230934441e-05,-11.392196655273438,11.392125012091128,0.9999483289280319,1,0
84,7,c23,0000,0000,1000,-9.083448094315827e-05,-10.55128288269043,10.551192048209487,0.9999115162503014,1,0
84,8,t201,0000,0000,0001,-3.194778037141077e-05,-10.625030517578125,10.624998569797754,0.9999680377854884,1,0
85,1,x2,1001,1001,0100,-0.24806936085224152,-3.6044211387634277,3.356351777911186,0.7807219099952508,1,0
85,2,c12,1001,1001,1000,-0.018898680806159973,-5.393898963928223,5.375000283122063,0.9813000033257874,1,0
85,3,s32,1010,1010,1011,-0.012669253163039684,-4.387669086456299,4.374999833293259,0.9874157297061382,1,0
85,4,t310,1010,1010,1011,-0.016250919550657272,-4.766251087188721,4.750000167638063,0.9839506961346087,1,0
85,5,c21,1110,1110,1010,-0.015537437982857227,-4.264532089233398,4.248994651250541,0.9846064050344752,1,0
85,6,x0,0110,0110,1110,-0.0011767505202442408,-7.378422737121582,7.377245986601338,0.9988695445402572,1,0
85,7,x3,0111,0111,0110,-0.00040586432442069054,-9.250405311584473,9.249999447260052,0.9996207986824933,1,0
85,8,x1,0011,0011,0101,-0.00040824979078024626,-8.327842712402344,8.327434462611564,0.9996120412431397,1,0
86,1,t301,1000,1000,1100,-0.511825680732727,-2.191941261291504,1.6801155805587769,0.600181450967504,1,0
86,2,x1,1100,1100,1101,-0.01416703499853611,-5.514167308807373,5.500000273808837,0.9859510969391888,1,0
86,3,c32,1100,1100,1110,-0.013044304214417934,-4.51946496963501,4.506420665420592,0.9871641443459915,1,0
86,4,c12,1110,1110,0110,-0.0015200412599369884,-7.605698108673096,7.604178067413159,0.998487767962133,1,0
86,5,c21,1010,1110,1110,-0.8301376104354858,-0.5924607515335083,-0.23767685890197754,0.43604680845780264,0,0
86,6,x1,1110,1110,1100,-0.0006173192523419857,-8.130805969238281,8.13018864998594,0.9993831516324079,1,0
86,7,s23,1101,1101,1011,-0.0016060802154242992,-7.375925064086914,7.37431898387149,0.9984114956359194,1,0
86,8,t023,1101,1101,1111,-0.0526670478284359,-3.6258060932159424,3.5731390453875065,0.9487686087289954,1,0
87,1,s13,1111,1111,1011,-0.24504995346069336,-3.101982831954956,2.8569328784942627,0.7826890723486745,1,0
87,2,s20,1111,1111,0111,-0.03603886440396309,-3.8326926231384277,3.7966537587344646,0.9646185169817807,1,0
87,3,c10,0111,0111,1111,-0.003095507388934493,-6.302732944488525,6.299637437099591,0.9972841972263872,1,0
87,4,s02,1101,1101,0111,-0.007623436860740185,-6.002736568450928,5.9951131315901875,0.9924812635526761,1,0
87,5,c21,1101,1101,1001,-0.19101840257644653,-2.1409552097320557,1.9499368071556091,0.8272011488025385,1,0
87,6,c13,1100,1101,1101,-0.8987779021263123,-0.5237779021263123,-0.375,0.40707906659893006,0,0
87,7,s21,1010,1010,1100,-0.011000437662005424,-5.261415481567383,5.250415043905377,0.989105419736088,1,0
87,8,s32,1001,1001,1000,-0.11221977323293686,-2.48721981048584,2.375000037252903,0.8938528230909464,1,0
88,1,s30,0011,0010,0010,-1.9316450357437134,-1.1816450357437134,-0.75,0.14494621033079363,0,0
88,2,s20,1001,1001,1000,-1.973273515701294,-2.098273515701294,0.125,0.13934009417473853,1,0
88,3,c32,1011,1011,1010,-1.3829152584075928,-2.5079150199890137,1.124999761581421,0.2522130296176994,1,0
88,4,s01,0111,0111,1111,-0.5134527683258057,-1.7580530643463135,1.2446002960205078,0.5984550592037102,1,0
88,5,c20,1111,1111,0111,-0.47670239210128784,-1.9729137420654297,1.4962113499641418,0.6209476083548174,1,0
88,6,s20,1111,1111,0111,-0.17679063975811005,-2.8107857704162598,2.6339951306581497,0.8381985329943509,1,0
88,7,x3,1110,1110,1111,-0.000494086358230561,-9.000493049621582,8.999998963263351,0.9995784159159319,1,0
88,8,x3,1111,1111,1110,-0.0005068359896540642,-9.188006401062012,9.187499565072358,0.9995120935297013,1,0
89,1,c21,0000,0000,0100,-0.3422359824180603,-2.2545535564422607,1.9123175740242004,0.7107383552591152,1,0
89,2,x2,0010,0010,1000,-0.012413245625793934,-6.092756748199463,6.080343502573669,0.9876852687369008,1,0
89,3,t302,0010,0010,0000,-0.0006219614297151566,-8.524299621582031,8.523677660152316,0.9993839280976357,1,0
89,4,c30,0010,0010,1010,-0.0053361328318715096,-5.262998104095459,5.2576619712635875,0.9946820032189344,1,0
89,5,s23,0001,0001,0000,-0.017621219158172607,-4.517621040344238,4.499999821186066,0.9825521389528935,1,0
89,6,x2,0011,0011,0010,-0.0001526988053228706,-9.562652587890625,9.562499889085302,0.9999063174706447,1,0
89,7,s12,0101,0101,0011,-0.01200556755065918,-5.008066654205322,4.996061086654663,0.9910116707044246,1,0
89,8,s30,1100,1100,0101,-0.007043840363621712,-5.383196830749512,5.37615299038589,0.9929885781773726,1,0
90,1,t231,0100,0100,0000,-0.3546753525733948,-2.6738686561584473,2.3191933035850525,0.7024938419219641,1,0
90,2,t120,0100,0100,1100,-0.025435052812099457,-3.8606348037719727,3.835199750959873,0.9749465277753803,1,0
90,3,x1,0000,0000,0001,-0.0001394698047079146,-9.250139236450195,9.249999766645487,0.9998651675797994,1,0
90,4,x3,0001,0001,0000,-6.437131378334016e-05,-9.7500638961792,9.749999524865416,0.9999356780226243,1,0
90,5,c31,0101,0101,0001,-0.016287531703710556,-4.141445159912109,4.125157628208399,0.9838764857609927,1,0
90,6,c10,1101,1101,1100,-0.003097359323874116,-6.1280975341796875,6.125000174855813,0.9969410860113019,1,0
90,7,c31,1001,1001,1101,-0.03426763042807579,-3.409545421600342,3.375277791172266,0.9663178443643173,1,0
90,8,s20,0011,0011,0111,-0.011666554026305676,-5.184955596923828,5.1732890428975224,0.9884047833151142,1,0
91,1,c02,1101,1101,0111,-0.3392297625541687,-3.258880853652954,2.9196510910987854,0.7125883864827637,1,0
91,2,x3,1100,1100,0000,-0.17053189873695374,-3.6999964714050293,3.5294645726680756,0.8434162110385381,1,0
91,3,c10,0100,0100,1100,-0.20442304015159607,-1.8441519737243652,1.6397289335727692,0.8151962431893938,1,0
91,4,t012,0100,0100,0101,-0.000725308433175087,-7.375725269317627,7.374999960884452,0.9992752941128304,1,0
91,5,t021,0100,0100,0101,-0.0003647548146545887,-8.50036334991455,8.499998595099896,0.9996360331538141,1,0
91,6,t302,0100,0100,0101,-1.59739993250696e-05,-12.375016212463379,12.375000238464054,0.9999843613854749,1,0
91,7,t031,0100,0100,0000,-6.842527363914996e-05,-10.625275611877441,10.625207186603802,0.9999316927035625,1,0
91,8,x1,0000,0000,0100,-0.0003505496133584529,-8.12704086303711,8.126690313423751,0.9996495132990417,1,0
92,1,s32,1110,1110,1101,-0.43825793266296387,-2.638064384460449,2.1998064517974854,0.6453530712016858,1,0
92,2,x1,1010,1010,1011,-0.1696794331073761,-3.794679641723633,3.6250002086162567,0.8440998652876379,1,0
92,3,t310,1010,1010,1110,-0.004275798797607422,-6.694952964782715,6.690677165985107,0.9957372827169731,1,0
92,4,t012,1010,1010,1000,-0.0001705827162368223,-9.451668739318848,9.45149815660261,0.9998310065302161,1,0
92,5,s01,0110,0110,1110,-0.34973597526550293,-1.479047417640686,1.129311442375183,0.7048866151277825,1,0
92,6,t023,0110,0110,0000,-0.00019191743922419846,-10.28447151184082,10.284279594401596,0.9998271404413749,1,0
92,7,t120,1110,0110,0110,-1.3142873048782349,-0.3133193552494049,-1.00096794962883,0.2686726855265424,0,0
92,8,t023,1111,1111,1110,-0.033892273902893066,-3.4088923931121826,3.3750001192092896,0.9666905161646006,1,0
93,1,t130,0101,1101,1101,-1.486464262008667,-0.6243311762809753,-0.8621330857276917,0.2264633992482377,0,0
93,2,c12,0111,0111,0011,-0.0028875989373773336,-7.347282886505127,7.34439528756775,0.997131770558946,1,0
93,3,s13,0111,0111,0011,-0.006261712871491909,-5.444503307342529,5.438241594471037,0.9937579655991575,1,0
93,4,t103,0111,0111,0110,-0.0009695537155494094,-7.750969409942627,7.7499998562270775,0.9990347399870448,1,0
93,5,s13,0111,0111,0011,-0.005991014186292887,-5.131455421447754,5.125464407261461,0.9940269924328231,1,0
93,6,s01,1011,1011,1001,-0.004552794154733419,-6.006126403808594,6.00157360965386,0.9956469204633195,1,0
93,7,x0,0011,0011,1011,-0.011127111501991749,-4.51487922668457,4.503752115182579,0.9889474969524197,1,0
93,8,x0,1011,1011,0011,-0.0016098481137305498,-6.633306503295898,6.631696655182168,0.9984012761117135,1,0
94,1,c03,0110,0110,0111,-0.3490402102470398,-2.3490402698516846,2.0000000596046448,0.7059560729300207,1,0
94,2,x1,0010,0010,1000,-0.03244102746248245,-5.034473419189453,5.002032391726971,0.9680944819220985,1,0
94,3,t321,0010,0010,0110,-0.0003553353308234364,-8.836965560913086,8.836610225582263,0.9996588959999555,1,0
94,4,x2,0000,0000,0010,-9.047624189406633e-05,-9.375091552734375,9.375001076492481,0.9999095767754494,1,0
94,5,c30,0000,0000,1000,-0.0002699831675272435,-8.500354766845703,8.500084783678176,0.9997517025052557,1,0
94,6,x2,0010,0010,0000,-2.622574356792029e-05,-10.62505054473877,10.625024318995202,0.9999738716813643,1,0
94,7,t103,0010,0010,1010,-0.00011646268831100315,-9.806795120239258,9.806678657550947,0.9998849565849106,1,0
94,8,t310,0010,0010,1010,-0.001308940234594047,-6.751835346221924,6.75052640598733,0.9986923475484981,1,0
95,1,t031,0100,0100,0000,-0.2877541780471802,-3.6880054473876953,3.400251269340515,0.7509642180360672,1,0
95,2,t320,0100,0100,1100,-0.012165439315140247,-5.187742710113525,5.175577270798385,0.9880035178053853,1,0
95,3,s10,1000,1000,0100,-0.0025192052125930786,-6.129483222961426,6.126964017748833,0.9977553543986145,1,0
95,4,t013,1000,1000,1001,-0.0038805415388196707,-5.628880500793457,5.624999959254637,0.9961279505892012,1,0
95,5,x2,1010,1010,1000,-0.0004539036890491843,-8.250561714172363,8.250107810483314,0.9995465031064014,1,0
95,6,x2,1000,1000,1100,-0.0018422844586893916,-7.160477161407471,7.158634876948781,0.9981693337476414,1,0
95,7,c30,1000,1000,0000,-0.0017022336833178997,-6.531782627105713,6.530080393422395,0.9983011601979934,1,0
95,8,c30,1000,1000,1100,-0.0008434568298980594,-7.9745097160339355,7.9736662592040375,0.999157268878886,1,0
96,1,x3,1101,1101,1110,-0.24211305379867554,-3.6547958850860596,3.412682831287384,0.7868506475666319,1,0
96,2,s31,1101,1101,1001,-0.058227695524692535,-3.704676628112793,3.6464489325881004,0.9434369987563747,1,0
96,3,t213,1101,1101,1100,-0.0017284145578742027,-7.501728534698486,7.500000120140612,0.9983079950062846,1,0
96,4,c20,1101,1101,0101,-0.03867712616920471,-3.2891228199005127,3.250445693731308,0.9624587562032692,1,0
96,5,t130,0101,1101,1101,-1.314229965209961,-0.31385648250579834,-1.0003734827041626,0.268752647660806,0,0
96,6,s10,1001,1001,0101,-0.0029690517112612724,-6.130611419677734,6.127642367966473,0.9971835017588921,1,0
96,7,t231,1001,1001,1101,-0.16052493453025818,-1.9331965446472168,1.7726716101169586,0.8517087177810291,1,0
96,8,x0,0001,0001,1001,-0.0020134791266173124,-6.307054042816162,6.305040563689545,0.9979942691658442,1,0
97,1,c32,1010,1010,1000,-0.5362446308135986,-1.972693681716919,1.4364490509033203,0.5855451169248466,1,0
97,2,x2,1000,1000,0000,-0.019909895956516266,-5.705474853515625,5.685564957559109,0.9803546152498528,1,0
97,3,s12,1000,1000,1100,-0.057202715426683426,-2.9320669174194336,2.87486420199275,0.9453476614643694,1,0
97,4,t123,1000,1000,1100,-0.0024293330498039722,-7.6089019775390625,7.6064726444892585,0.9976568599876147,1,0
97,5,s21,1000,1000,0110,-0.531893253326416,-1.1980267763137817,0.6661335229873657,0.5874977213974985,1,0
97,6,x1,1100,1100,0000,-0.0012120046885684133,-8.482934951782227,8.481722947093658,0.9988110367952591,1,0
97,7,s31,1001,1001,1000,-0.0009636183967813849,-7.5009636878967285,7.500000069499947,0.9990694445301145,1,0
97,8,s03,1001,0001,0001,-0.7616584897041321,-0.6566165685653687,-0.10504192113876343,0.46689236817555707,0,0
98,1,c31,0000,0000,0100,-0.3632417321205139,-2.314136505126953,1.9508947730064392,0.6959719503350612,1,0
98,2,x1,0100,0100,0000,-0.004520150367170572,-5.782841205596924,5.778321055229753,0.9954951114554943,1,0
98,3,x0,1100,1100,0100,-0.0034191489685326815,-6.762444019317627,6.759024870349094,0.9966121635262021,1,0
98,4,x0,0100,0100,0101,-0.005774499848484993,-5.755774021148682,5.749999521300197,0.9942851563730071,1,0
98,5,c23,0100,0100,0101,-0.005579534452408552,-5.380579471588135,5.374999937135726,0.9944490639681459,1,0
98,6,c10,1100,1100,0100,-0.0032131928019225597,-6.002992630004883,5.99977943720296,0.9968050417693073,1,0
98,7,x1,1000,1000,1100,-0.0005466264556162059,-8.113409042358398,8.112862415902782,0.9994536511509858,1,0
98,8,t301,1000,1000,1100,-0.003305502701550722,-5.759329319000244,5.756023816298693,0.9967002359543714,1,0
99,1,c30,0100,0100,1100,-0.39954161643981934,-2.21775484085083,1.8182132244110107,0.6717783463193734,1,0
99,2,x0,1100,1100,0100,-0.10689803957939148,-3.103184461593628,2.9962864220142365,0.8991398737685377,1,0
99,3,x0,0100,0100,1100,-0.014542448334395885,-4.760781764984131,4.746239316649735,0.9855963733846745,1,0
99,4,s32,0100,0100,0110,-0.13667361438274384,-2.252595901489258,2.115922287106514,0.8722743492279538,1,0
99,5,s10,1000,1000,0100,-0.00382059533149004,-5.629916667938232,5.626096072606742,0.9962300047659634,1,0
99,6,t231,1000,1000,1100,-0.004564099013805389,-6.019501686096191,6.014937587082386,0.9954893847281876,1,0
99,7,t231,1000,1000,1100,-0.0006382886786013842,-7.662810325622559,7.662172036943957,0.9993623949963165,1,0
99,8,c01,1100,1100,1000,-0.03365423157811165,-3.4087934494018555,3.375139217823744,0.9669058665135702,1,0
100,1,s32,1101,1101,1110,-0.5202975273132324,-2.294344663619995,1.7740471363067627,0.5945164223192538,1,0
100,2,t023,1101,1101,1100,-0.2362075001001358,-2.8612074851989746,2.624999985098839,0.7913170439600127,1,0
100,3,x2,1111,1111,1001,-0.0012260356452316046,-7.5817484855651855,7.580522449919954,0.9989583609059454,1,0
100,4,c13,1110,1110,1010,-0.0004604692803695798,-9.197965621948242,9.197505152667873,0.9995560332438703,1,0
100,5,t021,1010,1110,1110,-0.8497052192687988,-0.5788118839263916,-0.2708933353424072,0.42755142606179636,0,0
100,6,t203,1011,1011,1010,-0.05504097044467926,-2.9300408363342285,2.8749998658895493,0.9464481245542913,1,0
100,7,s03,1011,1011,0011,-0.015346229076385498,-4.268557071685791,4.2532108426094055,0.984773791962158,1,0
100,8,c01,1111,1111,1110,-0.0018973116530105472,-7.37689733505249,7.37500002339948,0.9981075838813613,1,0
101,1,c20,1100,1100,0100,-0.6103690266609192,-1.2036182880401611,0.5932492613792419,0.544161318711281,1,0
101,2,t032,1100,1100,0000,-0.010713543742895126,-6.50233268737793,6.491619143635035,0.9894528201372944,1,0
101,3,x1,1000,1000,1110,-0.00030668990802951157,-11.171664237976074,11.171357548068045,0.9999073496913788,1,0
101,4,s20,0010,0010,0110,-0.007762786000967026,-5.6855340003967285,5.6777712143957615,0.9922704054671599,1,0
101,5,s03,0010,0010,1010,-0.005491187795996666,-5.27474308013916,5.2692518923431635,0.9945318061436271,1,0
101,6,x3,0011,0011,0010,-7.891536370152608e-05,-10.250079154968262,10.25000023960456,0.9999214075885899,1,0
101,7,c23,0010,0010,0011,-0.31359121203422546,-1.3135912418365479,1.0000000298023224,0.730944837326086,1,0
101,8,x1,0110,0110,0010,-0.009380663745105267,-7.127439022064209,7.118058358319104,0.9989062933557574,1,0
102,1,s32,1101,1101,1110,-0.5480955839157104,-2.25158953666687,1.7034939527511597,0.5782354507959765,1,0
102,2,c20,1101,1101,0101,-0.4204845130443573,-1.9205217361450195,1.5000372231006622,0.6580009162402227,1,0
102,3,s30,1101,1101,0101,-0.03690711408853531,-4.266788005828857,4.229880891740322,0.9637707518407077,1,0
102,4,t312,1111,1111,1110,-0.012804956175386906,-4.512804985046387,4.500000028871,0.9872816185367013,1,0
102,5,c23,1110,1110,1101,-0.01722893863916397,-5.265936374664307,5.248707436025143,0.9909705414995461,1,0
102,6,t301,1110,1110,1010,-0.10219594091176987,-2.3905813694000244,2.2883854284882545,0.9030324503020756,1,0
102,7,c23,1111,1111,1110,-0.016114654019474983,-4.141114711761475,4.125000057742,0.9840240542077325,1,0
102,8,c32,1101,1101,1111,-0.005802936386317015,-6.766955852508545,6.761152916122228,0.9987062897214605,1,0
103,1,s20,1001,0011,0011,-2.000364303588867,-1.9715840816497803,-0.028780221939086914,0.1353271985390138,0,0
103,2,t123,1001,1001,1100,-0.5391903519630432,-2.8624887466430664,2.323298394680023,0.5866262619545916,1,0
103,3,t230,1001,1001,0001,-0.08321801573038101,-2.594581365585327,2.511363349854946,0.9202099841699712,1,0
103,4,t210,1001,1001,0001,-0.025478694587945938,-3.7768025398254395,3.7513238452374935,0.9748536607797509,1,0
103,5,t230,1001,1001,0001,-0.06271575391292572,-2.813528299331665,2.7508125454187393,0.9392368164932628,1,0
103,6,s31,1100,1100,1101,-0.10286707431077957,-2.3528668880462646,2.249999813735485,0.9022791992106748,1,0
103,7,t023,1100,1100,1110,-0.013264551758766174,-5.022661209106445,5.009396657347679,0.9868760459530543,1,0
103,8,c21,1100,1100,1000,-0.01699942536652088,-4.147622108459473,4.130622683092952,0.9832917406090416,1,0
104,1,c10,1011,1011,0011,-0.7012813091278076,-1.4364707469940186,0.7351894378662109,0.49622912582127116,1,0
104,2,t201,1111,1111,0011,-0.05290496349334717,-4.497231960296631,4.444326996803284,0.9484917843475322,1,0
104,3,x3,1110,1110,0000,-0.000456392765045166,-9.631372451782227,9.630916059017181,0.9995535115139388,1,0
104,4,s12,1110,1110,1100,-0.10540257394313812,-2.855776309967041,2.750373736023903,0.8999635223400461,1,0
104,5,c03,1111,1111,0111,-0.0011676985304802656,-7.745790004730225,7.744622306199744,0.998862887522549,1,0
104,6,s12,1111,1111,1011,-0.0061775632202625275,-5.1309356689453125,5.12475810572505,0.9938416083856331,1,0
104,7,x3,1110,1110,0110,-0.0013569813454523683,-7.5004377365112305,7.499080755165778,0.998667113271854,1,0
104,8,s32,1101,1101,1110,-0.0045139542780816555,-6.057556629180908,6.0530426749028265,0.9954988814325094,1,0
105,1,s01,0000,0000,0100,-1.036163091659546,-2.313662528991699,1.2774994373321533,0.35567272701379454,1,0
105,2,t123,0000,0000,0001,-0.012172674760222435,-6.012172698974609,6.000000024214387,0.9880283111516118,1,0
105,3,c31,0000,0000,1000,-0.002026584930717945,-7.473325729370117,7.471299144439399,0.9979861431941649,1,0
105,4,t123,0000,0000,0001,-5.435892671812326e-05,-10.625053405761719,10.624999046835,0.9999458592029368,1,0
105,5,c03,0000,0000,1000,-8.45165632199496e-05,-10.254376411437988,10.254291894874768,0.999915419229624,1,0
105,6,t013,0000,0000,1000,-0.00018821534467861056,-8.71737289428711,8.71718467894243,0.9998118911151581,1,0
105,7,t301,0000,0000,1000,-3.5881461371900514e-05,-10.502708435058594,10.502672553597222,0.99996548240739,1,0
105,8,s12,0000,0000,0100,-0.00021157576702535152,-8.500246047973633,8.500034472206607,0.9997885497387922,1,0
106,1,c01,0000,0000,0001,-0.27672505378723145,-3.2767250537872314,3.0,0.7588391671978945,1,0
106,2,s13,0000,0000,0101,-0.0713685154914856,-3.124494791030884,3.053126275539398,0.9311270300626198,1,0
106,3,x1,0100,0100,0000,-0.007877150550484657,-4.921036243438721,4.913159092888236,0.9921562996155323,1,0
106,4,s02,0100,0100,1000,-0.0012852975632995367,-7.684075355529785,7.682790057966486,0.99871572650872,1,0
106,5,c31,0100,0100,0110,-0.00048525663441978395,-8.643609046936035,8.643123790301615,0.9995313552148218,1,0
106,6,x2,0110,0110,0000,-3.457048660493456e-05,-11.002504348754883,11.002469778268278,0.9999658147616299,1,0
106,7,c21,0010,0010,0110,-0.474405437707901,-0.9743050932884216,0.49989965558052063,0.6222632097011086,1,0
106,8,c21,0110,0110,0010,-0.08703131973743439,-3.0487003326416016,2.961669012904167,0.9166495560918551,1,0
107,1,x1,0110,0110,0010,-0.49970871210098267,-2.9754810333251953,2.4757723212242126,0.6068828753681724,1,0
107,2,t102,0110,0110,0010,-0.018012110143899918,-5.894032001495361,5.876019891351461,0.9821702441059512,1,0
107,3,s13,0011,0011,0110,-0.0024560047313570976,-6.385573387145996,6.383117382414639,0.9975496632437539,1,0
107,4,s32,0011,0001,0001,-0.9024903178215027,-0.5235382318496704,-0.3789520859718323,0.40556159285570315,0,0
107,5,s21,0101,0101,0011,-0.009395547211170197,-5.134258270263672,5.124862723052502,0.9906676756571408,1,0
107,6,c30,1101,1101,1100,-0.013054989278316498,-4.888054847717285,4.874999858438969,0.9875828662133209,1,0
107,7,t123,1101,1101,1111,-0.008981814607977867,-5.436136245727539,5.427154431119561,0.9910939207188304,1,0
107,8,c30,0101,0101,1101,-0.04516264796257019,-3.1694045066833496,3.1242418587207794,0.956426548995704,1,0
108,1,x1,1101,1101,1011,-0.3073950409889221,-3.6138596534729004,3.3064646124839783,0.7358454357866748,1,0
108,2,c13,1100,1100,1101,-0.7051376104354858,-0.7051376104354858,0.0,0.49405395684102066,0,1
108,3,t132,1100,1100,1101,-0.006239943206310272,-5.631239414215088,5.624999471008778,0.9938160696553897,1,0
108,4,s13,1001,1001,0101,-0.004885438363999128,-5.966783046722412,5.961897608358413,0.9951314239726939,1,0
108,5,x3,1000,1000,1001,-0.008058229461312294,-5.133058547973633,5.1250003185123205,0.9919829192116594,1,0
108,6,x1,1100,1100,1101,-0.00099183339625597,-7.5009918212890625,7.4999999878928065,0.9990091250723743,1,0
108,7,x3,1101,1101,1100,-0.0014256827998906374,-7.876425743103027,7.875000060303137,0.9985830374922738,1,0
108,8,c30,0101,0101,1101,-0.0447339303791523,-3.1716511249542236,3.1269171945750713,0.9563394992396047,1,0
109,1,c21,0000,0000,0100,-0.33737075328826904,-2.0306053161621094,1.6932345628738403,0.7144581521915891,1,0
109,2,x0,1000,1000,0000,-0.25200504064559937,-2.4740071296691895,2.22200208902359,0.7777964548596595,1,0
109,3,x3,1001,1001,1000,-0.0006634138408116996,-7.7506632804870605,7.749999866646249,0.9993375446496754,1,0
109,4,c20,1001,1001,0001,-0.10848209261894226,-2.379678249359131,2.2711961567401886,0.8979063649629796,1,0
109,5,t210,1001,1001,0001,-0.012136239558458328,-4.528099536895752,4.515963297337294,0.9879632729796113,1,0
109,6,t210,1001,1001,0001,-0.021464841440320015,-4.045438289642334,4.023973448202014,0.9787662613551306,1,0
109,7,s01,0101,0101,1001,-0.006940484046936035,-5.516928195953369,5.509987711906433,0.9930868853467262,1,0
109,8,s32,0110,0110,0111,-0.0464174821972847,-3.171417713165283,3.1250002309679985,0.9547991381596327,1,0
110,1,s01,1111,1111,1011,-0.4404195547103882,-2.1267993450164795,1.6863797903060913,0.6438666350117331,1,0
110,2,t130,0111,0111,1111,-0.2102924883365631,-1.8681327104568481,1.657840222120285,0.8105067599396542,1,0
110,3,c30,1111,1111,0111,-0.006710872054100037,-5.630460262298584,5.623749390244484,0.9933391134369678,1,0
110,4,s13,1111,1111,1011,-0.0007182861445471644,-8.59902572631836,8.598307440173812,0.9992823128990123,1,0
110,5,c32,1101,1101,1111,-0.0008643402252346277,-7.663894176483154,7.66302983625792,0.9991393304425638,1,0
110,6,c30,0101,0101,1101,-0.04536915943026543,-3.168303966522217,3.1229348070919514,0.9556875367895659,1,0
110,7,x2,0111,0111,0110,-6.794815271859989e-05,-11.312567710876465,11.312499762723746,0.9999348961076474,1,0
110,8,t120,1111,1111,0111,-0.00433754688128829,-5.504388332366943,5.500050785485655,0.9956754202661003,1,0
111,1,s32,0000,0000,0010,-0.8799958229064941,-1.4676523208618164,0.5876564979553223,0.4153495462159378,1,0
111,2,s23,0000,0000,0010,-0.1075449138879776,-3.158437728881836,3.0508928149938583,0.8980952250507342,1,0
111,3,s20,0000,0000,1000,-0.04340151324868202,-3.549729108810425,3.506327595561743,0.9575346235874547,1,0
111,4,c02,0000,0000,0001,-0.0015975662972778082,-7.626597881317139,7.625000315019861,0.9984232258997515,1,0
111,5,s12,0000,0000,0100,-0.003658776869997382,-5.754621982574463,5.7509632057044655,0.9963489337473003,1,0
111,6,s23,0000,0000,0010,-0.0051509845070540905,-5.380481719970703,5.375330735463649,0.9948661927027782,1,0
111,7,t132,0000,0000,1000,-0.00011396002082619816,-10.641022682189941,10.640908722169115,0.9998899371214889,1,0
111,8,s13,0000,0000,0100,-0.4288574159145355,-1.1427298784255981,0.7138724625110626,0.6512606897392691,1,0
112,1,s31,1000,1000,1101,-0.5127872824668884,-2.116152763366699,1.6033654808998108,0.5992125867751854,1,0
112,2,c30,1000,1000,0000,-0.06902962923049927,-4.2558369636535645,4.186807334423065,0.9339779135058719,1,0
112,3,x3,1001,1001,1000,-0.00011324556544423103,-10.875112533569336,10.874999288003892,0.999888797856898,1,0
112,4,s10,0101,0101,1001,-0.14204275608062744,-2.4094161987304688,2.2673734426498413,0.8675880209231481,1,0
112,5,t201,0101,0101,0100,-0.00178388855420053,-6.876783847808838,6.874999959254637,0.9982288023674369,1,0
112,6,t210,0101,0101,1101,-0.20166224241256714,-1.7021348476409912,1.500472605228424,0.8173819369031563,1,0
112,7,t130,1101,0101,0101,-1.5048270225524902,-0.2521358132362366,-1.2526912093162537,0.2220717586923922,0,0
112,8,t231,1101,1101,1001,-0.01866696961224079,-4.3152384757995605,4.29657150618732,0.9817518312596133,1,0
113,1,c30,0011,1011,1011,-1.1657873392105103,-0.8986219167709351,-0.2671654224395752,0.31194629900227633,0,0
113,2,t210,0011,0011,1011,-0.44342654943466187,-1.3527469635009766,0.9093204140663147,0.641904764356961,1,0
113,3,s21,0101,0101,1101,-0.01255721878260374,-5.696650505065918,5.684093286283314,0.9876730469969,1,0
113,4,s21,0011,0011,0101,-0.10419163852930069,-2.4513978958129883,2.3472062572836876,0.9010533538527058,1,0
113,5,s02,1001,1001,1011,-0.04776771366596222,-3.6934125423431396,3.6456448286771774,0.9533826720120905,1,0
113,6,c20,1001,1001,0001,-0.40598851442337036,-2.078632116317749,1.6726436018943787,0.6696984850517023,1,0
113,7,s30,1001,1001,1010,-0.0010743874590843916,-7.252220630645752,7.251146243186668,0.9989261455515407,1,0
113,8,s30,1001,1001,0001,-0.2016647309064865,-1.725534200668335,1.5238694697618484,0.8173701579255725,1,0
114,1,t203,0000,0000,0001,-0.30734819173812866,-2.8073482513427734,2.5000000596046448,0.7392309790828641,1,0
114,2,s20,0000,0000,1000,-0.08233685046434402,-2.9302895069122314,2.8479526564478874,0.9212334780874456,1,0
114,3,s01,0000,0000,1000,-0.01437345054000616,-5.037509918212891,5.0231364676728845,0.9857389338039547,1,0
114,4,t312,0000,0000,0010,-0.0003756014921236783,-8.781510353088379,8.781134751596255,0.9996249118993342,1,0
114,5,c21,0000,0000,0100,-0.0012309988960623741,-6.876785755157471,6.875554756261408,0.9987840866807112,1,0
114,6,s12,0000,0000,0100,-0.0005507463938556612,-7.62559175491333,7.625041008519474,0.9994497341770534,1,0
114,7,t301,0000,0000,1000,-5.6027482060017064e-05,-11.401163101196289,11.401107073714229,0.9999448432651903,1,0
114,8,s12,0000,0000,0100,-0.0002705709484871477,-8.250332832336426,8.250062261387939,0.9997295407714277,1,0
115,1,x2,0001,0001,0111,-0.2637363076210022,-3.2506093978881836,2.9868730902671814,0.7684689389760191,1,0
115,2,t123,0001,0001,0100,-0.02461729571223259,-5.531619548797607,5.507002253085375,0.9757464688249732,1,0
115,3,x2,0011,0011,1000,-8.523181895725429e-05,-11.039000511169434,11.038915279350476,0.9999165995060341,1,0
115,4,s02,1001,1001,1000,-0.0010990808950737119,-7.626099109649658,7.6250000287545845,0.9990017000897834,1,0
115,5,s03,1001,1001,0001,-0.006215392611920834,-5.368131160736084,5.361915768124163,0.9938041977997094,1,0
115,6,c02,1011,1011,0001,-0.00031099727493710816,-8.656765937805176,8.656454940530239,0.9996901563231979,1,0
115,7,x2,1001,1001,1111,-0.0003944109193980694,-9.683570861816406,9.683176450897008,0.9999140613710521,1,0
115,8,x3,1000,1000,1001,-0.0001969234726857394,-9.00019645690918,8.999999533436494,0.9998161437576084,1,0
116,1,x0,0100,0100,1100,-0.3564736247062683,-2.5271921157836914,2.170718491077423,0.7006366322521397,1,0
116,2,c20,0100,0100,1100,-0.10811186581850052,-2.4370925426483154,2.328980676829815,0.8977586454335668,1,0
116,3,x0,1100,1100,1101,-0.00286353612318635,-6.50286340713501,6.499999871011823,0.9972271691623843,1,0
116,4,c32,1100,1100,1110,-0.0005352491280063987,-7.627685070037842,7.627149820909835,0.9994667495660556,1,0
116,5,x0,0100,0100,1100,-0.00452935928478837,-5.504403114318848,5.499873755034059,0.9954994662846872,1,0
116,6,c01,0100,0100,0000,-4.19612078985665e-05,-10.52950668334961,10.52946472214171,0.9999582454993312,1,0
116,7,s21,0010,0010,0100,-0.002127500483766198,-6.50155782699585,6.499430326512083,0.9978844054243612,1,0
116,8,t302,0010,0010,0000,-9.071662498172373e-05,-10.303877830505371,10.30378711388039,0.9999103760848118,1,0
117,1,s20,0111,1101,1101,-1.7617685794830322,-1.24574613571167,-0.5160224437713623,0.17176819324240006,0,0
117,2,t032,0111,0111,1000,-0.2960548400878906,-3.407275676727295,3.1112208366394043,0.7442407632267268,1,0
117,3,x3,0110,0110,0000,-0.006492540705949068,-6.178380966186523,6.171888425480574,0.9935437826964288,1,0
117,4,s32,0101,0101,0110,-0.007353720720857382,-5.208338737487793,5.200985016766936,0.992676057233468,1,0
117,5,t201,0101,0101,0100,-0.002221288625150919,-6.50222110748291,6.499999818857759,0.9977941725676739,1,0
117,6,s23,0110,0110,0101,-0.01915491558611393,-4.266396999359131,4.247242083773017,0.9810385117926561,1,0
117,7,t231,0110,0110,0011,-0.00235949968919158,-7.301402568817139,7.299043069127947,0.9976535539620044,1,0
117,8,s32,0101,0101,0110,-0.027438867837190628,-3.7070913314819336,3.679652463644743,0.9729416422362878,1,0
118,1,x2,1110,1110,1101,-0.5041685700416565,-2.5043749809265137,2.000206410884857,0.6045952289919624,1,0
118,2,c23,1111,1111,1110,-0.24482136964797974,-2.119821310043335,1.8749999403953552,0.7847009793598902,1,0
118,3,s12,1111,1111,1101,-0.03040674701333046,-4.27398681640625,4.2435800693929195,0.9700528832912865,1,0
118,4,s01,1111,1111,0111,-0.005989399738609791,-5.381263732910156,5.3752743331715465,0.9940356802275663,1,0
118,5,c03,1110,1110,1111,-0.0002583175664767623,-9.875258445739746,9.87500012817327,0.9997771552989345,1,0
118,6,t021,1010,1010,1110,-0.4778621792793274,-0.9752263426780701,0.4973641633987427,0.6202204393412833,1,0
118,7,t032,1010,1010,1011,-0.0003546211519278586,-8.625354766845703,8.625000145693775,0.9996462137905509,1,0
118,8,x2,1000,1000,1010,-3.8623573345830664e-05,-11.382638931274414,11.382600307701068,0.9999616274600562,1,0
119,1,c12,1101,1101,1111,-0.3396449387073517,-3.137437582015991,2.7977926433086395,0.7121978158389755,1,0
119,2,x2,1111,1111,0000,-0.03514871001243591,-5.32084846496582,5.285699754953384,0.9655730662440993,1,0
119,3,x0,0111,0111,0110,-0.004413645248860121,-6.004413604736328,5.999999959487468,0.9956696305822732,1,0
119,4,c21,0011,0011,0111,-0.007896969094872475,-4.983389854431152,4.97549288533628,0.9921376866221249,1,0
119,5,c02,0011,0011,0010,-0.0001547272113384679,-9.125154495239258,9.12499976802792,0.9998468755007626,1,0
119,6,x1,0111,0111,0011,-0.0025308437179774046,-6.008117198944092,6.005586355226114,0.997490804209315,1,0
119,7,t032,0111,0111,0110,-9.023906022775918e-05,-9.625089645385742,9.624999406325514,0.9999126635270983,1,0
119,8,x1,0011,0011,0101,-4.088844798388891e-05,-10.883678436279297,10.883637547831313,0.9999641592108508,1,0
120,1,x0,0001,0001,0011,-0.5682458281517029,-2.3437445163726807,1.7754986882209778,0.566988881630031,1,0
120,2,c30,1001,0001,0001,-0.8458478450775146,-0.5820667147636414,-0.2637811303138733,0.4292111377382879,0,0
120,3,t321,1001,1001,1101,-0.10220904648303986,-2.5910604000091553,2.4888513535261154,0.9028576359960326,1,0
120,4,s32,1010,1010,1011,-0.0006111005786806345,-7.875611305236816,7.875000204658136,0.9993952476519856,1,0
120,5,s03,0011,0011,1010,-0.16980674862861633,-1.9142532348632812,1.744446486234665,0.8438472463626027,1,0
120,6,c30,1011,1011,1010,-0.008108939975500107,-5.133108615875244,5.124999675899744,0.9919800837420463,1,0
120,7,t102,1011,1011,1111,-0.006247603800147772,-5.437182426452637,5.430934822652489,0.9937774991609889,1,0
120,8,c21,1111,1111,1011,-0.00786812137812376,-4.882737636566162,4.874869515188038,0.9921654176993054,1,0
121,1,c31,0110,0110,0100,-0.6700384616851807,-2.259953737258911,1.5899152755737305,0.5121899898445936,1,0
121,2,x0,1110,1110,0110,-0.09160979092121124,-3.71954083442688,3.6279310435056686,0.9129780735313581,1,0
121,3,s01,1110,1110,0110,-0.12920783460140228,-2.1403918266296387,2.0111839920282364,0.8787915152885515,1,0
121,4,c21,1010,1110,1110,-0.7578169703483582,-0.6327471137046814,-0.12506985664367676,0.4686982640048682,0,0
121,5,x1,1110,1110,1010,-0.001431178068742156,-6.640618801116943,6.639187623048201,0.9985701480811524,1,0
121,6,c32,1110,1110,1100,-0.0004618730745278299,-8.000648498535156,8.000186625460628,0.9995425496877485,1,0
121,7,s30,0111,0111,1110,-0.15087026357650757,-2.019239902496338,1.8683696389198303,0.8600062146931594,1,0
121,8,t120,1111,1111,1110,-0.013701268471777439,-4.513701438903809,4.500000170432031,0.9864029259478548,1,0
122,1,t120,1011,1011,0011,-0.7690901160240173,-1.891641616821289,1.1225515007972717,0.46409784330479104,1,0
122,2,c21,1111,1111,1011,-0.06373193860054016,-3.2974677085876465,3.2337357699871063,0.9383699138765106,1,0
122,3,c23,1110,1110,1111,-0.0027460805140435696,-6.377746105194092,6.375000024680048,0.9975669018009506,1,0
122,4,t210,0110,1110,1110,-1.325976014137268,-0.31547385454177856,-1.0105021595954895,0.2655780645500791,0,0
122,5,x1,0010,0010,0100,-0.0005330074345692992,-8.099194526672363,8.098661519237794,0.9994712600466277,1,0
122,6,c02,0010,0010,0000,-4.8994454118655995e-05,-10.538093566894531,10.538044572440413,0.9999518687392407,1,0
122,7,s31,0010,0010,0011,-0.002218307228758931,-7.002218246459961,6.999999939231202,0.9983092911238914,1,0
122,8,t312,0010,0010,0011,-1.621241790417116e-05,-12.250016212463379,12.250000000045475,0.9999837816858195,1,0
123,1,s32,0000,0000,0010,-0.5338958501815796,-1.6563184261322021,1.1224225759506226,0.5868880819481237,1,0
123,2,x1,0100,0100,0010,-0.0922732725739479,-3.7494664192199707,3.657193146646023,0.9118937666684166,1,0
123,3,t103,0100,0100,0101,-0.012625751085579395,-5.5126261711120605,5.500000420026481,0.9874730545213442,1,0
123,4,s02,0100,0100,0010,-0.009107963182032108,-5.532998085021973,5.5238901218399405,0.9909336512511397,1,0
123,5,s21,0010,0010,0100,-0.0065956576727330685,-5.131129264831543,5.12453360715881,0.9934265008463771,1,0
123,6,x2,0000,0000,0110,-0.0003228007408324629,-8.793243408203125,8.792920607462293,0.9996858154944945,1,0
123,7,t012,0000,0000,0001,-9.858400881057605e-05,-9.75009822845459,9.74999964444578,0.9999015718307596,1,0
123,8,x0,1000,1000,0000,-0.0017128444742411375,-6.645783424377441,6.6440705799032,0.9982931803800029,1,0
124,1,x2,1000,1000,1001,-0.30710792541503906,-3.182107925415039,2.875,0.7358881259057735,1,0
124,2,x1,1100,1100,1010,-0.03921326622366905,-4.333528995513916,4.294315729290247,0.961564228727028,1,0
124,3,s32,1100,1100,1101,-0.021551072597503662,-4.271551132202148,4.250000059604645,0.9788590544333122,1,0
124,4,x2,1110,1110,1100,-0.0009456631378270686,-8.399033546447754,8.398087883309927,0.9990632975663505,1,0
124,5,t213,1111,1111,1110,-0.4313036799430847,-1.0563037395477295,0.6250000596046448,0.649754691101209,1,0
124,6,c23,1110,1110,1111,-0.008902437053620815,-5.008902549743652,5.0000001126900315,0.9915981215615159,1,0
124,7,x0,0110,0110,0111,-0.014377763494849205,-4.514377593994141,4.499999830499291,0.9857371618718792,1,0
124,8,c13,0111,0111,0110,-0.0010982403764501214,-7.501098155975342,7.499999915598892,0.9989042952413367,1,0
125,1,t032,1001,1001,1011,-0.9056841135025024,-1.1553207635879517,0.24963665008544922,0.4045929002358085,1,0
125,2,x2,1011,1011,0011,-0.19896361231803894,-3.8138983249664307,3.6149347126483917,0.8198782015131836,1,0
125,3,t103,1011,1011,1010,-0.005939994938671589,-6.755939960479736,6.749999965541065,0.9940877909991169,1,0
125,4,c03,1010,1010,1100,-0.0003919235314242542,-9.564188003540039,9.563796080008615,0.9996148345465717,1,0
125,5,x1,1110,1110,1111,-0.00016223904094658792,-9.500161170959473,9.499998931918526,0.999838567877748,1,0
125,6,t301,1110,1110,1010,-0.0056572225876152515,-5.371708869934082,5.366051647346467,0.994365925028752,1,0
125,7,x2,1100,1100,1110,-5.328547194949351e-05,-10.00010871887207,10.00005543340012,0.99994790950375,1,0
125,8,c31,1100,1100,1000,-0.0003971658297814429,-8.754133224487305,8.753736058657523,0.9996082957976896,1,0
126,1,s20,0011,1001,1001,-1.5890202522277832,-1.2932922840118408,-0.2957279682159424,0.20420321728793128,0,0
126,2,t302,0011,0011,0010,-0.2216082513332367,-3.3466084003448486,3.125000149011612,0.8014288015056252,1,0
126,3,c02,0011,0011,1001,-0.004492018837481737,-6.487387657165527,6.482895638328046,0.9955227402064699,1,0
126,4,t302,0011,0011,1011,-0.00020145068992860615,-9.879230499267578,9.87902904857765,0.9997991788689814,1,0
126,5,t031,0011,0011,0111,-0.0024574692361056805,-6.797704219818115,6.7952467505820096,0.9975494792035754,1,0
126,6,c32,0001,0001,0011,-0.012542951852083206,-4.387716293334961,4.375173341482878,0.9875459146747575,1,0
126,7,x1,0101,0101,0001,-0.00048036235966719687,-8.150289535522461,8.149809173162794,0.9995289515496086,1,0
126,8,x0,1101,1101,0101,-0.0005742615321651101,-7.876570224761963,7.875995963229798,0.9994357696005103,1,0
127,1,s31,1111,1111,1011,-0.4914025068283081,-2.1724932193756104,1.6810907125473022,0.611816798280603,1,0
127,2,c30,0111,0111,1111,-0.08213052153587341,-3.0387349128723145,2.956604391336441,0.9218600672854915,1,0
127,3,t231,0011,0011,0111,-0.011248711496591568,-4.532785415649414,4.5215367041528225,0.9888206160398562,1,0
127,4,s32,0011,0011,0001,-0.023819316178560257,-3.773742914199829,3.749923598021269,0.9764642184113288,1,0
127,5,c13,0011,0011,0010,-0.0008590117213316262,-8.000858306884766,7.999999295163434,0.999144961324369,1,0
127,6,c10,0011,0011,1011,-0.007481541018933058,-5.007120609283447,4.999639068264514,0.992578176876061,1,0
127,7,c32,0001,0001,0011,-0.004221799783408642,-5.507734298706055,5.503512498922646,0.9957936684893824,1,0
127,8,s20,0001,0001,1001,-0.0057488176971673965,-6.069221019744873,6.063472202047706,0.9942702806885022,1,0
128,1,c03,1111,1111,0111,-0.45474642515182495,-2.886636257171631,2.431889832019806,0.63504502656187,1,0
128,2,x3,1110,1110,0110,-0.021633345633745193,-5.701455116271973,5.6798217706382275,0.9788552677198997,1,0
128,3,c23,1111,1111,1110,-0.03538327291607857,-3.4103832244873047,3.374999951571226,0.9653153650771359,1,0
128,4,x0,0111,0111,1111,-0.007730403915047646,-5.601716995239258,5.59398659132421,0.9925103722040396,1,0
128,5,s03,1110,1110,0111,-0.0018657153705134988,-6.377397537231445,6.375531821860932,0.9981418029728727,1,0
128,6,x1,1010,1010,1011,-0.0009191552526317537,-7.750918865203857,7.749999709951226,0.9993788572551329,1,0
128,7,c10,1010,1010,0010,-0.030971676111221313,-3.5319716930389404,3.501000016927719,0.9695047312460211,1,0
128,8,s13,1010,1010,1110,-0.1278921663761139,-2.4853365421295166,2.3574443757534027,0.8799520991796328,1,0
129,1,t123,0000,0000,0001,-0.24253621697425842,-2.7425360679626465,2.499999850988388,0.7871603012796329,1,0
129,2,t013,0000,0000,0001,-0.008796622045338154,-6.133796691894531,6.125000069849193,0.9912542548276271,1,0
129,3,c30,0000,0000,1000,-0.006806991528719664,-5.007478713989258,5.000671722460538,0.9932204130279951,1,0
129,4,x1,0100,0100,0000,-0.0012228779960423708,-7.138367652893066,7.137144774897024,0.9987793358522784,1,0
129,5,c10,1100,1100,1000,-0.003091279184445739,-6.378427505493164,6.375336226308718,0.997061123280019,1,0
129,6,s10,1100,1100,0100,-0.007947389967739582,-5.421420097351074,5.413472707383335,0.9920841397599194,1,0
129,7,t320,1100,1100,0100,-0.005514907650649548,-5.427519798278809,5.422004890628159,0.9946489007064915,1,0
129,8,s30,0101,0101,0100,-0.02323264069855213,-4.148232460021973,4.1249998193234205,0.9771075294510657,1,0
130,1,t103,1000,1000,1001,-0.23638492822647095,-2.986384868621826,2.7499999403953552,0.7950010696536998,1,0
130,2,t120,1000,1000,1100,-0.006373025476932526,-5.747981548309326,5.741608522832394,0.9936771816711616,1,0
130,3,s30,0001,0001,1000,-0.00795495044440031,-5.00685977935791,4.99890482891351,0.9920954829545306,1,0
130,4,c12,0001,0001,0000,-0.0009604442748241127,-7.250960350036621,7.249999905761797,0.9990469435210766,1,0
130,5,t021,0001,0001,1001,-0.0010368130169808865,-7.418651103973389,7.417614290956408,0.9989936597036302,1,0
130,6,s32,0010,0010,0011,-0.0017236879793927073,-6.626723766326904,6.625000078347512,0.998284947746856,1,0
130,7,x1,0110,0110,0010,-0.0006385229644365609,-8.126555442810059,8.125916919845622,0.9993633532849157,1,0
130,8,c13,0111,0111,0110,-0.0030233210418373346,-6.003023147583008,5.9999998265411705,0.9969848512645947,1,0
131,1,c12,0010,0010,0000,-0.6803761124610901,-1.9965078830718994,1.3161317706108093,0.5066911235281303,1,0
131,2,c20,1010,0010,0010,-0.9017838835716248,-0.7563107013702393,-0.1454731822013855,0.4061140869119437,0,0
131,3,x0,0010,0010,1010,-0.020102286711335182,-4.1572771072387695,4.137174820527434,0.9801012303642552,1,0
131,4,x1,0110,0110,0010,-0.0009903317550197244,-7.007195949554443,7.006205617799424,0.9990107795436124,1,0
131,5,t031,0110,0110,1000,-0.0007578517543151975,-9.176727294921875,9.17596944316756,0.999244143183677,1,0
131,6,c30,0110,0110,1110,-0.0032026292756199837,-5.973917007446289,5.970714378170669,0.9968160006749432,1,0
131,7,c21,0010,0010,0110,-0.2816230058670044,-1.4066658020019531,1.1250427961349487,0.7545663793675823,1,0
131,8,s30,0010,0010,1010,-0.001222885213792324,-7.050319194793701,7.049096309579909,0.998780874310059,1,0
132,1,c01,1001,1001,0101,-0.337106317281723,-2.932070255279541,2.594963937997818,0.7140199119204516,1,0
132,2,x1,1101,1101,0000,-0.006635086610913277,-6.987089157104492,6.980454070493579,0.9933881797716161,1,0
132,3,c23,1101,1101,1111,-0.00610718596726656,-6.067294597625732,6.061187411658466,0.9942341965339702,1,0
132,4,x2,1111,1111,1110,-0.00017082257545553148,-9.87516975402832,9.874998931452865,0.9998755191477472,1,0
132,5,x0,0111,0111,0110,-0.0007277679978869855,-7.875727653503418,7.874999885505531,0.999297456100323,1,0
132,6,s23,0111,0111,1101,-0.003133558901026845,-6.448636054992676,6.445502496091649,0.9968747656032348,1,0
132,7,x0,1111,1111,0111,-0.0006721884128637612,-7.625843524932861,7.625171336519998,0.9993777811618751,1,0
132,8,t120,0111,0111,1111,-0.1428821086883545,-2.0183184146881104,1.8754363059997559,0.866885322755676,1,0
133,1,s20,0101,0101,1001,-1.3599648475646973,-2.5086889266967773,1.14872407913208,0.25671167316161675,1,0
133,2,s21,0011,0011,0101,-0.3616403341293335,-1.4988884925842285,1.137248158454895,0.6965662818394349,1,0
133,3,s31,0110,0110,0101,-0.05021410435438156,-3.6037206649780273,3.553506560623646,0.95103036994968,1,0
133,4,x1,0010,0010,0110,-0.16480331122875214,-2.7213780879974365,2.5565747767686844,0.8481053799125017,1,0
133,5,t213,0010,0010,0011,-0.0005667796358466148,-8.750566482543945,8.749999702908099,0.9994370964843354,1,0
133,6,t203,0010,0010,0000,-1.2159322068328038e-05,-12.47440242767334,12.474390268351272,0.9999878563812427,1,0
133,7,t321,0010,0010,0110,-3.0755807529203594e-05,-11.251063346862793,11.251032591055264,0.9999704506079563,1,0
133,8,s30,0010,0010,1010,-0.0053887078538537025,-5.333296775817871,5.327908067964017,0.9946313826544286,1,0
134,1,t012,0001,0001,0011,-0.43089917302131653,-2.6612868309020996,2.230387657880783,0.6503915621806554,1,0
134,2,s02,0001,0001,1010,-0.058919601142406464,-3.3962063789367676,3.337286777794361,0.9427861937483238,1,0
134,3,x3,0000,0000,0001,-0.002189622726291418,-6.877189636230469,6.875000013504177,0.9978160259537415,1,0
134,4,t012,0000,0000,0001,-0.0005290878470987082,-7.8755292892456055,7.875000201398507,0.9994723018449296,1,0
134,5,s10,0000,0000,0001,-0.003588388441130519,-6.003588676452637,6.000000288011506,0.9964295976343146,1,0
134,6,t213,0000,0000,0001,-0.00011217298015253618,-10.250112533569336,10.250000360589183,0.9998899878511915,1,0
134,7,t201,0000,0000,0001,-6.163026409922168e-05,-10.125061988830566,10.125000358566467,0.9999396797563243,1,0
134,8,t310,0000,0000,1000,-7.474243466276675e-05,-9.750165939331055,9.750091196896392,0.9999251527856101,1,0
135,1,t012,0001,0001,0011,-0.26687881350517273,-3.2114105224609375,2.9445317089557648,0.766188844127755,1,0
135,2,x0,1001,1001,0001,-0.0393565334379673,-3.581707715988159,3.542351182550192,0.9614891065588661,1,0
135,3,x1,1101,1101,1100,-0.0022848777007311583,-6.127284526824951,6.12499964912422,0.9977178305168546,1,0
135,4,c31,1001,1001,1101,-0.008447962813079357,-4.88759708404541,4.879149121232331,0.9915883963552775,1,0
135,5,s03,1001,1001,0001,-0.02407165803015232,-3.8037314414978027,3.7796597834676504,0.9762157809796611,1,0
135,6,t320,1001,1001,0001,-0.09204422682523727,-2.8851189613342285,2.7930747345089912,0.912162095726177,1,0
135,7,s32,1010,1010,1011,-0.00181076570879668,-6.6268110275268555,6.625000261818059,0.9981979443484347,1,0
135,8,s21,1100,1100,1010,-0.02355310320854187,-3.8962948322296143,3.8727417290210724,0.9767221031921731,1,0
136,1,t210,1100,1100,0100,-0.6021961569786072,-1.9746125936508179,1.3724164366722107,0.5489693242418798,1,0
136,2,x0,0100,0100,1100,-0.042922019958496094,-3.6803457736968994,3.6374237537384033,0.9582954239329445,1,0
136,3,t301,0100,0100,0101,-0.0004150509194005281,-9.000414848327637,8.999999797408236,0.9995915539250937,1,0
136,4,s01,1000,1000,0100,-0.016219524666666985,-4.141772270202637,4.12555274553597,0.9840244538660864,1,0
136,5,t320,1000,1000,0000,-0.0006744851125404239,-7.7938151359558105,7.79314065084327,0.9993415631829565,1,0
136,6,s23,1000,1000,0101,-0.008498331531882286,-6.538852214813232,6.53035388328135,0.9915607807936826,1,0
136,7,c20,1000,1000,0000,-0.030818449333310127,-3.5311472415924072,3.500328792259097,0.9697879937081085,1,0
136,8,s30,0001,0001,1000,-0.010735503397881985,-5.379645824432373,5.368910321034491,0.9906699624923616,1,0
137,1,t032,1010,1010,1000,-0.6645610332489014,-1.6491975784301758,0.9846365451812744,0.5149009921818696,1,0
137,2,x3,1011,1011,1100,-0.07652024924755096,-4.484050750732422,4.407530501484871,0.9265469890318591,1,0
137,3,x3,1010,1010,1011,-0.0011897427029907703,-7.251189231872559,7.249999489169568,0.9990188675269529,1,0
137,4,c23,1011,1011,1010,-0.023463193327188492,-3.773463010787964,3.7499998174607754,0.9768174817406524,1,0
137,5,x2,1001,1001,1010,-0.009182174690067768,-8.159050941467285,8.149868766777217,0.9994750845611858,1,0
137,6,c23,1001,1001,1011,-0.0010572039755061269,-7.01915168762207,7.018094483646564,0.9989445265344633,1,0
137,7,t210,1001,1001,0001,-0.003535822033882141,-6.2654032707214355,6.261867448687553,0.9964878120188819,1,0
137,8,t210,1001,1001,1101,-0.0034783969167619944,-6.267773151397705,6.264294754480943,0.996528158548146,1,0
138,1,c21,1011,1011,1111,-0.3734719157218933,-2.9453396797180176,2.5718677639961243,0.6884839670220991,1,0
138,2,x3,1010,1010,1110,-0.026750605553388596,-5.448370456695557,5.421619851142168,0.9736355727105932,1,0
138,3,t321,1010,1010,1110,-0.01558555569499731,-4.8646392822265625,4.849053726531565,0.9845389137641699,1,0
138,4,t201,1110,1010,1010,-1.3546326160430908,-0.3138699531555176,-1.0407626628875732,0.2580439101436708,0,0
138,5,x2,1100,1100,1110,-0.00010895347804762423,-9.377584457397461,9.377475503919413,0.9998929443271782,1,0
138,6,t023,1100,1100,1110,-0.004807466175407171,-6.015647888183594,6.010840422008187,0.9952234865132435,1,0
138,7,c32,1100,1100,1110,-0.001972632482647896,-6.377467155456543,6.375494522973895,0.9980334223950236,1,0
138,8,x3,1101,1101,0101,-0.0032463036477565765,-6.483875274658203,6.4806289710104465,0.9967665874680894,1,0
139,1,s13,1001,1100,1100,-1.1935871839523315,-0.9719616174697876,-0.22162556648254395,0.3032077128669839,0,0
139,2,t312,1001,1001,1011,-0.551685094833374,-2.5009965896606445,1.9493114948272705,0.5768377555270767,1,0
139,3,s21,1001,1001,1101,-0.5146324634552002,-1.2070685625076294,0.6924360990524292,0.5977428022518991,1,0
139,4,x2,1011,1011,1101,-0.00018536271818447858,-9.196840286254883,9.196654923536698,0.9998154288154444,1,0
139,5,c23,1010,1010,1011,-0.030435925349593163,-3.530435800552368,3.499999875202775,0.9701329944743692,1,0
139,6,c30,1010,1010,1011,-0.004519219510257244,-6.254518985748291,6.249999766238034,0.995503302931338,1,0
139,7,x0,0010,0010,0011,-0.0018325534183532,-6.751832485198975,6.749999931780621,0.9981752357846898,1,0
139,8,t231,0010,0010,0011,-0.00017916143406182528,-8.875179290771484,8.875000129337423,0.9998209636527866,1,0
140,1,c13,0110,0110,0111,-0.46043914556503296,-3.0854389667510986,2.6249998211860657,0.6312395578399687,1,0
140,2,x0,1110,1110,0110,-0.4551101326942444,-2.258843421936035,1.8037332892417908,0.6347154241529573,1,0
140,3,s23,1101,1101,1100,-0.016992054879665375,-4.766992092132568,4.750000037252903,0.9831559953733128,1,0
140,4,s32,1110,1110,1111,-0.08193306624889374,-2.831932783126831,2.7499997168779373,0.9213378473710514,1,0
140,5,t230,1110,1110,0110,-0.07152993977069855,-3.1445538997650146,3.073023959994316,0.9310490419683315,1,0
140,6,t231,1110,1110,1010,-0.019432777538895607,-4.834540843963623,4.815108066424727,0.9809518285607487,1,0
140,7,s03,0111,0111,1110,-0.030492335557937622,-3.6546974182128906,3.624205082654953,0.9700006313349724,1,0
140,8,x2,0101,0101,0100,-0.001981475856155157,-9.001980781555176,8.99999930569902,0.9994492146333742,1,0
141,1,x2,1000,1000,1001,-0.2978675961494446,-3.0478675365448,2.7499999403953552,0.7427062720388913,1,0
141,2,x2,1010,1010,0000,-0.1112426221370697,-4.434121131896973,4.322878509759903,0.8950918328841665,1,0
141,3,s01,0110,0110,1110,-0.8927062153816223,-1.2483971118927002,0.3556908965110779,0.4095589165935244,1,0
141,4,s02,1100,1100,0110,-0.22473517060279846,-2.3586184978485107,2.1338833272457123,0.7987447155823164,1,0
141,5,s31,1001,1001,1011,-0.18988865613937378,-2.4376049041748047,2.247716248035431,0.8270811658792654,1,0
141,6,t132,1001,1001,1011,-0.1957140862941742,-2.7247085571289062,2.528994470834732,0.8225416844624795,1,0
141,7,t201,1001,1001,1101,-0.32538890838623047,-1.3815573453903198,1.0561684370040894,0.7222713758483091,1,0
141,8,s02,0011,0011,1001,-0.10499648749828339,-2.8171803951263428,2.7121839076280594,0.9003293093747443,1,0
142,1,x1,0000,0000,0100,-0.5512682199478149,-2.4490551948547363,1.8977869749069214,0.5766092386118681,1,0
142,2,s13,0000,0000,0100,-0.013607293367385864,-4.398921012878418,4.385313719511032,0.9864858359931913,1,0
142,3,t201,0000,0000,0100,-0.0014118630206212401,-7.688448905944824,7.687037042924203,0.9986717687515039,1,0
142,4,t321,0000,0000,0100,-9.083591430680826e-05,-10.823956489562988,10.823865653648681,0.9999108768745745,1,0
142,5,s01,0000,0000,1000,-0.0009444624884054065,-7.251069068908691,7.250124606420286,0.999058324531732,1,0
142,6,t123,0000,0000,0001,-2.670274807314854e-05,-11.62502670288086,11.625000000132786,0.9999735328080264,1,0
142,7,t012,0000,0000,1000,-1.2278510439500678e-05,-11.625073432922363,11.625061154411924,0.9999881718063406,1,0
142,8,s23,0000,0000,0010,-0.008673225529491901,-4.761463165283203,4.752789939753711,0.9913719739223525,1,0
143,1,s01,0001,0001,1001,-0.7499910593032837,-2.479653835296631,1.7296627759933472,0.47266562775810633,1,0
143,2,s20,0001,0001,1010,-0.18457822501659393,-2.524462938308716,2.339884713292122,0.8314596958296316,1,0
143,3,t130,0001,0001,1001,-0.03010888397693634,-3.7389719486236572,3.708863064646721,0.9703869793637034,1,0
143,4,s10,0001,0001,1001,-0.00830416101962328,-4.884185791015625,4.875881629996002,0.9917401457379349,1,0
143,5,x1,0101,0101,0001,-0.00042731701978482306,-8.268135070800781,8.267707753780996,0.999606409210533,1,0
143,6,x2,0111,0111,1111,-0.0001301716547459364,-10.366783142089844,10.366652970435098,0.9998899698631982,1,0
143,7,t021,0111,0111,0011,-0.00040825121686793864,-9.484391212463379,9.483982961246511,0.9996260854140311,1,0
143,8,x1,0011,0011,0101,-0.00040383441955782473,-8.409530639648438,8.40912680522888,0.9996641830212714,1,0
144,1,c01,0111,0111,0100,-0.49180716276168823,-3.306885004043579,2.815077841281891,0.611926115013967,1,0
144,2,x0,1111,1111,0111,-0.044989749789237976,-3.5065393447875977,3.4615495949983597,0.9560798996280658,1,0
144,3,c23,1110,1110,1111,-0.006966515444219112,-6.131966590881348,6.1250000754371285,0.9933190326544217,1,0
144,4,t120,0110,1110,1110,-2.355508804321289,-0.10125367343425751,-2.2542551308870316,0.09484776647808373,0,0
144,5,x3,0111,0111,0000,-0.0004209884791634977,-9.107987403869629,9.107566415390465,0.9995952103689415,1,0
144,6,s12,0111,0111,0110,-0.006338330917060375,-5.131338119506836,5.124999788589776,0.9936830896193243,1,0
144,7,c21,0011,0011,0111,-0.0005281553021632135,-8.174981117248535,8.174452961946372,0.999475705565313,1,0
144,8,s03,1010,1010,0011,-0.019094891846179962,-4.0185627937316895,3.9994679018855095,0.9810874514274729,1,0
145,1,t203,0110,0110,0111,-0.5879209637641907,-1.3379210233688354,0.7500000596046448,0.5563795274976076,1,0
145,2,t102,0110,0110,1100,-0.022883420810103416,-5.546725273132324,5.523841852322221,0.9773967804757466,1,0
145,3,t301,0110,0110,0111,-0.00024722947273403406,-10.125247955322266,10.125000725849532,0.9997571709195674,1,0
145,4,s31,0011,0011,0001,-0.0007606305880472064,-7.501368522644043,7.500607892055996,0.9992467418121944,1,0
145,5,x3,0010,0010,0011,-0.00043888561776839197,-8.25043773651123,8.249998850893462,0.9995686633527836,1,0
145,6,s21,0100,0100,0010,-0.00339499837718904,-5.878627777099609,5.87523277872242,0.9966585236117067,1,0
145,7,c20,0100,0100,1100,-0.026503264904022217,-3.791097402572632,3.7645941376686096,0.973944333981294,1,0
145,8,c12,0110,0110,0100,-0.0009345086291432381,-7.12591028213501,7.1249757735058665,0.9990674640234554,1,0
146,1,x1,0111,0111,0001,-0.39909088611602783,-2.934708833694458,2.53561794757843,0.6711012526269032,1,0
146,2,t012,0111,0111,0110,-0.012856356799602509,-5.6378560066223145,5.624999649822712,0.9872376044730875,1,0
146,3,x2,0101,0101,1000,-0.0004768960061483085,-9.678218841552734,9.677741945546586,0.9995469061087394,1,0
146,4,s12,0011,0011,0101,-0.16025222837924957,-1.9104357957839966,1.750183567404747,0.851928933837215,1,0
146,5,x0,1011,1011,1010,-0.000751019804738462,-7.75075101852417,7.7499999987194315,0.9992803600849319,1,0
146,6,t123,1011,1011,1010,-0.000396578514482826,-9.000396728515625,9.000000150001142,0.9996066260164542,1,0
146,7,x0,0011,0011,1011,-0.001768208108842373,-6.414999961853027,6.413231753744185,0.9982356261268398,1,0
146,8,s02,1001,1001,0011,-0.005886266008019447,-5.255351543426514,5.249465277418494,0.9941432029189714,1,0
147,1,x2,1010,1010,1011,-0.26978278160095215,-2.894782781600952,2.625,0.7644727141880616,1,0
147,2,x3,1011,1011,0000,-0.0749891847372055,-4.575221061706543,4.5002318769693375,0.92795381480922,1,0
147,3,x0,0011,0011,1111,-0.10343435406684875,-3.3940064907073975,3.2905721366405487,0.9017959097972055,1,0
147,4,t230,1011,1011,0011,-0.05240653455257416,-3.299304723739624,3.24689818918705,0.9489698215824566,1,0
147,5,s12,1101,1101,1110,-0.008405153639614582,-5.413443088531494,5.40503793489188,0.9916398435791417,1,0
147,6,s13,1101,1101,1001,-0.03777500241994858,-3.915377378463745,3.8776023760437965,0.9629858711980916,1,0
147,7,s31,1101,1101,1001,-0.17401652038097382,-2.1546058654785156,1.9805893450975418,0.8402874956608972,1,0
147,8,s12,1011,1011,1101,-0.060837119817733765,-2.9410481452941895,2.8802110254764557,0.9409785410972299,1,0
148,1,s12,0000,0000,0110,-1.0473006963729858,-1.853494644165039,0.8061939477920532,0.3509980669163677,1,0
148,2,s01,0000,0000,1000,-0.12360074371099472,-3.203373670578003,3.079772926867008,0.8838331919329652,1,0
148,3,t031,0000,0000,1000,-0.00046780260163359344,-9.392067909240723,9.391600106639089,0.9995346322631794,1,0
148,4,s01,0000,0000,1000,-0.0007646789308637381,-7.501099109649658,7.5003344307187945,0.9992380900332026,1,0
148,5,x3,0001,0001,1000,-6.663628300884739e-05,-11.171075820922852,11.171009184639843,0.9999334866997613,1,0
148,6,s10,0001,0001,0000,-0.0016186486463993788,-6.876618385314941,6.874999736668542,0.998389042107558,1,0
148,7,t320,0001,0001,1001,-0.08055545389652252,-2.5885214805603027,2.50796602666378,0.9228516830981494,1,0
148,8,t301,0001,0001,0000,-0.00034758890978991985,-8.750347137451172,8.749999548541382,0.9996527655837771,1,0
149,1,c30,0100,0100,1100,-0.40346860885620117,-2.0290446281433105,1.6255760192871094,0.6689984728453083,1,0
149,2,x1,0000,0000,0001,-0.003590554464608431,-6.5035905838012695,6.500000029336661,0.9964251125794207,1,0
149,3,c21,0000,0000,0100,-0.0007858913741074502,-7.501006126403809,7.500220235029701,0.9992429255735036,1,0
149,4,t301,0000,0000,0001,-7.033229485386983e-05,-10.000070571899414,10.00000023960456,0.9999306074456995,1,0
149,5,x2,0010,0010,0000,-7.927136175567284e-05,-9.500154495239258,9.500075223877502,0.9999210406179299,1,0
149,6,c23,0011,0011,0010,-0.5760788917541504,-0.8260788917541504,0.25,0.5621056801598676,1,0
149,7,x2,0001,0001,0010,-0.0005140494904480875,-8.700469017028809,8.69995496753836,0.9997828437040673,1,0
149,8,c32,0011,0011,0001,-0.00312239327467978,-5.878255367279053,5.875132974004373,0.996887092401164,1,0
150,1,s20,0011,1001,1001,-1.7183715105056763,-1.418963074684143,-0.2994084358215332,0.1794348823354323,0,0
150,2,c32,0001,0001,0011,-0.6051108837127686,-1.9256566762924194,1.3205457925796509,0.5464860753019705,1,0
150,3,t120,0001,0001,0000,-0.02776661142706871,-4.777766227722168,4.749999616295099,0.9726874319762903,1,0
150,4,x0,1001,1001,1000,-0.032820556312799454,-4.657820701599121,4.625000145286322,0.9677260290571063,1,0
150,5,c30,0001,0001,1001,-0.22870206832885742,-1.9208546876907349,1.6921526193618774,0.7955883792659406,1,0
150,6,x1,0101,0101,0100,-0.0010173572227358818,-7.126017093658447,7.124999736435711,0.9989839882322767,1,0
150,7,c20,0101,0101,1101,-0.3995650112628937,-1.1638163328170776,0.764251321554184,0.6708474651928669,1,0
150,8,s02,0101,0101,1011,-0.01874605566263199,-5.124629497528076,5.105883441865444,0.9814334136698243,1,0
151,1,s31,1110,1110,1101,-0.8030871152877808,-1.9786098003387451,1.1755226850509644,0.4479866470352586,1,0
151,2,s32,1101,1101,1100,-0.6686384081840515,-2.4186384677886963,1.7500000596046448,0.5127868116335353,1,0
151,3,t301,1001,1101,1101,-1.8283965587615967,-1.245516061782837,-0.5828804969787598,0.16095920685775722,0,0
151,4,s20,0011,0011,1001,-0.487213671207428,-1.5854085683822632,1.0981948971748352,0.6143484779581072,1,0
151,5,x3,0010,0010,1010,-0.03571727126836777,-5.349194526672363,5.3134772554039955,0.9649656040959471,1,0
151,6,s12,0100,0100,0010,-0.016817454248666763,-5.151228904724121,5.134411450475454,0.9834064485941999,1,0
151,7,t130,0100,0100,0101,-0.13047894835472107,-3.005478858947754,2.874999910593033,0.8778468127185997,1,0
151,8,c32,0100,0100,0110,-0.010807984508574009,-4.63682746887207,4.626019484363496,0.9892511287220899,1,0
152,1,t132,1000,1000,1010,-0.22414088249206543,-3.126650810241699,2.902509927749634,0.8012063485916784,1,0
152,2,c03,1001,1001,1100,-0.04886339232325554,-4.302606582641602,4.253743190318346,0.9526090375925592,1,0
152,3,x1,1101,1101,1100,-0.059222813695669174,-3.18422269821167,3.1249998845160007,0.9425033274248705,1,0
152,4,t321,1101,1101,1001,-0.17505580186843872,-2.0499091148376465,1.8748533129692078,0.840048916116807,1,0
152,5,c02,1111,1111,1001,-0.0014140435960143805,-7.378798484802246,7.377384441206232,0.9986282225203857,1,0
152,6,s21,1111,1111,1011,-0.010765429586172104,-4.634768009185791,4.624002579599619,0.9892928760097035,1,0
152,7,t032,1101,1101,1111,-0.00026796761085279286,-8.885009765625,8.884741798014147,0.9997517537800694,1,0
152,8,x3,1100,1100,1101,-0.0012021278962492943,-7.251201629638672,7.249999501742423,0.9988117842197466,1,0
153,1,s32,0111,0111,0101,-1.204657793045044,-1.38946533203125,0.18480753898620605,0.29994668658935014,1,0
153,2,s10,1011,1011,1001,-0.3612663149833679,-2.1743323802948,1.8130660653114319,0.6968817605824427,1,0
153,3,s12,1101,1101,1110,-0.10322833806276321,-3.30197811126709,3.1987497732043266,0.9020548153183675,1,0
153,4,x3,1100,1100,1101,-0.11763188242912292,-2.6176319122314453,2.5000000298023224,0.889349097683237,1,0
153,5,t102,1110,1100,1100,-3.172268867492676,-0.04451657459139824,-3.1277522929012775,0.041908579308300845,0,0
153,6,s30,0111,0111,0110,-1.0129737854003906,-1.637973666191101,0.6249998807907104,0.3632256311833759,1,0
153,7,s21,0111,0111,0011,-0.05049695074558258,-3.5571792125701904,3.506682261824608,0.9507625224235436,1,0
153,8,s12,0111,0111,0011,-0.023382028564810753,-3.9343674182891846,3.910985389724374,0.9768916003912373,1,0
154,1,x0,1000,1000,0000,-0.6368847489356995,-1.6560581922531128,1.0191734433174133,0.5300638695423495,1,0
154,2,s32,1000,1000,1010,-0.21295258402824402,-2.2888123989105225,2.0758598148822784,0.8083067360436437,1,0
154,3,x2,1010,1010,1100,-0.03799352049827576,-4.473989009857178,4.435995489358902,0.9627795565899433,1,0
154,4,t021,1110,1110,1010,-0.555617094039917,-0.9778968691825867,0.4222797751426697,0.5737316680412291,1,0
154,5,c02,1100,1100,1010,-0.0024001498240977526,-7.30813455581665,7.305734405992553,0.9976593381299907,1,0
154,6,t203,1100,1100,1110,-0.16100792586803436,-2.620952844619751,2.4599449187517166,0.8519096776281591,1,0
154,7,s31,1001,1001,1000,-0.009141625836491585,-5.384141445159912,5.3749998193234205,0.9909107306520315,1,0
154,8,c20,1001,1001,1101,-0.3396768569946289,-1.7161190509796143,1.3764421939849854,0.7132576676854397,1,0
155,1,c32,1010,1010,1000,-0.7397271394729614,-1.690328598022461,0.9506014585494995,0.47770236358654433,1,0
155,2,s20,1010,1010,1100,-0.17951293289661407,-2.350461959838867,2.170949026942253,0.835704434446705,1,0
155,3,c12,1010,1010,1011,-0.0003174406010657549,-9.500317573547363,9.500000132946298,0.9996866495930038,1,0
155,4,x1,1110,1110,1111,-0.00022160184744279832,-9.250222206115723,9.25000060426828,0.9998041850311021,1,0
155,5,x1,1010,1010,1110,-0.000200732218218036,-8.651554107666016,8.651353375447798,0.9998016854672239,1,0
155,6,c23,1011,1011,1010,-0.023847732692956924,-3.7738475799560547,3.7499998472630978,0.9764530583784263,1,0
155,7,x3,1010,1010,1011,-3.254389957874082e-05,-11.375031471252441,11.374998927352863,0.9999770535217748,1,0
155,8,c32,1010,1010,1011,-0.0005547318723984063,-8.000555038452148,8.00000030657975,0.9994459496976251,1,0
156,1,s32,0010,0010,0001,-0.5204195976257324,-2.008014678955078,1.4875950813293457,0.5945138291296054,1,0
156,2,c32,0010,0010,0011,-0.18641501665115356,-2.811415195465088,2.6250001788139343,0.8300792534045885,1,0
156,3,x0,1010,1010,0010,-0.003646276891231537,-6.884568214416504,6.880921937525272,0.9964144927867828,1,0
156,4,c10,1010,1010,0010,-0.06610190868377686,-2.839083433151245,2.7729815244674683,0.936043607547904,1,0
156,5,t021,1110,1110,1010,-0.040161602199077606,-3.288297414779663,3.2481358125805855,0.9606404673395339,1,0
156,6,s31,1011,1011,1110,-0.06249810382723808,-3.0675995349884033,3.0051014311611652,0.9394211361833876,1,0
156,7,x3,1010,1010,1110,-0.0011056809453293681,-8.208313941955566,8.207208261010237,0.9989195477492637,1,0
156,8,x1,1110,1110,1111,-0.0005317449104040861,-8.500531196594238,8.499999451683834,0.999473285636067,1,0
157,1,x1,0101,0101,0011,-0.4986482858657837,-2.61276912689209,2.114120841026306,0.6076728584851621,1,0
157,2,c12,0111,0111,1000,-0.008882798254489899,-6.797445774078369,6.788562975823879,0.9911776230939496,1,0
157,3,c03,0111,0111,1000,-0.01216215081512928,-6.188921928405762,6.176759777590632,0.9879567159104488,1,0
157,4,x3,0110,0110,0101,-0.00022017076844349504,-9.90644645690918,9.906226286140736,0.9997997963455426,1,0
157,5,c23,0111,0111,0110,-0.005818258970975876,-5.255817890167236,5.2499996311962605,0.9942167469413634,1,0
157,6,x2,0101,0101,0100,-0.00020312529522925615,-9.875203132629395,9.875000007334165,0.9998884171211705,1,0
157,7,t203,0101,0101,0110,-0.0003801264683715999,-9.00790786743164,9.007527740963269,0.9996218390247711,1,0
157,8,s30,1100,1100,1101,-0.0017599464626982808,-6.751760005950928,6.7500000594882295,0.9982442119415634,1,0
158,1,x0,1101,1101,1001,-0.6188397407531738,-2.684269905090332,2.065430164337158,0.5394375421335467,1,0
158,2,c01,1001,1001,1111,-0.003801405429840088,-6.89289665222168,6.88909524679184,0.9962071376450853,1,0
158,3,t201,1001,1001,1101,-0.0265501756221056,-3.6523284912109375,3.625778315588832,0.9737998014372922,1,0
158,4,c30,0001,0001,1001,-0.25259169936180115,-1.5024489164352417,1.2498572170734406,0.7767861021028352,1,0
158,5,t213,0001,0001,0000,-4.8636844439897686e-05,-10.375048637390137,10.375000000545697,0.9999518160227719,1,0
158,6,t013,0001,0001,0000,-2.515302548999898e-05,-11.125025749206543,11.125000596181053,0.9999750027372611,1,0
158,7,x0,1001,1001,0001,-0.000403470650780946,-8.125691413879395,8.125287943228614,0.9996166772375407,1,0
158,8,x0,0001,0001,1001,-0.0025418116711080074,-6.0037312507629395,6.0011894390918314,0.9974617807233133,1,0
159,1,s01,0100,0100,1000,-1.127157211303711,-1.5608264207839966,0.43366920948028564,0.32406483838328326,1,0
159,2,c12,0110,0110,0010,-0.02851342409849167,-4.2036871910095215,4.17517376691103,0.971903458678335,1,0
159,3,x1,0010,0010,0100,-0.014353562146425247,-4.674524307250977,4.660170745104551,0.9857596334176872,1,0
159,4,s10,0010,0010,1010,-0.06313062459230423,-3.6817121505737305,3.6185815259814262,0.9388774211827153,1,0
159,5,c10,0010,0010,1010,-0.006842975039035082,-5.009844779968262,5.003001804929227,0.9931872585184641,1,0
159,6,x2,0000,0000,0010,-0.0009287012508139014,-7.000946044921875,7.000017343671061,0.9990721954259996,1,0
159,7,t302,0000,0000,0001,-9.655932444729842e-06,-13.000009536743164,12.99999988081072,0.9999905075632325,1,0
159,8,t013,0000,0000,1000,-1.3947439583716914e-05,-12.44231128692627,12.442297339486686,0.9999860878855427,1,0
160,1,t023,1011,1011,1010,-0.8406409025192261,-1.465640902519226,0.625,0.4324111539232399,1,0
160,2,c01,1111,1111,0000,-0.14597900211811066,-4.252756595611572,4.106777593493462,0.8642412643390949,1,0
160,3,t032,1101,1101,1111,-0.0140267014503479,-4.775339603424072,4.761312901973724,0.9861028061105604,1,0
160,4,s21,1011,1011,1101,-0.05871710553765297,-2.935462474822998,2.876745369285345,0.9429790132748864,1,0
160,5,s21,1101,1101,1011,-0.026735512539744377,-3.7742819786071777,3.7475464660674334,0.973626076781412,1,0
160,6,c23,1101,1101,1111,-0.016883481293916702,-4.77604341506958,4.759159933775663,0.9833469198298099,1,0
160,7,s23,1110,1110,1111,-0.02188391238451004,-4.271883964538574,4.250000052154064,0.9783563756499751,1,0
160,8,s02,1110,1110,1100,-0.02076997421681881,-4.179191589355469,4.15842161513865,0.9794446913610753,1,0
161,1,s02,0110,0110,1100,-1.5000605583190918,-1.8031330108642578,0.303072452545166,0.223466350812215,1,0
161,2,c31,0110,0110,0111,-0.2527558505535126,-3.377755641937256,3.1249997913837433,0.7772968774876712,1,0
161,3,c02,0110,0110,0100,-0.0005869385786354542,-8.393617630004883,8.393030691426247,0.9994869308499204,1,0
161,4,c01,0110,0110,0010,-9.512756514595821e-05,-10.121967315673828,10.121872188108682,0.9999064734190556,1,0
161,5,c32,0110,0110,0100,-0.0003746368456631899,-8.250727653503418,8.250353016657755,0.9996298326693014,1,0
161,6,t023,0110,0110,0111,-0.00012159124889876693,-10.125121116638184,10.124999525389285,0.9998828498568441,1,0
161,7,c12,0100,0100,0110,-4.7802532208152115e-05,-10.875061988830566,10.875014186298358,0.9999538872838175,1,0
161,8,t012,0100,0100,0101,-8.058411913225427e-05,-10.000081062316895,10.000000478197762,0.9999194664259756,1,0
162,1,s23,1100,1100,1101,-0.5415468215942383,-2.0415468215942383,1.5,0.5824052545008376,1,0
162,2,x0,0100,0100,1100,-0.2842670679092407,-3.005398988723755,2.721131920814514,0.7545268222995506,1,0
162,3,s12,0010,0100,0100,-1.3145991563796997,-0.38411712646484375,-0.930482029914856,0.2685821336458764,0,0
162,4,s10,0010,0010,1010,-0.2133028656244278,-2.261510133743286,2.0482072681188583,0.8079194780833656,1,0
162,5,c13,0010,0010,0011,-0.002504658419638872,-7.877504348754883,7.874999690335244,0.9975098397591611,1,0
162,6,s01,0010,0010,1010,-0.002911075484007597,-6.310540199279785,6.307629123795778,0.9970945004661772,1,0
162,7,t102,0010,0010,1000,-2.6464338588993996e-05,-12.254166603088379,12.25414013874979,0.9999735686239172,1,0
162,8,x0,1010,1010,0010,-0.00039846880827099085,-8.64852523803711,8.648126769228838,0.9996067758223056,1,0
163,1,s01,0101,0101,1101,-1.1588032245635986,-1.7060372829437256,0.547234058380127,0.3139752052111234,1,0
163,2,s20,0101,0101,1111,-0.44549980759620667,-2.4188709259033203,1.9733711183071136,0.6405346923441211,1,0
163,3,t312,0111,0111,0101,-0.0023584002628922462,-6.502068519592285,6.499710119329393,0.9976468480672568,1,0
163,4,x1,0011,0011,0101,-0.0025905664078891277,-6.2042741775512695,6.20168361114338,0.9974232951604081,1,0
163,5,x2,0001,0001,0010,-0.001141092274338007,-7.600213050842285,7.599071958567947,0.9991298542276705,1,0
163,6,c31,0101,0101,0001,-0.002271645236760378,-6.127323627471924,6.1250519822351635,0.9977551427588879,1,0
163,7,x1,0001,0001,0011,-0.00032422441290691495,-8.500338554382324,8.500014329969417,0.9996774206326021,1,0
163,8,s10,0001,0001,1001,-0.0012257022317498922,-7.127328872680664,7.126103170448914,0.9987805791977556,1,0
164,1,s01,1010,1010,1000,-0.9026840925216675,-2.0633161067962646,1.1606320142745972,0.4056444266993357,1,0
164,2,x2,1000,1000,1110,-0.12428002059459686,-4.323446750640869,4.199166730046272,0.883309805935281,1,0
164,3,s10,0100,0100,0110,-0.6370776891708374,-1.4995571374893188,0.8624794483184814,0.5288418643721993,1,0
164,4,s03,0100,0100,0101,-0.004112708382308483,-6.50411319732666,6.500000488944352,0.9959010433022683,1,0
164,5,c32,0100,0100,0110,-0.009680994786322117,-5.1347126960754395,5.125031701289117,0.9903986204238616,1,0
164,6,t321,0100,0100,0000,-0.00036318539059720933,-8.385781288146973,8.385418102756375,0.99964167614284,1,0
164,7,x2,0110,0110,0010,-4.7802532208152115e-05,-10.877065658569336,10.877017856037128,0.9999523906649249,1,0
164,8,c03,0110,0110,0000,-0.00023995591618586332,-9.95268440246582,9.952444446549634,0.999760846729946,1,0
165,1,c31,0100,0100,0000,-0.6943948268890381,-1.6705235242843628,0.9761286973953247,0.5001892633910016,1,0
165,2,t123,0100,0100,0101,-0.013773033395409584,-5.138772964477539,5.1249999310821295,0.9864595924119226,1,0
165,3,x1,0000,0000,1001,-0.0004831980331800878,-9.218106269836426,9.217623071803246,0.9995219073411995,1,0
165,4,c01,0000,0000,0001,-9.071653767023236e-05,-10.125090599060059,10.124999882522388,0.9999118966763615,1,0
165,5,s12,0000,0000,0100,-0.009809670969843864,-4.635228633880615,4.625418962910771,0.9902387558845718,1,0
165,6,t021,0000,0000,1000,-3.266312705818564e-05,-11.451395034790039,11.45136237166298,0.9999685050329977,1,0
165,7,c02,0000,0000,0001,-6.437292995542521e-06,-12.625005722045898,12.624999284752903,0.9999935961529557,1,0
165,8,t021,0000,0000,1000,-5.245203283266164e-06,-12.969327926635742,12.969322681432459,0.9999946698264087,1,0
166,1,c23,1111,1111,1110,-0.43931689858436584,-1.8143168687820435,1.3749999701976776,0.6453071197039698,1,0
166,2,s12,1111,1111,1011,-0.10482215881347656,-3.055280923843384,2.9504587650299072,0.9004878651515135,1,0
166,3,x0,0111,0111,0110,-0.0033603901974856853,-5.878360271453857,5.874999881256372,0.9968234395395517,1,0
166,4,c12,0101,0101,0100,-0.00018739118240773678,-9.625186920166016,9.624999528983608,0.9998289470233542,1,0
166,5,s31,0101,0101,0001,-0.02000071108341217,-4.268345832824707,4.248345121741295,0.9801985932227121,1,0
166,6,s03,1100,1100,1101,-0.08016923069953918,-2.705169200897217,2.6249999701976776,0.9229668653750887,1,0
166,7,s23,1100,1100,0110,-0.2990780472755432,-2.9104743003845215,2.6113962531089783,0.7416818579933797,1,0
166,8,x1,1000,1000,1001,-0.028713364154100418,-4.778712749481201,4.749999385327101,0.9717120232897295,1,0
167,1,c32,0011,0011,0001,-0.690227746963501,-1.4707756042480469,0.7805478572845459,0.5020178576045125,1,0
167,2,s23,0011,0011,0001,-0.11626549065113068,-2.4901797771453857,2.373914286494255,0.8902632206519889,1,0
167,3,s02,1001,1001,1000,-0.0658351257443428,-3.5658349990844727,3.49999987334013,0.9365472323287392,1,0
167,4,t301,1101,1001,1001,-1.3759570121765137,-1.2287404537200928,-0.1472165584564209,0.252705766856622,0,0
167,5,c02,1111,1111,1001,-0.029831059277057648,-4.356808662414551,4.326977603137493,0.9708220887914154,1,0
167,6,s20,1111,1111,0111,-0.16417764127254486,-2.942497730255127,2.778320088982582,0.8486178680269686,1,0
167,7,c13,1110,1110,1101,-0.0057959845289587975,-5.942537307739258,5.936741323210299,0.9942450115744974,1,0
167,8,s21,1110,1110,1100,-0.1468643844127655,-2.5896637439727783,2.442799359560013,0.8634126660745463,1,0
168,1,c20,0011,0011,1011,-0.9368693828582764,-1.1022088527679443,0.16533946990966797,0.39216236091266676,1,0
168,2,s02,1001,1001,0011,-0.2183559536933899,-2.25580096244812,2.0374450087547302,0.8038824095771306,1,0
168,3,t201,1001,1001,1101,-0.5734935998916626,-2.1775259971618652,1.6040323972702026,0.5639713361218489,1,0
168,4,t302,1011,1011,1001,-0.03999294713139534,-3.288342237472534,3.248349290341139,0.9607972242244096,1,0
168,5,c21,1111,1111,1011,-0.009289602749049664,-4.759221076965332,4.749931474216282,0.990842877007531,1,0
168,6,s12,1111,1111,1011,-0.006779499817639589,-5.1311354637146,5.12435596389696,0.9932435722381429,1,0
168,7,c20,0111,0111,1111,-0.010225322097539902,-4.636837959289551,4.626612637192011,0.9898866316131352,1,0
168,8,t012,0111,0111,0110,-0.00014173210365697742,-9.000141143798828,8.999999411695171,0.9998587334546161,1,0
169,1,x3,0001,0001,0010,-0.40579456090927124,-2.716108798980713,2.3103142380714417,0.6681962808157521,1,0
169,2,t210,0001,0001,0000,-0.05124468356370926,-3.6762447357177734,3.625000052154064,0.9500694217198072,1,0
169,3,s01,0001,0001,1001,-0.0373971164226532,-3.860987901687622,3.823590785264969,0.963303659954049,1,0
169,4,c12,0001,0001,0000,-0.0009832193609327078,-8.125983238220215,8.125000018859282,0.9990281425847889,1,0
169,5,c23,0001,0001,1001,-0.0025179078802466393,-7.143729209899902,7.141211302019656,0.9975217835334268,1,0
169,6,t130,0001,0001,1001,-0.006866940297186375,-5.007524490356445,5.000657550059259,0.9931632930230614,1,0
169,7,c31,0101,0101,0001,-0.07031514495611191,-2.695431709289551,2.625116564333439,0.9321095062725466,1,0
169,8,s02,0101,0101,1111,-0.0008032639161683619,-7.903979301452637,7.903176037536468,0.999197248820927,1,0
170,1,x1,0011,0011,1000,-0.3667522072792053,-3.2876546382904053,2.9209024310112,0.6932335737957966,1,0
170,2,s13,0110,0110,0111,-0.12380196154117584,-2.4988017082214355,2.3749997466802597,0.8835563129945075,1,0
170,3,t231,0110,0110,0111,-0.02401857078075409,-5.399018287658691,5.374999716877937,0.9764066420598106,1,0
170,4,s20,1100,1100,1101,-0.02394789829850197,-4.898947715759277,4.874999817460775,0.9763541259379843,1,0
170,5,s20,0110,0110,1100,-0.28072959184646606,-1.8262436389923096,1.5455140471458435,0.7552446453269268,1,0
170,6,s30,0110,0110,0111,-0.12952902913093567,-2.3795292377471924,2.2500002086162567,0.8785106072397915,1,0
170,7,t210,1110,1110,0110,-0.3374062776565552,-1.3157827854156494,0.9783765077590942,0.7137603931364644,1,0
170,8,s02,1110,1110,0110,-0.04616357758641243,-3.30753755569458,3.2613739781081676,0.9548863928700546,1,0
171,1,t032,0001,0001,0011,-0.39331185817718506,-2.6804776191711426,2.2871657609939575,0.6756926248120068,1,0
171,2,t201,0001,0001,1001,-0.0029859028290957212,-6.920314788818359,6.917328885989264,0.9970359439365845,1,0
171,3,c03,0001,0001,1000,-0.000754223030526191,-8.690027236938477,8.68927301390795,0.9992485656614776,1,0
171,4,t301,0001,0001,1001,-0.00015520170563831925,-9.144387245178223,9.144232043472584,0.999853288766392,1,0
171,5,s13,0100,0100,0101,-0.055306512862443924,-2.9303064346313477,2.8749999217689037,0.9461952197041501,1,0
171,6,c20,0100,0100,1100,-0.026700500398874283,-3.862915277481079,3.836214777082205,0.9736719139057428,1,0
171,7,t201,0100,0100,0101,-0.00022409686062019318,-8.625224113464355,8.625000016603735,0.9997781798726839,1,0
171,8,c03,0100,0100,0101,-9.596098243491724e-05,-9.625096321105957,9.625000360123522,0.9999042468410669,1,0
172,1,c32,0000,0000,0010,-0.6045644283294678,-1.8287289142608643,1.2241644859313965,0.5474538052534974,1,0
172,2,t203,0000,0000,0001,-0.026010483503341675,-5.526010513305664,5.500000029802322,0.9746912607037608,1,0
172,3,s12,0000,0000,0100,-0.0013939803466200829,-7.877361297607422,7.875967317260802,0.9986106395983829,1,0
172,4,c30,0000,0000,1000,-0.0012530249077826738,-6.7518510818481445,6.750598056940362,0.9987589767106362,1,0
172,5,x0,1000,1000,0000,-0.00035151420161128044,-8.760235786437988,8.759884272236377,0.9997383998533108,1,0
172,6,x2,1010,1010,1000,-0.0003061041352339089,-8.500443458557129,8.500137354421895,0.9996939480048305,1,0
172,7,s23,1001,1001,1010,-0.0009043491445481777,-7.500887393951416,7.499983044806868,0.9991713870695387,1,0
172,8,c23,1001,1001,1011,-0.0015407804166898131,-6.864324569702148,6.862783789285459,0.9984691129643373,1,0
173,1,s03,0100,0100,0101,-0.6489052772521973,-2.7739052772521973,2.125,0.5229524192390521,1,0
173,2,s13,0001,0001,1101,-0.0029304777272045612,-7.514868259429932,7.511937781702727,0.9970829011150527,1,0
173,3,s03,1000,1000,0001,-0.6560311913490295,-0.9840232133865356,0.3279920220375061,0.5189268157480461,1,0
173,4,c02,1010,1010,1000,-1.3224549293518066,-1.7982141971588135,0.47575926780700684,0.26702434176222184,1,0
173,5,x1,1110,1110,1000,-0.6473972797393799,-2.204916477203369,1.5575191974639893,0.5235178280768777,1,0
173,6,s23,1101,1101,1100,-0.30524060130119324,-2.3052406311035156,2.0000000298023224,0.7371355405923066,1,0
173,7,t301,1001,1101,1101,-1.1075615882873535,-1.0203876495361328,-0.0871739387512207,0.33051593903443965,0,0
173,8,t013,1001,1001,1100,-0.10014665126800537,-3.969306230545044,3.8691595792770386,0.9047403451900036,1,0
174,1,t203,0010,0010,0011,-0.3554055690765381,-2.355405807495117,2.000000238418579,0.7018326530821335,1,0
174,2,c02,0010,0010,1000,-0.01838436722755432,-5.642078399658203,5.623694032430649,0.9818073087017029,1,0
174,3,t230,0010,0010,1010,-0.031111301854252815,-3.5635735988616943,3.5324622970074415,0.9694723846100303,1,0
174,4,x2,0000,0000,0010,-0.00015496705600526184,-9.625187873840332,9.625032906784327,0.9998451232121907,1,0
174,5,s30,0000,0000,1000,-0.0002571186632849276,-8.898390769958496,8.898133651295211,0.9997433488050176,1,0
174,6,x1,0100,0100,0000,-0.00024232579744420946,-8.381346702575684,8.38110437677824,0.9997613633909047,1,0
174,7,x0,1100,1100,0100,-0.0010293425293639302,-7.135097503662109,7.1340681611327454,0.9990388669776504,1,0
174,8,s23,1100,1100,0011,-0.019665025174617767,-5.478737831115723,5.459072805941105,0.9806643728201184,1,0
175,1,s20,0001,0001,1001,-1.1884652376174927,-2.263091802597046,1.0746265649795532,0.3049177932297338,1,0
175,2,c20,0001,0001,1001,-0.27559348940849304,-1.8609490394592285,1.5853555500507355,0.760030049788324,1,0
175,3,t023,0001,0001,0000,-0.0004654679214581847,-9.625465393066406,9.624999925144948,0.999544420826879,1,0
175,4,x1,0101,0101,0001,-0.0007366713252849877,-7.519169330596924,7.518432659271639,0.9992644401313543,1,0
175,5,t320,0101,0101,1101,-0.10042862594127655,-2.3525657653808594,2.252137139439583,0.9044768683492203,1,0
175,6,x2,0111,0111,1111,-5.793483433080837e-05,-11.545488357543945,11.545430422709615,0.999944568699922,1,0
175,7,c21,0011,0011,1101,-0.0006282908725552261,-8.739563941955566,8.738935651083011,0.9994908926454515,1,0
175,8,t231,0111,0111,0011,-0.006111053749918938,-5.130980014801025,5.1248689610511065,0.9939114188162105,1,0
176,1,s02,1010,1010,0010,-0.7355949878692627,-1.9974520206451416,1.261857032775879,0.479429264640763,1,0
176,2,x3,1011,1011,1100,-0.1806972324848175,-3.780917167663574,3.6002199351787567,0.8352163097130165,1,0
176,3,s12,1101,1101,1110,-0.25412291288375854,-1.6023794412612915,1.348256528377533,0.7756193232871567,1,0
176,4,c31,1001,1001,1101,-0.44263511896133423,-1.1947522163391113,0.7521170973777771,0.6424617430443882,1,0
176,5,c32,1011,1011,1101,-0.009009042754769325,-5.039316177368164,5.030307134613395,0.991034197452554,1,0
176,6,x3,1010,1010,1011,-0.0002469855244271457,-8.75024700164795,8.750000016123522,0.9997756435227404,1,0
176,7,t120,1010,1010,1110,-0.02159273996949196,-4.040154457092285,4.018561717122793,0.9786419764650683,1,0
176,8,t023,1011,1010,1010,-0.6932286024093628,-0.6932286024093628,0.0,0.4999633732514279,0,1
177,1,c23,0010,0010,0011,-0.8489037156105042,-1.2239036560058594,0.3749999403953552,0.4283985970655403,1,0
177,2,t123,0010,0010,0011,-0.10834633558988571,-2.3583462238311768,2.249999888241291,0.8973371137416049,1,0
177,3,x0,1010,1010,1011,-0.007568212691694498,-5.382568359375,5.3750001466833055,0.9936469084466326,1,0
177,4,t213,1010,1010,1011,-0.01237849984318018,-4.512378692626953,4.500000192783773,0.9877030503877584,1,0
177,5,x1,1110,1110,1111,-0.0004031356074847281,-9.000402450561523,8.999999314954039,0.9995971865549188,1,0
177,6,s12,1110,1110,1010,-0.025817252695560455,-3.8957221508026123,3.869904898107052,0.9745136975509884,1,0
177,7,s32,1101,1101,1100,-0.0014705221401527524,-7.12647008895874,7.1249995668185875,0.9985310522372731,1,0
177,8,t130,0101,1101,1101,-1.1409720182418823,-0.38825705647468567,-0.7527149617671967,0.3195779894737803,0,0
178,1,t123,1001,1001,1011,-0.312680184841156,-2.9271891117095947,2.6145089268684387,0.7337697182903119,1,0
178,2,t103,1001,1001,1101,-0.0023724492639303207,-7.814699649810791,7.812327200546861,0.9976356034316617,1,0
178,3,s01,0101,0101,1001,-0.12732930481433868,-2.2159292697906494,2.0885999649763107,0.8804468647447294,1,0
178,4,s23,0110,0110,0111,-0.013695158064365387,-4.513695240020752,4.500000081956387,0.986414981932075,1,0
178,5,c03,0110,0110,0111,-0.0021886536851525307,-8.127188682556152,8.125000028871,0.9978235446549962,1,0
178,6,t103,0110,0110,0111,-0.00012564388453029096,-10.500125885009766,10.500000241125235,0.9998749409108119,1,0
178,7,s01,1010,1010,1000,-0.0020499650854617357,-7.036947727203369,7.034897762117907,0.9979916158914386,1,0
178,8,t310,1010,1010,1110,-0.0017437223577871919,-6.530302047729492,6.528558325371705,0.9982580291446846,1,0
179,1,x1,0100,0100,0000,-0.5739529132843018,-2.562936782836914,1.9889838695526123,0.5637538427294767,1,0
179,2,c13,0101,0101,0100,-0.20306116342544556,-2.32806134223938,2.1250001788139343,0.816290299330944,1,0
179,3,s03,1100,1100,0101,-0.2990924119949341,-1.6096259355545044,1.3105335235595703,0.7415043349605431,1,0
179,4,x1,1000,1000,1001,-0.2136121690273285,-1.9636121988296509,1.7500000298023224,0.8076948277718596,1,0
179,5,t321,1000,1000,1100,-0.013032847084105015,-4.813692092895508,4.800659245811403,0.9870711141899442,1,0
179,6,x2,1010,1010,1000,-0.0009259876678697765,-7.252416133880615,7.2514901462127455,0.9990744621786632,1,0
179,7,c30,1010,1010,0010,-0.0016359875444322824,-7.256696701049805,7.255060713505372,0.9983678081982322,1,0
179,8,t120,1010,1010,0010,-0.03763262555003166,-3.776721954345703,3.7390893287956715,0.9631085935982953,1,0
180,1,s13,0011,0011,0110,-0.8772882223129272,-1.3615373373031616,0.4842491149902344,0.4159562533787564,1,0
180,2,t023,0011,0011,0110,-0.09270764142274857,-4.405303001403809,4.31259535998106,0.9119240840112359,1,0
180,3,x3,0010,0010,0000,-0.00010490199201740324,-11.023279190063477,11.02317428807146,0.999902049422805,1,0
180,4,s03,0010,0010,1010,-0.02346845716238022,-3.791738510131836,3.7682700529694557,0.9768053621954673,1,0
180,5,t302,0010,0010,0011,-1.8477388948667794e-05,-11.875018119812012,11.874999642423063,0.9999814650943689,1,0
180,6,c20,1010,1010,0010,-0.08941590040922165,-2.464308261871338,2.3748923614621162,0.9144978226658403,1,0
180,7,c23,1011,1011,1010,-0.16031955182552338,-1.9103195667266846,1.7500000149011612,0.8518728239412294,1,0
180,8,t213,1011,1011,1110,-0.0002133711677743122,-9.136687278747559,9.136473907579784,0.999788102007261,1,0
181,1,t201,0111,0111,1111,-0.5593699216842651,-2.818990707397461,2.259620785713196,0.5719722903153073,1,0
181,2,t102,0111,0111,1101,-0.005828541703522205,-7.044088840484619,7.038260298781097,0.9941925501364481,1,0
181,3,x3,0110,0110,0000,-0.00033649810939095914,-9.531554222106934,9.531217723997543,0.9996728290994807,1,0
181,4,s21,0110,0110,0111,-0.0023269345983862877,-6.877326965332031,6.875000030733645,0.9976758981678563,1,0
181,5,c03,0110,0110,0000,-0.000868866452947259,-8.733368873596191,8.732500007143244,0.9991704055816027,1,0
181,6,t102,0110,0110,1100,-6.103441410232335e-05,-11.16889762878418,11.168836594370077,0.9999389705537813,1,0
181,7,c31,0110,0110,0010,-0.0007937984773889184,-7.506734848022461,7.505941049545072,0.9992099145427363,1,0
181,8,x2,0100,0100,0010,-8.594797691330314e-05,-9.75012493133545,9.750038983358536,0.9999186706060075,1,0
182,1,t320,0011,1011,1011,-1.6471620798110962,-0.6893989443778992,-0.957763135433197,0.19277325085588853,0,0
182,2,x2,0001,0001,1000,-0.08105026930570602,-4.372013092041016,4.29096282273531,0.9222450293565697,1,0
182,3,t032,0001,0001,0000,-0.0003847606712952256,-8.125385284423828,8.125000523752533,0.999617052600924,1,0
182,4,s30,1000,1000,1001,-0.019863056018948555,-4.019862651824951,3.9999995958060026,0.9803366591452815,1,0
182,5,x3,1001,1001,1000,-0.0006318931700661778,-7.500631809234619,7.499999916064553,0.9993690572322788,1,0
182,6,s03,1001,1001,0001,-0.0132290069013834,-4.612136363983154,4.598907357081771,0.9868611129237743,1,0
182,7,s30,1001,1001,0001,-0.3136580288410187,-1.3172826766967773,1.0036246478557587,0.7307698097944235,1,0
182,8,s01,0101,0101,1001,-0.030443135648965836,-3.53652024269104,3.506077107042074,0.9700159064278705,1,0
183,1,s31,0101,0101,0110,-1.288970947265625,-1.4923131465911865,0.20334219932556152,0.2755941007540766,1,0
183,2,t032,0101,0101,0000,-0.007464599795639515,-6.661032676696777,6.653568076901138,0.9926195388529148,1,0
183,3,x1,0001,0001,0111,-0.00010347126954002306,-10.145781517028809,10.145678045759269,0.9999073315491038,1,0
183,4,s02,0001,0001,1010,-0.00174059031996876,-6.742503643035889,6.74076305271592,0.9982612566282304,1,0
183,5,s02,0001,0001,0011,-0.003930777311325073,-6.324714660644531,6.320783883333206,0.9960821196552753,1,0
183,6,s30,1000,1000,1001,-0.03852910175919533,-3.28852915763855,3.2500000558793545,0.9622502202857036,1,0
183,7,s20,0010,0010,0110,-0.006910407915711403,-5.695779800415039,5.688869392499328,0.9931167817128448,1,0
183,8,x2,0000,0000,0010,-0.0017336832825094461,-6.517717361450195,6.515983678167686,0.9984419989052072,1,0
184,1,s01,0110,0110,1010,-1.368196964263916,-1.5246562957763672,0.15645933151245117,0.2546398199728234,1,0
184,2,t231,0110,0110,0011,-0.05057857930660248,-5.052736282348633,5.00215770304203,0.95080472619306,1,0
184,3,s32,0101,0101,0110,-0.009152570739388466,-5.194418907165527,5.185266336426139,0.9910001188135015,1,0
184,4,x0,1101,1101,1100,-0.005869596730917692,-5.880869388580322,5.874999791849405,0.9942483020996802,1,0
184,5,s13,1101,1101,1001,-0.003565779887139797,-5.901529788970947,5.8979640090838075,0.996525271439142,1,0
184,6,s23,1110,1110,1111,-0.015747908502817154,-4.265748023986816,4.250000115483999,0.9843785085556379,1,0
184,7,c03,1111,1111,1110,-0.003092194674536586,-6.503092288970947,6.500000094296411,0.9970399284908362,1,0
184,8,t132,1101,1101,1111,-0.0024077470880001783,-6.136987209320068,6.134579462232068,0.9976249471078932,1,0
185,1,s12,0000,0000,0110,-0.9908701181411743,-1.7198262214660645,0.7289561033248901,0.37137625265050994,1,0
185,2,x2,0010,0010,1000,-0.042490676045417786,-5.073615074157715,5.031124398112297,0.9584694192684252,1,0
185,3,x3,0011,0011,0010,-0.0035856314934790134,-6.2535858154296875,6.2500001839362085,0.996435386396026,1,0
185,4,c23,0010,0010,0011,-0.050918783992528915,-3.0509188175201416,3.0000000335276127,0.9504131013817427,1,0
185,5,s21,0100,0100,0010,-0.00984435435384512,-5.222711086273193,5.212866731919348,0.9903713191406456,1,0
185,6,s31,0001,0001,0011,-0.013729006983339787,-4.837668418884277,4.823939411900938,0.986377721771846,1,0
185,7,x2,0011,0011,0010,-0.0461360402405262,-3.1711361408233643,3.125000100582838,0.9550114883572676,1,0
185,8,t120,0011,0011,0111,-0.22033730149269104,-2.477339267730713,2.257001966238022,0.8023293795160228,1,0
186,1,x2,0101,0101,1000,-0.4389753043651581,-3.2731800079345703,2.8342047035694122,0.6450504440779272,1,0
186,2,c03,0101,0101,0100,-0.01930978149175644,-5.519309997558594,5.500000216066837,0.9809591609361639,1,0
186,3,t130,1101,0101,0101,-2.1398494243621826,-0.12967677414417267,-2.01017265021801,0.11767408623480728,0,0
186,4,s10,1101,1101,0101,-0.04376934468746185,-4.206581115722656,4.162811771035194,0.9571758726643638,1,0
186,5,c32,1111,1111,1101,-0.0020038257353007793,-6.377086639404297,6.375082813668996,0.998030681108295,1,0
186,6,c01,1011,1011,0111,-0.012554389424622059,-4.394075870513916,4.381521481089294,0.9875255153052661,1,0
186,7,c13,1011,1011,1110,-0.007027886342257261,-5.164736747741699,5.157708861399442,0.9929994738152398,1,0
186,8,x0,0011,0011,0111,-0.003874263959005475,-6.254146099090576,6.250271835131571,0.9961394851901699,1,0
187,1,x1,0111,0111,0001,-0.4311884641647339,-2.879040241241455,2.447851777076721,0.6499353704469502,1,0
187,2,c32,0101,0101,1000,-0.13775315880775452,-3.8122315406799316,3.674478381872177,0.8715060981255524,1,0
187,3,t310,1101,1101,0101,-0.42844805121421814,-1.1415667533874512,0.713118702173233,0.6515328256845144,1,0
187,4,t230,1101,1101,0101,-0.2168491929769516,-1.8858370780944824,1.6689878851175308,0.8073469773778736,1,0
187,5,c10,0101,0101,1101,-0.06012257561087608,-2.9428932666778564,2.8827706910669804,0.9416677276053304,1,0
187,6,c02,0101,0101,0100,-0.00025472891866229475,-8.50025463104248,8.499999902123818,0.999745453677278,1,0
187,7,s23,0110,0110,0111,-0.03400741517543793,-3.9090075492858887,3.8750001341104507,0.9665738647900419,1,0
187,8,x0,1110,1110,1111,-0.0006032456876710057,-8.250602722167969,8.249999476480298,0.9994402580125608,1,0
188,1,c32,1000,1000,1010,-0.374783992767334,-2.288248062133789,1.913464069366455,0.6910081306451693,1,0
188,2,t103,1000,1000,1001,-0.0061865514144301414,-6.506186485290527,6.499999933876097,0.9939060494958827,1,0
188,3,t210,1000,1000,0000,-0.0010196573566645384,-7.254788398742676,7.253768741386011,0.9989828502608992,1,0
188,4,s30,0001,0001,1000,-0.0021402372512966394,-6.626344203948975,6.624203966697678,0.9978893422838002,1,0
188,5,t013,0001,0001,0000,-0.0001442354841856286,-9.000144004821777,8.999999769337592,0.9998561729409385,1,0
188,6,c02,0001,0001,0000,-0.00014256927534006536,-9.500142097473145,9.499999528197804,0.9998583017954958,1,0
188,7,s21,0001,0001,0101,-0.004876770079135895,-5.8790283203125,5.874151550233364,0.9951370963629643,1,0
188,8,t210,0001,0001,1001,-0.0008255056454800069,-7.250885009765625,7.250059504120145,0.9991753492406894,1,0
189,1,c20,1101,1101,0101,-0.8843226432800293,-0.935247004032135,0.05092436075210571,0.413483741607964,1,0
189,2,s20,0111,0111,1101,-0.2548162043094635,-1.9260889291763306,1.671272724866867,0.7750768643886319,1,0
189,3,t210,1111,1111,0111,-0.05562460049986839,-3.177896738052368,3.1222721375524998,0.9459424205174056,1,0
189,4,x1,1011,1011,1010,-0.00032637815456837416,-8.875326156616211,8.874999778461643,0.9996973848511711,1,0
189,5,t013,1011,1011,1110,-0.0010202100966125727,-7.75283145904541,7.751811248948798,0.9989826642374143,1,0
189,6,t031,1111,1111,1011,-0.0008866314310580492,-7.8758721351623535,7.8749855037312955,0.9991167915369433,1,0
189,7,c21,1011,1011,1101,-0.0008622737950645387,-7.748680591583252,7.747818317788187,0.9992153119158321,1,0
189,8,x0,0011,0011,1011,-0.0017490098252892494,-6.403102874755859,6.40135386493057,0.9982584863633107,1,0
190,1,x2,0001,0001,0111,-0.34744900465011597,-3.163755178451538,2.816306173801422,0.7068353775867462,1,0
190,2,t013,0001,0001,0000,-0.04257330298423767,-4.292572975158691,4.249999672174454,0.9583524078062368,1,0
190,3,t120,0001,0001,1001,-0.018876757472753525,-4.020651817321777,4.001775059849024,0.9813294067576389,1,0
190,4,t213,0001,0001,0000,-0.00015031755901873112,-10.375149726867676,10.374999409308657,0.999851061357412,1,0
190,5,t321,0001,0001,0101,-0.0003543644561432302,-8.125521659851074,8.125167295394931,0.9996531536223986,1,0
190,6,s31,0100,0100,0101,-0.006600669119507074,-5.131600856781006,5.125000187661499,0.9934269665573394,1,0
190,7,s30,0100,0100,1100,-0.2994934916496277,-1.68792724609375,1.3884337544441223,0.7412006889241031,1,0
190,8,x1,0000,0000,0001,-0.0003165961243212223,-8.625316619873047,8.625000023748726,0.9996847399404917,1,0
191,1,t320,0100,0100,1100,-0.42846405506134033,-2.0925369262695312,1.664072871208191,0.6529382931796861,1,0
191,2,c23,0100,0100,0101,-0.020433206111192703,-5.270432949066162,5.249999742954969,0.9800323224107959,1,0
191,3,x0,1100,1100,0100,-0.0011394835310056806,-7.502235412597656,7.501095929066651,0.9989413525298887,1,0
191,4,x0,0100,0100,1100,-0.013860134407877922,-4.637715816497803,4.623855682089925,0.9862611629839619,1,0
191,5,c01,0100,0100,0101,-0.0005700999754481018,-8.250569343566895,8.249999243591446,0.9994302890694197,1,0
191,6,s23,0100,0100,0110,-0.03896651044487953,-3.290407657623291,3.2514411471784115,0.9618460165454922,1,0
191,7,c23,0100,0100,1100,-0.0012071081437170506,-8.068222045898438,8.06701493775472,0.9988146393418962,1,0
191,8,c13,0101,0101,0100,-0.00789423007518053,-4.882894039154053,4.874999809078872,0.9921376301362093,1,0
192,1,t123,1101,1101,1100,-0.3101944923400879,-3.060194492340088,2.75,0.7345889799608403,1,0
192,2,c03,1100,1100,0100,-0.060491953045129776,-4.691256523132324,4.630764570087194,0.9423129038166025,1,0
192,3,s20,0110,0110,0111,-0.03637998551130295,-3.5363800525665283,3.5000000670552254,0.9642934909693294,1,0
192,4,c31,0110,0110,0010,-0.00768918264657259,-6.336798191070557,6.329109008423984,0.9924647030892796,1,0
192,5,x1,0010,0010,0110,-0.0008765663369558752,-7.476203441619873,7.475326875282917,0.9991262659417138,1,0
192,6,t312,0010,0010,0001,-7.045126403681934e-05,-10.507694244384766,10.507623793120729,0.9999302318388515,1,0
192,7,t123,0010,0010,0011,-0.0028595877811312675,-5.877859592437744,5.875000004656613,0.9971448643177495,1,0
192,8,t123,0010,0010,0011,-0.00011312493006698787,-9.250112533569336,9.249999408639269,0.9998868995779601,1,0
193,1,s23,0010,0010,0011,-0.5106399059295654,-2.2606399059295654,1.75,0.6002578219399654,1,0
193,2,c01,0010,0010,0011,-0.1969573199748993,-3.8219573497772217,3.6250000298023224,0.821332647498859,1,0
193,3,t130,0010,0010,1010,-0.020251456648111343,-4.213143825531006,4.1928923688828945,0.9799820858484012,1,0
193,4,t230,0010,0010,1010,-0.011149536818265915,-4.55612850189209,4.544978965073824,0.9889588898756598,1,0
193,5,t031,0010,0010,1010,-8.141807484207675e-05,-11.07299518585205,11.072913767777209,0.9999199948266668,1,0
193,6,t032,0010,0010,1010,-5.1616567361634225e-05,-11.144303321838379,11.144251705271017,0.9999489182702332,1,0
193,7,s21,0100,0100,0010,-0.0019050707342103124,-6.626752853393555,6.624847782659344,0.9981098315668461,1,0
193,8,c12,0110,0110,0100,-0.00031872172257862985,-8.125323295593262,8.125004573870683,0.9996813770037615,1,0
194,1,t231,1001,1001,1101,-0.689498245716095,-2.1224565505981445,1.4329583048820496,0.5025968502552408,1,0
194,2,c31,1101,1101,1001,-0.26905661821365356,-1.5062893629074097,1.237232744693756,0.7641064798580248,1,0
194,3,t302,1111,1111,1101,-0.21093308925628662,-1.9544206857681274,1.7434875965118408,0.809900596035337,1,0
194,4,t013,1110,1110,1010,-0.045473575592041016,-4.5890092849731445,4.5435357093811035,0.9557393144826665,1,0
194,5,t032,1110,1110,1111,-0.008172420784831047,-5.383172512054443,5.375000091269612,0.9919693312104902,1,0
194,6,s12,1110,1110,1010,-0.042330656200647354,-3.292715549468994,3.250384893268347,0.9585536929240097,1,0
194,7,s31,1011,1011,1110,-0.14763376116752625,-2.0217957496643066,1.8741619884967804,0.8632892147649762,1,0
194,8,t032,1001,1001,1011,-0.021127626299858093,-4.523242950439453,4.502115324139595,0.9791691669292502,1,0
195,1,c01,1000,1000,1100,-0.4631134271621704,-2.8469789028167725,2.383865475654602,0.6296544140616444,1,0
195,2,c20,1000,1000,0000,-0.1293553113937378,-2.8189761638641357,2.689620852470398,0.8789351720398787,1,0
195,3,t230,1000,1000,0000,-0.0007582663674838841,-7.267391204833984,7.2666329384665005,0.9992558644746362,1,0
195,4,c02,1010,1010,1000,-0.000712196109816432,-7.375720024108887,7.37500782799907,0.9992932306183798,1,0
195,5,s10,0110,0110,1010,-0.10549218952655792,-2.4393270015716553,2.3338348120450974,0.8998949221029133,1,0
195,6,x2,0100,0100,0110,-2.038472484855447e-05,-12.062575340270996,12.062554955546148,0.9999811784741336,1,0
195,7,x0,1100,1100,0100,-0.0029370456468313932,-5.879085540771484,5.876148495124653,0.9970766041228953,1,0
195,8,x2,1110,1110,1100,-0.0008491611224599183,-7.136865615844727,7.136016454722267,0.9991514517119842,1,0
196,1,s30,0010,0010,1010,-1.2923986911773682,-1.582761287689209,0.2903625965118408,0.2747045455754019,1,0
196,2,t321,0010,0010,0110,-0.03717953711748123,-4.634142875671387,4.5969633385539055,0.963557967095806,1,0
196,3,s23,0001,0001,0010,-0.013300281949341297,-4.761449813842773,4.748149531893432,0.9867968698944762,1,0
196,4,t301,0001,0001,0010,-0.0012827249011024833,-7.944114685058594,7.942831960157491,0.9987223046173611,1,0
196,5,s03,1000,1000,0001,-0.09312810003757477,-2.464029550552368,2.3709014505147934,0.9111208379800327,1,0
196,6,c01,1100,1100,1000,-0.04865802079439163,-3.048753261566162,3.0000952407717705,0.9525069951261904,1,0
196,7,x2,1110,1110,1100,-3.445130278123543e-05,-11.189711570739746,11.189677119436965,0.9999676929870072,1,0
196,8,x2,1100,1100,1110,-0.0014532796340063214,-7.106954574584961,7.105501294950955,0.9990805875374135,1,0
197,1,s13,0101,0101,0001,-0.9359692335128784,-1.4582736492156982,0.5223044157028198,0.3922241325551834,1,0
197,2,t120,0101,0101,1101,-0.10837871581315994,-2.472734212875366,2.3643554970622063,0.8974025453682207,1,0
197,3,c01,0101,0101,0100,-0.001737638027407229,-7.751737594604492,7.749999956577085,0.9982711683152998,1,0
197,4,t103,0101,0101,0100,-0.00030217281891964376,-8.5003023147583,8.500000141939381,0.9996988159985923,1,0
197,5,t123,0101,0101,0100,-0.0017794764135032892,-6.501779556274414,6.500000079860911,0.9982253163417952,1,0
197,6,t120,0101,0101,1101,-0.029919050633907318,-3.532156467437744,3.502237416803837,0.9705320860823431,1,0
197,7,s02,0101,0101,1011,-0.004235736094415188,-6.232794284820557,6.2285585487261415,0.9957751739152534,1,0
197,8,c32,0111,0111,0011,-3.6120145523454994e-05,-11.349836349487305,11.349800229341781,0.9999654115765163,1,0
198,1,c10,1111,1111,0111,-0.5800800323486328,-1.752535104751587,1.172455072402954,0.560180608786848,1,0
198,2,t230,0111,0111,1111,-0.1558249592781067,-2.3221781253814697,2.166353166103363,0.8562299555484231,1,0
198,3,c21,0011,0011,1000,-0.002502164337784052,-7.750317096710205,7.747814932372421,0.9975688342122232,1,0
198,4,c21,0111,0111,0011,-0.008804669603705406,-5.007082462310791,4.998277792707086,0.991238400652258,1,0
198,5,s10,1011,1011,1111,-0.009960498660802841,-4.762511730194092,4.752551231533289,0.99009212505325,1,0
198,6,x2,1001,1001,1111,-9.059728472493589e-05,-9.968652725219727,9.968562127935002,0.9999212622605491,1,0
198,7,x1,1101,1101,1111,-0.000970747962128371,-7.180750370025635,7.179779622063506,0.9990334567580987,1,0
198,8,x1,1001,1001,1111,-0.0007463225047104061,-7.8519182205200195,7.851171898015309,0.9992545323385493,1,0
199,1,t301,0110,0110,1100,-0.29803138971328735,-3.8123703002929688,3.5143389105796814,0.7426795914404849,1,0
199,2,x3,0111,0111,0000,-0.017503876239061356,-6.048489570617676,6.030985694378614,0.982738426434801,1,0
199,3,c02,0111,0111,1100,-0.035857267677783966,-5.168074607849121,5.132217340171337,0.9648139232686281,1,0
199,4,c21,0011,0011,0101,-0.0008169373613782227,-8.288834571838379,8.288017634477,0.9992115599316985,1,0
199,5,x2,0001,0001,0010,-0.0011374144814908504,-8.157257080078125,8.156119665596634,0.9995386743596366,1,0
199,6,c21,0001,0001,0101,-0.00043148614349775016,-8.126194953918457,8.12576346777496,0.999571051457839,1,0
199,7,s03,1000,1000,0001,-0.05712412670254707,-2.929967164993286,2.872843038290739,0.9445081982765796,1,0
199,8,x1,1100,1100,1000,-8.28482152428478e-05,-9.664441108703613,9.66435826048837,0.9999170602321982,1,0
200,1,x2,0111,0111,0001,-0.29438596963882446,-2.737150192260742,2.4427642226219177,0.7454064041362928,1,0
200,2,x2,0101,0101,1000,-0.007072344422340393,-7.062540054321289,7.055467709898949,0.9945945570781135,1,0
200,3,x3,0100,0100,0101,-0.0003502172767184675,-9.750349044799805,9.749998827523086,0.999651466092606,1,0
200,4,s30,0100,0100,0101,-0.03968821465969086,-3.5396881103515625,3.4999998956918716,0.9610937043156352,1,0
200,5,c32,0100,0100,0101,-0.0035893884487450123,-5.753589630126953,5.750000241678208,0.9964190665084991,1,0
200,6,c01,0100,0100,0101,-0.0033667064271867275,-6.253366947174072,6.2500002407468855,0.9966414576924586,1,0
200,7,x2,0110,0110,0000,-3.039811781491153e-05,-11.27597713470459,11.275946736586775,0.9999696649112918,1,0
200,8,x3,0111,0111,0110,-0.00048235623398795724,-7.812982082366943,7.812499726132955,0.9995201274444389,1,0
201,1,x2,0101,0101,1100,-0.3656604290008545,-3.4042835235595703,3.038623094558716,0.6941045508960564,1,0
201,2,x0,1101,1101,0101,-0.06250786781311035,-3.248377561569214,3.1858696937561035,0.9394315926425688,1,0
201,3,x2,1111,1111,1110,-0.0002195670094806701,-8.625218391418457,8.624998824408976,0.9997875371454394,1,0
201,4,x2,1101,1101,1100,-0.00011729916150216013,-9.625117301940918,9.625000002779416,0.999891379246835,1,0
201,5,c32,1111,1111,1101,-0.11301170289516449,-2.2380688190460205,2.125057116150856,0.8931509104002199,1,0
201,6,t230,0111,0111,1111,-0.03885185718536377,-3.2888071537017822,3.2499552965164185,0.9619463928405126,1,0
201,7,s20,1101,1101,0111,-0.010132800787687302,-5.50445032119751,5.4943175204098225,0.9899364670940594,1,0
201,8,s20,0111,0111,1101,-0.06718182563781738,-2.822202682495117,2.7550208568573,0.9350261935355902,1,0
202,1,t301,1011,1011,1111,-1.1035869121551514,-1.2682315111160278,0.16464459896087646,0.33177803760713787,1,0
202,2,x3,1010,1010,0000,-0.04573030769824982,-5.190733909606934,5.145003601908684,0.9553506649947695,1,0
202,3,s10,0110,0110,1110,-0.605189323425293,-1.2516554594039917,0.6464661359786987,0.5459897685723459,1,0
202,4,x3,0111,0111,0110,-0.0006022779853083193,-7.8756022453308105,7.874999967345502,0.9994027186986519,1,0
202,5,c03,0111,0111,1110,-0.013306167908012867,-5.806440830230713,5.7931346623227,0.9868031766850741,1,0
202,6,t312,0101,0101,0111,-0.004359945189207792,-5.574065685272217,5.569705740083009,0.9956521418884854,1,0
202,7,s02,0101,0101,1111,-0.004491032101213932,-5.850478649139404,5.84598761703819,0.9955196343304538,1,0
202,8,c31,0001,0001,0101,-0.011770946905016899,-4.635401248931885,4.623630302026868,0.9883079827972361,1,0
203,1,x0,1000,1000,0000,-0.8924486637115479,-1.4418630599975586,0.5494143962860107,0.41051959772597674,1,0
203,2,s20,0010,0010,1000,-0.12477200478315353,-2.592245578765869,2.4674735739827156,0.882702574210936,1,0
203,3,x2,0000,0000,0100,-0.0004276882973499596,-9.438937187194824,9.438509498897474,0.9995740811006697,1,0
203,4,x1,0100,0100,0000,-0.0013435117434710264,-7.225987911224365,7.224644399480894,0.9987243925690868,1,0
203,5,t023,0100,0100,0110,-0.005209439434111118,-6.7288947105407715,6.72368527110666,0.9948393920405161,1,0
203,6,x0,1100,1100,1101,-0.00859604962170124,-6.258595943450928,6.2499998938292265,0.9914997865672097,1,0
203,7,s31,1001,1001,1000,-0.00899286288768053,-4.758992671966553,4.749999809078872,0.9910477693764836,1,0
203,8,x3,1000,1000,1001,-0.006584375165402889,-6.381584167480469,6.374999792315066,0.9935661016607992,1,0
204,1,x2,0010,0010,0011,-0.524410605430603,-2.5244107246398926,2.0000001192092896,0.5925731530105662,1,0
204,2,t320,0010,0010,1010,-0.06521037966012955,-4.048866271972656,3.9836558923125267,0.9370513269066044,1,0
204,3,x0,1010,1010,1100,-0.0035315861459821463,-7.338865756988525,7.335334170842543,0.996580180431086,1,0
204,4,x2,1000,1000,1110,-8.606749179307371e-05,-10.12733268737793,10.127246619886137,0.9999141004737853,1,0
204,5,t301,1000,1000,1100,-0.0005258816527202725,-8.023883819580078,8.023357937927358,0.9994787251757515,1,0
204,6,c32,1000,1000,1100,-0.00011598594574024901,-9.815901756286621,9.81578577034088,0.9998851577600494,1,0
204,7,c03,1001,1001,1000,-0.005337104666978121,-5.255337238311768,5.2500001336447895,0.9946775964255101,1,0
204,8,s02,0011,0011,0111,-0.007009617052972317,-6.008552551269531,6.001542934216559,0.99301624130155,1,0
205,1,t023,0100,0100,0101,-0.20367521047592163,-3.5786752700805664,3.3750000596046448,0.8182654084458943,1,0
205,2,t012,0100,0100,0101,-0.0025066323578357697,-7.252506732940674,7.250000100582838,0.9975179166036972,1,0
205,3,c03,0100,0100,0101,-0.00018357705266680568,-10.375184059143066,10.3750004820904,0.9998182275125862,1,0
205,4,t021,0100,0100,0000,-0.00017415954789612442,-9.978482246398926,9.97830808685103,0.9998287587383017,1,0
205,5,c20,0100,0100,1100,-0.01831810176372528,-4.021582126617432,4.003264024853706,0.9818653060979121,1,0
205,6,s01,1000,1000,0100,-0.0027418225072324276,-6.130053997039795,6.1273121745325625,0.9977440462159839,1,0
205,7,t320,1000,1000,1100,-0.00036332348827272654,-8.509496688842773,8.5091333653545,0.9996376194940333,1,0
205,8,t132,1000,1000,1100,-4.625274596037343e-05,-10.53033447265625,10.53028821991029,0.9999539787655092,1,0
206,1,t102,0000,0000,0010,-0.27680131793022156,-3.3715176582336426,3.094716340303421,0.7599426267939405,1,0
206,2,s01,0000,0000,1000,-0.029180118814110756,-3.85235595703125,3.8231758382171392,0.9712476993274073,1,0
206,3,t210,0000,0000,1000,-0.0025836448185145855,-6.229608535766602,6.227024890948087,0.9974238269851059,1,0
206,4,t103,0000,0000,1000,-9.989437239710242e-05,-10.465274810791016,10.465174916418619,0.9999007502539867,1,0
206,5,t203,0000,0000,1000,-0.00023553089704364538,-8.599648475646973,8.599412944749929,0.9997649820082692,1,0
206,6,t321,0000,0000,1000,-1.4781891877646558e-05,-12.024632453918457,12.02461767202658,0.9999854080681886,1,0
206,7,x2,0010,0010,0100,-3.409358760109171e-05,-10.750030517578125,10.749996423990524,0.999965872177337,1,0
206,8,x0,1010,1010,0010,-0.001091599348001182,-7.131896018981934,7.130804419633932,0.9989177483951904,1,0
207,1,x0,1101,1101,0101,-0.4713001549243927,-2.8776814937591553,2.4063813388347626,0.6249807906875077,1,0
207,2,x3,1100,1100,0000,-0.0015913199167698622,-8.483691215515137,8.482099895598367,0.9984426324802932,1,0
207,3,s32,1100,1100,1101,-0.02244827151298523,-4.522448539733887,4.5000002682209015,0.977837347348361,1,0
207,4,c30,1100,1100,0100,-0.0027338978834450245,-6.315986156463623,6.313252258580178,0.9973138683197923,1,0
207,5,s10,1100,1100,0100,-0.00992050301283598,-5.259699821472168,5.249779318459332,0.990128595872906,1,0
207,6,s03,0101,0101,0100,-0.003035043366253376,-6.253035068511963,6.2500000251457095,0.9969728648757173,1,0
207,7,s30,1100,1100,0101,-0.3928924798965454,-1.141469955444336,0.7485774755477905,0.6751020870285865,1,0
207,8,x0,0100,0100,0101,-0.024343766272068024,-3.774343729019165,3.749999962747097,0.9759569266800915,1,0
208,1,s23,0000,0000,0010,-0.5354956388473511,-2.109802007675171,1.5743063688278198,0.5861610324814126,1,0
208,2,t213,0000,0000,0001,-0.015205005183815956,-5.890204906463623,5.874999901279807,0.9851037710267158,1,0
208,3,t203,0000,0000,1000,-0.0003111013793386519,-9.14246940612793,9.142158304748591,0.9996928559655056,1,0
208,4,t312,0000,0000,1000,-8.082099520834163e-05,-9.776798248291016,9.776717427295807,0.999920412680161,1,0
208,5,s21,0000,0000,0100,-0.008972342126071453,-4.758884429931641,4.749912087805569,0.9911002992140205,1,0
208,6,c20,0000,0000,1000,-0.008639976382255554,-4.758816242218018,4.750176265835762,0.991403704199526,1,0
208,7,x2,0010,0010,0000,-3.0159735615598038e-05,-10.875086784362793,10.875056624627177,0.9999699822737584,1,0
208,8,s30,0010,0010,0001,-0.0042273434810340405,-6.00759744644165,6.003370102960616,0.9957856479999457,1,0
209,1,c20,1111,1111,0111,-0.5094802379608154,-1.7524199485778809,1.2429397106170654,0.6012465256062198,1,0
209,2,s01,1111,1111,0111,-0.03160613775253296,-4.040807247161865,4.009201109409332,0.9688905414599532,1,0
209,3,s20,1111,1111,0111,-0.0024555688723921776,-6.192074298858643,6.18961872998625,0.9975503279796568,1,0
209,4,x1,1011,1011,0000,-0.0002322060609003529,-10.1980562210083,10.1978240149474,0.9997694666221693,1,0
209,5,c10,1011,1011,0011,-0.013628880493342876,-4.531745910644531,4.518117030151188,0.9864669029964117,1,0
209,6,c10,1011,1011,0011,-0.6005116701126099,-1.507195234298706,0.9066835641860962,0.5485791737171154,1,0
209,7,t310,1011,0011,0011,-0.8946374654769897,-0.7017956972122192,-0.1928417682647705,0.40875857861812115,0,0
209,8,s12,1101,1101,1011,-0.0004437781753949821,-8.375267028808594,8.374823250633199,0.9995662561034165,1,0
210,1,t230,1011,0011,0011,-1.4617016315460205,-0.8359243869781494,-0.6257772445678711,0.2320413132427777,0,0
210,2,s30,1011,1011,0011,-0.6357647180557251,-0.7976227402687073,0.16185802221298218,0.5295337471527424,1,0
210,3,t032,1001,1001,1011,-0.009512384422123432,-5.38569974899292,5.3761873645707965,0.9905662989058585,1,0
210,4,x3,1000,1000,1100,-0.002332631964236498,-8.15427017211914,8.151937540154904,0.9977467309774662,1,0
210,5,s20,0010,0010,0011,-0.09357236325740814,-3.4685723781585693,3.375000014901161,0.9106757102905635,1,0
210,6,t230,0010,0010,1010,-0.014801327139139175,-4.8748393058776855,4.860037978738546,0.9853226481661643,1,0
210,7,s01,0010,0010,0110,-0.022071750834584236,-4.591365337371826,4.569293586537242,0.9781730790484454,1,0
210,8,s03,0010,0010,1010,-0.09113065898418427,-2.481423854827881,2.3902931958436966,0.9128992375559404,1,0
211,1,s02,1011,1011,1001,-0.6846600770950317,-2.2978062629699707,1.613146185874939,0.5043972282035873,1,0
211,2,t021,1111,1111,1100,-0.291499525308609,-2.5065433979034424,2.2150438725948334,0.7472979015482804,1,0
211,3,s30,1111,1111,0111,-0.007650330662727356,-5.321012496948242,5.313362166285515,0.9923816345336524,1,0
211,4,t321,1011,1011,1111,-0.07339055836200714,-2.7149133682250977,2.6415228098630905,0.9293461645244153,1,0
211,5,t023,1010,1010,1011,-0.020941147580742836,-4.270941257476807,4.250000109896064,0.9793074547526066,1,0
211,6,c21,1110,1110,1010,-0.025270989164710045,-4.020627498626709,3.995356509461999,0.9750511325810317,1,0
211,7,x3,1111,1111,1110,-0.00041577592492103577,-8.875415802001953,8.875000026077032,0.9995938169810419,1,0
211,8,t310,0111,0111,0110,-0.014385812915861607,-5.014385223388672,4.99999941047281,0.9858753091845871,1,0
212,1,t031,0111,0111,1000,-0.4679233133792877,-3.3476808071136475,2.8797574937343597,0.6267619056721538,1,0
212,2,t310,1111,1111,1011,-0.0485171377658844,-4.426401138305664,4.37788400053978,0.9526815622135558,1,0
212,3,t130,0111,0111,1111,-0.008597619831562042,-4.883561611175537,4.874963991343975,0.9915655216739797,1,0
212,4,c01,0111,0111,0110,-0.000615416094660759,-8.500615119934082,8.499999703839421,0.9993941856870702,1,0
212,5,s20,1101,1101,0111,-0.01346274558454752,-5.006938934326172,4.993476188741624,0.9866621168720311,1,0
212,6,t312,1111,1111,1110,-0.0004016958991996944,-8.375402450561523,8.375000754662324,0.9996009594270349,1,0
212,7,x2,1101,1101,1100,-9.214735473506153e-05,-10.250091552734375,10.24999940537964,0.9999364909559708,1,0
212,8,t023,1101,1101,1100,-0.002346403431147337,-6.627346515655518,6.62500011222437,0.997667554466666,1,0
213,1,t301,0001,0001,1001,-0.26941239833831787,-3.7557926177978516,3.4863802194595337,0.764394327297555,1,0
213,2,t103,0001,0001,0010,-0.004551220685243607,-6.9476847648620605,6.943133544176817,0.99546306513019,1,0
213,3,c13,0001,0001,1001,-0.0007762080058455467,-7.80679988861084,7.806023680604994,0.9992251710324708,1,0
213,4,x3,0000,0000,0001,-0.00023697469441685826,-9.062736511230469,9.062499536536052,0.9998004716526322,1,0
213,5,x1,0100,0100,0010,-0.0004031217540614307,-8.453707695007324,8.453304573253263,0.9995983138417052,1,0
213,6,x0,1100,1100,0100,-0.002274011028930545,-6.2628326416015625,6.260558630572632,0.9977520619098615,1,0
213,7,t120,1100,1100,1101,-0.00036010905751027167,-8.750359535217285,8.749999426159775,0.9996452782745527,1,0
213,8,t231,1100,1100,1000,-0.00022374400577973574,-9.575519561767578,9.575295817761798,0.9997772092908341,1,0
214,1,t320,0110,0110,1110,-0.7238285541534424,-1.79310941696167,1.0692808628082275,0.48563205587115044,1,0
214,2,c31,0110,0110,0111,-0.013166716322302818,-6.263166427612305,6.249999711290002,0.9870490652587316,1,0
214,3,x0,1110,1110,0110,-0.001033446635119617,-7.626241683959961,7.625208237324841,0.999084924602591,1,0
214,4,s02,1110,1110,1100,-0.0046651531010866165,-5.7631402015686035,5.758475048467517,0.9953459857856787,1,0
214,5,t031,1110,1110,1010,-0.0024066877085715532,-6.728226661682129,6.725819973973557,0.997605712674479,1,0
214,6,c10,0110,0110,1110,-0.001433075638487935,-6.626382350921631,6.624949275283143,0.9985759191467413,1,0
214,7,c21,0010,0110,0110,-2.4648051261901855,-0.08921095728874207,-2.3755941689014435,0.08502576262174663,0,0
214,8,c20,1010,1010,0010,-0.0311041921377182,-3.5307722091674805,3.4996680170297623,0.9694074991997559,1,0
215,1,t021,0011,0011,0000,-0.47392094135284424,-2.971853733062744,2.4979327917099,0.6228749508121042,1,0
215,2,s03,1010,1010,0011,-0.05816362425684929,-3.169933319091797,3.1117696948349476,0.9436232219259754,1,0
215,3,c12,1010,1010,0000,-0.030016392469406128,-5.504696369171143,5.4746799767017365,0.9704927643023801,1,0
215,4,c10,1010,1010,0010,-0.019620943814516068,-4.0299201011657715,4.010299157351255,0.9805746870476798,1,0
215,5,t123,1010,1010,1011,-0.00485977903008461,-5.629859924316406,5.625000145286322,0.9951723356102617,1,0
215,6,t213,1010,1010,1011,-0.0005121639696881175,-7.875511646270752,7.874999482301064,0.9994892297902679,1,0
215,7,x0,0010,0010,1010,-0.004578358959406614,-5.566863059997559,5.562284701038152,0.9954343930534267,1,0
215,8,t032,0010,0010,0011,-1.966946729226038e-05,-11.625019073486328,11.624999404019036,0.9999803559179867,1,0
216,1,s10,1010,1010,1110,-1.274487018585205,-1.8884270191192627,0.6139400005340576,0.27963514225065617,1,0
216,2,s30,0011,0011,1010,-0.4110923111438751,-1.5216349363327026,1.1105426251888275,0.6629398913262002,1,0
216,3,t320,1011,0011,0011,-1.0788847208023071,-0.7814270257949829,-0.2974576950073242,0.340166378458207,0,0
216,4,s12,1101,1101,1100,-0.03358885645866394,-4.158588886260986,4.125000029802322,0.9669787885454961,1,0
216,5,x1,1001,1001,1101,-0.06707927584648132,-3.6415278911590576,3.5744486153125763,0.9351271610131373,1,0
216,6,t123,1001,1001,1101,-0.03679346293210983,-4.533202648162842,4.496409185230732,0.9641191204996605,1,0
216,7,c13,1001,1001,1101,-0.0037694426719099283,-6.630033016204834,6.626263573532924,0.996240176332152,1,0
216,8,t023,1001,1001,1011,-0.000666034291498363,-7.8295578956604,7.828891861368902,0.9993363175206114,1,0
217,1,s10,1101,1101,1001,-0.4483107924461365,-2.202608823776245,1.7542980313301086,0.638757258212883,1,0
217,2,c32,1111,1111,1101,-0.033234428614377975,-4.034578800201416,4.001344371587038,0.9673903752160673,1,0
217,3,t320,0111,0111,1111,-0.0721600279211998,-2.702937364578247,2.6307773366570473,0.9311984860543394,1,0
217,4,x1,0011,0011,0101,-0.00021706681582145393,-8.7657470703125,8.765530003496679,0.9998018331761025,1,0
217,5,c21,0111,0111,0011,-0.008998208679258823,-4.758929252624512,4.749931043945253,0.9910497778392691,1,0
217,6,s20,1101,1101,0111,-0.0023521240800619125,-6.751199722290039,6.748847598209977,0.9977930006311866,1,0
217,7,x1,1001,1001,1000,-0.0003169535775668919,-8.500316619873047,8.49999966629548,0.999683923137033,1,0
217,8,x0,0001,0001,1001,-0.012831653468310833,-4.388098239898682,4.375266586430371,0.9872508657977584,1,0
218,1,s03,1010,0011,0011,-1.6349185705184937,-1.3804066181182861,-0.2545119524002075,0.195030993219821,0,0
218,2,x0,0010,0010,0000,-1.7127163410186768,-2.441786289215088,0.7290699481964111,0.18070855583391204,1,0
218,3,t123,0010,0010,0011,-0.10297109931707382,-2.602971315383911,2.5000002160668373,0.9022340239594603,1,0
218,4,c01,0010,0010,1010,-0.001930146710947156,-7.677877426147461,7.675947279436514,0.9980742522491746,1,0
218,5,s02,1000,1000,1001,-0.002868621377274394,-6.25286865234375,6.250000030966476,0.9971379532647083,1,0
218,6,s01,0100,0100,1000,-0.17877165973186493,-2.9270787239074707,2.7483070641756058,0.836304860437974,1,0
218,7,s20,0100,0100,1000,-0.026404395699501038,-4.133351802825928,4.106947407126427,0.9739424053264865,1,0
218,8,c31,0100,0100,0000,-0.0008266317890956998,-8.527682304382324,8.526855672593229,0.9991862863427785,1,0
219,1,t310,0010,0010,1010,-0.4611464738845825,-2.217684030532837,1.7565375566482544,0.6309329178165115,1,0
219,2,x2,0000,0000,1000,-0.04147001728415489,-5.0204620361328125,4.978992018848658,0.9594239012693797,1,0
219,3,x1,0100,0100,0010,-0.0019464024808257818,-6.805817127227783,6.803870724746957,0.9980856179294371,1,0
219,4,s32,0100,0100,0110,-0.012343029491603374,-4.515713691711426,4.503370662219822,0.9877638608825121,1,0
219,5,c23,0100,0100,0110,-0.0015370527980849147,-8.763373374938965,8.76183632214088,0.9984900553715974,1,0
219,6,x2,0110,0110,0100,-0.00010728611960075796,-10.126431465148926,10.126324179029325,0.9998935093296826,1,0
219,7,c30,0110,0110,1110,-0.0009477731655351818,-7.00325345993042,7.002305686764885,0.9990551692303571,1,0
219,8,s21,0110,0110,1010,-0.008123925887048244,-5.860953330993652,5.852829405106604,0.9919099674986077,1,0
220,1,s30,1100,1101,1101,-1.9191787242889404,-1.0441787242889404,-0.875,0.1467478999284116,0,0
220,2,x1,1000,1000,1001,-0.40867018699645996,-1.90867018699646,1.5,0.6646943811549275,1,0
220,3,x1,1100,1100,1101,-0.0001674851810093969,-9.875166893005371,9.874999407824362,0.9998347835139519,1,0
220,4,x2,1110,1110,1100,-0.00016616978973615915,-9.16037654876709,9.160210378977354,0.999835961952228,1,0
220,5,c02,1100,1100,1010,-0.00027296115877106786,-8.384119987487793,8.383847026329022,0.99973227368391,1,0
220,6,x2,1110,1110,1100,-0.012623527087271214,-4.388947010040283,4.376323482953012,0.9874564756308488,1,0
220,7,c30,1110,1110,0110,-0.011224503628909588,-4.51527214050293,4.50404763687402,0.9888434567038904,1,0
220,8,t301,1110,1110,1010,-0.030001062899827957,-3.5505659580230713,3.5205648951232433,0.9704789412783954,1,0
221,1,c21,0111,0111,0011,-0.5786294341087341,-1.3420193195343018,0.7633898854255676,0.5608314025344724,1,0
221,2,s02,1101,1101,1010,-0.4679110646247864,-2.4182281494140625,1.9503170847892761,0.6263773232486733,1,0
221,3,c32,1111,1111,0000,-0.25873154401779175,-3.356173276901245,3.0974417328834534,0.7737136513945879,1,0
221,4,c02,1101,1101,1011,-0.0009945034980773926,-7.932629585266113,7.931635081768036,0.9990177934475211,1,0
221,5,t130,0101,1101,1101,-1.9168436527252197,-0.1608065962791443,-1.7560370564460754,0.14707193712263122,0,0
221,6,x3,0100,0100,0101,-0.0029961736872792244,-6.002996444702148,6.000000271014869,0.9970187680773818,1,0
221,7,c31,0100,0100,0101,-0.002807322656735778,-6.5028076171875,6.500000294530764,0.9971988776614302,1,0
221,8,x2,0110,0110,0000,-7.74851068854332e-05,-10.532977104187012,10.532899619080126,0.999923019479916,1,0
222,1,x0,0100,0100,1100,-0.40178507566452026,-2.5446927547454834,2.142907679080963,0.6695915299721422,1,0
222,2,x0,1100,1100,0100,-0.13958488404750824,-2.399292469024658,2.25970758497715,0.8699683172977073,1,0
222,3,t302,1100,1100,1101,-0.0006482790340669453,-8.000648498535156,8.00000021950109,0.9993540486712905,1,0
222,4,t130,1100,1100,0100,-0.00210776599124074,-6.368381977081299,6.366274211090058,0.997900407608907,1,0
222,5,s23,1100,1100,0101,-0.016449039801955223,-5.57050895690918,5.5540599171072245,0.9837433480765735,1,0
222,6,x3,1101,1101,1100,-0.00014888914301991463,-9.87514877319336,9.87499988405034,0.999856327267357,1,0
222,7,x2,1111,1111,1110,-0.0006286099087446928,-8.688128471374512,8.687499861465767,0.9994949951175608,1,0
222,8,c23,1110,1110,1111,-0.025753194466233253,-3.9007532596588135,3.8750000651925802,0.9794787014997395,1,0
223,1,c32,1101,1101,1111,-0.5349933505058289,-1.9217002391815186,1.3867068886756897,0.5861418251330422,1,0
223,2,t130,0101,1101,1101,-1.3199318647384644,-0.4155248999595642,-0.9044069647789001,0.2672295630418435,0,0
223,3,s31,0101,0101,0001,-0.013615470379590988,-4.767759799957275,4.754144329577684,0.9864782607676147,1,0
223,4,x2,0111,0111,0110,-0.00010716711403802037,-10.625106811523438,10.6249996444094,0.9998992249075774,1,0
223,5,x0,1111,1111,0111,-0.00913326721638441,-4.759626865386963,4.7504935981705785,0.9912887807201081,1,0
223,6,s03,1111,1111,1110,-0.12703317403793335,-2.127032995223999,1.9999998211860657,0.8807061064023678,1,0
223,7,t312,1101,1101,1111,-0.0067810905165970325,-5.007461071014404,5.000679980497807,0.9932698457241476,1,0
223,8,c23,1101,1101,1100,-0.001102125272154808,-7.876101970672607,7.874999845400453,0.9989343324615929,1,0
224,1,t230,1011,0011,0011,-1.3479973077774048,-0.9943197965621948,-0.35367751121520996,0.2599898396303172,0,0
224,2,t123,1011,1011,1110,-0.1519593894481659,-3.666668653488159,3.5147092640399933,0.8596068686951238,1,0
224,3,x0,0011,0011,1011,-0.004394379910081625,-6.104119300842285,6.0997249209322035,0.9956195912561584,1,0
224,4,t123,0011,0011,0010,-0.003712354926392436,-5.628712177276611,5.624999822350219,0.9962970231058841,1,0
224,5,x3,0010,0010,1010,-0.0004244317242410034,-8.299192428588867,8.298767996864626,0.9995870576140001,1,0
224,6,t230,0010,0010,1010,-0.004903415217995644,-5.509615421295166,5.50471200607717,0.9951140995503807,1,0
224,7,t301,0010,0010,0011,-0.0007548716384917498,-7.375754356384277,7.374999484745786,0.9992463239412596,1,0
224,8,t012,0010,0010,0011,-0.0003740495885722339,-8.625373840332031,8.624999790743459,0.9996261023054177,1,0
225,1,c03,1010,1010,0011,-0.44016218185424805,-2.3889169692993164,1.9487547874450684,0.6445125368232446,1,0
225,2,t230,1010,1010,0010,-0.24743689596652985,-2.277803659439087,2.030366763472557,0.7809042754725454,1,0
225,3,s10,0110,0110,1110,-0.47711390256881714,-1.7555664777755737,1.2784525752067566,0.6205874326148052,1,0
225,4,s32,0101,0101,0110,-0.013419801369309425,-4.488139629364014,4.474719827994704,0.9866724521953468,1,0
225,5,c23,0101,0101,0111,-0.08023903518915176,-2.997471809387207,2.9172327741980553,0.923043883898286,1,0
225,6,x0,1101,1101,0101,-0.006201431155204773,-5.509571552276611,5.5033701211214066,0.9938497981655807,1,0
225,7,s10,1101,1101,0111,-0.014718039892613888,-4.9868998527526855,4.972181812860072,0.9853905413218118,1,0
225,8,s10,1101,1101,0101,-0.05715739354491234,-3.4792532920837402,3.422095898538828,0.9444464934964446,1,0
226,1,c32,1100,1100,1101,-0.4378965497016907,-2.187896490097046,1.7499999403953552,0.6470242694059063,1,0
226,2,t201,1100,1100,1000,-0.030505694448947906,-5.361453056335449,5.330947361886501,0.9700628697592149,1,0
226,3,s02,0110,0110,0111,-0.07883088290691376,-2.7038307189941406,2.624999836087227,0.9251815661259027,1,0
226,4,x1,0010,0010,0110,-0.012054840102791786,-4.76339054107666,4.751335700973868,0.9880254473711182,1,0
226,5,c32,0010,0010,0001,-0.005744556430727243,-5.8826398849487305,5.876895328518003,0.9942763428480297,1,0
226,6,s12,0100,0100,1000,-0.0010505022946745157,-8.178800582885742,8.177750080591068,0.9989586324222067,1,0
226,7,s23,0100,0100,0011,-0.0026802285574376583,-7.053201675415039,7.050521446857601,0.997395715192043,1,0
226,8,s30,0100,0100,1100,-0.0011349241249263287,-7.35142183303833,7.350286908913404,0.9988657894737727,1,0
227,1,x0,0010,0010,1010,-0.5033706426620483,-2.203453779220581,1.7000831365585327,0.6050076328036105,1,0
227,2,s20,1000,1000,0010,-0.21779313683509827,-2.608643054962158,2.39084991812706,0.8043190582776908,1,0
227,3,c10,1000,1000,0000,-0.029064375907182693,-4.268974781036377,4.239910405129194,0.9715011530389812,1,0
227,4,c10,1000,1000,0000,-0.007203713990747929,-5.260129928588867,5.252926214598119,0.9928258675478885,1,0
227,5,s30,0001,0001,0000,-0.008380932733416557,-5.758380889892578,5.749999957159162,0.9916933348090632,1,0
227,6,c21,0001,0001,0101,-0.001125740585848689,-7.002773761749268,7.001648021163419,0.9988838209548584,1,0
227,7,x0,1001,1001,1000,-0.0019255571532994509,-6.376925468444824,6.374999911291525,0.9980954583961558,1,0
227,8,t210,1001,1001,1101,-0.004648595582693815,-5.506938934326172,5.502290338743478,0.9953653333535111,1,0
228,1,x1,1110,1110,1111,-0.5581963062286377,-2.8081963062286377,2.25,0.5724506006898257,1,0
228,2,c10,0110,0110,1110,-0.2635238766670227,-1.780561923980713,1.5170380473136902,0.768424616351949,1,0
228,3,c02,0110,0110,0100,-0.0021584376227110624,-7.410479545593262,7.408321107970551,0.9978531300951309,1,0
228,4,t302,0110,0110,0100,-0.00015186892414931208,-10.195119857788086,10.194967988863937,0.9998499486655024,1,0
228,5,s20,1100,1100,0110,-0.018253082409501076,-4.388918876647949,4.370665794238448,0.9819228661402402,1,0
228,6,s13,1001,1001,1100,-0.005899060983210802,-5.504352569580078,5.498453508596867,0.994124048679476,1,0
228,7,c10,1001,1001,0001,-0.019526690244674683,-4.587565898895264,4.568039208650589,0.9806730360867938,1,0
228,8,t321,1001,1001,1101,-0.20203475654125214,-1.7649377584457397,1.5629030019044876,0.8170757683391856,1,0
229,1,c32,1110,1110,1100,-0.7841904163360596,-1.7842446565628052,1.0000542402267456,0.45703996338762987,1,0
229,2,t201,1010,1110,1110,-0.9341578483581543,-0.6094070076942444,-0.3247508406639099,0.3929805195971282,0,0
229,3,x0,0010,0010,1010,-0.010914192534983158,-4.811098575592041,4.800184383057058,0.9891459868100392,1,0
229,4,t203,0010,0010,0000,-0.00044353088014759123,-8.724892616271973,8.724449085391825,0.9995629147213797,1,0
229,5,s02,1000,1000,1001,-0.0010057094041258097,-7.75100564956665,7.749999940162525,0.9989959923960792,1,0
229,6,t210,1000,1000,0000,-0.06317447870969772,-3.1139369010925293,3.0507624223828316,0.9388962171565821,1,0
229,7,c03,1001,1001,1000,-0.0006006110925227404,-7.875600337982178,7.874999726889655,0.9993998047638161,1,0
229,8,c10,1001,1001,1101,-0.0032764310017228127,-6.395416736602783,6.39214030560106,0.9967299369079751,1,0
230,1,c02,1001,1001,0011,-0.35666608810424805,-3.10038685798645,2.743720769882202,0.7002752039144817,1,0
230,2,s12,1001,1001,1100,-0.7354394197463989,-1.6128828525543213,0.8774434328079224,0.47930986182311003,1,0
230,3,s21,1001,1001,1101,-0.3818720877170563,-1.2688742876052856,0.8870021998882294,0.6825908712832843,1,0
230,4,t032,1011,1011,1001,-0.07801290601491928,-2.813934564590454,2.735921658575535,0.9249557541483907,1,0
230,5,t012,1011,1011,1111,-0.011263719759881496,-5.066166877746582,5.0549031579867005,0.9888038542721129,1,0
230,6,t302,1001,1001,1011,-0.0013007993111386895,-6.75155782699585,6.750257027684711,0.9987334408909884,1,0
230,7,x0,0001,0001,0011,-0.001728454022668302,-7.127709865570068,7.1259814115474,0.998288549767844,1,0
230,8,c12,0001,0001,0000,-0.0003188673290424049,-8.875319480895996,8.875000613566954,0.9996815843972245,1,0
231,1,x0,1011,1011,0011,-0.493513286113739,-2.4023637771606445,1.9088504910469055,0.6109360737226528,1,0
231,2,c31,1111,1111,1011,-0.09776025265455246,-2.4717419147491455,2.373981662094593,0.9068757104711404,1,0
231,3,s02,1111,1111,1101,-0.012718052603304386,-4.3876261711120605,4.374908118508756,0.9873630575286995,1,0
231,4,c23,1110,1110,1111,-0.005992765538394451,-5.380992412567139,5.374999647028744,0.9943674890960117,1,0
231,5,s01,1110,1110,0110,-0.39751389622688293,-1.179166316986084,0.781652420759201,0.6719911883523909,1,0
231,6,c03,1111,1111,0111,-0.00017511265468783677,-9.973227500915527,9.97305238826084,0.9998389023417891,1,0
231,7,x0,0111,0111,1111,-0.0009334335336461663,-7.147185802459717,7.146252368926071,0.9990759278030878,1,0
231,8,s03,1110,1110,0111,-0.018216479569673538,-4.01829719543457,4.000080715864897,0.9819551523138299,1,0
232,1,s31,1101,1101,1110,-0.8700228929519653,-1.8156952857971191,0.9456723928451538,0.41897934919528096,1,0
232,2,c32,1111,1111,0000,-0.021230915561318398,-5.593484878540039,5.572253962978721,0.9791060702737432,1,0
232,3,x3,1110,1110,1010,-0.0004026410751976073,-9.28270149230957,9.282298851234373,0.9996121877741438,1,0
232,4,c13,1111,1111,1110,-0.000610040093306452,-8.375609397888184,8.374999357794877,0.9993942506086853,1,0
232,5,c12,1101,1101,1111,-0.0002072947536362335,-9.154929161071777,9.154721866318141,0.9998245699452207,1,0
232,6,x3,1100,1100,1101,-0.004131925757974386,-5.504132270812988,5.500000345055014,0.9958799135451103,1,0
232,7,s10,1100,1100,0100,-0.02473749779164791,-4.817160129547119,4.792422631755471,0.9755686128047603,1,0
232,8,c02,1110,1110,1100,-0.000425861740950495,-7.875548839569092,7.875122977828141,0.9995765516503734,1,0
233,1,c23,1100,1100,1101,-0.4325752258300781,-1.6825752258300781,1.25,0.6527538724753845,1,0
233,2,t301,1100,1100,1000,-0.022181252017617226,-5.378664016723633,5.356482764706016,0.9782864615231045,1,0
233,3,t130,1100,1100,0100,-0.001589474268257618,-6.543153285980225,6.541563811711967,0.9984158623151485,1,0
233,4,c13,1101,1101,1100,-0.002953521441668272,-5.87795352935791,5.875000007916242,0.9970526670708058,1,0
233,5,c02,1111,1111,1101,-0.006145210471004248,-5.147055625915527,5.140910415444523,0.9939219566867997,1,0
233,6,s20,1111,1111,1101,-0.01326015405356884,-4.388260841369629,4.37500068731606,0.9868311794525022,1,0
233,7,t012,1101,1101,1111,-0.00014602599549107254,-9.375723838806152,9.375577812810661,0.999861919285066,1,0
233,8,c32,1111,1101,1101,-3.2880985736846924,-0.03817850351333618,-3.249920070171356,0.03732546713744572,0,0
234,1,c20,1011,1011,0011,-0.9506015181541443,-1.5189886093139648,0.5683870911598206,0.38690326101992384,1,0
234,2,s20,1011,1011,1101,-0.6622641682624817,-1.0121715068817139,0.3499073386192322,0.5157399650845417,1,0
234,3,t021,1111,1111,1100,-0.1522408127784729,-2.813380002975464,2.661139190196991,0.8588860079572592,1,0
234,4,c32,1101,1101,1110,-0.002635119017213583,-6.911195755004883,6.908560635987669,0.9973787672448458,1,0
234,5,t201,1101,1101,1001,-0.17643381655216217,-2.2388877868652344,2.062453970313072,0.8384329907191448,1,0
234,6,t203,1101,1101,1111,-0.004763251636177301,-6.284574508666992,6.279811257030815,0.9953458739304328,1,0
234,7,x2,1111,1111,0000,-0.0006770312320441008,-9.021095275878906,9.020418244646862,0.9993333695838541,1,0
234,8,c12,1101,1101,1100,-5.280919867800549e-05,-10.500053405761719,10.50000059656304,0.99995265376892,1,0
235,1,c23,1100,1100,1101,-0.4846729636192322,-1.734673023223877,1.2500000596046448,0.6201221023017076,1,0
235,2,t012,1110,1110,1100,-0.5753980278968811,-0.9133245348930359,0.3379265069961548,0.5625431877503052,1,0
235,3,t123,1111,1111,1110,-0.04057004675269127,-3.4155702590942383,3.375000212341547,0.9605767571218038,1,0
235,4,c32,1101,1101,1110,-0.03539946302771568,-4.626240253448486,4.590840790420771,0.9654365971785371,1,0
235,5,x3,1100,1100,1101,-0.0037622330710291862,-5.753762245178223,5.7500000121071935,0.9962891820719625,1,0
235,6,t301,1100,1100,1101,-0.007211260497570038,-5.132210731506348,5.124999471008778,0.9928233811542511,1,0
235,7,c23,1100,1100,1101,-0.002375589683651924,-6.127375602722168,6.125000013038516,0.997635385298115,1,0
235,8,c03,1101,1101,1100,-0.0005480686668306589,-8.375548362731934,8.375000294065103,0.9994541034783426,1,0
236,1,c31,0110,0110,0100,-0.6857840418815613,-2.044717788696289,1.3589337468147278,0.5042299526280497,1,0
236,2,x2,0100,0100,1100,-0.04219719022512436,-5.308109283447266,5.265912093222141,0.95894415843259,1,0
236,3,s03,0100,0100,0101,-0.0007552982424385846,-7.625755310058594,7.625000011816155,0.9992466253925533,1,0
236,4,x1,0000,0000,0001,-0.0002156414557248354,-9.250215530395508,9.249999888939783,0.9997909103182213,1,0
236,5,s01,0000,0000,1000,-0.0006577866151928902,-7.625643730163574,7.624985943548381,0.9993430770195592,1,0
236,6,c21,0000,0000,0100,-0.00029787939274683595,-8.500617980957031,8.500320101564284,0.9997156585597045,1,0
236,7,c01,0000,0000,1000,-2.7775506168836728e-05,-11.082074165344238,11.08204638983807,0.99997287320395,1,0
236,8,t203,0000,0000,0001,-1.0490398381080013e-05,-12.125011444091797,12.125000953693416,0.999989486060047,1,0
237,1,c21,0001,0001,0101,-0.7248374223709106,-1.3849079608917236,0.660070538520813,0.48477091023627245,1,0
237,2,t132,0001,0001,0011,-0.00687743304297328,-6.832587242126465,6.825709809083492,0.9931598260693737,1,0
237,3,c23,0001,0001,1001,-0.0007846198277547956,-8.430853843688965,8.43006922386121,0.9992221268940045,1,0
237,4,c20,0001,0001,1001,-0.00678296759724617,-5.0068182945251465,5.0000353269279,0.9932537873002915,1,0
237,5,x2,0011,0011,0010,-1.525874267827021e-05,-12.687515258789062,12.687500000046384,0.999986582181121,1,0
237,6,x0,1011,1011,0011,-0.00040812973747961223,-8.251045227050781,8.250637097313302,0.9996062733122264,1,0
237,7,x2,1001,1001,1010,-6.341814150800928e-05,-10.786636352539062,10.786572934397554,0.9999509579671491,1,0
237,8,t301,1101,1001,1001,-1.1374059915542603,-0.3869876563549042,-0.7504183351993561,0.32064989802004595,0,0
238,1,x2,0000,0000,0001,-0.5094739198684692,-2.3844738006591797,1.8749998807907104,0.6012599432782844,1,0
238,2,t203,0000,0000,0010,-0.07796876132488251,-3.946702480316162,3.8687337189912796,0.9251995300092684,1,0
238,3,c13,0000,0000,1000,-0.0012237222399562597,-8.12445068359375,8.123226961353794,0.9987787915335666,1,0
238,4,c21,0000,0000,0100,-0.001571464235894382,-6.626777172088623,6.625205707852729,0.9984314306835822,1,0
238,5,x0,1000,1000,1100,-0.00038275145925581455,-9.162108421325684,9.161725669866428,0.9996709187293963,1,0
238,6,x1,1100,1100,1000,-0.0036193816922605038,-5.632228851318359,5.628609469626099,0.9963871215806499,1,0
238,7,c03,1101,1101,1100,-0.0068437205627560616,-5.2568440437316895,5.250000323168933,0.9931816850762292,1,0
238,8,x1,1001,1001,0001,-0.0008656714344397187,-8.19132137298584,8.1904557015514,0.9991346087948159,1,0
239,1,x1,0011,0011,1000,-0.5319600105285645,-2.86932110786438,2.3373610973358154,0.5876259254684965,1,0
239,2,s31,0110,0110,0111,-0.07509136199951172,-3.0750913619995117,3.0,0.9276626242932411,1,0
239,3,c32,0110,0110,0100,-0.04633602499961853,-3.1832993030548096,3.136963278055191,0.9547710068247901,1,0
239,4,c01,0110,0110,0010,-0.0027149920351803303,-6.910931587219238,6.908216595184058,0.9972902686697285,1,0
239,5,x3,0111,0111,0110,-0.0004473344888538122,-8.125447273254395,8.12499993876554,0.9995870814512374,1,0
239,6,x0,1111,1111,0111,-0.013105107471346855,-4.887811183929443,4.8747060764580965,0.9870248715600057,1,0
239,7,x1,1011,1011,1010,-0.0010121132945641875,-7.126011848449707,7.124999735155143,0.9989898989277123,1,0
239,8,c31,1111,1111,1011,-0.04906836897134781,-3.0491747856140137,3.000106416642666,0.9521191449069383,1,0
240,1,s23,0001,0001,0010,-1.0409632921218872,-1.2164640426635742,0.175500750541687,0.3531993115304906,1,0
240,2,x0,1001,1001,1000,-0.7099335193634033,-1.9599335193634033,1.25,0.49208094073065023,1,0
240,3,c03,1000,1000,1001,-0.2060576230287552,-1.9560576677322388,1.7500000447034836,0.8139171958521353,1,0
240,4,x0,0000,0000,1000,-0.28601035475730896,-1.8224352598190308,1.5364249050617218,0.7512661574986818,1,0
240,5,s01,0000,0000,0001,-0.008406129665672779,-5.133406162261963,5.12500003259629,0.9916383596346843,1,0
240,6,t012,0000,0000,1000,-0.0005479073151946068,-7.77609920501709,7.775551297701895,0.9994530478511728,1,0
240,7,c03,0000,0000,1000,-0.00017070041212718934,-9.702183723449707,9.70201302303758,0.999829435058482,1,0
240,8,t132,0000,0000,1000,-4.2795778426807374e-05,-10.857791900634766,10.857749104856339,0.9999571247045657,1,0
241,1,s32,1001,1001,1010,-0.7723103761672974,-1.31028151512146,0.5379711389541626,0.4621748162702318,1,0
241,2,c20,1001,1001,0001,-0.45343905687332153,-2.572391986846924,2.1189529299736023,0.6366609961034525,1,0
241,3,t203,1001,1001,1000,-0.003649202175438404,-7.3786492347717285,7.37500003259629,0.9964234799371318,1,0
241,4,x2,1011,1011,1010,-0.00027237553149461746,-8.625271797180176,8.624999421648681,0.9997286201074722,1,0
241,5,t103,1011,1011,1010,-0.01622100919485092,-4.141221046447754,4.125000037252903,0.983913671327032,1,0
241,6,t132,1011,1011,1010,-0.0005593913956545293,-8.250558853149414,8.24999946175376,0.999448508522459,1,0
241,7,t321,1111,1111,1011,-0.006381409242749214,-5.255427837371826,5.249046428129077,0.9936450518607705,1,0
241,8,t302,1101,1101,1111,-0.0009445498581044376,-7.043929100036621,7.042984550178517,0.999065478121338,1,0
242,1,x2,1101,1101,0000,-0.27332383394241333,-3.4342570304870605,3.160933196544647,0.7610790758066044,1,0
242,2,s23,1110,1110,1111,-0.040514517575502396,-4.2905144691467285,4.249999951571226,0.9603116701832048,1,0
242,3,x1,1010,1010,1011,-0.1713901311159134,-2.9213902950286865,2.750000163912773,0.8425196665122641,1,0
242,4,s01,0110,1110,1110,-0.9989455938339233,-0.7109913229942322,-0.28795427083969116,0.3682714107032762,0,0
242,5,c02,0110,0110,0100,-0.0004491502186283469,-8.760109901428223,8.759660751209594,0.9995598495308663,1,0
242,6,t032,0110,0110,1111,-0.0006419062265194952,-8.973028182983398,8.972386276756879,0.9993626291114812,1,0
242,7,t032,0110,0110,1111,-8.034577331272885e-05,-11.497806549072266,11.497726203298953,0.9999204570278869,1,0
242,8,c23,0111,0111,0110,-0.003912079147994518,-5.753912448883057,5.750000369735062,0.9961060892100457,1,0
243,1,s30,1101,1101,0110,-0.820737361907959,-2.1864750385284424,1.3657376766204834,0.44018616876959304,1,0
243,2,s13,1101,1101,1001,-0.06088457629084587,-3.7766647338867188,3.715780157595873,0.9409354766963958,1,0
243,3,x1,1001,1001,1111,-0.0004903812659904361,-8.805293083190918,8.804802701924928,0.9995112447588027,1,0
243,4,x1,1101,1101,1100,-0.0002754708693828434,-8.500274658203125,8.499999187333742,0.9997249546293465,1,0
243,5,s13,1101,1101,1001,-0.0031302175484597683,-6.128208637237549,6.125078419689089,0.9968791968425731,1,0
243,6,s02,0111,0111,1101,-0.0030126094352453947,-6.695768356323242,6.692755746887997,0.9969997834022838,1,0
243,7,s10,1011,1011,1001,-0.00921445433050394,-4.884721755981445,4.875507301650941,0.9908321620002138,1,0
243,8,x3,1010,1010,1110,-0.0006582785863429308,-8.7575101852417,8.756851906655356,0.9993513520903494,1,0
244,1,t031,1100,1100,1000,-0.908265233039856,-1.8706649541854858,0.9623997211456299,0.40364052865898287,1,0
244,2,t230,1100,1100,0100,-0.0396767221391201,-4.949324607849121,4.909647885710001,0.961575682378534,1,0
244,3,t031,1100,1100,1001,-0.00039513263618573546,-9.234333038330078,9.233937905693892,0.999614409468422,1,0
244,4,t201,1100,1100,1000,-0.0002487684541847557,-8.546415328979492,8.546166560525307,0.9997527285958727,1,0
244,5,s21,1010,1010,1100,-0.023048127070069313,-4.019472122192383,3.9964239951223135,0.9772758349045845,1,0
244,6,c32,1010,1010,1110,-0.0006542474729940295,-8.882132530212402,8.881478282739408,0.9993542792891299,1,0
244,7,x0,0010,0010,1010,-0.0019041132181882858,-6.563941478729248,6.56203736551106,0.9981025422952794,1,0
244,8,t032,0010,0010,0000,-1.835815237427596e-05,-12.068168640136719,12.068150281984344,0.9999816828556541,1,0
245,1,c31,1110,1110,1010,-0.36155635118484497,-2.705199956893921,2.343643605709076,0.6971140262670875,1,0
245,2,c31,1110,1110,1010,-0.003447993192821741,-7.212357997894287,7.208910004701465,0.996580812884472,1,0
245,3,c32,1110,1110,1111,-0.00017845042748376727,-9.500177383422852,9.499998932995368,0.9998301219050109,1,0
245,4,s13,1011,1011,1110,-0.002547463169321418,-6.129734992980957,6.127187529811636,0.9974572559949757,1,0
245,5,s13,1110,1110,1101,-0.1266176998615265,-3.346217393875122,3.2195996940135956,0.8810748587593912,1,0
245,6,c10,0110,0110,1110,-0.033370427787303925,-3.6537678241729736,3.6203973963856697,0.9674612783590363,1,0
245,7,t321,0110,0110,0010,-0.002287972951307893,-6.150834560394287,6.148546587442979,0.9977171396892824,1,0
245,8,c30,0110,0110,1110,-0.018228257074952126,-4.060633659362793,4.042405402287841,0.9819414511581865,1,0
246,1,c23,0001,0001,0011,-0.4123784899711609,-2.6633780002593994,2.2509995102882385,0.6633388435263028,1,0
246,2,s10,0001,0001,1001,-0.2191975712776184,-2.064614772796631,1.8454172015190125,0.8032766636198432,1,0
246,3,t310,0001,0001,1001,-0.038659363985061646,-3.2932512760162354,3.2545919120311737,0.9620968506209219,1,0
246,4,t021,0001,0001,1001,-0.0007781297899782658,-8.275245666503906,8.274467536713928,0.9993358890107015,1,0
246,5,s13,0100,0100,0101,-0.009364932775497437,-4.759364604949951,4.749999672174454,0.9906790643718949,1,0
246,6,t310,0100,0100,1100,-0.009816169738769531,-5.303360462188721,5.293544292449951,0.9902346087223687,1,0
246,7,t301,0100,0100,0101,-0.00012647765106521547,-9.500125885009766,9.4999994073587,0.9998750011146649,1,0
246,8,x2,0110,0110,0000,-6.997412128839642e-05,-9.761226654052734,9.761156679931446,0.9999301666466914,1,0
247,1,x2,1010,1010,1011,-0.35998642444610596,-2.4849863052368164,2.1249998807907104,0.6989636444430564,1,0
247,2,t023,1011,1010,1010,-1.1877723932266235,-0.5627723336219788,-0.6250000596046448,0.3055558736212267,0,0
247,3,t213,1011,1011,1010,-0.03690332919359207,-3.7869036197662354,3.7500002905726433,0.9638227880271856,1,0
247,4,s10,0111,0111,1111,-0.47515732049942017,-1.586083173751831,1.1109258532524109,0.6218071841853834,1,0
247,5,t320,1111,1111,0111,-0.026338672265410423,-4.023064136505127,3.9967254642397165,0.9740280877182023,1,0
247,6,c13,1110,1110,1111,-0.001277376664802432,-6.876276969909668,6.8749995932448655,0.9987271974927874,1,0
247,7,s02,1110,1110,1100,-0.06384783983230591,-3.201951742172241,3.1381039023399353,0.9381552036456612,1,0
247,8,x0,0110,0110,0111,-0.018459275364875793,-4.018458843231201,3.9999995678663254,0.9817277751720597,1,0
248,1,x0,1000,1000,0000,-0.8893259763717651,-1.4867569208145142,0.597430944442749,0.4118097990754443,1,0
248,2,x3,1001,1001,1100,-0.011252548545598984,-6.072015762329102,6.060763213783503,0.9888432000546729,1,0
248,3,x1,1101,1101,1100,-0.015931066125631332,-4.765931129455566,4.750000063329935,0.9841966040923202,1,0
248,4,x1,1001,1001,1111,-0.010528195649385452,-5.213539123535156,5.203010927885771,0.9895296455710615,1,0
248,5,c12,1001,1001,0001,-0.002225459786131978,-7.608048915863037,7.605823456076905,0.9977974454249026,1,0
248,6,c31,1101,1101,1001,-0.021346690133213997,-4.038491249084473,4.017144558951259,0.9788841612038928,1,0
248,7,x1,1001,1001,1101,-0.0003061083843931556,-8.695549011230469,8.695242902846076,0.9996953396375978,1,0
248,8,c23,1001,1001,1101,-0.0007140750531107187,-8.005142211914062,8.004428136860952,0.9992932752630065,1,0
249,1,s12,0000,0000,0100,-0.7634819746017456,-2.1213395595550537,1.357857584953308,0.4662943020625361,1,0
249,2,c31,0000,0000,0001,-0.02630164474248886,-5.651301860809326,5.625000216066837,0.9742392091455763,1,0
249,3,x3,0001,0001,0000,-0.00011133884254377335,-10.625110626220703,10.62499928737816,0.9998889073837284,1,0
249,4,c20,0001,0001,1001,-0.040927622467279434,-3.2994446754455566,3.258517052978277,0.9599606459977547,1,0
249,5,x3,0000,0000,0001,-0.0007205387810245156,-7.375720024108887,7.374999485327862,0.9992832777588918,1,0
249,6,t021,0000,0000,0001,-0.003100021742284298,-6.0030999183654785,5.999999896623194,0.9969219717604924,1,0
249,7,c03,0000,0000,0001,-0.00038880371721461415,-8.000389099121094,8.00000029540388,0.9996113140149896,1,0
249,8,x0,1000,1000,1001,-0.0013015546137467027,-7.5013017654418945,7.500000210828148,0.9987138769124455,1,0
250,1,x0,0100,0100,1100,-0.4430820941925049,-2.2886593341827393,1.8455772399902344,0.6426270671814933,1,0
250,2,x1,0000,0000,0100,-0.059155359864234924,-3.214933156967163,3.155777797102928,0.9425679438892127,1,0
250,3,c10,0000,0000,1000,-0.0007428668322972953,-7.502842903137207,7.50210003630491,0.9992595832456166,1,0
250,4,s03,0000,0000,1001,-0.000626345572527498,-8.304276466369629,8.303650120797101,0.9993748394342897,1,0
250,5,x0,1000,1000,0000,-0.0005317309405654669,-8.253300666809082,8.252768935868517,0.9995136738004137,1,0
250,6,s03,0001,0001,0000,-0.0013714811066165566,-7.126371383666992,7.124999902560376,0.9986676597512248,1,0
250,7,t201,0001,0001,0000,-0.002106004161760211,-6.627106189727783,6.625000185566023,0.9979048237067792,1,0
250,8,t023,0001,0001,0000,-0.00106341321952641,-8.251063346862793,8.249999933643267,0.9989593720638007,1,0
251,1,x3,0110,0110,0100,-0.4720383584499359,-3.149219274520874,2.677180916070938,0.6243870208511288,1,0
251,2,t213,0111,0110,0110,-1.3575191497802734,-0.35751911997795105,-1.0000000298023224,0.2573346947047533,0,0
251,3,t120,1111,1111,0111,-0.0510796383023262,-3.909510612487793,3.8584309741854668,0.950266160262188,1,0
251,4,c03,1110,1110,1100,-0.0004123202234040946,-9.443560600280762,9.443148280057358,0.9996009552903055,1,0
251,5,x1,1010,1010,1011,-0.009144572541117668,-6.2591447830200195,6.250000210478902,0.9909101647499715,1,0
251,6,c30,1010,1010,0010,-0.01613217033445835,-4.269837379455566,4.253705209121108,0.9839996689202961,1,0
251,7,c01,1110,1110,1010,-0.0011350975837558508,-7.975329399108887,7.974194301525131,0.9988662054190132,1,0
251,8,t032,1110,1110,1111,-0.0011526113376021385,-7.126152515411377,7.124999904073775,0.99885214674951,1,0
252,1,c10,0010,0010,1010,-0.33859139680862427,-2.071282386779785,1.7326909899711609,0.713183058950746,1,0
252,2,x2,0000,0000,1000,-0.05668844282627106,-4.724336624145508,4.667648181319237,0.9449451807538566,1,0
252,3,x0,1000,1000,0000,-0.06284389644861221,-2.8842482566833496,2.8214043602347374,0.9391052757023093,1,0
252,4,x3,1001,1001,1000,-0.0007496928446926177,-7.2507500648498535,7.250000372005161,0.9992509882597495,1,0
252,5,t321,1001,1001,1101,-0.038991209119558334,-3.2943406105041504,3.255349401384592,0.9617656549777313,1,0
252,6,c20,1001,1001,0001,-0.07675138115882874,-2.9593124389648438,2.882561057806015,0.9266202879249088,1,0
252,7,c02,1011,1011,1001,-0.0003437635605223477,-8.251317977905273,8.250974214344751,0.999656862851065,1,0
252,8,s01,0111,0111,1111,-0.21137551963329315,-1.8833030462265015,1.6719275265932083,0.8095342599507739,1,0
253,1,t013,1000,1000,1001,-0.2632611095905304,-2.763261079788208,2.4999999701976776,0.7696810367316991,1,0
253,2,x0,0000,0000,1000,-0.05246134102344513,-3.401243209838867,3.348781868815422,0.9489098814912601,1,0
253,3,c13,0000,0000,0001,-0.0007490300922654569,-7.375749111175537,7.375000081083272,0.9992517607467115,1,0
253,4,c12,0000,0000,1000,-8.332517609233037e-05,-9.767282485961914,9.767199160785822,0.9999224620394205,1,0
253,5,c30,0000,0000,1000,-0.0015237864572554827,-6.501671314239502,6.5001475277822465,0.9984838166213649,1,0
253,6,c02,0000,0000,1000,-7.6293727033771574e-06,-12.341780662536621,12.341773033163918,0.9999927914069322,1,0
253,7,s20,0000,0000,0010,-0.0006891519878990948,-7.8757781982421875,7.875089046254288,0.9993110736506332,1,0
253,8,x1,0100,0100,0000,-0.0001510314759798348,-9.131914138793945,9.131763107317965,0.999856278840996,1,0
254,1,t012,0010,0010,0000,-0.4600900411605835,-2.9052774906158447,2.4451874494552612,0.6316033605688048,1,0
254,2,t130,0010,0010,1010,-0.044880468398332596,-4.178390026092529,4.133509557694197,0.9561734250159726,1,0
254,3,x0,1010,1010,0010,-0.002806151984259486,-7.102888107299805,7.100081955315545,0.9973086877828712,1,0
254,4,t012,1010,1010,1000,-0.0006598361069336534,-7.954538345336914,7.95387850922998,0.9993405186123003,1,0
254,5,x0,0010,0010,1010,-0.0003846528707072139,-8.424039840698242,8.423655187827535,0.9996202493974703,1,0
254,6,c32,0010,0010,0000,-0.00027439265977591276,-8.430142402648926,8.42986800998915,0.9997260899637379,1,0
254,7,s01,0010,0010,1000,-0.0006716501666232944,-8.17330551147461,8.172633861307986,0.9993316753879022,1,0
254,8,s03,0010,0010,1010,-0.22561998665332794,-1.7135393619537354,1.4879193753004074,0.7980216961125451,1,0
255,1,t123,1101,1101,1100,-0.26130586862564087,-3.511305809020996,3.2499999403953552,0.7718017540225376,1,0
255,2,c32,1111,1111,0000,-0.005256439559161663,-7.24979829788208,7.244541858322918,0.9951673177468191,1,0
255,3,x1,1011,1011,1101,-0.0004980998928658664,-7.968894958496094,7.968396858603228,0.9995078125888864,1,0
255,4,t013,1011,1011,1110,-0.00032255161204375327,-8.703646659851074,8.70332410823903,0.9996783231975926,1,0
255,5,c02,1001,1001,1101,-0.00016092383884824812,-11.507842063903809,11.50768114006496,0.9999618842717274,1,0
255,6,x1,1101,1101,1100,-9.870316716842353e-05,-9.75009822845459,9.749999525287421,0.9999033843282301,1,0
255,7,t120,1101,1101,0101,-0.0008671049727126956,-7.265130996704102,7.264263891731389,0.9991413144912292,1,0
255,8,s23,1110,1110,1111,-0.00119028240442276,-7.376190185546875,7.374999903142452,0.998813973053133,1,0
256,1,x3,1001,1001,1010,-0.18325945734977722,-3.9517412185668945,3.7684817612171173,0.8348146064257547,1,0
256,2,c31,1101,1101,1001,-0.22564804553985596,-1.7212353944778442,1.4955873489379883,0.7980071848703153,1,0
256,3,s21,1011,1011,1101,-0.10382524132728577,-2.3746395111083984,2.2708142697811127,0.9013856137009247,1,0
256,4,c20,0011,0011,1011,-0.1824055165052414,-2.1773338317871094,1.994928315281868,0.8333068751212788,1,0
256,5,s20,1001,1001,1000,-0.04916175454854965,-3.549161434173584,3.4999996796250343,0.9521255895955903,1,0
256,6,x2,1011,1011,1101,-0.0005758485058322549,-8.319646835327148,8.319070986821316,0.9994296018692654,1,0
256,7,t013,1011,1011,1110,-0.002129234140738845,-6.727849960327148,6.72572072618641,0.9978748745496018,1,0
256,8,s20,1011,1011,1101,-0.007987957447767258,-5.383145809173584,5.375157851725817,0.9920446822154961,1,0
257,1,t123,0100,0100,0101,-0.24758169054985046,-2.497581720352173,2.2500000298023224,0.7817428061568784,1,0
257,2,s30,0100,0100,1101,-0.023669522255659103,-4.284789562225342,4.261120039969683,0.9766365199030779,1,0
257,3,c12,0110,0110,0100,-0.00029634134261868894,-9.000308990478516,9.000012649135897,0.9997110922981015,1,0
257,4,x3,0111,0111,0110,-0.00048561490257270634,-9.75048542022705,9.749999805324478,0.9995366420382419,1,0
257,5,c21,0011,0011,0111,-0.003196093952283263,-7.509029388427734,7.505833294475451,0.9968367951326593,1,0
257,6,s12,0101,0101,0011,-0.0046819294802844524,-6.127644062042236,6.122962132561952,0.9969120601620912,1,0
257,7,x0,1101,1101,1100,-0.010200878605246544,-5.135200500488281,5.124999621883035,0.9898551121032015,1,0
257,8,s20,0111,0111,1101,-0.007189084775745869,-5.513606071472168,5.506416986696422,0.9928456326577515,1,0
258,1,c30,0110,0110,1110,-0.5077600479125977,-1.8689680099487305,1.3612079620361328,0.6024608143663167,1,0
258,2,t301,0110,0110,0111,-0.005144582130014896,-6.755145072937012,6.750000490806997,0.9948825532561065,1,0
258,3,s10,1010,1010,0110,-0.0027145748026669025,-6.751630783081055,6.748916208278388,0.9981910403981402,1,0
258,4,s01,0110,0110,1110,-0.5082111954689026,-1.4444258213043213,0.9362146258354187,0.6015723420929293,1,0
258,5,t201,0110,0110,0111,-0.00011396212357794866,-10.000114440917969,10.00000047879439,0.9998864047079794,1,0
258,6,s30,0110,0110,0011,-0.0018576043657958508,-7.398452281951904,7.3965946775861084,0.9981459490023189,1,0
258,7,t312,0110,0110,0100,-0.0020106276497244835,-6.281702995300293,6.2796923676505685,0.9979922398566723,1,0
258,8,t213,0111,0111,0110,-0.026390308514237404,-3.651390314102173,3.6250000055879354,0.9739577108730747,1,0
259,1,s13,0110,0110,0111,-0.6724671125411987,-1.6724672317504883,1.0000001192092896,0.5104601468982534,1,0
259,2,t302,0110,0110,0111,-0.14140775799751282,-3.2664079666137695,3.1250002086162567,0.8684374222897043,1,0
259,3,x2,0100,0100,0010,-0.0006868448108434677,-7.5114593505859375,7.510772505775094,0.9993201051725477,1,0
259,4,t320,0100,0100,1100,-0.00034233301994390786,-8.886886596679688,8.886544263659744,0.9996607115879225,1,0
259,5,t301,0100,0100,0000,-0.00047175519284792244,-8.556083679199219,8.55561192400637,0.9995315471573445,1,0
259,6,c30,0100,0100,1100,-0.0012259772047400475,-6.769461154937744,6.768235177733004,0.9987755670840813,1,0
259,7,t103,0100,0100,0101,-3.0040562705835328e-05,-11.125029563903809,11.124999523341103,0.9999700425318212,1,0
259,8,c12,0110,0110,0100,-0.00017093350470531732,-8.750173568725586,8.75000263522088,0.9998294315981427,1,0
260,1,t102,0001,0001,0011,-0.30844181776046753,-2.8615055084228516,2.553063690662384,0.7350455572259287,1,0
260,2,s21,0001,0001,0101,-0.37945425510406494,-1.443912148475647,1.064457893371582,0.6842483668977337,1,0
260,3,x1,0101,0101,0001,-0.005069121718406677,-5.38532018661499,5.380251064896584,0.9949450835159199,1,0
260,4,s32,0110,0110,0111,-0.006849431432783604,-5.25684928894043,5.249999857507646,0.9931810337269241,1,0
260,5,t032,0110,0110,1111,-9.786789451027289e-05,-11.080134391784668,11.080036523890158,0.9999036016722822,1,0
260,6,s31,0011,0011,0010,-0.001117380103096366,-7.62611722946167,7.624999849358574,0.9989002706766322,1,0
260,7,c31,0111,0111,0011,-0.00040659529622644186,-8.500762939453125,8.500356344156899,0.9996455893250429,1,0
260,8,t213,0110,0110,0111,-0.0025729204062372446,-6.002573013305664,6.000000092899427,0.9974340644686058,1,0
261,1,t012,0101,0101,0111,-0.40437808632850647,-2.662421703338623,2.2580436170101166,0.6678398860128195,1,0
261,2,x2,0111,0111,1000,-0.004687408450990915,-7.408545017242432,7.403857608791441,0.995350949082752,1,0
261,3,x1,0011,0011,0101,-0.00022589020954910666,-9.062137603759766,9.061911713550217,0.9997859562402356,1,0
261,4,s31,0110,0110,0101,-0.0022343613673001528,-6.365055084228516,6.3628207228612155,0.9977763789937065,1,0
261,5,s30,0110,0110,1111,-0.699698269367218,-1.5602871179580688,0.8605888485908508,0.4967413041784937,1,0
261,6,t201,0110,0110,0010,-0.00049939303426072,-7.861042022705078,7.860542629670817,0.9995075764533224,1,0
261,7,c10,1110,1110,0110,-0.0010580257512629032,-7.0012407302856445,7.000182704534382,0.9989600673931102,1,0
261,8,s30,0111,0111,1110,-0.06188790500164032,-3.214242696762085,3.1523547917604446,0.9400093852615958,1,0
262,1,c31,0010,0010,0110,-0.6812373995780945,-2.371562957763672,1.6903255581855774,0.5064127525916803,1,0
262,2,t021,0010,0010,0011,-0.013862837105989456,-5.888862609863281,5.874999772757292,0.9862867328322793,1,0
262,3,c03,0010,0010,1000,-0.00037201930535957217,-10.239680290222168,10.239308270916808,0.9996311630319863,1,0
262,4,c12,0010,0010,1010,-0.0006927659269422293,-8.115882873535156,8.115190107608214,0.999308653556282,1,0
262,5,t102,0010,0010,1000,-1.7642898455960676e-05,-12.11575698852539,12.115739345626935,0.9999822824844787,1,0
262,6,s03,0010,0010,1010,-0.0067949797958135605,-5.288080215454102,5.281285235658288,0.9932281314919097,1,0
262,7,t213,0010,0010,0011,-8.964300650404766e-05,-11.000088691711426,10.999999048704922,0.9999114790958448,1,0
262,8,t032,0010,0010,1010,-1.144407087849686e-05,-12.492779731750488,12.49276828767961,0.9999885581889366,1,0
263,1,t013,0011,0011,1100,-0.3021758198738098,-3.757382869720459,3.455207049846649,0.7396422371274197,1,0
263,2,c23,0010,0010,0011,-0.021444063633680344,-4.521444320678711,4.500000257045031,0.9788308072779041,1,0
263,3,t310,0010,0010,0011,-0.004354976117610931,-6.254354953765869,6.249999977648258,0.9956611095217063,1,0
263,4,x3,0011,0011,0010,-0.00037416565464809537,-8.500373840332031,8.499999674677383,0.9996336167105866,1,0
263,5,x1,0111,0111,0011,-0.001061188755556941,-7.51442289352417,7.513361704768613,0.9989472044807269,1,0
263,6,s31,0111,0111,1110,-0.0024492782540619373,-6.956530570983887,6.954081292729825,0.9975540952259164,1,0
263,7,x0,1111,1111,0111,-0.0024624597281217575,-6.691762924194336,6.689300464466214,0.9978893136498821,1,0
263,8,c32,1101,1101,1111,-0.0031075170263648033,-6.03812837600708,6.035020858980715,0.9968995023339449,1,0
264,1,s23,1110,1110,1010,-0.46978551149368286,-3.0636777877807617,2.593892276287079,0.6252790651746089,1,0
264,2,s12,1110,1110,1010,-0.653344988822937,-1.5541545152664185,0.9008095264434814,0.5203460353000318,1,0
264,3,s12,1110,1110,1011,-0.10164985805749893,-2.876037120819092,2.774387262761593,0.9033463030366026,1,0
264,4,t210,0110,0110,1110,-0.7714002132415771,-0.8284070491790771,0.0570068359375,0.46307393853897616,1,0
264,5,c01,0110,0110,1010,-0.010270120576024055,-6.2029619216918945,6.1926918011158705,0.9897885370712863,1,0
264,6,t012,0110,0110,0111,-0.00011253125558141619,-10.62511157989502,10.624999048639438,0.9998877919552367,1,0
264,7,c13,0111,0111,0110,-0.002382500097155571,-6.252382278442383,6.249999778345227,0.9976300855138468,1,0
264,8,c12,0101,0101,0111,-0.001093476079404354,-7.141924858093262,7.140831382013857,0.9989609654778274,1,0
265,1,s13,0010,0110,0110,-1.686579704284668,-1.365368366241455,-0.3212113380432129,0.18516899462982375,0,0
265,2,t013,0010,0010,0100,-0.03448955714702606,-5.049905776977539,5.015416219830513,0.9662106594377746,1,0
265,3,x1,0110,0110,0010,-0.004779793322086334,-5.633089542388916,5.62830974906683,0.9952329184654112,1,0
265,4,c20,1110,1110,0110,-0.03882329910993576,-3.2885258197784424,3.2497025206685066,0.9620245390220552,1,0
265,5,t023,1111,1111,1110,-0.2023385912179947,-1.7023385763168335,1.4999999850988388,0.8168275270132662,1,0
265,6,x1,1011,1011,1010,-0.0006227847770787776,-8.000622749328613,7.9999999645515345,0.9993906829733616,1,0
265,7,t201,1111,1111,1011,-0.008463998325169086,-5.755383491516113,5.746919493190944,0.991574104755445,1,0
265,8,x3,1110,1110,1111,-0.0004147050203755498,-9.25041389465332,9.249999189632945,0.9996097158075451,1,0
266,1,t032,1011,1011,1001,-0.4848940968513489,-1.9849894046783447,1.5000953078269958,0.6164791986144971,1,0
266,2,x3,1010,1010,1110,-0.02847234718501568,-5.446056842803955,5.417584495618939,0.9719788702280948,1,0
266,3,t231,1010,1010,1110,-0.06310149282217026,-3.4126436710357666,3.3495421782135963,0.9388625320942353,1,0
266,4,c30,1010,1010,0010,-0.0021341191604733467,-6.259222030639648,6.257087911479175,0.9978696214763676,1,0
266,5,s12,1100,1100,1101,-0.01881157048046589,-4.018811225891113,3.9999996554106474,0.9815397883512046,1,0
266,6,t012,1110,1100,1100,-1.1386104822158813,-0.3877127468585968,-0.7508977353572845,0.3202651286091732,0,0
266,7,c01,1010,1010,1100,-0.01598493568599224,-4.320766448974609,4.304781513288617,0.98414874605884,1,0
266,8,s10,0110,0110,1010,-0.2329673022031784,-1.9541488885879517,1.7211815863847733,0.79218084728258,1,0
267,1,c32,1101,1101,1111,-0.514073371887207,-2.052393674850464,1.5383203029632568,0.5986438651934742,1,0
267,2,t013,1100,1101,1101,-1.1997206211090088,-0.4497205913066864,-0.7500000298023224,0.3013263209191645,0,0
267,3,x1,1000,1000,1001,-0.029945235699415207,-3.904945135116577,3.874999899417162,0.9705026098947275,1,0
267,4,t130,1000,1000,0000,-0.0038065151311457157,-6.1066179275512695,6.102811412420124,0.9962071793427897,1,0
267,5,x1,1100,1100,1000,-9.476942068431526e-05,-10.276408195495605,10.276313426074921,0.9999112668660869,1,0
267,6,s23,1100,1100,0101,-0.10926660150289536,-4.154794216156006,4.0455276146531105,0.8979904633639593,1,0
267,7,t210,1100,1100,0100,-0.001525258645415306,-6.754391670227051,6.7528664115816355,0.9985026067536507,1,0
267,8,c21,1100,1100,1000,-0.01881123147904873,-4.059742450714111,4.040931219235063,0.9816660154732044,1,0
268,1,t120,0100,0100,1100,-0.5932666063308716,-1.5391845703125,0.9459179639816284,0.5534501152824814,1,0
268,2,s31,0001,0001,0011,-0.0021383180283010006,-7.590742588043213,7.588604270014912,0.9978781077537007,1,0
268,3,x0,1001,1001,1000,-0.06297830492258072,-3.4379782676696777,3.374999962747097,0.9390725294825485,1,0
268,4,x2,1011,1011,1001,-0.000870879041031003,-7.506568908691406,7.505698029650375,0.999129843776422,1,0
268,5,t301,1111,1111,1011,-0.016734827309846878,-4.141870498657227,4.12513567134738,0.9834048502166741,1,0
268,6,x2,1101,1101,1110,-0.0005368264392018318,-8.348176002502441,8.34763917606324,0.9996081111159365,1,0
268,7,t103,1100,1101,1101,-1.3150078058242798,-0.3150077760219574,-1.0000000298023224,0.2684818721932815,0,0
268,8,s30,0101,0101,0100,-0.08230238407850266,-2.5823023319244385,2.499999947845936,0.9210070998341283,1,0
269,1,s30,1101,1101,0101,-0.6386312246322632,-2.3296995162963867,1.6910682916641235,0.5281384264385299,1,0
269,2,t102,1111,1111,1001,-0.09250495582818985,-3.256714344024658,3.1642093881964684,0.9117633519231312,1,0
269,3,c01,1011,1011,0111,-0.16102346777915955,-2.1671924591064453,2.0061689913272858,0.8513109376133223,1,0
269,4,t130,1011,0011,0011,-0.7420046925544739,-0.7011390328407288,-0.04086565971374512,0.47616843542104853,0,0
269,5,x1,1111,1111,0011,-0.0003338850219734013,-9.60216999053955,9.601836105517577,0.9996738944726828,1,0
269,6,x1,1011,1011,1101,-0.0005702166818082333,-8.014532089233398,8.01396187255159,0.9995084211919302,1,0
269,7,t312,1011,1011,1001,-0.009012370370328426,-4.758999347686768,4.749986977316439,0.9910748842397518,1,0
269,8,x3,1010,1010,1011,-6.079588274587877e-05,-10.87506103515625,10.875000239273504,0.9999587194523485,1,0
270,1,s32,0000,0000,0010,-0.7685071229934692,-1.6197175979614258,0.8512104749679565,0.4643895833212507,1,0
270,2,s01,0000,0000,0001,-0.14521509408950806,-3.0202150344848633,2.8749999403953552,0.8650013532249518,1,0
270,3,s32,0000,0000,0010,-0.4843335747718811,-1.6862870454788208,1.2019534707069397,0.6162178866515112,1,0
270,4,x0,1000,1000,0000,-0.06642405688762665,-2.815142869949341,2.748718813061714,0.9357765527854084,1,0
270,5,s10,0100,0100,1000,-0.05559898167848587,-3.545881986618042,3.490283004939556,0.945918908078222,1,0
270,6,s23,0100,0100,0110,-0.020434735342860222,-4.583630561828613,4.563195826485753,0.9798262355661983,1,0
270,7,t132,0100,0100,0110,-0.0036165586207062006,-6.008767127990723,6.0051505693700165,0.9964136133299836,1,0
270,8,s20,0100,0100,1000,-0.00297675677575171,-6.391530513763428,6.388553756987676,0.9970284429645948,1,0
271,1,x0,0010,0010,1010,-0.4597301483154297,-2.4534640312194824,1.9937338829040527,0.6317879891519929,1,0
271,2,s32,0001,0001,0010,-0.06484653800725937,-3.484837532043457,3.4199909940361977,0.9372836535671778,1,0
271,3,x0,1001,1001,0001,-0.1790039837360382,-1.9852854013442993,1.806281417608261,0.8362743014165406,1,0
271,4,t103,1001,1001,1100,-0.016139818355441093,-5.916670799255371,5.90053098089993,0.984062012524334,1,0
271,5,t023,1001,1001,1101,-0.0017057728255167603,-7.777212142944336,7.775506370118819,0.9983067058964407,1,0
271,6,s30,1001,1001,0001,-0.00024090851366054267,-8.878885269165039,8.878644360651379,0.999759480509362,1,0
271,7,s31,1100,1100,1101,-0.1617407202720642,-1.9117406606674194,1.7499999403953552,0.8506624218467426,1,0
271,8,c13,1101,1101,1100,-0.09115417301654816,-2.466154098510742,2.374999925494194,0.9128957078916694,1,0
272,1,t310,0101,1101,1101,-1.2886662483215332,-0.9652354717254639,-0.32343077659606934,0.275865755378015,0,0
272,2,x0,1101,1101,0101,-0.03100239671766758,-3.975929021835327,3.9449266251176596,0.9695092238628495,1,0
272,3,s21,1011,1011,1101,-0.14965060353279114,-2.037355422973633,1.8877048194408417,0.8611326064187821,1,0
272,4,s13,1110,1110,1101,-0.03733151778578758,-4.083446979522705,4.0461154617369175,0.9633735898206229,1,0
272,5,t301,1110,1110,1010,-0.01331373117864132,-4.5446624755859375,4.531348744407296,0.9869476804204725,1,0
272,6,c30,1110,1110,0110,-0.0005726475501433015,-7.509233474731445,7.508660827181302,0.9994287312077795,1,0
272,7,t301,1110,1110,1010,-0.0047232238575816154,-5.384515762329102,5.37979253847152,0.9952899334171699,1,0
272,8,t312,1110,1110,1100,-5.912685446674004e-05,-10.125754356384277,10.12569522952981,0.9999425020411917,1,0
273,1,x1,1000,1000,1010,-0.3906591534614563,-3.0537538528442383,2.663094699382782,0.6768718225804886,1,0
273,2,x0,0000,0000,1000,-0.09821563959121704,-3.3852710723876953,3.2870554327964783,0.9064849799090534,1,0
273,3,t123,0000,0000,0001,-0.0018011711072176695,-7.376801013946533,7.3749998428393155,0.9982133212169084,1,0
273,4,c02,0000,0000,0001,-3.719299638760276e-05,-11.500038146972656,11.500000953976269,0.9999633125884586,1,0
273,5,x2,0010,0010,1000,-5.4954856750555336e-05,-11.029216766357422,11.029161811500671,0.9999452716030975,1,0
273,6,t302,0010,0010,0000,-0.0001393477723468095,-9.348589897155762,9.348450549383415,0.9998623133496984,1,0
273,7,x0,1010,1010,0010,-0.0003490219241939485,-8.750871658325195,8.750522636401001,0.9996740730425563,1,0
273,8,x1,1110,1110,1100,-9.417381079401821e-05,-10.002004623413086,10.001910449602292,0.9999059579013474,1,0
274,1,t123,0011,0011,0010,-0.298667311668396,-3.5486674308776855,3.2500001192092896,0.7423789873660731,1,0
274,2,x0,1011,1011,1010,-0.024515889585018158,-4.8995161056518555,4.875000216066837,0.975882332483262,1,0
274,3,c21,1111,1111,1101,-0.022171156480908394,-4.823746204376221,4.801575047895312,0.9781161148444368,1,0
274,4,c12,1101,1101,1100,-0.00019752314256038517,-9.62519645690918,9.62499893376662,0.9998418639689198,1,0
274,5,c23,1101,1101,1111,-0.010724877938628197,-4.766321659088135,4.755596781149507,0.9895202753734732,1,0
274,6,x0,0101,0101,0111,-0.0010463348589837551,-7.649170875549316,7.648124540690333,0.998963704757706,1,0
274,7,x0,1101,1101,1100,-0.0005450700409710407,-8.000545501708984,8.000000431668013,0.999463461616165,1,0
274,8,x2,1111,1111,1110,-5.7458211813354865e-05,-10.562557220458984,10.562499762247171,0.9999540012605153,1,0
275,1,x2,1111,1111,1000,-0.2951675355434418,-3.7276902198791504,3.4325226843357086,0.744926587866065,1,0
275,2,t021,1011,1011,1111,-0.18166621029376984,-2.742640972137451,2.5609747618436813,0.8339197559780867,1,0
275,3,x3,1010,1010,1110,-0.0033344002440571785,-7.258419990539551,7.255085590295494,0.9966817842644758,1,0
275,4,t230,1010,1010,0010,-0.010896471329033375,-4.799778938293457,4.788882466964424,0.9891840022680353,1,0
275,5,c01,1110,1110,1100,-0.0010129889706149697,-8.054610252380371,8.053597263409756,0.9989881381026668,1,0
275,6,x2,1100,1100,1110,-3.9100326830521226e-05,-10.815340995788574,10.815301895461744,0.9999628624266498,1,0
275,7,t301,1100,1100,1000,-0.0011666964273899794,-7.305051803588867,7.303885107161477,0.9988582590626786,1,0
275,8,s20,0110,0110,0111,-0.0034603753592818975,-6.12846040725708,6.125000031897798,0.9965553694733867,1,0
276,1,x1,0000,0000,0100,-0.42738595604896545,-2.5451345443725586,2.117748588323593,0.6525391008270172,1,0
276,2,s20,0000,0000,1000,-0.04677792638540268,-3.563187599182129,3.5164096727967262,0.9543019671939548,1,0
276,3,x2,0010,0010,0000,-7.545766129624099e-05,-11.377257347106934,11.377181889445637,0.9999253864071509,1,0
276,4,c10,0010,0010,1010,-0.001515141106210649,-6.756633281707764,6.755118140601553,0.998501774195547,1,0
276,5,s12,0100,0100,1000,-0.0025649922899901867,-6.582650661468506,6.580085669178516,0.9976050046800832,1,0
276,6,s01,1000,1000,0100,-0.001340389484539628,-7.002982139587402,7.001641750102863,0.9986678117834957,1,0
276,7,c12,1000,1000,1100,-0.00041373330168426037,-8.281949996948242,8.281536263646558,0.9995868593569164,1,0
276,8,t132,1000,1000,1100,-0.0004056206962559372,-8.520428657531738,8.520023036835482,0.9995963334616143,1,0
277,1,s31,0111,0111,0011,-0.7577848434448242,-1.3534348011016846,0.5956499576568604,0.4687399272710374,1,0
277,2,c32,0101,0101,1000,-0.029327785596251488,-5.45419979095459,5.424872005358338,0.9712210250329032,1,0
277,3,s03,1100,1100,0101,-0.7249084711074829,-1.1418719291687012,0.41696345806121826,0.48437873032370476,1,0
277,4,c32,1100,1100,1101,-0.7689148187637329,-1.2689149379730225,0.5000001192092896,0.46514185573627753,1,0
277,5,x1,1000,1000,0000,-0.17035843431949615,-3.4042017459869385,3.2338433116674423,0.8434123395136839,1,0
277,6,x2,1010,1010,1000,-0.009522363543510437,-5.89141845703125,5.88189609348774,0.9905312788581662,1,0
277,7,x0,0010,0010,1010,-0.029715372249484062,-4.380514144897461,4.350798772647977,0.9707264145665465,1,0
277,8,t013,0010,0010,0011,-0.002029052469879389,-7.002028942108154,6.999999889638275,0.9979744878618015,1,0
278,1,x3,1001,1001,1010,-0.22224348783493042,-3.73941969871521,3.5171762108802795,0.8032275227912149,1,0
278,2,s31,1100,1101,1101,-1.1366862058639526,-0.6366862058639526,-0.5,0.3208822360066182,0,0
278,3,s31,1001,1001,1100,-0.9397332668304443,-1.412939190864563,0.47320592403411865,0.3908139051902048,1,0
278,4,t103,1001,1001,1000,-0.19542664289474487,-2.6954267024993896,2.5000000596046448,0.822869277938707,1,0
278,5,s31,1100,1100,1101,-0.5138096809387207,-1.8888096809387207,1.375,0.5982144833516472,1,0
278,6,x0,0100,0100,0101,-0.0636499747633934,-3.063649892807007,2.9999999180436134,0.9384164349179719,1,0
278,7,x1,0000,0000,0100,-0.002778967609629035,-6.516387462615967,6.513608495006338,0.9972252878813084,1,0
278,8,t123,0000,0000,0001,-0.0012011828366667032,-6.751201152801514,6.749999969964847,0.9988001950582845,1,0
279,1,c21,1101,1001,1001,-1.1213233470916748,-0.8843021392822266,-0.23702120780944824,0.3260674694996797,0,0
279,2,t312,1111,1111,1110,-0.004555038176476955,-6.879554748535156,6.874999710358679,0.9954663316455016,1,0
279,3,t031,1011,1011,0000,-0.010069042444229126,-6.44223690032959,6.432167857885361,0.9899919634726323,1,0
279,4,c21,1111,1111,1011,-0.026703093200922012,-3.6514182090759277,3.6247151158750057,0.9736542150916705,1,0
279,5,s23,1111,1111,1101,-0.00022039697796572,-8.500957489013672,8.500737092035706,0.9997832068888592,1,0
279,6,c30,0111,0111,1111,-0.001591015374287963,-7.394536018371582,7.392945002997294,0.9988319413115972,1,0
279,7,t013,0111,0111,0110,-0.00024019305419642478,-9.000239372253418,8.999999179199222,0.9997609222200737,1,0
279,8,s03,1110,1110,1111,-0.00015079644799698144,-9.750150680541992,9.749999884093995,0.9998733826554269,1,0
280,1,x0,1011,1011,0011,-0.47568708658218384,-2.4870080947875977,2.011321008205414,0.6218148078290046,1,0
280,2,t102,1011,1011,1100,-0.01613178849220276,-5.796746253967285,5.780614465475082,0.9840054716430804,1,0
280,3,x0,0011,0011,1111,-0.0013331461232155561,-7.191680908203125,7.190347762079909,0.9986834457491659,1,0
280,4,c20,1011,1011,0011,-0.006809705402702093,-5.259459972381592,5.25265026697889,0.993230616644814,1,0
280,5,x1,1111,1111,1110,-0.0003805985616054386,-8.250380516052246,8.24999991749064,0.9996198148654035,1,0
280,6,t302,1101,1101,1110,-0.006866279058158398,-5.11961555480957,5.112749275751412,0.9931783920710368,1,0
280,7,s10,1101,1101,0101,-0.009083776734769344,-5.167632579803467,5.1585488030686975,0.9909579312934526,1,0
280,8,c12,1111,1111,1110,-0.00011562944564502686,-9.500115394592285,9.49999976514664,0.999888852170274,1,0
281,1,x1,0001,0001,0111,-0.3614636957645416,-2.6818106174468994,2.320346921682358,0.6969151115501393,1,0
281,2,c10,0001,0001,1001,-0.03625836595892906,-3.8837437629699707,3.8474853970110416,0.9644021390439694,1,0
281,3,c13,0001,0001,0000,-0.00038943003164604306,-8.500389099121094,8.499999669089448,0.999612101557984,1,0
281,4,x3,0000,0000,0001,-0.0002584329922683537,-9.000258445739746,9.000000012747478,0.9997516150624318,1,0
281,5,s31,0000,0000,0001,-0.0017727409722283483,-6.376772880554199,6.375000139581971,0.9982321813973644,1,0
281,6,s02,0000,0000,1000,-0.0014367003459483385,-6.8784332275390625,6.876996527193114,0.9985645338774884,1,0
281,7,s20,0000,0000,0010,-0.004105896223336458,-6.004189491271973,6.000083595048636,0.9959031115997034,1,0
281,8,s13,0000,0000,0100,-0.18255715072155,-1.8049315214157104,1.6223743706941605,0.8331375891366049,1,0
282,1,s31,0011,0011,0110,-1.252079963684082,-1.2708418369293213,0.018761873245239258,0.2859947360320013,1,0
282,2,s02,1001,1001,0011,-1.9563243389129639,-2.010568141937256,0.05424380302429199,0.1414372310624251,1,0
282,3,t213,1001,1001,0111,-1.1875990629196167,-2.8483757972717285,1.6607767343521118,0.3062246802492493,1,0
282,4,s01,0101,0101,1001,-0.20191039144992828,-3.080047369003296,2.8781369775533676,0.8171955824683191,1,0
282,5,x1,0001,0001,0011,-0.21994677186012268,-1.9396213293075562,1.7196745574474335,0.8025697857510863,1,0
282,6,s20,0001,0001,0011,-0.2937133312225342,-2.2248027324676514,1.9310894012451172,0.745548387268002,1,0
282,7,c12,0001,0001,0000,-0.0004202969721518457,-8.375419616699219,8.374999319727067,0.9995808572538936,1,0
282,8,x1,0101,0101,0111,-0.0027162753976881504,-6.877989768981934,6.875273493584245,0.9972884587704517,1,0
283,1,t123,1100,1100,1101,-0.28211289644241333,-2.5321128368377686,2.2499999403953552,0.7568645017437236,1,0
283,2,s01,1100,1100,0110,-0.7919176816940308,-1.4042377471923828,0.612320065498352,0.45300031217981174,1,0
283,3,x2,1110,1110,1100,-0.0003651110455393791,-9.25793170928955,9.257566598244011,0.9996394617981659,1,0
283,4,t301,1110,1110,1010,-0.0029037739150226116,-6.1231842041015625,6.12028043018654,0.9971707747550972,1,0
283,5,x0,0110,0110,1110,-0.00093969760928303,-7.253406524658203,7.25246682704892,0.9990665894879145,1,0
283,6,c21,0010,0110,0110,-2.0191118717193604,-0.1431553214788437,-1.8759565502405167,0.13277350914863553,0,0
283,7,x1,0110,0110,0010,-0.0009168692631646991,-7.131947994232178,7.131031124969013,0.9990844702704824,1,0
283,8,s13,0011,0110,0110,-1.0539915561676025,-0.42882829904556274,-0.6251632571220398,0.348544276014042,0,0
284,1,t213,0010,0010,0011,-0.46714818477630615,-2.2171480655670166,1.7499998807907104,0.6276114121302744,1,0
284,2,c12,0010,0010,0011,-0.010011797770857811,-6.385011672973633,6.374999875202775,0.9900550959370056,1,0
284,3,s13,0010,0110,0110,-4.883697986602783,-0.6488502621650696,-4.234847724437714,0.007568995653639027,0,0
284,4,c31,0010,0010,0110,-0.0002174238907173276,-10.254036903381348,10.25381947949063,0.9997862357774063,1,0
284,5,x1,0110,0110,0010,-0.0006573616992682219,-7.378966808319092,7.378309446619824,0.9993435336902671,1,0
284,6,c12,0100,0100,0110,-4.4821885239798576e-05,-10.312548637390137,10.312503815504897,0.9999622404436388,1,0
284,7,t203,0100,0100,0110,-8.404124673688784e-05,-10.473523139953613,10.473439098706876,0.999917317414478,1,0
284,8,c32,0100,0100,0110,-0.0002268344396725297,-8.50023365020752,8.500006815767847,0.9997732923054681,1,0
285,1,t012,0011,0011,0000,-0.46292203664779663,-2.797792434692383,2.334870398044586,0.629738302064079,1,0
285,2,c13,0011,0011,0110,-0.06032099947333336,-4.0748796463012695,4.014558646827936,0.9414958800031101,1,0
285,3,c01,0011,0011,1011,-0.010502299293875694,-5.728466510772705,5.717964211478829,0.9895607542298531,1,0
285,4,c30,1011,1011,0011,-0.0010679543484002352,-7.251690864562988,7.250622910214588,0.9989428146349375,1,0
285,5,t032,1001,1001,1011,-0.0007137545035220683,-7.690104961395264,7.689391206891742,0.9994438879193861,1,0
285,6,c13,1001,1001,1100,-0.002222382929176092,-7.714956760406494,7.712734377477318,0.9977812193818579,1,0
285,7,c20,1001,1001,1101,-0.010992059484124184,-4.786291122436523,4.775299062952399,0.9893011264146351,1,0
285,8,c32,1011,1011,1001,-0.023265354335308075,-3.7732632160186768,3.7499978616833687,0.9770036607925663,1,0
286,1,t302,0111,0111,0101,-0.4438447058200836,-3.0302085876464844,2.5863638818264008,0.6419174119161798,1,0
286,2,c30,1111,1111,1100,-0.11809473484754562,-3.371358871459961,3.2532641366124153,0.8893317937899039,1,0
286,3,t123,1110,1110,1111,-0.014447355642914772,-5.764447212219238,5.7499998565763235,0.9858755432421199,1,0
286,4,s03,0111,0111,1110,-0.12020792812108994,-2.3660457134246826,2.2458377853035927,0.8867409361020864,1,0
286,5,x0,1111,1111,1110,-0.026845013722777367,-4.776844501495361,4.749999487772584,0.9735864946697552,1,0
286,6,s10,1111,1111,0111,-0.01711440458893776,-4.390269756317139,4.373155351728201,0.9830315581576482,1,0
286,7,x3,1110,1110,0110,-0.0005705574876628816,-8.176876068115234,8.176305510627571,0.9994422309904236,1,0
286,8,c32,1110,1110,1111,-0.0019019488245248795,-6.376902103424072,6.375000154599547,0.9981055330140416,1,0
287,1,x3,0011,0011,0000,-0.48954108357429504,-2.43381929397583,1.944278210401535,0.6133118216697818,1,0
287,2,t102,0011,0011,0010,-0.05845559388399124,-3.1834557056427,3.125000111758709,0.9432319398355693,1,0
287,3,x0,1011,1011,1010,-0.005682889372110367,-5.505682945251465,5.5000000558793545,0.9943554915538271,1,0
287,4,x2,1001,1001,1010,-0.0002096804673783481,-9.096335411071777,9.096125730604399,0.9997977151906056,1,0
287,5,x0,0001,0001,1001,-0.016442706808447838,-4.143856048583984,4.1274133417755365,0.9836928896992922,1,0
287,6,x3,0000,0000,0001,-0.00011050319881178439,-9.375110626220703,9.375000123021891,0.9998907031917875,1,0
287,7,t231,0000,0000,0001,-0.001229308545589447,-7.001229286193848,6.999999977648258,0.998787574208419,1,0
287,8,t201,0000,0000,0001,-0.0015231999568641186,-6.501523017883301,6.499999817926437,0.9984783445899039,1,0
288,1,c23,0000,0000,0001,-0.5391091108322144,-1.5391091108322144,1.0,0.5850938627216943,1,0
288,2,s23,0000,0000,0010,-0.023151803761720657,-4.649291515350342,4.626139711588621,0.9771231823939623,1,0
288,3,t102,0000,0000,0001,-0.00856535043567419,-5.0085649490356445,4.99999959859997,0.9914825244686241,1,0
288,4,x0,1000,1000,1100,-0.003704407252371311,-6.81962251663208,6.815918109379709,0.9968233605562155,1,0
288,5,s13,1000,1000,1100,-0.007902208715677261,-5.009698390960693,5.001796182245016,0.9921301752792402,1,0
288,6,t132,1000,1000,1100,-3.683536488097161e-05,-11.739447593688965,11.739410758324084,0.9999641924602268,1,0
288,7,x3,1001,1001,1000,-7.641129923285916e-05,-9.750076293945312,9.74999988264608,0.9999251945512607,1,0
288,8,x1,1101,1101,1100,-0.0013714574743062258,-6.626371383666992,6.624999926192686,0.9986306724356767,1,0
289,1,s30,0000,0000,1000,-1.0465738773345947,-1.5713016986846924,0.5247278213500977,0.3515089976868382,1,0
289,2,c20,0000,0000,1000,-0.14626526832580566,-2.3747055530548096,2.228440284729004,0.865045910093443,1,0
289,3,s20,0000,0000,1000,-0.011863567866384983,-4.513587951660156,4.501724383793771,0.9882071158776328,1,0
289,4,x1,0100,0100,0010,-0.00039106825715862215,-8.429515838623047,8.429124770365888,0.9996166358709573,1,0
289,5,x1,0000,0000,0110,-0.0005463594570755959,-8.099106788635254,8.098560429178178,0.9994544633782224,1,0
289,6,t132,0000,0000,1000,-6.317977386061102e-05,-11.131269454956055,11.131206275182194,0.9999391265023856,1,0
289,7,c21,0000,0000,0100,-0.003341138595715165,-5.753628253936768,5.750287115341052,0.996678499399377,1,0
289,8,s32,0000,0000,0010,-0.03831392899155617,-3.299182653427124,3.260868724435568,0.9624932053769018,1,0
290,1,t312,1100,1100,1110,-0.2796250283718109,-2.4380486011505127,2.158423572778702,0.7571684875467904,1,0
290,2,x2,1110,1110,0000,-0.015516117215156555,-6.011207580566406,5.99569146335125,0.9847409064219749,1,0
290,3,x2,1100,1100,1010,-0.0003438929852563888,-9.510019302368164,9.509675409382908,0.9998286844495118,1,0
290,4,s13,1001,1001,1000,-0.001851799781434238,-7.126851558685303,7.1249997589038685,0.9981506601777338,1,0
290,5,t321,1001,1001,1101,-0.4783564805984497,-1.215226173400879,0.7368696928024292,0.6198439470638518,1,0
290,6,c31,1101,1101,1001,-0.005382889416068792,-5.380494594573975,5.375111705157906,0.994633084652055,1,0
290,7,s10,1101,1101,1100,-0.0007859475445002317,-8.000785827636719,7.9999998800922185,0.9992144547074058,1,0
290,8,c03,1100,1100,1101,-0.006090014707297087,-5.131089687347412,5.124999672640115,0.9940269929233297,1,0
291,1,x1,1001,1001,0000,-0.2992762327194214,-3.37675142288208,3.0774751901626587,0.7415255486300638,1,0
291,2,x3,1000,1000,1001,-0.05026533082127571,-3.050265312194824,2.9999999813735485,0.9509816817729023,1,0
291,3,x2,1010,1010,1100,-0.0007417239248752594,-7.835784435272217,7.8350427113473415,0.9992614758342827,1,0
291,4,x1,1110,1110,1000,-0.0008368283160962164,-8.208294868469238,8.207458040153142,0.9991643551800012,1,0
291,5,c10,0110,0110,1110,-0.0018946724012494087,-7.001641273498535,6.999746601097286,0.9981187002064213,1,0
291,6,t321,0110,0110,0010,-0.002984495833516121,-5.981637001037598,5.9786525052040815,0.9970269783551325,1,0
291,7,s02,1100,1100,1101,-0.0018190464470535517,-7.376819133758545,7.375000087311491,0.9982162660376073,1,0
291,8,s03,0101,0101,1100,-0.06540378928184509,-3.5246524810791016,3.4592486917972565,0.936742536469984,1,0
292,1,c12,1000,1000,1010,-0.3126004934310913,-3.0831308364868164,2.770530343055725,0.7332032970225874,1,0
292,2,t032,1000,1000,1001,-0.007111814804375172,-6.257111549377441,6.249999734573066,0.9929434662029848,1,0
292,3,s10,0100,0100,0101,-0.30771946907043457,-1.8077195882797241,1.5000001192092896,0.7351263041826075,1,0
292,4,s31,0001,0001,0000,-0.00042219756869599223,-8.250422477722168,8.250000280153472,0.9995941777395488,1,0
292,5,t123,0001,0001,0000,-0.004202720709145069,-7.004202842712402,7.000000122003257,0.9958677812249088,1,0
292,6,c21,0001,0001,0101,-0.01153764221817255,-4.519913196563721,4.508375554345548,0.9885456448348849,1,0
292,7,c01,0001,0001,1001,-0.00018035536049865186,-9.510971069335938,9.510790713975439,0.9998215229818943,1,0
292,8,x3,0000,0000,0001,-7.557700155302882e-05,-10.875075340270996,10.874999763269443,0.9999615455466208,1,0
293,1,c01,1110,1110,1010,-0.5343605279922485,-2.6903889179229736,2.156028389930725,0.5862334828547107,1,0
293,2,s21,1110,1110,1010,-0.2564508318901062,-1.7989798784255981,1.542529046535492,0.7738133242380386,1,0
293,3,t120,0110,1110,1110,-2.177536725997925,-0.12797778844833374,-2.049558937549591,0.11333686509317757,0,0
293,4,s32,0101,0101,0110,-0.007846878841519356,-5.561094284057617,5.553247405216098,0.9922037963167171,1,0
293,5,x0,1101,1101,0101,-0.006943302229046822,-5.635613918304443,5.6286706160753965,0.9931148455648124,1,0
293,6,t120,1101,1101,0101,-0.06341719627380371,-2.824117660522461,2.7607004642486572,0.9386030694618679,1,0
293,7,s03,1101,1101,1100,-0.012806361541152,-4.512806415557861,4.500000054016709,0.9872771836787921,1,0
293,8,x2,1111,1111,1110,-0.0001809546520235017,-9.562681198120117,9.562500243468094,0.9998342767629489,1,0
294,1,x2,0101,0101,1100,-0.37576407194137573,-3.4609782695770264,3.0852141976356506,0.6871317891825982,1,0
294,2,x1,0001,0001,0000,-0.004637933801859617,-6.629638195037842,6.625000261235982,0.9953848821077057,1,0
294,3,s01,0001,0001,1001,-0.003990280907601118,-6.137156963348389,6.1331666824407876,0.9960209889109332,1,0
294,4,c31,0101,0101,0001,-0.018601685762405396,-4.018612861633301,4.000011175870895,0.981582463215526,1,0
294,5,s12,0011,0011,0101,-0.014696910977363586,-4.264610767364502,4.249913856387138,0.9854893964904862,1,0
294,6,x3,0010,0010,1010,-5.7815643231151626e-05,-11.785530090332031,11.7854722746888,0.999944693750418,1,0
294,7,s12,0100,0100,0010,-0.07925712317228317,-2.5804619789123535,2.5012048557400703,0.9238121790606404,1,0
294,8,c01,0100,0100,0101,-0.0017136104870587587,-6.876713752746582,6.875000142259523,0.9982881392314262,1,0
295,1,c20,1011,1011,0011,-0.8376820087432861,-1.4650880098342896,0.6274060010910034,0.43317769533748324,1,0
295,2,x0,0011,0011,1111,-0.08810161054134369,-3.16326904296875,3.0751674324274063,0.9156973260469397,1,0
295,3,t123,0011,0011,0010,-0.04658157378435135,-3.421581745147705,3.3750001713633537,0.9546233332231239,1,0
295,4,c21,0111,0111,0011,-0.019277365878224373,-4.0196943283081055,4.000416962429881,0.980935966853335,1,0
295,5,t312,0101,0101,0111,-0.0030041758436709642,-5.901125907897949,5.898121732054278,0.997009386266538,1,0
295,6,s03,1100,1100,0101,-0.0414261594414711,-3.77345871925354,3.732032559812069,0.9594238338226965,1,0
295,7,s03,0101,0101,1100,-0.825761616230011,-1.6927502155303955,0.8669885993003845,0.43792838169449716,1,0
295,8,s12,0011,0011,0101,-0.2346288561820984,-2.750020742416382,2.5153918862342834,0.7908867271159008,1,0
296,1,c03,0000,0000,0001,-0.27644452452659607,-3.276444673538208,3.000000149011612,0.7597563536973232,1,0
296,2,s13,0000,0000,0101,-0.011445928364992142,-5.417779922485352,5.406333994120359,0.988622049253618,1,0
296,3,s31,0000,0000,1001,-0.0003629652492236346,-8.914005279541016,8.913642314291792,0.9996401246840348,1,0
296,4,s03,0000,0000,1001,-0.0027693535666912794,-6.1295366287231445,6.126767275156453,0.9972351002213793,1,0
296,5,s30,0000,0000,1000,-0.001551094464957714,-6.661815166473389,6.660264072008431,0.9984502480235122,1,0
296,6,t310,0000,0000,1000,-7.331270899157971e-05,-10.253145217895508,10.253071905186516,0.9999290144084344,1,0
296,7,c01,0000,0000,0001,-5.137863990967162e-05,-11.000051498413086,11.000000119773176,0.999949611467104,1,0
296,8,x2,0010,0010,0100,-0.00010108757123816758,-9.87506103515625,9.874959947585012,0.9998989186570263,1,0
297,1,t120,1010,1010,0010,-0.6767921447753906,-1.8107750415802002,1.1339828968048096,0.5089615902602053,1,0
297,2,x2,1000,1000,0000,-0.011468911543488503,-6.245370864868164,6.233901953324676,0.9886221201848546,1,0
297,3,t012,1000,1000,1100,-0.00017642506281845272,-9.941510200500488,9.94133377543767,0.9998261530762066,1,0
297,4,c13,1000,1000,1100,-0.0010152450995519757,-7.949404716491699,7.948389471392147,0.9989896433045912,1,0
297,5,t312,1000,1000,1010,-2.264968497911468e-05,-11.761069297790527,11.761046648105548,0.9999780643676389,1,0
297,6,t102,1000,1000,1100,-4.5895059884060174e-05,-11.001086235046387,11.001040339986503,0.9999540499336563,1,0
297,7,c03,1001,1001,1000,-0.0006497724680230021,-7.500649929046631,7.500000156578608,0.9993506188216643,1,0
297,8,x0,0001,0001,1001,-0.001735070487484336,-6.387180805206299,6.3854457347188145,0.9982675934178921,1,0
298,1,s01,1100,1100,0100,-1.0302574634552002,-1.480912208557129,0.4506547451019287,0.3570192119694104,1,0
298,2,c12,1110,1110,0000,-0.022573154419660568,-6.116888523101807,6.094315368682146,0.9777862371089993,1,0
298,3,x2,1100,1100,1010,-0.0014188452623784542,-7.098609924316406,7.097191079054028,0.9986987507282054,1,0
298,4,s12,1010,1010,1100,-0.048892948776483536,-3.051819324493408,3.0029263757169247,0.9522831352382454,1,0
298,5,c02,1000,1000,1100,-0.0005840915837325156,-7.822537899017334,7.8219538074336015,0.9994244433125128,1,0
298,6,c23,1000,1000,1100,-0.01197723113000393,-5.627089500427246,5.615112269297242,0.9882373372465608,1,0
298,7,s30,0001,0001,0011,-0.011275984346866608,-5.169798374176025,5.158522389829159,0.9887900429543486,1,0
298,8,x2,0011,0011,0010,-0.0009759677341207862,-7.625976085662842,7.625000117928721,0.9990738329110076,1,0
299,1,c12,0011,0011,0001,-0.6092575788497925,-2.0150539875030518,1.4057964086532593,0.5439362597873794,1,0
299,2,c30,1011,1011,0011,-0.07234476506710052,-3.710442304611206,3.6380975395441055,0.9308513999463804,1,0
299,3,s03,1011,1011,0011,-0.014614956453442574,-4.294529438018799,4.279914481565356,0.9854930084006639,1,0
299,4,t201,1111,1111,1011,-0.007442281115800142,-6.381518840789795,6.374076559673995,0.9925925104405161,1,0
299,5,s32,1111,1111,1101,-0.07017254084348679,-2.6953938007354736,2.625221259891987,0.9322770775342073,1,0
299,6,s01,1111,1111,0111,-0.0009008962661027908,-7.125948905944824,7.125048009678721,0.9991003425926372,1,0
299,7,s10,1111,1111,0111,-0.0005015773349441588,-8.250283241271973,8.249781663937028,0.9994988293024125,1,0
299,8,x2,1101,1101,1011,-0.00013446398952510208,-10.876550674438477,10.876416210448951,0.9998780168612915,1,0
