example_id,step,gate,gold_state,best_state,best_wrong_state,gold_logprob,best_wrong_logprob,margin,gold_prob16,local_correct,tie
0,1,s30,0110,0000,0000,-2.538886070251465,-2.5352797508239746,-0.0036063194274902344,0.07902902491523914,0,0
0,2,c13,0111,0110,0110,-1.6399729251861572,-1.1399729251861572,-0.5,0.19412013586181148,0,0
0,3,t132,0101,0111,0111,-2.9212160110473633,-0.835984468460083,-2.0852315425872803,0.05394035488439714,0,0
0,4,x2,0111,0001,0001,-2.1595723628997803,-2.092916488647461,-0.06665587425231934,0.11555659453850523,0,0
0,5,c10,1111,1111,0111,-1.915459156036377,-2.059760332107544,0.144301176071167,0.14740864229251016,1,0
0,6,t201,1011,1011,1111,-1.64349365234375,-1.8829656839370728,0.23947203159332275,0.19339097372268027,1,0
0,7,s12,1101,1001,1001,-2.511955738067627,-2.026266574859619,-0.4856891632080078,0.08114456803282942,0,0
0,8,t302,1111,1101,1101,-1.6554609537124634,-1.2805068492889404,-0.37495410442352295,0.19106243752277477,0,0
1,1,s31,1010,1010,1000,-2.4261245727539062,-2.5357017517089844,0.10957717895507812,0.08851870964323608,1,0
1,2,c30,1010,1010,0010,-1.0901744365692139,-2.2652320861816406,1.1750576496124268,0.3364516760390105,1,0
1,3,t301,1010,1010,1110,-0.24718037247657776,-2.4913880825042725,2.2442077100276947,0.7818547140576817,1,0
1,4,c01,1110,1010,1010,-1.7682042121887207,-0.4882895350456238,-1.279914677143097,0.17074250494799695,0,0
1,5,x2,1100,1100,1110,-1.301450252532959,-1.31588876247406,0.014438509941101074,0.2723077360749135,1,0
1,6,s01,1100,1100,0100,-0.5718505382537842,-1.587913155555725,1.016062617301941,0.5646444582566135,1,0
1,7,c01,1000,1100,1100,-3.501380205154419,-0.17631877958774567,-3.3250614255666733,0.03015891358548185,0,0
1,8,c20,1000,1000,0000,-0.13867045938968658,-2.2055280208587646,2.066857561469078,0.8706034238406156,1,0
2,1,c32,1101,1010,1010,-2.72066593170166,-2.535158157348633,-0.18550777435302734,0.06589099358647577,0,0
2,2,s12,1011,0101,0101,-2.8311829566955566,-2.2328896522521973,-0.5982933044433594,0.05896761172196779,0,0
2,3,x0,0011,0011,0111,-1.710846185684204,-2.09328556060791,0.38243937492370605,0.18078447665534567,1,0
2,4,x0,1011,0111,0111,-2.319335460662842,-2.179316997528076,-0.14001846313476562,0.09837248620264379,0,0
2,5,s30,1011,0111,0111,-2.557745933532715,-2.2289304733276367,-0.3288154602050781,0.07751136211227118,0,0
2,6,t120,1011,1011,0011,-1.3719984292984009,-2.069359064102173,0.697360634803772,0.2537303732485882,1,0
2,7,c30,0011,1011,1011,-1.5258277654647827,-0.755335807800293,-0.7704919576644897,0.21755449890328316,0,0
2,8,x1,0111,0111,0011,-1.2687605619430542,-1.893750786781311,0.6249902248382568,0.28131429843097094,1,0
3,1,t031,1111,1011,1011,-3.036024808883667,-2.5394203662872314,-0.49660444259643555,0.048096843275596386,0,0
3,2,s01,1111,0111,0111,-2.906092882156372,-2.432985305786133,-0.47310757637023926,0.05472303871553683,0,0
3,3,c21,1011,1011,1101,-1.880510926246643,-2.1262474060058594,0.2457364797592163,0.15261622955657367,1,0
3,4,c30,0011,0011,1011,-1.1438959836959839,-1.3762154579162598,0.23231947422027588,0.31874539970182614,1,0
3,5,s10,0011,1011,1011,-1.6379709243774414,-1.525449275970459,-0.11252164840698242,0.1944488739610973,0,0
3,6,s10,0011,1011,1011,-1.4226348400115967,-1.1719746589660645,-0.2506601810455322,0.2411592779206899,0,0
3,7,x3,0010,0001,0001,-1.9658043384552002,-1.6384028196334839,-0.3274015188217163,0.1401345497147076,0,0
3,8,t013,0010,0010,0011,-0.5935815572738647,-1.7185815572738647,1.125,0.5529946254737915,1,0
4,1,s03,0011,1010,1010,-2.9037256240844727,-2.5969438552856445,-0.3067817687988281,0.05494441375233155,0,0
4,2,s23,0011,1110,1110,-3.0354864597320557,-2.652906894683838,-0.3825795650482178,0.048114405087849706,0,0
4,3,s31,0110,1000,1000,-2.7169885635375977,-2.5921430587768555,-0.12484550476074219,0.06615175123807561,0,0
4,4,x1,0010,1100,1100,-3.2672410011291504,-2.4489946365356445,-0.8182463645935059,0.038163816409883006,0,0
4,5,x1,0110,1000,1000,-3.0659332275390625,-2.4334754943847656,-0.6324577331542969,0.04665522267718323,0,0
4,6,c03,0110,1000,1000,-2.7147440910339355,-2.309079885482788,-0.40566420555114746,0.06633161338861387,0,0
4,7,s01,1010,0110,0110,-2.3393962383270264,-1.8964520692825317,-0.44294416904449463,0.09647492679039274,0,0
4,8,x3,1011,1110,1110,-2.1178321838378906,-1.9402326345443726,-0.17759954929351807,0.12034474772079498,0,0
5,1,c32,0110,1000,1000,-2.656484842300415,-2.592258930206299,-0.06422591209411621,0.07028629051318419,0,0
5,2,s23,0101,0110,0110,-3.367670774459839,-1.2425071001052856,-2.1251636743545532,0.0344884186048576,0,0
5,3,s20,0101,1100,1100,-1.9509345293045044,-1.7732347249984741,-0.17769980430603027,0.14234325218669888,0,0
5,4,t132,0111,0101,0101,-4.306069374084473,-0.2436434030532837,-4.062425971031189,0.013497050377837577,0,0
5,5,x1,0011,0011,0101,-1.530409574508667,-2.207287073135376,0.676877498626709,0.21673122306993808,1,0
5,6,x2,0001,0001,0111,-1.529876708984375,-1.8967163562774658,0.3668396472930908,0.21671484327857374,1,0
5,7,t320,0001,0001,0000,-1.520301103591919,-2.395301103591919,0.875,0.21887084564998946,1,0
5,8,s10,0001,0001,1001,-0.8902498483657837,-0.9845926761627197,0.09434282779693604,0.41071204126043703,1,0
6,1,t230,1101,1101,1000,-2.244593858718872,-2.596019744873047,0.3514258861541748,0.10611134792964352,1,0
6,2,t031,1001,1101,1101,-2.6457598209381104,-0.4679737687110901,-2.1777860522270203,0.07098393761896109,0,0
6,3,x0,0001,0001,1001,-1.1798897981643677,-1.2256187200546265,0.04572892189025879,0.30744407486919617,1,0
6,4,t230,0001,0001,1001,-0.6014488339424133,-1.4183541536331177,0.8169053196907043,0.5484081001450392,1,0
6,5,c32,0011,0001,0001,-1.4092895984649658,-0.6617641448974609,-0.7475254535675049,0.24443519197839786,0,0
6,6,t013,0011,0011,0111,-0.07511621713638306,-3.941068172454834,3.865951955318451,0.9279207607585698,1,0
6,7,c20,1011,1011,0011,-0.7322230339050293,-0.9914771318435669,0.2592540979385376,0.48114653568580507,1,0
6,8,x1,1111,1111,1001,-1.2916494607925415,-1.498504877090454,0.2068554162979126,0.27492398223675035,1,0
7,1,t102,0110,0000,0000,-2.607332468032837,-2.5354838371276855,-0.07184863090515137,0.0738149139076322,0,0
7,2,c02,0110,0110,0111,-1.2101681232452393,-1.8351681232452393,0.625,0.2983945130598546,1,0
7,3,x2,0100,0110,0110,-1.4499940872192383,-1.4188721179962158,-0.03112196922302246,0.2346825407410329,0,0
7,4,c30,0100,0100,1100,-0.8998348712921143,-0.9860183000564575,0.08618342876434326,0.4072028127003287,1,0
7,5,x0,1100,1100,0100,-0.7010489702224731,-1.3043854236602783,0.6033364534378052,0.4964173357278922,1,0
7,6,x3,1101,1100,1100,-1.229624629020691,-0.9796246290206909,-0.25,0.29246830271121366,0,0
7,7,x2,1111,1101,1101,-1.2648438215255737,-0.9615201354026794,-0.3033236861228943,0.282335067029586,0,0
7,8,t120,0111,1111,1111,-1.373099684715271,-0.5872470140457153,-0.7858526706695557,0.25348245257190133,0,0
8,1,c32,0101,0000,0000,-2.7852861881256104,-2.535477638244629,-0.24980854988098145,0.06178041372282449,0,0
8,2,t123,0101,0101,1000,-2.2937495708465576,-2.5956413745880127,0.3018918037414551,0.10097656511314822,1,0
8,3,x1,0001,0001,0101,-1.3012762069702148,-1.5977027416229248,0.29642653465270996,0.27236944333725116,1,0
8,4,s30,1000,0001,0001,-1.6643187999725342,-0.9896204471588135,-0.6746983528137207,0.18950436981846108,0,0
8,5,t103,1000,1000,1001,-0.6101025342941284,-2.610102653503418,2.0000001192092896,0.5441154595752034,1,0
8,6,c13,1000,1000,1001,-0.5846864581108093,-1.709686517715454,1.1250000596046448,0.5577181358271727,1,0
8,7,t301,1000,1000,1001,-0.2751566767692566,-2.0251567363739014,1.7500000596046448,0.7597406883633517,1,0
8,8,x1,1100,1100,1010,-0.8500684499740601,-1.6553775072097778,0.8053090572357178,0.42749820967404056,1,0
9,1,c23,1100,1100,1000,-2.4235146045684814,-2.5369789600372314,0.11346435546875,0.08885106210455901,1,0
9,2,s32,1100,1100,1101,-1.1769927740097046,-1.5519927740097046,0.375,0.30842915142364036,1,0
9,3,s01,1100,1100,0100,-1.0636799335479736,-1.3978450298309326,0.334165096282959,0.3455014823000764,1,0
9,4,s03,0101,1100,1100,-3.679048538208008,-0.6196659803390503,-3.0593825578689575,0.025263844464345767,0,0
9,5,x2,0111,0101,0101,-2.1364712715148926,-0.9323453903198242,-1.2041258811950684,0.11814105081621776,0,0
9,6,t013,0111,0111,0110,-0.17317122220993042,-2.923171281814575,2.7500000596046448,0.8414146039871684,1,0
9,7,s03,1110,0111,0111,-1.799849033355713,-1.0860611200332642,-0.7137879133224487,0.16547099196306814,0,0
9,8,x3,1111,1110,1110,-1.1504406929016113,-1.0254406929016113,-0.125,0.31663331566315084,0,0
10,1,t210,1101,1101,0100,-2.2740445137023926,-2.5393991470336914,0.26535463333129883,0.10301540299778288,1,0
10,2,s30,1101,1101,0101,-1.2517414093017578,-1.323523759841919,0.07178235054016113,0.2861996623420132,1,0
10,3,c31,1001,1101,1101,-1.98428475856781,-0.8873709440231323,-1.0969138145446777,0.13761419077142223,0,0
10,4,c32,1011,1001,1001,-1.460127830505371,-0.7770571112632751,-0.683070719242096,0.2323063116499843,0,0
10,5,x0,0011,1011,1011,-1.470611572265625,-1.354550838470459,-0.11606073379516602,0.22984803244794394,0,0
10,6,x0,1011,1011,0011,-0.73500657081604,-1.765153408050537,1.030146837234497,0.47962726490040986,1,0
10,7,t213,1011,1011,1001,-0.9751992225646973,-1.6236165761947632,0.6484173536300659,0.37725772849027406,1,0
10,8,s13,1110,1011,1011,-2.9627907276153564,-0.9750901460647583,-1.9877005815505981,0.05169792500798732,0,0
11,1,x3,1101,0100,0100,-2.722160816192627,-2.5970871448516846,-0.12507367134094238,0.06588846629910708,0,0
11,2,x0,0101,0101,1100,-2.4781408309936523,-2.5347652435302734,0.056624412536621094,0.08394490440333946,1,0
11,3,t213,0101,0101,0001,-1.533524513244629,-2.3507983684539795,0.8172738552093506,0.21590161614264455,1,0
11,4,c02,0101,0101,0111,-0.5614572167396545,-1.9230657815933228,1.3616085648536682,0.5706896789417498,1,0
11,5,c32,0111,0101,0101,-3.355583667755127,-0.06291242688894272,-3.2926712408661842,0.03489474033810129,0,0
11,6,t120,1111,0111,0111,-0.9214257001876831,-0.586432158946991,-0.33499354124069214,0.3982129403084989,0,0
11,7,s03,1111,1111,1110,-0.9791914820671082,-1.729191541671753,0.7500000596046448,0.37577629518430117,1,0
11,8,c23,1110,1111,1111,-1.3961207866668701,-1.0211207866668701,-0.375,0.24763026953619868,0,0
12,1,x1,0011,0000,0000,-2.785005569458008,-2.5349998474121094,-0.25000572204589844,0.06177516239665365,0,0
12,2,c02,0011,1000,1000,-2.906193733215332,-2.5916707515716553,-0.31452298164367676,0.054724912733650696,0,0
12,3,c30,1011,0011,0011,-1.2847537994384766,-0.9140534400939941,-0.3707003593444824,0.2769590305155851,0,0
12,4,c31,1111,1011,1011,-1.9761842489242554,-1.8619585037231445,-0.11422574520111084,0.13867360538965146,0,0
12,5,s10,1111,0111,0111,-1.7809988260269165,-1.589752197265625,-0.1912466287612915,0.1685183476877659,0,0
12,6,c13,1110,1101,1101,-1.5107097625732422,-1.3800673484802246,-0.13064241409301758,0.2208717054498897,0,0
12,7,t302,1110,1110,1111,-0.8354161977767944,-1.7104160785675049,0.8749998807907104,0.43406644795037497,1,0
12,8,s02,1110,0110,0110,-1.2848646640777588,-0.8915095329284668,-0.393355131149292,0.2767763447715498,0,0
13,1,c12,1000,1000,1100,-1.9702730178833008,-2.6137490272521973,0.6434760093688965,0.13983869212765437,1,0
13,2,t120,1000,1000,0000,-0.37998631596565247,-2.5868301391601562,2.206843823194504,0.6844428016736311,1,0
13,3,s12,1000,1000,1100,-0.5822990536689758,-1.5122506618499756,0.9299516081809998,0.5596000300535257,1,0
13,4,s23,1000,1000,1001,-0.5947252511978149,-1.344725251197815,0.75,0.5521318271467938,1,0
13,5,t201,1000,1000,1100,-0.15690293908119202,-2.351297378540039,2.194394439458847,0.8552257125312286,1,0
13,6,s23,1000,1000,1001,-0.21096567809581757,-1.960965633392334,1.7499999552965164,0.8098995953651378,1,0
13,7,t120,1000,1000,1100,-0.024242978543043137,-4.792308807373047,4.768065828830004,0.9762254276617709,1,0
13,8,x3,1001,1000,1000,-0.7875208854675293,-0.7875208854675293,0.0,0.455043654854177,0,1
14,1,c31,1000,1000,0000,-2.325362205505371,-2.537165403366089,0.21180319786071777,0.09802739587427299,1,0
14,2,c10,1000,1000,0000,-0.7463207244873047,-1.9361083507537842,1.1897876262664795,0.47442508402397476,1,0
14,3,x3,1001,1000,1000,-0.9417561292648315,-0.9417561292648315,0.0,0.3901633492261999,0,1
14,4,t013,1001,1001,1101,-0.08044988662004471,-3.4701976776123047,3.38974779099226,0.9233821419286324,1,0
14,5,c30,0001,1001,1001,-1.3293399810791016,-0.5868737101554871,-0.7424662709236145,0.2649310492419048,0,0
14,6,s02,0001,0001,1001,-0.6087518334388733,-2.0704503059387207,1.4616984724998474,0.5447864495333827,1,0
14,7,c12,0001,0001,0101,-0.13818326592445374,-2.6727094650268555,2.5345261991024017,0.8711502833644321,1,0
14,8,s03,1000,0001,0001,-4.166991233825684,-0.0652615875005722,-4.101729646325111,0.015504479783884462,0,0
15,1,c13,1110,1000,1000,-2.7205090522766113,-2.535019874572754,-0.18548917770385742,0.06589070393252477,0,0
15,2,c01,1010,0110,0110,-2.6721272468566895,-2.2783432006835938,-0.3937840461730957,0.06917356791726842,0,0
15,3,t132,1010,1010,1011,-0.856510579586029,-2.106510639190674,1.2500000596046448,0.424819618387996,1,0
15,4,s01,0110,1010,1010,-1.713232159614563,-1.3687524795532227,-0.34447968006134033,0.18037910680847205,0,0
15,5,t230,0110,0110,1110,-0.13312998414039612,-2.9314990043640137,2.7983690202236176,0.8754959272105968,1,0
15,6,s30,0110,0110,1110,-0.9150412082672119,-1.0154869556427002,0.10044574737548828,0.40093759939135176,1,0
15,7,x2,0100,0111,0111,-1.3951809406280518,-1.2778661251068115,-0.11731481552124023,0.247823704257487,0,0
15,8,s20,0100,0100,1000,-0.6023018956184387,-1.500462532043457,0.8981606364250183,0.5477707266601828,1,0
16,1,c12,1000,1000,1100,-2.057203769683838,-2.6133055686950684,0.5561017990112305,0.12816523132189583,1,0
16,2,c12,1000,1000,1100,-0.34621161222457886,-2.6220037937164307,2.275792181491852,0.7077129010432454,1,0
16,3,s23,1000,1000,1001,-0.48139846324920654,-1.481398582458496,1.0000001192092896,0.6183312148749038,1,0
16,4,x1,1100,1100,1000,-0.7542580366134644,-1.4205574989318848,0.6662994623184204,0.47049413060280665,1,0
16,5,s03,0101,1100,1100,-4.005691051483154,-0.2778405547142029,-3.7278504967689514,0.018227823688098072,0,0
16,6,t231,0101,0101,0001,-0.31154918670654297,-2.434708595275879,2.123159408569336,0.7328956965918225,1,0
16,7,s23,0110,0101,0101,-2.9392223358154297,-0.8141452074050903,-2.1250771284103394,0.05292167081075623,0,0
16,8,c32,0110,0110,0111,-0.2560367286205292,-1.7560367584228516,1.5000000298023224,0.774421466456411,1,0
17,1,s10,0101,0000,0000,-2.737022876739502,-2.418519973754883,-0.31850290298461914,0.06486970370824861,0,0
17,2,s10,1001,0001,0001,-2.655986785888672,-2.5389389991760254,-0.11704778671264648,0.07027761180356921,0,0
17,3,s01,0101,1100,1100,-2.660172939300537,-2.4901814460754395,-0.16999149322509766,0.06999957475527341,0,0
17,4,s13,0101,1100,1100,-2.9105093479156494,-2.479032039642334,-0.43147730827331543,0.05452000726707589,0,0
17,5,x1,0001,1101,1101,-2.4036664962768555,-2.2484583854675293,-0.15520811080932617,0.0904818005594657,0,0
17,6,c02,0001,0001,1000,-1.2413593530654907,-2.4688720703125,1.2275127172470093,0.28944767614359834,1,0
17,7,x2,0011,0011,0001,-1.077672004699707,-1.5305014848709106,0.4528294801712036,0.3404568692292192,1,0
17,8,t012,0011,0011,1011,-0.1050376370549202,-3.2358250617980957,3.1307874247431755,0.900531317276144,1,0
18,1,t023,1011,1010,1010,-2.9386041164398193,-2.4386041164398193,-0.5,0.05307498151046774,0,0
18,2,s23,1011,0110,0110,-2.8385047912597656,-2.652954578399658,-0.18555021286010742,0.058599915600235336,0,0
18,3,t013,1011,1011,1010,-1.7239103317260742,-2.098910331726074,0.375,0.17851037688374757,1,0
18,4,c03,1010,1011,1011,-1.6154310703277588,-0.7404311895370483,-0.8749998807907104,0.19893600642030834,0,0
18,5,t102,1010,1010,1011,-0.4541672170162201,-1.9541672468185425,1.5000000298023224,0.6354935152807645,1,0
18,6,c20,0010,1010,1010,-1.54439115524292,-0.5694985389709473,-0.9748926162719727,0.21352540217847088,0,0
18,7,t302,0010,0010,0110,-0.06339060515165329,-3.6158366203308105,3.5524460151791573,0.9386201786725982,1,0
18,8,s23,0001,0011,0011,-1.923018217086792,-1.487379789352417,-0.435638427734375,0.14620904192058554,0,0
19,1,x1,1100,1000,1000,-2.6009676456451416,-2.207550525665283,-0.3934171199798584,0.07435615163222553,0,0
19,2,s01,1100,1100,0100,-2.399627208709717,-2.4821600914001465,0.08253288269042969,0.09081993409738538,1,0
19,3,x1,1000,1000,1110,-1.8974617719650269,-2.0847315788269043,0.18726980686187744,0.1500273279787498,1,0
19,4,t023,1000,1000,1001,-0.2440146803855896,-2.6190145015716553,2.3749998211860657,0.783897045657763,1,0
19,5,c13,1000,1000,1001,-0.17154330015182495,-2.2965433597564697,2.1250000596046448,0.8427532603156889,1,0
19,6,x3,1001,1000,1000,-0.874677300453186,-0.749677300453186,-0.125,0.4170476781021758,0,0
19,7,c30,0001,1001,1001,-2.608546257019043,-0.17439879477024078,-2.434147462248802,0.07368475576130797,0,0
19,8,t230,0001,0001,1001,-0.4074694812297821,-1.2931452989578247,0.8856758177280426,0.6658427898544347,1,0
20,1,c23,1111,1110,1110,-2.721161365509033,-2.596161365509033,-0.125,0.06589697799807777,0,0
20,2,t032,1101,1111,1111,-2.854005813598633,-2.1722915172576904,-0.6817142963409424,0.057642544415274076,0,0
20,3,t102,1111,1101,1101,-2.759089946746826,-2.20625901222229,-0.5528309345245361,0.0633904464839161,0,0
20,4,x0,0111,0111,1011,-1.5624027252197266,-1.9447336196899414,0.38233089447021484,0.20974374663179618,1,0
20,5,c20,1111,1011,1011,-2.157043933868408,-2.013723611831665,-0.14332032203674316,0.11571756021664834,0,0
20,6,s13,1111,1011,1011,-2.3317573070526123,-1.8554465770721436,-0.47631072998046875,0.09716316007638225,0,0
20,7,x0,0111,1011,1011,-1.5941243171691895,-1.411879539489746,-0.18224477767944336,0.203127237464997,0,0
20,8,x1,0011,0011,1011,-1.5238406658172607,-1.5722148418426514,0.048374176025390625,0.21796035811138864,1,0
21,1,s03,1010,0011,0011,-2.8502860069274902,-2.535414934158325,-0.31487107276916504,0.057908538258117336,0,0
21,2,s20,1010,1100,1100,-2.970698595046997,-2.5918757915496826,-0.37882280349731445,0.05131743058592987,0,0
21,3,x3,1011,1000,1000,-2.6228294372558594,-2.3728530406951904,-0.24997639656066895,0.07267031858888703,0,0
21,4,c23,1010,1011,1011,-1.5912489891052246,-1.2162489891052246,-0.375,0.20396737283469252,0,0
21,5,x0,0010,1010,1010,-1.7010374069213867,-1.6438894271850586,-0.057147979736328125,0.18264373571053355,0,0
21,6,x0,1010,1010,0010,-0.6763695478439331,-1.8639612197875977,1.1875916719436646,0.5086729162949272,1,0
21,7,x0,0010,0010,1110,-1.2895056009292603,-1.609477162361145,0.31997156143188477,0.27549332445641683,1,0
21,8,c31,0010,0010,0110,-1.592599630355835,-1.7568365335464478,0.1642369031906128,0.20356700105591438,1,0
22,1,x3,0101,0100,0100,-2.539968490600586,-2.539968490600586,0.0,0.07903429071505298,0,1
22,2,t201,0101,0101,1000,-2.122049570083618,-2.5919723510742188,0.4699227809906006,0.11992088971261412,1,0
22,3,s12,0011,0101,0101,-2.999465227127075,-0.8505833148956299,-2.1488819122314453,0.049855241289891036,0,0
22,4,s32,0011,0011,0010,-1.266510248184204,-2.016510248184204,0.75,0.2821996460952867,1,0
22,5,c23,0010,0011,0011,-3.014322519302368,-0.26432251930236816,-2.75,0.04916082654501852,0,0
22,6,c12,0010,0010,0011,-0.44612622261047363,-1.8211262226104736,1.375,0.6406579627791542,1,0
22,7,t321,0010,0010,0110,-0.32649096846580505,-2.1137893199920654,1.7872983515262604,0.7218696215888561,1,0
22,8,x1,0110,0110,0010,-0.8360065221786499,-1.9709264039993286,1.1349198818206787,0.4336295779980936,1,0
23,1,x3,1000,0100,0100,-2.6542277336120605,-2.597654342651367,-0.05657339096069336,0.07056561354350997,0,0
23,2,s21,1000,1000,1001,-2.5963761806488037,-2.5963761806488037,0.0,0.07466648329728644,0,1
23,3,s30,0001,1000,1000,-2.1139864921569824,-1.1025793552398682,-1.0114071369171143,0.12090097452594097,0,0
23,4,t201,0001,0001,1001,-1.1050705909729004,-2.317281484603882,1.2122108936309814,0.3317802134010383,1,0
23,5,x1,0101,0101,0001,-1.3881746530532837,-1.7347872257232666,0.3466125726699829,0.24978873387394454,1,0
23,6,s10,1001,0101,0101,-2.4648003578186035,-0.8294100165367126,-1.6353903412818909,0.08511407044598751,0,0
23,7,t301,1101,1001,1001,-1.8413338661193848,-0.32265397906303406,-1.5186798870563507,0.15872306677455153,0,0
23,8,s12,1011,1000,1000,-2.2562007904052734,-2.0511770248413086,-0.20502376556396484,0.10484339088123976,0,0
24,1,s13,0110,1000,1000,-2.7855827808380127,-2.5356383323669434,-0.24994444847106934,0.06177576448373958,0,0
24,2,x2,0100,1100,1100,-2.910579204559326,-2.596179246902466,-0.31439995765686035,0.054516627866078304,0,0
24,3,c32,0100,1011,1011,-2.910856246948242,-2.535693645477295,-0.37516260147094727,0.05451572930974378,0,0
24,4,s02,0100,0100,1100,-1.0713636875152588,-1.7702414989471436,0.6988778114318848,0.3429481237229657,1,0
24,5,x2,0110,0100,0100,-1.21688973903656,-1.1239957809448242,-0.09289395809173584,0.29619524078894616,0,0
24,6,c03,0110,0110,0111,-0.265140563249588,-1.6401405334472656,1.3749999701976776,0.7673660879688611,1,0
24,7,t032,0110,0110,0111,-0.048141468316316605,-3.1731414794921875,3.125000011175871,0.9531229526003567,1,0
24,8,s21,0110,0110,0010,-1.0324580669403076,-1.3811967372894287,0.3487386703491211,0.3563912676882069,1,0
25,1,c13,1100,1101,1101,-2.57015323638916,-2.32015323638916,-0.25,0.07662562594964589,0,0
25,2,t230,1100,1100,1101,-2.3241095542907715,-2.3241095542907715,0.0,0.09804747689223425,0,1
25,3,t320,1100,1100,0100,-0.3611763119697571,-1.7256354093551636,1.3644590973854065,0.6971216838748894,1,0
25,4,c21,1100,1100,1101,-1.2384967803955078,-1.3634967803955078,0.125,0.2902081549220522,1,0
25,5,t031,1100,1100,1101,-0.10237924754619598,-2.727379322052002,2.625000074505806,0.902936099339081,1,0
25,6,t312,1100,1100,1101,-0.09065904468297958,-2.5906591415405273,2.5000000968575478,0.9134112881969534,1,0
25,7,t130,1100,1100,0100,-0.04459802061319351,-3.3263630867004395,3.281765066087246,0.956447379115023,1,0
25,8,x2,1110,1101,1101,-1.1941028833389282,-1.0686893463134766,-0.12541353702545166,0.30306596026618854,0,0
26,1,t210,1101,1101,1000,-2.1866469383239746,-2.535043716430664,0.34839677810668945,0.1123902380633901,1,0
26,2,x3,1100,1101,1101,-1.5315415859222412,-1.4065415859222412,-0.125,0.21636987163249313,0,0
26,3,x1,1000,1000,1100,-1.3718371391296387,-1.5179283618927002,0.14609122276306152,0.2537439276186834,1,0
26,4,s23,1000,1000,1001,-0.7695527672767639,-1.5195528268814087,0.7500000596046448,0.46343491851606244,1,0
26,5,c31,1000,1000,1100,-0.2656799554824829,-2.335655927658081,2.069975972175598,0.7670221255195384,1,0
26,6,s21,1000,1000,1100,-0.5902776718139648,-1.1172821521759033,0.5270044803619385,0.5543122020066638,1,0
26,7,s30,0001,1000,1000,-4.372835636138916,-0.14893163740634918,-4.223903998732567,0.012618185570139995,0,0
26,8,s32,0010,0001,0001,-3.295501947402954,-0.31177830696105957,-2.9837236404418945,0.0370564058670643,0,0
27,1,t213,1100,1100,1000,-2.2835822105407715,-2.419167995452881,0.13558578491210938,0.10214649980077062,1,0
27,2,x0,0100,0100,1100,-1.489070177078247,-1.5235490798950195,0.03447890281677246,0.2257583711797965,1,0
27,3,x0,1100,1100,0100,-0.860975980758667,-1.3332178592681885,0.4722418785095215,0.42288682843847636,1,0
27,4,x1,1000,1100,1100,-1.6863294839859009,-1.4327020645141602,-0.2536274194717407,0.18530440981178672,0,0
27,5,t130,1000,1000,1100,-0.37329167127609253,-1.881743311882019,1.5084516406059265,0.6888479052007805,1,0
27,6,x0,0000,1000,1000,-1.6577091217041016,-0.7031080722808838,-0.9546010494232178,0.1906341778533316,0,0
27,7,c03,0000,0000,0001,-0.019528541713953018,-4.769528388977051,4.749999847263098,0.9807615138826788,1,0
27,8,s31,0000,0000,0100,-0.3501678705215454,-1.4846347570419312,1.1344668865203857,0.7050059153585436,1,0
28,1,x1,1111,1011,1011,-2.8385558128356934,-2.6524505615234375,-0.18610525131225586,0.058576140223743536,0,0
28,2,x3,1110,1110,1111,-2.37614107131958,-2.37614107131958,0.0,0.09294171232557048,0,1
28,3,c01,1010,0110,0110,-2.407743215560913,-1.9973841905593872,-0.4103590250015259,0.0900931061891305,0,0
28,4,t320,1010,1010,0010,-0.9535862803459167,-1.5060219764709473,0.5524356961250305,0.38569135420572426,1,0
28,5,x1,1110,1110,1111,-1.561009407043457,-1.811009407043457,0.25,0.20998107674856423,1,0
28,6,c02,1100,1110,1110,-1.6975291967391968,-0.4931759536266327,-1.204353243112564,0.18316677129836734,0,0
28,7,c23,1100,1100,1101,-0.3124536871910095,-1.6874536275863647,1.3749999403953552,0.731916050231659,1,0
28,8,c21,1100,1100,1000,-0.5276066660881042,-1.6597317457199097,1.1321250796318054,0.5901668627566646,1,0
29,1,t312,0100,0100,0000,-2.2682290077209473,-2.5365281105041504,0.2682991027832031,0.10371965060632492,1,0
29,2,s12,0010,0100,0100,-2.7346343994140625,-0.9748575091362,-1.7597768902778625,0.0649577028141491,0,0
29,3,s21,0100,0010,0010,-2.6385934352874756,-1.3252224922180176,-1.313370943069458,0.07152807402699275,0,0
29,4,t230,0100,0100,1100,-0.7328047752380371,-1.7514441013336182,1.018639326095581,0.480962240920417,1,0
29,5,t130,0100,0100,1100,-0.2058611661195755,-1.8937289714813232,1.6878678053617477,0.8141451076217782,1,0
29,6,t013,0100,0100,0101,-0.06969012320041656,-3.444689989089966,3.3749998658895493,0.9328205322767344,1,0
29,7,x2,0110,0110,0101,-0.9836755990982056,-1.2548068761825562,0.2711312770843506,0.37398209739321575,1,0
29,8,t210,1110,0110,0110,-1.985838532447815,-0.17472365498542786,-1.811114877462387,0.1372929340308357,0,0
30,1,t120,1110,0110,0110,-2.910080909729004,-2.5426816940307617,-0.3673992156982422,0.054517504309165285,0,0
30,2,s21,1110,0000,0000,-2.966815710067749,-2.535334348678589,-0.43148136138916016,0.051514711086151306,0,0
30,3,c10,0110,0110,0111,-2.315927028656006,-2.440927028656006,0.125,0.09874739920853809,1,0
30,4,c01,0110,1010,1010,-2.1875643730163574,-2.029025077819824,-0.1585392951965332,0.11225666756561076,0,0
30,5,x2,0100,0010,0010,-1.7780537605285645,-1.7272613048553467,-0.05079245567321777,0.16901795098371994,0,0
30,6,s20,0100,0100,1100,-1.2886717319488525,-1.334592580795288,0.04592084884643555,0.2758853835558864,1,0
30,7,x1,0000,0000,0100,-0.9661266207695007,-1.512944221496582,0.5468176007270813,0.38062629193423747,1,0
30,8,s10,0000,1000,1000,-0.8540880084037781,-0.6944117546081543,-0.15967625379562378,0.4257813677863676,0,0
31,1,t012,0011,0011,0000,-2.104902744293213,-2.5590896606445312,0.45418691635131836,0.12202741886647397,1,0
31,2,t310,0011,0011,1011,-0.7277741432189941,-1.674221158027649,0.9464470148086548,0.483198042135122,1,0
31,3,t320,1011,0011,0011,-1.4466153383255005,-0.47976580262184143,-0.9668495357036591,0.23549447126830966,0,0
31,4,x1,1111,1111,1001,-1.3274517059326172,-1.8067305088043213,0.4792788028717041,0.26529577436051943,1,0
31,5,t203,1110,1111,1111,-2.0760746002197266,-0.826074481010437,-1.2500001192092896,0.12547907468577152,0,0
31,6,s01,1110,0110,0110,-1.7007744312286377,-1.313608169555664,-0.38716626167297363,0.18262449088687882,0,0
31,7,t230,1110,1110,0110,-0.6060579419136047,-1.3232539892196655,0.7171960473060608,0.545703538447,1,0
31,8,x0,0110,0110,1110,-0.9293686151504517,-1.252813458442688,0.32344484329223633,0.3949175533901674,1,0
32,1,x1,1000,0100,0100,-2.652939796447754,-2.5356760025024414,-0.1172637939453125,0.07055096086771209,0,0
32,2,x0,0000,1000,1000,-2.4934253692626953,-2.202198028564453,-0.2912273406982422,0.08265916231892677,0,0
32,3,s13,0000,1000,1000,-2.7849724292755127,-2.531123399734497,-0.2538490295410156,0.06177751886086406,0,0
32,4,x0,1000,1000,0000,-1.4549415111541748,-1.7194795608520508,0.264538049697876,0.2335244153943238,1,0
32,5,s23,1000,1000,1100,-1.4588216543197632,-1.820107102394104,0.3612854480743408,0.23263869080125646,1,0
32,6,t102,1000,1000,1001,-0.36240720748901367,-2.6124072074890137,2.25,0.6964763077549538,1,0
32,7,x0,0000,0000,1000,-0.9291112422943115,-0.9646400213241577,0.03552877902984619,0.39505889814823264,1,0
32,8,c32,0000,0000,0001,-0.12534499168395996,-3.00034499168396,2.875,0.8822958185807647,1,0
33,1,s02,0011,1001,1001,-3.0365982055664062,-2.3093972206115723,-0.727200984954834,0.04810686170666182,0,0
33,2,c02,0011,1000,1000,-3.2443056106567383,-2.5354602336883545,-0.7088453769683838,0.0390409191767106,0,0
33,3,t301,0011,0011,1000,-1.0177202224731445,-2.535332441329956,1.5176122188568115,0.3618414581528316,1,0
33,4,s10,0011,0011,1011,-1.368552565574646,-1.6141510009765625,0.2455984354019165,0.2547608400513857,1,0
33,5,c02,0011,0011,0010,-0.120793417096138,-3.245793342590332,3.124999925494194,0.8864536128396335,1,0
33,6,t021,0011,0011,1011,-0.08559365570545197,-3.067528247833252,2.9819345921278,0.9182157187693436,1,0
33,7,x2,0001,0111,0111,-1.386256217956543,-1.0263170003890991,-0.35993921756744385,0.2500729560112751,0,0
33,8,c32,0011,0001,0001,-3.992403745651245,-0.06826744973659515,-3.92413629591465,0.0184595093389896,0,0
34,1,s23,1100,1100,0100,-2.5403244495391846,-2.5931053161621094,0.052780866622924805,0.07901905630249217,1,0
34,2,t013,1101,1100,1100,-1.8424626588821411,-0.5924627184867859,-1.2499999403953552,0.15853458839380252,0,0
34,3,t102,1111,1100,1100,-2.3062314987182617,-1.9917089939117432,-0.31452250480651855,0.09982372313432326,0,0
34,4,s21,1111,1011,1011,-2.3334944248199463,-1.844106912612915,-0.48938751220703125,0.09708189998505524,0,0
34,5,c20,0111,0111,1111,-1.128861904144287,-1.493135690689087,0.3642737865447998,0.32364927283685674,1,0
34,6,t012,0111,0111,0110,-0.7924633622169495,-1.2924634218215942,0.5000000596046448,0.45284735687060396,1,0
34,7,x2,0101,0011,0011,-1.3060061931610107,-1.2872811555862427,-0.018725037574768066,0.2710160064060118,0,0
34,8,t132,0111,0101,0101,-4.116347789764404,-0.2042410671710968,-3.9121067225933075,0.016307291359622868,0,0
35,1,x2,0110,0100,0100,-2.729222059249878,-2.4186339378356934,-0.31058812141418457,0.06538175117003676,0,0
35,2,t312,0110,0110,0000,-2.0250532627105713,-2.6684322357177734,0.6433789730072021,0.13211881989736085,1,0
35,3,c30,0110,0110,1110,-0.8180058002471924,-1.0092017650604248,0.19119596481323242,0.4417193472128553,1,0
35,4,t032,0110,0110,0111,-0.1397414207458496,-2.5147414207458496,2.375,0.869945560649478,1,0
35,5,x0,1110,1110,0110,-0.5604920983314514,-1.2314963340759277,0.6710042357444763,0.5713019991953955,1,0
35,6,s20,1110,1110,0110,-0.7506014108657837,-0.9528917670249939,0.2022903561592102,0.472196537944821,1,0
35,7,s03,0111,1110,1110,-2.4357590675354004,-0.8313326835632324,-1.604426383972168,0.08760132352173988,0,0
35,8,c02,0111,0111,0110,-0.11508630961179733,-3.115086555480957,3.0000002458691597,0.8914051751734285,1,0
36,1,s20,0001,1000,1000,-2.543095588684082,-2.5353851318359375,-0.007710456848144531,0.07871677893443157,0,0
36,2,x1,0101,0001,0001,-1.723203420639038,-1.4524133205413818,-0.27079010009765625,0.1786259780372855,0,0
36,3,c23,0101,0101,0100,-0.49412623047828674,-1.8691262006759644,1.3749999701976776,0.6105666132202622,1,0
36,4,s32,0110,0101,0101,-2.501756191253662,-0.7802462577819824,-1.7215099334716797,0.08199206128219717,0,0
36,5,x0,1110,1110,0110,-1.101851463317871,-1.3211936950683594,0.21934223175048828,0.3326323919697228,1,0
36,6,c23,1111,1110,1110,-1.2610210180282593,-1.0110210180282593,-0.25,0.2834932845395664,0,0
36,7,s30,1111,0111,0111,-1.1856210231781006,-1.1538386344909668,-0.03178238868713379,0.30575747799526903,0,0
36,8,t132,1101,1111,1111,-1.751268744468689,-0.3344809412956238,-1.4167878031730652,0.17364965380959113,0,0
37,1,x2,1100,0000,0000,-2.7736549377441406,-2.595893144607544,-0.17776179313659668,0.06249920177897711,0,0
37,2,c03,1101,1100,1100,-1.8939874172210693,-1.7689874172210693,-0.125,0.1505751672518442,0,0
37,3,c31,1001,0101,0101,-2.543807029724121,-2.441685438156128,-0.10212159156799316,0.07868421253819885,0,0
37,4,t321,1001,1001,1000,-1.0560927391052246,-2.1810927391052246,1.125,0.3481518741757016,1,0
37,5,s21,1001,1001,1101,-1.3730599880218506,-1.582846760749817,0.2097867727279663,0.2534458685462843,1,0
37,6,c23,1001,1001,1000,-0.6204155683517456,-1.2454155683517456,0.625,0.5378575045824001,1,0
37,7,c31,1101,1001,1001,-1.6490750312805176,-0.31631219387054443,-1.3327628374099731,0.19228190622853394,0,0
37,8,x3,1100,1100,1101,-0.8048346042633057,-1.0548346042633057,0.25,0.44731733170167876,1,0
38,1,s03,1010,0011,0011,-2.5974700450897217,-2.5359628200531006,-0.061507225036621094,0.07462109588972547,0,0
38,2,t103,1010,1100,1100,-2.971035957336426,-2.6527445316314697,-0.31829142570495605,0.05131579978573979,0,0
38,3,t031,1010,1010,0010,-0.5434190034866333,-2.55045747756958,2.0070384740829468,0.5810083955096311,1,0
38,4,c03,1011,1010,1010,-1.479774832725525,-0.8547747135162354,-0.6250001192092896,0.22784548534493215,0,0
38,5,t102,1011,1011,1111,-0.43143725395202637,-1.4532970190048218,1.0218597650527954,0.6500556865212632,1,0
38,6,t013,1011,1011,1111,-0.0718923807144165,-3.3403098583221436,3.268417477607727,0.930818115846479,1,0
38,7,s32,1011,1111,1111,-1.7644755840301514,-1.4500631093978882,-0.3144124746322632,0.17134039456923947,0,0
38,8,t201,1111,1111,1011,-0.6311516165733337,-0.8659694790840149,0.23481786251068115,0.5321004019527203,1,0
39,1,c01,0101,0101,1000,-2.3844797611236572,-2.5354866981506348,0.15100693702697754,0.0922522836878448,1,0
39,2,x0,1101,1101,0101,-1.1411222219467163,-1.2444716691970825,0.10334944725036621,0.31959787760428204,1,0
39,3,t102,1111,1101,1101,-2.5595548152923584,-0.4732874631881714,-2.086267352104187,0.0773596032300776,0,0
39,4,c32,1101,1111,1111,-1.3234877586364746,-1.272408127784729,-0.051079630851745605,0.26643476408234057,0,0
39,5,t230,1101,1101,1111,-0.6594939231872559,-2.0027716159820557,1.3432776927947998,0.5174330158650752,1,0
39,6,c31,1001,1001,1101,-1.0213814973831177,-1.4949214458465576,0.47353994846343994,0.36022940909147017,1,0
39,7,x3,1000,1011,1011,-1.2958334684371948,-0.9796250462532043,-0.3162084221839905,0.27370165863895474,0,0
39,8,x2,1010,1000,1000,-1.7376240491867065,-0.4889867305755615,-1.248637318611145,0.1759504606718997,0,0
40,1,s21,1010,1100,1100,-2.672532081604004,-2.3167195320129395,-0.35581254959106445,0.06917970019465203,0,0
40,2,s02,1010,1100,1100,-2.9707159996032715,-2.6524131298065186,-0.31830286979675293,0.051317625039997296,0,0
40,3,x2,1000,1000,1100,-2.2893078327178955,-2.3461151123046875,0.05680727958679199,0.10142028257463881,1,0
40,4,x3,1001,1000,1000,-1.576338529586792,-1.576338529586792,0.0,0.2069462973701583,0,1
40,5,s10,0101,1001,1001,-2.543166160583496,-2.1114795207977295,-0.4316866397857666,0.07869711004979818,0,0
40,6,s32,0110,0001,0001,-2.9707162380218506,-2.478724479675293,-0.4919917583465576,0.05132024020280346,0,0
40,7,x2,0100,0100,0101,-1.8793593645095825,-1.8793593645095825,0.0,0.15279872934179942,0,1
40,8,x3,0101,0101,0111,-1.4483413696289062,-1.6300034523010254,0.18166208267211914,0.23505185930444872,1,0
41,1,t013,0010,0010,1000,-2.388308525085449,-2.5394537448883057,0.15114521980285645,0.09190995967210486,1,0
41,2,x1,0110,0010,0010,-1.516379714012146,-1.4424235820770264,-0.07395613193511963,0.21980628622294868,0,0
41,3,t013,0110,0110,0111,-0.2030010223388672,-2.578001022338867,2.375,0.8165059967385369,1,0
41,4,s30,0110,1110,1110,-1.0058536529541016,-1.0008885860443115,-0.004965066909790039,0.36622772826644795,0,0
41,5,c21,0010,0110,0110,-1.6112433671951294,-0.7711393237113953,-0.8401040434837341,0.19976247817482037,0,0
41,6,c31,0010,0010,0110,-0.36257708072662354,-1.8164668083190918,1.4538897275924683,0.6960113546403892,1,0
41,7,x2,0000,0001,0001,-2.0328176021575928,-1.2828176021575928,-0.75,0.13098466686534488,0,0
41,8,c12,0000,0000,0001,-0.0649266242980957,-3.4399266242980957,3.375,0.9372835090623799,1,0
42,1,c20,0010,1010,1010,-2.6532177925109863,-2.324052333831787,-0.3291654586791992,0.07053766328466854,0,0
42,2,c21,0110,1101,1101,-2.9103405475616455,-2.4749250411987305,-0.43541550636291504,0.05451863872936497,0,0
42,3,x1,0010,1111,1111,-3.039019823074341,-2.5958218574523926,-0.44319796562194824,0.04792679655462318,0,0
42,4,x3,0011,1010,1010,-2.8492627143859863,-2.652209758758545,-0.1970529556274414,0.05792718057005868,0,0
42,5,t310,0011,0011,1100,-2.287588596343994,-2.425934076309204,0.13834547996520996,0.10163373750646618,1,0
42,6,t102,0011,0011,1011,-0.3645070195198059,-2.2757372856140137,1.9112302660942078,0.6950824876720519,1,0
42,7,s31,0110,0011,0011,-1.9732799530029297,-1.4605283737182617,-0.512751579284668,0.13913265692179724,0,0
42,8,c20,1110,1110,0110,-0.6989966034889221,-0.9800944328308105,0.2810978293418884,0.49749466632035994,1,0
43,1,x3,1010,1011,1011,-2.7776942253112793,-2.6526942253112793,-0.125,0.062274749241187366,0,0
43,2,c30,1010,1010,0010,-2.036956787109375,-2.3653857707977295,0.3284289836883545,0.130569534687011,1,0
43,3,t201,1110,1010,1010,-2.2748968601226807,-0.4081602096557617,-1.866736650466919,0.10289571024615089,0,0
43,4,s13,1011,1110,1110,-3.436046838760376,-0.8543527126312256,-2.5816941261291504,0.032253605218909326,0,0
43,5,t203,1010,1011,1011,-3.989245653152466,-0.4892454743385315,-3.5000001788139343,0.018532263910509477,0,0
43,6,x0,0010,0010,1010,-1.30124831199646,-1.7801282405853271,0.4788799285888672,0.27236582508280527,1,0
43,7,t210,0010,0010,1010,-0.3749072849750519,-1.9320212602615356,1.5571139752864838,0.6874857968796171,1,0
43,8,t210,0010,0010,1010,-0.10261522233486176,-2.9730887413024902,2.8704735189676285,0.9025438327296375,1,0
44,1,s20,1111,0000,0000,-2.8454909324645996,-2.5957839488983154,-0.24970698356628418,0.05815760640956238,0,0
44,2,t210,0111,1111,1111,-1.660651445388794,-1.4500643014907837,-0.21058714389801025,0.1901071612003341,0,0
44,3,s01,1011,0111,0111,-1.9472417831420898,-1.522840976715088,-0.42440080642700195,0.14273692635771332,0,0
44,4,c20,0011,1011,1011,-1.5098176002502441,-1.2654838562011719,-0.24433374404907227,0.22105486789785198,0,0
44,5,c23,0010,0011,0011,-2.4129440784454346,-1.5379440784454346,-0.875,0.08969192411206714,0,0
44,6,s23,0001,0011,0011,-1.67576265335083,-1.614402174949646,-0.06136047840118408,0.1874676921207483,0,0
44,7,s01,0001,1001,1001,-1.8331799507141113,-1.639052391052246,-0.19412755966186523,0.1600165845735408,0,0
44,8,x0,1001,1001,0001,-0.601398766040802,-1.1112327575683594,0.5098339915275574,0.5481675788130904,1,0
45,1,t203,0001,0001,1000,-2.426666021347046,-2.4831714630126953,0.056505441665649414,0.08848966692100116,1,0
45,2,x3,0000,0001,0001,-1.7837250232696533,-1.1587251424789429,-0.6249998807907104,0.16814413864000882,0,0
45,3,c32,0000,0000,0001,-0.32278355956077576,-2.0727834701538086,1.7499999105930328,0.7254393285689728,1,0
45,4,x1,0100,0100,0010,-0.6699217557907104,-1.744744062423706,1.0748223066329956,0.5125017190107575,1,0
45,5,t103,0100,0100,1100,-0.09858473390340805,-3.333397388458252,3.234812654554844,0.9066776655617531,1,0
45,6,s02,0100,0100,1100,-0.6860417127609253,-1.2770202159881592,0.5909785032272339,0.5042584294835356,1,0
45,7,t012,0100,0100,1100,-0.006782738957554102,-5.591792583465576,5.585009844508022,0.9933561992884401,1,0
45,8,x3,0101,0100,0100,-1.0406793355941772,-0.9156793355941772,-0.125,0.3532514926279127,0,0
46,1,s20,0111,1101,1101,-2.9711782932281494,-2.501697063446045,-0.4694812297821045,0.05130732877748118,0,0
46,2,t201,0111,0111,1000,-2.542630195617676,-2.5916013717651367,0.04897117614746094,0.07870967715614151,1,0
46,3,t120,1111,0111,0111,-0.9620869159698486,-0.8080347180366516,-0.15405219793319702,0.382301450247634,0,0
46,4,t132,1101,1111,1111,-1.4068095684051514,-1.291935920715332,-0.11487364768981934,0.24508607040231958,0,0
46,5,x2,1111,1111,1101,-1.4684712886810303,-1.5476555824279785,0.07918429374694824,0.23041740402962918,1,0
46,6,x3,1110,1110,1101,-1.2477060556411743,-1.2519173622131348,0.004211306571960449,0.2872372373110238,1,0
46,7,c03,1111,1110,1110,-1.0377907752990723,-0.787790834903717,-0.24999994039535522,0.35434020642978376,0,0
46,8,c21,1011,1111,1111,-1.5038498640060425,-0.6515121459960938,-0.8523377180099487,0.22232039591515698,0,0
47,1,c21,1101,1101,0000,-2.4864914417266846,-2.596275806427002,0.10978436470031738,0.08332046917495793,1,0
47,2,t201,1101,1101,0101,-0.6905684471130371,-1.9924781322479248,1.3019096851348877,0.5015241104301941,1,0
47,3,t310,0101,1101,1101,-1.947604775428772,-0.20074522495269775,-1.7468595504760742,0.1426695974163648,0,0
47,4,s31,0101,0101,0001,-0.9505569934844971,-0.9768037796020508,0.02624678611755371,0.3867312419027073,1,0
47,5,c10,1101,1101,0101,-0.6323320269584656,-1.0005258321762085,0.3681938052177429,0.5315465567157615,1,0
47,6,c03,1100,1101,1101,-1.3493967056274414,-0.9743967056274414,-0.375,0.25952531746816254,0,0
47,7,x0,0100,1100,1100,-1.4354033470153809,-0.8866745829582214,-0.5487287640571594,0.2381161254815144,0,0
47,8,s32,0100,0100,0110,-0.8843745589256287,-1.400643229484558,0.5162686705589294,0.4130400905048582,1,0
48,1,s13,0000,0000,0100,-2.3091955184936523,-2.4868645668029785,0.17766904830932617,0.09950105514587375,1,0
48,2,s13,0000,0000,1000,-0.7256312370300293,-2.2112791538238525,1.4856479167938232,0.48421930222798826,1,0
48,3,x3,0001,0000,0000,-1.5084630250930786,-0.5084630250930786,-1.0,0.22132634084532407,0,0
48,4,s13,0100,0001,0001,-4.51763916015625,-0.1890869289636612,-4.328552231192589,0.010921367392453772,0,0
48,5,s13,0001,0100,0100,-2.7716450691223145,-1.558144450187683,-1.2135006189346313,0.06272348859977274,0,0
48,6,c31,0101,0001,0001,-2.0002028942108154,-1.329282283782959,-0.6709206104278564,0.13564821259906018,0,0
48,7,s03,1100,0001,0001,-2.222473621368408,-1.7243205308914185,-0.49815309047698975,0.10855090828676933,0,0
48,8,c32,1100,1101,1101,-2.3022732734680176,-2.1772732734680176,-0.125,0.1002476870098369,0,0
49,1,s12,0001,0000,0000,-2.4259679317474365,-2.4259679317474365,0.0,0.0885076361301648,0,1
49,2,s20,0001,0001,1001,-0.9997801184654236,-1.4880433082580566,0.48826318979263306,0.3681867187992832,1,0
49,3,c20,0001,0001,1001,-0.48343902826309204,-1.3799024820327759,0.8964634537696838,0.6171062752208238,1,0
49,4,t032,0001,0001,1001,-0.020979268476366997,-5.0457963943481445,5.0248171258717775,0.9794502574031054,1,0
49,5,s21,0001,0101,0101,-1.0819929838180542,-0.8765319585800171,-0.2054610252380371,0.33920451871505297,0,0
49,6,c21,0001,0001,0101,-0.19037774205207825,-1.816512942314148,1.6261352002620697,0.8267877748837571,1,0
49,7,s12,0001,0001,0101,-0.4364522695541382,-1.5583240985870361,1.121871829032898,0.6464331580748771,1,0
49,8,c30,1001,0001,0001,-2.3946921825408936,-0.10063070803880692,-2.2940614745020866,0.0912158409393322,0,0
50,1,t302,0100,0100,1000,-2.267981767654419,-2.4795804023742676,0.21159863471984863,0.10372780450262224,1,0
50,2,t012,0100,0100,1100,-0.3378964364528656,-2.246614933013916,1.9087184965610504,0.7135280106085713,1,0
50,3,c13,0101,0100,0100,-1.592569351196289,-0.5925692915916443,-1.0000000596046448,0.20356162053502844,0,0
50,4,c03,0101,0101,0111,-0.13711847364902496,-3.1236679553985596,2.9865494817495346,0.8724427124000389,1,0
50,5,x3,0100,0100,0101,-1.0000927448272705,-1.1250927448272705,0.125,0.36792621179122487,1,0
50,6,c13,0101,0100,0100,-2.5961697101593018,-0.09616948664188385,-2.500000223517418,0.07456711246220579,0,0
50,7,t201,0101,0101,1101,-0.10532870888710022,-2.9816887378692627,2.8763600289821625,0.9005015884148669,1,0
50,8,x3,0100,0100,0101,-0.9471843242645264,-1.0721843242645264,0.125,0.38786278222770165,1,0
51,1,t130,1001,1001,0000,-2.0440711975097656,-2.5362589359283447,0.4921877384185791,0.12973134984082557,1,0
51,2,x1,1101,1101,1001,-1.6147775650024414,-1.8728573322296143,0.25807976722717285,0.19908897523852173,1,0
51,3,x0,0101,1101,1101,-0.9598521590232849,-0.9276337623596191,-0.03221839666366577,0.3830387310548947,0,0
51,4,c02,0101,0101,1101,-0.32852813601493835,-2.372929573059082,2.0444014370441437,0.7203839471874911,1,0
51,5,t302,0101,0101,1101,-0.09150160849094391,-2.847348213195801,2.755846604704857,0.9127840887020559,1,0
51,6,s30,1100,0101,0101,-3.932779312133789,-0.6702219843864441,-3.262557327747345,0.019614870192400758,0,0
51,7,x1,1000,1000,1100,-1.117323398590088,-1.5584924221038818,0.44116902351379395,0.32733881693183725,1,0
51,8,c31,1000,1000,1100,-0.4820558428764343,-2.360769033432007,1.8787131905555725,0.617966638996552,1,0
52,1,c32,1010,1010,0000,-2.535947799682617,-2.592851400375366,0.05690360069274902,0.07933984051868992,1,0
52,2,t312,1010,1010,1011,-0.4217666685581207,-2.296766757965088,1.8750000894069672,0.6562922221261204,1,0
52,3,x0,0010,1010,1010,-1.1372475624084473,-0.9802253246307373,-0.15702223777770996,0.32086887167564904,0,0
52,4,c12,0010,0010,0110,-0.4444506764411926,-1.6811546087265015,1.2367039322853088,0.6414039912985126,1,0
52,5,c30,0010,0010,1010,-0.6028320789337158,-0.9604666233062744,0.3576345443725586,0.5478154111701949,1,0
52,6,t203,0010,0010,1010,-0.012784337624907494,-5.703293323516846,5.690508985891938,0.9874526413304693,1,0
52,7,x0,1010,1010,0010,-0.4170154333114624,-1.3650991916656494,0.948083758354187,0.6591721231039537,1,0
52,8,t310,1010,1010,1110,-0.07886872440576553,-3.360677719116211,3.2818089947104454,0.9243037681615817,1,0
53,1,t021,1101,1101,1000,-2.354668617248535,-2.53572940826416,0.181060791015625,0.09506992778269455,1,0
53,2,s03,1101,1101,0101,-0.9969260096549988,-1.9015300273895264,0.9046040177345276,0.36923923203818465,1,0
53,3,c31,1001,1101,1101,-1.7165553569793701,-0.7736128568649292,-0.9429425001144409,0.17986990726657365,0,0
53,4,t213,1001,1001,1101,-0.23402027785778046,-2.215041160583496,1.9810208827257156,0.7917647733513878,1,0
53,5,x1,1101,1101,1011,-0.8591177463531494,-1.5039691925048828,0.6448514461517334,0.42364387880989185,1,0
53,6,t312,1111,1101,1101,-2.159397840499878,-0.14567875862121582,-2.013719081878662,0.11540362325459072,0,0
53,7,t321,1011,1111,1111,-2.2809386253356934,-0.2963056266307831,-1.9846329987049103,0.10222646860243695,0,0
53,8,c23,1010,1011,1011,-1.0816404819488525,-0.9566404819488525,-0.125,0.3390826874843544,0,0
54,1,x1,0001,1000,1000,-2.7208595275878906,-2.5921716690063477,-0.12868785858154297,0.06590309017046904,0,0
54,2,s21,0001,0100,0100,-2.777376174926758,-2.5955097675323486,-0.18186640739440918,0.06225049394089328,0,0
54,3,c20,0001,0001,1001,-0.9409499764442444,-1.8637442588806152,0.9227942824363708,0.3906694250633024,1,0
54,4,x2,0011,0011,0101,-1.4496568441390991,-1.615739345550537,0.166082501411438,0.23477509209415326,1,0
54,5,x3,0010,0010,0011,-0.9391279220581055,-0.9391279220581055,0.0,0.3911980902780705,0,1
54,6,t103,0010,0010,0011,-0.06059306114912033,-3.8105931282043457,3.7500000670552254,0.9416303608193912,1,0
54,7,x0,1010,1010,0010,-0.5020292401313782,-1.2684661149978638,0.7664368748664856,0.605632152402485,1,0
54,8,s12,1100,1010,1010,-3.128359794616699,-1.4223687648773193,-1.7059910297393799,0.043804269733751476,0,0
55,1,x1,0111,0000,0000,-2.902675151824951,-2.6526098251342773,-0.25006532669067383,0.054949408067986406,0,0
55,2,x1,0011,1000,1000,-2.9702253341674805,-2.5913236141204834,-0.37890172004699707,0.0513119488859818,0,0
55,3,x3,0010,1000,1000,-2.9099714756011963,-2.5349576473236084,-0.3750138282775879,0.05451550853188945,0,0
55,4,x1,0110,1010,1010,-2.607038974761963,-2.421565055847168,-0.18547391891479492,0.07379918967650659,0,0
55,5,c31,0110,1110,1110,-2.7287046909332275,-2.4785828590393066,-0.2501218318939209,0.06537216907675698,0,0
55,6,c30,0110,0110,1110,-0.7862361073493958,-0.821581244468689,0.03534513711929321,0.4557730287382773,1,0
55,7,x3,0111,0110,0110,-1.181896686553955,-1.181896686553955,0.0,0.3067640990201742,0,1
55,8,s10,1011,0111,0111,-3.561023712158203,-0.652708888053894,-2.908314824104309,0.02841996169623015,0,0
56,1,x0,1101,0000,0000,-2.7852070331573486,-2.535393714904785,-0.24981331825256348,0.061799892210619226,0,0
56,2,t201,1101,1101,0101,-2.1781165599823,-2.270481586456299,0.09236502647399902,0.11332762195923479,1,0
56,3,c21,1101,1101,1001,-1.0897457599639893,-1.3818706274032593,0.29212486743927,0.3365559153981509,1,0
56,4,x1,1001,1001,1101,-1.0754356384277344,-1.6483063697814941,0.5728707313537598,0.3412726410524845,1,0
56,5,c10,1001,1001,0001,-0.45048093795776367,-1.4909086227416992,1.0404276847839355,0.6374220941804568,1,0
56,6,c30,0001,1001,1001,-1.7792887687683105,-0.21917809545993805,-1.5601106733083725,0.1687746905357622,0,0
56,7,t320,0001,0001,1001,-0.1179390549659729,-2.5143516063690186,2.3964125514030457,0.889023081229301,1,0
56,8,c10,0001,0001,1001,-0.16060540080070496,-1.922581434249878,1.761976033449173,0.8516626370396859,1,0
57,1,t210,1010,1010,0000,-2.3317923545837402,-2.653531789779663,0.32173943519592285,0.0973134375486961,1,0
57,2,s01,0110,1010,1010,-2.392759323120117,-0.9065771102905273,-1.4861822128295898,0.09146754600853445,0,0
57,3,t301,0110,0110,0010,-0.5498130321502686,-1.9596117734909058,1.4097987413406372,0.5774145409902209,1,0
57,4,x0,1110,1110,0110,-0.7518367767333984,-1.4069485664367676,0.6551117897033691,0.47178474485189026,1,0
57,5,t312,1110,1110,1100,-0.527816116809845,-1.7034398317337036,1.1756237149238586,0.5901977716841232,1,0
57,6,t203,1111,1110,1110,-2.1605384349823,-0.28553831577301025,-1.8750001192092896,0.11533153022216608,0,0
57,7,t210,0111,1111,1111,-1.5470384359359741,-0.30043983459472656,-1.2465986013412476,0.21292954632831695,0,0
57,8,x2,0101,0011,0011,-1.199472427368164,-1.0252656936645508,-0.17420673370361328,0.30145138939546523,0,0
58,1,x2,1001,0000,0000,-2.7135298252105713,-2.652946949005127,-0.060582876205444336,0.06640875409350307,0,0
58,2,t120,1001,1001,0000,-2.315467357635498,-2.53141450881958,0.21594715118408203,0.09881386860399015,1,0
58,3,s31,1100,1001,1001,-2.5942561626434326,-1.0411286354064941,-1.5531275272369385,0.07473706681091201,0,0
58,4,s31,1001,1100,1100,-2.2635867595672607,-0.9287766218185425,-1.3348101377487183,0.10405730037163614,0,0
58,5,x1,1101,1100,1100,-1.769665002822876,-1.644665002822876,-0.125,0.17049461466820584,0,0
58,6,x1,1001,1001,1111,-1.7276264429092407,-1.815922737121582,0.08829629421234131,0.17774206046119925,1,0
58,7,t312,1001,1001,1011,-0.1826903522014618,-3.1243786811828613,2.9416883289813995,0.8333781658989096,1,0
58,8,x2,1011,1011,1000,-1.0026111602783203,-1.397289752960205,0.39467859268188477,0.3669902635134392,1,0
59,1,c12,0101,1000,1000,-2.838195323944092,-2.595960855484009,-0.242234468460083,0.05859838017202516,0,0
59,2,s02,0101,0001,0001,-2.849503993988037,-2.5468077659606934,-0.30269622802734375,0.05792066612691516,0,0
59,3,s21,0011,0101,0101,-3.190382957458496,-1.7192800045013428,-1.4711029529571533,0.04119406743704955,0,0
59,4,c30,1011,0011,0011,-2.672287702560425,-1.7606748342514038,-0.911612868309021,0.06921626889991694,0,0
59,5,s21,1101,1000,1000,-2.751424789428711,-2.3723623752593994,-0.3790624141693115,0.06387505457301898,0,0
59,6,s31,1101,1001,1001,-2.986171245574951,-2.4178433418273926,-0.5683279037475586,0.05051842541702338,0,0
59,7,c31,1001,1101,1101,-1.99567711353302,-1.8593368530273438,-0.13634026050567627,0.1359964511074399,0,0
59,8,s01,0101,1001,1001,-2.2250280380249023,-1.915050745010376,-0.30997729301452637,0.10811567984875099,0,0
60,1,s20,1101,0110,0110,-2.8417482376098633,-2.6521615982055664,-0.18958663940429688,0.058371369301075914,0,0
60,2,c20,1101,0000,0000,-3.0349509716033936,-2.535083293914795,-0.49986767768859863,0.04811057976978741,0,0
60,3,x1,1001,1001,1100,-2.104367971420288,-2.440732002258301,0.3363640308380127,0.12198488201438014,1,0
60,4,x1,1101,1101,1011,-1.217995285987854,-1.63165283203125,0.413657546043396,0.2958915237654888,1,0
60,5,c31,1001,1101,1101,-2.6758711338043213,-1.078419804573059,-1.5974513292312622,0.0689051382562186,0,0
60,6,s32,1010,1101,1101,-3.547245979309082,-1.3739687204360962,-2.173277258872986,0.028812690358653102,0,0
60,7,s32,1001,1010,1010,-2.779951572418213,-1.4771063327789307,-1.3028452396392822,0.06206426266312688,0,0
60,8,t013,1001,1001,1100,-0.47667044401168823,-2.847503900527954,2.370833456516266,0.6212171467705648,1,0
61,1,s02,1110,0000,0000,-2.72078275680542,-2.6526474952697754,-0.06813526153564453,0.06589794920594128,0,0
61,2,c03,1111,1110,1110,-1.5100882053375244,-1.2600882053375244,-0.25,0.2210353585696326,0,0
61,3,c31,1011,1011,1111,-1.567328691482544,-1.598165512084961,0.030836820602416992,0.2088480321961425,1,0
61,4,t321,1111,1011,1011,-2.2118167877197266,-0.6343327760696411,-1.5774840116500854,0.10957806134887754,0,0
61,5,c03,1110,1111,1111,-1.2673308849334717,-1.0173308849334717,-0.25,0.28178099183276184,0,0
61,6,s02,1110,0110,0110,-1.2926026582717896,-1.1262387037277222,-0.16636395454406738,0.2747060178738378,0,0
61,7,s23,1101,1110,1110,-2.5241193771362305,-0.8833836913108826,-1.640735685825348,0.08014799684900571,0,0
61,8,s12,1011,1101,1101,-2.987473964691162,-0.7960911989212036,-2.1913827657699585,0.05043070985535173,0,0
62,1,t230,1001,1001,0000,-2.0793566703796387,-2.5370144844055176,0.4576578140258789,0.1253334960241215,1,0
62,2,x0,0001,1001,1001,-1.7845743894577026,-1.3938895463943481,-0.3906848430633545,0.16808782633864794,0,0
62,3,x0,1001,1001,0001,-0.7300230264663696,-1.2880570888519287,0.5580340623855591,0.48273690262189045,1,0
62,4,t021,1001,1001,1101,-0.4538852274417877,-2.109734296798706,1.6558490693569183,0.6354960340408499,1,0
62,5,t132,1001,1001,1101,-0.29427504539489746,-2.180415153503418,1.8861401081085205,0.7453596405253681,1,0
62,6,t103,1001,1001,1101,-0.10281725227832794,-2.876436471939087,2.773619219660759,0.9025220022991162,1,0
62,7,x1,1101,1101,1011,-0.8539783358573914,-1.4991174936294556,0.6451391577720642,0.4258619736235561,1,0
62,8,x0,0101,1101,1101,-0.8909816741943359,-0.6853330731391907,-0.20564860105514526,0.41031586992807156,0,0
63,1,s12,0001,0000,0000,-2.42586088180542,-2.42586088180542,0.0,0.0885099286538318,0,1
63,2,x1,0101,0001,0001,-1.7735382318496704,-1.2897381782531738,-0.4838000535964966,0.16983041625548723,0,0
63,3,t301,0101,0101,1101,-0.33639809489250183,-2.559537172317505,2.223139077425003,0.7146632456053988,1,0
63,4,t231,0101,0101,1101,-0.09117826819419861,-3.053309440612793,2.9621311724185944,0.9134577333999031,1,0
63,5,t301,0101,0101,1101,-0.01948527991771698,-4.081146240234375,4.061660960316658,0.9807800474632092,1,0
63,6,x3,0100,0111,0111,-1.4844642877578735,-0.8837413787841797,-0.6007229089736938,0.22666013597325435,0,0
63,7,t321,0100,0100,0101,-0.1060529574751854,-2.356052875518799,2.2499999180436134,0.8994758808904735,1,0
63,8,c20,0100,0100,1100,-0.3585003912448883,-1.280281901359558,0.9217815101146698,0.6990465225581184,1,0
64,1,s10,0000,0000,1000,-2.2751893997192383,-2.5362510681152344,0.2610616683959961,0.1029520149005762,1,0
64,2,s03,0000,0000,1000,-0.7365221977233887,-2.2659811973571777,1.529458999633789,0.4789971619403989,1,0
64,3,s30,0000,0000,1000,-0.5981033444404602,-1.0328001976013184,0.43469685316085815,0.5501514871549416,1,0
64,4,c01,0000,0000,0100,-0.13088224828243256,-2.491506576538086,2.3606243282556534,0.8777666080013504,1,0
64,5,c03,0000,0000,0001,-0.05668263137340546,-3.181682586669922,3.1249999552965164,0.9449719322972363,1,0
64,6,c30,0000,0000,1000,-0.10368912667036057,-2.3800432682037354,2.276354141533375,0.9029837772826481,1,0
64,7,t031,0000,0000,1000,-0.005564085207879543,-5.836849212646484,5.831285127438605,0.9945732103164772,1,0
64,8,t013,0000,0000,0001,-0.007263850420713425,-5.757264137268066,5.750000286847353,0.9928179883761118,1,0
65,1,s23,1010,1001,1001,-2.613452434539795,-2.363191843032837,-0.250260591506958,0.0735044160945397,0,0
65,2,t203,1011,1101,1101,-2.903177261352539,-2.5926637649536133,-0.3105134963989258,0.054948976908323836,0,0
65,3,x1,1111,0000,0000,-2.9675517082214355,-2.5356297492980957,-0.43192195892333984,0.05150031106367469,0,0
65,4,t321,1011,1010,1010,-2.595567226409912,-2.595567226409912,0.0,0.07466928321555868,0,1
65,5,s32,1011,1110,1110,-2.531449794769287,-2.3459463119506836,-0.18550348281860352,0.0796072980732432,0,0
65,6,c12,1011,1011,1111,-1.6356383562088013,-1.9480857849121094,0.3124474287033081,0.19493651251356023,1,0
65,7,c12,1011,1011,1111,-0.906421422958374,-1.248489499092102,0.342068076133728,0.4040350770099164,1,0
65,8,x0,0011,0111,0111,-1.7240557670593262,-1.2605371475219727,-0.4635186195373535,0.17840743276576262,0,0
66,1,x0,1010,0010,0010,-2.8500049114227295,-2.3313417434692383,-0.5186631679534912,0.05791148362579455,0,0
66,2,t120,1010,1010,0000,-2.1218039989471436,-2.5315496921539307,0.4097456932067871,0.11993485865422161,1,0
66,3,s32,1001,1010,1010,-2.4040334224700928,-1.2789634466171265,-1.1250699758529663,0.09044475993176389,0,0
66,4,c21,1001,1001,1101,-1.0700489282608032,-1.6420567035675049,0.5720077753067017,0.34360561313639465,1,0
66,5,x2,1011,1011,1000,-1.336466908454895,-1.6201074123382568,0.2836405038833618,0.26287395463248997,1,0
66,6,s02,1011,1011,0111,-1.1685727834701538,-1.195157527923584,0.026584744453430176,0.3110183517932009,1,0
66,7,t310,1011,1011,0011,-0.19527840614318848,-2.558670997619629,2.3633925914764404,0.8227629583432484,1,0
66,8,t301,1111,1011,1011,-2.415173053741455,-0.13264769315719604,-2.282525360584259,0.08936286968922603,0,0
67,1,s30,1010,0011,0011,-2.717251777648926,-2.5919222831726074,-0.12532949447631836,0.06613982947580159,0,0
67,2,t120,1010,0100,0100,-2.8420279026031494,-2.592255115509033,-0.2497727870941162,0.05837649416986156,0,0
67,3,c13,1010,1010,1000,-1.376706838607788,-2.0130438804626465,0.6363370418548584,0.2527047174799165,1,0
67,4,x3,1011,1010,1010,-1.2351821660995483,-1.1101821660995483,-0.125,0.2909561887504701,0,0
67,5,c03,1010,1011,1011,-3.236778974533081,-0.2367790937423706,-2.9999998807907104,0.03932269017372935,0,0
67,6,s30,0011,1010,1010,-3.0530030727386475,-0.9292507171630859,-2.1237523555755615,0.04729036034287063,0,0
67,7,x0,1011,1011,0011,-0.8573208451271057,-1.2598276138305664,0.4025067687034607,0.4245983445074198,1,0
67,8,c20,0011,1011,1011,-1.331146478652954,-0.9889469146728516,-0.34219956398010254,0.26430351824147935,0,0
68,1,t023,0101,1000,1000,-2.6683852672576904,-2.535738229751587,-0.13264703750610352,0.06947097982449815,0,0
68,2,x1,0001,0101,0101,-1.7632514238357544,-1.3381550312042236,-0.42509639263153076,0.1716308852297355,0,0
68,3,x1,0101,0101,0001,-1.0222752094268799,-1.5848641395568848,0.5625889301300049,0.3599993744273058,1,0
68,4,s21,0011,0101,0101,-2.9608333110809326,-0.8500992655754089,-2.1107340455055237,0.05181521984756521,0,0
68,5,c23,0010,0011,0011,-2.4758787155151367,-1.9758784770965576,-0.5000002384185791,0.08427669558292758,0,0
68,6,s12,0100,0000,0000,-2.6531224250793457,-2.5966272354125977,-0.05649518966674805,0.0705529875511859,0,0
68,7,t213,0100,0100,0101,-1.6086256504058838,-1.6086256504058838,0.0,0.2005583939118989,0,1
68,8,t013,0100,0100,1100,-0.20574785768985748,-2.557765483856201,2.3520176261663437,0.8144212017782599,1,0
69,1,s20,1101,0000,0000,-2.8418490886688232,-2.591869592666626,-0.24997949600219727,0.05837182545583943,0,0
69,2,c30,0101,0100,0100,-2.716670513153076,-2.591670513153076,-0.125,0.06614566606736376,0,0
69,3,x1,0001,1000,1000,-2.505408763885498,-2.47825288772583,-0.02715587615966797,0.08169638729471801,0,0
69,4,c13,0001,1000,1000,-2.880727767944336,-2.3652803897857666,-0.5154473781585693,0.05615311387815222,0,0
69,5,c01,0001,0001,1001,-1.1670961380004883,-1.893205165863037,0.7261090278625488,0.31149443834604706,1,0
69,6,x3,0000,0011,0011,-1.2131953239440918,-1.163543701171875,-0.0496516227722168,0.29728722994369583,0,0
69,7,s03,0000,0000,1000,-0.2039315551519394,-2.181043863296509,1.9771123081445694,0.8161343425947937,1,0
69,8,x0,1000,1000,0000,-0.4561544358730316,-1.0690128803253174,0.6128584444522858,0.633945194652426,1,0
70,1,x1,0100,1000,1000,-2.5959558486938477,-2.535524368286133,-0.060431480407714844,0.07467117559431552,0,0
70,2,t230,0100,0100,1000,-2.449009895324707,-2.591834545135498,0.14282464981079102,0.08646792513101505,1,0
70,3,x2,0110,0100,0100,-1.698071837425232,-1.5173699855804443,-0.1807018518447876,0.18310021891750705,0,0
70,4,c23,0111,0110,0110,-1.0017359256744385,-0.7517359256744385,-0.25,0.3675115148859282,0,0
70,5,t013,0111,0111,1111,-0.08832494169473648,-3.0314078330993652,2.9430828914046288,0.915793851847731,1,0
70,6,t312,0101,0111,0111,-6.445274829864502,-0.03892958536744118,-6.406345244497061,0.0015882344487765884,0,0
70,7,s02,0101,0101,1101,-1.055336594581604,-1.5856513977050781,0.5303148031234741,0.3483313111381148,1,0
70,8,s12,0011,0101,0101,-4.26444149017334,-0.41070395708084106,-3.853737533092499,0.014061738120087099,0,0
71,1,s10,1111,0000,0000,-2.712869882583618,-2.6524949073791504,-0.06037497520446777,0.06641785508064826,0,0
71,2,x2,1101,1111,1111,-2.183596611022949,-1.9335829019546509,-0.25001370906829834,0.1126959273869375,0,0
71,3,t013,1100,1101,1101,-2.2767958641052246,-0.5267961025238037,-1.749999761581421,0.10266915392999645,0,0
71,4,c32,1100,1101,1101,-1.8434817790985107,-1.6559817790985107,-0.1875,0.1587066562936286,0,0
71,5,t023,1100,1100,1101,-0.32012253999710083,-1.445122480392456,1.1249999403953552,0.7263550953551224,1,0
71,6,c32,1100,1100,1101,-0.46930694580078125,-1.3443069458007812,0.875,0.6255962306340891,1,0
71,7,s10,1100,0100,0100,-1.2885334491729736,-1.2799530029296875,-0.008580446243286133,0.27580258837955385,0,0
71,8,s01,1100,1100,0100,-0.6172882914543152,-1.1988075971603394,0.5815193057060242,0.5396249211829434,1,0
72,1,t132,0101,0000,0000,-2.7891154289245605,-2.535405158996582,-0.2537102699279785,0.061535680558484754,0,0
72,2,c21,0101,1100,1100,-2.910431146621704,-2.59602689743042,-0.3144042491912842,0.05451398454704187,0,0
72,3,s02,0101,0101,1101,-2.206024646759033,-2.327507734298706,0.12148308753967285,0.11024617476790738,1,0
72,4,c13,0100,0101,0101,-1.5419270992279053,-1.2919270992279053,-0.25,0.21416183900917865,0,0
72,5,x3,0101,0101,0100,-0.9541500806808472,-1.2041500806808472,0.25,0.38540291268316645,1,0
72,6,t102,0101,0101,1101,-0.266762375831604,-2.5410704612731934,2.2743080854415894,0.7665536708710965,1,0
72,7,s30,1100,0101,0101,-3.7115747928619385,-0.7184815406799316,-2.993093252182007,0.024458579126444127,0,0
72,8,x1,1000,1000,1101,-1.529897928237915,-1.7177462577819824,0.18784832954406738,0.21668402506354148,1,0
73,1,x0,1100,0100,0100,-2.603851318359375,-2.4982354640960693,-0.10561585426330566,0.07409289928916966,0,0
73,2,c21,1100,1100,1101,-1.9949856996536255,-2.369985580444336,0.37499988079071045,0.1361019282217459,1,0
73,3,x1,1000,1000,1110,-1.707448959350586,-1.8947324752807617,0.18728351593017578,0.1814122254628281,1,0
73,4,x0,0000,1000,1000,-1.2704064846038818,-1.062719464302063,-0.20768702030181885,0.28084978292209223,0,0
73,5,s21,0000,0000,0100,-0.8878040313720703,-1.2320621013641357,0.34425806999206543,0.4117572734111164,1,0
73,6,c32,0000,0000,0010,-0.17600011825561523,-2.9187726974487305,2.7427725791931152,0.838782189114479,1,0
73,7,x3,0001,0000,0000,-1.1516796350479126,-0.7766796350479126,-0.375,0.3161250180228198,0,0
73,8,s13,0100,0001,0001,-5.012540817260742,-0.07164409011602402,-4.940896727144718,0.0066558808747172495,0,0
74,1,c01,0000,0000,1000,-2.219050407409668,-2.479212999343872,0.2601625919342041,0.10890465733266126,1,0
74,2,c13,0000,0000,0100,-0.4433078169822693,-2.3850505352020264,1.941742718219757,0.642183509448747,1,0
74,3,s32,0000,0000,0010,-0.3759555220603943,-2.1847617626190186,1.8088062405586243,0.6868696886249774,1,0
74,4,t203,0000,0000,1000,-0.01149971317499876,-5.246837139129639,5.23533742595464,0.9887959950221928,1,0
74,5,c01,0000,0000,0100,-0.27455800771713257,-1.816051721572876,1.5414937138557434,0.760310455564295,1,0
74,6,x2,0010,0010,0001,-0.8320431113243103,-1.3077596426010132,0.4757165312767029,0.43520006100075104,1,0
74,7,x3,0011,0010,0010,-0.9208064079284668,-0.6708064079284668,-0.25,0.39828220975240247,0,0
74,8,t302,0011,0011,0010,-0.011454153805971146,-5.386454105377197,5.374999951571226,0.9886948949470522,1,0
75,1,x3,1100,0100,0100,-2.713449001312256,-2.596116542816162,-0.11733245849609375,0.06640332275955961,0,0
75,2,c32,1100,1101,1101,-2.1844305992126465,-2.0594305992126465,-0.125,0.11266095875493252,0,0
75,3,x0,0100,0100,1100,-0.8526726365089417,-1.320317268371582,0.4676446318626404,0.4265939826591305,1,0
75,4,s23,0100,0100,0101,-0.43334025144577026,-1.683340311050415,1.2500000596046448,0.6486173527031197,1,0
75,5,c12,0110,0100,0100,-3.9515185356140137,-0.06752909719944,-3.8839894384145737,0.019230268603285083,0,0
75,6,c20,1110,0110,0110,-0.9692637324333191,-0.9387613534927368,-0.030502378940582275,0.3798659748143729,0,0
75,7,s31,1011,1110,1110,-2.094855785369873,-1.4143130779266357,-0.6805427074432373,0.12314839567642023,0,0
75,8,x2,1001,1001,1011,-1.2880829572677612,-1.4452314376831055,0.15714848041534424,0.27587462523579687,1,0
76,1,t213,1000,1000,0000,-2.2247257232666016,-2.4855916500091553,0.2608659267425537,0.10852180468921117,1,0
76,2,t203,1000,1000,1100,-0.20889027416706085,-2.9845516681671143,2.7756613940000534,0.8120712580948836,1,0
76,3,s23,1000,1000,1001,-0.5474026799201965,-1.5474027395248413,1.0000000596046448,0.5793617220397298,1,0
76,4,s10,0100,1000,1000,-2.7674851417541504,-0.7123039960861206,-2.05518114566803,0.06285840073236419,0,0
76,5,x3,0101,0100,0100,-1.3022569417953491,-0.5522569417953491,-0.75,0.2720180464212249,0,0
76,6,c21,0101,0101,0001,-0.37432464957237244,-2.1623501777648926,1.7880255281925201,0.688417971198258,1,0
76,7,s12,0011,0101,0101,-4.229296684265137,-0.278309166431427,-3.9509875178337097,0.014571207905498578,0,0
76,8,x3,0010,0010,0011,-0.9889615774154663,-0.9889615774154663,0.0,0.37206376897311866,0,1
77,1,s21,0001,0001,0000,-2.308739185333252,-2.433739185333252,0.125,0.09951147505504986,1,0
77,2,s02,0001,0001,1001,-0.8707102537155151,-1.6407146453857422,0.770004391670227,0.41888329828322673,1,0
77,3,t132,0001,0001,1001,-0.0457334890961647,-4.375996112823486,4.330262623727322,0.9556736474379984,1,0
77,4,t302,0001,0001,1001,-0.024563977494835854,-3.8412833213806152,3.8167193438857794,0.976178863894389,1,0
77,5,t203,0001,0001,1001,-0.007270052097737789,-5.17209005355835,5.164820001460612,0.9930118321295955,1,0
77,6,c23,0001,0001,0011,-0.3638860285282135,-1.6004612445831299,1.2365752160549164,0.6951890497107578,1,0
77,7,x3,0000,0011,0011,-1.6212754249572754,-0.9148291349411011,-0.7064462900161743,0.19766258709638268,0,0
77,8,c01,0000,0000,0001,-0.36570480465888977,-1.6157047748565674,1.2499999701976776,0.6941309745624227,1,0
78,1,t023,1000,1000,0000,-2.0493407249450684,-2.5456836223602295,0.49634289741516113,0.1292710217789308,1,0
78,2,c21,1000,1000,1100,-0.40593576431274414,-2.3011090755462646,1.8951733112335205,0.6672717038442328,1,0
78,3,t302,1000,1000,1100,-0.07838346064090729,-3.5820677280426025,3.5036842674016953,0.9248819477343191,1,0
78,4,x2,1010,1000,1000,-1.5222389698028564,-0.9750339984893799,-0.5472049713134766,0.2183142100823395,0,0
78,5,s31,1010,1010,1110,-0.7470966577529907,-1.3626066446304321,0.6155099868774414,0.4742332115352287,1,0
78,6,c03,1011,1010,1010,-1.4548598527908325,-0.3298598527908325,-1.125,0.23350228873383333,0,0
78,7,s31,1110,1011,1011,-3.8899343013763428,-0.5370467305183411,-3.3528875708580017,0.020454411084833514,0,0
78,8,t230,1110,1110,1111,-0.14769768714904785,-2.2726974487304688,2.124999761581421,0.8630177394145054,1,0
79,1,c30,1101,0101,0101,-2.7854743003845215,-2.486330032348633,-0.29914426803588867,0.06178017796120084,0,0
79,2,c01,1001,0101,0101,-2.4974775314331055,-2.202448844909668,-0.2950286865234375,0.08233653926937504,0,0
79,3,c23,1001,1001,1000,-1.5177029371261597,-1.8927029371261597,0.375,0.21937050682213002,1,0
79,4,s02,0011,1001,1001,-3.0613110065460205,-1.3967574834823608,-1.6645535230636597,0.046846250468832694,0,0
79,5,x1,0111,0111,0001,-2.066284656524658,-2.289499044418335,0.22321438789367676,0.12672599487550085,1,0
79,6,c02,0111,0111,0110,-0.8727000951766968,-1.8727002143859863,1.0000001192092896,0.4179270353721989,1,0
79,7,t130,1111,0111,0111,-1.5781137943267822,-0.6559311747550964,-0.9221826195716858,0.20647043524211972,0,0
79,8,c01,1011,1011,0111,-1.3684221506118774,-1.6260433197021484,0.257621169090271,0.25461337818552626,1,0
80,1,x3,1110,1000,1000,-2.7206125259399414,-2.534982204437256,-0.18563032150268555,0.06588214644476152,0,0
80,2,c20,0110,1110,1110,-2.2177231311798096,-2.2066330909729004,-0.01109004020690918,0.10894584173757377,0,0
80,3,x2,0100,0010,0010,-2.350431203842163,-1.9758485555648804,-0.3745826482772827,0.09536244105948363,0,0
80,4,t031,0100,0100,1100,-0.793634295463562,-2.0254831314086914,1.2318488359451294,0.4525966739119872,1,0
80,5,s30,0100,0100,1100,-0.871971607208252,-0.884451150894165,0.012479543685913086,0.4189777962174063,1,0
80,6,s20,0100,0100,1100,-0.3952939510345459,-1.4048067331314087,1.0095127820968628,0.6736439841320476,1,0
80,7,t320,0100,0100,1100,-0.03897172585129738,-3.410543203353882,3.3715714775025845,0.9618958268655935,1,0
80,8,c32,0100,0100,0110,-0.6942875385284424,-1.4895308017730713,0.7952432632446289,0.4995574073400804,1,0
81,1,c12,1001,1001,0000,-2.4796676635742188,-2.5365049839019775,0.05683732032775879,0.0839672445638061,1,0
81,2,s10,0101,1001,1001,-1.6715621948242188,-1.0255602598190308,-0.646001935005188,0.18807328217058625,0,0
81,3,s13,0101,0101,0001,-1.2394018173217773,-2.206184148788452,0.9667823314666748,0.28977899757210096,1,0
81,4,x1,0001,0101,0101,-1.5400323867797852,-1.4591315984725952,-0.08090078830718994,0.21456333183729573,0,0
81,5,c30,1001,0001,0001,-1.3650118112564087,-0.662347137928009,-0.7026646733283997,0.2558573174585983,0,0
81,6,x3,1000,1000,1011,-1.6585265398025513,-1.7046515941619873,0.046125054359436035,0.19069514715143937,1,0
81,7,s31,1000,1000,1100,-1.1082468032836914,-1.5970999002456665,0.4888530969619751,0.33044151766483687,1,0
81,8,s01,0100,1000,1000,-2.7771620750427246,-0.8871901035308838,-1.8899719715118408,0.06224176181700109,0,0
82,1,c23,1001,1001,1000,-2.4203877449035645,-2.5453877449035645,0.125,0.08921037950789626,1,0
82,2,t021,1001,1001,1101,-0.6222505569458008,-2.1545603275299072,1.5323097705841064,0.5371413288292483,1,0
82,3,s21,1001,1001,1101,-1.0356334447860718,-1.2239336967468262,0.1883002519607544,0.3553644584529795,1,0
82,4,s10,0101,1001,1001,-2.068479061126709,-0.8117748498916626,-1.2567042112350464,0.1264249352457664,0,0
82,5,c02,0101,0101,0001,-0.1801590621471405,-2.871758460998535,2.6915993988513947,0.8354585734491407,1,0
82,6,s31,0101,0101,0001,-0.6998507976531982,-1.167914628982544,0.4680638313293457,0.4969091656985874,1,0
82,7,t012,0101,0101,1101,-0.018347710371017456,-4.591723918914795,4.5733762085437775,0.981944693623935,1,0
82,8,c31,0001,0101,0101,-1.0338692665100098,-0.6313757300376892,-0.40249353647232056,0.3557494984222807,0,0
83,1,t103,1101,1100,1100,-2.9345898628234863,-2.3095898628234863,-0.625,0.05327034745267295,0,0
83,2,s32,1110,1000,1000,-2.8385541439056396,-2.5962677001953125,-0.24228644371032715,0.05859263251444271,0,0
83,3,s01,1110,0111,0111,-2.9062533378601074,-2.595658779144287,-0.3105945587158203,0.05472971348857304,0,0
83,4,x2,1100,1100,1101,-1.9451510906219482,-1.9451510906219482,0.0,0.143050643284508,0,1
83,5,s20,0110,0100,0100,-2.5818049907684326,-2.097346782684326,-0.48445820808410645,0.0757205652369846,0,0
83,6,s10,1010,1110,1110,-2.282754421234131,-1.936063289642334,-0.3466911315917969,0.10206306750250198,0,0
83,7,s01,0110,0010,0010,-2.376128673553467,-2.0448172092437744,-0.3313114643096924,0.09295103050073604,0,0
83,8,t120,1110,0110,0110,-2.323765277862549,-1.773542046546936,-0.5502232313156128,0.09798372051411852,0,0
84,1,x2,0000,0000,0100,-2.535466194152832,-2.5355143547058105,4.8160552978515625e-05,0.079331028735308,1,0
84,2,c01,0000,1110,1110,-2.7173964977264404,-2.6527719497680664,-0.06462454795837402,0.06612637463595683,0,0
84,3,c30,0000,0000,1000,-0.6515805125236511,-0.8976973295211792,0.24611681699752808,0.5215174268478127,1,0
84,4,c31,0000,0000,0100,-0.30677199363708496,-1.5808799266815186,1.2741079330444336,0.7362021387829725,1,0
84,5,c12,0000,0000,0010,-0.09691624343395233,-2.9719300270080566,2.8750137835741043,0.907693655686887,1,0
84,6,c31,0000,0000,0100,-0.02575017511844635,-3.787715196609497,3.7619650214910507,0.9746103580186052,1,0
84,7,c23,0000,0000,0001,-0.106363944709301,-2.7313640117645264,2.6250000670552254,0.8991378900260696,1,0
84,8,t201,0000,0000,0001,-0.2430071383714676,-1.7430070638656616,1.499999925494194,0.7846300275732204,1,0
85,1,x2,1001,1010,1010,-2.596151113510132,-2.596096992492676,-5.412101745605469e-05,0.07467021587868405,0,0
85,2,c12,1001,1001,0000,-2.6522583961486816,-2.6522905826568604,3.218650817871094e-05,0.07054818469926988,1,0
85,3,s32,1010,1001,1001,-3.497183084487915,-0.7191636562347412,-2.778019428253174,0.03029447524380062,0,0
85,4,t310,1010,1010,1110,-0.7221177816390991,-2.309968948364258,1.5878511667251587,0.4865480381964101,1,0
85,5,c21,1110,1110,1010,-1.1778550148010254,-1.2976911067962646,0.11983609199523926,0.3081516692145984,1,0
85,6,x0,0110,0110,1110,-0.7673550248146057,-0.9548646211624146,0.18750959634780884,0.4643911565658394,1,0
85,7,x3,0111,0110,0110,-1.2585058212280273,-1.2585058212280273,0.0,0.2841155202988086,0,1
85,8,x1,0011,0111,0111,-0.9720092415809631,-0.8535436391830444,-0.1184656023979187,0.37838282178278776,0,0
86,1,t301,1000,1000,1100,-1.8539764881134033,-2.5560529232025146,0.7020764350891113,0.15699071532245162,1,0
86,2,x1,1100,1100,1000,-1.4043002128601074,-1.4955816268920898,0.09128141403198242,0.24574979023678503,1,0
86,3,c32,1100,1100,1101,-0.4980722963809967,-1.7480722665786743,1.2499999701976776,0.6082081928802637,1,0
86,4,c12,1110,1100,1100,-2.5519473552703857,-0.3059391677379608,-2.246008187532425,0.07797610125283493,0,0
86,5,c21,1010,1110,1110,-2.5574190616607666,-0.6144310235977173,-1.9429880380630493,0.07758923906099643,0,0
86,6,x1,1110,1110,1111,-1.0597338676452637,-1.5597338676452637,0.5,0.34663977495728054,1,0
86,7,s23,1101,1110,1110,-2.509589195251465,-0.9294341802597046,-1.5801550149917603,0.08132134535312179,0,0
86,8,t023,1101,1101,1111,-0.12486718595027924,-2.9819893836975098,2.8571221977472305,0.8831123758375753,1,0
87,1,s13,1111,0000,0000,-2.837815284729004,-2.652275562286377,-0.18553972244262695,0.05859953101622428,0,0
87,2,s20,1111,0111,0111,-2.2466394901275635,-1.8378512859344482,-0.40878820419311523,0.10582393970546046,0,0
87,3,c10,0111,1111,1111,-1.09629225730896,-0.9280596971511841,-0.16823256015777588,0.33429655899647875,0,0
87,4,s02,1101,0111,0111,-3.018249034881592,-1.1085314750671387,-1.9097175598144531,0.048905765213851336,0,0
87,5,c21,1101,1001,1001,-1.4587379693984985,-1.296773910522461,-0.1619640588760376,0.23270270064185625,0,0
87,6,c13,1100,1101,1101,-1.5709141492843628,-0.9459141492843628,-0.625,0.20794749113562827,0,0
87,7,s21,1010,1100,1100,-3.5438313484191895,-0.9821513295173645,-2.561680018901825,0.02892054192046732,0,0
87,8,s32,1001,1010,1010,-2.1812915802001953,-0.8784466981887817,-1.3028448820114136,0.11293132763481054,0,0
88,1,s30,0011,1010,1010,-2.84621262550354,-2.4260478019714355,-0.4201648235321045,0.058146024389841997,0,0
88,2,s20,1001,1100,1100,-2.716890811920166,-2.591932773590088,-0.12495803833007812,0.06613736671148704,0,0
88,3,c32,1011,0100,0100,-2.838696241378784,-2.592632293701172,-0.2460639476776123,0.058599715716752154,0,0
88,4,s01,0111,0000,0000,-2.841980457305908,-2.535236358642578,-0.3067440986633301,0.05837410164484175,0,0
88,5,c20,1111,1000,1000,-2.917825222015381,-2.365077495574951,-0.5527477264404297,0.05409681673488543,0,0
88,6,s20,1111,0000,0000,-3.034956693649292,-2.5916590690612793,-0.4432976245880127,0.0481093276653181,0,0
88,7,x3,1110,1000,1000,-2.667849063873291,-2.4784178733825684,-0.18943119049072266,0.06944848970875446,0,0
88,8,x3,1111,1100,1100,-1.4861679077148438,-1.463263988494873,-0.022903919219970703,0.22640737589723936,0,0
89,1,c21,0000,0000,0100,-2.1020498275756836,-2.5594329833984375,0.4573831558227539,0.12244782546574429,1,0
89,2,x2,0010,0000,0000,-1.6075313091278076,-1.255232334136963,-0.3522989749908447,0.2004580504213277,0,0
89,3,t302,0010,0010,0011,-0.15781942009925842,-3.4078195095062256,3.250000089406967,0.8543962940132355,1,0
89,4,c30,0010,0010,1010,-0.7267918586730957,-0.892551839351654,0.16575998067855835,0.4842142014670398,1,0
89,5,s23,0001,0010,0010,-3.570244789123535,-0.6077014803886414,-2.962543308734894,0.028176892198225723,0,0
89,6,x2,0011,0001,0001,-1.654151439666748,-0.8263270854949951,-0.8278243541717529,0.19128627473357387,0,0
89,7,s12,0101,0011,0011,-4.082305908203125,-1.093198537826538,-2.989107370376587,0.016881157540252833,0,0
89,8,s30,1100,0101,0101,-2.3496875762939453,-0.9491036534309387,-1.4005839228630066,0.0954986832007566,0,0
90,1,t231,0100,0100,0000,-2.131230354309082,-2.479233980178833,0.348003625869751,0.1188522218385146,1,0
90,2,t120,0100,0100,1100,-0.576630175113678,-1.3524255752563477,0.7757954001426697,0.5620336913890467,1,0
90,3,x1,0000,0000,0100,-1.3689837455749512,-1.4573867321014404,0.08840298652648926,0.25456231905680726,1,0
90,4,x3,0001,0000,0000,-1.160576581954956,-1.160576581954956,0.0,0.31342838442865034,0,1
90,5,c31,0101,0001,0001,-2.3481781482696533,-0.34896010160446167,-1.9992180466651917,0.09566604507926683,0,0
90,6,c10,1101,1101,0101,-0.7861964702606201,-0.9309331774711609,0.14473670721054077,0.45590959867693126,1,0
90,7,c31,1001,1101,1101,-1.1762690544128418,-1.0679600238800049,-0.10830903053283691,0.30852393187520766,0,0
90,8,s20,0011,1001,1001,-3.9670448303222656,-0.8175231218338013,-3.1495217084884644,0.018938517086666176,0,0
91,1,c02,1101,1111,1111,-2.7851309776306152,-2.535095453262329,-0.25003552436828613,0.06177870203999519,0,0
91,2,x3,1100,1111,1111,-2.296752691268921,-2.2361197471618652,-0.060632944107055664,0.10062622182540745,0,0
91,3,c10,0100,0100,1100,-1.2984671592712402,-1.600860834121704,0.30239367485046387,0.27308626830071875,1,0
91,4,t012,0100,0100,1100,-1.3231583833694458,-2.201000690460205,0.8778423070907593,0.26641683811740074,1,0
91,5,t021,0100,0100,0101,-0.21048779785633087,-2.7104878425598145,2.5000000447034836,0.8103246509904108,1,0
91,6,t302,0100,0100,0101,-0.022372886538505554,-4.397372722625732,4.374999836087227,0.979749462945205,1,0
91,7,t031,0100,0100,0101,-0.18704098463058472,-1.8120410442352295,1.6250000596046448,0.8294640982936362,1,0
91,8,x1,0000,0000,0110,-1.2263119220733643,-1.5642359256744385,0.3379240036010742,0.293423333124117,1,0
92,1,s32,1110,1100,1100,-2.8011035919189453,-2.4865128993988037,-0.3145906925201416,0.06082133648143666,0,0
92,2,x1,1010,0111,0111,-2.966705322265625,-2.6521925926208496,-0.3145127296447754,0.05151082570311282,0,0
92,3,t310,1010,1010,0010,-1.8349127769470215,-2.372868061065674,0.5379552841186523,0.15975231063379564,1,0
92,4,t012,1010,1010,1110,-0.3360225558280945,-2.700194835662842,2.3641722798347473,0.7149191318699901,1,0
92,5,s01,0110,1010,1010,-1.2772331237792969,-1.2367517948150635,-0.0404813289642334,0.2789151169402459,0,0
92,6,t023,0110,0110,0111,-0.109373539686203,-2.3593735694885254,2.2500000298023224,0.8964302833742669,1,0
92,7,t120,1110,0110,0110,-2.1812973022460938,-0.12825646996498108,-2.0530408322811127,0.11291007781508049,0,0
92,8,t023,1111,1110,1110,-1.7647958993911743,-0.3897959291934967,-1.3749999701976776,0.17126994407770005,0,0
93,1,t130,0101,1101,1101,-2.978886842727661,-2.1080117225646973,-0.8708751201629639,0.05090692303644459,0,0
93,2,c12,0111,0101,0101,-2.7822015285491943,-2.055333137512207,-0.7268683910369873,0.06195773525058861,0,0
93,3,s13,0111,0011,0011,-2.2517056465148926,-1.9359393119812012,-0.3157663345336914,0.10531424006252796,0,0
93,4,t103,0111,0111,0110,-0.5615239143371582,-2.311523914337158,1.75,0.5707036854028886,1,0
93,5,s13,0111,0111,0110,-0.7932156920433044,-1.5432157516479492,0.7500000596046448,0.4525179409161543,1,0
93,6,s01,1011,1111,1111,-2.8977153301239014,-0.9159954786300659,-1.9817198514938354,0.05518179470645911,0,0
93,7,x0,0011,0011,1111,-1.2925760746002197,-1.5115432739257812,0.21896719932556152,0.27468043211390164,1,0
93,8,x0,1011,1011,0011,-0.7827932834625244,-1.682371973991394,0.8995786905288696,0.4572982281452606,1,0
94,1,c03,0110,0000,0000,-2.5392632484436035,-2.5357019901275635,-0.003561258316040039,0.07902506901283575,0,0
94,2,x1,0010,0010,0110,-1.8938567638397217,-1.9046695232391357,0.010812759399414062,0.15060137871450469,1,0
94,3,t321,0010,0010,0110,-0.3581702411174774,-2.7994377613067627,2.4412675201892853,0.6993431641754292,1,0
94,4,x2,0000,0011,0011,-1.5601452589035034,-1.5034067630767822,-0.05673849582672119,0.21017778750930008,0,0
94,5,c30,0000,0000,1000,-0.589590311050415,-0.9325162172317505,0.34292590618133545,0.5557570115794687,1,0
94,6,x2,0010,0010,0000,-0.8764352798461914,-1.125295877456665,0.24886059761047363,0.41628337796331766,1,0
94,7,t103,0010,0010,0110,-0.13240642845630646,-2.3199710845947266,2.18756465613842,0.8760982808508991,1,0
94,8,t310,0010,0010,1010,-0.030780646950006485,-3.5370631217956543,3.506282474845648,0.9698813727126129,1,0
95,1,t031,0100,0100,0000,-2.1502151489257812,-2.418602466583252,0.2683873176574707,0.11662028067096727,1,0
95,2,t320,0100,0100,1100,-0.41611409187316895,-1.7154849767684937,1.2993708848953247,0.6600227188720563,1,0
95,3,s10,1000,0100,0100,-1.3468520641326904,-0.8182471394538879,-0.5286049246788025,0.260224410247725,0,0
95,4,t013,1000,1000,1100,-0.23392102122306824,-2.3709235191345215,2.1370024979114532,0.7919272791854821,1,0
95,5,x2,1010,1010,1001,-1.0251506567001343,-1.3998738527297974,0.3747231960296631,0.3589537092008699,1,0
95,6,x2,1000,1010,1010,-1.7941062450408936,-1.358522891998291,-0.43558335304260254,0.16631659912571983,0,0
95,7,c30,1000,1000,0000,-0.304533988237381,-2.4274144172668457,2.1228804290294647,0.7380051686584941,1,0
95,8,c30,1000,1000,0000,-0.1941615641117096,-2.7909011840820312,2.5967396199703217,0.8236024653659002,1,0
96,1,x3,1101,1100,1100,-2.7298874855041504,-2.4798874855041504,-0.25,0.06537489344832736,0,0
96,2,s31,1101,1100,1100,-2.660099983215332,-2.535099983215332,-0.125,0.0700011000708228,0,0
96,3,t213,1101,1101,1100,-0.44803011417388916,-2.5730302333831787,2.1250001192092896,0.639390999174498,1,0
96,4,c20,1101,1101,0101,-0.7187494039535522,-1.019607663154602,0.3008582592010498,0.48776239382667913,1,0
96,5,t130,0101,1101,1101,-2.137101888656616,-0.14910829067230225,-1.987993597984314,0.11803547561117013,0,0
96,6,s10,1001,0101,0101,-1.9817357063293457,-0.6122344732284546,-1.3695012331008911,0.13786401000563142,0,0
96,7,t231,1001,1001,1101,-0.3817274570465088,-1.546650767326355,1.1649233102798462,0.6829500575920391,1,0
96,8,x0,0001,1001,1001,-1.0470582246780396,-1.0233709812164307,-0.023687243461608887,0.3510433180932033,0,0
97,1,c32,1010,1010,1000,-2.4228873252868652,-2.4796531200408936,0.05676579475402832,0.08884687884308946,1,0
97,2,x2,1000,1010,1010,-2.380341053009033,-1.036158561706543,-1.3441824913024902,0.09258389321728795,0,0
97,3,s12,1000,1000,1001,-1.5940428972244263,-1.7190427780151367,0.12499988079071045,0.20327344252128804,1,0
97,4,t123,1000,1000,1001,-0.2584719657897949,-2.133471965789795,1.875,0.7726276998274321,1,0
97,5,s21,1000,1000,1100,-0.8536505699157715,-1.0108522176742554,0.1572016477584839,0.42616358329668547,1,0
97,6,x1,1100,1100,1000,-0.7013580799102783,-1.5347397327423096,0.8333816528320312,0.49601332669125886,1,0
97,7,s31,1001,1100,1100,-5.4333600997924805,-0.27224940061569214,-5.161110699176788,0.004369834397876307,0,0
97,8,s03,1001,1001,1101,-0.16000592708587646,-2.7525014877319336,2.592495560646057,0.852679896600689,1,0
98,1,c31,0000,0000,0100,-2.1016902923583984,-2.5552525520324707,0.45356225967407227,0.12244910392144027,1,0
98,2,x1,0100,0100,0000,-1.290414571762085,-1.3087358474731445,0.01832127571105957,0.27528914351279193,1,0
98,3,x0,1100,1100,0100,-0.8035932183265686,-1.2343120574951172,0.4307188391685486,0.44787536362560204,1,0
98,4,x0,0100,0100,1100,-0.9854723215103149,-1.184492826461792,0.19902050495147705,0.37340022305117526,1,0
98,5,c23,0100,0100,0101,-0.7178227305412292,-2.092822790145874,1.3750000596046448,0.4882007899898054,1,0
98,6,c10,1100,0100,0100,-0.9394407272338867,-0.7180085778236389,-0.2214321494102478,0.3910577134683904,0,0
98,7,x1,1000,1000,1100,-1.2449111938476562,-1.7057344913482666,0.46082329750061035,0.288065450657235,1,0
98,8,t301,1000,1000,0000,-0.3446868658065796,-2.4810147285461426,2.136327862739563,0.708755718673408,1,0
99,1,c30,0100,0100,1000,-2.3357315063476562,-2.535813331604004,0.20008182525634766,0.09689531062054409,1,0
99,2,x0,1100,1100,0100,-1.3250340223312378,-1.5035266876220703,0.17849266529083252,0.26594667044013887,1,0
99,3,x0,0100,0100,1100,-0.8265275955200195,-0.9669311046600342,0.14040350914001465,0.4377512202367729,1,0
99,4,s32,0100,0100,0101,-0.6039837598800659,-1.728983759880066,1.125,0.5469020355481261,1,0
99,5,s10,1000,0100,0100,-2.417513370513916,-0.848639726638794,-1.568873643875122,0.08920610434932906,0,0
99,6,t231,1000,1000,1100,-0.4184824824333191,-2.162598133087158,1.7441156506538391,0.6587683510433131,1,0
99,7,t231,1000,1000,1100,-0.15632978081703186,-2.7076525688171387,2.551322788000107,0.8553934946937055,1,0
99,8,c01,1100,1000,1000,-2.5969021320343018,-0.2531355917453766,-2.343766540288925,0.07453724616289797,0,0
100,1,s32,1101,1110,1110,-2.656373977661133,-2.5958023071289062,-0.06057167053222656,0.07027665086950838,0,0
100,2,t023,1101,1111,1111,-2.712752342224121,-2.7127416133880615,-1.0728836059570312e-05,0.06640356047964345,0,0
100,3,x2,1111,1100,1100,-1.7279140949249268,-1.5952318906784058,-0.132682204246521,0.17774054706394604,0,0
100,4,c13,1110,1111,1111,-1.0622576475143433,-0.9372576475143433,-0.125,0.34607169153121686,0,0
100,5,t021,1010,1110,1110,-2.7661325931549072,-0.5752880573272705,-2.1908445358276367,0.06296727372278627,0,0
100,6,t203,1011,1010,1010,-2.5800137519836426,-0.3300136923789978,-2.2500000596046448,0.07579655158365176,0,0
100,7,s03,1011,1011,0011,-0.8086700439453125,-1.4167170524597168,0.6080470085144043,0.44574095176032735,1,0
100,8,c01,1111,1011,1011,-1.0527000427246094,-0.8761914968490601,-0.17650854587554932,0.3490937697571126,0,0
101,1,c20,1100,1100,1000,-2.2033371925354004,-2.5966796875,0.3933424949645996,0.11065109605827585,1,0
101,2,t032,1100,1100,1101,-0.5785921812057495,-1.95359206199646,1.3749998807907104,0.5610985463630328,1,0
101,3,x1,1000,1000,1100,-1.6787419319152832,-1.8039288520812988,0.12518692016601562,0.18678472782206454,1,0
101,4,s20,0010,1000,1000,-3.5647687911987305,-0.9962137937545776,-2.568554997444153,0.028440062526644033,0,0
101,5,s03,0010,0010,1010,-0.8702765703201294,-2.3082685470581055,1.437991976737976,0.41984618008087576,1,0
101,6,x3,0011,0010,0010,-1.1618369817733765,-1.0368369817733765,-0.125,0.3129941151414454,0,0
101,7,c23,0010,0011,0011,-3.3549060821533203,-0.10490585118532181,-3.2500002309679985,0.034932106307278166,0,0
101,8,x1,0110,0110,0010,-0.9843485951423645,-1.6748265027999878,0.6904779076576233,0.37398624414667003,1,0
102,1,s32,1101,1100,1100,-2.660162925720215,-2.535162925720215,-0.125,0.07000228238020212,0,0
102,2,c20,1101,1110,1110,-2.8377137184143066,-2.7126951217651367,-0.12501859664916992,0.05859795405677867,0,0
102,3,s30,1101,1101,0101,-1.3094947338104248,-1.3974933624267578,0.08799862861633301,0.2701569074621225,1,0
102,4,t312,1111,1101,1101,-2.4541854858398438,-0.36630871891975403,-2.0878767669200897,0.08601568643386312,0,0
102,5,c23,1110,1111,1111,-1.178403615951538,-1.115903615951538,-0.0625,0.30839865338054845,0,0
102,6,t301,1110,1110,1111,-0.9312000274658203,-1.1812001466751099,0.25000011920928955,0.39437262906930104,1,0
102,7,c23,1111,1111,1110,-0.6502531170845032,-0.9002531170845032,0.25,0.5220616290963661,1,0
102,8,c32,1101,1111,1111,-2.152499198913574,-0.2180466651916504,-1.9344525337219238,0.1162240249144204,0,0
103,1,s20,1001,0011,0011,-2.652806520462036,-2.6524899005889893,-0.000316619873046875,0.0705456113193884,0,0
103,2,t123,1001,0000,0000,-2.9024038314819336,-2.5352373123168945,-0.36716651916503906,0.05494542570049019,0,0
103,3,t230,1001,1001,0001,-0.6317051649093628,-2.422213077545166,1.7905079126358032,0.5318997503783972,1,0
103,4,t210,1001,1001,0001,-0.323697954416275,-2.1221976280212402,1.7984996736049652,0.7236145662669929,1,0
103,5,t230,1001,1001,1101,-0.0222526453435421,-4.684791564941406,4.662538919597864,0.9780311229416135,1,0
103,6,s31,1100,1001,1001,-2.3210337162017822,-1.7559850215911865,-0.5650486946105957,0.09821085390356298,0,0
103,7,t023,1100,1100,1101,-0.2730990946292877,-1.8980990648269653,1.6249999701976776,0.7613645157897527,1,0
103,8,c21,1100,1100,1101,-0.7389309406280518,-1.6139309406280518,0.875,0.47797383013134953,1,0
104,1,c10,1011,1011,0000,-2.433471202850342,-2.7130773067474365,0.2796061038970947,0.08783451954274263,1,0
104,2,t201,1111,1011,1011,-2.020829916000366,-1.080547571182251,-0.9402823448181152,0.13261202368848407,0,0
104,3,x3,1110,1101,1101,-1.3481409549713135,-1.343263864517212,-0.0048770904541015625,0.25995568858901397,0,0
104,4,s12,1110,1110,1100,-1.6135962009429932,-1.814605712890625,0.20100951194763184,0.1993221015777517,1,0
104,5,c03,1111,1110,1110,-0.9490482807159424,-0.8240482807159424,-0.125,0.3873475808979477,0,0
104,6,s12,1111,1111,1011,-0.8055509328842163,-1.6388415098190308,0.8332905769348145,0.44704883629898834,1,0
104,7,x3,1110,1111,1111,-1.1806105375289917,-0.9306105375289917,-0.25,0.30721373847996497,0,0
104,8,s32,1101,1110,1110,-2.480257511138916,-0.5691283941268921,-1.911129117012024,0.08374602579732442,0,0
105,1,s01,0000,0000,1000,-2.325014591217041,-2.4797329902648926,0.15471839904785156,0.09801890340024358,1,0
105,2,t123,0000,0000,0100,-0.3056662082672119,-2.9597980976104736,2.6541318893432617,0.7369148138014668,1,0
105,3,c31,0000,0000,0100,-0.3755812644958496,-1.4186351299285889,1.0430538654327393,0.6874712503589498,1,0
105,4,t123,0000,0000,0001,-0.005731732118874788,-6.255731582641602,6.249999850522727,0.9943490954610863,1,0
105,5,c03,0000,0000,0001,-0.05452854558825493,-3.1795284748077393,3.1249999292194843,0.9470809745549896,1,0
105,6,t013,0000,0000,1000,-0.004281039349734783,-5.822599411010742,5.818318371661007,0.9959246162509301,1,0
105,7,t301,0000,0000,1000,-0.009942431934177876,-5.292119026184082,5.282176594249904,0.9903912723999746,1,0
105,8,s12,0000,0100,0100,-1.2170886993408203,-1.0807843208312988,-0.13630437850952148,0.29620769512081974,0,0
106,1,c01,0000,0000,1000,-2.2759180068969727,-2.479393243789673,0.2034752368927002,0.10291254388424795,1,0
106,2,s13,0000,0000,0100,-0.8986498117446899,-1.8460744619369507,0.9474246501922607,0.4073278755867891,1,0
106,3,x1,0100,0100,0000,-0.7963837385177612,-1.2892249822616577,0.4928412437438965,0.4512562085954511,1,0
106,4,s02,0100,0100,1100,-0.4090747833251953,-2.0316338539123535,1.6225590705871582,0.6646223101218018,1,0
106,5,c31,0100,0100,0000,-0.16664031147956848,-2.9140713214874268,2.7474310100078583,0.84688503532159,1,0
106,6,x2,0110,0110,0100,-1.045913815498352,-1.170428991317749,0.12451517581939697,0.35139670660000466,1,0
106,7,c21,0010,0110,0110,-3.2186787128448486,-0.20874378085136414,-3.0099349319934845,0.04001486933470763,0,0
106,8,c21,0110,0010,0010,-1.493116855621338,-0.6013647317886353,-0.8917521238327026,0.22474300156365917,0,0
107,1,x1,0110,0000,0000,-2.724640369415283,-2.4746227264404297,-0.2500176429748535,0.06563356416708335,0,0
107,2,t102,0110,0000,0000,-2.6561827659606934,-2.5957326889038086,-0.060450077056884766,0.07027320773979302,0,0
107,3,s13,0011,0110,0110,-2.8996617794036865,-1.1769682168960571,-1.7226935625076294,0.05507961434052769,0,0
107,4,s32,0011,0010,0010,-1.8977882862091064,-1.8977882862091064,0.0,0.1500565883895487,0,1
107,5,s21,0101,0011,0011,-2.6077206134796143,-1.2682132720947266,-1.3395073413848877,0.07376670106531544,0,0
107,6,c30,1101,0101,0101,-1.432371973991394,-1.0548758506774902,-0.3774961233139038,0.23909809068637208,0,0
107,7,t123,1101,1101,1111,-0.730624794960022,-1.9074029922485352,1.1767781972885132,0.4818393701208602,1,0
107,8,c30,0101,0101,1101,-0.887802004814148,-1.4242889881134033,0.5364869832992554,0.41188251421948713,1,0
108,1,x1,1101,1001,1001,-2.7945594787597656,-2.3094022274017334,-0.4851572513580322,0.061273651393968544,0,0
108,2,c13,1100,1101,1101,-2.4723381996154785,-1.7223381996154785,-0.75,0.08442965631352023,0,0
108,3,t132,1100,1100,1101,-1.3726736307144165,-1.6226736307144165,0.25,0.253944729274998,1,0
108,4,s13,1001,1100,1100,-4.376694679260254,-0.7046557664871216,-3.6720389127731323,0.012578622766945565,0,0
108,5,x3,1000,1001,1001,-1.0499597787857056,-0.7999597191810608,-0.2500000596046448,0.3500916413037339,0,0
108,6,x1,1100,1100,1000,-0.8852604627609253,-1.0854830741882324,0.20022261142730713,0.4126996967196592,1,0
108,7,x3,1101,1110,1110,-1.2110824584960938,-1.1096832752227783,-0.10139918327331543,0.29792047506131436,0,0
108,8,c30,0101,1101,1101,-2.782951831817627,-0.1993432193994522,-2.5836086124181747,0.061893246413561004,0,0
109,1,c21,0000,0000,1000,-2.275810718536377,-2.536008834838867,0.26019811630249023,0.10290792625244286,1,0
109,2,x0,1000,1000,0000,-1.006087064743042,-1.2357105016708374,0.2296234369277954,0.3657909209726972,1,0
109,3,x3,1001,1000,1000,-1.5701568126678467,-1.1951568126678467,-0.375,0.2081169433976125,0,0
109,4,c20,1001,1001,0001,-1.013655424118042,-1.1984211206436157,0.18476569652557373,0.36306079634562227,1,0
109,5,t210,1001,1001,0001,-0.24190151691436768,-1.9966590404510498,1.7547575235366821,0.7854427309274998,1,0
109,6,t210,1001,1001,0001,-0.062032975256443024,-3.5020461082458496,3.4400131329894066,0.9399535647281188,1,0
109,7,s01,0101,1001,1001,-2.1052653789520264,-0.8991016149520874,-1.206163763999939,0.12186294077260171,0,0
109,8,s32,0110,0101,0101,-3.606539487838745,-0.4444212317466736,-3.1621182560920715,0.027155675863242384,0,0
110,1,s01,1111,1010,1010,-2.777341842651367,-2.6524600982666016,-0.12488174438476562,0.0622677873145553,0,0
110,2,t130,0111,1111,1111,-1.6369658708572388,-1.5350749492645264,-0.1018909215927124,0.1946751321637227,0,0
110,3,c30,1111,1111,0111,-1.2789413928985596,-1.3274867534637451,0.04854536056518555,0.2785637231413262,1,0
110,4,s13,1111,1011,1011,-1.61749267578125,-1.5513157844543457,-0.0661768913269043,0.19851497423138892,0,0
110,5,c32,1101,1101,1111,-1.2025878429412842,-1.317455530166626,0.1148676872253418,0.30051690405540515,1,0
110,6,c30,0101,1101,1101,-0.9499090313911438,-0.8883314728736877,-0.061577558517456055,0.386940995308268,0,0
110,7,x2,0111,0001,0001,-1.4839863777160645,-1.0912293195724487,-0.3927570581436157,0.22676146752112727,0,0
110,8,t120,1111,0111,0111,-1.0809279680252075,-0.7431408166885376,-0.3377871513366699,0.3394099343666885,0,0
111,1,s32,0000,0000,0100,-2.256659746170044,-2.4870846271514893,0.2304248809814453,0.10489269839067514,1,0
111,2,s23,0000,0000,0001,-0.5104465484619141,-2.135446548461914,1.625,0.6004913578291183,1,0
111,3,s20,0000,1000,1000,-0.867435872554779,-0.8000093698501587,-0.06742650270462036,0.4203435479069072,0,0
111,4,c02,0000,0000,0001,-0.028049003332853317,-4.903048992156982,4.874999988824129,0.9725444213182632,1,0
111,5,s12,0000,0000,0100,-0.4407568573951721,-1.3889329433441162,0.9481760859489441,0.6438620254711945,1,0
111,6,s23,0000,0000,0001,-0.3491588234901428,-1.599158763885498,1.2499999403953552,0.7053346313056021,1,0
111,7,t132,0000,0000,1000,-0.0033230881672352552,-6.891375541687012,6.8880524535197765,0.9967440898508891,1,0
111,8,s13,0000,0000,0100,-0.5662052631378174,-1.5567353963851929,0.9905301332473755,0.5678860475044348,1,0
112,1,s31,1000,1000,1001,-2.200756549835205,-2.575756549835205,0.375,0.11104171501910096,1,0
112,2,c30,1000,1000,0000,-0.6438747644424438,-2.6129636764526367,1.9690889120101929,0.5256847302023733,1,0
112,3,x3,1001,1000,1000,-0.9581587314605713,-0.8331587314605713,-0.125,0.3838847380861075,0,0
112,4,s10,0101,1001,1001,-2.0724501609802246,-0.8131489157676697,-1.259301245212555,0.12595894736064678,0,0
112,5,t201,0101,0101,1101,-0.18060339987277985,-2.754469633102417,2.573866233229637,0.8353583887649664,1,0
112,6,t210,0101,0101,1101,-0.12811535596847534,-2.1839940547943115,2.055878698825836,0.8799019938594476,1,0
112,7,t130,1101,0101,0101,-2.655186176300049,-0.07985318452119827,-2.5753329917788506,0.07030646438760708,0,0
112,8,t231,1101,1101,1001,-0.3663630485534668,-1.827605962753296,1.461242914199829,0.6970710440228951,1,0
113,1,c30,0011,1011,1011,-3.0356602668762207,-2.3084356784820557,-0.727224588394165,0.04810395858264612,0,0
113,2,t210,0011,1000,1000,-2.660179615020752,-2.5313258171081543,-0.12885379791259766,0.06999998307921797,0,0
113,3,s21,0101,0111,0111,-2.2525382041931152,-1.8773083686828613,-0.3752298355102539,0.1052372497384228,0,0
113,4,s21,0011,0101,0101,-2.567579746246338,-1.1079151630401611,-1.4596645832061768,0.07678733993969455,0,0
113,5,s02,1001,0011,0011,-2.2789463996887207,-1.5189310312271118,-0.7600153684616089,0.10251618930869101,0,0
113,6,c20,1001,1001,0001,-1.591787338256836,-2.278679370880127,0.686892032623291,0.20375348192168272,1,0
113,7,s30,1001,1001,1101,-1.3389506340026855,-2.263456344604492,0.9245057106018066,0.26228749352639624,1,0
113,8,s30,1001,1001,1101,-0.37920504808425903,-2.6507558822631836,2.2715508341789246,0.6845489329409863,1,0
114,1,t203,0000,0000,0100,-2.004828929901123,-2.511350631713867,0.5065217018127441,0.1350698293055705,1,0
114,2,s20,0000,1000,1000,-1.310739278793335,-1.1759835481643677,-0.13475573062896729,0.2698599707878317,0,0
114,3,s01,0000,0000,1000,-0.8215377330780029,-0.9212031364440918,0.09966540336608887,0.43999634385947767,1,0
114,4,t312,0000,0000,1000,-0.024948863312602043,-4.745105266571045,4.720156403258443,0.9755395257320418,1,0
114,5,c21,0000,0000,0100,-0.6015993356704712,-1.0509305000305176,0.4493311643600464,0.5482191017624911,1,0
114,6,s12,0000,0000,0100,-0.7615534067153931,-1.3700145483016968,0.6084611415863037,0.46705160470041696,1,0
114,7,t301,0000,0000,1000,-0.007235179655253887,-5.53346586227417,5.526230682618916,0.9928920616163829,1,0
114,8,s12,0000,0000,0100,-0.10289961099624634,-2.6273584365844727,2.5244588255882263,0.9022496349249218,1,0
115,1,x2,0001,0010,0010,-2.596433162689209,-2.535792350769043,-0.060640811920166016,0.07467172964767065,0,0
115,2,t123,0001,0001,1000,-2.3242406845092773,-2.71285080909729,0.3886101245880127,0.09795547452349102,1,0
115,3,x2,0011,0001,0001,-1.5797357559204102,-1.3681753873825073,-0.21156036853790283,0.20611815281600102,0,0
115,4,s02,1001,0011,0011,-2.6749024391174316,-1.1413183212280273,-1.5335841178894043,0.06897472753370193,0,0
115,5,s03,1001,1001,1011,-1.3684858083724976,-2.2799875736236572,0.9115017652511597,0.25477894542963453,1,0
115,6,c02,1011,1001,1001,-2.377603769302368,-0.2789498269557953,-2.098653942346573,0.09280710934258009,0,0
115,7,x2,1001,1001,1010,-1.4350697994232178,-1.499058723449707,0.06398892402648926,0.2381494450854652,1,0
115,8,x3,1000,1000,1011,-1.191187858581543,-1.4152238368988037,0.22403597831726074,0.3039027793845049,1,0
116,1,x0,0100,1100,1100,-2.5963752269744873,-2.4864537715911865,-0.10992145538330078,0.07465149989113072,0,0
116,2,c20,0100,0100,1100,-1.7591439485549927,-1.7912724018096924,0.03212845325469971,0.17230986352851524,1,0
116,3,x0,1100,1100,0100,-1.0163829326629639,-1.134304165840149,0.11792123317718506,0.3621129289641591,1,0
116,4,c32,1100,1100,1101,-0.6737531423568726,-1.5487531423568726,0.875,0.5099764061247516,1,0
116,5,x0,0100,0100,1100,-0.7463008165359497,-0.9452813863754272,0.19898056983947754,0.47426834816808844,1,0
116,6,c01,0100,0100,0000,-0.21031419932842255,-2.1360666751861572,1.9257524758577347,0.8105439399219138,1,0
116,7,s21,0010,0100,0100,-3.3650827407836914,-0.4650438129901886,-2.900038927793503,0.034567809844383256,0,0
116,8,t302,0010,0010,0011,-0.03336422145366669,-4.533364295959473,4.500000074505806,0.9674579511409164,1,0
117,1,s20,0111,1101,1101,-2.9715092182159424,-2.3846731185913086,-0.5868360996246338,0.05130410204021606,0,0
117,2,t032,0111,1000,1000,-2.7733712196350098,-2.5917716026306152,-0.18159961700439453,0.0625031362832788,0,0
117,3,x3,0110,0101,0101,-1.7398096323013306,-1.581225872039795,-0.15858376026153564,0.1756558980063186,0,0
117,4,s32,0101,0110,0110,-1.94729745388031,-1.4315581321716309,-0.5157393217086792,0.14279753672828557,0,0
117,5,t201,0101,0101,1101,-0.46044081449508667,-2.579622268676758,2.119181454181671,0.631749677973349,1,0
117,6,s23,0110,0100,0100,-2.7051892280578613,-1.1364271640777588,-1.5687620639801025,0.06690953208447054,0,0
117,7,t231,0110,0110,0111,-0.08097066730260849,-2.8309707641601562,2.7500000968575478,0.9225446176063905,1,0
117,8,s32,0101,0111,0111,-1.5495853424072266,-1.1745679378509521,-0.3750174045562744,0.2123791687103503,0,0
118,1,x2,1110,1100,1100,-2.7300050258636475,-2.479853868484497,-0.2501511573791504,0.06536669657761347,0,0
118,2,c23,1111,1110,1110,-2.3655686378479004,-2.1155686378479004,-0.25,0.09398496952130657,0,0
118,3,s12,1111,0111,0111,-2.7166824340820312,-2.3536887168884277,-0.3629937171936035,0.06614636863739463,0,0
118,4,s01,1111,0111,0111,-1.5074021816253662,-1.0366754531860352,-0.47072672843933105,0.22161415805783014,0,0
118,5,c03,1110,1111,1111,-1.2343782186508179,-0.9843782186508179,-0.25,0.2912153012834603,0,0
118,6,t021,1010,1110,1110,-2.793813943862915,-0.6451685428619385,-2.1486454010009766,0.061254348193884194,0,0
118,7,t032,1010,1010,1011,-0.4775923788547516,-1.7275924682617188,1.2500000894069672,0.6204868367760846,1,0
118,8,x2,1000,1111,1111,-1.7210025787353516,-1.6984485387802124,-0.02255403995513916,0.178956182042416,0,0
119,1,c12,1101,0000,0000,-2.902285575866699,-2.652350664138794,-0.24993491172790527,0.05494419866482567,0,0
119,2,x2,1111,1101,1101,-2.2967753410339355,-2.1997528076171875,-0.09702253341674805,0.10062716154602754,0,0
119,3,x0,0111,0111,1111,-0.8416630029678345,-1.4392054080963135,0.597542405128479,0.43109786320328775,1,0
119,4,c21,0011,0011,0111,-1.6364455223083496,-1.8996350765228271,0.26318955421447754,0.1947753882988147,1,0
119,5,c02,0011,0011,1011,-1.7277860641479492,-1.9220879077911377,0.19430184364318848,0.17776222334662659,1,0
119,6,x1,0111,0111,1011,-1.553161859512329,-1.9748237133026123,0.4216618537902832,0.21164710749256957,1,0
119,7,t032,0111,0111,1111,-0.4229169189929962,-2.4516046047210693,2.028687685728073,0.6552413735821703,1,0
119,8,x1,0011,0011,1111,-1.083924412727356,-1.8349685668945312,0.7510441541671753,0.3384276771530171,1,0
120,1,x0,0001,1001,1001,-2.6689395904541016,-2.4787604808807373,-0.19017910957336426,0.06947292825762665,0,0
120,2,c30,1001,1000,1000,-2.777554512023926,-2.652554512023926,-0.125,0.06226810134328698,0,0
120,3,t321,1001,0000,0000,-2.717073917388916,-2.5923523902893066,-0.12472152709960938,0.06615020576941705,0,0
120,4,s32,1010,1101,1101,-2.616260290145874,-1.9110736846923828,-0.7051866054534912,0.07311172840472097,0,0
120,5,s03,0011,1010,1010,-2.6835460662841797,-1.7659977674484253,-0.9175482988357544,0.0684260590693411,0,0
120,6,c30,1011,0011,0011,-1.9192264080047607,-1.255298137664795,-0.6639282703399658,0.1468609095581655,0,0
120,7,t102,1011,1011,0011,-1.309142827987671,-2.229916572570801,0.9207737445831299,0.2702308419687644,1,0
120,8,c21,1111,1111,1011,-1.4844725131988525,-1.7496891021728516,0.265216588973999,0.22675168320605577,1,0
121,1,c31,0110,1000,1000,-2.7774832248687744,-2.59205961227417,-0.1854236125946045,0.062265882395639,0,0
121,2,x0,1110,1110,0110,-1.380934715270996,-1.6394076347351074,0.25847291946411133,0.25150630564682236,1,0
121,3,s01,1110,0110,0110,-1.2841534614562988,-1.2800066471099854,-0.0041468143463134766,0.2769941316514022,0,0
121,4,c21,1010,1110,1110,-1.8174026012420654,-1.2714685201644897,-0.5459340810775757,0.16254817901651405,0,0
121,5,x1,1110,1110,1010,-1.0623338222503662,-1.924818515777588,0.8624846935272217,0.34577206733402915,1,0
121,6,c32,1110,1110,1111,-0.8577183485031128,-1.2327183485031128,0.375,0.4242285526325605,1,0
121,7,s30,0111,1110,1110,-2.750140905380249,-0.7768421173095703,-1.9732987880706787,0.06395170771066165,0,0
121,8,t120,1111,0111,0111,-1.1699024438858032,-0.7963903546333313,-0.3735120892524719,0.3105846485093801,0,0
122,1,t120,1011,1011,0000,-2.0779104232788086,-2.5920815467834473,0.5141711235046387,0.12532183358109555,1,0
122,2,c21,1111,1011,1011,-1.5868701934814453,-1.1532748937606812,-0.43359529972076416,0.2047663259439699,0,0
122,3,c23,1110,1111,1111,-1.269948959350586,-0.8949489593505859,-0.375,0.2810591028464291,0,0
122,4,t210,0110,1110,1110,-1.5236327648162842,-0.6889839172363281,-0.834648847579956,0.21807622710399024,0,0
122,5,x1,0010,0010,0111,-1.6519417762756348,-2.0048444271087646,0.3529026508331299,0.19177659497295604,1,0
122,6,c02,0010,0010,0011,-1.0971521139144897,-1.3471521139144897,0.25,0.3339631605882797,1,0
122,7,s31,0010,0010,0110,-1.2433797121047974,-1.4718360900878906,0.22845637798309326,0.2885125031442577,1,0
122,8,t312,0010,0010,0011,-0.06645310670137405,-3.441453218460083,3.375000111758709,0.9369756009490432,1,0
123,1,s32,0000,0000,0100,-2.1998863220214844,-2.55531644821167,0.35543012619018555,0.11100617925793976,1,0
123,2,x1,0100,0100,0000,-1.4237916469573975,-1.5852211713790894,0.1614295244216919,0.24095595665766356,1,0
123,3,t103,0100,0100,0101,-0.2978918254375458,-2.547891855239868,2.2500000298023224,0.7427608684055791,1,0
123,4,s02,0100,0100,1100,-1.03445303440094,-1.1348421573638916,0.10038912296295166,0.35593091972988045,1,0
123,5,s21,0010,0100,0100,-4.0756731033325195,-0.622144877910614,-3.4535282254219055,0.016989801489528215,0,0
123,6,x2,0000,0010,0010,-2.013658046722412,-0.96061110496521,-1.0530469417572021,0.13352382947096877,0,0
123,7,t012,0000,0000,0001,-0.026251530274748802,-5.151251316070557,5.124999785795808,0.9742662910629184,1,0
123,8,x0,1000,1000,0000,-0.5222181677818298,-1.067562460899353,0.5453442931175232,0.5933771296558886,1,0
124,1,x2,1000,1010,1010,-2.536715507507324,-2.479991912841797,-0.056723594665527344,0.07932389650347121,0,0
124,2,x1,1100,0111,0111,-2.7776355743408203,-2.652503252029419,-0.12513232231140137,0.06225060277984904,0,0
124,3,s32,1100,1000,1000,-2.7736783027648926,-2.595991611480713,-0.1776866912841797,0.06250269078840975,0,0
124,4,x2,1110,1101,1101,-1.5036265850067139,-1.4880640506744385,-0.01556253433227539,0.22247967733215532,0,0
124,5,t213,1111,1110,1110,-1.3074461221694946,-0.6824462413787842,-0.6249998807907104,0.270856931903283,0,0
124,6,c23,1110,1110,1111,-1.350048303604126,-1.350048303604126,0.0,0.25978177682343045,0,1
124,7,x0,0110,0110,1111,-1.2148633003234863,-1.8650014400482178,0.6501381397247314,0.29697326857520373,1,0
124,8,c13,0111,0111,0110,-1.3060606718063354,-1.556060552597046,0.24999988079071045,0.2709769840054916,1,0
125,1,t032,1001,1011,1011,-2.8537700176239014,-2.369192123413086,-0.48457789421081543,0.05769847911671177,0,0
125,2,x2,1011,1010,1010,-2.7168169021606445,-2.5918169021606445,-0.125,0.06614671180398671,0,0
125,3,t103,1011,0000,0000,-2.9706473350524902,-2.59181547164917,-0.3788318634033203,0.05131266852938583,0,0
125,4,c03,1010,1010,1011,-2.535083293914795,-2.535083293914795,0.0,0.07932812072529895,0,1
125,5,x1,1110,1100,1100,-2.777329206466675,-2.652305841445923,-0.12502336502075195,0.06225140171694535,0,0
125,6,t301,1110,1110,1111,-1.5041075944900513,-1.8791075944900513,0.375,0.22230810779418894,1,0
125,7,x2,1100,1100,1111,-1.3143242597579956,-1.3709955215454102,0.05667126178741455,0.26874016215985086,1,0
125,8,c31,1100,1100,1101,-0.891790509223938,-1.6417906284332275,0.7500001192092896,0.4102829947816142,1,0
126,1,s20,0011,1001,1001,-2.9795703887939453,-2.316793441772461,-0.6627769470214844,0.05091538377363845,0,0
126,2,t302,0011,1000,1000,-2.902708053588867,-2.595926523208618,-0.306781530380249,0.0549385794315913,0,0
126,3,c02,0011,0011,1011,-0.7469956874847412,-2.4768877029418945,1.7298920154571533,0.47429295717172076,1,0
126,4,t302,0011,0011,1011,-0.03685051202774048,-4.100143909454346,4.063293397426605,0.9639573023874961,1,0
126,5,t031,0011,0011,1011,-0.11353422701358795,-3.164116382598877,3.050582155585289,0.8930721760169253,1,0
126,6,c32,0001,0011,0011,-2.1742427349090576,-0.46197307109832764,-1.71226966381073,0.11375114742247522,0,0
126,7,x1,0101,0101,0001,-0.9085919260978699,-1.4748470783233643,0.5662551522254944,0.4033168569233172,1,0
126,8,x0,1101,1101,0101,-0.4924428164958954,-1.0668697357177734,0.574426919221878,0.6112527963224201,1,0
127,1,s31,1111,1000,1000,-2.773186206817627,-2.65212345123291,-0.1210627555847168,0.06250206585229737,0,0
127,2,c30,0111,0111,1111,-1.7149536609649658,-1.8015754222869873,0.08662176132202148,0.18007021461986203,1,0
127,3,t231,0011,0111,0111,-1.5925195217132568,-1.1787174940109253,-0.41380202770233154,0.2035156881134366,0,0
127,4,s32,0011,0011,0010,-1.600461721420288,-1.850461721420288,0.25,0.2019325139780261,1,0
127,5,c13,0011,0011,0001,-1.2275714874267578,-1.9794968366622925,0.7519253492355347,0.2932212304512017,1,0
127,6,c10,0011,1011,1011,-1.5013599395751953,-0.5489882826805115,-0.9523716568946838,0.22288351647049803,0,0
127,7,c32,0001,0011,0011,-2.4014363288879395,-0.26772332191467285,-2.1337130069732666,0.09059721932164935,0,0
127,8,s20,0001,0001,1001,-0.9880773425102234,-0.9997415542602539,0.011664211750030518,0.37256691589152185,1,0
128,1,c03,1111,1000,1000,-2.9672484397888184,-2.6529760360717773,-0.314272403717041,0.0515207977665645,0,0
128,2,x3,1110,1100,1100,-2.5424365997314453,-2.542436361312866,-2.384185791015625e-07,0.07870891177319048,0,0
128,3,c23,1111,1111,1110,-1.712989091873169,-1.837989091873169,0.125,0.18044103419422589,1,0
128,4,x0,0111,0111,1111,-0.856793999671936,-1.6475059986114502,0.7907119989395142,0.4246870315473943,1,0
128,5,s03,1110,0111,0111,-1.9471325874328613,-1.3335264921188354,-0.6136060953140259,0.14275015850723205,0,0
128,6,x1,1010,1010,1100,-1.4600592851638794,-2.1101293563842773,0.650070071220398,0.23232054623253345,1,0
128,7,c10,1010,1010,0010,-1.0865719318389893,-1.4981040954589844,0.4115321636199951,0.3374654434394885,1,0
128,8,s13,1010,1010,1000,-1.4546117782592773,-1.73533296585083,0.28072118759155273,0.23357852730629744,1,0
129,1,t123,0000,0000,0001,-2.049321174621582,-2.549321174621582,0.5,0.12907122009094257,1,0
129,2,t013,0000,0000,1000,-0.16544274985790253,-2.8724114894866943,2.706968739628792,0.8476983009135558,1,0
129,3,c30,0000,1000,1000,-0.7739323973655701,-0.711915135383606,-0.06201726198196411,0.46151451891736,0,0
129,4,x1,0100,0100,0010,-0.6321279406547546,-1.804049015045166,1.1719210743904114,0.5317544262161857,1,0
129,5,c10,1100,1100,0100,-0.7477365732192993,-0.8732063174247742,0.12546974420547485,0.47364995809001537,1,0
129,6,s10,1100,1100,0100,-0.9510318040847778,-1.120551347732544,0.1695195436477661,0.3864629883125853,1,0
129,7,t320,1100,1100,0100,-0.21093928813934326,-2.7448301315307617,2.5338908433914185,0.8101514564869621,1,0
129,8,s30,0101,1100,1100,-3.9701602458953857,-0.46739721298217773,-3.502763032913208,0.01888080760479578,0,0
130,1,t103,1000,1000,1100,-1.9435243606567383,-2.576068162918091,0.6325438022613525,0.1448443048261985,1,0
130,2,t120,1000,1000,0000,-0.5025465488433838,-2.3025732040405273,1.8000266551971436,0.6086359653213818,1,0
130,3,s30,0001,1000,1000,-2.7765965461730957,-0.6936081647872925,-2.0829883813858032,0.06267149995253707,0,0
130,4,c12,0001,0001,0101,-0.6153307557106018,-1.9128445386886597,1.2975137829780579,0.5409647281418629,1,0
130,5,t021,0001,0001,1001,-0.0651073232293129,-3.6048386096954346,3.5397312864661217,0.9373690854360723,1,0
130,6,s32,0010,0001,0001,-2.405651330947876,-0.7872881889343262,-1.6183631420135498,0.09024586153377438,0,0
130,7,x1,0110,0110,0010,-1.2981953620910645,-1.4958162307739258,0.19762086868286133,0.2732668178359703,1,0
130,8,c13,0111,0110,0110,-1.4211993217468262,-0.42119938135147095,-0.9999999403953552,0.24150897996625068,0,0
131,1,c12,0010,0010,1000,-2.494276523590088,-2.5924148559570312,0.09813833236694336,0.08268017567152275,1,0
131,2,c20,1010,0010,0010,-1.0617783069610596,-0.9367344379425049,-0.1250438690185547,0.34603812560207053,0,0
131,3,x0,0010,1010,1010,-1.5040867328643799,-1.4175727367401123,-0.08651399612426758,0.2223126357568978,0,0
131,4,x1,0110,0110,0010,-1.5606300830841064,-2.3123538494110107,0.7517237663269043,0.21013411437003582,1,0
131,5,t031,0110,0110,1110,-0.6458445191383362,-1.9254342317581177,1.2795897126197815,0.5244686901714982,1,0
131,6,c30,0110,0110,1110,-0.7629931569099426,-0.8893287777900696,0.12633562088012695,0.4666399081769129,1,0
131,7,c21,0010,0110,0110,-1.8743319511413574,-0.5735601782798767,-1.3007717728614807,0.15349746336784112,0,0
131,8,s30,0010,0010,1010,-0.6846758127212524,-1.109250545501709,0.42457473278045654,0.5044239636981405,1,0
132,1,c01,1001,0000,0000,-2.717026710510254,-2.535578727722168,-0.18144798278808594,0.0661533490530111,0,0
132,2,x1,1101,0100,0100,-2.595320701599121,-2.595227003097534,-9.369850158691406e-05,0.07465584431827411,0,0
132,3,c23,1101,1100,1100,-2.1419174671173096,-2.1419174671173096,0.0,0.11749880346108812,0,1
132,4,x2,1111,1111,1100,-1.3896899223327637,-1.5291633605957031,0.13947343826293945,0.24925484506239767,1,0
132,5,x0,0111,0111,1111,-0.7051717638969421,-1.3680031299591064,0.6628313660621643,0.49415201983211554,1,0
132,6,s23,0111,0111,0110,-1.1506644487380981,-1.2756644487380981,0.125,0.31648454059812686,1,0
132,7,x0,1111,1111,0111,-0.6258923411369324,-1.1827207803726196,0.5568284392356873,0.5348677778964323,1,0
132,8,t120,0111,1111,1111,-1.0771315097808838,-0.8775155544281006,-0.1996159553527832,0.3406802196405451,0,0
133,1,s20,0101,0101,1000,-2.5430471897125244,-2.5922300815582275,0.049182891845703125,0.0787262088197732,1,0
133,2,s21,0011,0101,0101,-2.6139068603515625,-1.1750539541244507,-1.4388529062271118,0.07329212087893627,0,0
133,3,s31,0110,0011,0011,-2.397702693939209,-2.0237579345703125,-0.3739447593688965,0.09102978544700911,0,0
133,4,x1,0010,0111,0111,-2.5302982330322266,-2.1552767753601074,-0.37502145767211914,0.079772555950493,0,0
133,5,t213,0010,0010,0000,-2.2923824787139893,-2.5981178283691406,0.30573534965515137,0.10131850856799265,1,0
133,6,t203,0010,0010,1010,-0.07297296822071075,-3.544452667236328,3.4714796990156174,0.9300059341681541,1,0
133,7,t321,0010,0010,0011,-0.206692636013031,-2.331692695617676,2.1250000596046448,0.8134861697169427,1,0
133,8,s30,0010,1010,1010,-1.7084133625030518,-1.6815035343170166,-0.026909828186035156,0.1814371447540725,0,0
134,1,t012,0001,1000,1000,-2.426454544067383,-2.422468662261963,-0.003985881805419922,0.08849642111387243,0,0
134,2,s02,0001,0001,1001,-0.9258840084075928,-2.1277570724487305,1.2018730640411377,0.3964782273518248,1,0
134,3,x3,0000,0001,0001,-1.3808751106262207,-1.2558751106262207,-0.125,0.2514852587844724,0,0
134,4,t012,0000,0000,0001,-0.5171370506286621,-1.017137050628662,0.5,0.5964585565624226,1,0
134,5,s10,0000,1000,1000,-0.8797821998596191,-0.800727367401123,-0.0790548324584961,0.4152029481235624,0,0
134,6,t213,0000,0000,0001,-0.06402982771396637,-3.5640296936035156,3.4999998658895493,0.9382777363164516,1,0
134,7,t201,0000,0000,0001,-0.24468877911567688,-1.8696887493133545,1.6249999701976776,0.7833420717551799,1,0
134,8,t310,0000,0000,1000,-0.04277374967932701,-3.3275861740112305,3.2848124243319035,0.9583953643739753,1,0
135,1,t012,0001,0001,0000,-2.0031845569610596,-2.5031845569610596,0.5,0.1350941331883138,1,0
135,2,x0,1001,1001,0001,-1.107421875,-1.1716625690460205,0.06424069404602051,0.3305223785981561,1,0
135,3,x1,1101,1101,1001,-1.3946417570114136,-1.875870943069458,0.48122918605804443,0.24800293692087683,1,0
135,4,c31,1001,1101,1101,-1.9945827722549438,-1.0766539573669434,-0.9179288148880005,0.13614849944969787,0,0
135,5,s03,1001,1001,0001,-1.2257654666900635,-1.8879363536834717,0.6621708869934082,0.2937939736874031,1,0
135,6,t320,1001,1001,1101,-0.28053534030914307,-2.2900476455688477,2.0095123052597046,0.7556011192773205,1,0
135,7,s32,1010,1001,1001,-3.565626382827759,-1.1451680660247803,-2.4204583168029785,0.028283708222590236,0,0
135,8,s21,1100,1110,1110,-2.8323745727539062,-1.1555531024932861,-1.6768214702606201,0.05889696405074899,0,0
136,1,t210,1100,1100,1000,-1.9671781063079834,-2.4791717529296875,0.5119936466217041,0.1400764358152662,1,0
136,2,x0,0100,1100,1100,-1.280137300491333,-1.058508276939392,-0.22162902355194092,0.2781550199341003,0,0
136,3,t301,0100,0100,1100,-0.23964408040046692,-2.4661049842834473,2.2264609038829803,0.7872658925104883,1,0
136,4,s01,1000,0100,0100,-2.469848155975342,-0.9402989149093628,-1.529549241065979,0.08465729283580149,0,0
136,5,t320,1000,1000,1100,-0.24904723465442657,-2.158416509628296,1.9093692749738693,0.7800498751924492,1,0
136,6,s23,1000,1010,1010,-1.387200117111206,-1.3550374507904053,-0.03216266632080078,0.2499891961480688,0,0
136,7,c20,1000,1000,0000,-0.22513273358345032,-2.1303889751434326,1.9052562415599823,0.7986183879390374,1,0
136,8,s30,0001,1000,1000,-3.588845729827881,-0.2719387114048004,-3.3169070184230804,0.027639069077757428,0,0
137,1,t032,1010,1010,0000,-2.180612802505493,-2.592864751815796,0.41225194931030273,0.11318463798318393,1,0
137,2,x3,1011,1010,1010,-1.2324938774108887,-1.1074938774108887,-0.125,0.29199296038947764,0,0
137,3,x3,1010,1011,1011,-1.4282779693603516,-0.5532780885696411,-0.8749998807907104,0.2398083373740492,0,0
137,4,c23,1011,1010,1010,-1.5935884714126587,-0.46858835220336914,-1.1250001192092896,0.20332331923468533,0,0
137,5,x2,1001,1011,1011,-1.416123390197754,-1.0344512462615967,-0.3816721439361572,0.24270461734330115,0,0
137,6,c23,1001,1001,1011,-0.1764019876718521,-2.472355365753174,2.2959533780813217,0.8384380304404402,1,0
137,7,t210,1001,1001,1101,-0.40138012170791626,-2.4140005111694336,2.0126203894615173,0.6698886382961431,1,0
137,8,t210,1001,1001,0001,-0.10797008872032166,-2.454741954803467,2.346771866083145,0.8978275471626618,1,0
138,1,c21,1011,1010,1010,-2.7772860527038574,-2.6522860527038574,-0.125,0.062255451052320006,0,0
138,2,x3,1010,1010,1001,-2.3722729682922363,-2.4972305297851562,0.12495756149291992,0.09330227647293893,1,0
138,3,t321,1010,1010,1110,-1.2917674779891968,-2.223806619644165,0.9320391416549683,0.2749496008285414,1,0
138,4,t201,1110,1010,1010,-3.088132619857788,-0.21010980010032654,-2.8780228197574615,0.045602302054520566,0,0
138,5,x2,1100,1110,1110,-1.7576122283935547,-1.0526096820831299,-0.7050025463104248,0.1725393061305963,0,0
138,6,t023,1100,1100,1101,-0.056623026728630066,-3.1816232204437256,3.1250001937150955,0.9451712679138822,1,0
138,7,c32,1100,1100,1101,-0.33705925941467285,-1.5870592594146729,1.25,0.7140349827319639,1,0
138,8,x3,1101,1101,1100,-0.7336479425430298,-0.8586479425430298,0.125,0.4802350432917609,1,0
139,1,s13,1001,1100,1100,-2.6611082553863525,-2.422727108001709,-0.23838114738464355,0.06999790729850786,0,0
139,2,t312,1001,0100,0100,-2.7211620807647705,-2.592041254043579,-0.1291208267211914,0.06588187467374605,0,0
139,3,s21,1001,1001,1101,-1.555112600326538,-1.943345069885254,0.3882324695587158,0.21133909719862065,1,0
139,4,x2,1011,1011,1001,-1.107410192489624,-1.5145845413208008,0.40717434883117676,0.3305815086084617,1,0
139,5,c23,1010,1011,1011,-1.5802875757217407,-0.580287516117096,-1.0000000596046448,0.20616460708726037,0,0
139,6,c30,1010,1010,0010,-0.6986194252967834,-1.8313560485839844,1.132736623287201,0.4977109162250035,1,0
139,7,x0,0010,1010,1010,-1.0982823371887207,-1.0396206378936768,-0.058661699295043945,0.3335370005982513,0,0
139,8,t231,0010,0010,0011,-0.18081820011138916,-2.5558183193206787,2.3750001192092896,0.8347692202115871,1,0
140,1,c13,0110,0111,0111,-2.716831922531128,-2.591831922531128,-0.125,0.06615355084047961,0,0
140,2,x0,1110,1111,1111,-2.66803240776062,-2.41803240776062,-0.25,0.06946281981699265,0,0
140,3,s23,1101,1000,1000,-2.777439594268799,-2.591960906982422,-0.18547868728637695,0.06226221255502635,0,0
140,4,s32,1110,1000,1000,-2.7734036445617676,-2.652398109436035,-0.12100553512573242,0.06250746099943418,0,0
140,5,t230,1110,1111,1111,-2.145854949951172,-2.020854949951172,-0.125,0.11709394699068044,0,0
140,6,t231,1110,1110,1111,-0.6889286041259766,-1.5639286041259766,0.875,0.5024059749801879,1,0
140,7,s03,0111,1110,1110,-1.7711259126663208,-1.3302465677261353,-0.44087934494018555,0.17030091830977373,0,0
140,8,x2,0101,0111,0111,-1.9608194828033447,-1.119813323020935,-0.8410061597824097,0.14078713654827454,0,0
141,1,x2,1000,1010,1010,-2.5364294052124023,-2.5363576412200928,-7.176399230957031e-05,0.07931983836560491,0,0
141,2,x2,1010,1001,1001,-2.535531997680664,-2.5354793071746826,-5.269050598144531e-05,0.07932212750300921,0,0
141,3,s01,0110,1100,1100,-2.777663469314575,-2.596158504486084,-0.1815049648284912,0.06226267458380172,0,0
141,4,s02,1100,1000,1000,-2.535266876220703,-2.5351595878601074,-0.00010728836059570312,0.07931432002601403,0,0
141,5,s31,1001,0000,0000,-2.777540922164917,-2.535472869873047,-0.24206805229187012,0.06226217958865368,0,0
141,6,t132,1001,1000,1000,-2.846416473388672,-2.596416473388672,-0.25,0.05815805345388904,0,0
141,7,t201,1001,1001,1101,-1.2973670959472656,-2.059640884399414,0.7622737884521484,0.2734411885574406,1,0
141,8,s02,0011,0001,0001,-2.955411672592163,-1.794676423072815,-1.1607352495193481,0.052098932118496845,0,0
142,1,x1,0000,0100,0100,-2.5355887413024902,-2.486588954925537,-0.048999786376953125,0.07932846550838395,0,0
142,2,s13,0000,1000,1000,-2.9668235778808594,-2.71292781829834,-0.25389575958251953,0.051513634558506896,0,0
142,3,t201,0000,0000,1000,-1.087699055671692,-2.433403253555298,1.345704197883606,0.33730848214939,1,0
142,4,t321,0000,0000,0001,-0.08117745816707611,-3.2061774730682373,3.125000014901161,0.9222084555899713,1,0
142,5,s01,0000,0000,1000,-0.9390221834182739,-0.9794384241104126,0.04041624069213867,0.3911985490611442,1,0
142,6,t123,0000,0000,0010,-0.009168004617094994,-5.411138534545898,5.401970529928803,0.9909012859536546,1,0
142,7,t012,0000,0000,1000,-0.0011978305410593748,-7.0260772705078125,7.024879439966753,0.9988415881292565,1,0
142,8,s23,0000,0000,0001,-0.851472795009613,-1.2264728546142578,0.3750000596046448,0.4268458772624525,1,0
143,1,s01,0001,0001,0000,-2.3656039237976074,-2.4906039237976074,0.125,0.09404408965570145,1,0
143,2,s20,0001,0001,1001,-0.866216778755188,-1.482417345046997,0.6162005662918091,0.4207411674308828,1,0
143,3,t130,0001,0001,1001,-0.10978446155786514,-2.8460919857025146,2.7363075241446495,0.8963647054253678,1,0
143,4,s10,0001,1001,1001,-1.216219186782837,-0.7319692969322205,-0.48424988985061646,0.29690291526210094,0,0
143,5,x1,0101,0101,0011,-0.6353504061698914,-1.6004467010498047,0.9650962948799133,0.5300045082282338,1,0
143,6,x2,0111,0101,0101,-1.3874824047088623,-0.5409152507781982,-0.8465671539306641,0.2497297329726105,0,0
143,7,t021,0111,0111,1111,-0.06469693034887314,-3.4350178241729736,3.3703208938241005,0.9377517219940948,1,0
143,8,x1,0011,0011,0101,-0.7123361229896545,-1.6845118999481201,0.9721757769584656,0.49064545388920466,1,0
144,1,c01,0111,1000,1000,-2.6524081230163574,-2.591991901397705,-0.060416221618652344,0.07055543217042497,0,0
144,2,x0,1111,0111,0111,-1.5114319324493408,-1.5004627704620361,-0.010969161987304688,0.2207226866372845,0,0
144,3,c23,1110,1111,1111,-1.612131118774414,-1.487131118774414,-0.125,0.1995955594298892,0,0
144,4,t120,0110,1110,1110,-1.8286118507385254,-0.828857421875,-0.9997544288635254,0.16077324362054937,0,0
144,5,x3,0111,0111,0110,-1.357138752937317,-1.607138752937317,0.25,0.257515839772657,1,0
144,6,s12,0111,0111,0110,-0.756542444229126,-2.006542444229126,1.25,0.46944569094191174,1,0
144,7,c21,0011,0111,0111,-2.3094077110290527,-0.6566048860549927,-1.65280282497406,0.09935939571746566,0,0
144,8,s03,1010,0011,0011,-3.5158486366271973,-0.5302011966705322,-2.985647439956665,0.029729287380171134,0,0
145,1,t203,0110,0110,0000,-2.425780773162842,-2.535658836364746,0.1098780632019043,0.08851871624566077,1,0
145,2,t102,0110,0110,1110,-0.7237259149551392,-1.9743963479995728,1.2506704330444336,0.48524400835272125,1,0
145,3,t301,0110,0110,1110,-0.24864953756332397,-2.436248779296875,2.187599241733551,0.7803166063390783,1,0
145,4,s31,0011,0110,0110,-1.9583837985992432,-1.2028478384017944,-0.7555359601974487,0.14122676940959555,0,0
145,5,x3,0010,0001,0001,-1.2615578174591064,-1.183932900428772,-0.07762491703033447,0.2833511865225907,0,0
145,6,s21,0100,0010,0010,-3.1803112030029297,-1.0223052501678467,-2.158005952835083,0.04158998697566642,0,0
145,7,c20,0100,1100,1100,-0.9491630792617798,-0.8594080209732056,-0.08975505828857422,0.38737219135376527,0,0
145,8,c12,0110,0100,0100,-3.13145112991333,-0.14660578966140747,-2.9848453402519226,0.04365790841202002,0,0
146,1,x1,0111,0000,0000,-2.967103958129883,-2.5920352935791016,-0.37506866455078125,0.051517421508573046,0,0
146,2,t012,0111,1000,1000,-2.6599037647247314,-2.4743435382843018,-0.1855602264404297,0.06999882939930324,0,0
146,3,x2,0101,0101,0111,-1.6242902278900146,-1.6578471660614014,0.03355693817138672,0.19714289219546013,1,0
146,4,s12,0011,0101,0101,-3.1827359199523926,-0.5598021149635315,-2.622933804988861,0.04150945197014051,0,0
146,5,x0,1011,1011,0011,-0.9815050363540649,-1.1130748987197876,0.13156986236572266,0.3749542286563327,1,0
146,6,t123,1011,1011,1001,-0.8132518529891968,-1.7294690608978271,0.9162172079086304,0.4435617618086589,1,0
146,7,x0,0011,0011,1011,-1.2241947650909424,-1.4102821350097656,0.18608736991882324,0.2940579230060716,1,0
146,8,s02,1001,0011,0011,-2.7995009422302246,-0.5477928519248962,-2.2517080903053284,0.06085077673384796,0,0
147,1,x2,1010,1000,1000,-2.547205686569214,-2.369316816329956,-0.1778888702392578,0.07869077919749302,0,0
147,2,x3,1011,1000,1000,-2.6038832664489746,-2.4222240447998047,-0.18165922164916992,0.07407563198516734,0,0
147,3,x0,0011,0011,1111,-2.417912721633911,-2.603508949279785,0.18559622764587402,0.08918464849687491,1,0
147,4,t230,1011,0011,0011,-2.7248129844665527,-1.9371827840805054,-0.7876302003860474,0.0656353624645961,0,0
147,5,s12,1101,1010,1010,-2.9183249473571777,-2.5352768898010254,-0.38304805755615234,0.05408574821083599,0,0
147,6,s13,1101,1001,1001,-2.7249655723571777,-2.4183521270751953,-0.3066134452819824,0.0656274288720174,0,0
147,7,s31,1101,1001,1001,-2.127122402191162,-1.9909768104553223,-0.13614559173583984,0.11928847101321743,0,0
147,8,s12,1011,0101,0101,-2.672433376312256,-1.8827112913131714,-0.7897220849990845,0.0691205628808067,0,0
148,1,s12,0000,0000,1000,-2.2679080963134766,-2.536214828491211,0.2683067321777344,0.10372695248942183,1,0
148,2,s01,0000,0000,1000,-0.9138689041137695,-1.7430751323699951,0.8292062282562256,0.40118814997006047,1,0
148,3,t031,0000,0000,1000,-0.04078608751296997,-3.844442129135132,3.803656041622162,0.960169297714653,1,0
148,4,s01,0000,0000,1000,-0.4352658689022064,-1.2619513273239136,0.8266854584217072,0.6473769108276832,1,0
148,5,x3,0001,0010,0010,-1.2220604419708252,-0.9821459054946899,-0.23991453647613525,0.2946539623216036,0,0
148,6,s10,0001,0001,1001,-0.7410250902175903,-0.8835973739624023,0.142572283744812,0.4767741618562783,1,0
148,7,t320,0001,0001,1001,-0.03169621154665947,-3.5745983123779297,3.54290210083127,0.9690130552604181,1,0
148,8,t301,0001,0001,1001,-0.012179320678114891,-4.536219120025635,4.52403979934752,0.9880216770151478,1,0
149,1,c30,0100,0100,1000,-2.3355791568756104,-2.5355582237243652,0.19997906684875488,0.09688276947802607,1,0
149,2,x1,0000,0100,0100,-2.083744525909424,-1.2982749938964844,-0.7854695320129395,0.12455277092103363,0,0
149,3,c21,0000,0000,0001,-0.5470677614212036,-1.6720678806304932,1.1250001192092896,0.5791625651575164,1,0
149,4,t301,0000,0000,0001,-0.11343123018741608,-3.113431215286255,2.999999985098839,0.8931385676811023,1,0
149,5,x2,0010,0010,0001,-1.1740742921829224,-1.5245873928070068,0.3505131006240845,0.30925996501803726,1,0
149,6,c23,0011,0010,0010,-1.9714794158935547,-0.4714793562889099,-1.5000000596046448,0.1393529349944498,0,0
149,7,x2,0001,0001,0010,-0.8196905851364136,-1.449556827545166,0.6298662424087524,0.4407652641895183,1,0
149,8,c32,0011,0001,0001,-4.229744911193848,-0.6125583052635193,-3.6171866059303284,0.014558116573950395,0,0
150,1,s20,0011,1001,1001,-2.979780673980713,-2.4263081550598145,-0.5534725189208984,0.050912501764504764,0,0
150,2,c32,0001,1000,1000,-2.918546676635742,-2.535599946975708,-0.3829467296600342,0.05408742289298388,0,0
150,3,t120,0001,1000,1000,-2.8389265537261963,-2.592146635055542,-0.2467799186706543,0.058576788211323214,0,0
150,4,x0,1001,0001,0001,-1.243273138999939,-1.1737319231033325,-0.06954121589660645,0.28857154850026684,0,0
150,5,c30,0001,0001,1001,-1.3215686082839966,-1.3678936958312988,0.046325087547302246,0.2669350693846984,1,0
150,6,x1,0101,0101,0011,-1.255403757095337,-2.1773388385772705,0.9219350814819336,0.2851572648639215,1,0
150,7,c20,0101,1101,1101,-1.040065884590149,-0.8790585994720459,-0.16100728511810303,0.35360288207226404,0,0
150,8,s02,0101,0101,1101,-0.8877377510070801,-1.4977596998214722,0.6100219488143921,0.4118601725835148,1,0
151,1,s31,1110,1011,1011,-2.846153736114502,-2.535060405731201,-0.3110933303833008,0.0581237809067956,0,0
151,2,s32,1101,0000,0000,-2.7851295471191406,-2.5919241905212402,-0.1932053565979004,0.06177652514618582,0,0
151,3,t301,1001,0000,0000,-2.850252389907837,-2.418487548828125,-0.4317648410797119,0.05791441943462083,0,0
151,4,s20,0011,0100,0100,-2.9022889137268066,-2.5389275550842285,-0.3633613586425781,0.05494043260819841,0,0
151,5,x3,0010,1000,1000,-3.199141263961792,-2.4260149002075195,-0.7731263637542725,0.04085101709768586,0,0
151,6,s12,0100,1000,1000,-2.7167840003967285,-2.5956950187683105,-0.12108898162841797,0.06614484207585539,0,0
151,7,t130,0100,1000,1000,-2.676184892654419,-2.418060779571533,-0.25812411308288574,0.06891304978180798,0,0
151,8,c32,0100,0100,0110,-1.6347432136535645,-1.7375637292861938,0.1028205156326294,0.19508505155669081,1,0
152,1,t132,1000,1000,0000,-1.9714710712432861,-2.5369865894317627,0.5655155181884766,0.13960737540522858,1,0
152,2,c03,1001,1000,1000,-2.7454278469085693,-0.4954278767108917,-2.2499999701976776,0.0645205806152543,0,0
152,3,x1,1101,1101,1001,-1.3977000713348389,-1.7900408506393433,0.3923407793045044,0.24736622718533677,1,0
152,4,t321,1101,1101,1111,-0.3660595715045929,-2.2703213691711426,1.9042617976665497,0.6940103887491686,1,0
152,5,c02,1111,1101,1101,-1.4091278314590454,-0.7047545909881592,-0.7043732404708862,0.24457496284251287,0,0
152,6,s21,1111,1111,1011,-1.0830209255218506,-1.2569838762283325,0.17396295070648193,0.33889404657736133,1,0
152,7,t032,1101,1111,1111,-2.4502971172332764,-0.281541645526886,-2.1687554717063904,0.08628873420089357,0,0
152,8,x3,1100,1100,1101,-1.1297229528427124,-1.2547229528427124,0.125,0.3234085661547033,1,0
153,1,s32,0111,0100,0100,-2.6561813354492188,-2.5956344604492188,-0.060546875,0.0702781752640267,0,0
153,2,s10,1011,0111,0111,-2.497694253921509,-1.5076123476028442,-0.9900819063186646,0.08233920254111068,0,0
153,3,s12,1101,1111,1111,-2.671538829803467,-2.478156089782715,-0.19338274002075195,0.06918204201999832,0,0
153,4,x3,1100,1100,1111,-2.2292838096618652,-2.354219675064087,0.12493586540222168,0.1077222908295871,1,0
153,5,t102,1110,1100,1100,-2.1779961585998535,-1.708693504333496,-0.4693026542663574,0.11341716102326604,0,0
153,6,s30,0111,0110,0110,-2.4263579845428467,-2.4263579845428467,0.0,0.08850200505942304,0,1
153,7,s21,0111,0011,0011,-3.0428383350372314,-2.312825918197632,-0.7300124168395996,0.047744695569619945,0,0
153,8,s12,0111,0011,0011,-2.8491921424865723,-1.936507225036621,-0.9126849174499512,0.05792488103703774,0,0
154,1,x0,1000,0000,0000,-2.422071933746338,-2.267585277557373,-0.15448665618896484,0.0888550304749658,0,0
154,2,s32,1000,1000,1100,-2.5921196937561035,-2.6526713371276855,0.06055164337158203,0.0749503413182034,1,0
154,3,x2,1010,1000,1000,-1.843888282775879,-1.5938550233840942,-0.25003325939178467,0.15830803552763395,0,0
154,4,t021,1110,1010,1010,-2.61971378326416,-1.5792855024337769,-1.0404282808303833,0.07291219447595142,0,0
154,5,c02,1100,1110,1110,-2.3102965354919434,-1.8592618703842163,-0.45103466510772705,0.09934509781118224,0,0
154,6,t203,1100,1100,1101,-0.8911706209182739,-1.766170620918274,0.875,0.41065713693859773,1,0
154,7,s31,1001,1000,1000,-2.166459798812866,-1.7914597988128662,-0.375,0.11468336192056873,0,0
154,8,c20,1001,1001,0001,-0.9605976939201355,-1.6671228408813477,0.7065251469612122,0.3830168317906046,1,0
155,1,c32,1010,1010,1000,-2.3207221031188965,-2.5398945808410645,0.21917247772216797,0.098386254165192,1,0
155,2,s20,1010,1010,0010,-1.1441380977630615,-1.7966200113296509,0.6524819135665894,0.3187280252751301,1,0
155,3,c12,1010,1010,1011,-0.6048976182937622,-1.8548977375030518,1.2500001192092896,0.5464887177217341,1,0
155,4,x1,1110,1110,1010,-1.034377098083496,-1.6370073556900024,0.6026302576065063,0.3555833914209993,1,0
155,5,x1,1010,1010,1110,-1.0435889959335327,-1.3551372289657593,0.31154823303222656,0.35223710807900777,1,0
155,6,c23,1011,1010,1010,-1.1319259405136108,-0.6319259405136108,-0.5,0.32251109813078266,0,0
155,7,x3,1010,1011,1011,-1.7864680290222168,-0.2864680588245392,-1.4999999701976776,0.1675880126963412,0,0
155,8,c32,1010,1010,1011,-0.6105185151100159,-0.9855185151100159,0.375,0.5432126181400188,1,0
156,1,s32,0010,0000,0000,-2.5099220275878906,-2.3771443367004395,-0.13277769088745117,0.08139634015735872,0,0
156,2,c32,0010,1011,1011,-2.9718806743621826,-2.6531882286071777,-0.3186924457550049,0.05130556359281028,0,0
156,3,x0,1010,0010,0010,-2.1558408737182617,-1.6209279298782349,-0.5349129438400269,0.11598354380338251,0,0
156,4,c10,1010,0010,0010,-1.5764164924621582,-1.4823806285858154,-0.09403586387634277,0.2068866006886185,0,0
156,5,t021,1110,1010,1010,-1.9177696704864502,-0.8283827304840088,-1.0893869400024414,0.1470257021659998,0,0
156,6,s31,1011,1010,1010,-2.224571704864502,-1.5995718240737915,-0.6249998807907104,0.10820302350270239,0,0
156,7,x3,1010,1010,1001,-1.3190786838531494,-1.370080590248108,0.051001906394958496,0.2675093320769854,1,0
156,8,x1,1110,1110,1111,-1.3164465427398682,-1.8164465427398682,0.5,0.26814704500279196,1,0
157,1,x1,0101,0100,0100,-2.6720643043518066,-2.4220643043518066,-0.25,0.06920134667905495,0,0
157,2,c12,0111,1000,1000,-3.2476701736450195,-2.591759204864502,-0.6559109687805176,0.038897847519288764,0,0
157,3,c03,0111,1000,1000,-2.9024529457092285,-2.591947078704834,-0.31050586700439453,0.054955282639483224,0,0
157,4,x3,0110,0101,0101,-1.7795677185058594,-1.435868740081787,-0.34369897842407227,0.16882288224911157,0,0
157,5,c23,0111,0110,0110,-1.0872950553894043,-0.9622951149940491,-0.12499994039535522,0.33746462969189583,0,0
157,6,x2,0101,0101,0111,-0.8267248272895813,-1.1688578128814697,0.3421329855918884,0.4377947210538617,1,0
157,7,t203,0101,0101,0111,-0.13311056792736053,-3.547795057296753,3.4146844893693924,0.8760906293393619,1,0
157,8,s30,1100,0101,0101,-3.476760149002075,-0.8476443290710449,-2.6291158199310303,0.030936601932567427,0,0
158,1,x0,1101,0101,0101,-3.0431079864501953,-2.376734972000122,-0.6663730144500732,0.0477470102424125,0,0
158,2,c01,1001,1101,1101,-2.667715072631836,-2.3880462646484375,-0.27966880798339844,0.06945897428254914,0,0
158,3,t201,1001,1001,0001,-1.3759374618530273,-1.967917561531067,0.5919800996780396,0.2527915015708837,1,0
158,4,c30,0001,1001,1001,-1.4240801334381104,-0.8599311113357544,-0.564149022102356,0.2410037972962223,0,0
158,5,t213,0001,0001,0101,-0.2747918367385864,-2.1501657962799072,1.8753739595413208,0.7600504798856274,1,0
158,6,t013,0001,0001,1001,-0.0318685881793499,-4.335108280181885,4.303239692002535,0.9687539929035577,1,0
158,7,x0,1001,1001,0101,-0.8697977066040039,-1.6852965354919434,0.8154988288879395,0.41916563645240734,1,0
158,8,x0,0001,0001,1001,-1.258890986442566,-1.3259717226028442,0.06708073616027832,0.2840509448284302,1,0
159,1,s01,0100,1000,1000,-2.677978277206421,-2.3094897270202637,-0.3684885501861572,0.06888942175981777,0,0
159,2,c12,0110,1100,1100,-2.8419761657714844,-2.5921359062194824,-0.24984025955200195,0.05837917026157471,0,0
159,3,x1,0010,1000,1000,-2.982403516769409,-2.5430068969726562,-0.43939661979675293,0.05072156335730229,0,0
159,4,s10,0010,1000,1000,-3.16776442527771,-2.5350112915039062,-0.6327531337738037,0.04213076484658025,0,0
159,5,c10,0010,0010,1010,-1.2406065464019775,-2.130807876586914,0.8902013301849365,0.28942533428955886,1,0
159,6,x2,0000,0000,0001,-1.7308411598205566,-1.9808411598205566,0.25,0.17724068669135132,1,0
159,7,t302,0000,0000,0001,-0.05759216099977493,-3.9325921535491943,3.8749999925494194,0.9446122933367083,1,0
159,8,t013,0000,0000,1000,-0.0050236438401043415,-5.961151123046875,5.956127479206771,0.9950920265473081,1,0
160,1,t023,1011,1010,1010,-2.877340793609619,-2.377340793609619,-0.5,0.056390658961523114,0,0
160,2,c01,1111,1110,1110,-2.7776684761047363,-2.6526684761047363,-0.125,0.06225647294159723,0,0
160,3,t032,1101,1110,1110,-2.6148693561553955,-2.4253578186035156,-0.18951153755187988,0.07322315197208633,0,0
160,4,s21,1011,1100,1100,-2.5583271980285645,-2.320067882537842,-0.23825931549072266,0.0775040555882288,0,0
160,5,s21,1101,1101,1001,-2.285261392593384,-2.2968430519104004,0.011581659317016602,0.10180374588058942,1,0
160,6,c23,1101,1100,1100,-1.926565408706665,-1.676565408706665,-0.25,0.1458371523469324,0,0
160,7,s23,1110,1100,1100,-1.9024028778076172,-1.584030032157898,-0.31837284564971924,0.14935540333739025,0,0
160,8,s02,1110,1111,1111,-2.0114893913269043,-1.6364895105361938,-0.37499988079071045,0.13385603114690994,0,0
161,1,s02,0110,1100,1100,-2.7862393856048584,-2.4986181259155273,-0.28762125968933105,0.061765889022523265,0,0
161,2,c31,0110,1000,1000,-3.0355875492095947,-2.5356850624084473,-0.49990248680114746,0.04811409939069914,0,0
161,3,c02,0110,0110,1110,-1.1204413175582886,-2.0494344234466553,0.9289931058883667,0.3263681670908058,1,0
161,4,c01,0110,0110,1110,-0.33820319175720215,-2.053598642349243,1.715395450592041,0.7133539145437215,1,0
161,5,c32,0110,0110,0111,-0.8460484147071838,-0.8460484147071838,0.0,0.42917873619585806,0,1
161,6,t023,0110,0110,0111,-0.05407142639160156,-3.0540714263916016,3.0,0.9475365368538556,1,0
161,7,c12,0100,0110,0110,-4.158453464508057,-0.2328406423330307,-3.925612822175026,0.01563265762542081,0,0
161,8,t012,0100,0100,0000,-0.006363500375300646,-5.8796162605285645,5.873252760153264,0.9936943847158733,1,0
162,1,s23,1100,1100,1000,-2.42301607131958,-2.536402940750122,0.11338686943054199,0.08884414330821248,1,0
162,2,x0,0100,1100,1100,-1.5532662868499756,-1.538473129272461,-0.014793157577514648,0.21173218725088402,0,0
162,3,s12,0010,0100,0100,-2.9970650672912598,-0.8086297512054443,-2.1884353160858154,0.04996184019131681,0,0
162,4,s10,0010,0010,1010,-1.6338621377944946,-1.972379446029663,0.33851730823516846,0.1953945774042451,1,0
162,5,c13,0010,0010,0011,-0.8111200332641602,-1.6861200332641602,0.875,0.4448017665379208,1,0
162,6,s01,0010,0010,0110,-0.9983421564102173,-1.463182806968689,0.4648406505584717,0.36878159566315266,1,0
162,7,t102,0010,0010,0011,-0.020946843549609184,-4.895946979522705,4.875000135973096,0.979595705339522,1,0
162,8,x0,1010,1010,0010,-0.48823094367980957,-1.1107321977615356,0.6225012540817261,0.6212411245265299,1,0
163,1,s01,0101,1001,1001,-2.722189426422119,-2.3698081970214844,-0.35238122940063477,0.06587409393131598,0,0
163,2,s20,0101,1101,1101,-2.3425791263580322,-2.2286455631256104,-0.11393356323242188,0.09614186287578085,0,0
163,3,t312,0111,0101,0101,-2.9844911098480225,-0.29961156845092773,-2.6848795413970947,0.05060130370433231,0,0
163,4,x1,0011,0011,0101,-1.2809348106384277,-1.9256274700164795,0.6446926593780518,0.2781619288424065,1,0
163,5,x2,0001,0001,0111,-1.426842212677002,-1.827122449874878,0.400280237197876,0.24017002884837824,1,0
163,6,c31,0101,0001,0001,-2.400918483734131,-1.8068071603775024,-0.5941113233566284,0.09073764559141834,0,0
163,7,x1,0001,0001,0011,-1.925278902053833,-1.9517717361450195,0.026492834091186523,0.1458848158632552,1,0
163,8,s10,0001,1001,1001,-1.321516752243042,-1.2781949043273926,-0.043321847915649414,0.2669043211114166,0,0
164,1,s01,1010,0110,0110,-2.8497684001922607,-2.5957303047180176,-0.25403809547424316,0.05791276494204702,0,0
164,2,x2,1000,0100,0100,-2.7129719257354736,-2.6524546146392822,-0.060517311096191406,0.06640319571557683,0,0
164,3,s10,0100,1101,1101,-2.6523051261901855,-2.5917763710021973,-0.06052875518798828,0.0705503256622464,0,0
164,4,s03,0100,1000,1000,-3.1036486625671387,-2.5353150367736816,-0.568333625793457,0.04493608837988397,0,0
164,5,c32,0100,0100,1000,-2.4904770851135254,-2.5922369956970215,0.1017599105834961,0.08299027009029371,1,0
164,6,t321,0100,0100,0101,-0.6868427991867065,-1.1868427991867065,0.5,0.5034810491978978,1,0
164,7,x2,0110,0110,0101,-0.9745786190032959,-1.3817260265350342,0.4071474075317383,0.37743476163309175,1,0
164,8,c03,0110,0110,0111,-0.33773067593574524,-1.3377307653427124,1.0000000894069672,0.7135528101883599,1,0
165,1,c31,0100,0100,0000,-2.2224838733673096,-2.596815586090088,0.3743317127227783,0.10854587879999363,1,0
165,2,t123,0100,0100,1100,-0.4177558124065399,-2.839498281478882,2.421742469072342,0.6588318813580758,1,0
165,3,x1,0000,0100,0100,-1.320897102355957,-1.0414707660675049,-0.27942633628845215,0.2670734514023452,0,0
165,4,c01,0000,0000,1000,-0.2343703657388687,-2.481525421142578,2.2471550554037094,0.791755188731442,1,0
165,5,s12,0000,0000,0100,-0.8343756198883057,-1.5766856670379639,0.7423100471496582,0.434448312873003,1,0
165,6,t021,0000,0000,1000,-0.009598501026630402,-5.728321075439453,5.718722574412823,0.9905664103477215,1,0
165,7,c02,0000,0000,0001,-0.04151392728090286,-4.041513919830322,3.9999999925494194,0.9594080026785652,1,0
165,8,t021,0000,0000,1000,-0.0017654785187914968,-6.552964687347412,6.551199208828621,0.9982755884953345,1,0
166,1,c23,1111,1110,1110,-2.7894515991210938,-2.5394515991210938,-0.25,0.06154032984843904,0,0
166,2,s12,1111,0111,0111,-2.5952606201171875,-2.345621109008789,-0.24963951110839844,0.07466017565414845,0,0
166,3,x0,0111,0111,1111,-1.0896358489990234,-1.7071326971054077,0.6174968481063843,0.3364638089097825,1,0
166,4,c12,0101,0111,0111,-2.2337536811828613,-1.4102753400802612,-0.8234783411026001,0.10716876783959914,0,0
166,5,s31,0101,0001,0001,-1.5340850353240967,-1.440514326095581,-0.09357070922851562,0.21585496631117923,0,0
166,6,s03,1100,0101,0101,-3.0936167240142822,-0.730690598487854,-2.3629261255264282,0.04536492125704796,0,0
166,7,s23,1100,1100,1101,-1.7549588680267334,-1.9424588680267334,0.1875,0.17309331487983096,1,0
166,8,x1,1000,1000,1100,-1.607200026512146,-2.1586923599243164,0.5514923334121704,0.20054530644306862,1,0
167,1,c32,0011,0000,0000,-2.934530735015869,-2.426748514175415,-0.5077822208404541,0.05326387557168832,0,0
167,2,s23,0011,1000,1000,-3.1682162284851074,-2.535565137863159,-0.6326510906219482,0.042131054201868474,0,0
167,3,s02,1001,1000,1000,-2.716977119445801,-2.591977119445801,-0.125,0.06614914278628747,0,0
167,4,t301,1101,0000,0000,-2.918062686920166,-2.478788137435913,-0.43927454948425293,0.05409438991818668,0,0
167,5,c02,1111,1000,1000,-3.107518196105957,-2.369243621826172,-0.7382745742797852,0.044762142072429456,0,0
167,6,s20,1111,1000,1000,-2.9666941165924072,-2.5955803394317627,-0.37111377716064453,0.05151672594847888,0,0
167,7,c13,1110,1000,1000,-2.6719446182250977,-2.4826104640960693,-0.18933415412902832,0.06918534878398556,0,0
167,8,s21,1110,1010,1010,-3.0544028282165527,-2.4178309440612793,-0.6365718841552734,0.04718600022108157,0,0
168,1,c20,0011,1011,1011,-2.8426976203918457,-2.4259033203125,-0.4167943000793457,0.058362306103288165,0,0
168,2,s02,1001,0000,0000,-2.7130486965179443,-2.5956621170043945,-0.1173865795135498,0.06639592708342901,0,0
168,3,t201,1001,0100,0100,-2.9708285331726074,-2.5353119373321533,-0.4355165958404541,0.051312916996375565,0,0
168,4,t302,1011,1001,1001,-2.891298294067383,-0.9395004510879517,-1.9517978429794312,0.05554016698119076,0,0
168,5,c21,1111,1111,1011,-1.8278992176055908,-1.9736186265945435,0.14571940898895264,0.16091149308320393,1,0
168,6,s12,1111,1011,1011,-2.603451728820801,-1.9845266342163086,-0.6189250946044922,0.07404863727479252,0,0
168,7,c20,0111,0111,1111,-0.9874634742736816,-1.4721007347106934,0.4846372604370117,0.3726563442780173,1,0
168,8,t012,0111,0111,1111,-0.553851842880249,-2.183716058731079,1.62986421585083,0.5748251011006273,1,0
169,1,x3,0001,0000,0000,-2.5436816215515137,-2.4186816215515137,-0.125,0.07871340579549388,0,0
169,2,t210,0001,0001,1000,-1.7954533100128174,-2.5314855575561523,0.736032247543335,0.16625966489896155,1,0
169,3,s01,0001,0001,1001,-0.8745606541633606,-1.265350580215454,0.3907899260520935,0.417396304946415,1,0
169,4,c12,0001,0001,0011,-0.5865679383277893,-1.4429470300674438,0.8563790917396545,0.5566998661508289,1,0
169,5,c23,0001,0001,0011,-0.10770788043737411,-2.8128678798675537,2.7051599994301796,0.8986417383274966,1,0
169,6,t130,0001,0001,1001,-0.20545561611652374,-1.7412998676300049,1.5358442515134811,0.8147655919152125,1,0
169,7,c31,0101,0001,0001,-0.9213234186172485,-0.6155526638031006,-0.30577075481414795,0.39818655737878217,0,0
169,8,s02,0101,0101,1101,-0.30360373854637146,-1.8231782913208008,1.5195745527744293,0.7384748135819789,1,0
170,1,x1,0011,0000,0000,-2.853422164916992,-2.539001226425171,-0.3144209384918213,0.05770001156407467,0,0
170,2,s13,0110,1000,1000,-2.8415870666503906,-2.5916008949279785,-0.2499861717224121,0.05837193377218296,0,0
170,3,t231,0110,1000,1000,-3.1038098335266113,-2.595806360244751,-0.5080034732818604,0.04492731692960263,0,0
170,4,s20,1100,0110,0110,-3.26104998588562,-1.4213600158691406,-1.8396899700164795,0.038387832133349294,0,0
170,5,s20,0110,0100,0100,-2.857435464859009,-2.3729279041290283,-0.48450756072998047,0.05746369880976977,0,0
170,6,s30,0110,1010,1010,-2.8649113178253174,-2.365025758743286,-0.49988555908203125,0.05703163643106936,0,0
170,7,t210,1110,0110,0110,-1.123692274093628,-0.8482789993286133,-0.27541327476501465,0.32519638037971843,0,0
170,8,s02,1110,0110,0110,-2.4976251125335693,-1.9941117763519287,-0.5035133361816406,0.08233693129989607,0,0
171,1,t032,0001,0001,0000,-1.9580438137054443,-2.5830435752868652,0.6249997615814209,0.14138122387759547,1,0
171,2,t201,0001,0001,0101,-0.3254580795764923,-2.4736053943634033,2.148147314786911,0.7225364541726383,1,0
171,3,c03,0001,0001,0011,-0.2289581298828125,-2.3379430770874023,2.10898494720459,0.7958587777533009,1,0
171,4,t301,0001,0001,1001,-0.07117516547441483,-2.9109859466552734,2.8398107811808586,0.9316705776004175,1,0
171,5,s13,0100,0001,0001,-3.234726667404175,-0.8666419982910156,-2.368084669113159,0.039406437491278715,0,0
171,6,c20,0100,0100,1100,-0.8339055776596069,-1.011885643005371,0.17798006534576416,0.43510783570586403,1,0
171,7,t201,0100,0100,0001,-0.031030047684907913,-4.028563976287842,3.997533928602934,0.969497514019383,1,0
171,8,c03,0100,0100,0101,-0.19671592116355896,-1.8217159509658813,1.6250000298023224,0.8215524558664492,1,0
172,1,c32,0000,0000,0100,-2.208211898803711,-2.4876158237457275,0.2794039249420166,0.11015709358384963,1,0
172,2,t203,0000,0000,1000,-0.11598514020442963,-3.0821311473846436,2.966146007180214,0.8907084897785312,1,0
172,3,s12,0000,0000,0100,-0.4415750205516815,-1.616943120956421,1.1753681004047394,0.6434346777123907,1,0
172,4,c30,0000,0000,1000,-0.3953166604042053,-1.2001713514328003,0.804854691028595,0.6743575296048133,1,0
172,5,x0,1000,1000,0000,-0.4552305340766907,-1.2190381288528442,0.7638075947761536,0.6352451096250517,1,0
172,6,x2,1010,1000,1000,-1.1925959587097168,-0.9666047692298889,-0.22599118947982788,0.30351119481994354,0,0
172,7,s23,1001,1010,1010,-3.1899266242980957,-0.6898676156997681,-2.5000590085983276,0.041193465250112866,0,0
172,8,c23,1001,1001,1000,-0.3616184592247009,-2.4866185188293457,2.1250000596046448,0.6968224675970324,1,0
173,1,s03,0100,1000,1000,-2.539750814437866,-2.479280471801758,-0.0604703426361084,0.07901909629601071,0,0
173,2,s13,0001,0100,0100,-2.5071372985839844,-1.007904052734375,-1.4992332458496094,0.08160330421087328,0,0
173,3,s03,1000,0001,0001,-1.899864673614502,-1.5144957304000854,-0.3853689432144165,0.149803515485965,0,0
173,4,c02,1010,1010,1011,-2.5935418605804443,-2.5935418605804443,0.0,0.07496800369492612,0,1
173,5,x1,1110,1100,1100,-2.7821133136749268,-2.5926296710968018,-0.189483642578125,0.06200142905307834,0,0
173,6,s23,1101,1000,1000,-2.7251949310302734,-2.475287914276123,-0.2499070167541504,0.0656278795505151,0,0
173,7,t301,1001,0000,0000,-2.7860255241394043,-2.5358059406280518,-0.25021958351135254,0.061760774080444024,0,0
173,8,t013,1001,0000,0000,-3.107405424118042,-2.5357706546783447,-0.5716347694396973,0.04477176755035715,0,0
174,1,t203,0010,0010,0100,-2.1161022186279297,-2.5554213523864746,0.4393191337585449,0.1206970442559518,1,0
174,2,c02,0010,0010,0011,-0.35865896940231323,-2.483659029006958,2.1250000596046448,0.6991176180346533,1,0
174,3,t230,0010,0010,1010,-0.17887745797634125,-2.1017508506774902,1.922873392701149,0.8366517147988186,1,0
174,4,x2,0000,0010,0010,-1.654979944229126,-1.529869794845581,-0.12511014938354492,0.1911543889632277,0,0
174,5,s30,0000,0000,1000,-0.6644492149353027,-1.1602240800857544,0.49577486515045166,0.515722001530541,1,0
174,6,x1,0100,0100,0010,-0.6041328310966492,-1.6365318298339844,1.0323989987373352,0.546744549810366,1,0
174,7,x0,1100,1100,0100,-0.4625770151615143,-1.0632272958755493,0.600650280714035,0.6297783214761816,1,0
174,8,s23,1100,1100,1101,-0.8616290092468262,-1.3616290092468262,0.5,0.42257475928641774,1,0
175,1,s20,0001,0001,0000,-2.433581829071045,-2.558581829071045,0.125,0.08783830935433076,1,0
175,2,c20,0001,0001,1001,-0.7734547853469849,-1.4897410869598389,0.716286301612854,0.4616928084828335,1,0
175,3,t023,0001,0001,1001,-0.0509563572704792,-4.276743412017822,4.225787054747343,0.9506189076181059,1,0
175,4,x1,0101,0101,0011,-0.7488151788711548,-1.670715570449829,0.9219003915786743,0.47334679410831426,1,0
175,5,t320,0101,0101,1101,-0.25890296697616577,-1.5538331270217896,1.2949301600456238,0.7721846670895106,1,0
175,6,x2,0111,0111,0101,-0.8294657468795776,-1.2737083435058594,0.44424259662628174,0.43631591589282254,1,0
175,7,c21,0011,0111,0111,-1.6047054529190063,-0.48435652256011963,-1.1203489303588867,0.20102381565892896,0,0
175,8,t231,0111,0011,0011,-3.0825347900390625,-0.05554946884512901,-3.0269853211939335,0.0458484984543701,0,0
176,1,s02,1010,1010,0100,-2.543722152709961,-2.59674072265625,0.05301856994628906,0.07872751205634455,1,0
176,2,x3,1011,1010,1010,-1.3683223724365234,-1.1183223724365234,-0.25,0.254756189358758,0,0
176,3,s12,1101,1011,1011,-3.3569443225860596,-0.9549777507781982,-2.4019665718078613,0.03486462309364298,0,0
176,4,c31,1001,1101,1101,-1.9864130020141602,-0.6940549612045288,-1.2923580408096313,0.13739270702119327,0,0
176,5,c32,1011,1001,1001,-2.185595989227295,-1.3595995903015137,-0.8259963989257812,0.1125211739651933,0,0
176,6,x3,1010,1010,1011,-1.5599405765533447,-1.5599405765533447,0.0,0.2102866091755844,0,1
176,7,t120,1010,1010,0010,-1.20255446434021,-2.2828783988952637,1.0803239345550537,0.30063519506054454,1,0
176,8,t023,1011,1010,1010,-2.1048824787139893,-0.22988255321979523,-1.874999925494194,0.12189736167308048,0,0
177,1,c23,0010,0000,0000,-2.5964465141296387,-2.5361385345458984,-0.060307979583740234,0.07467590142227115,0,0
177,2,t123,0010,0010,1101,-2.237835645675659,-2.59244966506958,0.3546140193939209,0.10684854427892497,1,0
177,3,x0,1010,1010,0010,-1.2178006172180176,-1.5529921054840088,0.3351914882659912,0.29623787542700314,1,0
177,4,t213,1010,1010,1011,-0.4230637550354004,-2.1730637550354004,1.75,0.6553663998764998,1,0
177,5,x1,1110,1110,1010,-1.181984782218933,-2.013939142227173,0.8319543600082397,0.3068154110459057,1,0
177,6,s12,1110,1110,1100,-1.327233076095581,-1.6150455474853516,0.2878124713897705,0.2652875351377269,1,0
177,7,s32,1101,1110,1110,-1.9933717250823975,-0.8914749026298523,-1.1018968224525452,0.13625674790702316,0,0
177,8,t130,0101,1101,1101,-2.3311245441436768,-0.16825684905052185,-2.162867695093155,0.09722714903295136,0,0
178,1,t123,1001,1001,1000,-2.1511993408203125,-2.5261993408203125,0.375,0.11661335781170615,1,0
178,2,t103,1001,1001,1101,-0.37470418214797974,-2.2083778381347656,1.8336736559867859,0.6880631083792244,1,0
178,3,s01,0101,1001,1001,-2.151870012283325,-1.1858477592468262,-0.966022253036499,0.11639066009793474,0,0
178,4,s23,0110,0101,0101,-3.0138723850250244,-1.049006462097168,-1.9648659229278564,0.04914621282109912,0,0
178,5,c03,0110,0110,0111,-0.3300160765647888,-1.7050161361694336,1.3750000596046448,0.7192897496060012,1,0
178,6,t103,0110,0110,1110,-0.04602798819541931,-3.8470253944396973,3.800997406244278,0.9550988217309567,1,0
178,7,s01,1010,1110,1110,-2.219456195831299,-0.8888903856277466,-1.3305658102035522,0.10873070941686652,0,0
178,8,t310,1010,1010,1110,-0.3589169979095459,-1.5331346988677979,1.174217700958252,0.6987913508155961,1,0
179,1,x1,0100,0000,0000,-2.486710548400879,-2.3618083000183105,-0.12490224838256836,0.08330590184650838,0,0
179,2,c13,0101,1000,1000,-2.842221975326538,-2.592039108276367,-0.2501828670501709,0.05836570251763405,0,0
179,3,s03,1100,1000,1000,-2.600674629211426,-2.4757022857666016,-0.12497234344482422,0.07438052190825653,0,0
179,4,x1,1000,1101,1101,-2.7776312828063965,-2.5959267616271973,-0.18170452117919922,0.062261889710896516,0,0
179,5,t321,1000,0000,0000,-2.837894916534424,-2.5920491218566895,-0.24584579467773438,0.058608076096911994,0,0
179,6,x2,1010,1010,1001,-1.5918419361114502,-1.8471920490264893,0.25535011291503906,0.2036389140040385,1,0
179,7,c30,1010,1010,0110,-1.2645163536071777,-1.8675531148910522,0.6030367612838745,0.28264624641926384,1,0
179,8,t120,1010,1010,0010,-0.6304497122764587,-1.418494462966919,0.7880447506904602,0.5325292007140384,1,0
180,1,s13,0011,0110,0110,-2.853804588317871,-2.539113759994507,-0.31469082832336426,0.05768871629048013,0,0
180,2,t023,0011,1000,1000,-2.902440309524536,-2.652466297149658,-0.24997401237487793,0.054942875452912224,0,0
180,3,x3,0010,0010,0001,-1.6396844387054443,-1.8368585109710693,0.197174072265625,0.19418009759006344,1,0
180,4,s03,0010,0010,1010,-1.2574011087417603,-1.4710803031921387,0.21367919445037842,0.2848520053237448,1,0
180,5,t302,0010,0010,1010,-0.06586956232786179,-3.536893129348755,3.471023567020893,0.9366141445057952,1,0
180,6,c20,1010,0010,0010,-0.764603316783905,-0.70878005027771,-0.05582326650619507,0.46614348645136366,0,0
180,7,c23,1011,1010,1010,-1.5335097312927246,-1.1585097312927246,-0.375,0.21591696767034982,0,0
180,8,t213,1011,1011,1111,-0.19205620884895325,-2.103092908859253,1.9110367000102997,0.8256148821131972,1,0
181,1,t201,0111,1000,1000,-2.6522409915924072,-2.4785523414611816,-0.17368865013122559,0.07056275049450197,0,0
181,2,t102,0111,0111,1111,-1.0790804624557495,-1.8674403429031372,0.7883598804473877,0.3400904665885802,1,0
181,3,x3,0110,0101,0101,-1.6608844995498657,-1.2490816116333008,-0.41180288791656494,0.1901122057763151,0,0
181,4,s21,0110,0110,0010,-1.4062657356262207,-1.6356627941131592,0.22939705848693848,0.24531601928373126,1,0
181,5,c03,0110,0110,0111,-0.44288986921310425,-1.3178898096084595,0.8749999403953552,0.642586282459807,1,0
181,6,t102,0110,0110,0111,-0.05863376334309578,-2.933633804321289,2.8750000409781933,0.9431643914042545,1,0
181,7,c31,0110,0110,0010,-0.4720902442932129,-1.6086453199386597,1.1365550756454468,0.6239886970479221,1,0
181,8,x2,0100,0111,0111,-1.389040470123291,-1.2716673612594604,-0.11737310886383057,0.24936848317906027,0,0
182,1,t320,0011,1011,1011,-2.975005626678467,-2.1574578285217285,-0.8175477981567383,0.051110566520996124,0,0
182,2,x2,0001,1000,1000,-2.9900660514831543,-2.5429089069366455,-0.4471571445465088,0.0503297392184984,0,0
182,3,t032,0001,1000,1000,-2.9104111194610596,-2.535104274749756,-0.3753068447113037,0.0545053151060323,0,0
182,4,s30,1000,0001,0001,-2.4003472328186035,-1.2785444259643555,-1.121802806854248,0.09079797238724828,0,0
182,5,x3,1001,1001,1000,-1.7531354427337646,-1.8781354427337646,0.125,0.173400116353105,1,0
182,6,s03,1001,1000,1000,-2.3398146629333496,-2.2148146629333496,-0.125,0.0965029587259417,0,0
182,7,s30,1001,1001,0101,-1.2916431427001953,-2.1952130794525146,0.9035699367523193,0.27499738738677454,1,0
182,8,s01,0101,1001,1001,-2.4691638946533203,-1.3776984214782715,-1.0914654731750488,0.08470202826235158,0,0
183,1,s31,0101,1000,1000,-2.5958142280578613,-2.592135429382324,-0.0036787986755371094,0.07467600391844764,0,0
183,2,t032,0101,0101,1101,-0.5612480640411377,-2.2281904220581055,1.6669423580169678,0.5708019164805787,1,0
183,3,x1,0001,0101,0101,-1.1387481689453125,-1.1297696828842163,-0.008978486061096191,0.3204712204036131,0,0
183,4,s02,0001,0001,1001,-0.8459912538528442,-1.2033882141113281,0.3573969602584839,0.42964989479021287,1,0
183,5,s02,0001,0001,1001,-0.20614764094352722,-1.9891488552093506,1.7830012142658234,0.8140313282732671,1,0
183,6,s30,1000,0001,0001,-2.457674980163574,-0.5818189978599548,-1.8758559823036194,0.08571333619013391,0,0
183,7,s20,0010,1000,1000,-2.700286388397217,-1.362661600112915,-1.3376247882843018,0.06729203498295198,0,0
183,8,x2,0000,0001,0001,-1.8461755514144897,-1.7211755514144897,-0.125,0.15792690818051813,0,0
184,1,s01,0110,1010,1010,-2.7794103622436523,-2.5434651374816895,-0.2359452247619629,0.06220936795621585,0,0
184,2,t231,0110,0110,1111,-2.539219856262207,-2.7132041454315186,0.17398428916931152,0.07902348015786935,1,0
184,3,s32,0101,0110,0110,-2.258619785308838,-1.6025769710540771,-0.6560428142547607,0.10457664533711171,0,0
184,4,x0,1101,1101,0101,-0.7294528484344482,-1.2343745231628418,0.5049216747283936,0.48262815924206265,1,0
184,5,s13,1101,1100,1100,-1.6809732913970947,-1.5559732913970947,-0.125,0.18631138130089753,0,0
184,6,s23,1110,1101,1101,-2.318032741546631,-1.0902588367462158,-1.227773904800415,0.09851342874774942,0,0
184,7,c03,1111,1110,1110,-1.2770212888717651,-0.5270214080810547,-0.7499998807907104,0.2790572894909162,0,0
184,8,t132,1101,1111,1111,-2.4273757934570312,-0.20119723677635193,-2.2261785566806793,0.08829799320492464,0,0
185,1,s12,0000,0000,0100,-2.2561821937561035,-2.490570068359375,0.23438787460327148,0.10491167507328066,1,0
185,2,x2,0010,0000,0000,-1.9191805124282837,-0.9556971788406372,-0.9634833335876465,0.1467772727002073,0,0
185,3,x3,0011,0011,0010,-1.3565224409103394,-1.6065224409103394,0.25,0.25774180946080194,1,0
185,4,c23,0010,0011,0011,-2.241652011871338,-0.8666520118713379,-1.375,0.10651877058505531,0,0
185,5,s21,0100,0110,0110,-2.5189592838287354,-2.098477363586426,-0.42048192024230957,0.08070522294472719,0,0
185,6,s31,0001,0101,0101,-2.5923681259155273,-2.5920629501342773,-0.00030517578125,0.07496388244188734,0,0
185,7,x2,0011,0000,0000,-2.369234561920166,-2.009775161743164,-0.35945940017700195,0.09363182564264251,0,0
185,8,t120,0011,0010,0010,-2.296003580093384,-2.171003580093384,-0.125,0.10078800378830442,0,0
186,1,x2,0101,1010,1010,-2.7734923362731934,-2.652705669403076,-0.12078666687011719,0.06250963250259356,0,0
186,2,c03,0101,0101,1100,-2.2220046520233154,-2.5957469940185547,0.37374234199523926,0.10850756187158406,1,0
186,3,t130,1101,0101,0101,-1.8161704540252686,-0.26486697793006897,-1.5513034760951996,0.16273985418071524,0,0
186,4,s10,1101,0101,0101,-1.5091270208358765,-0.9371932148933411,-0.5719338059425354,0.2212075702677741,0,0
186,5,c32,1111,1101,1101,-1.403853178024292,-1.3130651712417603,-0.09078800678253174,0.24580418144526442,0,0
186,6,c01,1011,1111,1111,-1.5549575090408325,-0.9553479552268982,-0.5996095538139343,0.21129180853708998,0,0
186,7,c13,1011,1011,1001,-0.7820659875869751,-1.6419647932052612,0.8598988056182861,0.4575597132491057,1,0
186,8,x0,0011,1011,1011,-1.7274848222732544,-1.2868260145187378,-0.4406588077545166,0.17776459023919988,0,0
187,1,x1,0111,0000,0000,-2.7208893299102783,-2.5352864265441895,-0.18560290336608887,0.06589467834694168,0,0
187,2,c32,0101,1000,1000,-2.8417890071868896,-2.531139373779297,-0.3106496334075928,0.058366931705202255,0,0
187,3,t310,1101,0101,0101,-2.785459041595459,-2.0493454933166504,-0.7361135482788086,0.06178237916121944,0,0
187,4,t230,1101,1000,1000,-3.1150641441345215,-2.437345027923584,-0.6777191162109375,0.04442466708649227,0,0
187,5,c10,0101,1001,1001,-2.2292935848236084,-2.1328225135803223,-0.09647107124328613,0.10768595141024,0,0
187,6,c02,0101,0101,0001,-2.025120258331299,-2.2083985805511475,0.18327832221984863,0.1320634933822758,1,0
187,7,s23,0110,0101,0101,-2.4852988719940186,-1.5381132364273071,-0.9471856355667114,0.08333867460941033,0,0
187,8,x0,1110,0111,0111,-1.8661854267120361,-1.81037437915802,-0.05581104755401611,0.15479640160342567,0,0
188,1,c32,1000,1000,1100,-2.1151065826416016,-2.6634936332702637,0.5483870506286621,0.1210878575642299,1,0
188,2,t103,1000,1000,1100,-0.19247612357139587,-3.2070701122283936,3.0145939886569977,0.825539931964365,1,0
188,3,t210,1000,1000,0000,-0.13035798072814941,-3.110368251800537,2.9800102710723877,0.878189684448302,1,0
188,4,s30,0001,1000,1000,-2.5988805294036865,-0.7306530475616455,-1.868227481842041,0.0749008473358403,0,0
188,5,t013,0001,0001,0101,-0.05323559790849686,-3.9309237003326416,3.8776881024241447,0.9483667599422326,1,0
188,6,c02,0001,0001,0011,-0.21841949224472046,-2.618925094604492,2.4005056023597717,0.8042725149581316,1,0
188,7,s21,0001,0001,0101,-0.7525902986526489,-1.1559808254241943,0.4033905267715454,0.47152514196939943,1,0
188,8,t210,0001,0001,1000,-0.06280028074979782,-2.9564108848571777,2.89361060410738,0.9392082495777613,1,0
189,1,c20,1101,1101,1000,-2.3547520637512207,-2.5925703048706055,0.23781824111938477,0.09509267192116642,1,0
189,2,s20,0111,1101,1101,-3.2523488998413086,-1.349557638168335,-1.9027912616729736,0.03870941355926996,0,0
189,3,t210,1111,0111,0111,-1.490570068359375,-0.7918499112129211,-0.6987201571464539,0.22536801161121964,0,0
189,4,x1,1011,1011,1101,-1.46040678024292,-2.0583667755126953,0.5979599952697754,0.2322944461943474,1,0
189,5,t013,1011,1011,1111,-0.5200099945068359,-2.010615587234497,1.4906055927276611,0.594707248034942,1,0
189,6,t031,1111,1011,1011,-3.262481689453125,-0.1829703152179718,-3.079511374235153,0.03830142150890617,0,0
189,7,c21,1011,1111,1111,-1.3094685077667236,-1.233165979385376,-0.07630252838134766,0.27011006744390503,0,0
189,8,x0,0011,1011,1011,-1.5862243175506592,-0.9350041747093201,-0.6512201428413391,0.20475487499459344,0,0
190,1,x2,0001,0000,0000,-2.5356147289276123,-2.5356147289276123,0.0,0.07933214478813289,0,1
190,2,t013,0001,0001,1000,-2.233250856399536,-2.7128520011901855,0.4796011447906494,0.10728685330447611,1,0
190,3,t120,0001,0001,1001,-0.49655696749687195,-1.1316397190093994,0.6350827515125275,0.6089306504267534,1,0
190,4,t213,0001,0001,0011,-0.12205138057470322,-3.0266568660736084,2.904605485498905,0.8853481232630817,1,0
190,5,t321,0001,0001,0101,-0.07010196149349213,-2.8240060806274414,2.7539041191339493,0.9325287008175159,1,0
190,6,s31,0100,0001,0001,-3.6206672191619873,-0.7855592966079712,-2.835107922554016,0.026777548374239374,0,0
190,7,s30,0100,0100,1100,-0.9448685050010681,-1.008824348449707,0.06395584344863892,0.38924093469041043,1,0
190,8,x1,0000,0100,0100,-1.619551658630371,-0.9923785924911499,-0.6271730661392212,0.19805318314418852,0,0
191,1,t320,0100,0100,1000,-2.354691982269287,-2.4222519397735596,0.06755995750427246,0.09505339944746359,1,0
191,2,c23,0100,0100,0101,-0.7166702151298523,-1.716670274734497,1.0000000596046448,0.48871148864802105,1,0
191,3,x0,1100,1100,0100,-0.6858808994293213,-1.2328203916549683,0.546939492225647,0.5038289483669943,1,0
191,4,x0,0100,1100,1100,-0.8623222708702087,-0.7637549638748169,-0.09856730699539185,0.4223081676449799,0,0
191,5,c01,0100,0100,0000,-0.3446751832962036,-2.3736610412597656,2.028985857963562,0.7087371782194366,1,0
191,6,s23,0100,0100,0101,-0.6381990909576416,-1.2631990909576416,0.625,0.5283462504414446,1,0
191,7,c23,0100,0100,0101,-0.09669090807437897,-2.5966908931732178,2.499999985098839,0.9078832184076481,1,0
191,8,c13,0101,0100,0100,-3.663252353668213,-0.03825213015079498,-3.625000223517418,0.02564989748151162,0,0
192,1,t123,1101,1101,1000,-2.4374184608459473,-2.5960912704467773,0.15867280960083008,0.08750968158280271,1,0
192,2,c03,1100,1101,1101,-2.4193050861358643,-0.6693052053451538,-1.7499998807907104,0.08907203553222628,0,0
192,3,s20,0110,0100,0100,-3.6513447761535645,-1.2441240549087524,-2.407220721244812,0.02599232856838624,0,0
192,4,c31,0110,0110,0111,-1.8118146657943726,-1.8118146657943726,0.0,0.16359092767680786,0,1
192,5,x1,0010,0010,0100,-1.667649269104004,-2.014887809753418,0.34723854064941406,0.18883693497438167,1,0
192,6,t312,0010,0010,0011,-0.25957462191581726,-2.0095746517181396,1.7500000298023224,0.7717827854564263,1,0
192,7,t123,0010,0010,0011,-0.01690860651433468,-4.266908645629883,4.250000039115548,0.9832941948193313,1,0
192,8,t123,0010,0010,1010,-0.02764197811484337,-4.62058687210083,4.592944893985987,0.9728179819762305,1,0
193,1,s23,0010,0000,0000,-2.740987777709961,-2.426614284515381,-0.3143734931945801,0.0646299229248454,0,0
193,2,c01,0010,1000,1000,-3.036184787750244,-2.6532678604125977,-0.3829169273376465,0.04810700621035178,0,0
193,3,t130,0010,0010,1010,-0.6430324912071228,-1.8568590879440308,1.213826596736908,0.5263409046232062,1,0
193,4,t230,0010,0010,1010,-0.06678995490074158,-2.89347767829895,2.8266877233982086,0.93568560656544,1,0
193,5,t031,0010,0010,0011,-0.015223562717437744,-4.890223503112793,4.874999940395355,0.985061716179564,1,0
193,6,t032,0010,0010,0011,-0.016760580241680145,-4.26676082611084,4.25000024586916,0.9834387815288507,1,0
193,7,s21,0100,0110,0110,-3.406646251678467,-1.158342719078064,-2.248303532600403,0.033169854225818106,0,0
193,8,c12,0110,0100,0100,-2.332613945007324,-0.24480046331882477,-2.0878134816884995,0.09706713926229477,0,0
194,1,t231,1001,1001,0000,-2.2304117679595947,-2.653998613357544,0.4235868453979492,0.1077379205346816,1,0
194,2,c31,1101,1001,1001,-1.990106463432312,-0.5181580781936646,-1.4719483852386475,0.13679890809333473,0,0
194,3,t302,1111,1101,1101,-3.251141309738159,-0.14471876621246338,-3.106422543525696,0.03875724569063731,0,0
194,4,t013,1110,1111,1111,-1.5524818897247314,-0.5524817705154419,-1.0000001192092896,0.2119074175881317,0,0
194,5,t032,1110,1110,1111,-1.1369608640670776,-1.2619608640670776,0.125,0.32110164857000434,1,0
194,6,s12,1110,1110,1111,-1.5243803262710571,-1.7743803262710571,0.25,0.21794939436677388,1,0
194,7,s31,1011,1110,1110,-2.5074303150177,-1.1835517883300781,-1.323878526687622,0.08151957746126094,0,0
194,8,t032,1001,1011,1011,-4.387991428375244,-0.2387980818748474,-4.149193346500397,0.012428175199986163,0,0
195,1,c01,1000,1100,1100,-2.652998924255371,-2.3357973098754883,-0.3172016143798828,0.07055531916870714,0,0
195,2,c20,1000,1000,0100,-2.433232307434082,-2.5352835655212402,0.1020512580871582,0.08783124661128905,1,0
195,3,t230,1000,1000,0000,-0.661277174949646,-2.794680118560791,2.133402943611145,0.5166369123840558,1,0
195,4,c02,1010,1000,1000,-1.9541879892349243,-0.5333501100540161,-1.4208378791809082,0.14179287584932182,0,0
195,5,s10,0110,1010,1010,-1.9342107772827148,-1.5231760740280151,-0.4110347032546997,0.1446757843628397,0,0
195,6,x2,0100,0100,0010,-1.859606146812439,-1.9625686407089233,0.10296249389648438,0.15581166181267664,1,0
195,7,x0,1100,1100,0100,-1.412650227546692,-1.527084469795227,0.11443424224853516,0.2437171209469609,1,0
195,8,x2,1110,1110,1100,-1.4867793321609497,-1.7817691564559937,0.29498982429504395,0.2261527633589242,1,0
196,1,s30,0010,0010,0100,-2.316157341003418,-2.5998430252075195,0.28368568420410156,0.09876338729615015,1,0
196,2,t321,0010,0010,0011,-0.31497639417648315,-2.814976453781128,2.5000000596046448,0.7301730461660798,1,0
196,3,s23,0001,0010,0010,-2.86665415763855,-0.8662046194076538,-2.000449538230896,0.056998893610214846,0,0
196,4,t301,0001,0001,1001,-0.15325260162353516,-2.8919172286987305,2.7386646270751953,0.8588169303698119,1,0
196,5,s03,1000,0001,0001,-1.9688103199005127,-0.7190690040588379,-1.2497413158416748,0.13990759281117066,0,0
196,6,c01,1100,1000,1000,-1.750990867614746,-0.62696772813797,-1.1240231394767761,0.17371491228083802,0,0
196,7,x2,1110,1110,1101,-1.2857272624969482,-1.467437505722046,0.18171024322509766,0.2766040034032563,1,0
196,8,x2,1100,1111,1111,-1.4230916500091553,-1.3664348125457764,-0.056656837463378906,0.24104120812282737,0,0
197,1,s13,0101,0101,1010,-2.5355634689331055,-2.5967817306518555,0.06121826171875,0.07934127993463881,1,0
197,2,t120,0101,0101,1101,-0.6731241941452026,-1.9001741409301758,1.2270499467849731,0.510458762021377,1,0
197,3,c01,0101,0101,0001,-0.540164053440094,-1.4743444919586182,0.9341804385185242,0.5830695634571246,1,0
197,4,t103,0101,0101,1101,-0.08976760506629944,-3.161921739578247,3.0721541345119476,0.9144852188117077,1,0
197,5,t123,0101,0101,0111,-0.02646944858133793,-4.45529317855835,4.428823729977012,0.9739897330941993,1,0
197,6,t120,0101,0101,1101,-0.009140564128756523,-4.7931318283081055,4.783991264179349,0.9909614966922089,1,0
197,7,s02,0101,0101,1101,-1.0194041728973389,-1.1100683212280273,0.09066414833068848,0.3609157596988403,1,0
197,8,c32,0111,0101,0101,-1.619321584701538,-0.26322612166404724,-1.3560954630374908,0.19804643649751844,0,0
198,1,c10,1111,0111,0111,-3.035141944885254,-2.4783196449279785,-0.5568222999572754,0.04811067407463964,0,0
198,2,t230,0111,0111,1111,-2.1608853340148926,-2.353598117828369,0.19271278381347656,0.11530020545003974,1,0
198,3,c21,0011,0011,0111,-1.2418913841247559,-1.5393083095550537,0.29741692543029785,0.28905235447404365,1,0
198,4,c21,0111,1011,1011,-1.8727140426635742,-1.723832130432129,-0.1488819122314453,0.15379630992859844,0,0
198,5,s10,1011,1111,1111,-1.9866963624954224,-1.2666007280349731,-0.7200956344604492,0.13720177773686387,0,0
198,6,x2,1001,1111,1111,-1.8789138793945312,-1.6570560932159424,-0.22185778617858887,0.15284049407348999,0,0
198,7,x1,1101,1101,1011,-1.51301908493042,-1.9070038795471191,0.3939847946166992,0.22033499302476414,1,0
198,8,x1,1001,0101,0101,-2.0404858589172363,-1.8929790258407593,-0.14750683307647705,0.12999453644678277,0,0
199,1,t301,0110,0010,0010,-2.4900007247924805,-2.4786553382873535,-0.011345386505126953,0.08298767845277093,0,0
199,2,x3,0111,0111,0110,-1.548492431640625,-1.673492431640625,0.125,0.21273234587894885,1,0
199,3,c02,0111,0111,0110,-0.441039115190506,-2.3160393238067627,1.8750002086162567,0.643799884831814,1,0
199,4,c21,0011,0111,0111,-2.0389492511749268,-0.30889618396759033,-1.7300530672073364,0.13024174252930465,0,0
199,5,x2,0001,0001,0011,-1.0746623277664185,-1.2556356191635132,0.18097329139709473,0.3414755827754227,1,0
199,6,c21,0001,0001,0101,-0.8484770059585571,-1.6358286142349243,0.7873516082763672,0.4283161823798629,1,0
199,7,s03,1000,0001,0001,-2.478586435317993,-0.3517735004425049,-2.1268129348754883,0.08393076016084844,0,0
199,8,x1,1100,1100,1000,-1.1851826906204224,-1.63371741771698,0.4485347270965576,0.30596412378045396,1,0
200,1,x2,0111,1000,1000,-2.9030990600585938,-2.592794418334961,-0.3103046417236328,0.05495148964821079,0,0
200,2,x2,0101,0000,0000,-2.7730846405029297,-2.652059316635132,-0.12102532386779785,0.062497744504810375,0,0
200,3,x3,0100,0001,0001,-2.2117648124694824,-2.0689494609832764,-0.14281535148620605,0.10958985903133259,0,0
200,4,s30,0100,0100,1100,-2.035677671432495,-2.251544952392578,0.215867280960083,0.1307936978233591,1,0
200,5,c32,0100,0100,0101,-0.2817816734313965,-2.1567816734313965,1.875,0.7549197235441093,1,0
200,6,c01,0100,0100,0101,-0.40712690353393555,-2.1571271419525146,1.750000238418579,0.6659069591845164,1,0
200,7,x2,0110,0110,0100,-1.0526463985443115,-1.1675111055374146,0.11486470699310303,0.3490587812205277,1,0
200,8,x3,0111,0111,0110,-0.6912025213241577,-0.8162025213241577,0.125,0.501033861928034,1,0
201,1,x2,0101,0000,0000,-2.7734618186950684,-2.652420997619629,-0.12104082107543945,0.06250761769896346,0,0
201,2,x0,1101,0101,0101,-2.3308753967285156,-2.28237247467041,-0.04850292205810547,0.09726935471795646,0,0
201,3,x2,1111,1001,1001,-2.1056690216064453,-2.091233015060425,-0.014436006546020508,0.12179373383139408,0,0
201,4,x2,1101,1101,1111,-1.4151782989501953,-1.7512762546539307,0.33609795570373535,0.2429342906045099,1,0
201,5,c32,1111,1101,1101,-1.9482437372207642,-1.042670488357544,-0.9055732488632202,0.14259066157084113,0,0
201,6,t230,0111,1111,1111,-1.5601292848587036,-0.9055950045585632,-0.6545342803001404,0.21026663654494795,0,0
201,7,s20,1101,0111,0111,-2.5277719497680664,-1.1665780544281006,-1.3611938953399658,0.0798961777369405,0,0
201,8,s20,0111,0101,0101,-2.2241201400756836,-1.4820067882537842,-0.7421133518218994,0.1082328498406787,0,0
202,1,t301,1011,0000,0000,-2.8377161026000977,-2.5955793857574463,-0.24213671684265137,0.05859919323818706,0,0
202,2,x3,1010,1010,1000,-2.4329469203948975,-2.493454933166504,0.060508012771606445,0.0878217395666267,1,0
202,3,s10,0110,0110,0010,-1.9189414978027344,-2.060067892074585,0.14112639427185059,0.146835662826287,1,0
202,4,x3,0111,0111,0100,-2.093325138092041,-2.1088755130767822,0.015550374984741211,0.12331649403734385,1,0
202,5,c03,0111,0111,0110,-1.5928218364715576,-1.8428218364715576,0.25,0.20353103482599755,1,0
202,6,t312,0101,0111,0111,-3.8730428218841553,-0.21992431581020355,-3.6531185060739517,0.020806115172833782,0,0
202,7,s02,0101,1101,1101,-1.9949842691421509,-1.9365992546081543,-0.05838501453399658,0.1361548932164193,0,0
202,8,c31,0001,0001,0101,-1.421462893486023,-1.6716465950012207,0.25018370151519775,0.2415646573316708,1,0
203,1,x0,1000,0000,0000,-2.479102373123169,-2.2677907943725586,-0.21131157875061035,0.08395171972761069,0,0
203,2,s20,0010,1100,1100,-2.7365450859069824,-2.5958545207977295,-0.14069056510925293,0.06486597374166753,0,0
203,3,x2,0000,1101,1101,-3.058549404144287,-2.316493511199951,-0.7420558929443359,0.04701208542756122,0,0
203,4,x1,0100,1101,1101,-2.7399420738220215,-2.542793035507202,-0.19714903831481934,0.0646195397411106,0,0
203,5,t023,0100,1000,1000,-2.9111969470977783,-2.478950023651123,-0.4322469234466553,0.05450827175085265,0,0
203,6,x0,1100,1100,1000,-1.5258686542510986,-2.21000599861145,0.6841373443603516,0.21758053866517804,1,0
203,7,s31,1001,1000,1000,-2.452493190765381,-2.202493190765381,-0.25,0.08613622331759892,0,0
203,8,x3,1000,1000,1010,-1.9459339380264282,-2.06312894821167,0.1171950101852417,0.14296350556713405,1,0
204,1,x2,0010,0000,0000,-2.6391990184783936,-2.207625150680542,-0.43157386779785156,0.07155788282507232,0,0
204,2,t320,0010,0010,1100,-2.1930177211761475,-2.5315067768096924,0.3384890556335449,0.1117146694975459,1,0
204,3,x0,1010,1010,0010,-0.9172320365905762,-1.321989893913269,0.40475785732269287,0.3999813321654367,1,0
204,4,x2,1000,1000,1010,-1.4203591346740723,-1.5228517055511475,0.1024925708770752,0.24173435605390042,1,0
204,5,t301,1000,1000,1100,-0.42170608043670654,-2.485574722290039,2.0638686418533325,0.6564451321856126,1,0
204,6,c32,1000,1000,1001,-0.4146287441253662,-1.6646287441253662,1.25,0.6606978282969825,1,0
204,7,c03,1001,1000,1000,-2.365839958190918,-0.11584017425775528,-2.2499997839331627,0.09387844045459313,0,0
204,8,s02,0011,1001,1001,-2.826387643814087,-0.5709178447723389,-2.255469799041748,0.059248438173521815,0,0
205,1,t023,0100,0100,0000,-2.320878028869629,-2.4796199798583984,0.15874195098876953,0.09837657188726104,1,0
205,2,t012,0100,0100,1100,-0.3354751169681549,-2.549320936203003,2.213845819234848,0.7153886465641262,1,0
205,3,c03,0100,0100,0101,-0.41650810837745667,-1.5415080785751343,1.1249999701976776,0.6597938953551391,1,0
205,4,t021,0100,0100,1100,-0.07368031144142151,-3.7572569847106934,3.683576673269272,0.9293840119319398,1,0
205,5,c20,0100,0100,1100,-0.7177903056144714,-0.824221134185791,0.10643082857131958,0.4882470256685398,1,0
205,6,s01,1000,0100,0100,-2.312328815460205,-0.7920308113098145,-1.5202980041503906,0.09909213158046082,0,0
205,7,t320,1000,1000,1100,-0.12595771253108978,-2.5148491859436035,2.3888914734125137,0.8818750954846586,1,0
205,8,t132,1000,1000,1100,-0.045172352343797684,-3.692654848098755,3.647482495754957,0.9559712137517641,1,0
206,1,t102,0000,0000,1000,-2.0863215923309326,-2.4313273429870605,0.34500575065612793,0.12452138183289203,1,0
206,2,s01,0000,0000,1000,-1.0466601848602295,-1.7271422147750854,0.680482029914856,0.3515800698977964,1,0
206,3,t210,0000,0000,1000,-0.44040772318840027,-1.1827577352523804,0.7423500120639801,0.6439709578517397,1,0
206,4,t103,0000,0000,1000,-0.014839932322502136,-4.582746982574463,4.567907050251961,0.9854322144817168,1,0
206,5,t203,0000,0000,1000,-0.006737284362316132,-5.2907304763793945,5.283993192017078,0.9934433346229489,1,0
206,6,t321,0000,0000,0100,-0.09303021430969238,-2.8617231845855713,2.768692970275879,0.9114184097463985,1,0
206,7,x2,0010,0010,0001,-0.9367388486862183,-1.4246418476104736,0.48790299892425537,0.3919364569909374,1,0
206,8,x0,1010,1010,0110,-0.6162331104278564,-1.7755177021026611,1.1592845916748047,0.5401664918289808,1,0
207,1,x0,1101,0101,0101,-2.910294532775879,-2.425753116607666,-0.4845414161682129,0.054522462146348136,0,0
207,2,x3,1100,1100,1101,-2.232632875442505,-2.232632875442505,0.0,0.10731900218656608,0,1
207,3,s32,1100,1100,1101,-1.41237211227417,-1.66237211227417,0.25,0.24375926522658045,1,0
207,4,c30,1100,1100,0100,-0.6652731895446777,-1.642045497894287,0.9767723083496094,0.5146152049442144,1,0
207,5,s10,1100,0100,0100,-1.2588841915130615,-0.9235146641731262,-0.3353695273399353,0.2841790592024292,0,0
207,6,s03,0101,1100,1100,-5.797202110290527,-0.2890431880950928,-5.508158922195435,0.0030376769522220655,0,0
207,7,s30,1100,0101,0101,-2.475292921066284,-0.8006286025047302,-1.674664318561554,0.08422366740925258,0,0
207,8,x0,0100,1100,1100,-1.8732409477233887,-1.1165685653686523,-0.7566723823547363,0.1537210878742835,0,0
208,1,s23,0000,0000,0100,-2.3100898265838623,-2.5444085597991943,0.23431873321533203,0.09950226588197617,1,0
208,2,t213,0000,0000,1000,-0.2605142891407013,-3.347745895385742,3.087231606245041,0.7709443521827,1,0
208,3,t203,0000,0000,1000,-0.032567624002695084,-3.5775458812713623,3.544978257268667,0.9681913350827691,1,0
208,4,t312,0000,0000,1000,-0.011478208005428314,-4.813973426818848,4.802495218813419,0.9889231069903809,1,0
208,5,s21,0000,0100,0100,-1.1200591325759888,-0.7487286925315857,-0.3713304400444031,0.3266172139875707,0,0
208,6,c20,0000,0000,1000,-0.5802560448646545,-0.8390414714813232,0.2587854266166687,0.5600204241995701,1,0
208,7,x2,0010,0010,0001,-0.798306941986084,-1.3312509059906006,0.5329439640045166,0.45010872655379264,1,0
208,8,s30,0010,0010,1010,-0.4605761468410492,-1.4204156398773193,0.9598394930362701,0.6314987684768856,1,0
209,1,c20,1111,1000,1000,-2.966923236846924,-2.5919320583343506,-0.37499117851257324,0.05151190039268224,0,0
209,2,s01,1111,0111,0111,-2.8414206504821777,-2.4213638305664062,-0.4200568199157715,0.05837170679034365,0,0
209,3,s20,1111,0111,0111,-2.0340824127197266,-1.4971853494644165,-0.5368970632553101,0.13085559158347196,0,0
209,4,x1,1011,1011,1101,-1.1870498657226562,-1.5894253253936768,0.4023754596710205,0.30520498191390016,1,0
209,5,c10,1011,1011,0011,-0.9144079685211182,-1.6817740201950073,0.7673660516738892,0.4008348125042885,1,0
209,6,c10,1011,1011,0011,-0.34481188654899597,-1.4514620304107666,1.1066501438617706,0.7084206218934556,1,0
209,7,t310,1011,1011,1111,-0.5017954111099243,-2.1486828327178955,1.6468874216079712,0.6057977863520346,1,0
209,8,s12,1101,1111,1111,-2.7546913623809814,-1.1676270961761475,-1.587064266204834,0.06364825897749989,0,0
210,1,t230,1011,0011,0011,-2.9111568927764893,-2.433938503265381,-0.4772183895111084,0.05451212156098115,0,0
210,2,s30,1011,0000,0000,-2.970757007598877,-2.5920557975769043,-0.37870121002197266,0.051313941958567574,0,0
210,3,t032,1001,1011,1011,-2.8726963996887207,-2.315988063812256,-0.5567083358764648,0.05659628696359224,0,0
210,4,x3,1000,1000,1010,-2.4949159622192383,-2.4949235916137695,7.62939453125e-06,0.08265747788989923,1,0
210,5,s20,0010,1100,1100,-2.841825246810913,-2.531364917755127,-0.31046032905578613,0.05837013040817716,0,0
210,6,t230,0010,1100,1100,-3.2479262351989746,-2.426084041595459,-0.8218421936035156,0.03889859236534973,0,0
210,7,s01,0010,1000,1000,-2.687007427215576,-2.425532817840576,-0.261474609375,0.06813836829489651,0,0
210,8,s03,0010,0010,0011,-1.6930582523345947,-2.1930582523345947,0.5,0.18412301949081164,1,0
211,1,s02,1011,1011,0000,-2.5392966270446777,-2.6529107093811035,0.11361408233642578,0.07904173656405293,1,0
211,2,t021,1111,1011,1011,-2.103490114212036,-0.9197125434875488,-1.1837775707244873,0.12209543320736312,0,0
211,3,s30,1111,0111,0111,-1.6095139980316162,-1.1996128559112549,-0.40990114212036133,0.20015410996712635,0,0
211,4,t321,1011,1111,1111,-1.6278221607208252,-1.0827580690383911,-0.5450640916824341,0.19660238299753469,0,0
211,5,t023,1010,1011,1011,-2.891108512878418,-0.516108512878418,-2.375,0.055541737042611575,0,0
211,6,c21,1110,1110,1010,-1.5651440620422363,-1.6905770301818848,0.12543296813964844,0.2092298635297452,1,0
211,7,x3,1111,1111,1110,-0.929529070854187,-1.179529070854187,0.25,0.3948230860331282,1,0
211,8,t310,0111,1111,1111,-2.0313544273376465,-0.3788476288318634,-1.652506798505783,0.13118779552422477,0,0
212,1,t031,0111,0111,1000,-2.5390474796295166,-2.5920143127441406,0.05296683311462402,0.07902945765462538,1,0
212,2,t310,1111,0111,0111,-1.1746941804885864,-0.9230791330337524,-0.251615047454834,0.3090844449907393,0,0
212,3,t130,0111,0111,1111,-0.9538549184799194,-1.1251556873321533,0.1713007688522339,0.38543567946058466,1,0
212,4,c01,0111,0111,0011,-1.3548946380615234,-1.6173491477966309,0.2624545097351074,0.2581370042857143,1,0
212,5,s20,1101,0111,0111,-3.261749029159546,-1.0245652198791504,-2.2371838092803955,0.03834132438093267,0,0
212,6,t312,1111,1101,1101,-1.6382453441619873,-0.6804913282394409,-0.9577540159225464,0.1944154410720576,0,0
212,7,x2,1101,1101,1011,-1.3911850452423096,-1.6734323501586914,0.28224730491638184,0.24885595967051627,1,0
212,8,t023,1101,1101,1111,-1.0013598203659058,-1.1820838451385498,0.18072402477264404,0.3674301485433015,1,0
213,1,t301,0001,0001,0100,-2.1015868186950684,-2.5024545192718506,0.4008677005767822,0.12247167585457142,1,0
213,2,t103,0001,0001,1001,-0.17612047493457794,-2.7163312435150146,2.5402107685804367,0.8387796985283352,1,0
213,3,c13,0001,0001,0101,-0.23229531943798065,-2.5703160762786865,2.338020756840706,0.7934514330114553,1,0
213,4,x3,0000,0011,0011,-1.6984057426452637,-0.949715256690979,-0.7486904859542847,0.18302218291552919,0,0
213,5,x1,0100,0100,0000,-0.6818142533302307,-1.5250895023345947,0.843275249004364,0.5062024215246343,1,0
213,6,x0,1100,1100,0100,-0.6096819043159485,-0.9231502413749695,0.313468337059021,0.5437240451990147,1,0
213,7,t120,1100,1100,0100,-0.16942399740219116,-2.4762144088745117,2.3067904114723206,0.8445876661909453,1,0
213,8,t231,1100,1100,1101,-0.3207707405090332,-1.8207706212997437,1.4999998807907104,0.7259214696204106,1,0
214,1,t320,0110,0110,1000,-2.550626039505005,-2.5920166969299316,0.04139065742492676,0.07811793143110395,1,0
214,2,c31,0110,0110,0111,-1.2137863636016846,-1.7137863636016846,0.5,0.2973195358030349,1,0
214,3,x0,1110,1110,0110,-0.7724888324737549,-1.1920114755630493,0.41952264308929443,0.4620665979416222,1,0
214,4,s02,1110,1110,0110,-1.3055636882781982,-1.6655137538909912,0.35995006561279297,0.2711586762312582,1,0
214,5,t031,1110,1110,1111,-0.4075161814689636,-1.7825161218643188,1.3749999403953552,0.6654681954481649,1,0
214,6,c10,0110,1110,1110,-1.2824351787567139,-0.6050904393196106,-0.6773447394371033,0.27741789809013406,0,0
214,7,c21,0010,0110,0110,-1.4334251880645752,-0.741960883140564,-0.6914643049240112,0.2385221801216249,0,0
214,8,c20,1010,0010,0010,-1.20682954788208,-0.4786410927772522,-0.7281884551048279,0.2992081736997917,0,0
215,1,t021,0011,0011,1000,-2.275076389312744,-2.5359067916870117,0.2608304023742676,0.1029630902561913,1,0
215,2,s03,1010,0011,0011,-2.9118752479553223,-0.966290295124054,-1.9455849528312683,0.0544217249942546,0,0
215,3,c12,1010,1010,1011,-1.31268310546875,-1.68768310546875,0.375,0.26937377773024024,1,0
215,4,c10,1010,1010,0011,-1.170095682144165,-1.6186292171478271,0.4485335350036621,0.3105190005186547,1,0
215,5,t123,1010,1010,1011,-0.5214333534240723,-2.0214333534240723,1.5,0.5940349879580937,1,0
215,6,t213,1010,1010,1011,-0.14470046758651733,-2.644700288772583,2.4999998211860657,0.8654219695024713,1,0
215,7,x0,0010,0011,0011,-2.495206356048584,-1.245206356048584,-1.25,0.08251860145594503,0,0
215,8,t032,0010,0010,0011,-0.06791296601295471,-3.0679128170013428,2.999999850988388,0.9344061590174991,1,0
216,1,s10,1010,0000,0000,-2.66044282913208,-2.5919182300567627,-0.06852459907531738,0.06998429525799912,0,0
216,2,s30,0011,1110,1110,-2.7774691581726074,-2.712907552719116,-0.06456160545349121,0.062253746202406986,0,0
216,3,t320,1011,1000,1000,-2.7931249141693115,-2.474827289581299,-0.3182976245880127,0.06129972829140411,0,0
216,4,s12,1101,0100,0100,-2.717381000518799,-2.543445587158203,-0.1739354133605957,0.06613465843101612,0,0
216,5,x1,1001,1000,1000,-2.7970969676971436,-2.4220969676971436,-0.375,0.06106383934022361,0,0
216,6,t123,1001,1100,1100,-2.971079111099243,-2.5355799198150635,-0.4354991912841797,0.05131519247254924,0,0
216,7,c13,1001,1011,1011,-2.217139482498169,-2.187429189682007,-0.02971029281616211,0.10900878898116528,0,0
216,8,t023,1001,1001,1011,-0.40778791904449463,-2.99257230758667,2.5847843885421753,0.6655093695229862,1,0
217,1,s10,1101,1101,0100,-2.4371581077575684,-2.5959601402282715,0.15880203247070312,0.08751655299975084,1,0
217,2,c32,1111,1101,1101,-2.303035259246826,-1.3718031644821167,-0.9312320947647095,0.10001966968495105,0,0
217,3,t320,0111,1111,1111,-2.274324893951416,-0.673317551612854,-1.601007342338562,0.10292424093062354,0,0
217,4,x1,0011,0011,0101,-1.0315769910812378,-1.9227300882339478,0.89115309715271,0.3566364193480894,1,0
217,5,c21,0111,0011,0011,-1.4413836002349854,-1.0305417776107788,-0.41084182262420654,0.23674019208915584,0,0
217,6,s20,1101,1111,1111,-3.7967581748962402,-0.7582142353057861,-3.038543939590454,0.022451055928298148,0,0
217,7,x1,1001,1001,0101,-1.5150136947631836,-2.2949957847595215,0.7799820899963379,0.21985861512838717,1,0
217,8,x0,0001,1001,1001,-1.1809226274490356,-0.8839936256408691,-0.2969290018081665,0.3070283562581253,0,0
218,1,s03,1010,1000,1000,-2.717597484588623,-2.592529058456421,-0.12506842613220215,0.06613581948070546,0,0
218,2,x0,0010,0100,0100,-2.9705779552459717,-2.591782569885254,-0.3787953853607178,0.051314916100687176,0,0
218,3,t123,0010,1000,1000,-2.85359787940979,-2.535281181335449,-0.3183166980743408,0.057697606900495954,0,0
218,4,c01,0010,0010,0110,-1.384925127029419,-1.696403980255127,0.311478853225708,0.2506447395109037,1,0
218,5,s02,1000,0010,0010,-2.5523629188537598,-1.3730621337890625,-1.1793007850646973,0.07797854315976459,0,0
218,6,s01,0100,1000,1000,-2.324622392654419,-1.9060248136520386,-0.41859757900238037,0.09797190192359473,0,0
218,7,s20,0100,0100,1100,-1.46272873878479,-1.887056589126587,0.4243278503417969,0.23185061926077885,1,0
218,8,c31,0100,0100,0000,-0.9747638702392578,-2.127502918243408,1.1527390480041504,0.37757104665156477,1,0
219,1,t310,0010,0010,0100,-1.9572131633758545,-2.611673355102539,0.6544601917266846,0.1414208433261658,1,0
219,2,x2,0000,0010,0010,-2.0872435569763184,-1.3367652893066406,-0.7504782676696777,0.12412260176360673,0,0
219,3,x1,0100,0100,0000,-0.929951548576355,-1.3814377784729004,0.4514862298965454,0.3950104330857361,1,0
219,4,s32,0100,0100,0101,-0.9903661608695984,-1.4903661012649536,0.4999999403953552,0.37168583333396776,1,0
219,5,c23,0100,0100,0101,-0.28144416213035583,-1.7814441919326782,1.5000000298023224,0.7551601425373726,1,0
219,6,x2,0110,0100,0100,-1.1432245969772339,-1.0589007139205933,-0.08432388305664062,0.3188158948970036,0,0
219,7,c30,0110,0110,1110,-0.6686270236968994,-1.0720292329788208,0.4034022092819214,0.5127181980919627,1,0
219,8,s21,0110,0110,0010,-0.544095516204834,-1.6471259593963623,1.1030304431915283,0.5805169767512747,1,0
220,1,s30,1100,0101,0101,-2.8535821437835693,-2.4256842136383057,-0.42789793014526367,0.057708622022117496,0,0
220,2,x1,1000,1001,1001,-2.777177333831787,-2.652177333831787,-0.125,0.062260144994170784,0,0
220,3,x1,1100,1100,1101,-2.595378875732422,-2.595378875732422,0.0,0.07466064390590849,0,1
220,4,x2,1110,1101,1101,-2.4818813800811768,-2.4252192974090576,-0.05666208267211914,0.0836197896548159,0,0
220,5,c02,1100,1100,1111,-2.2897770404815674,-2.346282482147217,0.056505441665649414,0.10139473467705434,1,0
220,6,x2,1110,1101,1101,-2.1168131828308105,-1.9918124675750732,-0.1250007152557373,0.12049483629732297,0,0
220,7,c30,1110,0110,0110,-2.082534074783325,-1.9102163314819336,-0.1723177433013916,0.12475077304761789,0,0
220,8,t301,1110,1110,1111,-0.9449584484100342,-1.9449584484100342,1.0,0.3890909731753194,1,0
221,1,c21,0111,0011,0011,-2.987014055252075,-2.3617212772369385,-0.6252927780151367,0.050516239457303797,0,0
221,2,s02,1101,1000,1000,-2.7810866832733154,-2.4177751541137695,-0.3633115291595459,0.06201492997064283,0,0
221,3,c32,1111,1000,1000,-3.0354442596435547,-2.5354108810424805,-0.5000333786010742,0.04810969219630214,0,0
221,4,c02,1101,0000,0000,-3.054389476776123,-2.3044886589050293,-0.7499008178710938,0.04718564095308303,0,0
221,5,t130,0101,1101,1101,-2.595780372619629,-2.478511333465576,-0.11726903915405273,0.0746571910480095,0,0
221,6,x3,0100,0001,0001,-2.6602072715759277,-2.259570360183716,-0.4006369113922119,0.07000602207592932,0,0
221,7,c31,0100,1000,1000,-2.9181036949157715,-2.2791028022766113,-0.6390008926391602,0.05410436321585769,0,0
221,8,x2,0110,0110,0101,-1.530534029006958,-1.8125951290130615,0.2820611000061035,0.216504940323542,1,0
222,1,x0,0100,0100,0101,-2.418560028076172,-2.543560028076172,0.125,0.0891802144142986,1,0
222,2,x0,1100,1100,0100,-1.8154187202453613,-2.00199556350708,0.18657684326171875,0.1628436004935229,1,0
222,3,t302,1100,1100,0100,-0.9386870265007019,-2.177323818206787,1.2386367917060852,0.3913512670329348,1,0
222,4,t130,1100,1100,0100,-0.4071839451789856,-1.4360077381134033,1.0288237929344177,0.6659413470812626,1,0
222,5,s23,1100,1100,1101,-1.0292134284973145,-1.1542134284973145,0.125,0.3576799242634481,1,0
222,6,x3,1101,1100,1100,-0.9855051040649414,-0.8605051040649414,-0.125,0.3733582865668552,0,0
222,7,x2,1111,1101,1101,-1.2818312644958496,-0.7023799419403076,-0.579451322555542,0.27759027094276556,0,0
222,8,c23,1110,1111,1111,-1.1158725023269653,-0.49087241291999817,-0.6250000894069672,0.3276959120190283,0,0
223,1,c32,1101,1000,1000,-2.8377652168273926,-2.591742992401123,-0.24602222442626953,0.05860282186472375,0,0
223,2,t130,0101,1101,1101,-2.0099215507507324,-1.7812331914901733,-0.22868835926055908,0.13407567924858987,0,0
223,3,s31,0101,0001,0001,-2.0861752033233643,-1.9198479652404785,-0.16632723808288574,0.12421935165264553,0,0
223,4,x2,0111,0111,0101,-1.5154681205749512,-1.7996060848236084,0.2841379642486572,0.21979646349560245,1,0
223,5,x0,1111,1111,0111,-0.9024690985679626,-1.0671762228012085,0.16470712423324585,0.4056717934079836,1,0
223,6,s03,1111,0111,0111,-1.5835617780685425,-1.3124256134033203,-0.27113616466522217,0.20534933519803597,0,0
223,7,t312,1101,1111,1111,-2.0297446250915527,-0.745379626750946,-1.2843649983406067,0.13140586665243997,0,0
223,8,c23,1101,1101,1100,-1.4250926971435547,-1.4875926971435547,0.0625,0.24060155510969128,1,0
224,1,t230,1011,0011,0011,-2.8544063568115234,-2.377135753631592,-0.47727060317993164,0.05768673622676481,0,0
224,2,t123,1011,0000,0000,-2.9024267196655273,-2.5957448482513428,-0.30668187141418457,0.054940862563476967,0,0
224,3,x0,0011,1111,1111,-2.5952281951904297,-2.4857795238494873,-0.10944867134094238,0.0746622661258529,0,0
224,4,t123,0011,0011,0010,-0.7121434211730957,-2.3371434211730957,1.625,0.4907035577318493,1,0
224,5,x3,0010,0001,0001,-1.4631564617156982,-1.3686275482177734,-0.0945289134979248,0.23155989766238325,0,0
224,6,t230,0010,0010,1010,-0.6253513097763062,-1.651915431022644,1.026564121246338,0.5353116245829639,1,0
224,7,t301,0010,0010,0110,-0.18947534263134003,-2.376722574234009,2.1872472316026688,0.8275991017159134,1,0
224,8,t012,0010,0010,0110,-0.2499212622642517,-1.9849973917007446,1.735076129436493,0.7797003113124826,1,0
225,1,c03,1010,0000,0000,-2.721334934234619,-2.5396270751953125,-0.18170785903930664,0.06589344073971154,0,0
225,2,t230,1010,1010,1011,-2.3312551975250244,-2.5812551975250244,0.25,0.09729985100026899,1,0
225,3,s10,0110,1010,1010,-2.027242660522461,-1.4372609853744507,-0.5899816751480103,0.13184642613582884,0,0
225,4,s32,0101,0110,0110,-2.4773154258728027,-1.4771943092346191,-1.0001211166381836,0.08403047307993715,0,0
225,5,c23,0101,0101,0100,-0.7431007623672485,-1.743100643157959,0.9999998807907104,0.47629415970080585,1,0
225,6,x0,1101,1101,0101,-0.7330006957054138,-1.2370165586471558,0.5040158629417419,0.48080479492793404,1,0
225,7,s10,1101,1101,0101,-1.2174001932144165,-1.8633832931518555,0.645983099937439,0.29609051539095,1,0
225,8,s10,1101,1101,0101,-0.5629335641860962,-1.7213234901428223,1.158389925956726,0.5696781823846665,1,0
226,1,c32,1100,1100,1000,-2.317220449447632,-2.4796767234802246,0.16245627403259277,0.09875878811558855,1,0
226,2,t201,1100,1100,1101,-0.7125548124313354,-2.212554931640625,1.5000001192092896,0.4907409259562948,1,0
226,3,s02,0110,1100,1100,-4.4031195640563965,-1.1213706731796265,-3.28174889087677,0.012251401441718135,0,0
226,4,x1,0010,0110,0110,-1.2267740964889526,-1.0679618120193481,-0.1588122844696045,0.29348088347181783,0,0
226,5,c32,0010,0010,0011,-0.3075774312019348,-2.182577610015869,1.8750001788139343,0.735461846735798,1,0
226,6,s12,0100,0010,0010,-2.68768048286438,-0.8763002157211304,-1.8113802671432495,0.06809027550890522,0,0
226,7,s23,0100,0100,0110,-0.5060611367225647,-2.050403594970703,1.5443424582481384,0.6031027231717321,1,0
226,8,s30,0100,0100,1100,-0.843376874923706,-0.885362982749939,0.04198610782623291,0.43049476100576706,1,0
227,1,x0,0010,1010,1010,-2.717982769012451,-2.4825544357299805,-0.2354283332824707,0.06613187749814836,0,0
227,2,s20,1000,1000,0100,-2.5919156074523926,-2.599747657775879,0.007832050323486328,0.07495015210301974,1,0
227,3,c10,1000,0000,0000,-2.77376127243042,-2.7133097648620605,-0.060451507568359375,0.06250832104489187,0,0
227,4,c10,1000,1000,0000,-1.174485206604004,-1.7804083824157715,0.6059231758117676,0.3091685662502494,1,0
227,5,s30,0001,1000,1000,-2.4982473850250244,-1.274056077003479,-1.2241913080215454,0.08232255739794354,0,0
227,6,c21,0001,0001,1100,-1.8060890436172485,-2.3258681297302246,0.5197790861129761,0.16470283207520903,1,0
227,7,x0,1001,0001,0001,-1.5493552684783936,-1.4353103637695312,-0.1140449047088623,0.21254158952417368,0,0
227,8,t210,1001,1001,0001,-0.521194577217102,-1.4519461393356323,0.9307515621185303,0.5941629982503318,1,0
228,1,x1,1110,1000,1000,-2.8386037349700928,-2.5920257568359375,-0.24657797813415527,0.05857605766947683,0,0
228,2,c10,0110,0110,1110,-2.3081071376800537,-2.5659029483795166,0.2577958106994629,0.09950744683465654,1,0
228,3,c02,0110,1110,1110,-2.251556396484375,-2.1534852981567383,-0.09807109832763672,0.10529520141246682,0,0
228,4,t302,0110,0110,1110,-0.2508751451969147,-2.683638095855713,2.432762950658798,0.7784626657124267,1,0
228,5,s20,1100,1110,1110,-3.7409040927886963,-0.8657863736152649,-2.8751177191734314,0.02374637977532321,0,0
228,6,s13,1001,1100,1100,-2.5328774452209473,-1.2887189388275146,-1.2441585063934326,0.07947456864543401,0,0
228,7,c10,1001,1001,0001,-0.7222461104393005,-1.724497675895691,1.0022515654563904,0.48580973659355764,1,0
228,8,t321,1001,1001,1101,-0.1213744729757309,-2.590545177459717,2.469170704483986,0.885839451754307,1,0
229,1,c32,1110,1110,1100,-2.5958218574523926,-2.656416893005371,0.060595035552978516,0.07467324527598125,1,0
229,2,t201,1010,1110,1110,-2.592390537261963,-1.2561054229736328,-1.33628511428833,0.07488726628993908,0,0
229,3,x0,0010,1010,1010,-1.099734902381897,-1.0896568298339844,-0.010078072547912598,0.33307916301562507,0,0
229,4,t203,0010,0010,0011,-0.1999550461769104,-2.6999549865722656,2.4999999403953552,0.8192453246933064,1,0
229,5,s02,1000,0010,0010,-2.7758638858795166,-0.8035162687301636,-1.972347617149353,0.06236253623348741,0,0
229,6,t210,1000,1000,0000,-0.4286319613456726,-2.404879331588745,1.9762473702430725,0.6517756588473836,1,0
229,7,c03,1001,1000,1000,-2.32521653175354,-0.20021675527095795,-2.124999776482582,0.0977901397810331,0,0
229,8,c10,1001,1001,0001,-0.2720440626144409,-2.004183292388916,1.732139229774475,0.7621090813255557,1,0
230,1,c02,1001,1011,1011,-2.539355516433716,-2.422027111053467,-0.11732840538024902,0.07902823290393517,0,0
230,2,s12,1001,1100,1100,-2.9705231189727783,-2.591724395751953,-0.3787987232208252,0.051314603432968085,0,0
230,3,s21,1001,0000,0000,-2.716564893722534,-2.591543197631836,-0.12502169609069824,0.06614280776849667,0,0
230,4,t032,1011,1001,1001,-2.455646276473999,-1.0673542022705078,-1.3882920742034912,0.0858563254684831,0,0
230,5,t012,1011,1111,1111,-1.9872369766235352,-1.8968634605407715,-0.09037351608276367,0.13723347298762525,0,0
230,6,t302,1001,1011,1011,-4.477723598480225,-0.5298160314559937,-3.947907567024231,0.01136287016151739,0,0
230,7,x0,0001,0001,0011,-1.9413220882415771,-2.0663280487060547,0.12500596046447754,0.1436016473136177,1,0
230,8,c12,0001,0011,0011,-2.3433337211608887,-2.0933220386505127,-0.250011682510376,0.09604718455159528,0,0
231,1,x0,1011,0000,0000,-2.8421945571899414,-2.5923471450805664,-0.249847412109375,0.058382759494305915,0,0
231,2,c31,1111,1011,1011,-2.8455615043640137,-2.474531650543213,-0.3710298538208008,0.058147516445484,0,0
231,3,s02,1111,0111,0111,-2.4742271900177,-2.1036245822906494,-0.3706026077270508,0.08426715203888609,0,0
231,4,c23,1110,1110,1101,-1.5161126852035522,-1.5205302238464355,0.004417538642883301,0.2197645460150046,1,0
231,5,s01,1110,0110,0110,-1.7607457637786865,-1.4949506521224976,-0.26579511165618896,0.1720293747219899,0,0
231,6,c03,1111,1110,1110,-0.977361261844635,-0.727361261844635,-0.25,0.3764583973452311,0,0
231,7,x0,0111,0111,1111,-0.9897270202636719,-1.5486997365951538,0.5589727163314819,0.37181782557889376,1,0
231,8,s03,1110,0111,0111,-3.368563175201416,-0.5497995615005493,-2.8187636137008667,0.034443239938602405,0,0
232,1,s31,1101,0100,0100,-2.54286527633667,-2.5351920127868652,-0.0076732635498046875,0.07871632744601972,0,0
232,2,c32,1111,1101,1101,-2.0038299560546875,-1.3147732019424438,-0.6890567541122437,0.13489090104913704,0,0
232,3,x3,1110,1111,1111,-1.3578863143920898,-1.2328863143920898,-0.125,0.25734505059875173,0,0
232,4,c13,1111,1110,1110,-1.2336962223052979,-1.1086962223052979,-0.125,0.29156686642642915,0,0
232,5,c12,1101,1111,1111,-1.7131131887435913,-0.5853630304336548,-1.1277501583099365,0.18039589409929105,0,0
232,6,x3,1100,1100,1101,-0.8336763381958008,-1.0836763381958008,0.25,0.434546125820127,1,0
232,7,s10,1100,1100,0100,-1.0622761249542236,-1.3144586086273193,0.2521824836730957,0.3457815038827343,1,0
232,8,c02,1110,1100,1100,-2.8557276725769043,-0.26781877875328064,-2.5879088938236237,0.057535447225050725,0,0
233,1,c23,1100,1100,1000,-2.3709049224853516,-2.597787857055664,0.2268829345703125,0.09368031073254665,1,0
233,2,t301,1100,1100,1101,-0.6228095293045044,-2.122809648513794,1.5000001192092896,0.5369035436556758,1,0
233,3,t130,1100,1100,0100,-0.18979820609092712,-2.8029303550720215,2.6131321489810944,0.8275577419029927,1,0
233,4,c13,1101,1100,1100,-1.03267240524292,-0.9076723456382751,-0.12500005960464478,0.35657008889695285,0,0
233,5,c02,1111,1101,1101,-1.4606350660324097,-0.4844759702682495,-0.9761590957641602,0.23228150647416096,0,0
233,6,s20,1111,1111,0111,-0.8408766388893127,-0.9398680925369263,0.09899145364761353,0.4316445662970189,1,0
233,7,t012,1101,1111,1111,-4.450103759765625,-0.052765894681215286,-4.39733786508441,0.011678787790748268,0,0
233,8,c32,1111,1101,1101,-1.5559966564178467,-0.8932521939277649,-0.6627444624900818,0.21110750085820884,0,0
234,1,c20,1011,0011,0011,-2.910994291305542,-2.4827122688293457,-0.4282820224761963,0.05451041842112765,0,0
234,2,s20,1011,0000,0000,-3.1032886505126953,-2.595505952835083,-0.5077826976776123,0.04492913030768505,0,0
234,3,t021,1111,1011,1011,-2.6031641960144043,-1.662402868270874,-0.9407613277435303,0.07408160753441956,0,0
234,4,c32,1101,1101,1110,-2.006370782852173,-2.0513744354248047,0.045003652572631836,0.1346125821884663,1,0
234,5,t201,1101,0101,0101,-1.8188071250915527,-1.6505804061889648,-0.1682267189025879,0.16236455875987005,0,0
234,6,t203,1101,1101,1111,-0.43954718112945557,-1.72621750831604,1.2866703271865845,0.644924168546552,1,0
234,7,x2,1111,1111,1100,-1.0371079444885254,-1.292794108390808,0.2556861639022827,0.35461178193723514,1,0
234,8,c12,1101,1111,1111,-1.6187374591827393,-0.7666265964508057,-0.8521108627319336,0.1982060197190935,0,0
235,1,c23,1100,1100,1000,-2.370936632156372,-2.537236452102661,0.16629981994628906,0.0936756163826029,1,0
235,2,t012,1110,1100,1100,-3.098130464553833,-0.575209379196167,-2.522921085357666,0.04516374638238513,0,0
235,3,t123,1111,1110,1110,-1.4108331203460693,-1.0358331203460693,-0.375,0.24425546344734594,0,0
235,4,c32,1101,1101,1111,-1.3434021472930908,-1.627382755279541,0.2839806079864502,0.26127561076268124,1,0
235,5,x3,1100,1100,1101,-1.169010043144226,-1.294010043144226,0.125,0.3109124092806366,1,0
235,6,t301,1100,1100,1101,-0.7546508312225342,-1.2546508312225342,0.5,0.4705699094094062,1,0
235,7,c23,1100,1100,1101,-0.6916013360023499,-0.9416013360023499,0.25,0.5010704138663307,1,0
235,8,c03,1101,1100,1100,-2.1378777027130127,-0.13787764310836792,-2.0000000596046448,0.11792157901410644,0,0
236,1,c31,0110,1010,1010,-2.656351327896118,-2.5960421562194824,-0.06030917167663574,0.07028333022733053,0,0
236,2,x2,0100,0111,0111,-2.181453227996826,-1.6208436489105225,-0.5606095790863037,0.11292945291197025,0,0
236,3,s03,0100,0100,1100,-1.1340980529785156,-1.8116838932037354,0.6775858402252197,0.32209292434837966,1,0
236,4,x1,0000,0000,0100,-1.2960816621780396,-1.3012688159942627,0.0051871538162231445,0.2737770876588847,1,0
236,5,s01,0000,0000,1000,-0.9223383665084839,-1.5411230325698853,0.6187846660614014,0.39791558302198604,1,0
236,6,c21,0000,0000,0100,-0.19904623925685883,-2.548600912094116,2.3495546728372574,0.8197992523499862,1,0
236,7,c01,0000,0000,1000,-0.025251056998968124,-4.427567958831787,4.402316901832819,0.9751614496129555,1,0
236,8,t203,0000,0000,0001,-0.008322886191308498,-5.633322715759277,5.624999829567969,0.992325938044198,1,0
237,1,c21,0001,0100,0100,-2.543621301651001,-2.4869322776794434,-0.05668902397155762,0.07871553877469878,0,0
237,2,t132,0001,0001,1001,-0.21496331691741943,-3.1088037490844727,2.8938404321670532,0.8068810408015791,1,0
237,3,c23,0001,0001,0011,-0.19980670511722565,-2.679309606552124,2.4795029014348984,0.8197109654082572,1,0
237,4,c20,0001,1001,1001,-0.7847406268119812,-0.7392981052398682,-0.04544252157211304,0.4565910346361664,0,0
237,5,x2,0011,0011,0001,-0.8821579813957214,-1.4460433721542358,0.5638853907585144,0.4139593670072622,1,0
237,6,x0,1011,1011,0111,-0.6600518226623535,-1.366255760192871,0.7062039375305176,0.5171593178361413,1,0
237,7,x2,1001,1001,1011,-1.1788703203201294,-1.228516936302185,0.049646615982055664,0.3076489178261646,1,0
237,8,t301,1101,1001,1001,-2.3278698921203613,-0.21150703728199005,-2.1163628548383713,0.0975363655366154,0,0
238,1,x2,0000,0010,0010,-2.5965914726257324,-2.479236602783203,-0.1173548698425293,0.07466606904083832,0,0
238,2,t203,0000,0000,0001,-2.426614761352539,-2.676614761352539,0.25,0.08845483422477396,1,0
238,3,c13,0000,0000,0001,-0.36457720398902893,-2.114577293395996,1.7500000894069672,0.6950426698680505,1,0
238,4,c21,0000,0000,0100,-0.45107877254486084,-1.3345963954925537,0.8835176229476929,0.637812615910482,1,0
238,5,x0,1000,1000,0000,-0.4524857699871063,-1.1992188692092896,0.7467330992221832,0.6363301567523099,1,0
238,6,x1,1100,1100,1000,-0.896740198135376,-1.312564730644226,0.4158245325088501,0.4079690452707571,1,0
238,7,c03,1101,1100,1100,-1.7641315460205078,-0.38913148641586304,-1.3750000596046448,0.17137769920643922,0,0
238,8,x1,1001,1001,1101,-1.162388563156128,-1.8331546783447266,0.6707661151885986,0.3129248506940311,1,0
239,1,x1,0011,1000,1000,-2.7130589485168457,-2.5922961235046387,-0.12076282501220703,0.06641597982956975,0,0
239,2,s31,0110,1100,1100,-2.9098517894744873,-2.5916008949279785,-0.3182508945465088,0.05451795937516938,0,0
239,3,c32,0110,1000,1000,-3.100188732147217,-2.5960440635681152,-0.5041446685791016,0.045102941208203254,0,0
239,4,c01,0110,0110,1110,-1.810805320739746,-2.005423069000244,0.19461774826049805,0.16368687818656252,1,0
239,5,x3,0111,0110,0110,-1.4020500183105469,-1.4020500183105469,0.0,0.2461747287722169,0,1
239,6,x0,1111,1111,0111,-0.616152286529541,-0.9247614741325378,0.3086091876029968,0.540244654152323,1,0
239,7,x1,1011,1011,0111,-1.1441800594329834,-1.7450038194656372,0.6008237600326538,0.318563832277506,1,0
239,8,c31,1111,1011,1011,-1.5360609292984009,-1.015516996383667,-0.5205439329147339,0.21527722938944804,0,0
240,1,s23,0001,0000,0000,-2.6001548767089844,-2.4751548767089844,-0.125,0.07436682155929177,0,0
240,2,x0,1001,1111,1111,-2.7772927284240723,-2.621924877166748,-0.15536785125732422,0.06226643322554639,0,0
240,3,c03,1000,0100,0100,-2.721040964126587,-2.596123695373535,-0.12491726875305176,0.06589058962878672,0,0
240,4,x0,0000,0000,0001,-2.4746906757354736,-2.5996906757354736,0.125,0.08426560026560251,1,0
240,5,s01,0000,1001,1001,-3.0349948406219482,-2.652345657348633,-0.38264918327331543,0.04812164365206005,0,0
240,6,t012,0000,0000,0001,-1.8082951307296753,-2.558295249938965,0.7500001192092896,0.16417866364527026,1,0
240,7,c03,0000,0000,0001,-0.41646885871887207,-2.041468858718872,1.625,0.6596990753429003,1,0
240,8,t132,0000,0000,0010,-0.013025536201894283,-5.536585807800293,5.523560271598399,0.9871658131346129,1,0
241,1,s32,1001,1010,1010,-2.8427600860595703,-2.5359935760498047,-0.3067665100097656,0.05836951290569906,0,0
241,2,c20,1001,0100,0100,-2.837965250015259,-2.6523544788360596,-0.18561077117919922,0.05859912026432276,0,0
241,3,t203,1001,1001,1101,-0.4140634536743164,-2.8754019737243652,2.461338520050049,0.6612948706738099,1,0
241,4,x2,1011,1011,1000,-1.3477435111999512,-1.4776015281677246,0.12985801696777344,0.25994746236047617,1,0
241,5,t103,1011,1011,1111,-0.1567782163619995,-2.741081714630127,2.5843034982681274,0.8551228663304766,1,0
241,6,t132,1011,1011,1111,-0.16635408997535706,-2.2477312088012695,2.0813771188259125,0.8468886583424574,1,0
241,7,t321,1111,1011,1011,-0.723120391368866,-0.7217427492141724,-0.0013776421546936035,0.4853399516460566,0,0
241,8,t302,1101,1111,1111,-3.904542922973633,-0.05193572863936424,-3.8526071943342686,0.020152391682030132,0,0
242,1,x2,1101,1000,1000,-2.773355007171631,-2.6522204875946045,-0.12113451957702637,0.06249891522706805,0,0
242,2,s23,1110,1101,1101,-2.683037519454956,-2.251434803009033,-0.43160271644592285,0.06838849210618601,0,0
242,3,x1,1010,0111,0111,-2.90211820602417,-2.4782462120056152,-0.4238719940185547,0.05494046835043099,0,0
242,4,s01,0110,0010,0010,-2.395320415496826,-2.1227803230285645,-0.2725400924682617,0.09118565678759473,0,0
242,5,c02,0110,0010,0010,-2.7202515602111816,-2.531318187713623,-0.1889333724975586,0.06589460954356931,0,0
242,6,t032,0110,0110,0111,-0.1607336848974228,-2.910733699798584,2.750000014901161,0.851734380898867,1,0
242,7,t032,0110,0110,0111,-0.022504299879074097,-4.0225043296813965,4.000000029802322,0.9777857879803254,1,0
242,8,c23,0111,0111,0110,-0.4802813231945038,-1.2302813529968262,0.7500000298023224,0.6187443046364464,1,0
243,1,s30,1101,1101,1000,-2.384336471557617,-2.4746756553649902,0.09033918380737305,0.09224399923540726,1,0
243,2,s13,1101,1101,1100,-1.674855351448059,-2.1748552322387695,0.49999988079071045,0.18746645687929955,1,0
243,3,x1,1001,1001,1101,-1.4531611204147339,-1.8160494565963745,0.3628883361816406,0.23396236776452967,1,0
243,4,x1,1101,1101,1011,-0.7142623662948608,-1.5639264583587646,0.8496640920639038,0.4896642507820889,1,0
243,5,s13,1101,1101,1111,-0.48846977949142456,-1.4459939002990723,0.9575241208076477,0.6136977516113735,1,0
243,6,s02,0111,1101,1101,-4.811169147491455,-0.3894442915916443,-4.421724855899811,0.00814249154367558,0,0
243,7,s10,1011,1111,1111,-2.761540412902832,-0.9277182817459106,-1.8338221311569214,0.06323184307369531,0,0
243,8,x3,1010,1011,1011,-1.5249030590057373,-1.2749030590057373,-0.25,0.2176912566763495,0,0
244,1,t031,1100,1100,1000,-2.3130650520324707,-2.5926573276519775,0.27959227561950684,0.09914247171681463,1,0
244,2,t230,1100,1100,0100,-0.3658033609390259,-2.375643730163574,2.0098403692245483,0.6941151024556205,1,0
244,3,t031,1100,1100,1101,-0.10900329053401947,-3.2340033054351807,3.125000014901161,0.897112557305542,1,0
244,4,t201,1100,1100,1000,-0.2075670063495636,-2.6006569862365723,2.3930899798870087,0.8129820859130523,1,0
244,5,s21,1010,1100,1100,-3.4118666648864746,-1.129927396774292,-2.2819392681121826,0.033026845207028956,0,0
244,6,c32,1010,1010,1011,-0.5703959465026855,-1.5703959465026855,1.0,0.5657709852758266,1,0
244,7,x0,0010,1010,1010,-1.145897626876831,-0.867495059967041,-0.27840256690979004,0.31807170109969507,0,0
244,8,t032,0010,0010,0011,-0.0506284162402153,-3.175628423690796,3.1250000074505806,0.9506782568443068,1,0
245,1,c31,1110,1110,1100,-2.5956289768218994,-2.5956554412841797,2.6464462280273438e-05,0.07466666294154459,1,0
245,2,c31,1110,1110,1111,-1.4585511684417725,-1.8335511684417725,0.375,0.23269799873174835,1,0
245,3,c32,1110,1110,1111,-0.9997269511222839,-1.1247270107269287,0.12500005960464478,0.36826958264026555,1,0
245,4,s13,1011,1110,1110,-3.6079368591308594,-0.9667261838912964,-2.641210675239563,0.027134550157619362,0,0
245,5,s13,1110,1011,1011,-2.6068918704986572,-0.7133011817932129,-1.8935906887054443,0.07378440325742419,0,0
245,6,c10,0110,1110,1110,-1.352278470993042,-1.190464735031128,-0.16181373596191406,0.258779726553552,0,0
245,7,t321,0110,0110,0010,-0.4959190785884857,-1.8022947311401367,1.306375652551651,0.6092531239984686,1,0
245,8,c30,0110,1110,1110,-1.1252670288085938,-0.5586100220680237,-0.5666570067405701,0.3247191306853824,0,0
246,1,c23,0001,0001,0000,-2.309380531311035,-2.434380531311035,0.125,0.09951853753352487,1,0
246,2,s10,0001,0001,1001,-1.2102718353271484,-1.6298577785491943,0.4195859432220459,0.29832283595207704,1,0
246,3,t310,0001,0001,1001,-0.2182697206735611,-2.114996910095215,1.8967271894216537,0.8042754021143093,1,0
246,4,t021,0001,0001,1001,-0.07027016580104828,-3.156956195831299,3.0866860300302505,0.9325244957683564,1,0
246,5,s13,0100,0001,0001,-3.202519178390503,-1.1200780868530273,-2.0824410915374756,0.04069511013414496,0,0
246,6,t310,0100,0100,0001,-0.0984187051653862,-2.7942190170288086,2.6958003118634224,0.9063935304510475,1,0
246,7,t301,0100,0100,0101,-0.07778464257717133,-3.327784776687622,3.2500001341104507,0.9253843780102288,1,0
246,8,x2,0110,0110,0100,-1.1113224029541016,-1.3377280235290527,0.22640562057495117,0.32917198144115006,1,0
247,1,x2,1010,1000,1000,-2.8497488498687744,-2.4901270866394043,-0.3596217632293701,0.058131904098787705,0,0
247,2,t023,1011,1010,1010,-2.9000749588012695,-2.2750749588012695,-0.625,0.05510153301039104,0,0
247,3,t213,1011,1010,1010,-1.970056414604187,-1.970056414604187,0.0,0.1396856627441242,0,1
247,4,s10,0111,0011,0011,-2.082266092300415,-2.0458755493164062,-0.03639054298400879,0.12480226263017107,0,0
247,5,t320,1111,0111,0111,-1.5319764614105225,-0.7570035457611084,-0.7749729156494141,0.21622229114856206,0,0
247,6,c13,1110,1101,1101,-1.5044093132019043,-1.4384679794311523,-0.06594133377075195,0.22233806653586452,0,0
247,7,s02,1110,1110,0110,-1.7679431438446045,-1.8156778812408447,0.047734737396240234,0.1707778081068975,1,0
247,8,x0,0110,1110,1110,-1.0923676490783691,-0.9770893454551697,-0.11527830362319946,0.3355519532893818,0,0
248,1,x0,1000,0000,0000,-2.5919907093048096,-2.3694710731506348,-0.2225196361541748,0.07496580252870762,0,0
248,2,x3,1001,0001,0001,-2.83797025680542,-2.652420997619629,-0.18554925918579102,0.05859970133522768,0,0
248,3,x1,1101,1100,1100,-2.607036590576172,-2.482036590576172,-0.125,0.07379368392702342,0,0
248,4,x1,1001,0100,0100,-2.542482376098633,-2.4927327632904053,-0.04974961280822754,0.0787048801736994,0,0
248,5,c12,1001,1000,1000,-2.4331893920898438,-2.3081893920898438,-0.125,0.08781518243696657,0,0
248,6,c31,1101,1001,1001,-2.084238052368164,-0.24909847974777222,-1.8351395726203918,0.12444765440809712,0,0
248,7,x1,1001,1001,1101,-1.1017155647277832,-1.731365442276001,0.6296498775482178,0.3323604240309685,1,0
248,8,c23,1001,1001,1101,-0.2873498201370239,-2.5857748985290527,2.298425078392029,0.750544250744042,1,0
249,1,s12,0000,0000,0100,-2.1014444828033447,-2.5550663471221924,0.45362186431884766,0.12247737677834436,1,0
249,2,c31,0000,0000,0100,-0.5543003082275391,-1.9504464864730835,1.3961461782455444,0.5747954750409938,1,0
249,3,x3,0001,0001,0000,-1.1302639245986938,-1.2552639245986938,0.125,0.32301713335108245,1,0
249,4,c20,0001,0001,1001,-0.7322306036949158,-1.0501103401184082,0.31787973642349243,0.4812182005158818,1,0
249,5,x3,0000,0011,0011,-1.2772058248519897,-0.9468768835067749,-0.33032894134521484,0.2788388204214849,0,0
249,6,t021,0000,0000,0001,-0.18664023280143738,-1.9366402626037598,1.7500000298023224,0.8302798929284256,1,0
249,7,c03,0000,0000,0001,-0.11523962020874023,-2.4902396202087402,2.375,0.8914906438376724,1,0
249,8,x0,1000,0000,0000,-0.979273796081543,-0.48032036423683167,-0.4989534318447113,0.37573315036272675,0,0
250,1,x0,0100,1100,1100,-2.596219778060913,-2.4335134029388428,-0.1627063751220703,0.07465639628161572,0,0
250,2,x1,0000,1100,1100,-2.7927560806274414,-2.30825138092041,-0.48450469970703125,0.06129291141701695,0,0
250,3,c10,0000,1000,1000,-2.422276258468628,-2.365293502807617,-0.05698275566101074,0.08881338782313701,0,0
250,4,s03,0000,0000,1000,-0.6573959589004517,-1.4825420379638672,0.8251460790634155,0.5188222216566926,1,0
250,5,x0,1000,1000,0000,-0.5758566856384277,-1.0184372663497925,0.44258058071136475,0.5625984129943175,1,0
250,6,s03,0001,1000,1000,-5.62870979309082,-0.2970969080924988,-5.3316128849983215,0.003594055271089943,0,0
250,7,t201,0001,0001,1001,-0.4320572018623352,-2.2311642169952393,1.799107015132904,0.6500532177687977,1,0
250,8,t023,0001,0001,1001,-0.019107531756162643,-5.217787742614746,5.1986802108585835,0.9812290269610401,1,0
251,1,x3,0110,0100,0100,-2.6561903953552246,-2.5956242084503174,-0.06056618690490723,0.07027654655793551,0,0
251,2,t213,0111,0110,0110,-2.6423964500427246,-2.2673964500427246,-0.375,0.07126897614711751,0,0
251,3,t120,1111,0111,0111,-2.2291195392608643,-1.9767553806304932,-0.2523641586303711,0.10777134183940568,0,0
251,4,c03,1110,1011,1011,-2.5957343578338623,-2.2328405380249023,-0.36289381980895996,0.07467052874001323,0,0
251,5,x1,1010,1010,0010,-2.155043125152588,-2.3437275886535645,0.18868446350097656,0.11596871589685119,1,0
251,6,c30,1010,1010,0010,-1.5974626541137695,-1.608522653579712,0.011059999465942383,0.2024933764193975,1,0
251,7,c01,1110,1110,1010,-1.497280478477478,-1.5464835166931152,0.04920303821563721,0.22380557270537466,1,0
251,8,t032,1110,1110,1111,-0.90989089012146,-1.28489089012146,0.375,0.40274938712192054,1,0
252,1,c10,0010,0010,1000,-2.3881144523620605,-2.5357236862182617,0.14760923385620117,0.09192802214405704,1,0
252,2,x2,0000,0010,0010,-2.1597936153411865,-1.4250434637069702,-0.7347501516342163,0.11542563662044648,0,0
252,3,x0,1000,1000,0000,-0.6511635780334473,-1.187491536140442,0.5363279581069946,0.5218292713655297,1,0
252,4,x3,1001,1000,1000,-1.4907257556915283,-1.3657257556915283,-0.125,0.22534039379140483,0,0
252,5,t321,1001,1001,1101,-0.48588064312934875,-2.280090570449829,1.7942099273204803,0.6157351437510219,1,0
252,6,c20,1001,1001,0001,-0.8349096775054932,-1.0585702657699585,0.22366058826446533,0.4341181900189068,1,0
252,7,c02,1011,1001,1001,-2.952465295791626,-0.17722320556640625,-2.7752420902252197,0.052226187630001995,0,0
252,8,s01,0111,1011,1011,-1.310204267501831,-0.8113771677017212,-0.49882709980010986,0.26987339592667403,0,0
253,1,t013,1000,1000,0000,-2.093829393386841,-2.536813974380493,0.44298458099365234,0.12351286562325756,1,0
253,2,x0,0000,1000,1000,-2.0147628784179688,-1.081620216369629,-0.9331426620483398,0.13515189481172704,0,0
253,3,c13,0000,0000,0001,-0.3367398679256439,-1.8367397785186768,1.4999999105930328,0.7145859532726823,1,0
253,4,c12,0000,0000,0001,-0.20323124527931213,-2.7032313346862793,2.500000089406967,0.8164624817612715,1,0
253,5,c30,0000,0000,1000,-0.39986610412597656,-1.2033518552780151,0.8034857511520386,0.671069274323916,1,0
253,6,c02,0000,0000,0010,-0.021039031445980072,-4.547654151916504,4.526615120470524,0.9792596221046047,1,0
253,7,s20,0000,0000,1000,-0.5646762847900391,-1.0002655982971191,0.4355893135070801,0.5692891261924594,1,0
253,8,x1,0100,0100,0010,-0.6957712769508362,-1.6497855186462402,0.954014241695404,0.49889688761510176,1,0
254,1,t012,0010,0010,0000,-2.1160075664520264,-2.6120522022247314,0.4960446357727051,0.12069325540301012,1,0
254,2,t130,0010,0010,1010,-0.3972559869289398,-1.8989577293395996,1.5017017424106598,0.6724636644840951,1,0
254,3,x0,1010,1010,0010,-0.6490675806999207,-1.6205463409423828,0.9714787602424622,0.5228260634916454,1,0
254,4,t012,1010,1010,1110,-0.21617993712425232,-2.610454559326172,2.3942746222019196,0.8057815622085548,1,0
254,5,x0,0010,1010,1010,-1.0667927265167236,-0.8707844018936157,-0.1960083246231079,0.3442153693814077,0,0
254,6,c32,0010,0010,0011,-0.7186086177825928,-1.0936086177825928,0.375,0.4875064070357112,1,0
254,7,s01,0010,1010,1010,-1.5021802186965942,-1.0022447109222412,-0.499935507774353,0.22274940681907024,0,0
254,8,s03,0010,0010,0011,-0.2537502348423004,-2.5037503242492676,2.250000089406967,0.7760720124411147,1,0
255,1,t123,1101,1000,1000,-2.550784111022949,-2.478729724884033,-0.07205438613891602,0.07811756088502841,0,0
255,2,c32,1111,1101,1101,-1.837310552597046,-0.9718547463417053,-0.8654558062553406,0.15956181367488054,0,0
255,3,x1,1011,1011,1111,-1.0362993478775024,-1.459416151046753,0.4231168031692505,0.3549767927187568,1,0
255,4,t013,1011,1011,1111,-0.3364785313606262,-1.8797250986099243,1.543246567249298,0.7144992572475575,1,0
255,5,c02,1001,1011,1011,-1.8047919273376465,-0.6106623411178589,-1.1941295862197876,0.16457219128882067,0,0
255,6,x1,1101,1101,1011,-0.783341646194458,-1.5859867334365845,0.8026450872421265,0.4569996845142315,1,0
255,7,t120,1101,1101,0101,-0.14710484445095062,-2.207862377166748,2.0607575327157974,0.8634566287154183,1,0
255,8,s23,1110,1101,1101,-2.602548599243164,-1.1347287893295288,-1.4678198099136353,0.07410329433627856,0,0
256,1,x3,1001,1000,1000,-2.6022486686706543,-2.4772486686706543,-0.125,0.07436356024088368,0,0
256,2,c31,1101,1000,1000,-2.8423194885253906,-2.652892827987671,-0.18942666053771973,0.05837047232631165,0,0
256,3,s21,1011,0101,0101,-2.7479474544525146,-2.452357530593872,-0.2955899238586426,0.06411879690266868,0,0
256,4,c20,0011,0000,0000,-2.6525731086730957,-2.5921101570129395,-0.06046295166015625,0.07054262435050221,0,0
256,5,s20,1001,1000,1000,-2.7283072471618652,-2.4783072471618652,-0.25,0.06537561088076656,0,0
256,6,x2,1011,1100,1100,-2.974803924560547,-2.422044515609741,-0.5527594089508057,0.05111189924946864,0,0
256,7,t013,1011,1000,1000,-2.9103236198425293,-2.482499599456787,-0.4278240203857422,0.05450868588662746,0,0
256,8,s20,1011,0010,0010,-2.7771899700164795,-2.5350775718688965,-0.242112398147583,0.06226524139965585,0,0
257,1,t123,0100,0100,0000,-2.2221360206604004,-2.535869836807251,0.3137338161468506,0.1085280313111067,1,0
257,2,s30,0100,0100,1100,-0.9886711835861206,-1.2794969081878662,0.2908257246017456,0.37235167332134145,1,0
257,3,c12,0110,0100,0100,-3.1976065635681152,-0.3049708902835846,-2.8926356732845306,0.04087467814209644,0,0
257,4,x3,0111,0110,0110,-0.9597220420837402,-0.9597220420837402,0.0,0.383159563152029,0,1
257,5,c21,0011,0111,0111,-1.3858145475387573,-0.6516259908676147,-0.7341885566711426,0.2503179879246202,0,0
257,6,s12,0101,0011,0011,-3.335238456726074,-0.6096097230911255,-2.7256287336349487,0.035620539752446403,0,0
257,7,x0,1101,1101,0101,-0.9458373188972473,-1.388864278793335,0.44302695989608765,0.3886200523681614,1,0
257,8,s20,0111,0101,0101,-2.7411391735076904,-1.2196567058563232,-1.5214824676513672,0.06452198212373815,0,0
258,1,c30,0110,0110,0000,-2.4862122535705566,-2.5354833602905273,0.0492711067199707,0.08331882999033173,1,0
258,2,t301,0110,0110,0111,-0.6887578964233398,-2.18875789642334,1.5,0.5024629114712632,1,0
258,3,s10,1010,0110,0110,-1.5712220668792725,-1.135007619857788,-0.4362144470214844,0.20792058755779672,0,0
258,4,s01,0110,1010,1010,-1.7796790599822998,-1.4754419326782227,-0.30423712730407715,0.16879463273644366,0,0
258,5,t201,0110,0110,1110,-0.07594509422779083,-3.67460298538208,3.5986578911542892,0.9269704549190515,1,0
258,6,s30,0110,0110,1110,-1.0693632364273071,-1.4378225803375244,0.3684593439102173,0.34351164704698284,1,0
258,7,t312,0110,0110,0111,-0.20535631477832794,-1.8303563594818115,1.6250000447034836,0.8145243873528073,1,0
258,8,t213,0111,0110,0110,-1.4289239645004272,-0.30392393469810486,-1.1250000298023224,0.24156254994748802,0,0
259,1,s13,0110,0000,0000,-2.8423519134521484,-2.592170000076294,-0.2501819133758545,0.05837193921795408,0,0
259,2,t302,0110,1000,1000,-2.9028477668762207,-2.592254638671875,-0.3105931282043457,0.05494260051075836,0,0
259,3,x2,0100,0100,0110,-1.7306201457977295,-1.9006133079528809,0.16999316215515137,0.17728157857867954,1,0
259,4,t320,0100,0100,1100,-0.43849867582321167,-1.659432291984558,1.2209336161613464,0.6456160760131844,1,0
259,5,t301,0100,0100,0000,-0.22002112865447998,-2.7030715942382812,2.4830504655838013,0.8027705138336556,1,0
259,6,c30,0100,0100,1100,-0.49424469470977783,-1.1684211492538452,0.6741764545440674,0.6102942840840467,1,0
259,7,t103,0100,0100,0101,-0.004303574096411467,-6.129303932189941,6.12500035809353,0.9957675581402462,1,0
259,8,c12,0110,0100,0100,-2.009286880493164,-0.476010799407959,-1.533276081085205,0.13410640801634685,0,0
260,1,t102,0001,0001,0100,-2.150312662124634,-2.502225875854492,0.3519132137298584,0.1166587891370372,1,0
260,2,s21,0001,0001,0101,-1.0315344333648682,-1.6099095344543457,0.5783751010894775,0.356743664392791,1,0
260,3,x1,0101,0101,0001,-0.8833494186401367,-1.5397307872772217,0.656381368637085,0.4136902603870837,1,0
260,4,s32,0110,0101,0101,-3.5414557456970215,-0.5414576530456543,-2.999998092651367,0.02898319509513641,0,0
260,5,t032,0110,0110,0111,-0.25342145562171936,-1.878421425819397,1.6249999701976776,0.776566970278499,1,0
260,6,s31,0011,0110,0110,-2.3390605449676514,-0.9854305386543274,-1.353630006313324,0.09647030909181906,0,0
260,7,c31,0111,0011,0011,-1.4994118213653564,-0.4568100869655609,-1.0426017343997955,0.22330365186037657,0,0
260,8,t213,0110,0111,0111,-4.282336711883545,-0.03233661130070686,-4.250000100582838,0.013812653433786942,0,0
261,1,t012,0101,0101,1000,-2.3097734451293945,-2.4220118522644043,0.11223840713500977,0.09941307924675552,1,0
261,2,x2,0111,0101,0101,-1.6947630643844604,-1.3951032161712646,-0.2996598482131958,0.1837654161186638,0,0
261,3,x1,0011,0011,0111,-1.1492366790771484,-1.3037371635437012,0.15450048446655273,0.31716734876684155,1,0
261,4,s31,0110,0011,0011,-3.1452395915985107,-0.6476689577102661,-2.4975706338882446,0.0430914956502163,0,0
261,5,s30,0110,1110,1110,-1.4273796081542969,-1.4140748977661133,-0.013304710388183594,0.24026334829140203,0,0
261,6,t201,0110,0110,1110,-0.19494730234146118,-2.7838120460510254,2.588864743709564,0.8232058678841971,1,0
261,7,c10,1110,1110,0110,-0.7016857266426086,-0.8438984751701355,0.14221274852752686,0.49596764990128345,1,0
261,8,s30,0111,1110,1110,-4.295568466186523,-0.5331506729125977,-3.762417793273926,0.013631193485656041,0,0
262,1,c31,0010,0010,0100,-2.39219331741333,-2.5358076095581055,0.1436142921447754,0.09156942062846735,1,0
262,2,t021,0010,0010,1010,-0.21345853805541992,-2.891730785369873,2.678272247314453,0.8080440421760342,1,0
262,3,c03,0010,0010,0110,-0.4010182321071625,-2.191704034805298,1.7906858026981354,0.6703300883786042,1,0
262,4,c12,0010,0010,0011,-0.34091252088546753,-2.0909125804901123,1.7500000596046448,0.7116911709842785,1,0
262,5,t102,0010,0010,0110,-0.06482984870672226,-3.4876575469970703,3.422827698290348,0.9374670772252996,1,0
262,6,s03,0010,0010,1010,-0.4353066086769104,-1.4825122356414795,1.047205626964569,0.6479397409383428,1,0
262,7,t213,0010,0010,0110,-0.02344571426510811,-4.111853122711182,4.0884074084460735,0.9769042622202164,1,0
262,8,t032,0010,0010,0011,-0.00451247300952673,-6.129512310028076,6.124999837018549,0.9955748525939541,1,0
263,1,t013,0011,0011,0000,-2.157871961593628,-2.555586099624634,0.39771413803100586,0.11574468979408367,1,0
263,2,c23,0010,0011,0011,-2.201425313949585,-0.8264250755310059,-1.375000238418579,0.11078980853913267,0,0
263,3,t310,0010,0010,1010,-0.417466938495636,-1.7095617055892944,1.2920947670936584,0.6594716857029378,1,0
263,4,x3,0011,0011,0000,-1.374624490737915,-1.6176960468292236,0.2430715560913086,0.25320651739829814,1,0
263,5,x1,0111,0111,0011,-0.7785791158676147,-1.0594314336776733,0.2808523178100586,0.4594275350807844,1,0
263,6,s31,0111,0111,0011,-0.5814399719238281,-2.24546217918396,1.6640222072601318,0.559418903867897,1,0
263,7,x0,1111,1111,0111,-0.5061541795730591,-0.9980660676956177,0.4919118881225586,0.6030422863881703,1,0
263,8,c32,1101,1101,1111,-1.0689233541488647,-1.2529983520507812,0.1840749979019165,0.34346500691536436,1,0
264,1,s23,1110,1000,1000,-2.7896785736083984,-2.4790470600128174,-0.31063151359558105,0.061531325230767354,0,0
264,2,s12,1110,0111,0111,-2.8378334045410156,-2.712832450866699,-0.1250009536743164,0.058602261869297,0,0
264,3,s12,1110,1110,0110,-2.206411838531494,-2.289461851119995,0.08305001258850098,0.11018692866424955,1,0
264,4,t210,0110,1110,1110,-2.1139533519744873,-0.9221992492675781,-1.1917541027069092,0.12089501293786971,0,0
264,5,c01,0110,0110,1110,-1.7824069261550903,-1.8362092971801758,0.05380237102508545,0.1683863776035549,1,0
264,6,t012,0110,0110,0111,-0.42342981696128845,-2.1734297275543213,1.7499999105930328,0.65527927963587,1,0
264,7,c13,0111,0111,0110,-0.8336363434791565,-0.9586363434791565,0.125,0.43461599641412774,1,0
264,8,c12,0101,0111,0111,-2.621511459350586,-0.18207526206970215,-2.439436197280884,0.07271012837687435,0,0
265,1,s13,0010,0000,0000,-2.6604528427124023,-2.535630226135254,-0.12482261657714844,0.07001694097871634,0,0
265,2,t013,0010,0010,1010,-0.41077524423599243,-2.6666646003723145,2.255889356136322,0.6634079822257894,1,0
265,3,x1,0110,0110,0010,-1.0367951393127441,-1.4238097667694092,0.38701462745666504,0.35494518481898957,1,0
265,4,c20,1110,0110,0110,-0.8325701951980591,-0.7358996272087097,-0.09667056798934937,0.43526519289075494,0,0
265,5,t023,1111,1110,1110,-1.8033812046051025,-0.4283812940120697,-1.3749999105930328,0.1648246735049201,0,0
265,6,x1,1011,1011,1101,-1.0979969501495361,-1.6782889366149902,0.5802919864654541,0.33367950551983067,1,0
265,7,t201,1111,1011,1011,-1.635148525238037,-0.34063583612442017,-1.294512689113617,0.19494748735386036,0,0
265,8,x3,1110,1111,1111,-1.1618683338165283,-1.0368683338165283,-0.125,0.3129659144911684,0,0
266,1,t032,1011,1001,1001,-2.753230333328247,-2.200091600418091,-0.5531387329101562,0.06386109885518997,0,0
266,2,x3,1010,0000,0000,-2.7211945056915283,-2.5355610847473145,-0.18563342094421387,0.06588441695794939,0,0
266,3,t231,1010,1100,1100,-2.9026389122009277,-2.6527323722839355,-0.2499065399169922,0.054943664335289376,0,0
266,4,c30,1010,1010,0010,-1.4222934246063232,-2.142287254333496,0.7199938297271729,0.24153727445323123,1,0
266,5,s12,1100,1010,1010,-2.8340821266174316,-1.5998878479003906,-1.234194278717041,0.05881949930881826,0,0
266,6,t012,1110,1100,1100,-3.689140796661377,-0.23561115562915802,-3.453529641032219,0.0250145266721972,0,0
266,7,c01,1010,1110,1110,-1.9748358726501465,-1.2468289136886597,-0.7280069589614868,0.13894356416432657,0,0
266,8,s10,0110,1010,1010,-1.6111090183258057,-1.42252779006958,-0.18858122825622559,0.1997983383649189,0,0
267,1,c32,1101,0100,0100,-2.837876319885254,-2.5919225215911865,-0.24595379829406738,0.058603842280001976,0,0
267,2,t013,1100,1101,1101,-2.7833497524261475,-1.6583497524261475,-1.125,0.06185610047315187,0,0
267,3,x1,1000,1101,1101,-2.720808506011963,-2.542863368988037,-0.17794513702392578,0.06589673157609917,0,0
267,4,t130,1000,1000,1001,-1.512002944946289,-1.762002944946289,0.25,0.22067632564036524,1,0
267,5,x1,1100,1100,1101,-1.3406563997268677,-1.8406563997268677,0.5,0.2617448502272103,1,0
267,6,s23,1100,1100,1101,-1.2083909511566162,-1.2083909511566162,0.0,0.298898023897935,0,1
267,7,t210,1100,1100,0100,-0.1476368010044098,-2.4265923500061035,2.2789555490016937,0.8629714270768925,1,0
267,8,c21,1100,1100,1101,-0.7628745436668396,-1.3878744840621948,0.6249999403953552,0.46666095384950745,1,0
268,1,t120,0100,0100,0000,-2.047365665435791,-2.422595500946045,0.3752298355102539,0.12925408498265786,1,0
268,2,s31,0001,0100,0100,-2.2064294815063477,-0.9597593545913696,-1.246670126914978,0.11017652187955823,0,0
268,3,x0,1001,1001,0001,-1.0034122467041016,-1.5969791412353516,0.59356689453125,0.3671177223909756,1,0
268,4,x2,1011,1011,1000,-1.6830790042877197,-1.8530983924865723,0.17001938819885254,0.18600713447057657,1,0
268,5,t301,1111,1011,1011,-2.4743103981018066,-0.9472522139549255,-1.527058184146881,0.08427785771114657,0,0
268,6,x2,1101,1111,1111,-1.9814282655715942,-1.8518847227096558,-0.12954354286193848,0.13797979454873133,0,0
268,7,t103,1100,1101,1101,-1.7551846504211426,-1.0051846504211426,-0.75,0.17299302076517964,0,0
268,8,s30,0101,0100,0100,-2.4916465282440186,-1.9916465282440186,-0.5,0.08296040693278685,0,0
269,1,s30,1101,1101,0100,-2.4334356784820557,-2.595942974090576,0.1625072956085205,0.08783655130201473,1,0
269,2,t102,1111,1101,1101,-3.092864990234375,-0.8875143527984619,-2.205350637435913,0.04539900247514964,0,0
269,3,c01,1011,1011,1111,-1.4627107381820679,-1.5903294086456299,0.127618670463562,0.23185320733723136,1,0
269,4,t130,1011,1011,0011,-0.8627023696899414,-1.8071613311767578,0.9444589614868164,0.4222871883357873,1,0
269,5,x1,1111,1111,1001,-1.156991958618164,-1.5800864696502686,0.4230945110321045,0.31454323590199523,1,0
269,6,x1,1011,1011,1101,-0.9666543006896973,-1.5844703912734985,0.6178160905838013,0.38041237817144397,1,0
269,7,t312,1011,1011,1010,-0.19112440943717957,-2.441124200820923,2.2499997913837433,0.8260903173694238,1,0
269,8,x3,1010,1010,1001,-1.0801029205322266,-1.0906412601470947,0.010538339614868164,0.3395932387656759,1,0
270,1,s32,0000,0000,0100,-2.0978856086730957,-2.453432559967041,0.3555469512939453,0.1229176072088757,1,0
270,2,s01,0000,0000,1000,-1.0152254104614258,-1.855729341506958,0.8405039310455322,0.36254620877943344,1,0
270,3,s32,0000,0000,0001,-0.312649130821228,-2.3126492500305176,2.0000001192092896,0.7316313242084583,1,0
270,4,x0,1000,0000,0000,-0.7507662177085876,-0.7244578003883362,-0.026308417320251465,0.4722355107406949,0,0
270,5,s10,0100,0000,0000,-2.673126697540283,-0.9080212712287903,-1.765105426311493,0.06906844078928068,0,0
270,6,s23,0100,0100,0101,-0.7462620735168457,-1.8712621927261353,1.1250001192092896,0.4744420600600589,1,0
270,7,t132,0100,0100,1100,-0.06868642568588257,-3.738964080810547,3.6702776551246643,0.9338274168974763,1,0
270,8,s20,0100,0100,1100,-0.6159188151359558,-1.267398715019226,0.6514798998832703,0.5404815615244205,1,0
271,1,x0,0010,1010,1010,-2.660918712615967,-2.5430450439453125,-0.1178736686706543,0.06999148520708068,0,0
271,2,s32,0001,1000,1000,-2.9066028594970703,-2.5920817852020264,-0.31452107429504395,0.05472426439802258,0,0
271,3,x0,1001,1000,1000,-2.7208728790283203,-2.5958728790283203,-0.125,0.0658914472256994,0,0
271,4,t103,1001,0000,0000,-2.9064483642578125,-2.5357556343078613,-0.37069272994995117,0.05473464929176103,0,0
271,5,t023,1001,1001,1101,-0.6956638097763062,-2.3265461921691895,1.6308823823928833,0.49904028391578575,1,0
271,6,s30,1001,1001,0001,-1.3346096277236938,-1.5805442333221436,0.2459346055984497,0.2634801785718336,1,0
271,7,s31,1100,1101,1101,-2.8468165397644043,-1.0968164205551147,-1.7500001192092896,0.05805386800572175,0,0
271,8,c13,1101,1100,1100,-1.349686861038208,-0.724686861038208,-0.625,0.25953097046377455,0,0
272,1,t310,0101,1101,1101,-2.7213354110717773,-2.335421562194824,-0.3859138488769531,0.06587761070581488,0,0
272,2,x0,1101,1101,1001,-2.2135603427886963,-2.3801844120025635,0.1666240692138672,0.10936006427899055,1,0
272,3,s21,1011,1001,1001,-2.8618924617767334,-2.184065341949463,-0.6778271198272705,0.05719583102950445,0,0
272,4,s13,1110,1001,1001,-2.6343016624450684,-2.3391072750091553,-0.2951943874359131,0.07182380615832085,0,0
272,5,t301,1110,1110,0110,-2.1119959354400635,-2.3425252437591553,0.2305293083190918,0.12107613026158656,1,0
272,6,c30,1110,1110,0110,-0.8642106056213379,-1.280036211013794,0.41582560539245605,0.4216159160811792,1,0
272,7,t301,1110,1110,1111,-0.12741319835186005,-2.627413272857666,2.500000074505806,0.8805278431863538,1,0
272,8,t312,1110,1110,1111,-0.3573686182498932,-1.4823685884475708,1.1249999701976776,0.6998027274710964,1,0
273,1,x1,1000,1100,1100,-2.5967466831207275,-2.5400755405426025,-0.056671142578125,0.07466735857588605,0,0
273,2,x0,0000,1100,1100,-2.606919765472412,-2.1683473587036133,-0.43857240676879883,0.07379101526437742,0,0
273,3,t123,0000,0000,1000,-2.4256372451782227,-2.535135269165039,0.1094980239868164,0.08850304836653755,1,0
273,4,c02,0000,0000,1000,-0.2566487789154053,-2.461651563644409,2.205002784729004,0.7741257821810027,1,0
273,5,x2,0010,0010,0000,-1.010189414024353,-1.3575451374053955,0.3473557233810425,0.3642503333715867,1,0
273,6,t302,0010,0010,1010,-0.0511690191924572,-3.9585633277893066,3.9073943085968494,0.9505287207718135,1,0
273,7,x0,1010,1010,0010,-0.6112992763519287,-1.3082821369171143,0.6969828605651855,0.5427554142907556,1,0
273,8,x1,1110,1110,1000,-1.1197304725646973,-1.7209914922714233,0.6012610197067261,0.32645215086633683,1,0
274,1,t123,0011,0011,1000,-2.482469081878662,-2.591993808746338,0.10952472686767578,0.08363093145307664,1,0
274,2,x0,1011,1011,0011,-1.249105453491211,-1.7372546195983887,0.48814916610717773,0.28695784826048026,1,0
274,3,c21,1111,1011,1011,-1.6960490942001343,-1.301653265953064,-0.3943958282470703,0.18351534057717334,0,0
274,4,c12,1101,1111,1111,-1.7213581800460815,-1.2573356628417969,-0.46402251720428467,0.17889227162475504,0,0
274,5,c23,1101,1101,1100,-0.998418927192688,-1.373418927192688,0.375,0.3686959958460417,1,0
274,6,x0,0101,1101,1101,-1.03914475440979,-0.9061851501464844,-0.13295960426330566,0.35387389047154094,0,0
274,7,x0,1101,1101,0101,-0.5555442571640015,-1.5760473012924194,1.020503044128418,0.5738696626703144,1,0
274,8,x2,1111,1111,1100,-1.140505075454712,-1.4684178829193115,0.3279128074645996,0.31971934009084596,1,0
275,1,x2,1111,1101,1101,-2.8544411659240723,-2.479146718978882,-0.37529444694519043,0.057679459577256245,0,0
275,2,t021,1011,1111,1111,-2.9176464080810547,-2.1686208248138428,-0.7490255832672119,0.05409343677583386,0,0
275,3,x3,1010,1001,1001,-2.0266408920288086,-1.932543158531189,-0.09409773349761963,0.13186959018812283,0,0
275,4,t230,1010,1010,0010,-1.3198143243789673,-2.076038122177124,0.7562237977981567,0.26742397160069614,1,0
275,5,c01,1110,1010,1010,-1.952445387840271,-0.8231411576271057,-1.1293042302131653,0.14201616388051178,0,0
275,6,x2,1100,1110,1110,-1.4552712440490723,-1.1743240356445312,-0.280947208404541,0.23339915314368584,0,0
275,7,t301,1100,1100,1101,-0.1316739022731781,-3.38167405128479,3.250000149011612,0.8770572949130346,1,0
275,8,s20,0110,1100,1100,-4.033174514770508,-0.669072151184082,-3.364102363586426,0.017727739390116327,0,0
276,1,x1,0000,1000,1000,-2.656402587890625,-2.4787161350250244,-0.17768645286560059,0.07027660588559134,0,0
276,2,s20,0000,1101,1101,-2.9707155227661133,-2.6523380279541016,-0.3183774948120117,0.05130872574321749,0,0
276,3,x2,0010,0000,0000,-1.9995850324630737,-1.700588583946228,-0.2989964485168457,0.1354710492618204,0,0
276,4,c10,0010,0010,1010,-1.3085163831710815,-1.8421810865402222,0.5336647033691406,0.27054443853518595,1,0
276,5,s12,0100,0010,0010,-2.283278703689575,-1.3431808948516846,-0.9400978088378906,0.1020425938306626,0,0
276,6,s01,1000,0100,0100,-2.02058744430542,-1.0345500707626343,-0.9860373735427856,0.1326625575519543,0,0
276,7,c12,1000,1000,1100,-1.6865828037261963,-1.9581298828125,0.2715470790863037,0.18525285262706676,1,0
276,8,t132,1000,1000,1100,-0.19044527411460876,-3.2049927711486816,3.014547497034073,0.8268346467814288,1,0
277,1,s31,0111,0000,0000,-2.6560559272766113,-2.5350680351257324,-0.1209878921508789,0.07027753053113288,0,0
277,2,c32,0101,0111,0111,-2.835218906402588,-1.3653898239135742,-1.4698290824890137,0.05874062830062973,0,0
277,3,s03,1100,0101,0101,-2.4554457664489746,-1.5389890670776367,-0.9164566993713379,0.08595469947659097,0,0
277,4,c32,1100,1001,1001,-2.2444097995758057,-2.009995222091675,-0.23441457748413086,0.10609193532088985,0,0
277,5,x1,1000,1000,1101,-1.831186056137085,-2.0431582927703857,0.21197223663330078,0.1603229384403432,1,0
277,6,x2,1010,1010,1000,-1.0934696197509766,-1.3351407051086426,0.24167108535766602,0.3351057426280773,1,0
277,7,x0,0010,1010,1010,-1.7780756950378418,-1.370496153831482,-0.40757954120635986,0.16902463149738786,0,0
277,8,t013,0010,0010,0011,-0.25911515951156616,-2.884114980697632,2.6249998211860657,0.7721388256537101,1,0
278,1,x3,1001,1000,1000,-2.664580821990967,-2.539580821990967,-0.125,0.06999179390975344,0,0
278,2,s31,1100,1000,1000,-2.717219829559326,-2.592195987701416,-0.12502384185791016,0.06614030247709515,0,0
278,3,s31,1001,1101,1101,-2.7741851806640625,-2.6040821075439453,-0.1701030731201172,0.0625025350614638,0,0
278,4,t103,1001,1000,1000,-2.7859342098236084,-2.5359342098236084,-0.25,0.06177738515802611,0,0
278,5,s31,1100,1001,1001,-2.214430809020996,-1.9533990621566772,-0.26103174686431885,0.10928934500521521,0,0
278,6,x0,0100,1100,1100,-1.2836549282073975,-1.2269110679626465,-0.05674386024475098,0.2773854677091108,0,0
278,7,x1,0000,0000,0101,-1.5491832494735718,-1.8760427236557007,0.3268594741821289,0.21253455858538156,1,0
278,8,t123,0000,0000,1000,-0.16442452371120453,-3.165480136871338,3.0010556131601334,0.8487527016061993,1,0
279,1,c21,1101,1101,1000,-2.2675657272338867,-2.5963027477264404,0.3287370204925537,0.10373034173549132,1,0
279,2,t312,1111,1101,1101,-2.565073013305664,-0.5779731273651123,-1.9870998859405518,0.07695602627925792,0,0
279,3,t031,1011,1111,1111,-2.2798848152160645,-0.6638851165771484,-1.615999698638916,0.10236525829767366,0,0
279,4,c21,1111,1111,1011,-1.4469218254089355,-1.5487322807312012,0.10181045532226562,0.235476424716814,1,0
279,5,s23,1111,1111,1110,-1.2742162942886353,-1.3992162942886353,0.125,0.27978163316317844,1,0
279,6,c30,0111,1111,1111,-0.9790555238723755,-0.9395372271537781,-0.03951829671859741,0.37586491649476717,0,0
279,7,t013,0111,0111,0110,-0.39264506101608276,-2.0176451206207275,1.6250000596046448,0.6753247629270249,1,0
279,8,s03,1110,0111,0111,-2.1144821643829346,-0.8884196877479553,-1.2260624766349792,0.12072934526676796,0,0
280,1,x0,1011,0011,0011,-2.785346508026123,-2.591984748840332,-0.19336175918579102,0.06178332215867024,0,0
280,2,t102,1011,1011,0000,-2.421583652496338,-2.5916452407836914,0.17006158828735352,0.08883864842276547,1,0
280,3,x0,0011,0011,1011,-1.4292594194412231,-1.5367681980133057,0.10750877857208252,0.23962299571226192,1,0
280,4,c20,1011,1011,0011,-0.8086255192756653,-0.9032445549964905,0.0946190357208252,0.44568003808286755,1,0
280,5,x1,1111,1111,1001,-1.6603009700775146,-1.8640737533569336,0.20377278327941895,0.19016559634967992,1,0
280,6,t302,1101,1111,1111,-1.6143265962600708,-0.5939153432846069,-1.0204112529754639,0.1990591041411901,0,0
280,7,s10,1101,0101,0101,-1.3006672859191895,-1.2378780841827393,-0.0627892017364502,0.27242772376827157,0,0
280,8,c12,1111,1101,1101,-1.2199370861053467,-1.1587698459625244,-0.061167240142822266,0.2952981972618921,0,0
281,1,x1,0001,1000,1000,-2.7207422256469727,-2.4787001609802246,-0.24204206466674805,0.06589869430414563,0,0
281,2,c10,0001,0001,1000,-2.5960071086883545,-2.7127628326416016,0.11675572395324707,0.07463584213379955,1,0
281,3,c13,0001,0001,0101,-0.4680352807044983,-2.4956743717193604,2.027639091014862,0.6269136609571048,1,0
281,4,x3,0000,0001,0001,-1.7510651350021362,-1.0010651350021362,-0.75,0.1736728847934173,0,0
281,5,s31,0000,0000,0100,-0.7255653142929077,-1.6216316223144531,0.8960663080215454,0.48474439178085416,1,0
281,6,s02,0000,0000,1000,-0.3822190761566162,-1.393131971359253,1.0109128952026367,0.6829136853929689,1,0
281,7,s20,0000,0000,1000,-0.4308209717273712,-1.080133318901062,0.6493123471736908,0.6502202275441915,1,0
281,8,s13,0000,0000,0001,-0.13742327690124512,-2.762423276901245,2.625,0.871639752842991,1,0
282,1,s31,0011,1010,1010,-2.970885753631592,-2.5392651557922363,-0.43162059783935547,0.05130867085798929,0,0
282,2,s02,1001,1110,1110,-2.7851686477661133,-2.535282850265503,-0.24988579750061035,0.06177354393811797,0,0
282,3,t213,1001,1000,1000,-2.8577122688293457,-2.4827122688293457,-0.375,0.057474999291138563,0,0
282,4,s01,0101,0101,1001,-2.183779239654541,-2.248182773590088,0.06440353393554688,0.11268414338000896,1,0
282,5,x1,0001,0001,1100,-2.103485107421875,-2.3094606399536133,0.20597553253173828,0.1221025906220711,1,0
282,6,s20,0001,0001,1000,-1.5531779527664185,-2.206634521484375,0.6534565687179565,0.21175417104682231,1,0
282,7,c12,0001,0001,0011,-1.0051041841506958,-2.288586139678955,1.2834819555282593,0.36620448316161747,1,0
282,8,x1,0101,0101,0011,-1.2367115020751953,-1.8596235513687134,0.6229120492935181,0.2904696660915641,1,0
283,1,t123,1100,1100,1000,-2.316843032836914,-2.4225683212280273,0.10572528839111328,0.098754174811404,1,0
283,2,s01,1100,0100,0100,-1.3748316764831543,-1.3513383865356445,-0.023493289947509766,0.2539783834956682,0,0
283,3,x2,1110,1101,1101,-1.2067770957946777,-1.1831917762756348,-0.02358531951904297,0.2992808320596479,0,0
283,4,t301,1110,1110,1111,-0.2492469698190689,-2.2492470741271973,2.0000001043081284,0.7800578059003489,1,0
283,5,x0,0110,0110,1110,-0.8098766803741455,-0.9617092609405518,0.15183258056640625,0.44516277746071486,1,0
283,6,c21,0010,0110,0110,-1.9174718856811523,-0.3892137110233307,-1.5282581746578217,0.14700148858749373,0,0
283,7,x1,0110,0010,0010,-0.9962990880012512,-0.9037034511566162,-0.09259563684463501,0.3692933531998766,0,0
283,8,s13,0011,0110,0110,-7.939204216003418,-0.25413691997528076,-7.685067296028137,0.00035652192219364436,0,0
284,1,t213,0010,0010,0100,-2.014535665512085,-2.5106136798858643,0.4960780143737793,0.1336432220294667,1,0
284,2,c12,0010,0010,0011,-0.6027179956436157,-2.1027181148529053,1.5000001192092896,0.5477397495115685,1,0
284,3,s13,0010,0010,0110,-0.4261820912361145,-2.2640199661254883,1.8378378748893738,0.65360014637812,1,0
284,4,c31,0010,0010,0110,-0.5823528170585632,-1.2278597354888916,0.6455069184303284,0.5592061220539196,1,0
284,5,x1,0110,0110,0010,-0.6850186586380005,-1.4985709190368652,0.8135522603988647,0.5043032009028284,1,0
284,6,c12,0100,0110,0110,-4.066234588623047,-0.1578841507434845,-3.9083504378795624,0.01714353995507223,0,0
284,7,t203,0100,0100,1100,-0.025578128173947334,-4.647500991821289,4.621922863647342,0.9749393884893759,1,0
284,8,c32,0100,0100,0110,-0.22151556611061096,-2.1811633110046387,1.9596477448940277,0.8013975262596345,1,0
285,1,t012,0011,0011,0100,-2.2521491050720215,-2.6117639541625977,0.35961484909057617,0.10531686164258529,1,0
285,2,c13,0011,0011,0111,-1.016251802444458,-1.9715065956115723,0.9552547931671143,0.36228092914857507,1,0
285,3,c01,0011,0011,0111,-0.9854905009269714,-1.2609878778457642,0.2754973769187927,0.37363522086202877,1,0
285,4,c30,1011,1011,0011,-0.6652623414993286,-1.0846991539001465,0.41943681240081787,0.5148060545954297,1,0
285,5,t032,1001,1011,1011,-2.5697665214538574,-0.4064801335334778,-2.1632863879203796,0.07659624574041701,0,0
285,6,c13,1001,1001,1011,-1.1353576183319092,-1.5749125480651855,0.43955492973327637,0.3215111038755238,1,0
285,7,c20,1001,1001,0001,-0.8377848863601685,-1.3104166984558105,0.4726318120956421,0.43282743200330637,1,0
285,8,c32,1011,1001,1001,-1.4870591163635254,-0.39725854992866516,-1.0898005664348602,0.22606108950542672,0,0
286,1,t302,0111,1000,1000,-2.652334213256836,-2.592042922973633,-0.060291290283203125,0.07056232994100863,0,0
286,2,c30,1111,0111,0111,-1.5352243185043335,-1.084022045135498,-0.45120227336883545,0.21555165472498478,0,0
286,3,t123,1110,1111,1111,-1.7845158576965332,-1.1595158576965332,-0.625,0.167969680770524,0,0
286,4,s03,0111,1110,1110,-2.1393606662750244,-1.588413119316101,-0.5509475469589233,0.11789098432374773,0,0
286,5,x0,1111,1111,0111,-0.9943211078643799,-1.3260118961334229,0.33169078826904297,0.3701728152440285,1,0
286,6,s10,1111,0111,0111,-1.5846967697143555,-1.294339656829834,-0.2903571128845215,0.2051093122932936,0,0
286,7,x3,1110,1101,1101,-1.1902453899383545,-1.1585004329681396,-0.031744956970214844,0.30426931783985833,0,0
286,8,c32,1110,1110,1111,-1.1378536224365234,-1.1378536224365234,0.0,0.32065664754849676,0,1
287,1,x3,0011,0010,0010,-2.6606318950653076,-2.5356318950653076,-0.125,0.07001886928143644,0,0
287,2,t102,0011,0011,1010,-1.8437665700912476,-2.6521921157836914,0.8084255456924438,0.1583523863031758,1,0
287,3,x0,1011,1011,0011,-0.8983079195022583,-1.2468308210372925,0.3485229015350342,0.4076053046249333,1,0
287,4,x2,1001,1001,1010,-1.4256609678268433,-1.7129192352294922,0.2872582674026489,0.24048314957493758,1,0
287,5,x0,0001,1001,1001,-0.9705829620361328,-0.9242779016494751,-0.046305060386657715,0.37894442273546264,0,0
287,6,x3,0000,0000,0001,-1.2368502616882324,-1.6118502616882324,0.375,0.2903698968581864,1,0
287,7,t231,0000,0000,0001,-0.33924350142478943,-2.7142434120178223,2.374999910593033,0.7128784785291132,1,0
287,8,t201,0000,0000,1000,-0.3473525941371918,-1.9390085935592651,1.5916559994220734,0.7067943572814973,1,0
288,1,c23,0000,0000,0100,-2.2045254707336426,-2.5561816692352295,0.3516561985015869,0.11058965933348343,1,0
288,2,s23,0000,0000,0001,-0.4362013339996338,-2.4362010955810547,1.999999761581421,0.6467076394927852,1,0
288,3,t102,0000,0000,1000,-0.048058196902275085,-3.464569568634033,3.416511371731758,0.9532435099648024,1,0
288,4,x0,1000,1000,0000,-0.48832887411117554,-1.2019996643066406,0.7136707901954651,0.6195190118405959,1,0
288,5,s13,1000,1000,1001,-0.574336051940918,-1.949336051940918,1.375,0.5632869778618148,1,0
288,6,t132,1000,1000,1100,-0.06856225430965424,-3.530269145965576,3.461706891655922,0.9338658329645103,1,0
288,7,x3,1001,1000,1000,-1.0905659198760986,-1.0905659198760986,0.0,0.33608885945749367,0,1
288,8,x1,1101,1101,1001,-0.8093388080596924,-0.9104894399642944,0.10115063190460205,0.4452686917595842,1,0
289,1,s30,0000,0000,1000,-2.3169150352478027,-2.5923514366149902,0.2754364013671875,0.098726497184018,1,0
289,2,c20,0000,0000,1000,-0.6745734214782715,-1.2126762866973877,0.5381028652191162,0.5096661168746575,1,0
289,3,s20,0000,0000,1000,-0.6282729506492615,-1.018221139907837,0.38994818925857544,0.5337722255518397,1,0
289,4,x1,0100,0100,0010,-0.7159132361412048,-1.729166030883789,1.0132527947425842,0.48916055393872077,1,0
289,5,x1,0000,0100,0100,-1.1961767673492432,-0.9126514792442322,-0.283525288105011,0.3024970144015427,0,0
289,6,t132,0000,0000,1000,-0.025824835523962975,-4.993552207946777,4.967727372422814,0.9747750531797366,1,0
289,7,c21,0000,0000,0100,-0.32208579778671265,-1.5652457475662231,1.2431599497795105,0.7249633798162465,1,0
289,8,s32,0000,0000,0001,-0.5628528594970703,-1.4378527402877808,0.8749998807907104,0.5696189004656179,1,0
290,1,t312,1100,1100,1000,-2.2837648391723633,-2.362664222717285,0.07889938354492188,0.1021391294029194,1,0
290,2,x2,1110,1101,1101,-1.485677719116211,-1.2578749656677246,-0.22780275344848633,0.22659091736440945,0,0
290,3,x2,1100,1110,1110,-1.9975810050964355,-0.8723968267440796,-1.125184178352356,0.13571223631781676,0,0
290,4,s13,1001,1100,1100,-4.283029556274414,-0.8867069482803345,-3.3963226079940796,0.013815846496055313,0,0
290,5,t321,1001,1001,1101,-0.398070752620697,-2.1073949337005615,1.7093241810798645,0.6723282549848643,1,0
290,6,c31,1101,1001,1001,-2.2876250743865967,-0.33244410157203674,-1.95518097281456,0.10155677245127957,0,0
290,7,s10,1101,1101,0101,-0.6128969788551331,-1.0643141269683838,0.45141714811325073,0.5419684390768528,1,0
290,8,c03,1100,1101,1101,-1.8766193389892578,-0.2516193687915802,-1.6249999701976776,0.15319785778237713,0,0
291,1,x1,1001,1000,1000,-2.7170584201812744,-2.5920584201812744,-0.125,0.06614858053029746,0,0
291,2,x3,1000,1001,1001,-2.226893663406372,-2.101893663406372,-0.125,0.10789610061207464,0,0
291,3,x2,1010,1010,1000,-1.6016461849212646,-1.635737657546997,0.03409147262573242,0.20164869370172706,1,0
291,4,x1,1110,1110,1111,-2.1266584396362305,-2.2516584396362305,0.125,0.1192874961851379,1,0
291,5,c10,0110,1110,1110,-1.7647980451583862,-1.4720515012741089,-0.29274654388427734,0.17133438011291033,0,0
291,6,t321,0110,0110,0010,-2.10555362701416,-2.163130283355713,0.057576656341552734,0.12189078765785014,1,0
291,7,s02,1100,1110,1110,-2.501328468322754,-1.8000884056091309,-0.701240062713623,0.08204111730291268,0,0
291,8,s03,0101,1100,1100,-3.104546546936035,-2.047811269760132,-1.0567352771759033,0.04487593925310354,0,0
292,1,c12,1000,1000,1010,-2.107205629348755,-2.6296420097351074,0.5224363803863525,0.12201064062874502,1,0
292,2,t032,1000,1000,1100,-0.25936952233314514,-3.147263526916504,2.8878940045833588,0.7721213122527495,1,0
292,3,s10,0100,1000,1000,-2.4624075889587402,-0.7086806297302246,-1.7537269592285156,0.08540783010693985,0,0
292,4,s31,0001,0100,0100,-2.068256378173828,-0.8492752909660339,-1.2189810872077942,0.12652595320380705,0,0
292,5,t123,0001,0001,0101,-0.03706202283501625,-4.932131290435791,4.895069267600775,0.9640567142291443,1,0
292,6,c21,0001,0001,0101,-0.5969846248626709,-1.4926320314407349,0.895647406578064,0.5508540822163719,1,0
292,7,c01,0001,0001,0101,-0.06579876691102982,-3.872690200805664,3.8068914338946342,0.9364898787622958,1,0
292,8,x3,0000,0011,0011,-1.162900686264038,-1.1502355337142944,-0.012665152549743652,0.3126106860391889,0,0
293,1,c01,1110,1010,1010,-2.725912094116211,-2.3166556358337402,-0.4092564582824707,0.06560602125530077,0,0
293,2,s21,1110,0110,0110,-2.837941884994507,-2.6523642539978027,-0.1855776309967041,0.05860085659957615,0,0
293,3,t120,0110,1110,1110,-1.877579927444458,-1.451629400253296,-0.4259505271911621,0.1531042585350384,0,0
293,4,s32,0101,0010,0010,-2.76954984664917,-1.8644194602966309,-0.9051303863525391,0.06273547831925087,0,0
293,5,x0,1101,1101,0101,-1.4934983253479004,-1.8671958446502686,0.37369751930236816,0.2247489443424166,1,0
293,6,t120,1101,1101,0101,-1.1208499670028687,-1.3221311569213867,0.20128118991851807,0.3261429163708614,1,0
293,7,s03,1101,1101,0101,-1.28840970993042,-1.7178068161010742,0.4293971061706543,0.2758903201626732,1,0
293,8,x2,1111,1111,1100,-1.0293315649032593,-1.2322349548339844,0.2029033899307251,0.3573489805803058,1,0
294,1,x2,0101,1000,1000,-2.773603916168213,-2.5920751094818115,-0.18152880668640137,0.06250924147745984,0,0
294,2,x1,0001,1001,1001,-2.5387918949127197,-2.5348153114318848,-0.003976583480834961,0.07900722648801295,0,0
294,3,s01,0001,1000,1000,-2.5013790130615234,-2.4176676273345947,-0.08371138572692871,0.08202548698483361,0,0
294,4,c31,0101,0001,0001,-2.343863010406494,-0.5553469657897949,-1.7885160446166992,0.09604722440697878,0,0
294,5,s12,0011,0101,0101,-2.1804189682006836,-1.5787461996078491,-0.6016727685928345,0.11310507614771576,0,0
294,6,x3,0010,0001,0001,-2.014612913131714,-1.6861326694488525,-0.32848024368286133,0.1335439625125253,0,0
294,7,s12,0100,0110,0110,-2.388122081756592,-2.1373589038848877,-0.2507631778717041,0.09187559459613548,0,0
294,8,c01,0100,0100,1100,-1.345482587814331,-1.7732486724853516,0.4277660846710205,0.26070474137367244,1,0
295,1,c20,1011,1000,1000,-2.853868007659912,-2.5355136394500732,-0.31835436820983887,0.05769518262099425,0,0
295,2,x0,0011,0010,0010,-2.712373733520508,-2.712373733520508,0.0,0.06640490152753352,0,1
295,3,t123,0011,0011,1000,-2.02461576461792,-2.599296808242798,0.5746810436248779,0.13212099181246664,1,0
295,4,c21,0111,0011,0011,-1.7331575155258179,-1.2329304218292236,-0.5002270936965942,0.176861294575927,0,0
295,5,t312,0101,0111,0111,-3.457791805267334,-0.29254937171936035,-3.1652424335479736,0.03150706922141129,0,0
295,6,s03,1100,0101,0101,-2.5357892513275146,-1.2900604009628296,-1.245728850364685,0.07928293435152228,0,0
295,7,s03,0101,0100,0100,-2.597160577774048,-2.222160577774048,-0.375,0.07456964507201883,0,0
295,8,s12,0011,0001,0001,-2.675482749938965,-2.179940700531006,-0.495542049407959,0.06892183748410545,0,0
296,1,c03,0000,0000,0100,-2.2003703117370605,-2.5559375286102295,0.35556721687316895,0.11101913967313008,1,0
296,2,s13,0000,0000,0100,-0.7425562143325806,-1.8173025846481323,1.0747463703155518,0.47614882736347414,1,0
296,3,s31,0000,0000,0100,-0.5658740997314453,-1.2120245695114136,0.6461504697799683,0.5682379533646242,1,0
296,4,s03,0000,0000,1000,-0.24671369791030884,-1.8398010730743408,1.593087375164032,0.7816449614713139,1,0
296,5,s30,0000,0000,1000,-0.48276734352111816,-1.0309319496154785,0.5481646060943604,0.6178069656160597,1,0
296,6,t310,0000,0000,1000,-0.03174353390932083,-3.575096368789673,3.543352834880352,0.9689355113339274,1,0
296,7,c01,0000,0000,0100,-0.17287418246269226,-2.0612244606018066,1.8883502781391144,0.8415419628948319,1,0
296,8,x2,0010,0010,0001,-0.7936312556266785,-1.2996203899383545,0.505989134311676,0.4522380528261389,1,0
297,1,t120,1010,1010,0000,-2.1803812980651855,-2.6533102989196777,0.4729290008544922,0.11318922514698967,1,0
297,2,x2,1000,1010,1010,-2.24141788482666,-1.5712637901306152,-0.6701540946960449,0.11165365272009325,0,0
297,3,t012,1000,1000,1001,-0.3306104838848114,-2.3306102752685547,1.9999997913837433,0.7191293647897413,1,0
297,4,c13,1000,1000,1001,-0.33969971537590027,-1.7146997451782227,1.3750000298023224,0.7125023277026438,1,0
297,5,t312,1000,1000,1001,-0.01827682927250862,-4.393276691436768,4.374999862164259,0.9819939540678415,1,0
297,6,t102,1000,1000,0000,-0.02164495550096035,-4.5846052169799805,4.56296026147902,0.97868262389575,1,0
297,7,c03,1001,1000,1000,-3.2917375564575195,-0.04173750802874565,-3.250000048428774,0.037190957237325746,0,0
297,8,x0,0001,1001,1001,-1.1361433267593384,-0.8100597262382507,-0.32608360052108765,0.32199876166542474,0,0
298,1,s01,1100,0100,0100,-2.5021629333496094,-2.4792566299438477,-0.02290630340576172,0.08204143233853677,0,0
298,2,c12,1110,1100,1100,-2.1298959255218506,-1.2548243999481201,-0.8750715255737305,0.11893271261494563,0,0
298,3,x2,1100,1110,1110,-1.6179442405700684,-1.102270483970642,-0.5156737565994263,0.19840653237721317,0,0
298,4,s12,1010,1100,1100,-2.857631206512451,-1.2045639753341675,-1.6530672311782837,0.05743676193207184,0,0
298,5,c02,1000,1010,1010,-2.094048261642456,-1.0376702547073364,-1.0563780069351196,0.12326528459780005,0,0
298,6,c23,1000,1000,1010,-1.230229139328003,-1.5562117099761963,0.32598257064819336,0.2923895635611979,1,0
298,7,s30,0001,1000,1000,-2.736571788787842,-1.005786418914795,-1.7307853698730469,0.06488069729250884,0,0
298,8,x2,0011,0000,0000,-2.17086124420166,-1.743030309677124,-0.42783093452453613,0.11413141533175133,0,0
299,1,c12,0011,0011,0000,-2.535444736480713,-2.5356688499450684,0.00022411346435546875,0.07933943670643753,1,0
299,2,c30,1011,0011,0011,-1.624606728553772,-1.045089840888977,-0.5795168876647949,0.19713653050157368,0,0
299,3,s03,1011,1011,0011,-1.449884295463562,-2.1544189453125,0.704534649848938,0.2347550925643309,1,0
299,4,t201,1111,1011,1011,-1.5409659147262573,-0.7553206086158752,-0.7856453061103821,0.21426826799285195,0,0
299,5,s32,1111,1101,1101,-1.5067040920257568,-1.3014212846755981,-0.2052828073501587,0.22174205728947594,0,0
299,6,s01,1111,0111,0111,-1.2331199645996094,-0.7527452707290649,-0.48037469387054443,0.2914493969341007,0,0
299,7,s10,1111,1111,0111,-0.6278724074363708,-0.918878436088562,0.29100602865219116,0.5337902234566445,1,0
299,8,x2,1101,1101,1110,-0.8590147495269775,-1.5616639852523804,0.7026492357254028,0.42367098179667545,1,0
