example_id,step,gate,gold_state,best_state,best_wrong_state,gold_logprob,best_wrong_logprob,margin,gold_prob16,local_correct,tie
0,1,s30,0110,0110,1110,-0.11538254469633102,-2.25215220451355,2.136769659817219,0.8910333177020329,1,0
0,2,c13,0111,0111,0110,-5.2451043302426115e-05,-10.000052452087402,10.0000000010441,0.9999530547919716,1,0
0,3,t132,0101,0101,0111,-3.7550700653810054e-05,-11.290863037109375,11.290825486408721,0.9999825811724428,1,0
0,4,x2,0111,0111,0110,-4.410662950249389e-05,-12.500043869018555,12.499999762389052,0.9999959182144583,1,0
0,5,c10,1111,1111,1011,-2.491458690201398e-05,-11.125014305114746,11.124989390527844,0.999976498980526,1,0
0,6,t201,1011,1011,1111,-5.2452028285188135e-06,-13.562520027160645,13.562514781957816,0.999998633500018,1,0
0,7,s12,1101,1101,1100,-0.1172342449426651,-2.554733991622925,2.4374997466802597,0.9194480534796649,1,0
0,8,t302,1111,1111,1110,-0.0001636617525946349,-8.750163078308105,8.74999941655551,0.9998408731254963,1,0
1,1,s31,1010,1010,1110,-0.14439333975315094,-2.0387954711914062,1.8944021314382553,0.8655693242232481,1,0
1,2,c30,1010,1010,0010,-7.152556804612686e-07,-15.250101089477539,15.250100374221859,0.9999993704868261,1,0
1,3,t301,1010,1010,1110,-0.023259274661540985,-3.773261547088623,3.750002272427082,0.977022011180081,1,0
1,4,c01,1110,1110,1100,-2.026548099820502e-05,-12.500020027160645,12.499999761679646,0.9999929087188926,1,0
1,5,x2,1100,1100,1001,-0.0005614398396573961,-12.502650260925293,12.502088821085636,0.9999956315806939,1,0
1,6,s01,1100,1100,0110,-0.004482502117753029,-6.002649307250977,5.9981668051332235,0.9955837672469667,1,0
1,7,c01,1000,1000,1010,-4.661006823880598e-05,-13.625045776367188,13.624999166298949,0.9999981106439962,1,0
1,8,c20,1000,1000,1100,-1.9788636564044282e-05,-11.500029563903809,11.500009775267245,0.9999884892706026,1,0
2,1,c32,1101,1101,1110,-0.0009970780229195952,-7.505092144012451,7.504095065989532,0.999006352149015,1,0
2,2,s12,1011,1011,1101,-0.038101885467767715,-3.2884397506713867,3.250337865203619,0.9626694313531668,1,0
2,3,x0,0011,0011,1011,0.0,-17.75,17.75,0.9999999680555968,1,0
2,4,x0,1011,1011,1010,-4.6491550165228546e-06,-12.500004768371582,12.500000119216566,0.9999953866176317,1,0
2,5,s30,1011,1011,0011,-0.0006663728272542357,-8.500223159790039,8.499556786962785,0.9997851372490855,1,0
2,6,t120,1011,1011,0011,-0.0005573433008976281,-8.250324249267578,8.24976690596668,0.999506794998916,1,0
2,7,c30,0011,0011,1011,-4.7444173105759546e-05,-10.00004768371582,10.000000239542715,0.9999545538514931,1,0
2,8,x1,0111,0111,0110,-1.4424274013435934e-05,-11.75001335144043,11.749998927166416,0.9999857540256601,1,0
3,1,t031,1111,1111,0011,-0.0003837054828181863,-8.627107620239258,8.62672391475644,0.9996178060138465,1,0
3,2,s01,1111,1111,1011,-8.511266059940681e-05,-10.125083923339844,10.124998810679244,0.9999496409985694,1,0
3,3,c21,1011,1011,1101,-9.29829548113048e-06,-13.694228172302246,13.694218874006765,0.999998826243575,1,0
3,4,c30,0011,0011,1011,-0.00011181206355104223,-9.12511157989502,9.124999767831468,0.9998910412086439,1,0
3,5,s10,0011,0011,0110,-0.22546793520450592,-1.6894094944000244,1.4639415591955185,0.7981433698927864,1,0
3,6,s10,0011,0011,0010,-0.014666920527815819,-5.13966703414917,5.125000113621354,0.9854406819561347,1,0
3,7,x3,0010,0010,1010,-1.8477312551112846e-05,-13.062553405761719,13.062534928449168,0.9999965316358704,1,0
3,8,t013,0010,0010,0011,-0.0003804451262112707,-8.000380516052246,8.000000070926035,0.9996642975656158,1,0
4,1,s03,0011,0011,1010,-0.3870534598827362,-1.1750860214233398,0.7880325615406036,0.6791674931662343,1,0
4,2,s23,0011,0011,0001,-0.0004383590421639383,-7.750433921813965,7.749995562771801,0.999562631301974,1,0
4,3,s31,0110,0110,1110,-0.000985846039839089,-7.431138515472412,7.430152669432573,0.999016369172504,1,0
4,4,x1,0010,0010,0011,-0.0009727520518936217,-14.875971794128418,14.874999042076524,0.9999992855290896,1,0
4,5,x1,0110,0110,0010,-1.3947415027359966e-05,-11.37504768371582,11.375033736300793,0.9999871408180733,1,0
4,6,c03,0110,0110,0111,-7.331281813094392e-05,-10.750073432922363,10.750000120104232,0.9999661543979784,1,0
4,7,s01,1010,1010,1100,-2.3126347514335066e-05,-13.252498626708984,13.25247550036147,0.9999979311027742,1,0
4,8,x3,1011,1011,1001,-2.670259891601745e-05,-14.423614501953125,14.423587799354209,0.9999988640867274,1,0
5,1,c32,0110,0110,0100,-0.00823795236647129,-5.025355339050293,5.017117386683822,0.9917968015088319,1,0
5,2,s23,0101,0101,0110,-0.006865010131150484,-5.006930351257324,5.000065341126174,0.9931680822618719,1,0
5,3,s20,0101,0101,0011,-0.12712711095809937,-2.1270809173583984,1.999953806400299,0.8806282738037585,1,0
5,4,t132,0111,0111,0101,-3.385510717635043e-05,-10.625025749206543,10.624991894099367,0.999967644128533,1,0
5,5,x1,0011,0011,0111,-1.6808406144264154e-05,-16.194963455200195,16.19494664679405,0.999999853311307,1,0
5,6,x2,0001,0001,0000,-3.6954857023374643e-06,-15.37500286102295,15.374999165537247,0.9999996019042386,1,0
5,7,t320,0001,0001,1001,-3.337855559948366e-06,-14.375004768371582,14.375001430516022,0.9999991919426646,1,0
5,8,s10,0001,0001,0000,-9.536741458759934e-07,-14.5,14.499999046325854,0.9999991062322574,1,0
6,1,t230,1101,1101,0101,-0.00017057929653674364,-9.00013256072998,8.999961981433444,0.9998355576504486,1,0
6,2,t031,1001,1001,1101,-0.00021694011229556054,-8.500351905822754,8.500134965710458,0.9997917775505879,1,0
6,3,x0,0001,0001,1001,-3.814689989667386e-06,-12.503181457519531,12.503177642829542,0.9999962472818706,1,0
6,4,t230,0001,0001,1001,-0.0009126074146479368,-7.000916481018066,7.0000038736034185,0.9990889174220859,1,0
6,5,c32,0011,0011,0001,-4.816002183360979e-05,-10.625025749206543,10.62497758918471,0.9999542485890378,1,0
6,6,t013,0011,0011,0010,-4.6491527427861e-06,-12.375004768371582,12.37500011921884,0.9999957000604361,1,0
6,7,c20,1011,1011,1010,-1.7881388885143679e-06,-14.375001907348633,14.375000119209744,0.9999986864368878,1,0
6,8,x1,1111,1111,1011,-3.6477540561463684e-05,-12.875414848327637,12.875378370787075,0.999995135625875,1,0
7,1,t102,0110,0110,0100,-0.0007082102820277214,-8.252420425415039,8.251712215133011,0.9993029410558427,1,0
7,2,c02,0110,0110,1100,-1.0728786037361715e-05,-13.750069618225098,13.75005888943906,0.9999983738172386,1,0
7,3,x2,0100,0100,0001,-6.234471220523119e-05,-13.252050399780273,13.251988055068068,0.9999968491823324,1,0
7,4,c30,0100,0100,1100,-2.0265558760002023e-06,-13.125003814697266,13.12500178814139,0.9999979031750879,1,0
7,5,x0,1100,1100,1000,-1.7881377516459906e-06,-13.250001907348633,13.250000119210881,0.9999982301555048,1,0
7,6,x3,1101,1101,1100,-0.00011813317541964352,-9.750118255615234,9.750000122439815,0.9999402888365262,1,0
7,7,x2,1111,1111,1110,-0.0031982052605599165,-5.753198146820068,5.749999941559508,0.9968250041384655,1,0
7,8,t120,0111,0111,1011,-2.3841830625315197e-06,-13.474081993103027,13.474079608919965,0.9999976856147281,1,0
8,1,c32,0101,0101,0110,-0.0022783291060477495,-6.379266738891602,6.376988409785554,0.997726481586087,1,0
8,2,t123,0101,0101,0100,-3.826581087196246e-05,-11.50003719329834,11.499998927487468,0.9999863856949919,1,0
8,3,x1,0001,0001,0101,-0.0001239703706232831,-14.500123977661133,14.50000000729051,0.9999993676786686,1,0
8,4,s30,1000,1000,0001,-2.622603005875135e-06,-14.000077247619629,14.000074625016623,0.9999987099749149,1,0
8,5,t103,1000,1000,1001,-8.594815153628588e-05,-12.62508487701416,12.624998928862624,0.9999940009039588,1,0
8,6,c13,1000,1000,1100,-1.8238899428979494e-05,-13.375025749206543,13.375007510307114,0.9999974692486969,1,0
8,7,t301,1000,1000,1100,-0.126939058303833,-2.126939058303833,2.0,0.8807969467568224,1,0
8,8,x1,1100,1100,1000,-0.00012981049076188356,-17.13184928894043,17.131719478449668,0.9999999465585583,1,0
9,1,c23,1100,1100,1101,-0.16025857627391815,-1.9102585315704346,1.7499999552965164,0.8519415542880127,1,0
9,2,s32,1100,1100,1001,-0.0008579753339290619,-7.195766448974609,7.19490847364068,0.9991551343603229,1,0
9,3,s01,1100,1100,1010,-0.014631812460720539,-4.264857769012451,4.250225956551731,0.9855049126581229,1,0
9,4,s03,0101,0101,0100,-0.004235385917127132,-5.75423526763916,5.749999881722033,0.9957926585675002,1,0
9,5,x2,0111,0111,0110,-7.29544335626997e-05,-14.000072479248047,13.999999524814484,0.999998902891574,1,0
9,6,t013,0111,0111,0110,-1.323216019954998e-05,-11.37501335144043,11.37500011928023,0.9999881376212822,1,0
9,7,s03,1110,1110,1101,-8.952435018727556e-05,-9.875862121582031,9.875772597231844,0.9999113630103574,1,0
9,8,x3,1111,1111,1101,-1.8000533600570634e-05,-12.438427925109863,12.438409924576263,0.9999943552495776,1,0
10,1,t210,1101,1101,1001,-0.0008694863063283265,-7.250872611999512,7.250003125693183,0.9991317656003368,1,0
10,2,s30,1101,1101,0111,-3.290158565505408e-05,-11.25135612487793,11.251323223292275,0.9999749145229607,1,0
10,3,c31,1001,1001,1101,-2.5868221200653352e-05,-10.880256652832031,10.88023078461083,0.9999785113313002,1,0
10,4,c32,1011,1011,1001,-0.00032038980862125754,-10.875317573547363,10.874997183738742,0.9999779766194716,1,0
10,5,x0,0011,0011,1011,-2.3841855067985307e-07,-15.378180503845215,15.378180265426664,0.9999997748735471,1,0
10,6,x0,1011,1011,1010,-1.9073479506914737e-06,-13.875001907348633,13.875000000000682,0.9999983406548766,1,0
10,7,t213,1011,1011,1010,-0.21706923842430115,-5.967069149017334,5.749999910593033,0.9967950110312525,1,0
10,8,s13,1110,1110,1101,-0.0002049123722827062,-9.143385887145996,9.143180974773713,0.9998048515822018,1,0
11,1,x3,1101,1101,1100,-0.0004438811738509685,-8.125443458557129,8.124999577383278,0.9996973679407052,1,0
11,2,x0,0101,0101,0011,-2.5033937163243536e-06,-13.804756164550781,13.804753661157065,0.9999978676508864,1,0
11,3,t213,0101,0101,0100,-9.500620944891125e-05,-10.875094413757324,10.874999407547875,0.9999797078546084,1,0
11,4,c02,0101,0101,1111,-5.662297553499229e-05,-14.964082717895508,14.964026094919973,0.9999992735227448,1,0
11,5,c32,0111,0111,0110,-1.3828227565682027e-05,-11.62501335144043,11.624999523212864,0.9999899255500854,1,0
11,6,t120,1111,1111,0111,-0.00032432438456453383,-8.125295639038086,8.124971314653521,0.9996774625024458,1,0
11,7,s03,1111,1111,1110,-0.0028676134534180164,-5.877867698669434,5.875000085216016,0.9971665282296955,1,0
11,8,c23,1110,1110,1111,-1.0967234629788436e-05,-12.93751049041748,12.93749952318285,0.9999960726791506,1,0
12,1,x1,0011,0011,1011,-0.0009219066123478115,-7.000930309295654,7.0000084026833065,0.9990881808722528,1,0
12,2,c02,0011,0011,1001,-1.1682455806294456e-05,-14.375027656555176,14.37501597409937,0.9999991868122453,1,0
12,3,c30,1011,1011,1010,-1.0728833785833558e-06,-14.125000953674316,14.124999880790938,0.9999990880520454,1,0
12,4,c31,1111,1111,1011,-6.0080627008574083e-05,-11.000054359436035,10.999994278809027,0.9999788921391284,1,0
12,5,s10,1111,1111,1011,-0.012613548897206783,-4.38761043548584,4.374996886588633,0.987491556653904,1,0
12,6,c13,1110,1110,1100,-2.968293847516179e-05,-11.599103927612305,11.59907424467383,0.9999776438649524,1,0
12,7,t302,1110,1110,1100,-0.000277740036835894,-8.876479148864746,8.87620140882791,0.9997352251806807,1,0
12,8,s02,1110,1110,1101,-0.014569247141480446,-4.764608860015869,4.750039612874389,0.9855609337297924,1,0
13,1,c12,1000,1000,1100,-0.0004749552463181317,-9.250483512878418,9.2500085576321,0.9998885650329304,1,0
13,2,t120,1000,1000,1100,-8.344619345734827e-06,-14.625007629394531,14.624999284775186,0.9999994580277505,1,0
13,3,s12,1000,1000,0010,-0.0001640252157812938,-9.39041805267334,9.390254027457559,0.9998403423852358,1,0
13,4,s23,1000,1000,1010,-0.0015199811896309257,-6.5015082359313965,6.499988254741766,0.9984856922963289,1,0
13,5,t201,1000,1000,1100,-8.141711441567168e-05,-9.500082015991211,9.500000598876795,0.999925081670297,1,0
13,6,s23,1000,1000,1010,-3.64775478374213e-05,-10.375036239624023,10.374999762076186,0.9999673361792978,1,0
13,7,t120,1000,1000,1100,-7.152556236178498e-07,-15.125000953674316,15.125000238418693,0.9999996097728236,1,0
13,8,x3,1001,1001,1000,-4.756349153467454e-05,-12.87504768371582,12.875000120224286,0.9999972812233814,1,0
14,1,c31,1000,1000,1100,-0.029762813821434975,-3.5297632217407227,3.5000004079192877,0.9706775406951466,1,0
14,2,c10,1000,1000,1100,-2.4199291146942414e-05,-10.875024795532227,10.87500059624108,0.9999809250763319,1,0
14,3,x3,1001,1001,1000,-0.00019715283997356892,-14.250197410583496,14.250000257743523,0.9999992196626112,1,0
14,4,t013,1001,1001,1011,-0.0011902065016329288,-6.752897262573242,6.751707056071609,0.9988276281113553,1,0
14,5,c30,0001,0001,0101,-0.0005871009780094028,-7.625586986541748,7.624999885563739,0.9994160541889738,1,0
14,6,s02,0001,0001,1000,-0.0010403996566310525,-6.881971836090088,6.880931436433457,0.998963536559364,1,0
14,7,c12,0001,0001,0011,-1.2397713362588547e-05,-11.500442504882812,11.50043010716945,0.9999893152824573,1,0
14,8,s03,1000,1000,0001,-0.002814760897308588,-5.877808570861816,5.874993809964508,0.9971911030576451,1,0
15,1,c13,1110,1110,1100,-0.00032670862856321037,-8.40645980834961,8.406133099721046,0.9996796613292968,1,0
15,2,c01,1010,1010,1011,-0.0008052927441895008,-7.125804901123047,7.124999608378857,0.999195551328038,1,0
15,3,t132,1010,1010,1110,-0.00010049100092146546,-10.000109672546387,10.000009181545465,0.9999529779513168,1,0
15,4,s01,0110,0110,1010,-0.0005402693641372025,-7.784133434295654,7.783593164931517,0.9994846690878381,1,0
15,5,t230,0110,0110,1110,-7.152556236178498e-07,-14.625005722045898,14.625005006790275,0.999999494925625,1,0
15,6,s30,0110,0110,1110,-0.0003318380913697183,-8.251635551452637,8.251303713361267,0.9996911583718397,1,0
15,7,x2,0100,0100,0000,-5.8412460930412635e-06,-14.326021194458008,14.326015353211915,0.9999988667637337,1,0
15,8,s20,0100,0100,0010,-0.0007325228652916849,-7.751110553741455,7.750378030876163,0.9992699156851153,1,0
16,1,c12,1000,1000,1100,-0.00013625257997773588,-9.750139236450195,9.750002983870218,0.9999146329623548,1,0
16,2,c12,1000,1000,1100,-1.4543472389050294e-05,-13.375022888183594,13.375008344711205,0.999997230927964,1,0
16,3,s23,1000,1000,1010,-0.00011133678344776854,-9.250107765197754,9.249996428414306,0.9998946147628518,1,0
16,4,x1,1100,1100,1000,-4.076874756719917e-05,-16.875106811523438,16.87506604277587,0.9999999366392252,1,0
16,5,s03,0101,0101,1100,-0.00020443261018954217,-8.923751831054688,8.923547398444498,0.9998176837792486,1,0
16,6,t231,0101,0101,1101,-2.980230647153803e-06,-15.250020027160645,15.250017046929997,0.9999994444936469,1,0
16,7,s23,0110,0110,0011,-0.0027059356216341257,-6.002919673919678,6.000213738298044,0.9973223909618428,1,0
16,8,c32,0110,0110,0100,-8.821461051411461e-06,-12.250718116760254,12.250709295299202,0.9999950678523518,1,0
17,1,s10,0101,0101,1001,-0.04867153242230415,-3.0486035346984863,2.999932002276182,0.9524999034655889,1,0
17,2,s10,1001,1001,1000,-4.041114152641967e-05,-10.125040054321289,10.124999643179763,0.9999597825913482,1,0
17,3,s01,0101,0101,1001,-0.0015388078754767776,-6.50151252746582,6.4999737195903435,0.9984682926396974,1,0
17,4,s13,0101,0101,0110,-0.00492883613333106,-5.379951477050781,5.37502264091745,0.9950842528847844,1,0
17,5,x1,0001,0001,0101,-3.09939932776615e-05,-14.937530517578125,14.937499523584847,0.9999995718077453,1,0
17,6,c02,0001,0001,1011,-6.4372934502898715e-06,-15.724223136901855,15.724216699608405,0.9999996074086768,1,0
17,7,x2,0011,0011,0010,-2.9563521820819005e-05,-13.875029563903809,13.875000000381988,0.9999989068664631,1,0
17,8,t012,0011,0011,0010,-2.9802297376591014e-06,-15.00000286102295,14.999999880793212,0.9999995472596874,1,0
18,1,t023,1011,1011,1010,-0.0026818630285561085,-6.002681732177734,5.999999869149178,0.9973466419163958,1,0
18,2,s23,1011,1011,1010,-6.198747723829001e-05,-9.875061988830566,9.875000001353328,0.9999427533751364,1,0
18,3,t013,1011,1011,1001,-6.747156294295564e-05,-10.250044822692871,10.249977351129928,0.9999382044463355,1,0
18,4,c03,1010,1010,1011,-6.318085070233792e-06,-13.187505722045898,13.187499403960828,0.9999975193182096,1,0
18,5,t102,1010,1010,1011,-0.00022301975695881993,-11.125222206115723,11.124999186358764,0.999981618522572,1,0
18,6,c20,0010,0010,1010,-2.396089257672429e-05,-11.000017166137695,10.999993205245119,0.9999769906295352,1,0
18,7,t302,0010,0010,0011,-3.0994374355941545e-06,-15.37500286102295,15.374999761585514,0.9999997407644202,1,0
18,8,s23,0001,0001,0010,-0.009780175983905792,-4.634854793548584,4.625074617564678,0.9902861324780295,1,0
19,1,x1,1100,1100,0100,-1.692757723503746e-05,-15.750020027160645,15.75000309958341,0.9999996885507914,1,0
19,2,s01,1100,1100,0110,-0.0053599560633301735,-5.753231048583984,5.747871092520654,0.9957850598847463,1,0
19,3,x1,1000,1000,1100,-1.5139486094994936e-05,-15.918014526367188,15.917999386881093,0.9999998213143688,1,0
19,4,t023,1000,1000,1001,-0.00018226256361231208,-9.125182151794434,9.124999889230821,0.9998877649490963,1,0
19,5,c13,1000,1000,0000,-3.874230969813652e-05,-12.62506103515625,12.625022292846552,0.9999956092446991,1,0
19,6,x3,1001,1001,1000,-0.0001723626919556409,-12.12517261505127,12.125000252359314,0.9999940134706701,1,0
19,7,c30,0001,0001,1001,-6.854304228909314e-05,-9.625067710876465,9.624999167834176,0.999933293337544,1,0
19,8,t230,0001,0001,1001,-0.0009277330245822668,-7.000936985015869,7.000009251991287,0.9990889239111836,1,0
20,1,c23,1111,1111,1110,-0.0003724722773768008,-8.000371932983398,7.999999460706022,0.9996611423907047,1,0
20,2,t032,1101,1101,1110,-2.5629879019106738e-05,-12.064260482788086,12.064234852909067,0.9999876536675458,1,0
20,3,t102,1111,1111,1110,-0.00018988885858561844,-10.375188827514648,10.374998938656063,0.9999605268790771,1,0
20,4,x0,0111,0111,0011,-5.960463340670685e-07,-15.25,15.249999403953666,0.9999997041220693,1,0
20,5,c20,1111,1111,1110,-2.026556785494904e-06,-13.875001907348633,13.874999880791847,0.9999982408208564,1,0
20,6,s13,1111,1111,1011,-1.6450820112368092e-05,-11.50001335144043,11.499996900620317,0.9999840144479163,1,0
20,7,x0,0111,0111,1111,-2.3841856489070778e-07,-15.750298500061035,15.75029826164247,0.9999997053023084,1,0
20,8,x1,0011,0011,0101,-0.0009139181347563863,-14.437886238098145,14.436972319963388,0.9999994199508825,1,0
21,1,s03,1010,1010,1001,-0.00031813926761969924,-8.376644134521484,8.376325995253865,0.9996845745563822,1,0
21,2,s20,1010,1010,0011,-0.0021482957527041435,-6.483092784881592,6.480944489128888,0.9978684418128431,1,0
21,3,x3,1011,1011,1001,-8.964152948465198e-05,-13.710835456848145,13.71074581531866,0.9999984910254248,1,0
21,4,c23,1010,1010,1011,-0.004603479988873005,-8.129603385925293,8.12499990593642,0.9996997330423126,1,0
21,5,x0,0010,0010,1010,-1.1920928244535389e-07,-16.250001907348633,16.25000178813935,0.9999998662814048,1,0
21,6,x0,1010,1010,1000,-1.5497195136049413e-06,-13.375001907348633,13.37500035762912,0.9999984016450515,1,0
21,7,x0,0010,0010,1010,-9.655906978878193e-06,-11.625500679016113,11.625491023109134,0.9999909470540645,1,0
21,8,c31,0010,0010,0110,-0.0004307296476326883,-7.750431060791016,7.750000331143383,0.9995693798214675,1,0
22,1,x3,0101,0101,0100,-0.0017146874452009797,-6.376714706420898,6.3750000189756975,0.9982961442121095,1,0
22,2,t201,0101,0101,0001,-6.389505870174617e-05,-10.875069618225098,10.875005723166396,0.9999785284293988,1,0
22,3,s12,0011,0011,0101,-0.007918561808764935,-4.895126819610596,4.887208257801831,0.9924183010772761,1,0
22,4,s32,0011,0011,0010,-0.00046735754585824907,-8.000467300415039,7.999999942869181,0.9995346505957309,1,0
22,5,c23,0010,0010,0011,-1.3112974556861445e-05,-11.750012397766113,11.749999284791556,0.9999918139665331,1,0
22,6,c12,0010,0010,0000,-1.7404445316060446e-05,-11.12527847290039,11.125261068455075,0.9999842710034612,1,0
22,7,t321,0010,0010,0110,-2.2649753645964665e-06,-14.62509822845459,14.625095963479225,0.9999994456625871,1,0
22,8,x1,0110,0110,0100,-5.602824785455596e-06,-12.250005722045898,12.250000119221113,0.999994473865022,1,0
23,1,x3,1000,1000,0000,-0.0002504349686205387,-8.891276359558105,8.891025924589485,0.9998404516272911,1,0
23,2,s21,1000,1000,1100,-0.00021063232270535082,-9.000198364257812,8.999987731935107,0.9998673182472126,1,0
23,3,s30,0001,0001,1000,-0.000386641884688288,-7.875401973724365,7.875015331839677,0.9996155148166368,1,0
23,4,t201,0001,0001,0101,-1.4305109061751864e-06,-16.375003814697266,16.37500238418636,0.9999998861221621,1,0
23,5,x1,0101,0101,0100,-4.291529876354616e-06,-12.812503814697266,12.81249952316739,0.9999969140621945,1,0
23,6,s10,1001,1001,1000,-0.0003045547637157142,-9.125304222106934,9.124999667343218,0.9998908198927688,1,0
23,7,t301,1101,1101,1001,-0.0017108613392338157,-6.376710414886475,6.374999553547241,0.9982985499201008,1,0
23,8,s12,1011,1011,1101,-0.11299962550401688,-2.238786220550537,2.1257865950465202,0.893226329338922,1,0
24,1,s13,0110,0110,1100,-0.002296677092090249,-6.133919715881348,6.131623038789257,0.9977081414798046,1,0
24,2,x2,0100,0100,1100,-0.0002355305477976799,-11.000234603881836,10.999999073334038,0.9999826193083423,1,0
24,3,c32,0100,0100,0110,-1.1444026313256472e-05,-16.750011444091797,16.750000000065484,0.9999998061072971,1,0
24,4,s02,0100,0100,0010,-0.0022049867548048496,-6.752263069152832,6.750058082398027,0.9977983728070435,1,0
24,5,x2,0110,0110,0010,-6.234506145119667e-05,-16.75006866455078,16.75000631948933,0.9999999131214294,1,0
24,6,c03,0110,0110,0100,-1.3470616067934316e-05,-13.56263542175293,13.562621951136862,0.9999969111930893,1,0
24,7,t032,0110,0110,1110,-3.075557106058113e-05,-13.376551628112793,13.376520872541732,0.9999980209652325,1,0
24,8,s21,0110,0110,0011,-0.002095248084515333,-6.252097129821777,6.250001881737262,0.9979142141292264,1,0
25,1,c13,1100,1100,1110,-0.029941093176603317,-3.5325875282287598,3.5026464350521564,0.9705231078079142,1,0
25,2,t230,1100,1100,1000,-1.0728833785833558e-06,-15.500041961669922,15.500040888786543,0.9999995010449712,1,0
25,3,t320,1100,1100,1000,-2.9802283734170487e-06,-16.12514305114746,16.125140070919088,0.9999997184880756,1,0
25,4,c21,1100,1100,1110,-6.186876998981461e-05,-10.250061988830566,10.250000120060577,0.9999607608776538,1,0
25,5,t031,1100,1100,1000,-3.3378578336851206e-06,-13.375020980834961,13.375017642977127,0.9999980887620636,1,0
25,6,t312,1100,1100,1110,-2.3484033590648323e-05,-12.75002384185791,12.75000035782432,0.9999962493542922,1,0
25,7,t130,1100,1100,0100,-5.686123404302634e-05,-12.000056266784668,11.999999405550625,0.9999933733450426,1,0
25,8,x2,1110,1110,1010,-0.00014494804781861603,-14.876315116882324,14.876170168834506,0.9999996240526762,1,0
26,1,t210,1101,1101,1001,-0.0008262733463197947,-7.125833988189697,7.1250077148433775,0.9991743622339676,1,0
26,2,x3,1100,1100,1000,-0.00024280085926875472,-13.25174617767334,13.251503376814071,0.999998117653445,1,0
26,3,x1,1000,1000,1010,-0.00012671166041400284,-15.375125885009766,15.374999173349352,0.9999995746067487,1,0
26,4,s23,1000,1000,1010,-0.000384869403205812,-8.000382423400879,7.999997553997673,0.9996573639004241,1,0
26,5,c31,1000,1000,1100,-5.722036803490482e-06,-12.500005722045898,12.500000000009095,0.9999961933359268,1,0
26,6,s21,1000,1000,1100,-0.0003917682624887675,-7.875391483306885,7.874999715044396,0.9996189360197674,1,0
26,7,s30,0001,0001,1000,-0.0003529209934640676,-8.000374794006348,8.000021873012884,0.9996510959832424,1,0
26,8,s32,0010,0010,0001,-6.341819243971258e-05,-10.2504243850708,10.250360966878361,0.9999637605881511,1,0
27,1,t213,1100,1100,1101,-0.05490996316075325,-2.9299099445343018,2.8749999813735485,0.946580040465458,1,0
27,2,x0,0100,0100,0000,-1.9073477233177982e-06,-13.750406265258789,13.750404357911066,0.9999981808146409,1,0
27,3,x0,1100,1100,1000,-1.5497201957259676e-06,-14.375001907348633,14.375000357628437,0.9999993979809629,1,0
27,4,x1,1000,1000,1010,-7.867544627515599e-05,-12.500079154968262,12.500000479521987,0.9999948413160084,1,0
27,5,t130,1000,1000,1100,-3.5762750485446304e-06,-12.875003814697266,12.875000238422217,0.9999973496895083,1,0
27,6,x0,0000,0000,1000,-6.437280717364047e-06,-12.008621215820312,12.008614778539595,0.9999937385012487,1,0
27,7,c03,0000,0000,0001,-2.86102044810832e-06,-14.25000286102295,14.250000000002501,0.9999990889093787,1,0
27,8,s31,0000,0000,0100,-0.006015031598508358,-5.130939483642578,5.12492445204407,0.9940142125446239,1,0
28,1,x1,1111,1111,1011,-4.410740075400099e-06,-13.50000286102295,13.499998450282874,0.9999973329788474,1,0
28,2,x3,1110,1110,1010,-7.140464003896341e-05,-13.008681297302246,13.008609892662207,0.9999953375267879,1,0
28,3,c01,1010,1010,1011,-2.7418113859312143e-06,-13.125001907348633,13.124999165537247,0.9999976048440071,1,0
28,4,t320,1010,1010,0010,-1.8596496374811977e-05,-11.000018119812012,10.999999523315637,0.999982391737086,1,0
28,5,x1,1110,1110,1100,-0.00010263402509735897,-14.125102996826172,14.125000362801075,0.9999991325457804,1,0
28,6,c02,1100,1100,1000,-1.4662682588095777e-05,-12.516983032226562,12.516968369543974,0.9999958858505643,1,0
28,7,c23,1100,1100,1101,-0.00021718269272241741,-8.625216484069824,8.624999301377102,0.9998178905687543,1,0
28,8,c21,1100,1100,1000,-4.3391519284341484e-05,-12.252517700195312,12.252474308676028,0.9999930290399967,1,0
29,1,t312,0100,0100,0101,-0.0003656775807030499,-8.000365257263184,7.9999995796824805,0.9996373402892489,1,0
29,2,s12,0010,0010,0100,-0.026496315374970436,-3.6513094902038574,3.624813174828887,0.9739203864401066,1,0
29,3,s21,0100,0100,0010,-7.617268420290202e-05,-9.876391410827637,9.876315238143434,0.9999485004562562,1,0
29,4,t230,0100,0100,1100,-5.960463340670685e-07,-14.750000953674316,14.750000357627982,0.9999994894755824,1,0
29,5,t130,0100,0100,1100,-1.6689286894688848e-06,-16.25001335144043,16.25001168251174,0.9999998030507143,1,0
29,6,t013,0100,0100,0101,-2.2411162717617117e-05,-10.875022888183594,10.875000477020876,0.9999808727411282,1,0
29,7,x2,0110,0110,1110,-0.0003955778374802321,-15.250420570373535,15.250024992536055,0.9999995373381751,1,0
29,8,t210,1110,1110,0110,-0.0890672579407692,-2.4639580249786377,2.3748907670378685,0.9147956853806418,1,0
30,1,t120,1110,0110,0110,-1.701462984085083,-0.201414555311203,-1.50004842877388,0.18241655279786848,0,0
30,2,s21,1110,1110,1011,-7.498086779378355e-05,-9.750073432922363,9.74999845205457,0.999925423706272,1,0
30,3,c10,0110,0110,0010,-5.9604526541079395e-06,-12.825944900512695,12.825938940060041,0.9999951523586016,1,0
30,4,c01,0110,0110,0010,-1.7404445316060446e-05,-11.125022888183594,11.125005483738278,0.9999832092967984,1,0
30,5,x2,0100,0100,0101,-3.123249189229682e-05,-14.125031471252441,14.125000238760549,0.9999989780195799,1,0
30,6,s20,0100,0100,1100,-0.00023351343406829983,-8.627351760864258,8.62711824743019,0.9997686179166831,1,0
30,7,x1,0000,0000,0010,-4.1007413528859615e-05,-13.875041007995605,13.875000000582077,0.9999988148849687,1,0
30,8,s10,0000,0000,0001,-2.3841856489070778e-07,-15.75,15.749999761581435,0.9999997523464688,1,0
31,1,t012,0011,0011,1011,-1.0490397471585311e-05,-12.663171768188477,12.663161277791005,0.9999932028468667,1,0
31,2,t310,0011,0011,1011,-0.00012444680032785982,-9.000126838684082,9.000002391883754,0.999876252952577,1,0
31,3,t320,1011,1011,1010,-2.980229965032777e-06,-13.12500286102295,13.124999880792984,0.9999973881596654,1,0
31,4,x1,1111,1111,1011,-1.8596550944494084e-05,-12.875017166137695,12.87499856958675,0.999995224514585,1,0
31,5,t203,1110,1110,1111,-6.0676527937175706e-05,-10.250060081481934,10.249999404953996,0.9999602449272549,1,0
31,6,s01,1110,1110,1011,-0.00025997753255069256,-8.87520980834961,8.874949830817059,0.9997984945022068,1,0
31,7,t230,1110,1110,0110,-1.3589798982138745e-05,-11.50001049041748,11.499996900618498,0.9999887378735562,1,0
31,8,x0,0110,0110,0010,-1.3113015029375674e-06,-13.761048316955566,13.761047005654063,0.9999987788882606,1,0
32,1,x1,1000,1000,1010,-3.0040557248867117e-05,-11.875029563903809,11.87499952334656,0.9999913303182678,1,0
32,2,x0,0000,0000,1000,-1.1920922133867862e-06,-14.250000953674316,14.249999761582103,0.9999993223442372,1,0
32,3,s13,0000,0000,0001,-4.649080437957309e-05,-10.125045776367188,10.124999285562808,0.9999537136256821,1,0
32,4,x0,1000,1000,1100,-1.072883264896518e-06,-14.250000953674316,14.249999880791052,0.999999330040194,1,0
32,5,s23,1000,1000,1010,-0.00025639779050834477,-8.500246047973633,8.499989650183124,0.9997849987590397,1,0
32,6,t102,1000,1000,1010,-6.0318194300634786e-05,-14.000060081481934,13.999999763287633,0.9999982586765037,1,0
32,7,x0,0000,0000,1000,-2.622600959512056e-06,-13.375008583068848,13.375005960467888,0.9999984351855445,1,0
32,8,c32,0000,0000,0001,-1.0728830375228426e-06,-17.875001907348633,17.875000834465595,0.9999999714938651,1,0
33,1,s02,0011,0011,1001,-0.2046390026807785,-1.701443076133728,1.4968040734529495,0.8149630708104726,1,0
33,2,c02,0011,0011,0010,-1.7881382063933415e-06,-15.875000953674316,15.87499916553611,0.9999998044874103,1,0
33,3,t301,0011,0011,0111,-0.029765436425805092,-3.5297677516937256,3.5000023152679205,0.9706875558674787,1,0
33,4,s10,0011,0011,0110,-0.0062260678969323635,-5.134631156921387,5.128405089024454,0.9937941398181112,1,0
33,5,c02,0011,0011,0010,-5.125991265231278e-06,-15.000004768371582,14.999999642380317,0.9999996438291839,1,0
33,6,t021,0011,0011,0111,-6.0437407228164375e-05,-9.750060081481934,9.749999644074705,0.9999416681518015,1,0
33,7,x2,0001,0001,0010,-2.5272142011090182e-05,-14.501727104187012,14.501701832045,0.999999384765606,1,0
33,8,c32,0011,0011,0001,-5.340508505469188e-05,-10.500028610229492,10.499975205144437,0.999948150223394,1,0
34,1,s23,1100,1100,1110,-0.0044461204670369625,-5.629446029663086,5.624999909196049,0.995633321742938,1,0
34,2,t013,1101,1101,1100,-0.01816796138882637,-4.018167495727539,3.9999995343387127,0.9820125040503188,1,0
34,3,t102,1111,1111,1110,-0.000360193254891783,-10.875359535217285,10.874999341962393,0.9999801625253915,1,0
34,4,s21,1111,1111,1011,-0.0003312547050882131,-9.000128746032715,8.999797491327627,0.9997670326584408,1,0
34,5,c20,0111,0111,1111,-8.34464913168631e-07,-15.000014305114746,15.000013470649833,0.9999994392662712,1,0
34,6,t012,0111,0111,0011,-9.536704965285026e-06,-14.250001907348633,14.249992370643668,0.9999988590912319,1,0
34,7,x2,0101,0101,0100,-1.1801672371802852e-05,-14.625011444091797,14.624999642419425,0.9999992439544533,1,0
34,8,t132,0111,0111,0101,-3.302074401290156e-05,-10.875028610229492,10.87499558948548,0.999974849770977,1,0
35,1,x2,0110,0110,1110,-0.00025305134477093816,-9.375401496887207,9.375148445542436,0.999906900618234,1,0
35,2,t312,0110,0110,0100,-7.915208698250353e-05,-9.51611614227295,9.516036990185967,0.9999239305496627,1,0
35,3,c30,0110,0110,1110,-8.463834092253819e-06,-11.875012397766113,11.875003933932021,0.9999927570872883,1,0
35,4,t032,0110,0110,0100,-4.172321041551186e-06,-14.500032424926758,14.500028252605716,0.9999991890286712,1,0
35,5,x0,1110,1110,1010,-2.7418113859312143e-06,-13.12500286102295,13.125000119211563,0.9999973540099012,1,0
35,6,s20,1110,1110,0111,-0.0017100382829084992,-6.376861572265625,6.3751515339827165,0.9982928632557072,1,0
35,7,s03,0111,0111,1110,-0.002315815770998597,-6.146273612976074,6.143957797205076,0.9977206156883666,1,0
35,8,c02,0111,0111,0110,-1.5139480638026726e-05,-16.00001335144043,15.999998211959792,0.9999997099050808,1,0
36,1,s20,0001,0001,1000,-0.018153522163629532,-4.018155574798584,4.0000020526349545,0.9820111330277004,1,0
36,2,x1,0101,0101,0100,-3.576273911676253e-06,-12.68750286102295,12.687499284749038,0.9999965945052831,1,0
36,3,c23,0101,0101,0100,-0.0012428653426468372,-7.376242637634277,7.3749997722916305,0.9993617635491403,1,0
36,4,s32,0110,0110,0011,-0.0007530306465923786,-7.2507429122924805,7.249989881645888,0.9992480020099321,1,0
36,5,x0,1110,1110,1010,-7.748586540401448e-06,-12.250007629394531,12.24999988080799,0.9999929497775,1,0
36,6,c23,1111,1111,1101,-0.00019394262926653028,-11.627114295959473,11.626920353330206,0.9999802274000469,1,0
36,7,s30,1111,1111,1110,-0.0008863410330377519,-7.1258864402771,7.125000099244062,0.9991298650449351,1,0
36,8,t132,1101,1101,1011,-0.0005170106305740774,-7.62550163269043,7.624984622059856,0.9995039184006852,1,0
37,1,x2,1100,1100,1000,-0.00026378771872259676,-8.500280380249023,8.5000165925303,0.9997945705988183,1,0
37,2,c03,1101,1101,1100,-0.00011264961358392611,-9.625112533569336,9.624999883955752,0.9999327891567716,1,0
37,3,c31,1001,1001,1101,-0.00014471358736045659,-9.125113487243652,9.124968773656292,0.99985989354426,1,0
37,4,t321,1001,1001,1101,-0.0007518381462432444,-7.250755786895752,7.250003948749509,0.9992900755813864,1,0
37,5,s21,1001,1001,1100,-0.00011205328337382525,-9.50017261505127,9.500060561767896,0.9999205095360489,1,0
37,6,c23,1001,1001,1011,-2.3364949811366387e-05,-12.50020694732666,12.500183582376849,0.99999383332128,1,0
37,7,c31,1101,1101,1001,-7.867797648941632e-06,-12.250007629394531,12.249999761596882,0.9999949926587907,1,0
37,8,x3,1100,1100,1000,-9.083410259336233e-05,-13.250097274780273,13.25000644067768,0.9999972661868191,1,0
38,1,s03,1010,1010,0011,-4.053081647725776e-05,-10.75002670288086,10.749986172064382,0.9999628951216104,1,0
38,2,t103,1010,1010,1011,-0.005942497402429581,-5.130942344665527,5.124999847263098,0.9940829857750287,1,0
38,3,t031,1010,1010,1110,-0.00035411439603194594,-8.000364303588867,8.000010189192835,0.9996639808254372,1,0
38,4,c03,1011,1011,1010,-1.2278531357878819e-05,-12.500012397766113,12.500000119234755,0.9999951754541213,1,0
38,5,t102,1011,1011,1001,-0.00024305398983415216,-9.250168800354004,9.24992574636417,0.9998931704208109,1,0
38,6,t013,1011,1011,1010,-0.0011979592964053154,-6.751197814941406,6.749999855645001,0.9988141743126706,1,0
38,7,s32,1011,1011,1001,-1.8358154193265364e-05,-11.375016212463379,11.374997854309186,0.9999816250631549,1,0
38,8,t201,1111,1111,1011,-2.7775597118306905e-05,-11.000022888183594,10.999995112586475,0.9999786549934758,1,0
39,1,c01,0101,0101,0001,-0.0003145577502436936,-8.250313758850098,8.249999201099854,0.9996870595700436,1,0
39,2,x0,1101,1101,1100,-1.3113019576849183e-06,-14.250000953674316,14.249999642372359,0.9999987731063882,1,0
39,3,t102,1111,1111,1110,-7.831816037651151e-05,-11.875079154968262,11.875000836807885,0.9999904392976545,1,0
39,4,c32,1101,1101,1011,-2.2888027160661295e-05,-12.125943183898926,12.125920295871765,0.9999941309305205,1,0
39,5,t230,1101,1101,0101,-0.0034828593488782644,-5.753473281860352,5.749990422511473,0.9968182658576555,1,0
39,6,c31,1001,1001,1101,-7.593489135615528e-05,-10.500085830688477,10.50000989579712,0.9999698944497482,1,0
39,7,x3,1000,1000,0000,-5.447723378892988e-05,-13.187987327575684,13.187932850341895,0.9999972053495702,1,0
39,8,x2,1010,1010,1000,-3.1470757676288486e-05,-17.50046157836914,17.500430107611464,0.9999999465127605,1,0
40,1,s21,1010,1010,1100,-0.04384096711874008,-3.1688084602355957,3.1249674931168556,0.9571334476355485,1,0
40,2,s02,1010,1010,0011,-0.696799635887146,-0.8541775345802307,0.15737789869308472,0.49818654142990926,1,0
40,3,x2,1000,1000,0001,-0.0005638230941258371,-14.36164665222168,14.361082829127554,0.9999993660930669,1,0
40,4,x3,1001,1001,1000,-7.164280395954847e-05,-11.62507152557373,11.624999882769771,0.9999899261861541,1,0
40,5,s10,0101,0101,1001,-0.0029287158977240324,-5.878096103668213,5.875167387770489,0.9970789210223173,1,0
40,6,s32,0110,0110,0011,-0.001323128119111061,-6.751245498657227,6.7499223705381155,0.9986797426510781,1,0
40,7,x2,0100,0100,0001,-2.324567140021827e-05,-13.04932689666748,13.04930365099608,0.9999968273901765,1,0
40,8,x3,0101,0101,0100,-0.00040346599416807294,-8.000404357910156,8.000000891915988,0.9996622759436835,1,0
41,1,t013,0010,0010,0011,-0.0011430425802245736,-7.251142978668213,7.249999936087988,0.9992888910733738,1,0
41,2,x1,0110,0110,0100,-3.647741687018424e-05,-10.250036239624023,10.249999762207153,0.9999641693175473,1,0
41,3,t013,0110,0110,0111,-0.20141859352588654,-1.7014186382293701,1.5000000447034836,0.8175739635524355,1,0
41,4,s30,0110,0110,1110,-2.1695961549994536e-05,-11.125216484069824,11.125194788108274,0.9999802666044056,1,0
41,5,c21,0010,0010,0110,-5.948381658527069e-05,-10.00006103515625,10.000001551339665,0.9999542869130278,1,0
41,6,c31,0010,0010,0110,-9.536741458759934e-07,-14.87500286102295,14.875001907348803,0.9999995997558949,1,0
41,7,x2,0000,0000,0001,-2.2411111785913818e-05,-15.625021934509277,15.624999523397491,0.9999996775469339,1,0
41,8,c12,0000,0000,0001,-1.7881380927065038e-06,-15.625001907348633,15.62500011921054,0.9999996213487762,1,0
42,1,c20,0010,0010,0011,-0.0002643791085574776,-8.375264167785645,8.374999788677087,0.9997492002175151,1,0
42,2,c21,0110,0110,0010,-8.213359978981316e-05,-10.750077247619629,10.749995114019839,0.999969485755351,1,0
42,3,x1,0010,0010,1010,-0.00015913638344500214,-10.2501220703125,10.249962933929055,0.9999540458491424,1,0
42,4,x3,0011,0011,0010,-4.7683656703156885e-06,-12.625003814697266,12.624999046331595,0.999996599520867,1,0
42,5,t310,0011,0011,1011,-1.3589772606792394e-05,-13.250040054321289,13.250026464548682,0.999997780067108,1,0
42,6,t102,0011,0011,0010,-6.258307985262945e-05,-13.500062942504883,13.50000035942503,0.9999985233935055,1,0
42,7,s31,0110,0110,0011,-0.0003224257961846888,-8.250307083129883,8.249984657333698,0.9996780418577187,1,0
42,8,c20,1110,1110,1010,-7.390959581243806e-06,-12.125006675720215,12.124999284760634,0.9999928099515737,1,0
43,1,x3,1010,1010,1011,-6.818674592068419e-05,-10.625067710876465,10.624999524130544,0.9999571598726015,1,0
43,2,c30,1010,1010,1011,-3.21864899888169e-06,-13.375003814697266,13.375000596048267,0.9999966898098048,1,0
43,3,t201,1110,1110,1010,-6.878281419631094e-05,-10.75006103515625,10.749992252342054,0.9999679495536662,1,0
43,4,s13,1011,1011,1110,-0.02829071693122387,-3.7018845081329346,3.6735937912017107,0.9740412592835775,1,0
43,5,t203,1010,1010,1011,-2.5629831725382246e-05,-12.000025749206543,12.000000119374818,0.999991622191478,1,0
43,6,x0,0010,0010,1010,-2.3841855067985307e-07,-15.375,15.37499976158145,0.9999997341410373,1,0
43,7,t210,0010,0010,1010,-7.617183291586116e-05,-9.500080108642578,9.500003936809662,0.9999250959790887,1,0
43,8,t210,0010,0010,1010,-1.108640390157234e-05,-11.625011444091797,11.625000357687895,0.999990951997659,1,0
44,1,s20,1111,1111,1110,-0.006004187278449535,-5.8810038566589355,5.874999669380486,0.995018663497134,1,0
44,2,t210,0111,0111,1111,-1.7881380927065038e-06,-15.523125648498535,15.523123860360442,0.999999465936345,1,0
44,3,s01,1011,1011,1111,-0.00016532963491044939,-15.131723403930664,15.131558074295754,0.9999996224052325,1,0
44,4,c20,0011,0011,1011,-0.00016652155318297446,-11.750165939331055,11.749999417777872,0.9999918693288278,1,0
44,5,c23,0010,0010,0011,-5.364304888644256e-05,-10.000054359436035,10.000000716387149,0.9999542369506668,1,0
44,6,s23,0001,0001,0010,-0.007610755041241646,-4.882625102996826,4.8750143479555845,0.992421485903439,1,0
44,7,s01,0001,0001,1000,-0.000805887917522341,-7.180693626403809,7.179887738486286,0.9991955335661543,1,0
44,8,x0,1001,1001,1000,-1.1920922133867862e-06,-13.625000953674316,13.624999761582103,0.9999987643921076,1,0
45,1,t203,0001,0001,0000,-1.9073320800089277e-05,-13.625019073486328,13.625000000165528,0.9999985064936744,1,0
45,2,x3,0000,0000,0001,-3.0278926715254784e-05,-12.375029563903809,12.374999284977093,0.9999956271263505,1,0
45,3,c32,0000,0000,0001,-1.6212332411669195e-05,-17.250015258789062,17.24999904645665,0.9999999220135686,1,0
45,4,x1,0100,0100,0000,-5.125986263010418e-06,-18.375009536743164,18.3750044107569,0.9999999751794884,1,0
45,5,t103,0100,0100,0101,-0.00025270204059779644,-8.500251770019531,8.499999067978933,0.9997940135562728,1,0
45,6,s02,0100,0100,1100,-0.004153879825025797,-5.671600818634033,5.667446938809007,0.9958554945459966,1,0
45,7,t012,0100,0100,0110,-9.536741458759934e-07,-15.625000953674316,15.62500000000017,0.9999996330893025,1,0
45,8,x3,0101,0101,0100,-0.0002609207876957953,-11.750260353088379,11.749999432300683,0.9999914420006909,1,0
46,1,s20,0111,1101,1101,-2.9480578899383545,-0.05491890385746956,-2.893138986080885,0.05249199671182016,0,0
46,2,t201,0111,0111,0011,-0.01417392399162054,-4.26417350769043,4.249999583698809,0.9859360765133542,1,0
46,3,t120,1111,1111,1011,-3.5166245652362704e-05,-10.37503433227539,10.374999166029738,0.9999673710511976,1,0
46,4,t132,1101,1101,1111,-0.00017272299737669528,-11.126038551330566,11.12586582833319,0.9999714913640051,1,0
46,5,x2,1111,1111,1110,-0.00017856163321994245,-12.000178337097168,11.999999775463948,0.999988359063948,1,0
46,6,x3,1110,1110,1011,-4.2318933992646635e-05,-12.563305854797363,12.56326353586337,0.9999928895114142,1,0
46,7,c03,1111,1111,1101,-3.15902398142498e-05,-10.876953125,10.876921534760186,0.9999724359094375,1,0
46,8,c21,1011,1011,1111,-3.6120130971539766e-05,-12.500659942626953,12.500623822495982,0.9999960401127059,1,0
47,1,c21,1101,1101,1001,-0.009181328117847443,-4.758737087249756,4.749555759131908,0.9908741195654609,1,0
47,2,t201,1101,1101,1001,-0.000734999543055892,-7.500600814819336,7.49986581527628,0.9993074424083289,1,0
47,3,t310,0101,0101,1101,-0.12699294090270996,-2.127171754837036,2.000178813934326,0.8807755755083372,1,0
47,4,s31,0101,0101,0110,-0.02059362456202507,-3.895594596862793,3.875000972300768,0.979617824212611,1,0
47,5,c10,1101,1101,1001,-9.298291843151674e-06,-11.750007629394531,11.749998331102688,0.9999907714754025,1,0
47,6,c03,1100,1100,1101,-2.2291962523013353e-05,-14.125022888183594,14.12500059622107,0.9999980319138213,1,0
47,7,x0,0100,0100,1100,-7.152556236178498e-07,-14.62907886505127,14.629078149795646,0.9999993245232388,1,0
47,8,s32,0100,0100,0001,-0.0002457878435961902,-8.701621055603027,8.701375267759431,0.9997584063619515,1,0
48,1,s13,0000,0100,0100,-1.4061936140060425,-0.2811894416809082,-1.1250041723251343,0.2450763383013733,0,0
48,2,s13,0000,0000,0100,-0.00026830591377802193,-8.250261306762695,8.249993000848917,0.9997317925978939,1,0
48,3,x3,0001,0001,0000,-3.3378131774952635e-05,-12.875033378601074,12.8750000004693,0.9999971888815343,1,0
48,4,s13,0100,0100,0001,-0.00043215963523834944,-7.750451564788818,7.75001940515358,0.9995693033603824,1,0
48,5,s13,0001,0001,0010,-0.00968748889863491,-4.88786506652832,4.878177577629685,0.9905105378702557,1,0
48,6,c31,0101,0101,0100,-2.1695972463930957e-05,-11.375021934509277,11.375000238536813,0.999978369784065,1,0
48,7,s03,1100,1100,0101,-5.4477910452988e-05,-10.875574111938477,10.875519634028024,0.9999765641200706,1,0
48,8,c32,1100,1100,1110,-1.4662657122244127e-05,-13.500014305114746,13.499999642457624,0.99999848626405,1,0
49,1,s12,0001,0001,0100,-0.1427426040172577,-2.0177247524261475,1.8749821484088898,0.8669800292685136,1,0
49,2,s20,0001,0001,1000,-1.978862019313965e-05,-11.125164985656738,11.125145197036545,0.9999809580053688,1,0
49,3,c20,0001,0001,0101,-4.7683710135970614e-07,-16.37500762939453,16.37500715255743,0.9999998177006736,1,0
49,4,t032,0001,0001,0101,-1.0251952517137397e-05,-16.062511444091797,16.06250119213928,0.9999997759579522,1,0
49,5,s21,0001,0001,0000,-1.1920899851247668e-05,-12.125012397766113,12.125000476866262,0.9999934430465484,1,0
49,6,c21,0001,0001,0101,-9.536741458759934e-07,-15.500001907348633,15.500000953674487,0.9999997416155265,1,0
49,7,s12,0001,0001,0100,-0.0006836749380454421,-7.500728130340576,7.500044455402531,0.999443301059544,1,0
49,8,c30,1001,1001,1000,-2.6226018690067576e-06,-13.000001907348633,12.999999284746764,0.9999973963784988,1,0
50,1,t302,0100,0100,1100,-1.3470616067934316e-05,-12.251057624816895,12.251044154200827,0.9999900466964211,1,0
50,2,t012,0100,0100,0110,-7.915271271485835e-05,-9.625078201293945,9.62499904858123,0.9999333333486135,1,0
50,3,c13,0101,0101,0100,-0.0010781455785036087,-9.001077651977539,8.999999506399035,0.9998750531329833,1,0
50,4,c03,0101,0101,0100,-3.266302519477904e-05,-12.250033378601074,12.25000071557588,0.9999947700541633,1,0
50,5,x3,0100,0100,0001,-5.864969716640189e-05,-10.633671760559082,10.633613110861916,0.999973257063362,1,0
50,6,c13,0101,0101,0100,-0.0005691905389539897,-7.5005693435668945,7.5000001530279405,0.999446652811023,1,0
50,7,t201,0101,0101,0001,-1.084801806428004e-05,-12.125012397766113,12.125001549748049,0.9999936084913336,1,0
50,8,x3,0100,0100,0001,-7.390961400233209e-06,-14.56447696685791,14.56446957589651,0.999999050382407,1,0
51,1,t130,1001,1001,1101,-0.0009763049893081188,-7.375980377197266,7.3750040722079575,0.9990384531966128,1,0
51,2,x1,1101,1101,1100,-3.49278052453883e-05,-12.875035285949707,12.875000358144462,0.9999970386701241,1,0
51,3,x0,0101,0101,0111,-1.3113019576849183e-06,-14.125000953674316,14.124999642372359,0.9999989091038252,1,0
51,4,c02,0101,0101,0001,-9.775132639333606e-06,-15.437516212463379,15.43750643733074,0.9999996529884639,1,0
51,5,t302,0101,0101,0001,-3.933902917196974e-06,-14.875027656555176,14.875023722652259,0.999999439654301,1,0
51,6,s30,1100,1100,0101,-4.0530645492253825e-05,-10.375045776367188,10.375005245721695,0.999962166960051,1,0
51,7,x1,1000,1000,1110,-6.735105125699192e-05,-15.445173263549805,15.445105912498548,0.9999996303590416,1,0
51,8,c31,1000,1000,1100,-1.597395930730272e-05,-12.625015258789062,12.624999284829755,0.9999965148845018,1,0
52,1,c32,1010,1010,1000,-0.0009383574943058193,-7.000990390777588,7.000052033283282,0.9990675566873913,1,0
52,2,t312,1010,1010,1011,-2.9325088689802215e-05,-14.625028610229492,14.624999285140802,0.9999989153503196,1,0
52,3,x0,0010,0010,1010,-6.198863957251888e-06,-12.000006675720215,12.000000476856258,0.9999938446574713,1,0
52,4,c12,0010,0010,0011,-1.3113019576849183e-06,-14.750000953674316,14.749999642372359,0.9999991196962967,1,0
52,5,c30,0010,0010,1010,-2.3841830625315197e-06,-13.00000286102295,13.000000476839887,0.9999976960249627,1,0
52,6,t203,0010,0010,0011,-0.0021980800665915012,-6.127197742462158,6.124999662395567,0.9978172397538615,1,0
52,7,x0,1010,1010,1000,-2.861018856492592e-06,-12.87500286102295,12.875000000004093,0.9999973974038292,1,0
52,8,t310,1010,1010,1110,-2.3484137273044325e-05,-12.125027656555176,12.125004172417903,0.9999939709982849,1,0
53,1,t021,1101,1101,1001,-0.03401026129722595,-3.4086787700653076,3.3746685087680817,0.9665872240799801,1,0
53,2,s03,1101,1101,1100,-0.000360074860509485,-8.000360488891602,8.000000414031092,0.9996414275998259,1,0
53,3,c31,1001,1001,1101,-2.408004365861416e-05,-10.75011920928955,10.750095129245892,0.9999781595518813,1,0
53,4,t213,1001,1001,1101,-0.00026116520166397095,-8.500346183776855,8.500085018575191,0.9997947582955985,1,0
53,5,x1,1101,1101,1001,-3.8980691897450015e-05,-15.375038146972656,15.374999166280759,0.9999996608328303,1,0
53,6,t312,1111,1111,1101,-4.637195888790302e-05,-11.000045776367188,10.9999994044083,0.9999796562986493,1,0
53,7,t321,1011,1011,1111,-0.000508069817442447,-7.625533103942871,7.625025034125429,0.9995121061447763,1,0
53,8,c23,1010,1010,1001,-8.12985745142214e-05,-12.127334594726562,12.127253296152048,0.9999880315429948,1,0
54,1,x1,0001,0001,1001,-0.0005824072286486626,-7.5006422996521,7.500059892423451,0.9994465886821005,1,0
54,2,s21,0001,0001,0100,-2.6702684408519417e-05,-10.875225067138672,10.875198364454263,0.9999762284540695,1,0
54,3,c20,0001,0001,0101,-9.536740890325746e-07,-15.125004768371582,15.125003814697493,0.9999996166250016,1,0
54,4,x2,0011,0011,0010,-0.0004865523660555482,-8.250487327575684,8.250000775209628,0.999738194387306,1,0
54,5,x3,0010,0010,0000,-8.344630259671248e-06,-14.255680084228516,14.255671739598256,0.9999981441582899,1,0
54,6,t103,0010,0010,0011,-0.00012838155089411885,-10.375127792358398,10.374999410807504,0.9999686036575559,1,0
54,7,x0,1010,1010,1000,-4.4107346184318885e-06,-12.500003814697266,12.499999403962647,0.9999962104447051,1,0
54,8,s12,1100,1100,1010,-0.0002147986670024693,-8.62524127960205,8.625026480935048,0.9997982469290317,1,0
55,1,x1,0111,0111,1111,-0.00014686079521197826,-9.375195503234863,9.375048642439651,0.9998583601471083,1,0
55,2,x1,0011,0011,1011,-0.00023017371131572872,-9.875195503234863,9.874965329523548,0.9999347113958746,1,0
55,3,x3,0010,0010,0011,-7.390958217001753e-06,-14.000006675720215,13.999999284761998,0.9999988162290583,1,0
55,4,x1,0110,0110,0100,-2.9921297027613036e-05,-10.875029563903809,10.874999642606781,0.9999805170759839,1,0
55,5,c31,0110,0110,1110,-2.7775462513091043e-05,-11.250139236450195,11.250111460987682,0.9999853399441868,1,0
55,6,c30,0110,0110,1110,-1.3113017303112429e-06,-14.000003814697266,14.000002503395535,0.9999990266875557,1,0
55,7,x3,0111,0111,0011,-1.239771518157795e-05,-12.687585830688477,12.687573432973295,0.9999954540550513,1,0
55,8,s10,1011,1011,1010,-4.2556916014291346e-05,-10.125042915344238,10.125000358428224,0.9999582861226498,1,0
56,1,x0,1101,1101,0101,-4.529948455456179e-06,-12.87500286102295,12.874998331074494,0.9999954905035507,1,0
56,2,t201,1101,1101,1111,-0.03506261110305786,-3.535065174102783,3.5000025629997253,0.9656205872986092,1,0
56,3,c21,1101,1101,1111,-0.011116820387542248,-4.5111236572265625,4.50000683683902,0.9890001530262778,1,0
56,4,x1,1001,1001,1111,-0.00033635247382335365,-14.691436767578125,14.691100415104302,0.9999994764863757,1,0
56,5,c10,1001,1001,1101,-9.321766265202314e-05,-9.375094413757324,9.375001196094672,0.9999150486455369,1,0
56,6,c30,0001,0001,1001,-2.9444261599564925e-05,-10.500029563903809,10.500000119642209,0.9999724307935706,1,0
56,7,t320,0001,0001,1001,-2.7418109311838634e-06,-13.250011444091797,13.250008702280866,0.9999981017642747,1,0
56,8,c10,0001,0001,1001,-1.788137979019666e-06,-14.50001049041748,14.500008702279501,0.9999994176504231,1,0
57,1,t210,1010,1010,0010,-7.664966688025743e-05,-10.000067710876465,9.999991061209585,0.9999375303570829,1,0
57,2,s01,0110,0110,0111,-0.007164659444242716,-5.00716495513916,5.000000295694917,0.9928795156964454,1,0
57,3,t301,0110,0110,1110,-1.9073474959441228e-06,-13.625068664550781,13.625066757203285,0.9999984277517138,1,0
57,4,x0,1110,1110,1010,-5.125990355736576e-06,-12.375004768371582,12.374999642381226,0.9999953284454209,1,0
57,5,t312,1110,1110,1100,-0.00010561657836660743,-9.875178337097168,9.875072720518801,0.999940870960984,1,0
57,6,t203,1111,1111,1110,-0.00020776987366843969,-9.750207901000977,9.750000131127308,0.9999395065262403,1,0
57,7,t210,0111,0111,1111,-4.732503657578491e-05,-10.000053405761719,10.000006080725143,0.9999532254627631,1,0
57,8,x2,0101,0101,0100,-1.2993776181247085e-05,-13.62501335144043,13.625000357664248,0.9999978970039142,1,0
58,1,x2,1001,1001,1000,-0.0009448103955946863,-7.2509446144104,7.249999804014806,0.9992895071652145,1,0
58,2,t120,1001,1001,1101,-2.9206055842223577e-05,-11.625030517578125,11.625001311522283,0.9999895825697748,1,0
58,3,s31,1100,1100,1001,-0.0019319516140967607,-6.251945495605469,6.250013543991372,0.9980702724699986,1,0
58,4,s31,1001,1001,1010,-0.049228839576244354,-3.111196517944336,3.0619676783680916,0.951977152106222,1,0
58,5,x1,1101,1101,1100,-0.00011038452794309705,-10.250109672546387,10.249999288018444,0.9999623689779057,1,0
58,6,x1,1001,1001,1011,-0.000208833662327379,-13.375208854675293,13.375000021012966,0.9999978719050449,1,0
58,7,t312,1001,1001,1011,-4.362994513940066e-05,-13.000043869018555,13.000000239073415,0.9999954019759787,1,0
58,8,x2,1011,1011,1001,-0.00011669922241708264,-14.001028060913086,14.000911361690669,0.9999986404658436,1,0
59,1,c12,0101,0101,0011,-0.007295373827219009,-5.007723808288574,5.000428434461355,0.9927556472889887,1,0
59,2,s02,0101,0101,1100,-0.0026510150637477636,-6.4462809562683105,6.443629941204563,0.9973544517472761,1,0
59,3,s21,0011,0011,0101,-0.004314867313951254,-5.504086494445801,5.4997716271318495,0.9957254042206031,1,0
59,4,c30,1011,1011,1001,-2.3841844267735723e-06,-13.750001907348633,13.749999523164206,0.9999982201686156,1,0
59,5,s21,1101,1101,1100,-0.056622181087732315,-2.93162202835083,2.8749998472630978,0.9451744759251557,1,0
59,6,s31,1101,1101,1100,-0.00045412516919896007,-8.00045394897461,7.99999982380541,0.9995461488087044,1,0
59,7,c31,1001,1001,1101,-2.8729209589073434e-05,-10.875068664550781,10.875039935341192,0.9999803434379098,1,0
59,8,s01,0101,0101,1001,-0.001238968805409968,-6.751174449920654,6.749935481115244,0.9987630372825285,1,0
60,1,s20,1101,1011,1011,-4.1503682136535645,-0.016554933041334152,-4.13381328061223,0.01576597289005048,0,0
60,2,c20,1101,1101,1001,-0.00011443599942140281,-9.250123977661133,9.250009541661711,0.9998889371373871,1,0
60,3,x1,1001,1001,1101,-0.0005802634404972196,-14.75375747680664,14.753177213366143,0.9999995639568601,1,0
60,4,x1,1101,1101,1001,-4.112654278287664e-05,-12.500040054321289,12.499998927778506,0.9999951782160487,1,0
60,5,c31,1001,1001,1011,-0.00013041000056546181,-9.250130653381348,9.250000243380782,0.9998795883847297,1,0
60,6,s32,1010,1010,1001,-2.2411228201235645e-05,-11.288063049316406,11.288040638088205,0.9999820541103753,1,0
60,7,s32,1001,1001,1010,-0.013001739047467709,-4.388067722320557,4.375065983273089,0.9870860805477851,1,0
60,8,t013,1001,1001,1000,-0.00013899177429266274,-9.125139236450195,9.125000244675903,0.999862857175396,1,0
61,1,s02,1110,1110,0111,-0.4741913676261902,-0.9781681895256042,0.5039768218994141,0.622395537388969,1,0
61,2,c03,1111,1111,1110,-3.6000968975713477e-05,-12.000035285949707,11.999999284980731,0.9999881838267077,1,0
61,3,c31,1011,1011,1111,-4.851712947129272e-05,-10.000059127807617,10.000010610678146,0.9999545549034886,1,0
61,4,t321,1111,1111,1011,-0.00016616765060462058,-10.750161170959473,10.749995003308868,0.9999759526511353,1,0
61,5,c03,1110,1110,1111,-2.9206075851107016e-05,-12.625028610229492,12.624999404153641,0.9999933495173662,1,0
61,6,s02,1110,1110,0111,-0.0008396242628805339,-7.125805854797363,7.124966230534483,0.9991612734859263,1,0
61,7,s23,1101,1101,1110,-0.0024955561384558678,-6.006095886230469,6.003600330092013,0.9975111082090727,1,0
61,8,s12,1011,1011,1101,-0.0031878359150141478,-5.7607927322387695,5.757604896323755,0.9968270907147034,1,0
62,1,t230,1001,1001,0001,-0.002516471315175295,-6.002504825592041,5.999988354276866,0.9975143199981272,1,0
62,2,x0,0001,0001,1001,-5.960462772236497e-07,-14.627476692199707,14.62747609615343,0.9999995161653467,1,0
62,3,x0,1001,1001,1000,-5.245201919024112e-06,-12.625004768371582,12.624999523169663,0.9999959388407273,1,0
62,4,t021,1001,1001,1101,-0.0002475726942066103,-8.50026798248291,8.500020409788704,0.9997959062394751,1,0
62,5,t132,1001,1001,1011,-6.735235365340486e-05,-11.000069618225098,11.000002265871444,0.9999702100783612,1,0
62,6,t103,1001,1001,1101,-4.458390685613267e-05,-11.751999855041504,11.751955271134648,0.999985305856,1,0
62,7,x1,1101,1101,1100,-1.4305023796623573e-05,-14.125014305114746,14.12500000009095,0.9999991433768616,1,0
62,8,x0,0101,0101,1001,-2.980229965032777e-06,-14.598725318908691,14.598722338678726,0.99999883021517,1,0
63,1,s12,0001,0001,0100,-0.048623524606227875,-3.0486299991607666,3.0000064745545387,0.9525417004611815,1,0
63,2,x1,0101,0101,0001,-5.3644130275642965e-06,-13.12500286102295,13.124997496609922,0.9999962173399977,1,0
63,3,t301,0101,0101,1001,-4.947084380546585e-05,-11.250103950500488,11.250054479656683,0.9999836142440672,1,0
63,4,t231,0101,0101,0001,-3.63583822036162e-05,-10.625031471252441,10.624995112870238,0.9999708629790626,1,0
63,5,t301,0101,0101,0001,-2.14576584767201e-06,-13.375001907348633,13.374999761582785,0.9999982977023557,1,0
63,6,x3,0100,0100,0000,-4.374934360384941e-05,-14.199457168579102,14.199413419235498,0.9999984605242164,1,0
63,7,t321,0100,0100,0101,-2.7775551643571816e-05,-11.625027656555176,11.624999881003532,0.9999901740200271,1,0
63,8,c20,0100,0100,1100,-4.172317403572379e-06,-12.500021934509277,12.500017762191874,0.9999960722180335,1,0
64,1,s10,0000,0000,1000,-0.0007308582426048815,-7.2507100105285645,7.24997915228596,0.9992786046038483,1,0
64,2,s03,0000,0000,1000,-0.0002963104925584048,-8.125320434570312,8.125024124077754,0.9997037590693418,1,0
64,3,s30,0000,0000,1000,-0.00017975149967242032,-8.625179290771484,8.624999539271812,0.999820217282258,1,0
64,4,c01,0000,0000,0010,0.0,-17.875,17.875,0.9999999524855563,1,0
64,5,c03,0000,0000,0001,-1.8238926713820547e-05,-12.125018119812012,12.124999880885298,0.9999941943524187,1,0
64,6,c30,0000,0000,1000,-6.282132380874828e-05,-10.750062942504883,10.750000121181074,0.9999785349383365,1,0
64,7,t031,0000,0000,0100,-4.768370445162873e-07,-17.625,17.624999523162955,0.9999999468437896,1,0
64,8,t013,0000,0000,0001,-7.271747108461568e-06,-12.000006675720215,11.999999403973106,0.9999936745130809,1,0
65,1,s23,1010,1010,0011,-0.0014148448826745152,-6.647002696990967,6.645587852108292,0.9986584646916776,1,0
65,2,t203,1011,1011,1010,-5.733889702241868e-05,-10.250057220458984,10.249999881561962,0.9999629544410812,1,0
65,3,x1,1111,1111,1011,-6.556430162163451e-05,-10.375044822692871,10.37497925839125,0.9999604963261641,1,0
65,4,t321,1011,1011,1111,-4.9113616114482284e-05,-10.750885009765625,10.75083589614951,0.9999785344143485,1,0
65,5,s32,1011,1011,1010,-9.00015002116561e-05,-10.125089645385742,10.12499964388553,0.9999100219958902,1,0
65,6,c12,1011,1011,1001,-1.5139547940634657e-05,-12.250014305114746,12.249999165566805,0.9999912504546344,1,0
65,7,c12,1011,1011,1111,-0.001769402762874961,-6.379935264587402,6.378165861824527,0.9982389569704774,1,0
65,8,x0,0011,0011,1011,-2.3841855067985307e-07,-16.125001907348633,16.125001668930082,0.9999998761748565,1,0
66,1,x0,1010,1010,1000,-2.8610211302293465e-06,-13.500001907348633,13.499999046327503,0.999997545997401,1,0
66,2,t120,1010,1010,1110,-0.00033745248219929636,-8.875340461730957,8.875003009248758,0.999736586672723,1,0
66,3,s32,1001,1001,1010,-0.0004209628386888653,-7.875486373901367,7.875065411062678,0.9996113439479536,1,0
66,4,c21,1001,1001,1101,-0.00020312215201556683,-9.000210762023926,9.00000763987191,0.9998723276264646,1,0
66,5,x2,1011,1011,1010,-0.034050244837999344,-3.409050226211548,3.3749999813735485,0.9669062752992114,1,0
66,6,s02,1011,1011,1010,-0.0004211197083350271,-8.250420570373535,8.2499994506652,0.9995792146174758,1,0
66,7,t310,1011,1011,1111,-0.00043108727550134063,-7.750433921813965,7.7500028345384635,0.9995692259570559,1,0
66,8,t301,1111,1111,1011,-2.5868259399430826e-05,-11.000020027160645,10.999994158901245,0.9999778375088393,1,0
67,1,s30,1010,1010,1001,-0.00024030458007473499,-8.509994506835938,8.509754202255863,0.9997603047871222,1,0
67,2,t120,1010,1010,0010,-1.9788632926065475e-05,-11.250020980834961,11.250001192202035,0.9999814465346847,1,0
67,3,c13,1010,1010,1011,-9.095438872464001e-05,-9.625090599060059,9.624999644671334,0.9999284698881077,1,0
67,4,x3,1011,1011,1001,-1.5258690837072209e-05,-15.0677490234375,15.067733764746663,0.9999994080937815,1,0
67,5,c03,1010,1010,1011,-4.6252320316853e-05,-10.812545776367188,10.81249952404687,0.9999779851174516,1,0
67,6,s30,0011,0011,1010,-0.0005346317775547504,-7.625566482543945,7.625031850766391,0.999508836767045,1,0
67,7,x0,1011,1011,1010,-5.960294583928771e-05,-9.750059127807617,9.749999524861778,0.9999411899447369,1,0
67,8,c20,0011,0011,1011,-7.748574716970325e-06,-11.875008583068848,11.87500083449413,0.999992909451447,1,0
68,1,t023,0101,0101,0100,-1.776211865944788e-05,-11.875017166137695,11.874999404019036,0.9999899871270684,1,0
68,2,x1,0001,0001,0101,-0.00016056819004006684,-15.875161170959473,15.875000602769433,0.9999997504240842,1,0
68,3,x1,0101,0101,0100,-0.0006300632376223803,-7.375629901885986,7.374999838648364,0.9993707546441264,1,0
68,4,s21,0011,0011,0101,-0.008786991238594055,-4.758774757385254,4.74998776614666,0.9914073151938587,1,0
68,5,c23,0010,0010,0011,-2.64643404079834e-05,-11.50002670288086,11.500000238540451,0.9999888433238101,1,0
68,6,s12,0100,0100,0010,-5.924600554862991e-05,-10.125052452087402,10.124993206081854,0.9999596897868674,1,0
68,7,t213,0100,0100,0010,-0.007636647671461105,-4.883652687072754,4.876016039401293,0.9924088737619083,1,0
68,8,t013,0100,0100,0101,-7.748583811917342e-06,-12.000006675720215,11.999998927136403,0.9999937553447775,1,0
69,1,s20,1101,1011,1011,-1.5100679397583008,-0.2588289976119995,-1.2512389421463013,0.22240873160285596,0,0
69,2,c30,0101,0101,0111,-7.223862485261634e-05,-9.62507152557373,9.624999286948878,0.9999301809983553,1,0
69,3,x1,0001,0001,0101,-8.570913632865995e-05,-15.187585830688477,15.187500121552148,0.9999996463184205,1,0
69,4,c13,0001,0001,0011,-8.88083886820823e-05,-11.1137113571167,11.113622548728017,0.9999676146254833,1,0
69,5,c01,0001,0001,0101,-1.0728833785833558e-06,-14.250001907348633,14.250000834465254,0.9999993125844024,1,0
69,6,x3,0000,0000,0001,-7.390958671749104e-06,-14.000007629394531,14.00000023843586,0.9999988362288367,1,0
69,7,s03,0000,0000,1000,-1.77620277099777e-05,-11.000018119812012,11.000000357784302,0.9999832271124312,1,0
69,8,x0,1000,1000,1100,0.0,-17.0,17.0,0.9999999552008509,1,0
70,1,x1,0100,0100,0000,-1.2397700629662722e-05,-11.375012397766113,11.375000000065484,0.9999880062979648,1,0
70,2,t230,0100,0100,1100,-0.0007105926051735878,-7.2507123947143555,7.250001802109182,0.9992902330865174,1,0
70,3,x2,0110,0110,0010,-0.0004430327098816633,-13.812944412231445,13.812501379521564,0.9999989247262087,1,0
70,4,c23,0111,0111,0101,-3.50472291756887e-05,-13.821148872375488,13.821113825146313,0.9999979030545199,1,0
70,5,t013,0111,0111,0110,-2.5987314074882306e-05,-10.625025749206543,10.624999761892468,0.9999753560044888,1,0
70,6,t312,0101,0101,0011,-0.002005979884415865,-6.251962661743164,6.249956681858748,0.9980416153649564,1,0
70,7,s02,0101,0101,1100,-0.00013481802307069302,-9.023869514465332,9.023734696442261,0.9998656318505028,1,0
70,8,s12,0011,0011,0101,-0.03410609811544418,-3.410661458969116,3.376555360853672,0.9669047094567852,1,0
71,1,s10,1111,1111,0111,-0.018893446773290634,-4.018150329589844,3.999256882816553,0.9815719691410834,1,0
71,2,x2,1101,1101,1011,-0.00016044298536144197,-14.626330375671387,14.626169932686025,0.9999991251541605,1,0
71,3,t013,1100,1100,1101,-0.011093280278146267,-4.511093616485596,4.500000336207449,0.988997020427135,1,0
71,4,c32,1100,1100,1000,-2.2053485736250877e-05,-16.000049591064453,16.000027537578717,0.999999747067378,1,0
71,5,t023,1100,1100,1101,-0.043067753314971924,-3.168067455291748,3.124999701976776,0.9579118970797007,1,0
71,6,c32,1100,1100,1000,-1.9311723008286208e-05,-16.000045776367188,16.00002646464418,0.9999997794580779,1,0
71,7,s10,1100,1100,1010,-0.0004027337417937815,-7.875401496887207,7.874998763145413,0.9996050920456826,1,0
71,8,s01,1100,1100,1010,-0.030074717476963997,-3.78007173538208,3.749997017905116,0.9704490284146622,1,0
72,1,t132,0101,0101,0111,-0.3442338705062866,-1.8452826738357544,1.5010488033294678,0.70878227565572,1,0
72,2,c21,0101,0101,0111,-3.838501652353443e-05,-11.500041961669922,11.500003576653398,0.9999882332811377,1,0
72,3,s02,0101,0101,0110,-0.009809212759137154,-5.13677453994751,5.126965327188373,0.9902402432391912,1,0
72,4,c13,0100,0100,0101,-0.008622270077466965,-4.758622169494629,4.749999899417162,0.9914183043270541,1,0
72,5,x3,0101,0101,0100,-2.4914548703236505e-05,-10.875024795532227,10.874999880983523,0.9999807051632793,1,0
72,6,t102,0101,0101,0001,-2.9086901122354902e-05,-11.127826690673828,11.127797603772706,0.9999848040103113,1,0
72,7,s30,1100,1100,0101,-0.001038493006490171,-6.876072406768799,6.875033913762309,0.9989644235123084,1,0
72,8,x1,1000,1000,1010,-3.6358203942654654e-05,-15.500036239624023,15.49999988142008,0.9999996896545098,1,0
73,1,x0,1100,1100,0100,-1.0371161806688178e-05,-11.625025749206543,11.625015378044736,0.9999902807361966,1,0
73,2,c21,1100,1100,1000,-0.00020252677495591342,-9.00020694732666,9.000004420551704,0.9998521541519572,1,0
73,3,x1,1000,1000,1110,-0.0005000782548449934,-14.405250549316406,14.404750471061561,0.9999992669263236,1,0
73,4,x0,0000,0000,1000,-1.0728830375228426e-06,-14.500000953674316,14.499999880791279,0.999999460733224,1,0
73,5,s21,0000,0000,0100,-1.1920858923986088e-05,-11.625011444091797,11.624999523232873,0.9999909615917251,1,0
73,6,c32,0000,0000,0001,-2.3841855067985307e-07,-17.5,17.49999976158145,0.9999999432396617,1,0
73,7,x3,0001,0001,0000,-9.071621025213972e-05,-10.000090599060059,9.999999882849806,0.9999544253130451,1,0
73,8,s13,0100,0100,0001,-4.780189192388207e-05,-10.000048637390137,10.000000835498213,0.9999522755896171,1,0
74,1,c01,0000,0000,0100,-1.2040086403430905e-05,-11.500012397766113,11.50000035767971,0.9999881797362578,1,0
74,2,c13,0000,0000,0001,-8.976098615676165e-05,-9.375089645385742,9.374999884399585,0.9999143079979758,1,0
74,3,s32,0000,0000,0010,-4.053111297253054e-06,-12.750003814697266,12.749999761585968,0.9999962557123395,1,0
74,4,t203,0000,0000,0001,-9.536740890325746e-07,-14.375000953674316,14.375000000000227,0.9999993709562529,1,0
74,5,c01,0000,0000,0100,-7.152555667744309e-07,-16.375,16.374999284744433,0.9999998963909124,1,0
74,6,x2,0010,0010,1010,-0.00026830454589799047,-15.50027847290039,15.500010168354493,0.9999996949159307,1,0
74,7,x3,0011,0011,0001,-4.470274507184513e-05,-12.125044822692871,12.1250001199478,0.999989719088897,1,0
74,8,t302,0011,0011,0001,-2.3841846541472478e-06,-14.250001907348633,14.249999523163979,0.9999988770092226,1,0
75,1,x3,1100,1100,1101,-0.0001466192479711026,-11.37514591217041,11.374999292922439,0.9999786137184459,1,0
75,2,c32,1100,1100,1110,-3.957704029744491e-05,-10.500039100646973,10.499999523606675,0.9999720489735284,1,0
75,3,x0,0100,0100,0000,-1.54972008203913e-06,-13.76115894317627,13.761157393456187,0.9999987709613125,1,0
75,4,s23,0100,0100,0001,-0.005398935172706842,-5.536417007446289,5.531018072273582,0.9946469875367173,1,0
75,5,c12,0110,0110,0100,-9.894345566863194e-06,-12.625009536743164,12.624999642397597,0.9999964007414321,1,0
75,6,c20,1110,1110,1100,-7.748586540401448e-06,-12.375007629394531,12.37499988080799,0.9999937091084877,1,0
75,7,s31,1011,1011,1110,-0.0028357997070997953,-5.8837738037109375,5.880938004003838,0.9971983794244431,1,0
75,8,x2,1001,1001,1000,-4.362991967354901e-05,-12.125043869018555,12.125000239098881,0.999994317577373,1,0
76,1,t213,1000,1000,1100,-4.0411545342067257e-05,-11.750059127807617,11.750018716262275,0.9999784936193349,1,0
76,2,t203,1000,1000,0000,-5.698062159353867e-05,-12.37509536743164,12.375038386810047,0.9999924917090799,1,0
76,3,s23,1000,1000,1010,-0.0001816643198253587,-8.875181198120117,8.874999533800292,0.9998590216995065,1,0
76,4,s10,0100,0100,1000,-0.0076172836124897,-4.882612705230713,4.874995421618223,0.9924166667585328,1,0
76,5,x3,0101,0101,0100,-8.714009163668379e-05,-11.625086784362793,11.624999644271156,0.9999854420023467,1,0
76,6,c21,0101,0101,0111,-0.062028564512729645,-2.8120529651641846,2.750024400651455,0.9399112714361801,1,0
76,7,s12,0011,0011,0101,-0.054935138672590256,-2.9918875694274902,2.9369524307549,0.9466004959407631,1,0
76,8,x3,0010,0010,0001,-9.27423607208766e-05,-9.785341262817383,9.785248520456662,0.9999243916180311,1,0
77,1,s21,0001,0001,0100,-0.003194641089066863,-5.75319766998291,5.750003028893843,0.9968109262293919,1,0
77,2,s02,0001,0001,1000,-0.0011813932796940207,-6.751224040985107,6.750042647705413,0.9988208397066654,1,0
77,3,t132,0001,0001,0011,-4.827872908208519e-05,-10.00007438659668,10.000026107867598,0.9999545434522651,1,0
77,4,t302,0001,0001,0000,-8.344647994817933e-07,-16.8125,16.8124991655352,0.999999878640344,1,0
77,5,t203,0001,0001,0011,-7.6293763413559645e-06,-16.875484466552734,16.875476837176393,0.9999998495084175,1,0
77,6,c23,0001,0001,0011,-4.8875758693611715e-06,-13.750039100646973,13.750034213071103,0.999998863083165,1,0
77,7,x3,0000,0000,0001,-5.841241545567755e-06,-14.875005722045898,14.874999880804353,0.9999993106934875,1,0
77,8,c01,0000,0000,0100,-5.483614131662762e-06,-15.000005722045898,15.000000238431767,0.9999992774388712,1,0
78,1,t023,1000,1000,1001,-0.001965588191524148,-6.376965522766113,6.374999934574589,0.998095666284646,1,0
78,2,c21,1000,1000,1100,-0.0001552041358081624,-9.25015640258789,9.250001198452082,0.9999037724200621,1,0
78,3,t302,1000,1000,1001,-3.075556014664471e-05,-14.375030517578125,14.374999762017978,0.9999988695358349,1,0
78,4,x2,1010,1010,0010,-0.0008261366747319698,-14.250826835632324,14.250000698957592,0.9999992937914584,1,0
78,5,s31,1010,1010,1110,-0.017235590144991875,-4.141167640686035,4.123932050541043,0.982930212750494,1,0
78,6,c03,1011,1011,1001,-1.931181577674579e-05,-12.750113487243652,12.750094175427876,0.9999943641397985,1,0
78,7,s31,1110,1110,1101,-0.01442806702107191,-4.264449119567871,4.250021052546799,0.9856759048484584,1,0
78,8,t230,1110,1110,1111,-6.794917226216057e-06,-12.250006675720215,12.249999880802989,0.999994768268079,1,0
79,1,c30,1101,1101,0101,-0.004639307036995888,-5.379620552062988,5.374981245025992,0.995371442999796,1,0
79,2,c01,1001,1001,1101,-0.00010859451867872849,-12.438369750976562,12.438261156457884,0.9999937353512828,1,0
79,3,c23,1001,1001,1011,-0.00023483415134251118,-9.753849983215332,9.75361514906399,0.9999252021286694,1,0
79,4,s02,0011,0011,1001,-0.004096040036529303,-5.504082679748535,5.499986639712006,0.9959170221866744,1,0
79,5,x1,0111,0111,0011,-8.46383954922203e-06,-12.000008583068848,12.000000119229298,0.9999917177812966,1,0
79,6,c02,0111,0111,1101,-0.00010418417514301836,-9.750107765197754,9.75000358102261,0.9999414764578973,1,0
79,7,t130,1111,1111,1110,-5.006784249417251e-06,-13.687504768371582,13.687499761587333,0.9999985450096747,1,0
79,8,c01,1011,1011,1101,-5.6028293329291046e-06,-13.939027786254883,13.93902218342555,0.9999990894632556,1,0
80,1,x3,1110,1110,1111,-0.00011920600809389725,-9.87511920928955,9.875000003281457,0.9999414555279768,1,0
80,2,c20,0110,0110,1110,-2.253036836918909e-05,-11.625043869018555,11.625021338650185,0.9999876901333921,1,0
80,3,x2,0100,0100,0001,-0.00016854915884323418,-13.636313438415527,13.636144889256684,0.9999986662745226,1,0
80,4,t031,0100,0100,0110,-1.0132747775060125e-05,-14.50001049041748,14.500000357669705,0.9999990692790672,1,0
80,5,s30,0100,0100,0101,-1.1563279258552939e-05,-12.375011444091797,12.374999880812538,0.9999916715601093,1,0
80,6,s20,0100,0100,0010,-0.0011191943194717169,-6.8762054443359375,6.875086250016466,0.9988829410918162,1,0
80,7,t320,0100,0100,0101,-4.7683710135970614e-07,-16.25,16.2499995231629,0.9999997962067586,1,0
80,8,c32,0100,0100,0000,-1.7881385474538547e-06,-16.000181198120117,16.00017940998157,0.9999998275151898,1,0
81,1,c12,1001,1001,1011,-0.0009546319488435984,-8.000972747802734,8.00001811585389,0.9994018533142934,1,0
81,2,s10,0101,0101,1001,-0.0012173919240012765,-6.751176834106445,6.749959442182444,0.9987863013905007,1,0
81,3,s13,0101,0101,0110,-0.07899489253759384,-2.5790295600891113,2.5000346675515175,0.9240465546773372,1,0
81,4,x1,0001,0001,0101,-0.00010013200517278165,-14.562600135803223,14.56250000379805,0.9999993609230834,1,0
81,5,c30,1001,1001,0001,-1.5497197409786168e-06,-13.500000953674316,13.499999403954575,0.9999984935532661,1,0
81,6,x3,1000,1000,0000,-4.303369132685475e-05,-14.687555313110352,14.687512279419025,0.999999227411825,1,0
81,7,s31,1000,1000,1100,-0.043064795434474945,-3.1680643558502197,3.124999560415745,0.9578560929451744,1,0
81,8,s01,0100,0100,1000,-0.0013116466579958797,-6.751303672790527,6.7499920261325315,0.9988211657449672,1,0
82,1,c23,1001,1001,1011,-0.018274514004588127,-4.019400119781494,4.001125605776906,0.9820016484364434,1,0
82,2,t021,1001,1001,1101,-0.02983180433511734,-3.5298311710357666,3.4999993667006493,0.9706866950872576,1,0
82,3,s21,1001,1001,1100,-0.00023934958153404295,-8.500253677368164,8.50001432778663,0.9997904830714793,1,0
82,4,s10,0101,0101,1001,-0.0010464789811521769,-6.876044750213623,6.874998271232471,0.9989566819792335,1,0
82,5,c02,0101,0101,1111,-3.0159708330756985e-05,-11.875957489013672,11.875927329305341,0.9999925812861392,1,0
82,6,s31,0101,0101,0110,-0.001546921906992793,-6.501562118530273,6.500015196623281,0.998454448384252,1,0
82,7,t012,0101,0101,0100,-2.9802304197801277e-06,-15.62500286102295,15.62499988079253,0.9999996177202293,1,0
82,8,c31,0001,0001,0101,-9.738930384628475e-05,-10.125097274780273,10.124999885476427,0.9999597594434848,1,0
83,1,t103,1101,1101,1100,-0.03809943050146103,-3.288099527359009,3.2500000968575478,0.9626494288073704,1,0
83,2,s32,1110,1110,1011,-0.0023324713110923767,-6.376721382141113,6.374388910830021,0.9976728760055713,1,0
83,3,s01,1110,1110,1011,-0.00013017028686590493,-9.12511920928955,9.124989039002685,0.9998742713883204,1,0
83,4,x2,1100,1100,1010,-0.00014435240882448852,-13.898709297180176,13.898564944771351,0.9999984035420657,1,0
83,5,s20,0110,0110,1100,-0.003246358362957835,-5.7537736892700195,5.750527330907062,0.9967672930773285,1,0
83,6,s10,1010,1010,1110,-2.3841835172788706e-06,-15.848450660705566,15.84844827652205,0.9999996736700768,1,0
83,7,s01,0110,0110,1010,-0.0010498127667233348,-6.880661964416504,6.879612151649781,0.9989596371345824,1,0
83,8,t120,1110,1110,0110,-0.001407575560733676,-6.626326084136963,6.624918508576229,0.9985940410056372,1,0
84,1,x2,0000,0000,0011,-2.670256799319759e-05,-10.7378568649292,10.737830162361206,0.9999746638473124,1,0
84,2,c01,0000,0000,0100,-1.3947399565950036e-05,-14.125014305114746,14.12500035771518,0.9999991074038459,1,0
84,3,c30,0000,0000,1000,-7.867782187531702e-06,-11.750007629394531,11.749999761612344,0.9999920673510863,1,0
84,4,c31,0000,0000,0100,-4.291525328881107e-06,-17.000003814697266,16.999999523171937,0.999999932039306,1,0
84,5,c12,0000,0000,0010,-5.960463909104874e-07,-15.375,15.374999403953609,0.999999682084501,1,0
84,6,c31,0000,0000,0100,-3.576278118089249e-07,-16.75,16.749999642372188,0.9999999270426103,1,0
84,7,c23,0000,0000,0001,-1.668929030529398e-06,-13.500000953674316,13.499999284745286,0.9999985478417255,1,0
84,8,t201,0000,0000,0001,-3.218646270397585e-06,-15.12500286102295,15.124999642376679,0.9999996345660102,1,0
85,1,x2,1001,1001,1000,-0.0004424505168572068,-8.125441551208496,8.124999100691639,0.9997027943551847,1,0
85,2,c12,1001,1001,1101,-5.698124732589349e-05,-11.250075340270996,11.25001835902367,0.9999829532648089,1,0
85,3,s32,1010,1010,1011,-0.0004364516935311258,-7.750436305999756,7.749999854306225,0.9995648139253559,1,0
85,4,t310,1010,1010,1110,-6.5565000113565475e-06,-13.25001049041748,13.25000393391747,0.9999981144052105,1,0
85,5,c21,1110,1110,1100,-3.814658703049645e-05,-11.250039100646973,11.250000954059942,0.999986453739339,1,0
85,6,x0,0110,0110,0010,-1.4305105651146732e-06,-13.63171672821045,13.631715297699884,0.9999986684311759,1,0
85,7,x3,0111,0111,0110,-1.9311821233714e-05,-12.000019073486328,11.999999761665094,0.9999933277827824,1,0
85,8,x1,0011,0011,0010,-3.981531335739419e-05,-15.250039100646973,15.249999285333615,0.999999245244278,1,0
86,1,t301,1000,1000,1100,-0.007652368862181902,-4.882652282714844,4.874999913852662,0.9923981225180285,1,0
86,2,x1,1100,1100,1000,-9.178697655443102e-05,-15.006807327270508,15.006715540293953,0.9999996693162371,1,0
86,3,c32,1100,1100,1101,-2.0623016098397784e-05,-14.500020027160645,14.499999404144546,0.9999992112275689,1,0
86,4,c12,1110,1110,1100,-0.0001250443165190518,-11.87512493133545,11.87499988701893,0.9999860289847288,1,0
86,5,c21,1010,1010,1110,-2.5391331291757524e-05,-13.225569725036621,13.22554433370533,0.9999980425936598,1,0
86,6,x1,1110,1110,1100,-8.582769078202546e-05,-11.625085830688477,11.625000002997695,0.999990981720456,1,0
86,7,s23,1101,1101,1011,-0.033931683748960495,-3.651431083679199,3.6174993999302387,0.9666607838208795,1,0
86,8,t023,1101,1101,1100,-0.4742233157157898,-0.9742233157157898,0.5,0.6224421131802168,1,0
87,1,s13,1111,1111,1011,-0.0010144633706659079,-7.500983715057373,7.499969251686707,0.998989382381205,1,0
87,2,s20,1111,1111,0111,-6.1868253396824e-05,-9.875051498413086,9.87498963015969,0.9999471666448491,1,0
87,3,c10,0111,0111,0011,-7.3909518505388405e-06,-11.875006675720215,11.874999284768364,0.9999928560764131,1,0
87,4,s02,1101,1101,1110,-0.0015861098654568195,-6.507517337799072,6.5059312279336154,0.9984356014494681,1,0
87,5,c21,1101,1101,1111,-0.0012176091549918056,-6.751224040985107,6.750006431830116,0.9988234808056015,1,0
87,6,c13,1100,1100,1101,-0.004100101068615913,-5.5040998458862305,5.4999997448176146,0.9959223600068332,1,0
87,7,s21,1010,1010,1100,-0.005993013735860586,-5.130992412567139,5.124999398831278,0.994087918026161,1,0
87,8,s32,1001,1001,1010,-0.0012073757825419307,-6.751302719116211,6.750095343333669,0.9988008092605342,1,0
88,1,s30,0011,0011,1010,-0.016352735459804535,-4.142149448394775,4.125796712934971,0.9838006256551789,1,0
88,2,s20,1001,1001,1000,-0.06197178736329079,-2.811971664428711,2.74999987706542,0.9399128516698636,1,0
88,3,c32,1011,1011,1001,-3.623928932938725e-05,-11.875031471252441,11.874995231963112,0.9999881836107718,1,0
88,4,s01,0111,0111,1011,-0.0006282748654484749,-7.3792290687561035,7.378600793890655,0.9993725956148847,1,0
88,5,c20,1111,1111,0111,-1.883497679955326e-05,-11.25001335144043,11.24999451646363,0.9999819330938627,1,0
88,6,s20,1111,1111,0111,-0.008684137836098671,-4.758629322052002,4.749945184215903,0.9914086017575281,1,0
88,7,x3,1110,1110,1010,-4.0888317016651854e-05,-12.000845909118652,12.000805020801636,0.9999925359728543,1,0
88,8,x3,1111,1111,1110,-2.479539398336783e-05,-11.875024795532227,11.875000000138243,0.9999906759588119,1,0
89,1,c21,0000,0000,0100,-5.4836195886309724e-06,-12.500005722045898,12.50000023842631,0.9999951522320667,1,0
89,2,x2,0010,0010,1010,-0.003030000254511833,-13.690529823303223,13.68749982304871,0.9999988230036452,1,0
89,3,t302,0010,0010,0011,-9.059880540007725e-06,-15.375008583068848,15.374999523188308,0.9999996985342269,1,0
89,4,c30,0010,0010,1010,-8.463827725790907e-06,-11.750012397766113,11.750003933938387,0.9999920224927299,1,0
89,5,s23,0001,0001,0010,-0.001201386097818613,-6.751201152801514,6.749999766703695,0.9988294951818685,1,0
89,6,x2,0011,0011,0010,-0.02991814725100994,-3.5299181938171387,3.5000000465661287,0.9706235951527548,1,0
89,7,s12,0101,0101,0011,-0.004704623948782682,-8.752674102783203,8.74796947883442,0.999774267082369,1,0
89,8,s30,1100,1100,0101,-4.374922355054878e-05,-10.375344276428223,10.375300527204672,0.9999586290879475,1,0
90,1,t231,0100,0100,0000,-1.0848023521248251e-05,-12.250237464904785,12.250226616881264,0.9999898546736986,1,0
90,2,t120,0100,0100,1100,-2.0503792256931774e-05,-10.875025749206543,10.875005245414286,0.9999809401670284,1,0
90,3,x1,0000,0000,0100,-4.8279136535711586e-05,-12.639211654663086,12.63916337552655,0.9999966323464966,1,0
90,4,x3,0001,0001,0000,-6.1033460951875895e-05,-13.25006103515625,13.250000001695298,0.9999978540242906,1,0
90,5,c31,0101,0101,0100,-6.294113700278103e-05,-9.875062942504883,9.87500000136788,0.9999456023652634,1,0
90,6,c10,1101,1101,1001,-0.00041097449138760567,-8.000410079956055,7.999999105464667,0.9995893243043672,1,0
90,7,c31,1001,1001,1101,-2.9325176001293585e-05,-10.62516975402832,10.625140428852319,0.9999755766930726,1,0
90,8,s20,0011,0011,1001,-0.01650228351354599,-4.8826189041137695,4.8661166206002235,0.9848885116169057,1,0
91,1,c02,1101,1101,1100,-0.00015139130118768662,-9.500151634216309,9.500000242915121,0.9998667217552039,1,0
91,2,x3,1100,1100,1000,-0.000381776801077649,-10.000871658325195,10.000489881524118,0.9999542446222836,1,0
91,3,c10,0100,0100,0110,-0.00011515003279782832,-12.625114440917969,12.624999290885171,0.9999938811532465,1,0
91,4,t012,0100,0100,0110,-4.434504808159545e-05,-10.125043869018555,10.124999523970473,0.9999591353724661,1,0
91,5,t021,0100,0100,0101,-1.573551526234951e-05,-15.125015258789062,15.1249995232738,0.9999992598120445,1,0
91,6,t302,0100,0100,0101,-1.4305111335488618e-06,-14.625000953674316,14.624999523163183,0.9999994395407433,1,0
91,7,t031,0100,0100,0101,-1.4305111335488618e-06,-15.500000953674316,15.499999523163183,0.9999996705182201,1,0
91,8,x1,0000,0000,0010,-0.0012289275182411075,-10.501228332519531,10.49999940500129,0.999971533681394,1,0
92,1,s32,1110,1110,1011,-0.0020662944298237562,-6.252242088317871,6.250175793888047,0.9979369852795081,1,0
92,2,x1,1010,1010,1011,-2.24111026909668e-05,-15.750021934509277,15.749999523406586,0.999999654782976,1,0
92,3,t310,1010,1010,1110,-7.2717539296718314e-06,-13.125008583068848,13.125001311314918,0.9999960616376367,1,0
92,4,t012,1010,1010,1110,-5.090136983199045e-05,-13.000208854675293,13.000157953305461,0.9999952367594718,1,0
92,5,s01,0110,0110,0111,-0.002915217075496912,-6.127914905548096,6.124999688472599,0.9971092320673022,1,0
92,6,t023,0110,0110,0111,-6.449120701290667e-05,-10.1250638961792,10.124999404972186,0.999958544372911,1,0
92,7,t120,1110,1110,0110,-0.0006452027009800076,-7.375626564025879,7.374981361324899,0.9993559984576686,1,0
92,8,t023,1111,1111,1110,-7.045159873086959e-05,-12.500069618225098,12.499999166626367,0.9999942743203365,1,0
93,1,t130,0101,0101,1101,-0.5759568214416504,-0.825969934463501,0.2500131130218506,0.5621754560906775,1,0
93,2,c12,0111,0111,0110,-8.463556878268719e-05,-12.31258487701416,12.312500241445377,0.9999946802602047,1,0
93,3,s13,0111,0111,0011,-4.279524364392273e-05,-10.125041961669922,10.124999166426278,0.9999593043832747,1,0
93,4,t103,0111,0111,0110,-7.87950775702484e-05,-9.625079154968262,9.625000359890691,0.999933419247909,1,0
93,5,s13,0111,0111,0011,-0.00043335213558748364,-7.750433444976807,7.750000092841219,0.9995670196525286,1,0
93,6,s01,1011,1011,0111,-1.6689291442162357e-06,-15.250231742858887,15.250230073929743,0.9999995800986679,1,0
93,7,x0,0011,0011,1011,-2.264974000354414e-06,-13.00247859954834,13.00247633457434,0.9999977084655098,1,0
93,8,x0,1011,1011,1010,-2.026557240242255e-06,-13.875001907348633,13.874999880791393,0.9999983657838739,1,0
94,1,c03,0110,0110,1111,-0.0006485109915956855,-7.924236297607422,7.923587786615826,0.9993532002491914,1,0
94,2,x1,0010,0010,1010,-3.504717460600659e-05,-12.12501335144043,12.124978304265824,0.9999942909186207,1,0
94,3,t321,0010,0010,0110,-1.5973935660440475e-05,-11.125015258789062,11.124999284853402,0.9999851844639306,1,0
94,4,x2,0000,0000,0001,-0.00016258859250228852,-13.375162124633789,13.374999536041287,0.9999982919110647,1,0
94,5,c30,0000,0000,1000,-1.0728830375228426e-06,-13.875000953674316,13.874999880791279,0.9999989912503382,1,0
94,6,x2,0010,0010,0000,-0.0001463784574298188,-15.500242233276367,15.500095854818937,0.9999997792986633,1,0
94,7,t103,0010,0010,0011,-0.00015186259406618774,-8.875151634216309,8.874999771622242,0.9998600667087542,1,0
94,8,t310,0010,0010,1010,-1.7046788343577646e-05,-14.000019073486328,14.000002026697985,0.9999990485270935,1,0
95,1,t031,0100,0100,0000,-1.1086437552876305e-05,-12.000147819519043,12.00013673308149,0.9999901071812829,1,0
95,2,t320,0100,0100,1100,-5.3285144531400874e-05,-9.875055313110352,9.87500202796582,0.9999484138693439,1,0
95,3,s10,1000,1000,1001,-9.179082553600892e-06,-14.000008583068848,13.999999403986294,0.9999985721182618,1,0
95,4,t013,1000,1000,1001,-6.890178337926045e-05,-10.750068664550781,10.749999762767402,0.9999723864102081,1,0
95,5,x2,1010,1010,1000,-0.0003840188146568835,-14.375384330749512,14.375000311934855,0.9999994080659962,1,0
95,6,x2,1000,1000,1001,-5.1616567361634225e-05,-15.000051498413086,14.999999881845724,0.9999994985650854,1,0
95,7,c30,1000,1000,0000,-6.687417771900073e-05,-9.625066757202148,9.62499988302443,0.9999338676171585,1,0
95,8,c30,1000,1000,0000,-6.437280717364047e-06,-12.750007629394531,12.750001192113814,0.9999970206903949,1,0
96,1,x3,1101,1101,1100,-0.0009079269948415458,-7.125907897949219,7.124999970954377,0.9991902818605413,1,0
96,2,s31,1101,1101,1011,-0.00020681170281022787,-8.625434875488281,8.625228063785471,0.9997932687200132,1,0
96,3,t213,1101,1101,1100,-6.437199044739828e-05,-10.625064849853516,10.625000477863068,0.9999735593778085,1,0
96,4,c20,1101,1101,1111,-8.344638445123564e-06,-12.750014305114746,12.750005960476301,0.9999944527607227,1,0
96,5,t130,0101,0101,1101,-0.20186735689640045,-1.701869249343872,1.5000018924474716,0.8175742548211317,1,0
96,6,s10,1001,1001,1000,-0.00014757318422198296,-9.000147819519043,9.000000246334821,0.9998763812798152,1,0
96,7,t231,1001,1101,1101,-1.1368995904922485,-0.386901319026947,-0.7499982714653015,0.3208212817287549,0,0
96,8,x0,0001,0001,1001,-3.576278118089249e-07,-15.000020980834961,15.00002062320715,0.9999996693876424,1,0
97,1,c32,1010,1010,1000,-0.004673281218856573,-5.380553245544434,5.375879964325577,0.9953418272588043,1,0
97,2,x2,1000,1000,0001,-0.00015007381443865597,-15.225353240966797,15.225203167152358,0.9999996888385316,1,0
97,3,s12,1000,1000,1100,-0.00021086723427288234,-8.750210762023926,8.749999894789653,0.9998061684614529,1,0
97,4,t123,1000,1000,1001,-2.0026973288622685e-05,-15.000019073486328,14.99999904651304,0.9999994512070601,1,0
97,5,s21,1000,1000,1100,-0.00022194598568603396,-8.500222206115723,8.500000260130037,0.9997936593997888,1,0
97,6,x1,1100,1100,1000,-4.2437604861333966e-05,-18.19498062133789,18.19493818373303,0.9999999787332574,1,0
97,7,s31,1001,1001,1010,-0.0044707562774419785,-5.797469615936279,5.792998859658837,0.9956609894043972,1,0
97,8,s03,1001,1001,1000,-0.003474263474345207,-5.753474235534668,5.749999972060323,0.996532085291325,1,0
98,1,c31,0000,0000,0100,-0.001929806312546134,-6.251930236816406,6.25000043050386,0.9980721736000452,1,0
98,2,x1,0100,0100,0000,-8.225412784668151e-06,-14.125008583068848,14.125000357656063,0.9999992048054231,1,0
98,3,x0,1100,1100,1000,-8.344647994817933e-07,-14.375000953674316,14.375000119209517,0.999999349147052,1,0
98,4,x0,0100,0100,1100,-4.92322287755087e-05,-10.750055313110352,10.750006080881576,0.9999783853287395,1,0
98,5,c23,0100,0100,0101,-0.005241143982857466,-5.2552409172058105,5.249999773222953,0.9947792506235901,1,0
98,6,c10,1100,1100,1000,-2.264974000354414e-06,-13.000001907348633,12.999999642374632,0.9999977278717598,1,0
98,7,x1,1000,1000,1110,-0.0003019120485987514,-13.877777099609375,13.877475187560776,0.9999986412047324,1,0
98,8,t301,1000,1000,1100,-0.0004456303722690791,-7.750446319580078,7.750000689207809,0.9995689943582078,1,0
99,1,c30,0100,0100,1100,-0.25193044543266296,-1.5019818544387817,1.2500514090061188,0.77729972827461,1,0
99,2,x0,1100,1100,1000,-8.344646857949556e-07,-14.000000953674316,14.00000011920963,0.9999991642599572,1,0
99,3,x0,0100,0100,1100,-4.768360213347478e-06,-12.875009536743164,12.87500476838295,0.9999973541742249,1,0
99,4,s32,0100,0100,0101,-4.994823029846884e-05,-10.750049591064453,10.749999642834155,0.9999538876726906,1,0
99,5,s10,1000,1000,0100,-6.198872142704204e-06,-12.751176834106445,12.751170635234303,0.9999964897454179,1,0
99,6,t231,1000,1000,1100,-1.2278512258490082e-05,-11.750012397766113,11.750000119253855,0.9999919704588097,1,0
99,7,t231,1000,1000,1100,-8.583035196352284e-06,-14.875008583068848,14.875000000033651,0.9999996004950669,1,0
99,8,c01,1100,1100,1000,-4.5775821490678936e-05,-10.500045776367188,10.500000000545697,0.9999721991335936,1,0
100,1,s32,1101,1101,1110,-0.03930491581559181,-3.5365166664123535,3.4972117505967617,0.9614604595414353,1,0
100,2,t023,1101,1101,1100,-0.02070372924208641,-3.8957035541534424,3.874999824911356,0.979636843302654,1,0
100,3,x2,1111,1111,1110,-0.0006440016441047192,-12.813143730163574,12.81249972851947,0.9999968294547976,1,0
100,4,c13,1110,1110,1101,-7.259693666128442e-05,-11.72414779663086,11.724075199694198,0.9999825591242987,1,0
100,5,t021,1010,1010,1110,-2.7417940145824105e-05,-12.812538146972656,12.81251072903251,0.9999958155882926,1,0
100,6,t203,1011,1011,1010,-0.00021158774325158447,-10.125210762023926,10.124999174280674,0.9999584107592875,1,0
100,7,s03,1011,1011,0011,-0.00021169459796510637,-8.500205993652344,8.499994299054379,0.9997903818879545,1,0
100,8,c01,1111,1111,1011,-3.1351733923656866e-05,-10.625024795532227,10.624993443798303,0.9999715821857995,1,0
101,1,c20,1100,1100,1101,-4.851785342907533e-05,-11.12504768371582,11.124999165862391,0.9999520935291748,1,0
101,2,t032,1100,1100,1110,-0.0141875259578228,-4.26417350769043,4.249985981732607,0.9859215672754164,1,0
101,3,x1,1000,1000,1110,-0.0004450286505743861,-15.139608383178711,15.139163354528137,0.9999996376920781,1,0
101,4,s20,0010,0010,1000,-0.0017214779509231448,-6.376705169677734,6.374983691726811,0.9982830041751334,1,0
101,5,s03,0010,0010,1010,-0.00013815442798659205,-9.2508544921875,9.250716337759513,0.9999016666040658,1,0
101,6,x3,0011,0011,0010,-4.172322860540589e-06,-14.625003814697266,14.624999642374405,0.9999992502543381,1,0
101,7,c23,0010,0010,0011,-0.00020394750754348934,-9.000203132629395,8.999999185121851,0.9998765378989356,1,0
101,8,x1,0110,0110,0100,-0.009768783114850521,-4.634768962860107,4.625000179745257,0.9902905808360288,1,0
102,1,s32,1101,1101,1110,-0.1557849496603012,-2.0302720069885254,1.8744870573282242,0.855744883988593,1,0
102,2,c20,1101,1101,1111,-2.527217657188885e-05,-10.875038146972656,10.875012874796084,0.9999768074090641,1,0
102,3,s30,1101,1101,1100,-0.0016310767969116569,-6.501630783081055,6.499999706284143,0.9983713426750066,1,0
102,4,t312,1111,1111,1101,-7.915378228062764e-05,-10.625075340270996,10.624996186488715,0.99996130477271,1,0
102,5,c23,1110,1110,1101,-8.463606354780495e-05,-12.455265045166016,12.455180409102468,0.9999927984201118,1,0
102,6,t301,1110,1110,1010,-0.0005031824694015086,-7.628686428070068,7.628183245600667,0.9995031798224678,1,0
102,7,c23,1111,1111,1110,-0.00011014528718078509,-11.250110626220703,11.250000480933522,0.9999854435754328,1,0
102,8,c32,1101,1101,1011,-0.0006525935023091733,-7.375823020935059,7.375170427432749,0.9993727305297434,1,0
103,1,s20,1001,1001,1000,-0.0034738979302346706,-6.12847375869751,6.124999860767275,0.996557447772889,1,0
103,2,t123,1001,1001,1101,-0.0001515051262686029,-13.500152587890625,13.500001082764356,0.9999975987122031,1,0
103,3,t230,1001,1001,0001,-9.536739753457368e-07,-15.000000953674316,15.000000000000341,0.9999994856944179,1,0
103,4,t210,1001,1001,1101,-4.279530912754126e-05,-10.125042915344238,10.12500012003511,0.9999598620724197,1,0
103,5,t230,1001,1001,0001,-0.0007843333878554404,-11.750777244567871,11.749992911180016,0.9999851213172579,1,0
103,6,s31,1100,1100,1001,-0.00023362363572232425,-8.375442504882812,8.37520888124709,0.9997664288019081,1,0
103,7,t023,1100,1100,1101,-0.020598046481609344,-3.8955979347229004,3.874999888241291,0.9796277228549672,1,0
103,8,c21,1100,1100,1000,-0.0015199808403849602,-6.50510835647583,6.503588375635445,0.9984866188154258,1,0
104,1,c10,1011,1011,1111,-0.3109007477760315,-1.4359067678451538,1.1250060200691223,0.7327869923548643,1,0
104,2,t201,1111,1111,1011,-1.6093206795630977e-05,-11.87501335144043,11.874997258233634,0.9999903156178293,1,0
104,3,x3,1110,1110,1101,-4.112667011213489e-05,-13.242423057556152,13.24238193088604,0.9999957667678914,1,0
104,4,s12,1110,1110,1101,-0.0002896512160077691,-8.375286102294922,8.374996451078914,0.9997131336007381,1,0
104,5,c03,1111,1111,1110,-1.9669470930239186e-05,-12.000019073486328,11.999999404015398,0.999989087989314,1,0
104,6,s12,1111,1111,0111,-2.7894799131900072e-05,-11.125014305114746,11.124986410315614,0.9999722259454619,1,0
104,7,x3,1110,1110,1011,-1.4305078366305679e-05,-12.25862979888916,12.258615493810794,0.9999938163025075,1,0
104,8,s32,1101,1101,1110,-0.002905832137912512,-5.904205799102783,5.901299966964871,0.997108347331492,1,0
105,1,s01,0000,0000,1000,-0.008089236915111542,-5.006717205047607,4.998627968132496,0.991990174877963,1,0
105,2,t123,0000,0000,0001,-4.64915774500696e-06,-13.125004768371582,13.125000119213837,0.9999977611836722,1,0
105,3,c31,0000,0000,1000,-1.5497195136049413e-06,-17.750001907348633,17.75000035762912,0.9999999690567393,1,0
105,4,t123,0000,0000,0001,-5.960450835118536e-06,-14.125005722045898,14.124999761595063,0.9999991486571003,1,0
105,5,c03,0000,0000,0001,-2.8610190838662675e-06,-15.62500286102295,15.625000000003865,0.999999683412656,1,0
105,6,t013,0000,0000,0001,-5.245197826297954e-06,-14.250005722045898,14.250000476848072,0.9999990809070914,1,0
105,7,t301,0000,0000,1000,-2.622600959512056e-06,-15.625007629394531,15.625005006793572,0.9999998019556499,1,0
105,8,s12,0000,0000,0100,-0.00037877820432186127,-8.250370979309082,8.24999220110476,0.999738739096476,1,0
106,1,c01,0000,0000,0100,-3.302058394183405e-05,-10.500032424926758,10.499999404342816,0.9999681651681435,1,0
106,2,s13,0000,0000,0100,-0.00408935034647584,-5.504083633422852,5.499994283076376,0.9959243412304387,1,0
106,3,x1,0100,0100,1100,-3.32588424498681e-05,-15.439461708068848,15.439428449226398,0.9999997225358509,1,0
106,4,s02,0100,0100,1100,-0.008712968789041042,-4.765339374542236,4.756626405753195,0.9913274916541931,1,0
106,5,c31,0100,0100,0000,-8.344647994817933e-07,-14.250000953674316,14.250000119209517,0.9999992894270102,1,0
106,6,x2,0110,0110,0010,-0.0002964430022984743,-14.750297546386719,14.75000110338442,0.9999992894973325,1,0
106,7,c21,0010,0010,0110,-0.00029478041687980294,-9.437796592712402,9.437501812295523,0.9999183780618894,1,0
106,8,c21,0110,0110,0010,-1.5497151252930053e-05,-11.625014305114746,11.624998807963493,0.999985631633331,1,0
107,1,x1,0110,0110,0100,-0.00020299716561567038,-8.625202178955078,8.624999181789462,0.9997977667392443,1,0
107,2,t102,0110,0110,1100,-0.0017805969109758735,-6.400033950805664,6.398253353894688,0.9982975623716627,1,0
107,3,s13,0011,0011,0110,-0.0003507729561533779,-8.458393096923828,8.458042323967675,0.9997834283868302,1,0
107,4,s32,0011,0011,0001,-0.0005458934465423226,-7.875540256500244,7.874994363053702,0.9994560928332394,1,0
107,5,s21,0101,0101,0100,-0.0006294736522249877,-8.250628471374512,8.249998997722287,0.9995081512744474,1,0
107,6,c30,1101,1101,0101,-3.457066668488551e-06,-13.375001907348633,13.374998450281964,0.9999966186873788,1,0
107,7,t123,1101,1101,1111,-0.008729329332709312,-4.7598748207092285,4.751145491376519,0.9913913269089358,1,0
107,8,c30,0101,0101,1101,-0.0007172634941525757,-7.250718116760254,7.250000853266101,0.9992901567318833,1,0
108,1,x1,1101,1101,1100,-2.5153007300104946e-05,-11.250024795532227,11.249999642524926,0.9999863155772255,1,0
108,2,c13,1100,1100,1101,-0.00016437916201539338,-11.125164031982422,11.124999652820406,0.9999837396235459,1,0
108,3,t132,1100,1100,1110,-1.096722644433612e-05,-13.000009536743164,12.99999856951672,0.9999962340247179,1,0
108,4,s13,1001,1001,1010,-0.0023050224408507347,-6.5024003982543945,6.500095375813544,0.9981623832083486,1,0
108,5,x3,1000,1000,1100,-5.2808325563091785e-05,-15.750052452087402,15.74999964376184,0.999999709710436,1,0
108,6,x1,1100,1100,1010,-9.775121725397184e-06,-14.563372611999512,14.563362836877786,0.9999991621624637,1,0
108,7,x3,1101,1101,1100,-0.00013839511666446924,-11.000137329101562,10.999998933984898,0.9999808120591172,1,0
108,8,c30,0101,0101,1101,-2.2053503926144913e-05,-10.875020980834961,10.874998927331035,0.9999800356379726,1,0
109,1,c21,0000,0000,0100,-2.0265570128685795e-06,-14.25000286102295,14.250000834465936,0.999998363010049,1,0
109,2,x0,1000,1000,1100,0.0,-18.75,18.75,0.9999999906654081,1,0
109,3,x3,1001,1001,1000,-0.00041381054325029254,-12.625412940979004,12.624999130435754,0.999996319151182,1,0
109,4,c20,1001,1001,1101,-2.8371603548293933e-05,-11.125053405761719,11.12502503415817,0.9999823416165085,1,0
109,5,t210,1001,1001,1101,-1.3589785339718219e-05,-11.375014305114746,11.375000715329406,0.999988455751694,1,0
109,6,t210,1001,1001,1101,-7.688715413678437e-05,-9.500077247619629,9.500000360465492,0.9999251145972762,1,0
109,7,s01,0101,0101,1001,-0.0007247784524224699,-7.2507195472717285,7.249994768819306,0.9992770639367278,1,0
109,8,s32,0110,0110,0101,-0.004977695178240538,-5.754985809326172,5.750008114147931,0.9951300365147893,1,0
110,1,s01,1111,1111,0111,-0.06213467940688133,-2.8119685649871826,2.7498338855803013,0.9397614686834495,1,0
110,2,t130,0111,0111,1111,-0.0009123694035224617,-7.000916004180908,7.000003634777386,0.9990888438211897,1,0
110,3,c30,1111,1111,0111,-6.5564959186303895e-06,-12.125005722045898,12.12499916554998,0.9999934186471853,1,0
110,4,s13,1111,1111,1011,-0.0001317186251981184,-9.000127792358398,8.9999960737332,0.9998686396702088,1,0
110,5,c32,1101,1101,1011,-3.8861791836097836e-05,-10.500114440917969,10.500075579126133,0.9999723070899278,1,0
110,6,c30,0101,0101,1101,-4.649054608307779e-05,-10.000048637390137,10.000002146844054,0.9999544249939739,1,0
110,7,x2,0111,0111,0110,-2.6225730834994465e-05,-14.250025749206543,14.249999523475708,0.999999185189713,1,0
110,8,t120,1111,1111,1011,-0.0010667465394362807,-6.876064777374268,6.874998030834831,0.9989350880444028,1,0
111,1,s32,0000,0000,0010,-0.002680788282305002,-6.002477645874023,5.999796857591718,0.9973236177791016,1,0
111,2,s23,0000,0000,0010,-0.00011085870210081339,-9.12510871887207,9.12499786016997,0.9998894935279038,1,0
111,3,s20,0000,0000,1000,-1.549709850223735e-05,-11.125031471252441,11.12501597415394,0.9999849878259645,1,0
111,4,c02,0000,0000,1000,-6.198863957251888e-06,-17.250715255737305,17.250709056873347,0.9999999203940696,1,0
111,5,s12,0000,0000,0100,-0.0013444937067106366,-6.626344203948975,6.624999710242264,0.998674897273954,1,0
111,6,s23,0000,0000,0010,-4.136499046580866e-05,-10.25003719329834,10.249995828307874,0.9999604499994649,1,0
111,7,t132,0000,0000,0001,-8.344647994817933e-07,-16.625,16.6249991655352,0.9999998904780618,1,0
111,8,s13,0000,0000,0100,-0.00040476222056895494,-7.875380516052246,7.874975753831677,0.9995956057651787,1,0
112,1,s31,1000,1000,1100,-0.18126827478408813,-1.8062680959701538,1.6249998211860657,0.8342289286960111,1,0
112,2,c30,1000,1000,0000,-2.3841856489070778e-07,-16.000001907348633,16.000001668930068,0.9999997733220506,1,0
112,3,x3,1001,1001,1000,-0.0009563203202560544,-12.375955581665039,12.374999261344783,0.9999943737243224,1,0
112,4,s10,0101,0101,1001,-0.0013315220130607486,-6.626422882080078,6.625091360067017,0.9986699425250445,1,0
112,5,t201,0101,0101,0001,-4.649156835512258e-06,-14.625004768371582,14.625000119214747,0.9999990291525123,1,0
112,6,t210,0101,0101,1101,-2.980229055538075e-06,-12.875038146972656,12.8750351667436,0.9999972756567275,1,0
112,7,t130,1101,1101,0101,-0.001174360979348421,-6.7511701583862305,6.749995797406882,0.998826508773906,1,0
112,8,t231,1101,1101,1111,-0.03835426643490791,-3.2883660793304443,3.2500118128955364,0.9624771806414706,1,0
113,1,c30,0011,0011,1011,-0.06368692964315414,-2.8139138221740723,2.750226892530918,0.9383147953115405,1,0
113,2,t210,0011,0011,1011,-0.00014089557225815952,-8.875146865844727,8.875005970272468,0.99985936639143,1,0
113,3,s21,0101,0101,0100,-0.0008694481803104281,-7.6258697509765625,7.625000302796252,0.9991769365794189,1,0
113,4,s21,0011,0011,0101,-0.0024842305574566126,-6.002490043640137,6.00000581308268,0.9975218268664843,1,0
113,5,s02,1001,1001,0011,-0.038058530539274216,-3.288757801055908,3.250699270516634,0.9626583787807534,1,0
113,6,c20,1001,1001,1101,-3.218648316760664e-06,-13.500009536743164,13.500006318094847,0.9999977718816058,1,0
113,7,s30,1001,1001,1100,-0.001451446209102869,-7.251436710357666,7.249985264148563,0.9986476460741771,1,0
113,8,s30,1001,1001,0011,-0.0023905972484499216,-6.165288925170898,6.1628983279224485,0.9976128035102029,1,0
114,1,t203,0000,0000,0001,-0.00017391139408573508,-9.500173568725586,9.4999996573315,0.9999247130978409,1,0
114,2,s20,0000,0000,1000,-0.00010930895950878039,-9.12510871887207,9.124999409912562,0.9998910219625451,1,0
114,3,s01,0000,0000,1000,-0.0004886388778686523,-7.625491142272949,7.625002503395081,0.9995121316390241,1,0
114,4,t312,0000,0000,0001,-1.0728831512096804e-06,-16.375,16.37499892711685,0.9999998820213126,1,0
114,5,c21,0000,0000,1000,-6.198864411999239e-06,-15.500018119812012,15.5000119209476,0.9999996584057927,1,0
114,6,s12,0000,0000,0100,-0.14278799295425415,-2.0177853107452393,1.874997317790985,0.8670353545782097,1,0
114,7,t301,0000,0000,1000,-1.311301275563892e-06,-17.000001907348633,17.000000596047357,0.9999999412835553,1,0
114,8,s12,0000,0000,0100,-0.010041306726634502,-4.634972095489502,4.6249307887628675,0.9902907398116659,1,0
115,1,x2,0001,0001,0000,-0.2811964452266693,-1.4061964750289917,1.1250000298023224,0.7549134623222091,1,0
115,2,t123,0001,0001,0011,-1.0490390195627697e-05,-15.500223159790039,15.500212669399843,0.9999996424418249,1,0
115,3,x2,0011,0011,0010,-0.00021932198433205485,-12.500219345092773,12.500000023108441,0.9999957678254324,1,0
115,4,s02,1001,1001,0011,-0.0001944196264958009,-8.875191688537598,8.874997268911102,0.9998279030251114,1,0
115,5,s03,1001,1001,1000,-0.0007704192539677024,-7.750770092010498,7.74999967275653,0.9992327519663952,1,0
115,6,c02,1011,1011,1001,-2.9921346140326932e-05,-11.00002384185791,10.99999392051177,0.999977841923632,1,0
115,7,x2,1001,1001,1000,-2.861000393750146e-05,-15.375027656555176,15.374999046551238,0.999999580901819,1,0
115,8,x3,1000,1000,0000,-5.5669210269115865e-05,-13.251226425170898,13.25117075596063,0.9999980096455015,1,0
116,1,x0,0100,0100,1100,-4.3152933358214796e-05,-10.750125885009766,10.750082732076407,0.9999762096010754,1,0
116,2,c20,0100,0100,1100,-7.903268124209717e-05,-9.500101089477539,9.500022056796297,0.9999248180454398,1,0
116,3,x0,1100,1100,1000,-4.768370445162873e-07,-14.75,14.749999523162955,0.9999995976382221,1,0
116,4,c32,1100,1100,1101,-2.2172693206812255e-05,-15.750021934509277,15.74999976181607,0.9999996221112568,1,0
116,5,x0,0100,0100,1100,-2.2649744551017648e-06,-13.125053405761719,13.125051140787264,0.9999978734552792,1,0
116,6,c01,0100,0100,1000,-2.0265565581212286e-06,-14.625017166137695,14.625015139581137,0.9999992655182656,1,0
116,7,s21,0010,0010,0011,-0.004667780362069607,-5.62966775894165,5.624999978579581,0.9953777474483987,1,0
116,8,t302,0010,0010,0011,-2.145766529793036e-06,-15.000001907348633,14.999999761582103,0.9999994832730704,1,0
117,1,s20,0111,1101,1101,-1.8068983554840088,-0.1799338459968567,-1.626964509487152,0.16422019872549676,0,0
117,2,t032,0111,0111,0011,-2.515299456717912e-05,-11.000020980834961,10.999995827840394,0.9999825122107994,1,0
117,3,x3,0110,0110,0010,-2.0265411876607686e-05,-13.861106872558594,13.861086607146717,0.999998331246993,1,0
117,4,s32,0101,0101,0110,-0.0013765875482931733,-6.689211845397949,6.687835257849656,0.9987031446983369,1,0
117,5,t201,0101,0101,0001,-7.510167961299885e-06,-13.375021934509277,13.375014424341316,0.9999979465188699,1,0
117,6,s23,0110,0110,0101,-0.00041266033076681197,-8.50041389465332,8.500001234322554,0.9995916305197278,1,0
117,7,t231,0110,0110,0100,-3.09939932776615e-05,-10.5000581741333,10.500027180140023,0.9999720455416492,1,0
117,8,s32,0101,0101,0110,-0.0017120321281254292,-6.939291000366211,6.9375789682380855,0.9988904828743101,1,0
118,1,x2,1110,1110,1010,-0.0002554381499066949,-10.875494003295898,10.875238565145992,0.9999769938140882,1,0
118,2,c23,1111,1111,1101,-5.7577271945774555e-05,-11.904807090759277,11.904749513487332,0.9999918042493748,1,0
118,3,s12,1111,1111,0111,-0.0005232091643847525,-7.625487804412842,7.624964595248457,0.9995084125095405,1,0
118,4,s01,1111,1111,1011,-0.0013570280279964209,-6.626335144042969,6.624978116014972,0.9986677626022161,1,0
118,5,c03,1110,1110,1100,-3.921936877304688e-05,-12.725580215454102,12.725540996085329,0.9999943152707214,1,0
118,6,t021,1010,1010,1011,-0.00016151872114278376,-8.875161170959473,8.87499965223833,0.9998493502898557,1,0
118,7,t032,1010,1010,1000,-4.7802062908886e-05,-12.755279541015625,12.755231738952716,0.9999941589076541,1,0
118,8,x2,1000,1000,1011,-0.0002385108673479408,-17.125267028808594,17.125028517941246,0.9999999102402767,1,0
119,1,c12,1101,1101,1011,-0.0006511631072498858,-7.375641345977783,7.374990182870533,0.9993570739978734,1,0
119,2,x2,1111,1111,1110,-0.0008636577986180782,-13.563363075256348,13.56249941745773,0.9999982820253923,1,0
119,3,x0,0111,0111,0011,-7.152555667744309e-07,-14.812500953674316,14.81250023841875,0.9999996141744317,1,0
119,4,c21,0011,0011,0111,-5.149771459400654e-05,-11.187027931213379,11.186976433498785,0.9999851969451087,1,0
119,5,c02,0011,0011,0010,-1.4305110198620241e-06,-16.0,15.99999856948898,0.9999998226590004,1,0
119,6,x1,0111,0111,0110,-2.980229510285426e-06,-13.000001907348633,12.999998927119123,0.9999971467699796,1,0
119,7,t032,0111,0111,0011,-1.0848019883269444e-05,-14.500006675720215,14.499995827700332,0.9999989054635027,1,0
119,8,x1,0011,0011,0111,-0.0003684084804262966,-14.1262845993042,14.125916190823773,0.9999992566442807,1,0
120,1,x0,0001,0001,1001,-2.8967464459128678e-05,-10.87520694732666,10.875177979862201,0.9999808036098713,1,0
120,2,c30,1001,1001,0001,-4.7683710135970614e-07,-15.375,15.374999523162899,0.9999995666784608,1,0
120,3,t321,1001,1001,1101,-0.0008029696764424443,-7.250819683074951,7.250016713398509,0.9992897811333227,1,0
120,4,s32,1010,1010,0010,-3.647771882242523e-05,-11.136919021606445,11.136882543887623,0.9999654867382118,1,0
120,5,s03,0011,0011,1010,-0.0034902039915323257,-6.253314971923828,6.249824767932296,0.9965743979517947,1,0
120,6,c30,1011,1011,0011,-7.39096685720142e-06,-12.87500286102295,12.874995470056092,0.9999936353393992,1,0
120,7,t102,1011,1011,1001,-6.246508564800024e-05,-10.625072479248047,10.625010014162399,0.9999723497545786,1,0
120,8,c21,1111,1111,1011,-1.955023435584735e-05,-12.000017166137695,11.99999761590334,0.9999925054312656,1,0
121,1,c31,0110,0110,0010,-0.07896652072668076,-2.579373598098755,2.500407077372074,0.924071578873983,1,0
121,2,x0,1110,1110,1010,-5.960463340670685e-07,-14.5,14.499999403953666,0.9999993358292517,1,0
121,3,s01,1110,1110,1011,-0.000329819304170087,-8.625246047973633,8.624916228669463,0.9997455776541341,1,0
121,4,c21,1010,1010,1110,-1.1205629562027752e-05,-13.821125984191895,13.821114778562333,0.9999989282709516,1,0
121,5,x1,1110,1110,1100,-9.011838119477034e-05,-13.125089645385742,13.124999527004547,0.9999973725467425,1,0
121,6,c32,1110,1110,1111,-3.361661947565153e-05,-14.25003433227539,14.250000715655915,0.9999983330687237,1,0
121,7,s30,0111,0111,1110,-0.0017146748723462224,-6.379420280456543,6.377705605584197,0.9982953633118968,1,0
121,8,t120,1111,1111,1011,-0.0015518245054408908,-6.751171588897705,6.749619764392264,0.9984500011448589,1,0
122,1,t120,1011,1011,0011,-0.1429690569639206,-2.126941442489624,1.9839723855257034,0.8667857101696692,1,0
122,2,c21,1111,1111,1011,-3.4212833270430565e-05,-11.250030517578125,11.249996304744855,0.9999833592932755,1,0
122,3,c23,1110,1110,1101,-0.00014256828580982983,-11.128307342529297,11.128164774243487,0.9999738290051291,1,0
122,4,t210,0110,0110,1110,-0.0011797236511483788,-6.751351356506348,6.750171632855199,0.9988224814096074,1,0
122,5,x1,0010,0010,0011,-0.0010127690620720387,-13.751012802124023,13.750000033061951,0.9999986879441549,1,0
122,6,c02,0010,0010,1000,-5.960463340670685e-07,-17.264163970947266,17.26416337490093,0.9999999298657596,1,0
122,7,s31,0010,0011,0011,-5.040976047515869,-0.040975917130708694,-5.0000001303851604,0.0064714083178781185,0,0
122,8,t312,0010,0010,0011,-1.3113015029375674e-06,-13.625000953674316,13.624999642372813,0.9999987506738947,1,0
123,1,s32,0000,0000,0010,-0.005332330707460642,-5.2552361488342285,5.249903818126768,0.9946826426901701,1,0
123,2,x1,0100,0100,0000,-1.4305107924883487e-06,-15.375011444091797,15.375010013581004,0.9999997453663434,1,0
123,3,t103,0100,0100,0101,-0.0003240994701627642,-8.375324249267578,8.375000149797415,0.9997677493869458,1,0
123,4,s02,0100,0100,0010,-0.0036316178739070892,-6.253747940063477,6.2501163221895695,0.9963756728637543,1,0
123,5,s21,0010,0010,0100,-0.0028409610968083143,-5.877819061279297,5.874978100182489,0.9971875007582282,1,0
123,6,x2,0000,0000,0001,-6.758998642908409e-05,-14.875066757202148,14.87499916721572,0.9999992890150039,1,0
123,7,t012,0000,0000,0001,-2.3841856489070778e-07,-16.625,16.624999761581435,0.9999998802109665,1,0
123,8,x0,1000,1000,1100,-1.1920928244535389e-07,-19.0,18.999999880790718,0.9999999900791195,1,0
124,1,x2,1000,1000,0000,-6.520548049593344e-05,-12.252543449401855,12.25247824392136,0.9999932439197022,1,0
124,2,x1,1100,1100,1110,-1.0967194612021558e-05,-16.875011444091797,16.875000476897185,0.9999999225116634,1,0
124,3,s32,1100,1100,1101,-0.0006746468716301024,-7.375674724578857,7.375000077707227,0.9993390656380895,1,0
124,4,x2,1110,1110,1000,-0.00011383843229850754,-15.688403129577637,15.688289291145338,0.9999997159965291,1,0
124,5,t213,1111,1111,1110,-0.0006096673896536231,-7.875609397888184,7.87499973049853,0.9996118544277109,1,0
124,6,c23,1110,1110,1111,-7.343145261984318e-05,-11.937573432922363,11.937500001469743,0.9999880560622761,1,0
124,7,x0,0110,0110,0010,-0.00023779443290550262,-8.398483276367188,8.398245481934282,0.9997688295950645,1,0
124,8,c13,0111,0111,0110,-5.1139948482159525e-05,-10.12505054473877,10.124999404790287,0.9999590828930548,1,0
125,1,t032,1001,1001,1011,-0.012693257071077824,-4.3877973556518555,4.375104098580778,0.987411851289723,1,0
125,2,x2,1011,1011,1010,-0.0004924519453197718,-14.187993049621582,14.187500597676262,0.9999990136718403,1,0
125,3,t103,1011,1011,1010,-0.00011419980000937358,-11.625113487243652,11.624999287443643,0.9999885290020255,1,0
125,4,c03,1010,1010,1011,-7.987007847987115e-06,-13.437507629394531,13.437499642386683,0.9999980697502777,1,0
125,5,x1,1110,1110,1010,-1.0132769602932967e-05,-12.125304222106934,12.12529408933733,0.9999928007454375,1,0
125,6,t301,1110,1110,1010,-4.20804281020537e-05,-10.500056266784668,10.500014186356566,0.9999720349458744,1,0
125,7,x2,1100,1100,1000,-0.0005819391226395965,-11.252585411071777,11.252003471949138,0.9999832695620593,1,0
125,8,c31,1100,1100,1000,-9.536704965285026e-06,-14.500016212463379,14.500006675758414,0.9999991095375351,1,0
126,1,s20,0011,0011,1001,-0.06540566682815552,-2.929918050765991,2.8645123839378357,0.9451524852587818,1,0
126,2,t302,0011,0011,0010,-2.622602551127784e-06,-14.37500286102295,14.375000238420398,0.9999993543761605,1,0
126,3,c02,0011,0011,0010,-6.675706572423223e-06,-15.375005722045898,15.374999046339326,0.9999995713916273,1,0
126,4,t302,0011,0011,0010,-2.741811840678565e-06,-15.375001907348633,15.374999165536792,0.9999996401221062,1,0
126,5,t031,0011,0011,0111,-0.00018285094120074064,-8.625184059143066,8.625001208201866,0.9998203892295622,1,0
126,6,c32,0001,0001,0011,-4.768272629007697e-05,-10.064249992370605,10.064202309644315,0.9999573211056216,1,0
126,7,x1,0101,0101,0001,-4.410736892168643e-06,-12.500003814697266,12.499999403960373,0.999995620253037,1,0
126,8,x0,1101,1101,1100,-2.026556785494904e-06,-13.500000953674316,13.499998927117531,0.9999981483173052,1,0
127,1,s31,1111,1111,0111,-0.003061945317313075,-6.38341760635376,6.380355661036447,0.9969490333365684,1,0
127,2,c30,0111,0111,1111,-5.936446541454643e-05,-9.875059127807617,9.874999763342203,0.9999485111769122,1,0
127,3,t231,0011,0011,0111,-3.3616604923736304e-05,-10.500036239624023,10.5000026230191,0.9999721539337559,1,0
127,4,s32,0011,0011,0101,-0.0011206029448658228,-7.47499418258667,7.473873579641804,0.9988853882652792,1,0
127,5,c13,0011,0011,0010,-1.0013538485509343e-05,-11.75001049041748,11.750000476878995,0.9999916049688509,1,0
127,6,c10,0011,0011,1011,-4.52994390798267e-06,-12.50001335144043,12.500008821496522,0.9999960707037807,1,0
127,7,c32,0001,0001,0011,-1.4662689864053391e-05,-13.882477760314941,13.882463097625077,0.9999989769091673,1,0
127,8,s20,0001,0001,1000,-0.00025080516934394836,-9.125130653381348,9.124879848212004,0.99976376935969,1,0
128,1,c03,1111,1111,1110,-0.0002331561263417825,-8.625232696533203,8.624999540406861,0.9997792705376778,1,0
128,2,x3,1110,1110,1101,-3.814653609879315e-05,-12.14271354675293,12.142675400216831,0.9999917794997258,1,0
128,3,c23,1111,1111,1101,-2.527216201997362e-05,-12.636896133422852,12.636870861260832,0.9999945806894522,1,0
128,4,x0,0111,0111,0011,-1.3113018439980806e-06,-14.250000953674316,14.249999642372472,0.9999991756149281,1,0
128,5,s03,1110,1110,1111,-0.00019573228200897574,-9.000195503234863,8.999999770952854,0.9998098071420338,1,0
128,6,x1,1010,1010,1000,-1.3112955457472708e-05,-13.444950103759766,13.444936990804308,0.9999982558569125,1,0
128,7,c10,1010,1010,1110,-6.651706644333899e-05,-9.7500638961792,9.749997379112756,0.9999401107627551,1,0
128,8,s13,1010,1010,1110,-0.01876203343272209,-4.018216609954834,3.999454576522112,0.9814659163043036,1,0
129,1,t123,0000,0000,0001,-6.127178494352847e-05,-9.87506103515625,9.874999763371306,0.9999478159186106,1,0
129,2,t013,0000,0000,0001,-2.741811158557539e-06,-14.25000286102295,14.25000011921179,0.9999992313328419,1,0
129,3,c30,0000,0000,1000,-1.9073468138230965e-06,-13.250001907348633,13.250000000001819,0.9999981776014855,1,0
129,4,x1,0100,0100,0000,-2.861018856492592e-06,-16.875490188598633,16.875487327579776,0.9999999331968061,1,0
129,5,c10,1100,1100,1000,-3.0994374355941545e-06,-12.75000286102295,12.749999761585514,0.999996882715385,1,0
129,6,s10,1100,1100,1010,-1.5616386008332483e-05,-12.375157356262207,12.375141739876199,0.9999876832578605,1,0
129,7,t320,1100,1100,1000,-3.099439709330909e-06,-13.750008583068848,13.750005483629138,0.9999985862080278,1,0
129,8,s30,0101,0101,0100,-0.0019366559572517872,-6.501936912536621,6.500000256579369,0.9980880982275951,1,0
130,1,t103,1000,1000,1001,-0.0001327930367551744,-9.125131607055664,9.124998814018909,0.9998860981266665,1,0
130,2,t120,1000,1000,1100,-2.3126347514335066e-05,-14.500022888183594,14.49999976183608,0.9999992783264758,1,0
130,3,s30,0001,0001,1000,-0.00045456617954187095,-7.750452995300293,7.749998429120751,0.9995582962283632,1,0
130,4,c12,0001,0001,0011,-4.410739165905397e-06,-12.750303268432617,12.750298857693451,0.9999968183367329,1,0
130,5,t021,0001,0001,1001,-3.2186467251449358e-06,-15.375053405761719,15.375050187114994,0.9999996458075269,1,0
130,6,s32,0010,0010,0001,-2.515292180760298e-05,-10.875029563903809,10.875004410982001,0.999980127308484,1,0
130,7,x1,0110,0110,0100,-0.00016223129932768643,-8.750162124633789,8.749999893334461,0.9998378230844773,1,0
130,8,c13,0111,0111,0110,-8.904728019842878e-05,-9.750088691711426,9.749999644431227,0.9999399989733003,1,0
131,1,c12,0010,0010,0000,-0.00010192197078140453,-9.904866218566895,9.904764296596113,0.9998989675591687,1,0
131,2,c20,1010,1010,1000,-2.3841855067985307e-07,-15.375,15.37499976158145,0.9999997690361306,1,0
131,3,x0,0010,0010,1010,-1.5497195136049413e-06,-13.625555038452148,13.625553488732635,0.9999987822830176,1,0
131,4,x1,0110,0110,0100,-9.65592607826693e-06,-11.875009536743164,11.874999880817086,0.9999924464487682,1,0
131,5,t031,0110,0110,1110,-9.655912435846403e-06,-13.125025749206543,13.125016093294107,0.9999976582485288,1,0
131,6,c30,0110,0110,0111,-1.7881387748275301e-06,-14.875000953674316,14.874999165535542,0.999999291316902,1,0
131,7,c21,0010,0010,0110,-0.0006213829619809985,-7.43812370300293,7.437502320040949,0.9994111969474735,1,0
131,8,s30,0010,0010,0011,-0.011295310221612453,-4.511295318603516,4.500000008381903,0.9888562955089684,1,0
132,1,c01,1001,1001,1011,-4.649157290259609e-06,-12.875005722045898,12.875001072888608,0.99999546361678,1,0
132,2,x1,1101,1101,1100,-4.434499714989215e-05,-12.937543869018555,12.937499524021405,0.9999970624464803,1,0
132,3,c23,1101,1101,1111,-0.0006283621769398451,-7.7519941329956055,7.751365770818666,0.9995239638558281,1,0
132,4,x2,1111,1111,1110,-0.00034779374254867435,-13.250348091125488,13.25000029738294,0.999995522741028,1,0
132,5,x0,0111,0111,0011,-1.1920928244535389e-07,-16.4375,16.437499880790718,0.999999898393822,1,0
132,6,s23,0111,0111,0011,-2.8013881092192605e-05,-10.62502384185791,10.624995827976818,0.9999722563804924,1,0
132,7,x0,1111,1111,1011,-7.74858744989615e-06,-12.250007629394531,12.249999880807081,0.999993309341601,1,0
132,8,t120,0111,0111,1111,-5.829164365422912e-05,-9.750080108642578,9.750021816998924,0.999941666315371,1,0
133,1,s20,0101,1001,1001,-1.1483509540557861,-0.5935770273208618,-0.5547739267349243,0.3183448577197819,0,0
133,2,s21,0011,0011,0101,-0.005261641927063465,-5.25525426864624,5.249992626719177,0.9947787273196964,1,0
133,3,s31,0110,0110,0101,-0.008778545074164867,-4.75888729095459,4.750108745880425,0.9912604505876101,1,0
133,4,x1,0010,0010,1010,-0.000530341116245836,-14.75000286102295,14.749472519906703,0.9999992924577227,1,0
133,5,t213,0010,0010,0011,-0.478546679019928,-0.978546679019928,0.5,0.6224591858677299,1,0
133,6,t203,0010,0010,0011,-0.0002314778685104102,-8.375231742858887,8.375000264990376,0.9997694274763016,1,0
133,7,t321,0010,0010,0110,-9.179093467537314e-06,-12.875011444091797,12.87500226499833,0.9999972709613806,1,0
133,8,s30,0010,0010,1010,-0.000594757148064673,-7.875394821166992,7.8748000640189275,0.9994166006899595,1,0
134,1,t012,0001,0001,0101,-8.106216228043195e-06,-13.625222206115723,13.625214099899495,0.9999983641503581,1,0
134,2,s02,0001,0001,1000,-0.0011723340721800923,-6.753650188446045,6.752477854373865,0.9988291546736063,1,0
134,3,x3,0000,0000,0001,-1.1205630471522454e-05,-14.62501049041748,14.624999284787009,0.9999993719970248,1,0
134,4,t012,0000,0000,0001,-3.6954816096113063e-06,-16.500003814697266,16.500000119215656,0.9999998102280923,1,0
134,5,s10,0000,0000,1000,-1.9073468138230965e-06,-13.687501907348633,13.687500000001819,0.999998830307587,1,0
134,6,t213,0000,0000,0001,-1.54972008203913e-06,-14.625000953674316,14.624999403954234,0.9999994556734294,1,0
134,7,t201,0000,0000,0001,-1.0728830375228426e-06,-16.750001907348633,16.750000834465595,0.9999998975117207,1,0
134,8,t310,0000,0000,1000,-4.0531081140215974e-06,-14.625004768371582,14.625000715263468,0.9999994480684606,1,0
135,1,t012,0001,0001,1001,-7.152541002142243e-06,-14.750815391540527,14.750808238999525,0.9999993620611503,1,0
135,2,x0,1001,1001,1000,-5.960462772236497e-07,-14.250000953674316,14.25000035762804,0.9999993081052252,1,0
135,3,x1,1101,1101,1001,-6.937790021765977e-05,-12.125067710876465,12.124998332976247,0.9999919974742458,1,0
135,4,c31,1001,1001,1101,-4.7802233893889934e-05,-10.255974769592285,10.255926967358391,0.9999623739072829,1,0
135,5,s03,1001,1001,1000,-0.01280683558434248,-4.387806415557861,4.374999579973519,0.987275382241725,1,0
135,6,t320,1001,1001,1101,-1.9073333533015102e-05,-11.000019073486328,11.000000000152795,0.9999831937126651,1,0
135,7,s32,1010,1010,1001,-1.8715776604949497e-05,-11.880946159362793,11.880927443586188,0.9999917939990759,1,0
135,8,s21,1100,1100,1010,-0.00010061042848974466,-9.75062084197998,9.75052023155149,0.9999006233203939,1,0
136,1,t210,1100,1100,1000,-4.327242641011253e-05,-10.37504768371582,10.37500441128941,0.9999615614693267,1,0
136,2,x0,0100,0100,0000,-1.54972008203913e-06,-13.924019813537598,13.924018263817516,0.999998521992197,1,0
136,3,t301,0100,0100,1100,-3.8146913539094385e-06,-14.000072479248047,14.000068664556693,0.9999989166980923,1,0
136,4,s01,1000,1000,1001,-0.00016676487575750798,-10.500165939331055,10.499999174455297,0.9999689174076354,1,0
136,5,t320,1000,1000,1100,-1.6093139493023045e-05,-11.125016212463379,11.125000119323886,0.99998512290839,1,0
136,6,s23,1000,1000,1010,-0.0004754325491376221,-7.750447750091553,7.749972317542415,0.9995374282701025,1,0
136,7,c20,1000,1000,1100,-7.6293804340821225e-06,-12.500008583068848,12.500000953688414,0.9999958626688991,1,0
136,8,s30,0001,0001,1000,-0.0010508764535188675,-6.876106262207031,6.875055385753512,0.9989650413279699,1,0
137,1,t032,1010,1010,1000,-0.0011551944771781564,-6.876300811767578,6.8751456172904,0.9988585880866448,1,0
137,2,x3,1011,1011,1001,-0.00018571133841760457,-14.710931777954102,14.710746066615684,0.9999993594492886,1,0
137,3,x3,1010,1010,1001,-1.3470580597640947e-05,-13.571127891540527,13.57111442095993,0.9999983678302643,1,0
137,4,c23,1011,1011,1001,-1.0967203706968576e-05,-14.423599243164062,14.423588275960356,0.9999991981089258,1,0
137,5,x2,1001,1001,1011,-9.655916983319912e-06,-15.91096305847168,15.910953402554696,0.9999997289145455,1,0
137,6,c23,1001,1001,1011,-4.458392504602671e-05,-10.918136596679688,10.918092012754641,0.9999797088544035,1,0
137,7,t210,1001,1001,1101,-5.459650492412038e-05,-9.875057220458984,9.87500262395406,0.9999483711431069,1,0
137,8,t210,1001,1001,1101,-1.3708999176742509e-05,-11.375014305114746,11.37500059611557,0.9999884541473885,1,0
138,1,c21,1011,1011,1111,-4.768364760820987e-06,-12.625008583068848,12.625003814704087,0.9999954636526,1,0
138,2,x3,1010,1010,1001,-0.00019167059508617967,-14.006906509399414,14.006714838804328,0.9999978497831632,1,0
138,3,t321,1010,1010,1110,-0.0005694289575330913,-7.500575542449951,7.500006113492418,0.9994459126440335,1,0
138,4,t201,1110,1110,1010,-6.616010796278715e-05,-10.125061988830566,10.124995828722604,0.9999557183720198,1,0
138,5,x2,1100,1100,1000,-0.000443480588728562,-12.87862491607666,12.878181435487932,0.999997419262022,1,0
138,6,t023,1100,1100,1101,-0.08898038417100906,-2.463980197906494,2.374999813735485,0.9148988203639877,1,0
138,7,c32,1100,1100,1000,-2.7894591767108068e-05,-16.375038146972656,16.37501025238089,0.9999998224870079,1,0
138,8,x3,1101,1101,1100,-7.652992644580081e-05,-12.375076293945312,12.374999764018867,0.9999948431731629,1,0
139,1,s13,1001,1001,1100,-0.24188897013664246,-1.6005280017852783,1.3586390316486359,0.7852349639994808,1,0
139,2,t312,1001,1001,1101,-0.0002133712696377188,-8.750204086303711,8.749990715034073,0.9998247645627999,1,0
139,3,s21,1001,1001,1100,-0.00018929035286419094,-8.750192642211914,8.75000335185905,0.9998372761773442,1,0
139,4,x2,1011,1011,1001,-0.0001520998339401558,-13.37558364868164,13.3754315488477,0.9999978227839396,1,0
139,5,c23,1010,1010,1011,-4.732556772069074e-05,-12.31254768371582,12.3125003581481,0.9999921128002114,1,0
139,6,c30,1010,1010,0010,-7.748578354949132e-06,-11.875017166137695,11.87500941755934,0.9999925723686787,1,0
139,7,x0,0010,0010,1010,-4.6491513785440475e-06,-12.375267028808594,12.375262379657215,0.9999957371452871,1,0
139,8,t231,0010,0010,0110,-1.704683745629154e-05,-11.250018119812012,11.250001072974555,0.9999867637115034,1,0
140,1,c13,0110,0110,0101,-0.012148416601121426,-4.704899787902832,4.692751371301711,0.9879253994486896,1,0
140,2,x0,1110,1110,1010,-3.838475822703913e-05,-10.250038146972656,10.24999976221443,0.9999617049387065,1,0
140,3,s23,1101,1101,1110,-0.007265998516231775,-5.509450435638428,5.502184437122196,0.9927688566879029,1,0
140,4,s32,1110,1110,1011,-0.0019555550534278154,-6.252237319946289,6.250281764892861,0.9980480549777492,1,0
140,5,t230,1110,1110,0110,-1.2874563253717497e-05,-11.750008583068848,11.749995708505594,0.9999910246621205,1,0
140,6,t231,1110,1110,1010,-0.00026331585831940174,-8.750272750854492,8.750009434996173,0.9998399914734498,1,0
140,7,s03,0111,0111,1110,-0.0019797824788838625,-6.256131172180176,6.254151389701292,0.9980715500415811,1,0
140,8,x2,0101,0101,0001,-3.695485020216438e-06,-15.632604598999023,15.632600903514003,0.99999959546537,1,0
141,1,x2,1000,1000,0000,-8.12974976724945e-05,-12.168083190917969,12.168001893420296,0.9999937842098928,1,0
141,2,x2,1010,1010,1110,-6.866220064694062e-05,-17.25013542175293,17.250066759552283,0.9999999302395455,1,0
141,3,s01,0110,0110,0111,-0.001407799543812871,-7.001407623291016,6.999999823747203,0.9986014885300066,1,0
141,4,s02,1100,1100,0110,-0.0007296000840142369,-7.376255035400391,7.375525435316376,0.999272085280733,1,0
141,5,s31,1001,1001,1100,-0.009972947649657726,-4.634814739227295,4.624841791577637,0.9900811318639555,1,0
141,6,t132,1001,1001,1101,-3.3020787668647245e-05,-11.500130653381348,11.500097632593679,0.9999834438806816,1,0
141,7,t201,1001,1001,1101,-0.0002118209085892886,-8.750211715698242,8.749999894789653,0.9998411756487201,1,0
141,8,s02,0011,0011,0101,-0.2917160391807556,-1.7291698455810547,1.437453806400299,0.747666067832859,1,0
142,1,x1,0000,0000,1100,-9.000062709674239e-05,-9.951483726501465,9.951393725874368,0.9999216805276533,1,0
142,2,s13,0000,0000,0100,-0.002480893163010478,-6.002477169036865,5.999996275873855,0.9975236099750018,1,0
142,3,t201,0000,0000,0100,-2.145765392924659e-06,-15.625001907348633,15.62499976158324,0.9999996934020884,1,0
142,4,t321,0000,0000,1000,-1.4305104514278355e-06,-16.500001907348633,16.50000047683818,0.9999998713660095,1,0
142,5,s01,0000,0000,1000,-0.00012754590716212988,-9.000129699707031,9.00000215379987,0.9998763832818296,1,0
142,6,t123,0000,0000,0001,-5.483615950652165e-06,-14.875004768371582,14.874999284755631,0.9999995540716703,1,0
142,7,t012,0000,0000,1000,-1.311301275563892e-06,-16.625011444091797,16.62501013279052,0.9999998830225861,1,0
142,8,s23,0000,0000,0010,-6.198712799232453e-05,-9.75006103515625,9.749999048028258,0.9999400434845039,1,0
143,1,s01,0001,0001,1000,-0.009770089760422707,-4.664517879486084,4.654747789725661,0.9902779968718326,1,0
143,2,s20,0001,0001,1000,-0.00015531977987848222,-8.875199317932129,8.87504399815225,0.9998452607754632,1,0
143,3,t130,0001,0001,1001,-4.61329473182559e-05,-10.000062942504883,10.000016809557565,0.9999545451880887,1,0
143,4,s10,0001,0001,0000,-4.172320586803835e-06,-12.875004768371582,12.875000596050995,0.9999957593851999,1,0
143,5,x1,0101,0101,0100,-3.457067123235902e-06,-13.37500286102295,13.374999403955826,0.999997068165504,1,0
143,6,x2,0111,0111,0110,-0.000450292689492926,-12.375450134277344,12.37499984158785,0.9999921327854002,1,0
143,7,t021,0111,0111,0011,-8.463843187200837e-06,-13.125007629394531,13.124999165551344,0.9999978302038213,1,0
143,8,x1,0011,0011,0111,-4.7921068471623585e-05,-14.455379486083984,14.455331565015513,0.999999355574506,1,0
144,1,c01,0111,0111,1011,-0.11296457052230835,-2.2378227710723877,2.1248582005500793,0.893182440158302,1,0
144,2,x0,1111,1111,1110,-1.5497201957259676e-06,-13.750000953674316,13.74999940395412,0.9999986855386175,1,0
144,3,c23,1110,1110,1101,-2.9802169592585415e-05,-11.754642486572266,11.754612684402673,0.9999861372921353,1,0
144,4,t120,0110,0110,1110,-4.875551530858502e-05,-10.000958442687988,10.00090968717268,0.9999522875239678,1,0
144,5,x3,0111,0111,0011,-3.4451142710167915e-05,-14.062967300415039,14.062932849272329,0.9999985094777902,1,0
144,6,s12,0111,0111,0011,-0.0013868887908756733,-6.876338005065918,6.874951116275042,0.9986635382919392,1,0
144,7,c21,0011,0011,0111,-0.00010096644109580666,-12.37517261505127,12.375071648610174,0.9999942060643817,1,0
144,8,s03,1010,1010,1001,-0.0015651598805561662,-6.501566410064697,6.500001250184141,0.99843993076024,1,0
145,1,t203,0110,0110,0111,-0.12707960605621338,-2.127079486846924,1.9999998807907104,0.8806694587638234,1,0
145,2,t102,0110,0110,0100,-1.7523672795505263e-05,-13.125079154968262,13.125061631295466,0.9999956139236243,1,0
145,3,t301,0110,0110,1110,-9.417499313713051e-06,-14.62516975402832,14.625160336529007,0.9999990194057667,1,0
145,4,s31,0011,0011,0110,-0.00046910258242860436,-7.784107685089111,7.783638582506683,0.9995694021515911,1,0
145,5,x3,0010,0010,0011,-3.4570668958622264e-06,-14.500003814697266,14.50000035763037,0.9999991100100638,1,0
145,6,s21,0100,0100,0010,-0.0003221785882487893,-8.125754356384277,8.125432177796029,0.9996920560961474,1,0
145,7,c20,0100,0100,1100,-3.933899733965518e-06,-12.500008583068848,12.500004649169114,0.9999960942350551,1,0
145,8,c12,0110,0110,0100,-2.4914521418395452e-05,-12.37502384185791,12.374998927336492,0.9999956968793939,1,0
146,1,x1,0111,0111,0110,-0.000595810473896563,-7.688096046447754,7.687500235973857,0.999446178253233,1,0
146,2,t012,0111,0111,1101,-2.0027056962135248e-05,-12.250032424926758,12.250012397869796,0.9999947452762555,1,0
146,3,x2,0101,0101,0001,-6.401348946383223e-05,-13.875244140625,13.875180127135536,0.9999984786733159,1,0
146,4,s12,0011,0011,0101,-0.007708387915045023,-4.882850170135498,4.875141782220453,0.9924096394693769,1,0
146,5,x0,1011,1011,1001,-1.5497203094128054e-06,-14.250000953674316,14.249999403954007,0.9999988224791746,1,0
146,6,t123,1011,1011,1010,-0.3301710784435272,-5.330170631408691,4.999999552965164,0.993287415527364,1,0
146,7,x0,0011,0011,1011,-3.576278118089249e-07,-14.75000286102295,14.750002503395137,0.9999995943140536,1,0
146,8,s02,1001,1001,0011,-0.22572845220565796,-1.6009174585342407,1.3751890063285828,0.7979455473486372,1,0
147,1,x2,1010,1010,0010,-0.0003280132950749248,-10.750443458557129,10.750115445262054,0.9999687650123465,1,0
147,2,x3,1011,1011,1001,-0.00036270180135034025,-13.005596160888672,13.005233459087322,0.9999975559749112,1,0
147,3,x0,0011,0011,0010,-3.576278402306343e-07,-15.625,15.62499964237216,0.9999996882929626,1,0
147,4,t230,1011,1011,0011,-2.622602096380433e-06,-13.125001907348633,13.124999284746536,0.9999972856554586,1,0
147,5,s12,1101,1101,1100,-0.015156544744968414,-4.2651567459106445,4.250000201165676,0.9852359634130416,1,0
147,6,s13,1101,1101,1100,-0.0006974824354983866,-7.625697135925293,7.624999653489795,0.99930298229576,1,0
147,7,s31,1101,1101,1011,-0.0004810518294107169,-7.875381946563721,7.87490089473431,0.9995192890394657,1,0
147,8,s12,1011,1011,1101,-0.029758958145976067,-3.5305683612823486,3.5008094031363726,0.9706875062892371,1,0
148,1,s12,0000,0000,0100,-0.0011900962563231587,-6.7511887550354,6.749998658779077,0.9988130630356248,1,0
148,2,s01,0000,0000,1000,-4.0411134250462055e-05,-10.125040054321289,10.124999643187039,0.9999599289242199,1,0
148,3,t031,0000,0000,1000,-2.3841855067985307e-07,-16.7500057220459,16.750005483627348,0.9999999035742912,1,0
148,4,s01,0000,0000,1000,-8.296623127534986e-05,-9.625086784362793,9.625003818131518,0.9999339036254785,1,0
148,5,x3,0001,0001,0000,-2.515295273042284e-05,-12.500024795532227,12.499999642579496,0.999996046314999,1,0
148,6,s10,0001,0001,0000,-2.6106597942998633e-05,-10.750025749206543,10.7499996426086,0.9999739614829039,1,0
148,7,t320,0001,0001,1001,-2.3841856489070778e-07,-16.125009536743164,16.1250092983246,0.9999997871925308,1,0
148,8,t301,0001,0001,0000,-3.576278402306343e-07,-15.625,15.62499964237216,0.9999996673129526,1,0
149,1,c30,0100,0100,1100,-0.07889065891504288,-2.5790939331054688,2.500203274190426,0.9241415616567001,1,0
149,2,x1,0000,0000,0100,-8.868849545251578e-05,-13.548675537109375,13.548586848613922,0.9999980286144873,1,0
149,3,c21,0000,0000,0100,-2.145765392924659e-06,-15.500003814697266,15.500001668931873,0.9999997567240994,1,0
149,4,t301,0000,0000,1000,-1.1920928244535389e-07,-17.875001907348633,17.87500178813935,0.9999999544709103,1,0
149,5,x2,0010,0010,1010,-0.0006087374058552086,-15.06313705444336,15.062528317037504,0.9999996444409053,1,0
149,6,c23,0011,0011,0010,-7.009392720647156e-05,-10.125069618225098,10.124999524297891,0.9999595515065571,1,0
149,7,x2,0001,0001,0010,-1.358981171506457e-05,-14.875091552734375,14.87507796292266,0.9999994918070099,1,0
149,8,c32,0011,0011,0010,-0.008634154684841633,-4.758634090423584,4.749999935738742,0.9914111132791331,1,0
150,1,s20,0011,0011,1001,-0.6007753014564514,-0.8259828686714172,0.22520756721496582,0.550057316281094,1,0
150,2,c32,0001,0001,0010,-1.2278494068596046e-05,-11.505942344665527,11.505930066171459,0.9999898471788116,1,0
150,3,t120,0001,0001,1001,-1.5497198546654545e-06,-15.750004768371582,15.750003218651727,0.9999997589600133,1,0
150,4,x0,1001,1001,1000,-1.1920928244535389e-07,-15.875,15.874999880790718,0.999999844640656,1,0
150,5,c30,0001,0001,1001,-0.00014626368647441268,-9.250101089477539,9.249954825791065,0.9998584666584335,1,0
150,6,x1,0101,0101,0001,-1.955021798494272e-05,-11.25001335144043,11.249993801222445,0.999980833666216,1,0
150,7,c20,0101,0101,0111,-0.00034196663182228804,-8.125347137451172,8.12500517081935,0.9996585542830788,1,0
150,8,s02,0101,0101,1100,-0.014688057824969292,-4.290869235992432,4.276181178167462,0.9859165480543831,1,0
151,1,s31,1110,1110,0111,-0.008740760385990143,-4.758738994598389,4.7499982342123985,0.9913023904095637,1,0
151,2,s32,1101,1101,1011,-0.0014009507140144706,-6.767207622528076,6.765806671814062,0.9986131717608557,1,0
151,3,t301,1001,1001,1101,-0.00019990073633380234,-8.750167846679688,8.749967945943354,0.9998061657310513,1,0
151,4,s20,0011,0011,1001,-0.0018968092044815421,-6.876034259796143,6.874137450591661,0.9983873255750447,1,0
151,5,x3,0010,0010,0001,-8.583051567256916e-06,-13.513453483581543,13.513444900529976,0.9999973335026554,1,0
151,6,s12,0100,0100,0010,-0.0003843774029519409,-7.8753886222839355,7.875004244880984,0.9996188905626363,1,0
151,7,t130,0100,0100,1100,-2.622601641633082e-06,-13.000020980834961,13.00001835823332,0.9999974517600801,1,0
151,8,c32,0100,0100,0101,-2.622602551127784e-06,-16.500001907348633,16.49999928474608,0.9999998348570478,1,0
152,1,t132,1000,1000,0000,-3.9934540836839005e-05,-11.628698348999023,11.628658414458187,0.999985476800358,1,0
152,2,c03,1001,1001,1000,-0.00025211682077497244,-9.375252723693848,9.375000606873073,0.999913552338117,1,0
152,3,x1,1101,1101,1100,-8.344626621692441e-06,-13.875007629394531,13.87499928476791,0.9999987042718583,1,0
152,4,t321,1101,1101,1111,-0.0006198518676683307,-7.500624179840088,7.50000432797242,0.9994424042698885,1,0
152,5,c02,1111,1111,1110,-0.0001710521028144285,-11.87516975402832,11.874998701925506,0.9999915667172674,1,0
152,6,s21,1111,1111,1011,-0.0003070480015594512,-8.250262260437012,8.249955212435452,0.9997163249579822,1,0
152,7,t032,1101,1101,1011,-1.2040117326250765e-05,-12.375388145446777,12.375376105329451,0.9999913091294027,1,0
152,8,x3,1100,1100,1000,-0.00010013148130383343,-12.000151634216309,12.000051502735005,0.9999930957045418,1,0
153,1,s32,0111,0111,0011,-0.0010149176232516766,-7.3760085105896,7.374993592966348,0.9989857657169634,1,0
153,2,s10,1011,1011,1010,-1.2516907190729398e-05,-14.375012397766113,14.374999880858923,0.999999223917376,1,0
153,3,s12,1101,1101,1100,-0.1812446564435959,-1.8062447309494019,1.625000074505806,0.8350204663058746,1,0
153,4,x3,1100,1100,1000,-4.994768460164778e-05,-13.000102043151855,13.000052095467254,0.9999966567731561,1,0
153,5,t102,1110,1110,1100,-0.00020728851086460054,-10.625205993652344,10.62499870514148,0.9999725271110914,1,0
153,6,s30,0111,0111,1110,-0.01252052839845419,-4.398580551147461,4.386060022749007,0.9875677916340343,1,0
153,7,s21,0111,0111,0011,-0.0015341618563979864,-6.501506328582764,6.499972166726366,0.9984927697059929,1,0
153,8,s12,0111,0111,0011,-0.008512597531080246,-5.255507946014404,5.246995348483324,0.9942082341362904,1,0
154,1,x0,1000,1000,0000,-1.1920928244535389e-07,-16.125,16.124999880790718,0.9999998695172904,1,0
154,2,s32,1000,1000,1010,-0.0009426480391994119,-7.000941276550293,6.999998628511094,0.9990750439110975,1,0
154,3,x2,1010,1010,1000,-0.0001641378621570766,-14.000164031982422,13.999999894120265,0.9999991262409037,1,0
154,4,t021,1110,1110,1010,-0.001268167165108025,-6.751429080963135,6.750160913798027,0.9988255956418084,1,0
154,5,c02,1100,1100,1000,-5.0782404287019745e-05,-11.148391723632812,11.148340941228525,0.9999851093103327,1,0
154,6,t203,1100,1100,1101,-0.033721923828125,-3.408721923828125,3.375,0.9669112036725822,1,0
154,7,s31,1001,1001,1100,-0.0005154821556061506,-7.750485420227051,7.749969938071445,0.9994942987963357,1,0
154,8,c20,1001,1001,1101,-3.218608253519051e-05,-10.500065803527832,10.500033617445297,0.9999702591140391,1,0
155,1,c32,1010,1010,1000,-0.014239144511520863,-4.264897346496582,4.250658201985061,0.9858681320658643,1,0
155,2,s20,1010,1010,0110,-0.0003053888794966042,-8.5338773727417,8.533571983862203,0.9997667370622176,1,0
155,3,c12,1010,1010,1110,-5.61462074983865e-05,-13.000213623046875,13.000157476839377,0.9999963109512817,1,0
155,4,x1,1110,1110,1100,-3.600079799070954e-05,-12.250035285949707,12.249999285151716,0.9999919183715639,1,0
155,5,x1,1010,1010,1100,-0.00012540046009235084,-15.81269359588623,15.812568195426138,0.9999997865451309,1,0
155,6,c23,1011,1011,1010,-0.0001848772371886298,-14.000184059143066,13.999999181905878,0.9999977858089163,1,0
155,7,x3,1010,1010,1001,-1.2636132851184811e-05,-13.44111442565918,13.441101789526329,0.9999978707683085,1,0
155,8,c32,1010,1010,1011,-1.823890852392651e-05,-12.875018119812012,12.874999880903488,0.9999965469602885,1,0
156,1,s32,0010,0010,0001,-1.3589813534053974e-05,-11.755942344665527,11.755928754851993,0.9999875083657285,1,0
156,2,c32,0010,0010,0000,-1.0490364729776047e-05,-11.561979293823242,11.561968803458512,0.9999897045121365,1,0
156,3,x0,1010,1010,1000,-3.576272320060525e-06,-12.625003814697266,12.625000238424946,0.9999967065199871,1,0
156,4,c10,1010,1010,1110,-0.0032292117830365896,-5.753186225891113,5.749957014108077,0.9968270171236474,1,0
156,5,t021,1110,1110,1010,-0.00028345195460133255,-8.375280380249023,8.374996928294422,0.9997598975889168,1,0
156,6,s31,1011,1011,1110,-0.0005732409190386534,-7.757289886474609,7.756716645555571,0.9995686257703005,1,0
156,7,x3,1010,1010,1001,-6.25834145466797e-05,-13.439067840576172,13.439005257161625,0.9999967896087898,1,0
156,8,x1,1110,1110,1100,-3.4570377465570346e-05,-10.75003433227539,10.749999761897925,0.99997849158074,1,0
157,1,x1,0101,0101,0100,-0.00044860917842015624,-7.750448703765869,7.750000094587449,0.9995559742545015,1,0
157,2,c12,0111,0111,1111,-0.006944833789020777,-8.882525444030762,8.875580610241741,0.9998570955384453,1,0
157,3,c03,0111,0111,0110,-1.7523694623378105e-05,-11.500017166137695,11.499999642443072,0.999988924108075,1,0
157,4,x3,0110,0110,0111,-7.271752110682428e-06,-14.000007629394531,14.00000035764242,0.9999976957756381,1,0
157,5,c23,0111,0111,0110,-1.323217566095991e-05,-14.12501335144043,14.125000119264769,0.9999984494638859,1,0
157,6,x2,0101,0101,0001,-6.4372934502898715e-06,-12.898253440856934,12.898247003563483,0.9999967474285664,1,0
157,7,t203,0101,0101,0111,-8.415943011641502e-05,-9.62734603881836,9.627261879388243,0.9999321660966344,1,0
157,8,s30,1100,1100,0101,-4.0411348891211674e-05,-10.375044822692871,10.37500441134398,0.9999665910964263,1,0
158,1,x0,1101,1101,1100,-1.4424289474845864e-05,-12.125014305114746,12.124999880825271,0.9999855655586757,1,0
158,2,c01,1001,1001,1111,-0.00010358820873079821,-12.574475288391113,12.574371700182382,0.999993683324273,1,0
158,3,t201,1001,1001,1101,-0.008672009222209454,-4.758674621582031,4.750002612359822,0.9914222735303421,1,0
158,4,c30,0001,0001,1001,-0.00410096300765872,-5.504100799560547,5.499999836552888,0.9959296513862771,1,0
158,5,t213,0001,0001,0011,-7.3909568527597e-06,-14.631138801574707,14.631131410617854,0.9999993428198344,1,0
158,6,t013,0001,0001,0000,-5.960463340670685e-07,-17.625,17.624999403953666,0.999999930560331,1,0
158,7,x0,1001,1001,1000,-3.576278402306343e-07,-15.25,15.24999964237216,0.9999996558915393,1,0
158,8,x0,0001,0001,1001,-4.637133679352701e-05,-10.00047779083252,10.000431419495726,0.9999545648144622,1,0
159,1,s01,0100,0100,1000,-0.023017091676592827,-4.14109992980957,4.1180828381329775,0.9773020661463071,1,0
159,2,c12,0110,0110,0100,-1.9550241631804965e-05,-13.500019073486328,13.499999523244696,0.9999981987853009,1,0
159,3,x1,0010,0010,0011,-0.00012194772716611624,-9.5001220703125,9.500000122585334,0.9999243005762023,1,0
159,4,s10,0010,0010,0110,-0.0008069094037637115,-7.2539896965026855,7.253182787098922,0.9991934645214644,1,0
159,5,c10,0010,0010,1010,-4.7683710135970614e-07,-16.250019073486328,16.250018596649227,0.9999998875438829,1,0
159,6,x2,0000,0000,0001,-8.22515576146543e-05,-16.37508201599121,16.374999764433596,0.9999998759064422,1,0
159,7,t302,0000,0000,0001,-5.6028216022241395e-06,-16.3750057220459,16.375000119224296,0.9999998498594934,1,0
159,8,t013,0000,0000,0001,-3.337856924190419e-06,-13.00000286102295,12.999999523166025,0.9999976481087445,1,0
160,1,t023,1011,1011,1010,-0.008797365240752697,-4.758797645568848,4.750000280328095,0.9912640780375255,1,0
160,2,c01,1111,1111,1011,-0.014253426343202591,-10.875039100646973,10.86078567430377,0.9999608809734069,1,0
160,3,t032,1101,1101,1110,-8.106006134767085e-05,-9.714229583740234,9.714148523678887,0.9999266204936704,1,0
160,4,s21,1011,1011,1101,-0.009879263117909431,-4.634881496429443,4.625002233311534,0.9902906036862893,1,0
160,5,s21,1101,1100,1100,-1.3185906410217285,-0.3185906708240509,-0.9999999701976776,0.26883815296056157,0,0
160,6,c23,1101,1101,1100,-0.00600019283592701,-5.13100004196167,5.124999849125743,0.9940535763855501,1,0
160,7,s23,1110,1110,1011,-0.004892042372375727,-5.753188133239746,5.74829609086737,0.9951301848242906,1,0
160,8,s02,1110,1110,0111,-0.005976109299808741,-5.130943298339844,5.124967189040035,0.9940432826284379,1,0
161,1,s02,0110,0110,1100,-0.03819211199879646,-3.7621395587921143,3.723947446793318,0.9625422942433143,1,0
161,2,c31,0110,0110,1110,-5.4836191338836215e-06,-12.500067710876465,12.500062227257331,0.9999957927721163,1,0
161,3,c02,0110,0110,0100,-3.695484565469087e-06,-14.750027656555176,14.75002396107061,0.9999988981160426,1,0
161,4,c01,0110,0110,1010,-3.945760545320809e-05,-11.625176429748535,11.625136972143082,0.9999885049327772,1,0
161,5,c32,0110,0110,0100,-8.928571332944557e-05,-10.076482772827148,10.076393487113819,0.9999207125878654,1,0
161,6,t023,0110,0110,0111,-0.006731953471899033,-5.0067315101623535,4.9999995566904545,0.993305625725121,1,0
161,7,c12,0100,0100,0010,-5.5431162763852626e-05,-12.511926651000977,12.511871219838213,0.9999905252489931,1,0
161,8,t012,0100,0100,0110,-1.0728834922701935e-06,-14.5,14.499998927116508,0.9999992061518201,1,0
162,1,s23,1100,1100,1110,-0.00450593326240778,-5.6295061111450195,5.625000177882612,0.9956242076917031,1,0
162,2,x0,0100,0100,0000,-1.0728831512096804e-06,-13.878439903259277,13.878438830376126,0.9999990184634184,1,0
162,3,s12,0010,0010,0100,-0.006045364309102297,-5.130930423736572,5.12488505942747,0.9940600916515556,1,0
162,4,s10,0010,0010,0110,-0.0006317091174423695,-8.187617301940918,8.186985592823476,0.9993687053320474,1,0
162,5,c13,0010,0010,0011,-0.0485902801156044,-3.0485899448394775,2.999999664723873,0.9525734761697522,1,0
162,6,s01,0010,0010,1000,-0.000935833842959255,-7.02418327331543,7.02324743947247,0.9990866801024021,1,0
162,7,t102,0010,0010,0011,-8.344647994817933e-07,-16.125,16.1249991655352,0.999999869609349,1,0
162,8,x0,1010,1010,1000,-2.145764938177308e-06,-13.250001907348633,13.249999761583695,0.9999982342479093,1,0
163,1,s01,0101,0101,1001,-0.006006341427564621,-5.131013870239258,5.125007528811693,0.9940202562052227,1,0
163,2,s20,0101,0101,0011,-0.020198006182909012,-4.145873069763184,4.125675063580275,0.9800992259230382,1,0
163,3,t312,0111,0111,0101,-2.7656347810989246e-05,-10.875020980834961,10.87499332448715,0.9999748457821532,1,0
163,4,x1,0011,0011,1011,-1.7285266949329525e-05,-16.00001335144043,15.99999606617348,0.999999797262362,1,0
163,5,x2,0001,0001,0000,-5.006786523154005e-06,-15.875004768371582,15.874999761585059,0.9999997323903932,1,0
163,6,c31,0101,0101,0001,-1.549711851112079e-05,-11.250015258789062,11.249999761670551,0.9999868094545681,1,0
163,7,x1,0001,0001,0101,-2.586810296634212e-05,-14.125025749206543,14.124999881103577,0.9999992134862989,1,0
163,8,s10,0001,0001,0000,-5.483612767420709e-06,-12.125005722045898,12.125000238433131,0.9999945229313658,1,0
164,1,s01,1010,1010,0110,-0.014174530282616615,-4.264218807220459,4.250044276937842,0.9859258889903137,1,0
164,2,x2,1000,1000,0001,-3.695420309668407e-05,-16.321151733398438,16.32111477919534,0.9999998508423249,1,0
164,3,s10,0100,0100,1000,-0.004631416872143745,-5.379626750946045,5.374995334073901,0.9953841891188522,1,0
164,4,s03,0100,0100,1100,-0.00019655979122035205,-8.627142906188965,8.626946346397744,0.9998155771806004,1,0
164,5,c32,0100,0100,0101,-1.192092668134137e-06,-16.5,16.499998807907332,0.9999997994866825,1,0
164,6,t321,0100,0100,0101,-1.907347041196772e-06,-15.875001907348633,15.875000000001592,0.9999997440057713,1,0
164,7,x2,0110,0110,1110,-0.0002031126496149227,-14.375297546386719,14.375094433737104,0.9999992586885944,1,0
164,8,c03,0110,0110,0111,-1.4901126633048989e-05,-12.875015258789062,12.87500035766243,0.9999966648696264,1,0
165,1,c31,0100,0100,0000,-0.3132765293121338,-1.3140804767608643,1.0008039474487305,0.7310484983497856,1,0
165,2,t123,0100,0100,0101,-9.572186536388472e-05,-9.500096321105957,9.500000599240593,0.9999240868628254,1,0
165,3,x1,0000,0000,0100,-0.0007636210066266358,-14.125763893127441,14.125000272120815,0.9999988203245699,1,0
165,4,c01,0000,0000,0100,-2.3841835172788706e-06,-15.125001907348633,15.124999523165116,0.9999996329929116,1,0
165,5,s12,0000,0000,0100,-6.520556780742481e-05,-10.312562942504883,10.312497736937075,0.9999664754522728,1,0
165,6,t021,0000,0000,0100,-1.3113015029375674e-06,-16.625001907348633,16.62500059604713,0.9999999015404394,1,0
165,7,c02,0000,0000,0001,-6.55649091640953e-06,-16.3750057220459,16.374999165554982,0.9999998332433957,1,0
165,8,t021,0000,0000,0100,-1.54972008203913e-06,-14.750000953674316,14.749999403954234,0.9999995530113324,1,0
166,1,c23,1111,1111,1110,-0.0003557833260856569,-8.00035572052002,7.999999937193934,0.9996619909044837,1,0
166,2,s12,1111,1111,0111,-8.499438990838826e-05,-10.500027656555176,10.499942662165267,0.9999545933547874,1,0
166,3,x0,0111,0111,0011,-8.34464913168631e-07,-14.5625,14.562499165535087,0.9999994294130166,1,0
166,4,c12,0101,0101,0100,-1.3828226656187326e-05,-14.000014305114746,14.00000047688809,0.9999983798313844,1,0
166,5,s31,0101,0101,0110,-0.0036446533631533384,-5.6287078857421875,5.625063232379034,0.9963626906273472,1,0
166,6,s03,1100,1100,1001,-4.196118243271485e-05,-10.625256538391113,10.62521457720868,0.9999647208583586,1,0
166,7,s23,1100,1100,1110,-0.006810327991843224,-5.006809711456299,4.999999383464456,0.9932322616295308,1,0
166,8,x1,1000,1000,1010,-0.0002979791897814721,-14.250297546386719,14.249999567196937,0.9999987345665943,1,0
167,1,c32,0011,0011,0010,-0.0009643876692280173,-7.500964164733887,7.499999777064659,0.9991119074883257,1,0
167,2,s23,0011,0011,0010,-0.001697915024124086,-6.626698017120361,6.625000102096237,0.998304687234746,1,0
167,3,s02,1001,1001,0011,-0.0009455091785639524,-7.001071453094482,7.0001259439159185,0.9990575035626548,1,0
167,4,t301,1101,1101,1001,-0.0004979369696229696,-7.625497817993164,7.624999881023541,0.9995117937956614,1,0
167,5,c02,1111,1111,1011,-3.4808825148502365e-05,-11.625035285949707,11.625000477124559,0.999987601983427,1,0
167,6,s20,1111,1111,0111,-0.0061630127020180225,-5.1309285163879395,5.124765503685921,0.9938663352021816,1,0
167,7,c13,1110,1110,1101,-4.339158476796001e-05,-10.501970291137695,10.501926899552927,0.9999642910923822,1,0
167,8,s21,1110,1110,0111,-0.0008551727514714003,-7.750448226928711,7.7495930541772395,0.9991493048615973,1,0
168,1,c20,0011,0011,1011,-2.3841650545364246e-05,-10.875027656555176,10.87500381490463,0.9999772839299216,1,0
168,2,s02,1001,1001,0011,-0.02328740432858467,-3.773348093032837,3.7500606887042522,0.9769985090955301,1,0
168,3,t201,1001,1001,1101,-0.0003756894147954881,-8.000378608703613,8.000002919288818,0.9996639532669869,1,0
168,4,t302,1011,1011,1001,-0.000819955428596586,-7.125817775726318,7.124997820297722,0.9991936229050137,1,0
168,5,c21,1111,1111,1011,-5.1855426136171445e-05,-11.500043869018555,11.499992013592419,0.9999842705198511,1,0
168,6,s12,1111,1111,1110,-0.00013028823013883084,-10.500129699707031,10.499999411476892,0.9999647475531961,1,0
168,7,c20,0111,0111,1111,-4.7683710135970614e-07,-14.875001907348633,14.875001430511531,0.9999995229837564,1,0
168,8,t012,0111,0111,0011,-2.741811840678565e-06,-13.500001907348633,13.499999165536792,0.9999984938723259,1,0
169,1,x3,0001,0001,0000,-0.0011706654913723469,-6.751170635223389,6.749999969732016,0.9988303627696893,1,0
169,2,t210,0001,0001,1001,-4.649153197533451e-06,-12.625007629394531,12.625002980241334,0.9999966274899218,1,0
169,3,s01,0001,0001,1001,-0.0006269636214710772,-7.502954006195068,7.502327042573597,0.9993736344206801,1,0
169,4,c12,0001,0001,0011,-3.2186122552957386e-05,-10.500415802001953,10.5003836158794,0.9999721961045129,1,0
169,5,c23,0001,0001,0011,-6.318077339528827e-06,-14.625345230102539,14.6253389120252,0.9999993807373726,1,0
169,6,t130,0001,0001,1001,-1.5973919289535843e-05,-13.375018119812012,13.375002145892722,0.9999984294441044,1,0
169,7,c31,0101,0101,0001,-2.837143256329e-05,-10.500027656555176,10.499999285122612,0.9999716003199154,1,0
169,8,s02,0101,0101,1100,-0.004853738471865654,-5.395753860473633,5.390900122001767,0.9951903919117034,1,0
170,1,x1,0011,0011,1011,-0.0007147652213461697,-7.250714302062988,7.249999536841642,0.9992899453977094,1,0
170,2,s13,0110,0110,0011,-0.0003491274837870151,-9.500077247619629,9.499728120135842,0.9999108470837531,1,0
170,3,t231,0110,0110,0010,-3.4570668958622264e-06,-14.125019073486328,14.125015616419432,0.9999987059661625,1,0
170,4,s20,1100,1100,1010,-0.010121719911694527,-4.635128021240234,4.62500630132854,0.9902904345828685,1,0
170,5,s20,0110,0110,1100,-0.011216018348932266,-4.511962890625,4.500746872276068,0.9888517337169968,1,0
170,6,s30,0110,0110,1110,-0.008622475899755955,-4.764553070068359,4.755930594168603,0.9914187539641841,1,0
170,7,t210,1110,1110,1100,-0.00014328316319733858,-9.125143051147461,9.124999767984264,0.9998573856338839,1,0
170,8,s02,1110,1110,0111,-0.043409839272499084,-3.168159008026123,3.124749168753624,0.957842139181345,1,0
171,1,t032,0001,0001,0011,-2.622602551127784e-06,-15.875005722045898,15.875003099443347,0.9999996917742378,1,0
171,2,t201,0001,0001,1001,-1.3112949091009796e-05,-15.000215530395508,15.000202417446417,0.9999995059366299,1,0
171,3,c03,0001,0001,0000,-6.675711119896732e-06,-13.250006675720215,13.250000000009095,0.9999975329078458,1,0
171,4,t301,0001,0001,0101,-6.162950012367219e-05,-9.75006103515625,9.749999405656126,0.9999411846216572,1,0
171,5,s13,0100,0100,0001,-0.00020585344464052469,-8.500205993652344,8.500000140207703,0.999795626822873,1,0
171,6,c20,0100,0100,1100,-4.768366125063039e-06,-12.750354766845703,12.750349998479578,0.9999955708827823,1,0
171,7,t201,0100,0100,0101,-1.192092668134137e-06,-14.75,14.749998807907332,0.999999234676711,1,0
171,8,c03,0100,0100,0101,-1.0132767783943564e-05,-13.37501049041748,13.375000357649697,0.9999976263011091,1,0
172,1,c32,0000,0000,0001,-0.000610719493124634,-7.7506103515625,7.749999632069375,0.9993897467864971,1,0
172,2,t203,0000,0000,0001,-2.2649749098491156e-06,-14.750001907348633,14.749999642373723,0.9999994420785279,1,0
172,3,s12,0000,0000,0100,-4.6491527427861e-06,-13.062504768371582,13.06250011921884,0.9999978233495326,1,0
172,4,c30,0000,0000,1000,-2.264974000354414e-06,-13.000001907348633,12.999999642374632,0.9999976962904067,1,0
172,5,x0,1000,1000,1100,0.0,-19.625,19.625,0.9999999945934486,1,0
172,6,x2,1010,1010,1000,-0.00018761795945465565,-14.375187873840332,14.375000255880877,0.9999993867280892,1,0
172,7,s23,1001,1001,1010,-0.005243882071226835,-5.255246639251709,5.250002757180482,0.994772878648366,1,0
172,8,c23,1001,1001,1000,-4.863694266532548e-05,-11.37504768371582,11.374999046773155,0.9999779007565317,1,0
173,1,s03,0100,0100,1100,-0.06218823418021202,-2.813149929046631,2.750961694866419,0.93971682360658,1,0
173,2,s13,0001,0001,0100,-0.009847438894212246,-4.634807109832764,4.624959670938551,0.9902514408078142,1,0
173,3,s03,1000,1000,0001,-0.0015080581652000546,-6.501509666442871,6.500001608277671,0.9984966406471596,1,0
173,4,c02,1010,1010,1000,-3.0517305276589468e-05,-10.750029563903809,10.749999046598532,0.999978393580838,1,0
173,5,x1,1110,1110,1100,-6.890073564136401e-05,-13.125068664550781,13.12499976381514,0.9999979398953224,1,0
173,6,s23,1101,1101,1110,-0.01110087800770998,-4.78740119934082,4.77630032133311,0.9889707181760553,1,0
173,7,t301,1001,1001,1101,-0.00010788020153995603,-9.312606811523438,9.312498931321898,0.9999071313988103,1,0
173,8,t013,1001,1001,1000,-0.0008037377847358584,-7.3758039474487305,7.375000209663995,0.999210950103776,1,0
174,1,t203,0010,0010,0011,-0.061969857662916183,-2.811969757080078,2.749999899417162,0.9399119370261158,1,0
174,2,c02,0010,0010,0011,-4.887569502898259e-06,-16.625003814697266,16.624998927127763,0.9999998281594848,1,0
174,3,t230,0010,0010,1010,-1.4305107924883487e-06,-14.250001907348633,14.25000047683784,0.999999305550155,1,0
174,4,x2,0000,0000,0011,-8.678068115841597e-05,-15.127278327941895,15.127191547260736,0.9999994965380171,1,0
174,5,s30,0000,0000,0001,-3.0278777558123693e-05,-10.500030517578125,10.500000238800567,0.999970401913686,1,0
174,6,x1,0100,0100,1100,-4.291525328881107e-06,-17.66271209716797,17.66270780564264,0.9999999597336274,1,0
174,7,x0,1100,1100,1000,-9.536739753457368e-07,-14.000000953674316,14.000000000000341,0.9999991244058373,1,0
174,8,s23,1100,1100,1110,-0.0005552986986003816,-7.750524044036865,7.749968745338265,0.9994719268326244,1,0
175,1,s20,0001,0001,1000,-0.026303881779313087,-3.651376485824585,3.625072604045272,0.9740400701811059,1,0
175,2,c20,0001,0001,0101,-4.7683710135970614e-07,-15.875005722045898,15.875005245208797,0.9999998021348998,1,0
175,3,t023,0001,0001,0000,-1.0967225534841418e-05,-15.75001049041748,15.749999523191946,0.9999996307326073,1,0
175,4,x1,0101,0101,0100,-1.4305110198620241e-06,-14.187501907348633,14.187500476837613,0.9999991530274416,1,0
175,5,t320,0101,0101,1101,-0.00029857511981390417,-8.1253023147583,8.125003739638487,0.9997037792689377,1,0
175,6,x2,0111,0111,0110,-3.76698408217635e-05,-12.62503719329834,12.624999523457518,0.9999958393531285,1,0
175,7,c21,0011,0011,0101,-8.225424608099274e-06,-13.014309883117676,13.014301657693068,0.9999976481003111,1,0
175,8,t231,0111,0111,0011,-1.4424255823541898e-05,-11.375012397766113,11.37499797351029,0.999986311340317,1,0
176,1,s02,1010,1010,0011,-0.4743795692920685,-0.9750759601593018,0.5006963908672333,0.6222728501558575,1,0
176,2,x3,1011,1011,1001,-4.7086792619666085e-05,-13.87451457977295,13.87446749298033,0.9999987731239122,1,0
176,3,s12,1101,1101,1100,-0.0002980025892611593,-8.750298500061035,8.750000497471774,0.9997150723492205,1,0
176,4,c31,1001,1001,1101,-2.3364891603705473e-05,-11.125020027160645,11.12499666226904,0.9999810357841625,1,0
176,5,c32,1011,1011,1001,-0.0001782050239853561,-11.125173568725586,11.1249953637016,0.9999813534277807,1,0
176,6,x3,1010,1010,1011,-3.874267713399604e-05,-13.375039100646973,13.375000357969839,0.999996612491868,1,0
176,7,t120,1010,1010,1110,-1.2993781638215296e-05,-12.250444412231445,12.250431418449807,0.9999915591975795,1,0
176,8,t023,1011,1011,1010,-8.177587005775422e-05,-11.875081062316895,11.874999286446837,0.999992417009365,1,0
177,1,c23,0010,0010,0011,-2.133834277628921e-05,-11.500020980834961,11.499999642492185,0.9999837794345824,1,0
177,2,t123,0010,0010,0011,-0.0002693787682801485,-8.250268936157227,8.249999557388946,0.9997387216055938,1,0
177,3,x0,1010,1010,1000,-1.1920922133867862e-06,-13.625000953674316,13.624999761582103,0.9999987805420523,1,0
177,4,t213,1010,1010,1011,-0.00037153391167521477,-9.250370979309082,9.249999445397407,0.9999018858079879,1,0
177,5,x1,1110,1110,1100,-0.00016318474081344903,-12.625163078308105,12.624999893567292,0.9999966543295226,1,0
177,6,s12,1110,1110,0111,-0.0019708131439983845,-6.252963066101074,6.250992252957076,0.9980569291797773,1,0
177,7,s32,1101,1101,1110,-0.0010136475320905447,-7.130093574523926,7.129079926991835,0.9989899488588441,1,0
177,8,t130,0101,0101,1101,-0.20404605567455292,-1.7040857076644897,1.5000396519899368,0.817569587671998,1,0
178,1,t123,1001,1001,1101,-1.7016938924789429,-8.826687812805176,7.124993920326233,0.9991174554005039,1,0
178,2,t103,1001,1001,1101,-2.8490843760664575e-05,-12.379109382629395,12.379080891785634,0.9999925653158386,1,0
178,3,s01,0101,0101,1001,-0.0006510817911475897,-7.500988483428955,7.5003374016378075,0.9993510934754858,1,0
178,4,s23,0110,0110,0101,-0.0005500775878317654,-8.125541687011719,8.124991609423887,0.9994618072606617,1,0
178,5,c03,0110,0110,0100,-1.859654912550468e-05,-12.625157356262207,12.625138759713082,0.9999931438563869,1,0
178,6,t103,0110,0110,0111,-0.20142006874084473,-1.7014200687408447,1.5,0.8175731401139378,1,0
178,7,s01,1010,1010,1011,-1.2278489521122538e-05,-14.625011444091797,14.624999165602276,0.9999991607789036,1,0
178,8,t310,1010,1010,1110,-1.2874570529675111e-05,-11.875011444091797,11.874998569521267,0.999992139841865,1,0
179,1,x1,0100,0100,1100,-1.1920874385396019e-05,-12.125012397766113,12.125000476891728,0.9999929983884382,1,0
179,2,c13,0101,0101,0100,-0.0019514705054461956,-7.876951217651367,7.874999747145921,0.9994159438813921,1,0
179,3,s03,1100,1100,1101,-0.0002028837043326348,-9.500202178955078,9.499999295250745,0.9999128381993301,1,0
179,4,x1,1000,1000,1100,-3.969616591348313e-05,-15.125471115112305,15.125431418946391,0.9999997015276048,1,0
179,5,t321,1000,1000,1100,-9.059521107701585e-05,-12.750091552734375,12.750000957523298,0.9999958190489722,1,0
179,6,x2,1010,1010,0010,-0.0005860995734110475,-16.188098907470703,16.187512807897292,0.9999998246629919,1,0
179,7,c30,1010,1010,0010,-4.458351759240031e-05,-10.375039100646973,10.37499451712938,0.9999687279992795,1,0
179,8,t120,1010,1010,0010,-0.0001362475159112364,-9.500131607055664,9.499995359539753,0.9999238640574352,1,0
180,1,s13,0011,0110,0110,-0.8260317444801331,-0.5802870392799377,-0.2457447052001953,0.43778519814611183,0,0
180,2,t023,0011,0011,0010,-5.29281169292517e-05,-11.000052452087402,10.999999523970473,0.9999811317987314,1,0
180,3,x3,0010,0010,1010,-6.794909495511092e-06,-14.812531471252441,14.812524676342946,0.9999992990203292,1,0
180,4,s03,0010,0010,1010,-4.327239003032446e-05,-10.89815616607666,10.89811289368663,0.9999584821528421,1,0
180,5,t302,0010,0010,0011,-2.8610195386136184e-06,-16.125001907348633,16.124999046329094,0.999999863592824,1,0
180,6,c20,1010,1010,1000,-7.152555099310121e-07,-14.250000953674316,14.250000238418806,0.9999992864436078,1,0
180,7,c23,1011,1011,1010,-0.00020132782810833305,-12.250201225280762,12.249999897452653,0.9999947051263403,1,0
180,8,t213,1011,1011,1010,-0.0028774929232895374,-9.252878189086914,9.250000696163625,0.9998882857368201,1,0
181,1,t201,0111,0011,0011,-1.805177092552185,-0.18017537891864777,-1.6250017136335373,0.16444535474652108,0,0
181,2,t102,0111,0111,0011,-7.617230585310608e-05,-9.62507152557373,9.624995353267877,0.9999330161508588,1,0
181,3,x3,0110,0110,0010,-3.695485020216438e-06,-14.001330375671387,14.001326680186367,0.9999989031000635,1,0
181,4,s21,0110,0110,0011,-0.016369635239243507,-4.141272068023682,4.124902432784438,0.9837705238466186,1,0
181,5,c03,0110,0110,0111,-3.14708668156527e-05,-12.625030517578125,12.62499904671131,0.9999955905549665,1,0
181,6,t102,0110,0110,1100,-8.594802056904882e-05,-10.395604133605957,10.395518185585388,0.999935740940063,1,0
181,7,c31,0110,0110,0010,-0.00011264684144407511,-9.125120162963867,9.125007516122423,0.9998909220783435,1,0
181,8,x2,0100,0100,0001,-7.390955033770297e-06,-14.252274513244629,14.252267122289595,0.9999988504765276,1,0
182,1,t320,0011,0011,1111,-0.026302706450223923,-4.1254448890686035,4.09914218261838,0.9740407006291034,1,0
182,2,x2,0001,0001,0010,-2.0861516532022506e-05,-16.566604614257812,16.56658375274128,0.9999999113209067,1,0
182,3,t032,0001,0001,0101,-5.245198281045305e-06,-16.0000057220459,16.000000476847617,0.9999997718338244,1,0
182,4,s30,1000,1000,1001,-0.0007433748687617481,-7.2507429122924805,7.249999537423719,0.999287365924082,1,0
182,5,x3,1001,1001,1000,-4.911349242320284e-05,-11.250049591064453,11.25000047757203,0.9999867501357548,1,0
182,6,s03,1001,1001,1000,-0.0013302749721333385,-6.876330375671387,6.875000100699253,0.99867172902957,1,0
182,7,s30,1001,1001,0011,-0.0005207059439271688,-7.714442253112793,7.713921547168866,0.999481752075921,1,0
182,8,s01,0101,0101,1001,-0.0012221590150147676,-6.751189708709717,6.749967549694702,0.9987828488596816,1,0
183,1,s31,0101,0101,0110,-0.006536279339343309,-5.256241321563721,5.249705042224377,0.993484936833416,1,0
183,2,t032,0101,0101,0001,-2.4080047296592966e-05,-15.251958847045898,15.251934766998602,0.9999994021174468,1,0
183,3,x1,0001,0001,0101,-3.325908983242698e-05,-15.625033378601074,15.625000119511242,0.999999790517475,1,0
183,4,s02,0001,0001,1000,-1.5854777302592993e-05,-11.750038146972656,11.750022292195354,0.9999867451272885,1,0
183,5,s02,0001,0001,1000,-0.0007144068367779255,-7.251049995422363,7.250335588585585,0.9992876620166495,1,0
183,6,s30,1000,1000,0001,-0.00029654891113750637,-8.125296592712402,8.125000043801265,0.9997034523247759,1,0
183,7,s20,0010,0010,1000,-0.006996586918830872,-5.006725311279297,4.999728724360466,0.9930430172990897,1,0
183,8,x2,0000,0000,0011,-1.895418972708285e-05,-14.007662773132324,14.007643818942597,0.9999990375771001,1,0
184,1,s01,0110,0110,1010,-0.007671583443880081,-5.255392551422119,5.247720967978239,0.9923815935445784,1,0
184,2,t231,0110,0110,1110,-2.3841848815209232e-06,-13.875557899475098,13.875555515290216,0.99999824154329,1,0
184,3,s32,0101,0101,0110,-0.0024019177071750164,-6.466203689575195,6.46380177186802,0.9979148967492121,1,0
184,4,x0,1101,1101,1001,-1.7881383200801793e-06,-13.750000953674316,13.749999165535996,0.9999984792681698,1,0
184,5,s13,1101,1101,1100,-0.0018204201478511095,-6.376820087432861,6.37499966728501,0.9981815144990386,1,0
184,6,s23,1110,1110,1101,-0.0007095725741237402,-7.39895486831665,7.398245295742527,0.9993073907808744,1,0
184,7,c03,1111,1111,1110,-0.00011705952056217939,-9.375116348266602,9.37499928874604,0.9999041139442577,1,0
184,8,t132,1101,1101,1011,-0.00022362000891007483,-8.625224113464355,8.625000493455445,0.9998152743748804,1,0
185,1,s12,0000,0000,0100,-0.0005521762068383396,-7.625504016876221,7.624951840669382,0.999494630945484,1,0
185,2,x2,0010,0010,1010,-0.0003759161045309156,-14.62608528137207,14.62570936526754,0.9999995220626846,1,0
185,3,x3,0011,0011,0010,-2.2530457499669865e-05,-12.250022888183594,12.250000357726094,0.9999935783144642,1,0
185,4,c23,0010,0010,0011,-7.021274359431118e-05,-10.125069618225098,10.124999405481503,0.9999595140111837,1,0
185,5,s21,0100,0100,0010,-6.18686608504504e-05,-10.26931095123291,10.26924908257206,0.9999431928769177,1,0
185,6,s31,0001,0001,0100,-0.005238035693764687,-5.255301475524902,5.250063439831138,0.9947773023398699,1,0
185,7,x2,0011,0011,0010,-0.07023406773805618,-2.6952338218688965,2.6249997541308403,0.9322097028259585,1,0
185,8,t120,0011,0011,1011,-7.545665721409023e-05,-9.500082969665527,9.500007513008313,0.9999249832417286,1,0
186,1,x2,0101,0101,0001,-0.00040968117536976933,-8.250388145446777,8.249978464271408,0.999607366938735,1,0
186,2,c03,0101,0101,0100,-2.5152918169624172e-05,-13.750024795532227,13.749999642614057,0.9999982665579484,1,0
186,3,t130,1101,1101,0101,-0.00016199288074858487,-8.750158309936523,8.749996317055775,0.9998380548349782,1,0
186,4,s10,1101,1101,1011,-0.014283831231296062,-4.264222145080566,4.24993831384927,0.9858682913509473,1,0
186,5,c32,1111,1111,1110,-2.086150379909668e-05,-12.250020980834961,12.250000119331162,0.9999941756842787,1,0
186,6,c01,1011,1011,1101,-3.814692718151491e-06,-15.437872886657715,15.437869071964997,0.999999734282091,1,0
186,7,c13,1011,1011,1010,-0.0001922791707329452,-9.750191688537598,9.749999409366865,0.9998703930345135,1,0
186,8,x0,0011,0011,1011,0.0,-17.25,17.25,0.9999999432354215,1,0
187,1,x1,0111,0111,0110,-0.001599240000359714,-6.501598834991455,6.499999594991095,0.9984102045545455,1,0
187,2,c32,0101,0101,1101,-0.0031214081682264805,-6.003143787384033,6.000022379215807,0.9975207603462015,1,0
187,3,t310,1101,1101,1001,-9.202662477036938e-05,-9.500092506408691,9.500000479783921,0.9999081451132128,1,0
187,4,t230,1101,1101,0101,-0.006334800738841295,-6.256319522857666,6.249984722118825,0.9980614629854943,1,0
187,5,c10,0101,0101,0001,-7.152556236178498e-07,-14.632607460021973,14.632606744766349,0.9999993029743464,1,0
187,6,c02,0101,0101,0001,-7.390958671749104e-06,-15.250008583068848,15.250001192110176,0.9999996533371445,1,0
187,7,s23,0110,0110,0101,-0.00017189256323035806,-9.250166893005371,9.24999500044214,0.9998386421873802,1,0
187,8,x0,1110,1110,1100,-4.2199284507660195e-05,-10.125041961669922,10.124999762385414,0.9999579321136957,1,0
188,1,c32,1000,1000,1010,-0.003236959921196103,-5.753237724304199,5.750000764383003,0.9967812338339088,1,0
188,2,t103,1000,1000,1001,-8.272830746136606e-05,-12.250082015991211,12.24999928768375,0.9999945273353927,1,0
188,3,t210,1000,1000,1100,-6.318075975286774e-06,-14.250006675720215,14.25000035764424,0.9999992904818464,1,0
188,4,s30,0001,0001,1000,-0.00018333001935388893,-8.750167846679688,8.749984516660334,0.9998240944210408,1,0
188,5,t013,0001,0001,0101,-8.344648563252122e-07,-16.18900489807129,16.189004063606433,0.9999997630236246,1,0
188,6,c02,0001,0001,1011,-4.887572686129715e-06,-15.880956649780273,15.880951762207587,0.9999997267533883,1,0
188,7,s21,0001,0001,0000,-9.059891453944147e-06,-12.875008583068848,12.874999523177394,0.9999963139591708,1,0
188,8,t210,0001,0001,1001,-9.536738616588991e-07,-14.250005722045898,14.250004768372037,0.9999993129076425,1,0
189,1,c20,1101,1101,1001,-0.0003940574824810028,-8.125397682189941,8.12500362470746,0.9996063475431939,1,0
189,2,s20,0111,0111,1101,-0.04862236604094505,-3.0486621856689453,3.0000398196280003,0.9525725110595215,1,0
189,3,t210,1111,1111,1011,-0.00016545405378565192,-9.000123023986816,8.99995756993303,0.9998354067234185,1,0
189,4,x1,1011,1011,1101,-1.9907769456040114e-05,-15.937530517578125,15.937510609808669,0.9999998285586488,1,0
189,5,t013,1011,1011,1010,-0.0007581832469440997,-7.375758171081543,7.374999987834599,0.999319233604501,1,0
189,6,t031,1111,1111,1011,-1.8596587324282154e-05,-12.750009536743164,12.74999094015584,0.9999943870963354,1,0
189,7,c21,1011,1011,1111,-2.741780917858705e-05,-13.625052452087402,13.625025034278224,0.9999987774193898,1,0
189,8,x0,0011,0011,1011,-1.1920928244535389e-07,-16.625003814697266,16.625003695487983,0.9999999243389435,1,0
190,1,x2,0001,0001,0000,-0.002812494058161974,-5.877812385559082,5.87499989150092,0.9971965055667863,1,0
190,2,t013,0001,0001,0000,-1.3351372217584867e-05,-15.62501335144043,15.625000000068212,0.9999996492654852,1,0
190,3,t120,0001,0001,1001,-8.5830433818046e-06,-13.875019073486328,13.875010490442946,0.9999989661849827,1,0
190,4,t213,0001,0001,0011,-5.483620952873025e-06,-14.750384330749512,14.750378847128559,0.9999993657336252,1,0
190,5,t321,0001,0001,0101,-7.819847814971581e-05,-9.500079154968262,9.500000956490112,0.9999250127921488,1,0
190,6,s31,0100,0100,0001,-0.0003427893971092999,-8.000378608703613,8.000035819306504,0.9996580067555333,1,0
190,7,s30,0100,0100,1100,-0.000204900061362423,-8.50023365020752,8.500028750146157,0.9997957493429243,1,0
190,8,x1,0000,0000,0010,-2.4795308490865864e-05,-13.50002384185791,13.49999904654942,0.9999983114123777,1,0
191,1,t320,0100,0100,1100,-0.00020525764557532966,-8.500226020812988,8.500020763167413,0.9997954054061324,1,0
191,2,c23,0100,0100,0101,-0.0004585051501635462,-7.750458240509033,7.74999973535887,0.9995688447958163,1,0
191,3,x0,1100,1100,1000,-1.5497195136049413e-06,-13.500001907348633,13.50000035762912,0.9999986246254019,1,0
191,4,x0,0100,0100,1100,-3.814689989667386e-06,-13.250011444091797,13.250007629401807,0.99999815505411,1,0
191,5,c01,0100,0100,0000,-1.9073474959441228e-06,-15.12501049041748,15.125008583069985,0.9999993310423209,1,0
191,6,s23,0100,0100,0101,-0.0017387069528922439,-6.501739025115967,6.5000003181630746,0.9984676796100209,1,0
191,7,c23,0100,0100,0101,-0.0001101434463635087,-9.125109672546387,9.124999529100023,0.9998909385085669,1,0
191,8,c13,0101,0101,0100,-0.00044849171536043286,-7.750448703765869,7.750000212050509,0.9995679575117098,1,0
192,1,t123,1101,1101,1111,-0.11068703234195709,-3.1182518005371094,3.0075647681951523,0.9525003086566203,1,0
192,2,c03,1100,1100,1000,-7.056960748741403e-05,-13.813334465026855,13.813263895419368,0.9999974489250244,1,0
192,3,s20,0110,0110,0111,-0.0025298576802015305,-6.377529621124268,6.374999763444066,0.9974931996004378,1,0
192,4,c31,0110,0110,0100,-4.172319677309133e-06,-15.000017166137695,15.000012993818018,0.9999993740527885,1,0
192,5,x1,0010,0010,0100,-0.00019953670562244952,-14.437744140625,14.437544603919378,0.9999988895563269,1,0
192,6,t312,0010,0010,0011,-4.291528966859914e-06,-12.625003814697266,12.624999523168299,0.9999966303914716,1,0
192,7,t123,0010,0010,0011,-0.10051613301038742,-2.3505160808563232,2.249999947845936,0.9046504866840933,1,0
192,8,t123,0010,0010,0011,-0.0015049600042402744,-6.501504898071289,6.499999938067049,0.9984987543460447,1,0
193,1,s23,0010,0010,1010,-3.683540126075968e-05,-10.883755683898926,10.883718848497665,0.9999745023262521,1,0
193,2,c01,0010,0010,0110,-7.152556804612686e-07,-16.500003814697266,16.500003099441585,0.9999998064895074,1,0
193,3,t130,0010,0010,1010,-4.649156380764907e-06,-13.000007629394531,13.00000298023815,0.9999976296575831,1,0
193,4,t230,0010,0010,1010,-2.5033932615770027e-06,-14.000009536743164,14.000007033349902,0.9999991411749822,1,0
193,5,t031,0010,0010,0110,-1.6689295989635866e-06,-15.250004768371582,15.250003099441983,0.9999996245908408,1,0
193,6,t032,0010,0010,0011,-3.0994378903415054e-06,-14.50000286102295,14.499999761585059,0.9999993897059044,1,0
193,7,s21,0100,0100,0010,-7.009300315985456e-05,-9.793074607849121,9.793004514845961,0.9999414918647478,1,0
193,8,c12,0110,0110,0100,-5.1378359785303473e-05,-10.12505054473877,10.124999166378984,0.9999593044168891,1,0
194,1,t231,1001,1101,1101,-1.5019609928131104,-0.25204920768737793,-1.2499117851257324,0.22269468341916915,0,0
194,2,c31,1101,1101,1001,-2.4795370336505584e-05,-11.000019073486328,10.999994278115992,0.9999778347299186,1,0
194,3,t302,1111,1111,1110,-0.0002991806832142174,-8.250299453735352,8.250000273052137,0.9997336471422066,1,0
194,4,t013,1110,1110,1101,-5.4835734772495925e-05,-10.637544631958008,10.637489796223235,0.9999514858280417,1,0
194,5,t032,1110,1110,1100,-0.00033576710848137736,-8.128114700317383,8.127778933208901,0.9996760158587679,1,0
194,6,s12,1110,1110,0111,-8.308729593409225e-05,-9.875127792358398,9.875044705062464,0.9999204852567667,1,0
194,7,s31,1011,1011,1110,-0.00035172741627320647,-8.187365531921387,8.187013804505114,0.9997032853834249,1,0
194,8,t032,1001,1001,1011,-0.0013360525481402874,-6.636282920837402,6.634946868289262,0.9986845835945162,1,0
195,1,c01,1000,1000,1010,-1.2278529538889416e-05,-12.37501049041748,12.374998211887942,0.9999931966838795,1,0
195,2,c20,1000,1000,1100,-4.875583545072004e-05,-10.250052452087402,10.250003696251952,0.999958233116748,1,0
195,3,t230,1000,1000,1100,-4.649154107028153e-06,-14.250004768371582,14.250000119217475,0.9999993071522035,1,0
195,4,c02,1010,1010,1000,-0.00010883491631830111,-10.12510871887207,10.124999883955752,0.9999598696781576,1,0
195,5,s10,0110,0110,1010,-0.0021868874318897724,-6.129990577697754,6.127803690265864,0.9978164230825621,1,0
195,6,x2,0100,0100,0001,-2.6225849069305696e-05,-14.501587867736816,14.501561641887747,0.9999990139594049,1,0
195,7,x0,1100,1100,1000,-6.198863957251888e-06,-12.000005722045898,11.999999523181941,0.999993849850597,1,0
195,8,x2,1110,1110,1010,-0.0003817545366473496,-15.625812530517578,15.62543077598093,0.9999998095372903,1,0
196,1,s30,0010,0010,1010,-0.02987097203731537,-3.531681537628174,3.5018105655908585,0.9705733641109172,1,0
196,2,t321,0010,0010,0110,-0.0021851013880223036,-6.1271867752075195,6.125001673819497,0.99781722690414,1,0
196,3,s23,0001,0001,0010,-0.0017290698597207665,-6.376731872558594,6.375002802698873,0.9982982076029391,1,0
196,4,t301,0001,0001,0011,-1.54972008203913e-06,-15.375007629394531,15.37500607967445,0.9999996297497308,1,0
196,5,s03,1000,1000,0001,-0.00023481536481995136,-8.37523365020752,8.3749988348427,0.9997683418570986,1,0
196,6,c01,1100,1100,1000,-3.838487828033976e-05,-10.375038146972656,10.374999762094376,0.9999685412276604,1,0
196,7,x2,1110,1110,1010,-0.0004377601435407996,-14.750438690185547,14.750000930042006,0.9999994498770461,1,0
196,8,x2,1100,1100,1010,-0.00013803664478473365,-11.253350257873535,11.25321222122875,0.999985476500904,1,0
197,1,s13,0101,0101,0110,-0.25363436341285706,-1.503553032875061,1.249918669462204,0.7759781860494841,1,0
197,2,t120,0101,0101,1101,-1.8119661035598256e-05,-11.000042915344238,11.000024795683203,0.9999830726758966,1,0
197,3,c01,0101,0101,0001,-1.2516907190729398e-05,-14.812512397766113,14.812499880858923,0.9999994870593603,1,0
197,4,t103,0101,0101,0100,-0.002579713938757777,-6.002579689025879,5.999999975087121,0.9975265701074829,1,0
197,5,t123,0101,0101,0111,-0.00022946609533391893,-9.379356384277344,9.37912691818201,0.9999062227024731,1,0
197,6,t120,0101,0101,1101,-1.204006821353687e-05,-11.500020027160645,11.500007987092431,0.9999897836918852,1,0
197,7,s02,0101,0101,1100,-0.0026029592845588923,-6.165918350219727,6.163315390935168,0.9974390527142503,1,0
197,8,c32,0111,0111,0110,-6.079666036384879e-06,-12.500005722045898,12.499999642379862,0.9999947970457829,1,0
198,1,c10,1111,1111,1011,-0.0009623773512430489,-7.375678539276123,7.37471616192488,0.9991895203143587,1,0
198,2,t230,0111,0111,1011,-0.00023195437097456306,-8.379852294921875,8.3796203405509,0.9997694383461608,1,0
198,3,c21,0011,0011,0111,-7.17627044650726e-05,-10.312043190002441,10.311971427297976,0.9999646058661861,1,0
198,4,c21,0111,0111,0011,-3.206709152436815e-05,-11.125017166137695,11.124985099046171,0.9999704874344857,1,0
198,5,s10,1011,1011,1010,-0.000592533266171813,-14.875592231750488,14.874999698484316,0.9999992131701856,1,0
198,6,x2,1001,1001,1000,-2.53913185588317e-05,-17.000024795532227,16.999999404213668,0.9999999019507858,1,0
198,7,x1,1101,1101,1100,-1.91926028492162e-05,-11.750019073486328,11.749999880883479,0.9999918849889748,1,0
198,8,x1,1001,1001,1011,-4.124594124732539e-05,-11.625041007995605,11.624999762054358,0.9999906392107352,1,0
199,1,t301,0110,0110,1010,-0.00016843005141709,-8.92990493774414,8.929736507692724,0.9998322887111428,1,0
199,2,x3,0111,0111,0011,-1.1324856131977867e-05,-14.250171661376953,14.250160336520821,0.9999987681908272,1,0
199,3,c02,0111,0111,0110,-1.6450832845293917e-05,-12.000016212463379,11.999999761630534,0.9999929495574824,1,0
199,4,c21,0011,0011,0111,-6.723228580085561e-05,-12.062570571899414,12.062503339613613,0.9999941358974941,1,0
199,5,x2,0001,0001,0010,-4.291529421607265e-06,-16.375003814697266,16.374999523167844,0.9999998125909813,1,0
199,6,c21,0001,0001,0101,-7.152556236178498e-07,-16.000001907348633,16.00000119209301,0.9999998183779094,1,0
199,7,s03,1000,1000,0001,-0.0007167907315306365,-7.250711441040039,7.249994650308508,0.9992848475661331,1,0
199,8,x1,1100,1100,1000,-1.692757723503746e-05,-16.000030517578125,16.00001359000089,0.9999998372922809,1,0
200,1,x2,0111,0111,0110,-0.0009413899388164282,-7.375941276550293,7.3749998866114765,0.9993246741753087,1,0
200,2,x2,0101,0101,1101,-0.00014280267350841314,-13.625443458557129,13.62530065588362,0.9999984514005092,1,0
200,3,x3,0100,0100,0000,-6.556501830345951e-06,-13.44937801361084,13.44937145710901,0.9999969420015908,1,0
200,4,s30,0100,0100,1100,-0.00193087849766016,-6.2519426345825195,6.250011756084859,0.9980724725011785,1,0
200,5,c32,0100,0100,0101,-1.7881386611406924e-06,-15.750000953674316,15.749999165535655,0.9999997229935257,1,0
200,6,c01,0100,0100,0000,-1.9073474959441228e-06,-14.75000286102295,14.750000953675453,0.9999994785904583,1,0
200,7,x2,0110,0110,1110,-7.688838377362117e-05,-16.50007438659668,16.499997498212906,0.9999998507832778,1,0
200,8,x3,0111,0111,0110,-2.0265493731130846e-05,-11.875019073486328,11.874998807992597,0.9999883700846925,1,0
201,1,x2,0101,0101,0100,-0.0006264742114581168,-7.875626087188721,7.874999612977263,0.9994703693264954,1,0
201,2,x0,1101,1101,1100,-1.1920925544472993e-06,-14.062500953674316,14.062499761581762,0.9999989198625404,1,0
201,3,x2,1111,1111,1110,-7.021197234280407e-05,-13.125069618225098,13.124999406252755,0.9999978423985142,1,0
201,4,x2,1101,1101,1100,-2.8013962946715765e-05,-12.000027656555176,11.999999642592229,0.9999924038231269,1,0
201,5,c32,1111,1111,1110,-0.00010597310028970242,-9.375105857849121,9.374999884748831,0.9999139167712509,1,0
201,6,t230,0111,0111,1111,-4.577533036353998e-05,-10.000056266784668,10.000010491454304,0.9999545572357423,1,0
201,7,s20,1101,1101,1100,-0.010371164418756962,-5.135371208190918,5.125000043772161,0.9900348436623136,1,0
201,8,s20,0111,0111,1101,-0.10032384842634201,-2.3628175258636475,2.2624936774373055,0.9046159196405555,1,0
202,1,t301,1011,1011,0111,-0.0002695093280635774,-8.50022029876709,8.499950789439026,0.99973051070987,1,0
202,2,x3,1010,1010,1001,-6.901999586261809e-05,-14.268218040466309,14.268149020470446,0.9999981136772567,1,0
202,3,s10,0110,0110,1010,-0.00043907255167141557,-7.776735305786133,7.776296233234461,0.9995649812009346,1,0
202,4,x3,0111,0111,0011,-8.833158062770963e-05,-10.81576156616211,10.815673234581482,0.999970176181417,1,0
202,5,c03,0111,0111,0110,-7.748591087874956e-06,-13.000007629394531,12.999999880803443,0.999997005722451,1,0
202,6,t312,0101,0101,0111,-6.699467485304922e-05,-10.12508773803711,10.125020743362256,0.999945969682115,1,0
202,7,s02,0101,0101,1100,-0.0031877269502729177,-5.776023864746094,5.772836137795821,0.9968181617324939,1,0
202,8,c31,0001,0001,0101,-1.8477281628292985e-05,-11.437518119812012,11.437499642530383,0.9999887518036176,1,0
203,1,x0,1000,1000,0000,-1.1920922133867862e-06,-14.500000953674316,14.499999761582103,0.9999994396468987,1,0
203,2,s20,0010,0010,0100,-0.0012272922322154045,-7.25089168548584,7.249664393253624,0.9987757494422508,1,0
203,3,x2,0000,0000,0011,-0.00011169412027811632,-14.756829261779785,14.756717567659507,0.9999994399535265,1,0
203,4,x1,0100,0100,1100,-0.0001454247540095821,-16.31264877319336,16.31250334843935,0.9999998909527702,1,0
203,5,t023,0100,0100,0101,-0.0001119346052291803,-10.25011157989502,10.24999964528979,0.999958563836118,1,0
203,6,x0,1100,1100,1000,-0.0007107115816324949,-7.250710487365723,7.24999977578409,0.9992903256544353,1,0
203,7,s31,1001,1001,1100,-0.0006863247836008668,-7.376552104949951,7.37586578016635,0.9993329752524878,1,0
203,8,x3,1000,1000,1100,-6.0794940509367734e-05,-15.375060081481934,15.374999286541424,0.9999994168389238,1,0
204,1,x2,0010,0010,0011,-0.00033718679333105683,-8.000337600708008,8.000000413914677,0.9996638736738188,1,0
204,2,t320,0010,0010,1010,-0.00020418473286554217,-8.500208854675293,8.500004669942427,0.999796523392206,1,0
204,3,x0,1010,1010,1000,-2.264974000354414e-06,-13.500001907348633,13.499999642374632,0.9999986256591885,1,0
204,4,x2,1000,1000,1011,-0.00014685549831483513,-12.937649726867676,12.937502871369361,0.9999975271977314,1,0
204,5,t301,1000,1000,1100,-5.173607496544719e-05,-10.250051498413086,10.24999976233812,0.9999633846668952,1,0
204,6,c32,1000,1000,0000,-5.3165931603871286e-05,-15.2500638961792,15.250010730247595,0.9999996891813077,1,0
204,7,c03,1001,1001,1000,-0.00046283623669296503,-8.375463485717773,8.37500064948108,0.9997690015097761,1,0
204,8,s02,0011,0011,1001,-0.004535266198217869,-6.252737045288086,6.248201779089868,0.9956564521793498,1,0
205,1,t023,0100,0100,0101,-0.0006380493869073689,-7.375638008117676,7.374999958730768,0.9993719652071508,1,0
205,2,t012,0100,0100,0110,-1.895412424346432e-05,-14.250019073486328,14.250000119362085,0.9999983144824168,1,0
205,3,c03,0100,0100,0101,-0.000319910905091092,-11.375320434570312,11.375000523665221,0.999987869188348,1,0
205,4,t021,0100,0100,1100,-2.9563490897999145e-05,-13.750139236450195,13.750109672959297,0.9999983346529493,1,0
205,5,c20,0100,0100,1100,-1.7881386611406924e-06,-13.875019073486328,13.875017285347667,0.9999989046552663,1,0
205,6,s01,1000,1000,1001,-0.00015019276179373264,-13.875149726867676,13.874999534105882,0.999998217887085,1,0
205,7,t320,1000,1000,1100,-4.172320586803835e-06,-13.125004768371582,13.125000596050995,0.9999977319206009,1,0
205,8,t132,1000,1000,1100,-1.2874550520791672e-05,-13.375016212463379,13.375003337912858,0.999997909991977,1,0
206,1,t102,0000,0000,0001,-3.2901451049838215e-05,-11.375032424926758,11.374999523475708,0.999980487264631,1,0
206,2,s01,0000,0000,1000,-0.00015841660206206143,-8.75015926361084,8.750000847008778,0.9998415547029347,1,0
206,3,t210,0000,0000,1000,-1.9073468138230965e-06,-14.625005722045898,14.625003814699085,0.9999995049944134,1,0
206,4,t103,0000,0000,0001,-5.602824785455596e-06,-14.125005722045898,14.125000119221113,0.9999991699402924,1,0
206,5,t203,0000,0000,0001,-3.933899733965518e-06,-15.125003814697266,15.124999880797532,0.9999996727292552,1,0
206,6,t321,0000,0000,0100,-3.933898824470816e-06,-17.000003814697266,16.99999988079844,0.9999999217537717,1,0
206,7,x2,0010,0010,1010,-5.829166548210196e-05,-16.18756103515625,16.187502743490768,0.9999998606859316,1,0
206,8,x0,1010,1010,1000,-2.169585604860913e-05,-10.750021934509277,10.750000238653229,0.9999785426721541,1,0
207,1,x0,1101,1101,0101,-8.10621349955909e-06,-12.125005722045898,12.124997615832399,0.9999919001297688,1,0
207,2,x3,1100,1100,0100,-5.2451028750510886e-05,-12.750055313110352,12.750002862081601,0.9999943686975683,1,0
207,3,s32,1100,1100,1001,-0.00017999866395257413,-9.154876708984375,9.154696710320422,0.999831406939337,1,0
207,4,c30,1100,1100,0100,-4.29152669312316e-06,-12.500006675720215,12.500002384193522,0.9999960216652949,1,0
207,5,s10,1100,1100,1010,-0.0009358522947877645,-7.0009541511535645,7.000018298858777,0.9990674527633833,1,0
207,6,s03,0101,0101,1100,-0.0008037943043746054,-7.750605583190918,7.749801788886543,0.9992063770066777,1,0
207,7,s30,1100,1100,0101,-4.792154868482612e-05,-10.875083923339844,10.875036001791159,0.9999774756969705,1,0
207,8,x0,0100,0100,0101,-8.344647994817933e-07,-16.375,16.3749991655352,0.9999998006245832,1,0
208,1,s23,0000,0000,0010,-0.006369650363922119,-5.130939483642578,5.124569833278656,0.9936508366917989,1,0
208,2,t213,0000,0000,0001,-2.622603005875135e-06,-14.37500286102295,14.375000238419943,0.9999992887604201,1,0
208,3,t203,0000,0000,0001,-4.768363396578934e-06,-14.000004768371582,14.000000000008185,0.9999990738888928,1,0
208,4,t312,0000,0000,1000,-2.4318398573086597e-05,-15.75002384185791,15.749999523459337,0.9999998187991892,1,0
208,5,s21,0000,0000,0100,-8.868833538144827e-05,-9.625082969665527,9.624994281330146,0.9999338639490607,1,0
208,6,c20,0000,0000,1000,0.0,-17.000001907348633,17.000001907348633,0.9999999142389011,1,0
208,7,x2,0010,0010,0000,-0.00018952506070490927,-16.125486373901367,16.125296848840662,0.9999998363365309,1,0
208,8,s30,0010,0010,0011,-0.0007809239323250949,-7.250781059265137,7.250000135332812,0.9992240061206868,1,0
209,1,c20,1111,1111,0111,-0.0025210692547261715,-6.00247859954834,5.999957530293614,0.9974840008598709,1,0
209,2,s01,1111,1111,1011,-0.0007447865209542215,-7.250744342803955,7.249999556283001,0.9992824195206227,1,0
209,3,s20,1111,1111,0111,-0.0007529112044721842,-7.250710964202881,7.249958052998409,0.999248494059688,1,0
209,4,x1,1011,1011,1101,-5.4000371164875105e-05,-16.062665939331055,16.06261193895989,0.9999998637990043,1,0
209,5,c10,1011,1011,1111,-0.0010363484034314752,-6.876039505004883,6.875003156601451,0.998967444806499,1,0
209,6,c10,1011,1011,1111,-0.016036493703722954,-4.141040325164795,4.125003831461072,0.9840929893489441,1,0
209,7,t310,1011,1011,1111,-0.018157469108700752,-4.018158912658691,4.000001443549991,0.9820108297044841,1,0
209,8,s12,1101,1101,1100,-0.22660161554813385,-3.1641016006469727,2.937499985098839,0.9491159161515114,1,0
210,1,t230,1011,1011,0011,-0.029760167002677917,-3.5297515392303467,3.4999913722276688,0.9706790437529921,1,0
210,2,s30,1011,1011,0011,-0.0002776174515020102,-9.250105857849121,9.249828240397619,0.9998988785122668,1,0
210,3,t032,1001,1001,1011,-0.0008157831034623086,-7.126051425933838,7.125235642830376,0.999195645807496,1,0
210,4,x3,1000,1000,0000,-7.056942558847368e-05,-13.502548217773438,13.502477648347849,0.9999983718868011,1,0
210,5,s20,0010,0010,0100,-0.005736894905567169,-5.265421390533447,5.25968449562788,0.9943021051696466,1,0
210,6,t230,0010,0010,1010,-1.0728833785833558e-06,-14.125042915344238,14.12504184246086,0.9999992168167992,1,0
210,7,s01,0010,0010,1000,-0.0002040655235759914,-8.505437850952148,8.505233785428572,0.9997962799187919,1,0
210,8,s03,0010,1010,1010,-0.7581746578216553,-0.6880311965942383,-0.07014346122741699,0.468778559517412,0,0
211,1,s02,1011,1011,0011,-0.006830256432294846,-5.009893894195557,5.003063637763262,0.9932033595672319,1,0
211,2,t021,1111,1111,1011,-4.3153384467586875e-05,-11.000039100646973,10.999995947262505,0.9999803694511356,1,0
211,3,s30,1111,1111,1110,-0.0029592306818813086,-5.877959251403809,5.875000020721927,0.9971764810780217,1,0
211,4,t321,1011,1011,1111,-8.463838639727328e-06,-12.062519073486328,12.062510609647688,0.9999942163759216,1,0
211,5,t023,1010,1010,1011,-0.0003417408443056047,-8.62534236907959,8.625000628235284,0.9998110428941903,1,0
211,6,c21,1110,1110,1100,-2.7298679924570024e-05,-10.750027656555176,10.750000357875251,0.9999781712308783,1,0
211,7,x3,1111,1111,1110,-0.00010144461703021079,-11.625101089477539,11.624999644860509,0.9999879043764448,1,0
211,8,t310,0111,0111,1111,-2.2053478460293263e-05,-10.788064002990723,10.788041949512262,0.9999783953877818,1,0
212,1,t031,0111,0111,0011,-0.0018023005686700344,-6.3767991065979,6.37499680602923,0.9982009536720179,1,0
212,2,t310,1111,1111,1011,-0.00020561530254781246,-8.500204086303711,8.499998471001163,0.9997947120850815,1,0
212,3,t130,0111,0111,1111,-0.03836958482861519,-3.288376808166504,3.2500072233378887,0.9626729456093508,1,0
212,4,c01,0111,0111,0011,-9.89433829090558e-06,-11.750008583068848,11.749998688730557,0.9999912489618786,1,0
212,5,s20,1101,1101,1011,-0.01359216496348381,-4.387881755828857,4.374289590865374,0.987516587469927,1,0
212,6,t312,1111,1111,1101,-2.6464296752237715e-05,-11.875024795532227,11.874998331235474,0.9999904100257341,1,0
212,7,x2,1101,1101,1011,-6.604011286981404e-05,-14.12677001953125,14.12670397941838,0.9999989162584767,1,0
212,8,t023,1101,1101,1100,-0.17984312772750854,-1.8048430681228638,1.6249999403953552,0.8354276364221597,1,0
213,1,t301,0001,0001,0101,-0.003178906626999378,-5.753182888031006,5.7500039814040065,0.9968265341737191,1,0
213,2,t103,0001,0001,1001,-6.079663762648124e-06,-15.000070571899414,15.000064492235651,0.9999995285298384,1,0
213,3,c13,0001,0001,0011,-1.0490397471585311e-05,-13.00408935546875,13.004078865071278,0.9999968769281268,1,0
213,4,x3,0000,0000,0001,-8.463835001748521e-06,-13.875008583068848,13.875000119233846,0.9999986817845752,1,0
213,5,x1,0100,0100,1100,-2.4437607862637378e-05,-15.500040054321289,15.500015616713426,0.9999996730931865,1,0
213,6,x0,1100,1100,1000,-8.344646857949556e-07,-14.000000953674316,14.00000011920963,0.9999991180327068,1,0
213,7,t120,1100,1100,1000,-5.602828423434403e-06,-12.750007629394531,12.750002026566108,0.9999967080014267,1,0
213,8,t231,1100,1100,1000,-3.8146317820064723e-05,-13.750041007995605,13.750002861677785,0.9999985430867288,1,0
214,1,t320,0110,0110,1110,-0.011050348170101643,-4.511086463928223,4.500036115758121,0.9890121187798617,1,0
214,2,c31,0110,0110,0010,-2.2291906134341843e-05,-10.750097274780273,10.750074982874139,0.9999782215510437,1,0
214,3,x0,1110,1110,1010,-2.980229510285426e-06,-13.000001907348633,12.999998927119123,0.9999971550867075,1,0
214,4,s02,1110,1110,0111,-0.001728396280668676,-6.377133369445801,6.375404973165132,0.9982767813045572,1,0
214,5,t031,1110,1110,1010,-8.594706741860136e-05,-9.50011920928955,9.500033262222132,0.9999211519512344,1,0
214,6,c10,0110,0110,1110,-4.7683710135970614e-07,-15.12507438659668,15.125073909759578,0.9999994876521858,1,0
214,7,c21,0010,0010,0110,-0.0002532928774598986,-8.375249862670898,8.374996569793439,0.9997605126848624,1,0
214,8,c20,1010,1010,0010,-2.384184199399897e-06,-13.375001907348633,13.374999523164433,0.9999977019187977,1,0
215,1,t021,0011,0111,0111,-2.811969518661499,-0.06197977438569069,-2.7499897442758083,0.0600867654915578,0,0
215,2,s03,1010,1010,1001,-0.00015162440831772983,-8.875163078308105,8.875011453899788,0.9998554166365932,1,0
215,3,c12,1010,1010,1110,-1.3828243027091958e-05,-12.000057220458984,12.000043392215957,0.9999907428889888,1,0
215,4,c10,1010,1010,1110,-1.1563271982595325e-05,-12.625011444091797,12.624999880819814,0.9999960017630026,1,0
215,5,t123,1010,1010,1011,-0.06691892445087433,-3.5669188499450684,3.499999925494194,0.9706870054767913,1,0
215,6,t213,1010,1010,1011,-0.00021527786157093942,-9.875215530395508,9.875000252533937,0.999944970831203,1,0
215,7,x0,0010,0010,1010,-3.576278118089249e-07,-14.75001335144043,14.750012993812618,0.9999995711283575,1,0
215,8,t032,0010,0010,0011,-4.053109023516299e-06,-14.750003814697266,14.749999761588242,0.9999995472727272,1,0
216,1,s10,1010,1010,0110,-9.50069006648846e-05,-9.5007963180542,9.500701311153534,0.999907185462656,1,0
216,2,s30,0011,0011,1010,-0.0007872869027778506,-7.375645637512207,7.374858350609429,0.9992151904101259,1,0
216,3,t320,1011,1011,1010,-0.0003059808805119246,-8.375306129455566,8.375000148575054,0.9996940798224017,1,0
216,4,s12,1101,1101,1011,-0.0049063898622989655,-5.878018379211426,5.873111989349127,0.9952737657410398,1,0
216,5,x1,1001,1001,1101,-3.588158142520115e-05,-14.875946998596191,14.875911117014766,0.9999993782879479,1,0
216,6,t123,1001,1001,1101,-0.00021087058121338487,-9.751602172851562,9.75139130227035,0.999933573516776,1,0
216,7,c13,1001,1001,1000,-0.00012921681627631187,-9.125129699707031,9.125000482890755,0.9998766762889918,1,0
216,8,t023,1001,1001,1011,-0.00022683438146486878,-8.500895500183105,8.50066866580164,0.9997941422549262,1,0
217,1,s10,1101,1101,0111,-0.0037482234183698893,-5.895575046539307,5.891826823120937,0.9962723330392304,1,0
217,2,c32,1111,1111,1110,-1.6570023944950663e-05,-12.125016212463379,12.124999642439434,0.9999937956342823,1,0
217,3,t320,0111,0111,1011,-4.589453601511195e-05,-10.000107765197754,10.000061870661739,0.9999544032321864,1,0
217,4,x1,0011,0011,0101,-0.00012146764493081719,-15.491324424743652,15.491202957098722,0.9999996853224742,1,0
217,5,c21,0111,0111,0011,-2.2649615857517347e-05,-11.000020027160645,10.999997377544787,0.999980997850914,1,0
217,6,s20,1101,1101,1100,-0.002048907335847616,-6.377048969268799,6.375000061932951,0.9981930414762137,1,0
217,7,x1,1001,1001,1101,-4.100716978427954e-05,-16.375335693359375,16.37529468618959,0.9999998674588815,1,0
217,8,x0,0001,0001,0011,-2.3841856489070778e-07,-15.75,15.749999761581435,0.9999997234876751,1,0
218,1,s03,1010,1010,0011,-0.00016402508481405675,-9.2501220703125,9.249958045227686,0.9998373880238903,1,0
218,2,x0,0010,0010,0110,0.0,-18.5,18.5,0.9999999846869816,1,0
218,3,t123,0010,0010,0011,-0.6972414255142212,-0.6972414255142212,0.0,0.4999999313907697,0,1
218,4,c01,0010,0010,0011,-1.788137979019666e-06,-16.125001907348633,16.125000119210654,0.9999997674158535,1,0
218,5,s02,1000,1000,0010,-0.004154679365456104,-5.50408935546875,5.499934676103294,0.9959105689286472,1,0
218,6,s01,0100,0100,0010,-0.003910883329808712,-5.878983020782471,5.875072137452662,0.996290153652075,1,0
218,7,s20,0100,0100,0010,-0.00043780170381069183,-8.125472068786621,8.12503426708281,0.999564289869784,1,0
218,8,c31,0100,0100,0000,-0.00012385082663968205,-9.000128746032715,9.000004895206075,0.999876498131626,1,0
219,1,t310,0010,0010,1010,-0.0019295671954751015,-6.251929759979248,6.250000192783773,0.9980726246705558,1,0
219,2,x2,0000,0000,0001,-8.201278978958726e-05,-14.875082015991211,14.875000003201421,0.9999994946958308,1,0
219,3,x1,0100,0100,1100,-9.274053445551544e-05,-15.687600135803223,15.687507395268767,0.9999997582307916,1,0
219,4,s32,0100,0100,0101,-4.684895611717366e-05,-11.000045776367188,10.99999892741107,0.9999595081286098,1,0
219,5,c23,0100,0100,0101,-0.00018273173191118985,-8.625182151794434,8.624999420062522,0.9998202534967195,1,0
219,6,x2,0110,0110,0010,-0.001541746431030333,-13.626544952392578,13.625003205961548,0.9999985856106796,1,0
219,7,c30,0110,0110,1110,-1.3470604244503193e-05,-11.75002384185791,11.750010371253666,0.9999919462264361,1,0
219,8,s21,0110,0110,0011,-0.001512944116257131,-6.501522064208984,6.500009120092727,0.9984917777209602,1,0
220,1,s30,1100,1100,1001,-0.04860024154186249,-3.048802614212036,3.0002023726701736,0.9525634537781017,1,0
220,2,x1,1000,1000,1110,-0.00010180097160628065,-15.133715629577637,15.13361382860603,0.999999625824855,1,0
220,3,x1,1100,1100,1000,-0.00043251700117252767,-15.625433921813965,15.625001404812792,0.9999997864312243,1,0
220,4,x2,1110,1110,1010,-0.0006366141024045646,-13.750714302062988,13.750077687960584,0.9999988574853981,1,0
220,5,c02,1100,1100,1010,-6.580229819519445e-05,-10.474209785461426,10.47414398316323,0.999954383677294,1,0
220,6,x2,1110,1110,1111,-0.00016842993500176817,-11.750167846679688,11.749999416744686,0.9999913784420835,1,0
220,7,c30,1110,1110,0110,-1.2040103683830239e-05,-12.250006675720215,12.249994635616531,0.9999941934704702,1,0
220,8,t301,1110,1110,1010,-0.0031913043931126595,-5.7532172203063965,5.750025915913284,0.9968234282229056,1,0
221,1,c21,0111,0111,0110,-0.00023672773386351764,-8.500237464904785,8.500000737170922,0.9997676289593301,1,0
221,2,s02,1101,1101,1011,-0.0002469861356075853,-10.125080108642578,10.12483312250697,0.9998917020552417,1,0
221,3,c32,1111,1111,1110,-2.9086877475492656e-05,-11.000029563903809,11.000000477026333,0.9999803419385974,1,0
221,4,c02,1101,1101,1011,-1.2040111869282555e-05,-12.703903198242188,12.703891158130318,0.9999960477147529,1,0
221,5,t130,0101,0101,1101,-0.0649610310792923,-2.814960479736328,2.749999448657036,0.939911911936901,1,0
221,6,x3,0100,0100,0001,-3.9219412428792566e-05,-13.535279273986816,13.535240054574388,0.9999974014601452,1,0
221,7,c31,0100,0100,0000,-0.00012492451060097665,-11.750137329101562,11.750012404590962,0.9999909980480846,1,0
221,8,x2,0110,0110,0010,-0.00010060991917271167,-15.000813484191895,15.000712874272722,0.999999518299572,1,0
222,1,x0,0100,0100,1100,-1.0490373824723065e-05,-11.750015258789062,11.750004768415238,0.9999909634766403,1,0
222,2,x0,1100,1100,1000,-3.2186471798922867e-06,-14.375003814697266,14.375000596050086,0.9999994016008734,1,0
222,3,t302,1100,1100,1110,-0.0009424095042049885,-7.000931739807129,6.999989330302924,0.9990740861006808,1,0
222,4,t130,1100,1100,0100,-3.218646270397585e-06,-14.000003814697266,14.000000596050995,0.9999989122569058,1,0
222,5,s23,1100,1100,1010,-0.003792576026171446,-5.977479457855225,5.973686881829053,0.9962556262191338,1,0
222,6,x3,1101,1101,1100,-6.365677108988166e-05,-10.625062942504883,10.624999285733793,0.9999747947107681,1,0
222,7,x2,1111,1111,1110,-0.04306142404675484,-3.1680612564086914,3.1249998323619366,0.9579111317119261,1,0
222,8,c23,1110,1110,1111,-4.21995428041555e-05,-12.437541961669922,12.437499762127118,0.9999941230051639,1,0
223,1,c32,1101,1101,1011,-0.0017909097950905561,-6.5156779289245605,6.51388701912947,0.9982169177888532,1,0
223,2,t130,0101,0101,1101,-0.5763590335845947,-0.8263496160507202,0.2499905824661255,0.5621691985176105,1,0
223,3,s31,0101,0101,0110,-0.004137889016419649,-5.504157543182373,5.500019654165953,0.9958714796801044,1,0
223,4,x2,0111,0111,0110,-0.00035316197318024933,-13.00035285949707,12.99999969752389,0.9999966563369938,1,0
223,5,x0,1111,1111,1110,-3.2186480893869884e-06,-13.12500286102295,13.12499964237486,0.9999970706812134,1,0
223,6,s03,1111,1111,1110,-0.022051693871617317,-3.8970515727996826,3.8749998789280653,0.9781942764005792,1,0
223,7,t312,1101,1101,1011,-0.0003980867040809244,-7.875396251678467,7.874998164974386,0.9996097381820848,1,0
223,8,c23,1101,1101,1100,-0.002548724878579378,-6.002548694610596,5.999999969732016,0.997481570334882,1,0
224,1,t230,1011,1011,0011,-0.11283184587955475,-2.237823009490967,2.124991163611412,0.8933011885636184,1,0
224,2,t123,1011,1011,1010,-0.00018929540237877518,-11.500189781188965,11.500000485786586,0.9999797184896745,1,0
224,3,x0,0011,0011,1011,-1.1920928244535389e-07,-15.75001335144043,15.750013232231147,0.9999998308327831,1,0
224,4,t123,0011,0011,0010,-0.002978552132844925,-7.002978324890137,6.999999772757292,0.9990887672213291,1,0
224,5,x3,0010,0010,0011,-1.4305110198620241e-06,-14.375001907348633,14.375000476837613,0.9999992981603533,1,0
224,6,t230,0010,0010,1010,-1.156323924078606e-05,-14.375017166137695,14.375005602898455,0.9999989133103474,1,0
224,7,t301,0010,0010,0011,-1.0728833785833558e-06,-14.625000953674316,14.624999880790938,0.9999994491473435,1,0
224,8,t012,0010,0010,0011,-1.072883264896518e-06,-14.000000953674316,13.999999880791052,0.999999036553486,1,0
225,1,c03,1010,1010,0011,-0.000281911256024614,-8.750161170959473,8.749879259703448,0.9997251739301588,1,0
225,2,t230,1010,1010,1110,-2.9802304197801277e-06,-13.750003814697266,13.750000834466846,0.9999974395680624,1,0
225,3,s10,0110,0110,1010,-0.014169725589454174,-4.2823166847229,4.268146959133446,0.9859330991748803,1,0
225,4,s32,0101,0101,0110,-0.005277764983475208,-5.580287456512451,5.575009691528976,0.9948552670296381,1,0
225,5,c23,0101,0101,0100,-3.1828567443881184e-05,-10.750031471252441,10.749999642684998,0.9999766498556008,1,0
225,6,x0,1101,1101,1001,-5.006779701943742e-06,-12.375004768371582,12.37499976159188,0.9999952458930618,1,0
225,7,s10,1101,1101,1011,-0.00030813130433671176,-8.500293731689453,8.499985600385116,0.9996945200306953,1,0
225,8,s10,1101,1101,0111,-0.01825602538883686,-4.018798351287842,4.000542325899005,0.9819166445751744,1,0
226,1,c32,1100,1100,1110,-0.0052966950461268425,-5.255276203155518,5.249979508109391,0.9947275426729489,1,0
226,2,t201,1100,1100,1000,-8.272924605989829e-05,-10.75601577758789,10.75593304834183,0.9999769999891349,1,0
226,3,s02,0110,0110,1100,-0.004128806293010712,-5.796184539794922,5.792055733501911,0.995888074100846,1,0
226,4,x1,0010,0010,0011,-0.0002480457187630236,-11.875247955322266,11.874999909603503,0.9999928941607518,1,0
226,5,c32,0010,0010,0011,-1.3113019576849183e-06,-15.250000953674316,15.249999642372359,0.9999996531672011,1,0
226,6,s12,0100,0100,0010,-0.00023839455388952047,-11.625022888183594,11.624784493629704,0.9999882617861449,1,0
226,7,s23,0100,0100,0010,-0.0008538035908713937,-7.537968635559082,7.537114831968211,0.9992517093395006,1,0
226,8,s30,0100,0100,1100,-5.3523614042205736e-05,-9.875088691711426,9.875035168097384,0.9999478164810777,1,0
227,1,x0,0010,0010,1010,-3.3378573789377697e-06,-13.250020980834961,13.250017642977582,0.9999969559341257,1,0
227,2,s20,1000,1000,0010,-0.0002547217591200024,-11.500160217285156,11.499905495526036,0.999988410490521,1,0
227,3,c10,1000,1000,1100,-2.8371609005262144e-05,-11.000033378601074,11.000005006992069,0.9999824102261805,1,0
227,4,c10,1000,1000,1100,-3.027893035323359e-05,-11.125031471252441,11.125001192322088,0.9999851717487098,1,0
227,5,s30,0001,0001,1000,-0.0004054706951137632,-7.875425815582275,7.875020344887162,0.9996133500005507,1,0
227,6,c21,0001,0001,0011,-1.3113018439980806e-06,-16.000011444091797,16.000010132789953,0.9999997683801248,1,0
227,7,x0,1001,1001,1000,-1.7881377516459906e-06,-13.250001907348633,13.250000119210881,0.9999981890303584,1,0
227,8,t210,1001,1001,1101,-4.517944762483239e-05,-10.250046730041504,10.250001550593879,0.9999645308260694,1,0
228,1,x1,1110,1110,1100,-3.051719795621466e-05,-10.500030517578125,10.500000000380169,0.9999715036816448,1,0
228,2,c10,0110,0110,1110,-1.645078373258002e-05,-12.500014305114746,12.499997854331014,0.999993612595635,1,0
228,3,c02,0110,0110,0010,-6.318080068012932e-06,-14.250558853149414,14.250552535069346,0.9999991215395553,1,0
228,4,t302,0110,0110,0111,-7.033334895822918e-06,-13.375007629394531,13.375000596059635,0.9999982414917484,1,0
228,5,s20,1100,1100,1010,-0.0029098305385559797,-6.127885341644287,6.124975511105731,0.9977810795676355,1,0
228,6,s13,1001,1001,1100,-0.005675486288964748,-5.2557053565979,5.250029870308936,0.9945487604617501,1,0
228,7,c10,1001,1001,1101,-0.00020823739760089666,-8.50021743774414,8.50000920034654,0.9997960813547635,1,0
228,8,t321,1001,1001,1101,-0.002562429988756776,-6.002564907073975,6.000002477085218,0.9975271517598745,1,0
229,1,c32,1110,1110,1111,-0.004149499349296093,-5.879148960113525,5.874999460764229,0.995870992255395,1,0
229,2,t201,1010,1010,1110,-8.261046605184674e-05,-10.375088691711426,10.375006081245374,0.9999634556583299,1,0
229,3,x0,0010,0010,1010,-1.9073468138230965e-06,-13.250005722045898,13.250003814699085,0.9999982317825964,1,0
229,4,t203,0010,0010,0011,-0.0017155205132439733,-6.376715183258057,6.374999662744813,0.9982991452938065,1,0
229,5,s02,1000,1000,0010,-0.002026478061452508,-6.251932144165039,6.2499056661035866,0.9980302739681528,1,0
229,6,t210,1000,1000,1100,-1.7404461686965078e-05,-11.250019073486328,11.250001669024641,0.9999868130823693,1,0
229,7,c03,1001,1001,1000,-0.00022147849085740745,-9.000221252441406,8.999999773950549,0.9998757636701866,1,0
229,8,c10,1001,1001,1101,-2.0980682165827602e-05,-11.000033378601074,11.000012397918908,0.9999829541693279,1,0
230,1,c02,1001,1001,0011,-5.900734686292708e-05,-10.12505054473877,10.124991537391907,0.999951285575229,1,0
230,2,s12,1001,1001,1000,-0.0006258419016376138,-7.6256256103515625,7.624999768449925,0.99939713898689,1,0
230,3,s21,1001,1001,1100,-6.306058639893308e-05,-10.00057601928711,10.00051295870071,0.9999413928894869,1,0
230,4,t032,1011,1011,1001,-0.00017522499547339976,-8.750173568725586,8.749998343730113,0.9998400335663223,1,0
230,5,t012,1011,1011,1001,-1.7404512618668377e-05,-12.375020980834961,12.375003576322342,0.9999923433741681,1,0
230,6,t302,1001,1001,1011,-0.00030918503762222826,-8.125452995300293,8.12514381026267,0.9997038668820009,1,0
230,7,x0,0001,0001,1001,-7.152555099310121e-07,-14.279751777648926,14.279751062393416,0.9999992961459345,1,0
230,8,c12,0001,0001,0011,-1.120562865253305e-05,-13.375053405761719,13.375042200133066,0.9999979640100037,1,0
231,1,x0,1011,1011,0011,-5.006783339922549e-06,-12.62500286102295,12.62499785423961,0.9999950378737049,1,0
231,2,c31,1111,1111,1011,-7.056970935082063e-05,-9.625068664550781,9.62499809484143,0.9999330270500978,1,0
231,3,s02,1111,1111,1110,-0.010368513874709606,-4.635368347167969,4.624999833293259,0.9902131295062844,1,0
231,4,c23,1110,1110,1101,-3.111343539785594e-05,-12.25221061706543,12.252179503630032,0.9999905229726015,1,0
231,5,s01,1110,1110,0111,-0.00024150019453372806,-8.625441551208496,8.625200051013962,0.9997657105905894,1,0
231,6,c03,1111,1111,1110,-6.627908442169428e-05,-11.500066757202148,11.500000478117727,0.9999848293637374,1,0
231,7,x0,0111,0111,1111,-8.34464913168631e-07,-14.750811576843262,14.750810742378349,0.9999992814373743,1,0
231,8,s03,1110,1110,1111,-0.001677804160863161,-6.501677989959717,6.500000185798854,0.9983288178190605,1,0
232,1,s31,1101,1101,1011,-0.005304921418428421,-6.004034996032715,5.998730074614286,0.9947093009082579,1,0
232,2,c32,1111,1111,1110,-5.626599886454642e-05,-10.750057220458984,10.75000095446012,0.9999771815247648,1,0
232,3,x3,1110,1110,1011,-0.00010490040585864335,-12.312080383300781,12.311975482894923,0.9999914573886765,1,0
232,4,c13,1111,1111,1101,-6.60405057715252e-05,-9.878236770629883,9.878170730124111,0.9999400010834731,1,0
232,5,c12,1101,1101,1011,-3.1947864044923335e-05,-12.000038146972656,12.000006199108611,0.9999876263066301,1,0
232,6,x3,1100,1100,1000,-4.768282451550476e-05,-12.251230239868164,12.251182557043649,0.9999947940505829,1,0
232,7,s10,1100,1100,1110,-0.0003519791644066572,-8.12535285949707,8.125000880332664,0.9996518412327479,1,0
232,8,c02,1110,1110,1010,-7.950951112434268e-05,-14.002264976501465,14.00218546699034,0.9999989439836333,1,0
233,1,c23,1100,1100,1101,-0.062039922922849655,-2.812039613723755,2.7499996908009052,0.9398941250871605,1,0
233,2,t301,1100,1100,1000,-4.804051422979683e-05,-10.125083923339844,10.125035882825614,0.9999597554032976,1,0
233,3,t130,1100,1100,0100,-1.68083788594231e-05,-12.250020027160645,12.250003218781785,0.9999947956095164,1,0
233,4,c13,1101,1101,1100,-0.00038369413232430816,-8.250383377075195,8.249999682942871,0.9997327859282046,1,0
233,5,c02,1111,1111,1110,-0.00018762453692033887,-8.875187873840332,8.875000249303412,0.9998590795089635,1,0
233,6,s20,1111,1111,0111,-0.0005099773406982422,-7.625487804412842,7.6249778270721436,0.9995066688508809,1,0
233,7,t012,1101,1101,1011,-0.002190823433920741,-6.127196311950684,6.125005488516763,0.9978170706260153,1,0
233,8,c32,1111,1111,1110,-7.986823766259477e-05,-10.875079154968262,10.8749992867306,0.9999803000276292,1,0
234,1,c20,1011,1011,0011,-1.7881253370433114e-05,-11.000016212463379,10.999998331210008,0.9999821392389799,1,0
234,2,s20,1011,1011,0011,-0.0013446355005726218,-7.3194804191589355,7.318135783658363,0.9986721688734362,1,0
234,3,t021,1111,1111,1011,-6.270330777624622e-05,-10.500055313110352,10.499992609802575,0.9999664475150676,1,0
234,4,c32,1101,1101,1011,-4.6848570491420105e-05,-11.538093566894531,11.53804671832404,0.9999886782124776,1,0
234,5,t201,1101,1101,1001,-0.0005036841612309217,-7.75059700012207,7.750093315960839,0.9995381732958495,1,0
234,6,t203,1101,1101,1100,-0.25675857067108154,-1.5067585706710815,1.25,0.777298619905042,1,0
234,7,x2,1111,1111,1110,-7.152309990487993e-05,-14.50007152557373,14.500000002473826,0.9999987989914882,1,0
234,8,c12,1101,1101,1011,-2.431844586681109e-05,-13.875039100646973,13.875014782201106,0.9999984744220075,1,0
235,1,c23,1100,1100,1101,-0.31333523988723755,-1.3133351802825928,0.9999999403953552,0.7310521280145424,1,0
235,2,t012,1110,1110,1100,-9.67957530519925e-05,-9.875096321105957,9.874999525352905,0.9999445845518482,1,0
235,3,t123,1111,1111,1110,-0.0002684472128748894,-9.25026798248291,9.249999535270035,0.9998871121451589,1,0
235,4,c32,1101,1101,1011,-0.0003063455515075475,-8.625314712524414,8.625008366972907,0.9998037078539697,1,0
235,5,x3,1100,1100,1000,-5.411987513070926e-05,-12.125486373901367,12.125432254026236,0.9999942793562416,1,0
235,6,t301,1100,1100,1000,-2.4318529540323652e-05,-11.000457763671875,11.000433445142335,0.9999827032590827,1,0
235,7,c23,1100,1100,1101,-0.008662442676723003,-4.758662700653076,4.750000257976353,0.991420918453486,1,0
235,8,c03,1101,1101,1100,-0.00019000346946995705,-8.625188827514648,8.624998824045178,0.9998178287210259,1,0
236,1,c31,0110,0110,0010,-0.16033972799777985,-1.9113330841064453,1.7509933561086655,0.8518547529834782,1,0
236,2,x2,0100,0100,1100,-0.0004644517903216183,-11.25046443939209,11.249999987601768,0.9999863535570126,1,0
236,3,s03,0100,0100,0001,-5.841247912030667e-06,-13.312713623046875,13.312707781798963,0.9999960046939305,1,0
236,4,x1,0000,0000,0100,-0.0002978770644403994,-14.375299453735352,14.375001576670911,0.9999992096853552,1,0
236,5,s01,0000,0000,1000,-2.9802281460433733e-06,-13.062504768371582,13.062501788143436,0.999997854691806,1,0
236,6,c21,0000,0000,0100,-3.933898824470816e-06,-17.375003814697266,17.37499988079844,0.9999999161252707,1,0
236,7,c01,0000,0000,1000,-3.576278118089249e-07,-17.000001907348633,17.00000154972082,0.9999999086788248,1,0
236,8,t203,0000,0000,0001,-6.914126061019488e-06,-13.000006675720215,12.999999761594154,0.9999976294435102,1,0
237,1,c21,0001,0001,0101,-0.07889356464147568,-2.5788989067077637,2.500005342066288,0.9241405724483459,1,0
237,2,t132,0001,0001,0011,-9.179093467537314e-06,-13.750029563903809,13.750020384810341,0.9999985166072429,1,0
237,3,c23,0001,0001,0011,-4.21993900090456e-05,-13.126014709472656,13.125972510082647,0.9999970201992158,1,0
237,4,c20,0001,0001,1001,-1.788123518053908e-05,-13.625069618225098,13.625051736989917,0.9999987036739311,1,0
237,5,x2,0011,0011,0010,-2.8013886549160816e-05,-13.312527656555176,13.312499642668627,0.9999971093409363,1,0
237,6,x0,1011,1011,1010,-2.503393488950678e-06,-13.37500286102295,13.37500035762946,0.999997824366449,1,0
237,7,x2,1001,1001,1010,-2.21727677853778e-05,-13.000731468200684,13.000709295432898,0.9999974749434012,1,0
237,8,t301,1101,1101,1001,-0.06995390355587006,-2.6949539184570312,2.625000014901161,0.9324527195606399,1,0
238,1,x2,0000,0000,0010,-1.2755334864777979e-05,-11.679760932922363,11.679748177587499,0.9999889107622277,1,0
238,2,t203,0000,0000,0001,-7.271746653714217e-06,-14.125007629394531,14.125000357647878,0.9999991573930215,1,0
238,3,c13,0000,0000,0001,-7.629369974893052e-06,-14.250007629394531,14.250000000024556,0.9999992040678756,1,0
238,4,c21,0000,0000,0100,-1.7285199646721594e-05,-16.000017166137695,15.999999880938049,0.9999997939077271,1,0
238,5,x0,1000,1000,1100,0.0,-19.75,19.75,0.9999999937130446,1,0
238,6,x1,1100,1100,1000,-0.00043918986921198666,-16.018590927124023,16.01815173725481,0.9999997957002331,1,0
238,7,c03,1101,1101,1100,-0.00010037183528766036,-9.750100135803223,9.749999763967935,0.9999407046401553,1,0
238,8,x1,1001,1001,1111,-7.664873555768281e-05,-14.129958152770996,14.129881504035438,0.999998945505957,1,0
239,1,x1,0011,0011,1011,-0.0059326039627194405,-5.1309309005737305,5.124998296611011,0.9940885329585836,1,0
239,2,s31,0110,0110,0101,-0.007820501923561096,-5.257821559906006,5.250001057982445,0.9922119269938587,1,0
239,3,c32,0110,0110,0100,-8.1062189565273e-06,-12.886054992675781,12.886046886456825,0.9999961898536744,1,0
239,4,c01,0110,0110,1010,-8.940666702983435e-06,-12.250131607055664,12.250122666388961,0.9999938684966435,1,0
239,5,x3,0111,0111,0110,-5.9722966398112476e-05,-10.125060081481934,10.125000358515535,0.9999592916427605,1,0
239,6,x0,1111,1111,1110,-2.5629758965806104e-05,-10.750024795532227,10.74999916577326,0.9999745073488299,1,0
239,7,x1,1011,1011,1101,-6.794915861974005e-06,-14.91168212890625,14.911675333990388,0.9999994929037204,1,0
239,8,c31,1111,1111,1011,-2.6464302209205925e-05,-11.375025749206543,11.374999284904334,0.9999870602362744,1,0
240,1,s23,0001,0001,0010,-0.03810897469520569,-3.288133382797241,3.2500244081020355,0.9626093143234886,1,0
240,2,x0,1001,1001,1000,-5.960462772236497e-07,-14.250000953674316,14.25000035762804,0.9999993015994745,1,0
240,3,c03,1000,1000,1001,-4.756371345138177e-05,-12.12504768371582,12.125000120002369,0.999994168431649,1,0
240,4,x0,0000,0000,1000,-4.410735982673941e-06,-13.500003814697266,13.499999403961283,0.9999981628493482,1,0
240,5,s01,0000,0000,1000,-2.1457441107486375e-05,-10.87502384185791,10.875002384416803,0.9999810706806797,1,0
240,6,t012,0000,0000,0001,-7.152556236178498e-07,-15.625,15.624999284744376,0.9999997659154223,1,0
240,7,c03,0000,0000,0001,-7.188073504948989e-05,-13.375072479248047,13.375000598512997,0.9999980232901181,1,0
240,8,t132,0000,0000,0001,-1.4424223081732634e-05,-15.250014305114746,15.249999880891664,0.9999995121028846,1,0
241,1,s32,1001,1001,1010,-0.06280805915594101,-2.8143017292022705,2.7514936700463295,0.9391251881098728,1,0
241,2,c20,1001,1001,1101,-1.5377940144389868e-05,-11.625018119812012,11.625002741871867,0.9999897048940034,1,0
241,3,t203,1001,1001,1000,-0.002379238372668624,-11.877379417419434,11.875000179046765,0.9999924060356666,1,0
241,4,x2,1011,1011,1001,-0.00018440026906318963,-13.125184059143066,13.124999658874003,0.9999970995612268,1,0
241,5,t103,1011,1011,1010,-0.0002718927862588316,-8.625272750854492,8.625000858068233,0.9998031696861143,1,0
241,6,t132,1011,1011,1111,-9.321953257312998e-05,-12.00163459777832,12.001541378245747,0.9999851035233136,1,0
241,7,t321,1111,1111,1011,-2.6345118385506794e-05,-11.125020980834961,11.124994635716575,0.9999807302169911,1,0
241,8,t302,1101,1101,1110,-2.3364947992376983e-05,-11.812725067138672,11.81270170219068,0.9999826497639555,1,0
242,1,x2,1101,1101,1100,-0.005868063308298588,-5.505867958068848,5.499999894760549,0.9942355499260526,1,0
242,2,s23,1110,1110,1011,-0.0008093779906630516,-7.502285003662109,7.501475625671446,0.9992655906947747,1,0
242,3,x1,1010,1010,1000,-9.643575322115794e-05,-15.438360214233398,15.438263778480177,0.9999997021892256,1,0
242,4,s01,0110,0110,1010,-0.000624883163254708,-7.630204200744629,7.629579317581374,0.9993886830553225,1,0
242,5,c02,0110,0110,0010,-9.059884177986532e-06,-14.375036239624023,14.375027179739845,0.9999989817953816,1,0
242,6,t032,0110,0110,0111,-2.264975591970142e-06,-14.375001907348633,14.37499964237304,0.9999993386392145,1,0
242,7,t032,0110,0110,0111,-2.861021357603022e-06,-14.500001907348633,14.499999046327275,0.9999992580710051,1,0
242,8,c23,0111,0111,0110,-9.894351023831405e-06,-13.375009536743164,13.37499964239214,0.9999982129906635,1,0
243,1,s30,1101,1101,0111,-0.0017650416120886803,-6.5823845863342285,6.58061954472214,0.9982365877661828,1,0
243,2,s13,1101,1101,1011,-0.0005378956557251513,-7.750534534454346,7.7499966387986206,0.9994632696651409,1,0
243,3,x1,1001,1001,1011,-0.0002965493476949632,-15.625296592712402,15.625000043364707,0.9999996667345592,1,0
243,4,x1,1101,1101,1001,-8.95225239219144e-05,-12.625088691711426,12.624999169187504,0.999996275426275,1,0
243,5,s13,1101,1101,1110,-0.0015407222090288997,-6.5015411376953125,6.500000415486284,0.9984627228586562,1,0
243,6,s02,0111,0111,1101,-0.04858894273638725,-3.0533392429351807,3.0047503001987934,0.9525742318660653,1,0
243,7,s10,1011,1011,1010,-2.312636934220791e-05,-10.750022888183594,10.749999761814252,0.9999783459123478,1,0
243,8,x3,1010,1010,1000,-6.0438032960519195e-05,-12.750290870666504,12.750230432633543,0.9999953044873093,1,0
244,1,t031,1100,1100,1000,-0.02980167418718338,-3.52976393699646,3.4999622628092766,0.9706408512561318,1,0
244,2,t230,1100,1100,0100,-1.5497198546654545e-06,-15.50000286102295,15.500001311303095,0.9999996398315247,1,0
244,3,t031,1100,1100,1000,-6.079664672142826e-06,-13.250269889831543,13.25026381016687,0.9999979032713906,1,0
244,4,t201,1100,1100,1000,-5.090182457934134e-05,-11.50467586517334,11.50462496334876,0.9999806817086457,1,0
244,5,s21,1010,1010,1100,-0.01608746498823166,-4.141078948974609,4.124991483986378,0.9840842075491611,1,0
244,6,c32,1010,1010,1000,-2.610653427836951e-05,-14.00595474243164,14.005928635897362,0.9999988467177843,1,0
244,7,x0,0010,0010,1010,-1.1920928244535389e-07,-16.00007438659668,16.000074267387397,0.9999998750020617,1,0
244,8,t032,0010,0010,0011,-1.4305109061751864e-06,-14.625000953674316,14.62499952316341,0.9999995189533517,1,0
245,1,c31,1110,1110,1010,-0.31330418586730957,-1.313283920288086,0.9999797344207764,0.7310291139412196,1,0
245,2,c31,1110,1110,1011,-2.9325243303901516e-05,-11.224106788635254,11.22407746339195,0.9999750742029908,1,0
245,3,c32,1110,1110,1111,-2.8490885597420856e-05,-11.875028610229492,11.875000119343895,0.9999888953340762,1,0
245,4,s13,1011,1011,1110,-0.004661270417273045,-6.639511585235596,6.634850314818323,0.9986632743094742,1,0
245,5,s13,1110,1110,1101,-0.023303382098674774,-3.77689528465271,3.753591902554035,0.9770029768285569,1,0
245,6,c10,0110,0110,0111,-5.960463340670685e-07,-14.625,14.624999403953666,0.9999994548898459,1,0
245,7,t321,0110,0110,0010,-6.1988730521989055e-06,-13.50034236907959,13.500336170206538,0.999998307361502,1,0
245,8,c30,0110,0110,0111,-1.0728833785833558e-06,-14.250000953674316,14.249999880790938,0.9999989327384664,1,0
246,1,c23,0001,0001,0011,-0.000741094583645463,-8.264476776123047,8.263735681539401,0.9996928591351136,1,0
246,2,s10,0001,0001,1001,-2.3483997210860252e-05,-11.274185180664062,11.274161696666852,0.999977743532175,1,0
246,3,t310,0001,0001,1001,-2.026556785494904e-06,-14.500008583068848,14.500006556512062,0.999999309689015,1,0
246,4,t021,0001,0001,0101,-4.291530785849318e-06,-13.375004768371582,13.375000476840796,0.9999983560425117,1,0
246,5,s13,0100,0100,0001,-0.00023672243696637452,-8.37546443939209,8.375227716955123,0.9997660865227531,1,0
246,6,t310,0100,0100,1100,-3.325907528051175e-05,-10.750146865844727,10.750113606769446,0.9999683602735211,1,0
246,7,t301,0100,0100,0000,-1.192092668134137e-06,-14.750204086303711,14.750202894211043,0.9999994675616167,1,0
246,8,x2,0110,0110,0010,-6.46102344035171e-05,-14.812565803527832,14.812501193293429,0.9999995638935496,1,0
247,1,x2,1010,1010,0010,-9.0357156295795e-05,-11.00015926361084,11.000068906454544,0.9999762362473137,1,0
247,2,t023,1011,1011,1010,-0.00010311455116607249,-10.750102996826172,10.749999882275006,0.9999775630787086,1,0
247,3,t213,1011,1011,1010,-0.00022243020066525787,-10.000222206115723,9.999999775915057,0.9999460617695771,1,0
247,4,s10,0111,0111,1011,-0.001177096040919423,-6.77747917175293,6.77630207571201,0.9988294196470221,1,0
247,5,t320,1111,1111,1110,-7.15254464012105e-06,-12.375006675720215,12.374999523175575,0.9999933999497632,1,0
247,6,c13,1110,1110,1111,-2.765645331237465e-05,-11.937527656555176,11.937500000101863,0.9999830050144017,1,0
247,7,s02,1110,1110,0111,-0.0046383533626794815,-5.379623889923096,5.374985536560416,0.9953727138233801,1,0
247,8,x0,0110,0110,0010,0.0,-17.023244857788086,17.023244857788086,0.9999999332761851,1,0
248,1,x0,1000,1000,0000,-4.768370445162873e-07,-16.0,15.999999523162955,0.9999998541869997,1,0
248,2,x3,1001,1001,1000,-9.691329614724964e-05,-11.625096321105957,11.62499940780981,0.9999906467980139,1,0
248,3,x1,1101,1101,1100,-0.0001226620515808463,-9.3751220703125,9.37499940826092,0.9999150608825343,1,0
248,4,x1,1001,1001,1011,-0.00010179979290114716,-14.250103950500488,14.250002150707587,0.9999986935181104,1,0
248,5,c12,1001,1001,1101,-8.95241682883352e-05,-10.500195503234863,10.500105979066575,0.9999659936117744,1,0
248,6,c31,1101,1101,1001,-1.5497147614951245e-05,-11.875015258789062,11.874999761641448,0.9999925151675508,1,0
248,7,x1,1001,1001,1101,-0.00012397034151945263,-13.382729530334473,13.382605559992953,0.9999983649230785,1,0
248,8,c23,1001,1001,1011,-7.152419857447967e-05,-10.000232696533203,10.000161172334629,0.9999516763852228,1,0
249,1,s12,0000,0000,0100,-0.00023458278155885637,-8.50023078918457,8.499996206403011,0.9997680891152954,1,0
249,2,c31,0000,0000,1000,-1.1920928244535389e-07,-17.0,16.999999880790718,0.9999999349181723,1,0
249,3,x3,0001,0001,0000,-0.00016747562040109187,-12.625166893005371,12.62499941738497,0.999996184937912,1,0
249,4,c20,0001,0001,1001,-8.463825906801503e-06,-13.875042915344238,13.875034451518331,0.9999989292468844,1,0
249,5,x3,0000,0000,0001,-1.0967223715852015e-05,-12.750011444091797,12.750000476868081,0.9999970434579905,1,0
249,6,t021,0000,0000,0100,-1.525867628515698e-05,-15.875015258789062,15.875000000112777,0.999999715365552,1,0
249,7,c03,0000,0000,0001,-3.7550398701569065e-05,-12.125038146972656,12.125000596573955,0.9999939207741338,1,0
249,8,x0,1000,1000,1100,0.0,-16.75,16.75,0.9999999424414259,1,0
250,1,x0,0100,0100,1100,-1.1801669643318746e-05,-11.750016212463379,11.750004410793736,0.9999901737536074,1,0
250,2,x1,0000,0000,1000,-0.0003508931549731642,-12.25036334991455,12.250012456759578,0.9999885612941434,1,0
250,3,c10,0000,0000,1000,-5.960446742392378e-06,-13.375015258789062,13.37500929834232,0.999998370924617,1,0
250,4,s03,0000,0000,1000,-4.291527147870511e-06,-12.500018119812012,12.500013828284864,0.9999957948823194,1,0
250,5,x0,1000,1000,1100,0.0,-17.625,17.625,0.9999999754081216,1,0
250,6,s03,0001,0001,0000,-0.012562817893922329,-4.5125627517700195,4.499999933876097,0.9875282791276729,1,0
250,7,t201,0001,0001,1001,-1.7881377516459906e-06,-16.250024795532227,16.250023007394475,0.9999998243981154,1,0
250,8,t023,0001,0001,0101,-1.9073479506914737e-06,-16.062551498413086,16.062549591065135,0.9999997450424422,1,0
251,1,x3,0110,0110,1110,-2.0503894120338373e-05,-11.500073432922363,11.500052929028243,0.9999832909029157,1,0
251,2,t213,0111,0111,0110,-0.0002437563380226493,-8.375244140625,8.375000384286977,0.9997690067866867,1,0
251,3,t120,1111,1111,1011,-0.00013994397886563092,-9.000123977661133,8.999984033682267,0.9998619506963301,1,0
251,4,c03,1110,1110,1100,-2.3364902517641895e-05,-12.259778022766113,12.259754657863596,0.9999930412110918,1,0
251,5,x1,1010,1010,1000,-1.776204226189293e-05,-14.91305923461914,14.913041472576879,0.9999993780539134,1,0
251,6,c30,1010,1010,0010,-1.955014158738777e-05,-10.875022888183594,10.875003338042006,0.9999809392866789,1,0
251,7,c01,1110,1110,1100,-2.3126494852476753e-05,-11.625022888183594,11.624999761688741,0.999988512491561,1,0
251,8,t032,1110,1110,1111,-0.0030767270363867283,-5.878076553344727,5.87499982630834,0.9971234940407052,1,0
252,1,c10,0010,0010,1010,-0.0004318023275118321,-7.750432014465332,7.75000021213782,0.9995687770419407,1,0
252,2,x2,0000,0000,0001,-8.070151670835912e-05,-16.000080108642578,15.99999940712587,0.9999997204941073,1,0
252,3,x0,1000,1000,1010,0.0,-18.375,18.375,0.9999999768722782,1,0
252,4,x3,1001,1001,0001,-0.00029321262263692915,-11.87530517578125,11.875011963158613,0.9999909534145419,1,0
252,5,t321,1001,1001,1101,-0.0032158601097762585,-5.753218173980713,5.750002313870937,0.9968254675156096,1,0
252,6,c20,1001,1001,1101,-1.7762071365723386e-05,-11.375022888183594,11.375005126112228,0.9999880816774946,1,0
252,7,c02,1011,1011,1010,-0.0001460256171412766,-9.25014591217041,9.249999886553269,0.9999014967696574,1,0
252,8,s01,0111,0111,1011,-0.0006373334908857942,-7.375680446624756,7.37504311313387,0.9993666498203388,1,0
253,1,t013,1000,1000,1001,-0.0004311272641643882,-8.1254301071167,8.124998979852535,0.9995794513178616,1,0
253,2,x0,0000,0000,1000,-1.5497195136049413e-06,-13.500007629394531,13.500006079675018,0.999998565758266,1,0
253,3,c13,0000,0000,0001,-7.331150118261576e-05,-9.625072479248047,9.624999167746864,0.9999336037888487,1,0
253,4,c12,0000,0000,0010,-7.629368155903649e-06,-15.500007629394531,15.500000000026375,0.9999996623367823,1,0
253,5,c30,0000,0000,1000,-1.5497195136049413e-06,-13.500001907348633,13.50000035762912,0.9999986076308494,1,0
253,6,c02,0000,0000,1000,-4.291525328881107e-06,-17.812685012817383,17.812680721292054,0.9999999576953649,1,0
253,7,s20,0000,0000,1000,-0.00014101676060818136,-9.000123977661133,8.999982960900525,0.9998753631450061,1,0
253,8,x1,0100,0100,0000,-5.960463340670685e-07,-16.288211822509766,16.28821122646343,0.9999998550488863,1,0
254,1,t012,0010,0010,0011,-6.353671778924763e-05,-9.750062942504883,9.749999405787094,0.999939812743563,1,0
254,2,t130,0010,0010,1010,-8.225409146689344e-06,-11.750008583068848,11.750000357659701,0.9999920522706863,1,0
254,3,x0,1010,1010,1000,-2.145764938177308e-06,-13.125001907348633,13.124999761583695,0.9999980003052797,1,0
254,4,t012,1010,1010,1110,-3.7908270314801484e-05,-12.75010871887207,12.750070810601756,0.9999954855967346,1,0
254,5,x0,0010,0010,1010,-7.152555667744309e-07,-14.500004768371582,14.500004053116015,0.9999993981439649,1,0
254,6,c32,0010,0010,0000,-2.0265570128685795e-06,-14.186969757080078,14.186967730523065,0.9999989832769697,1,0
254,7,s01,0010,0010,1000,-4.947079287376255e-05,-10.139209747314453,10.13916027652158,0.9999565067628337,1,0
254,8,s03,0010,0010,1010,-0.008898423053324223,-4.760222911834717,4.751324488781393,0.9914168978539003,1,0
255,1,t123,1101,1101,1111,-0.05111013352870941,-3.0532917976379395,3.00218166410923,0.9525583846165008,1,0
255,2,c32,1111,1111,1001,-0.00013982468226458877,-11.35034465789795,11.350204833215685,0.9999846169990262,1,0
255,3,x1,1011,1011,1101,-0.00011443443509051576,-17.00044822692871,17.00033379249362,0.9999999370981485,1,0
255,4,t013,1011,1011,1010,-0.0004618681559804827,-8.00046157836914,7.99999971021316,0.9995982207422457,1,0
255,5,c02,1001,1001,1000,-2.6821831852430478e-05,-15.18752670288086,15.187499881049007,0.9999995183085038,1,0
255,6,x1,1101,1101,1100,-2.8490634576883167e-05,-14.375028610229492,14.375000119594915,0.9999992707520522,1,0
255,7,t120,1101,1101,1001,-7.188088784459978e-05,-9.750887870788574,9.75081598990073,0.9999402294739753,1,0
255,8,s23,1110,1110,1101,-0.0009221292566508055,-7.501629829406738,7.5007077001500875,0.9991855459601681,1,0
256,1,x3,1001,1001,1000,-0.0008797365589998662,-7.250879764556885,7.250000027997885,0.9992448081861192,1,0
256,2,c31,1101,1101,1001,-1.811969923437573e-05,-11.125016212463379,11.124998092764145,0.9999836106327735,1,0
256,3,s21,1011,1011,1101,-0.01266026496887207,-4.387659549713135,4.374999284744263,0.9875656288271139,1,0
256,4,c20,0011,0011,1011,-4.7683710135970614e-07,-15.375,15.374999523162899,0.9999996679681752,1,0
256,5,s20,1001,1001,1000,-0.0067343031987547874,-5.0067338943481445,4.99999959114939,0.9932893447964953,1,0
256,6,x2,1011,1011,1010,-0.00012921489542350173,-12.750128746032715,12.749999531137291,0.9999967641059292,1,0
256,7,t013,1011,1011,1010,-0.0003749930765479803,-8.250374794006348,8.2499998009298,0.9996767199971955,1,0
256,8,s20,1011,1011,0011,-0.001518073957413435,-6.661726951599121,6.660208877641708,0.9984835362009148,1,0
257,1,t123,0100,0100,0101,-0.03805258870124817,-3.288052558898926,3.2499999701976776,0.9626648984022473,1,0
257,2,s30,0100,0100,1100,-4.8756068281363696e-05,-10.500096321105957,10.500047565037676,0.9999528567640863,1,0
257,3,c12,0110,0110,0100,-4.494106906349771e-05,-13.000044822692871,12.999999881623808,0.9999970101057971,1,0
257,4,x3,0111,0111,0101,-6.484874757006764e-05,-11.063116073608398,11.063051224860828,0.9999827956237499,1,0
257,5,c21,0011,0011,0111,-0.0003841532743535936,-10.000592231750488,10.000208078476135,0.99995322706953,1,0
257,6,s12,0101,0101,0100,-0.00026784761575981975,-10.25026798248291,10.25000013486715,0.9999431183148733,1,0
257,7,x0,1101,1101,1001,-3.242441016482189e-05,-10.625032424926758,10.625000000516593,0.9999754763945241,1,0
257,8,s20,0111,0111,1101,-0.08030044287443161,-2.584192991256714,2.5038925483822823,0.9240055617254856,1,0
258,1,c30,0110,0110,1110,-0.10020783543586731,-2.3503239154815674,2.2501160800457,0.9046499171881248,1,0
258,2,t301,0110,0110,1110,-4.291530785849318e-06,-13.18697738647461,13.186973094943824,0.9999963942647312,1,0
258,3,s10,1010,1010,1011,-0.00010275321255903691,-14.375102996826172,14.375000243613613,0.9999990228783804,1,0
258,4,s01,0110,0110,1010,-0.00031919480534270406,-8.12750244140625,8.127183246600907,0.9996980494549932,1,0
258,5,t201,0110,0110,0010,-8.63039240357466e-05,-9.37509536743164,9.375009063507605,0.9999146386563944,1,0
258,6,s30,0110,0110,0111,-0.00035878174821846187,-8.250358581542969,8.24999979979475,0.9996512949694871,1,0
258,7,t312,0110,0110,0100,-2.5152992748189718e-05,-11.000163078308105,11.000137925315357,0.9999760224746205,1,0
258,8,t213,0111,0111,0110,-0.0002075226220767945,-8.50020694732666,8.499999424704583,0.999796440684616,1,0
259,1,s13,0110,0110,1100,-0.007076148875057697,-5.013926029205322,5.006849880330265,0.9929544377952709,1,0
259,2,t302,0110,0110,0111,-5.364413482311647e-06,-13.875004768371582,13.8749994039581,0.999997996080972,1,0
259,3,x2,0100,0100,0001,-0.00015603491920046508,-11.252104759216309,11.251948724297108,0.9999844540359123,1,0
259,4,t320,0100,0100,1100,-5.006779247196391e-06,-14.625009536743164,14.625004529963917,0.9999992598278103,1,0
259,5,t301,0100,0100,0000,-2.2649749098491156e-06,-15.250008583068848,15.250006318093938,0.9999995816430294,1,0
259,6,c30,0100,0100,1100,-2.145765392924659e-06,-13.500003814697266,13.500001668931873,0.9999985065096909,1,0
259,7,t103,0100,0100,0101,-0.004094020463526249,-5.504094123840332,5.500000103376806,0.9959292966324206,1,0
259,8,c12,0110,0110,0100,-1.4185826330503915e-05,-13.50001335144043,13.4999991656141,0.9999985730328241,1,0
260,1,t102,0001,0001,1001,-7.760316657368094e-05,-11.376791000366211,11.376713397199637,0.9999876385127693,1,0
260,2,s21,0001,0001,0100,-1.895418972708285e-05,-11.50001335144043,11.499994397250703,0.9999846148829773,1,0
260,3,x1,0101,0101,0100,-6.914124696777435e-06,-12.187506675720215,12.187499761595518,0.9999939561792256,1,0
260,4,s32,0110,0110,0011,-0.0003450821968726814,-8.625253677368164,8.624908595171291,0.9996562259208231,1,0
260,5,t032,0110,0110,0100,-3.099439254583558e-06,-14.500020027160645,14.50001692772139,0.9999989033632899,1,0
260,6,s31,0011,0011,0110,-0.004100254736840725,-5.505013465881348,5.500913211144507,0.9959298147625297,1,0
260,7,c31,0111,0111,0101,-1.0490399290574715e-05,-12.375006675720215,12.374996185320924,0.9999895610228079,1,0
260,8,t213,0110,0110,0111,-0.0026595068629831076,-7.002659797668457,7.000000290805474,0.9990884855272746,1,0
261,1,t012,0101,0101,0111,-0.00027092857635580003,-8.250327110290527,8.250056181714172,0.9997341399736805,1,0
261,2,x2,0111,0111,0110,-0.0015292471507564187,-12.876529693603516,12.87500044645276,0.9999966294767675,1,0
261,3,x1,0011,0011,0101,-3.576246672309935e-05,-15.285123825073242,15.285088062606519,0.9999996122714936,1,0
261,4,s31,0110,0110,0101,-0.023299565538764,-3.7733089923858643,3.7500094268471003,0.9769703245381419,1,0
261,5,s30,0110,0110,1110,-0.0010512497974559665,-6.881285667419434,6.880234417621978,0.9989498742304435,1,0
261,6,t201,0110,0110,0010,-0.0003029861836694181,-8.12556266784668,8.12525968166301,0.9997025763661765,1,0
261,7,c10,1110,1110,1010,-4.649153652280802e-06,-12.375005722045898,12.375001072892246,0.9999954851733609,1,0
261,8,s30,0111,0111,1110,-0.004119152203202248,-5.506649017333984,5.502529865130782,0.9959242647693908,1,0
262,1,c31,0010,0010,0110,-0.018156398087739944,-4.018194675445557,4.000038277357817,0.982007513285644,1,0
262,2,t021,0010,0010,0110,-0.0005556007963605225,-7.500556468963623,7.5000008681672625,0.9994469451123308,1,0
262,3,c03,0010,0010,0011,-7.950978761073202e-05,-9.500079154968262,9.499999645180651,0.9999245397993795,1,0
262,4,c12,0010,0010,0011,-1.5020314094726928e-05,-12.250014305114746,12.249999284800651,0.9999942896759378,1,0
262,5,t102,0010,0010,0011,-0.00011073937639594078,-15.125110626220703,15.124999886844307,0.9999996284775853,1,0
262,6,s03,0010,0010,0011,-1.633161082281731e-05,-11.750016212463379,11.749999880852556,0.9999850114826497,1,0
262,7,t213,0010,0010,0011,-9.775133548828308e-06,-11.875009536743164,11.874999761609615,0.9999929873865643,1,0
262,8,t032,0010,0010,0011,-6.675701115455013e-06,-14.875006675720215,14.8750000000191,0.9999995995870496,1,0
263,1,t013,0011,0011,1011,-5.960455837339396e-06,-12.876178741455078,12.87617278099924,0.9999953617130496,1,0
263,2,c23,0010,0010,0011,-3.468963041086681e-05,-11.50003433227539,11.49999964264498,0.9999872351235912,1,0
263,3,t310,0010,0010,1010,-2.5152847229037434e-05,-14.000025749206543,14.000000596359314,0.9999990353024661,1,0
263,4,x3,0011,0011,0010,-1.0132748684554826e-05,-15.000009536743164,14.99999940399448,0.9999994913166753,1,0
263,5,x1,0111,0111,0110,-0.00023231227532960474,-8.375231742858887,8.374999430583557,0.9997680878213878,1,0
263,6,s31,0111,0111,1110,-0.008748147636651993,-4.76408052444458,4.755332376807928,0.9912901469031051,1,0
263,7,x0,1111,1111,1011,-1.4901092072250322e-05,-11.500012397766113,11.499997496674041,0.9999867935606156,1,0
263,8,c32,1101,1101,1011,-0.00013338755525182933,-9.000515937805176,9.000382550249924,0.9998760198129103,1,0
264,1,s23,1110,1110,1011,-0.010695184580981731,-4.6428093910217285,4.632114206440747,0.9893819433874906,1,0
264,2,s12,1110,1110,1011,-0.00010227860184386373,-9.500082015991211,9.499979737389367,0.9999091838488946,1,0
264,3,s12,1110,1110,1101,-0.00022017155424691737,-9.25017261505127,9.249952443497023,0.9998232215938886,1,0
264,4,t210,0110,0110,1110,-0.000556076061911881,-7.507271766662598,7.506715690600686,0.9994469461879099,1,0
264,5,c01,0110,0110,1010,-4.410736437421292e-06,-12.750014305114746,12.750009894378309,0.9999964804328667,1,0
264,6,t012,0110,0110,0010,-9.894344657368492e-06,-11.875149726867676,11.875139832523018,0.999990527418468,1,0
264,7,c13,0111,0111,0110,-0.00048413462354801595,-7.750483989715576,7.749999855092028,0.9995682963708693,1,0
264,8,c12,0101,0101,1101,-1.2040097317367326e-05,-12.259772300720215,12.259760260622897,0.9999931551242364,1,0
265,1,s13,0010,0110,0110,-2.6994965076446533,-0.08644087612628937,-2.613055631518364,0.06724203247294977,0,0
265,2,t013,0010,0010,0011,-1.919251553772483e-05,-10.875019073486328,10.87499988097079,0.9999809815230891,1,0
265,3,x1,0110,0110,0100,-5.996057370794006e-05,-9.750059127807617,9.74999916723391,0.9999413075006954,1,0
265,4,c20,1110,1110,1010,-1.9073477233177982e-06,-13.75000286102295,13.750000953675226,0.9999985838069597,1,0
265,5,t023,1111,1111,1110,-0.0002702288911677897,-10.000269889831543,9.999999660940375,0.9999522977147801,1,0
265,6,x1,1011,1011,1111,-3.576273911676253e-06,-15.269882202148438,15.269878625874526,0.999999630071657,1,0
265,7,t201,1111,1111,1011,-5.054410939919762e-05,-11.125046730041504,11.124996185932105,0.9999820566642406,1,0
265,8,x3,1110,1110,1010,-7.164388807723299e-05,-12.000080108642578,12.000008464754501,0.9999885795490512,1,0
266,1,t032,1011,1011,0001,-0.002314024604856968,-6.501665115356445,6.499351090751588,0.9977657803675001,1,0
266,2,x3,1010,1010,1001,-0.00018988351803272963,-13.954080581665039,13.953890698147006,0.9999984563499597,1,0
266,3,t231,1010,1010,1110,-0.0004467036051210016,-7.7504563331604,7.750009629555279,0.9995666502564623,1,0
266,4,c30,1010,1010,0010,-3.5762745937972795e-06,-12.75003433227539,12.750030756000797,0.9999966170822727,1,0
266,5,s12,1100,1100,1010,-5.412046448327601e-05,-10.500044822692871,10.499990702228388,0.9999555454783459,1,0
266,6,t012,1110,1110,1100,-4.267654730938375e-05,-10.625042915344238,10.625000238796929,0.9999654571481834,1,0
266,7,c01,1010,1010,1110,-8.702260856807698e-06,-14.812536239624023,14.812527537363167,0.999999397308085,1,0
266,8,s10,0110,0110,1010,-0.001949462341144681,-6.252050876617432,6.250101414276287,0.9980601271221173,1,0
267,1,c32,1101,1101,1011,-0.0008472540648654103,-7.163857936859131,7.1630106827942654,0.9991607611849185,1,0
267,2,t013,1100,1100,1101,-0.05499507486820221,-2.929994821548462,2.8749997466802597,0.9465858856128647,1,0
267,3,x1,1000,1000,1010,-0.0005001964746043086,-15.875499725341797,15.874999528867193,0.999999753306472,1,0
267,4,t130,1000,1000,1100,-6.914126061019488e-06,-12.875007629394531,12.87500071526847,0.9999956379854249,1,0
267,5,x1,1100,1100,1110,-0.0001656871900195256,-17.875165939331055,17.875000252141035,0.9999999612763946,1,0
267,6,s23,1100,1100,1101,-0.00266059348359704,-6.627660751342773,6.625000157859176,0.9973832304190556,1,0
267,7,t210,1100,1100,1000,-8.702247214387171e-06,-11.750009536743164,11.75000083449595,0.9999918431163416,1,0
267,8,c21,1100,1100,1110,-4.625260771717876e-05,-12.125045776367188,12.12499952375947,0.999991484997666,1,0
268,1,t120,0100,0100,1100,-0.002478034468367696,-6.002498149871826,6.0000201154034585,0.9975260657407855,1,0
268,2,s31,0001,0001,0100,-0.00030250888084992766,-8.125332832336426,8.125030323455576,0.9996991925591269,1,0
268,3,x0,1001,1001,1000,-8.582708687754348e-05,-9.375085830688477,9.375000003601599,0.999914610657667,1,0
268,4,x2,1011,1011,1001,-0.00018833394278772175,-12.875189781188965,12.875001447246177,0.9999951125832535,1,0
268,5,t301,1111,1111,1011,-3.6477766116149724e-05,-10.750025749206543,10.749989271440427,0.9999674490361077,1,0
268,6,x2,1101,1101,1001,-0.0001515048643341288,-12.000201225280762,12.000049720416428,0.9999909283778412,1,0
268,7,t103,1100,1100,1101,-0.0015632534632459283,-6.50156307220459,6.499999818741344,0.9984731822255704,1,0
268,8,s30,0101,0101,0100,-0.0011981931747868657,-7.001197814941406,6.999999621766619,0.9988270185188048,1,0
269,1,s30,1101,1101,0111,-0.007096957881003618,-5.667128086090088,5.660031128209084,0.9929283472067063,1,0
269,2,t102,1111,1111,1110,-7.438476313836873e-05,-11.375073432922363,11.374999048159225,0.9999866307045856,1,0
269,3,c01,1011,1011,1101,-1.537788557470776e-05,-15.937572479248047,15.937557101362472,0.9999998481745234,1,0
269,4,t130,1011,1011,0011,-0.020909614861011505,-4.020824432373047,3.9999148175120354,0.9819303852910256,1,0
269,5,x1,1111,1111,1101,-0.00018630753038451076,-13.125197410583496,13.125011103053112,0.9999965127341773,1,0
269,6,x1,1011,1011,1101,-2.0026976926601492e-05,-14.875274658203125,14.875254631226198,0.9999996408493772,1,0
269,7,t312,1011,1011,1111,-0.0006254523177631199,-7.519363880157471,7.518738427839708,0.9994321016085093,1,0
269,8,x3,1010,1010,0010,-9.29795642150566e-05,-13.687599182128906,13.687506202564691,0.9999971094478624,1,0
270,1,s32,0000,0000,0010,-0.009859096258878708,-4.634763240814209,4.62490414455533,0.9901937900379381,1,0
270,2,s01,0000,0000,1000,-1.919251553772483e-05,-10.875019073486328,10.87499988097079,0.9999810394545139,1,0
270,3,s32,0000,0000,0010,-0.0001653307263040915,-8.75015926361084,8.749993932884536,0.9998347184443156,1,0
270,4,x0,1000,1000,1100,-1.1920928244535389e-07,-17.25,17.249999880790718,0.9999999656026682,1,0
270,5,s10,0100,0100,1000,-0.0032060733065009117,-5.753182411193848,5.749976337887347,0.9968030630980355,1,0
270,6,s23,0100,0100,0110,-0.00015830411575734615,-9.500155448913574,9.499997144797817,0.9998640358951008,1,0
270,7,t132,0100,0100,0101,-1.7881388885143679e-06,-14.125001907348633,14.125000119209744,0.9999987909979244,1,0
270,8,s20,0100,0100,0010,-0.004083410836756229,-5.504453182220459,5.500369771383703,0.9959267786226177,1,0
271,1,x0,0010,0010,1010,-6.67570475343382e-06,-12.250016212463379,12.250009536758625,0.9999939380546662,1,0
271,2,s32,0001,0001,0010,-0.0036971275694668293,-5.628718376159668,5.625021248590201,0.9964015564061651,1,0
271,3,x0,1001,1001,1000,-3.695482519106008e-06,-12.62500286102295,12.62499916554043,0.9999962703014225,1,0
271,4,t103,1001,1001,1011,-9.905913611873984e-05,-12.500325202941895,12.500226143805776,0.9999954215099663,1,0
271,5,t023,1001,1001,1011,-0.00023363565560430288,-11.002720832824707,11.002487197169103,0.9999787120949182,1,0
271,6,s30,1001,1001,0011,-0.00020300535834394395,-9.380398750305176,9.380195744946832,0.9998830812948927,1,0
271,7,s31,1100,1100,1001,-0.0008272270206362009,-7.1259284019470215,7.125101174926385,0.999174436819099,1,0
271,8,c13,1101,1101,1100,-0.00020585810125339776,-8.625205039978027,8.624999181876774,0.9998184114117116,1,0
272,1,t310,0101,0101,1101,-0.018152078613638878,-4.018167972564697,4.000015893951058,0.9820131019781219,1,0
272,2,x0,1101,1101,1001,-2.622602551127784e-06,-13.500001907348633,13.499999284746082,0.9999977904237026,1,0
272,3,s21,1011,1011,1101,-0.008654299192130566,-4.758673667907715,4.750019368715584,0.9914216083507326,1,0
272,4,s13,1110,1110,1101,-0.0005866549327038229,-7.880207061767578,7.879620406834874,0.9994157295659942,1,0
272,5,t301,1110,1110,1010,-0.00034267044975422323,-8.000408172607422,8.000065502157668,0.9996606194668799,1,0
272,6,c30,1110,1110,0110,-1.3470614248944912e-05,-12.250127792358398,12.25011432174415,0.9999932321219422,1,0
272,7,t301,1110,1110,1010,-0.4740939736366272,-0.992270290851593,0.5181763172149658,0.6224623524122503,1,0
272,8,t312,1110,1110,1111,-0.0002741627977229655,-8.625273704528809,8.624999541731086,0.9997559957527502,1,0
273,1,x1,1000,1000,1010,-4.279561107978225e-05,-12.125044822692871,12.125002027081791,0.9999927614130638,1,0
273,2,x0,0000,0000,1000,-1.1920928244535389e-07,-15.625,15.624999880790718,0.9999998032925909,1,0
273,3,t123,0000,0000,0001,-1.823893398977816e-05,-11.875018119812012,11.874999880878022,0.9999923047932955,1,0
273,4,c02,0000,0000,1000,-3.6954811548639555e-06,-18.065311431884766,18.06530773640361,0.9999999541268182,1,0
273,5,x2,0010,0010,0000,-0.0007124993717297912,-14.514876365661621,14.514163866289891,0.999999409912828,1,0
273,6,t302,0010,0010,0011,-7.390962309727911e-06,-16.00000762939453,16.00000023843222,0.999999798186883,1,0
273,7,x0,1010,1010,1000,-2.741810249062837e-06,-13.12500286102295,13.1250001192127,0.9999979937999445,1,0
273,8,x1,1110,1110,1010,-8.928402530727908e-05,-13.151506423950195,13.151417139924888,0.9999971722141773,1,0
274,1,t123,0011,0011,0010,-0.1602855920791626,-1.9102855920791626,1.75,0.851940445673949,1,0
274,2,x0,1011,1011,1010,-8.344647994817933e-07,-14.187500953674316,14.187500119209517,0.9999991258011736,1,0
274,3,c21,1111,1111,1011,-8.952421194408089e-05,-11.375072479248047,11.374982955036103,0.9999744421200647,1,0
274,4,c12,1101,1101,1100,-2.8490865588537417e-05,-12.687527656555176,12.687499165689587,0.9999931665094188,1,0
274,5,c23,1101,1101,1100,-0.04305892810225487,-3.1680588722229004,3.1249999441206455,0.9578928994959981,1,0
274,6,x0,0101,0101,0111,-1.0728833785833558e-06,-14.625,14.624998927116621,0.9999991669162435,1,0
274,7,x0,1101,1101,0101,-6.198871233209502e-06,-12.250004768371582,12.249998569500349,0.9999940586035931,1,0
274,8,x2,1111,1111,1110,-4.74444059364032e-05,-12.12504768371582,12.125000239309884,0.9999943766231979,1,0
275,1,x2,1111,1111,1011,-0.0003388857003301382,-9.250329971313477,9.249991085613146,0.9998678836169795,1,0
275,2,t021,1011,1011,1111,-2.7894799131900072e-05,-11.562637329101562,11.56260943430243,0.9999904110875603,1,0
275,3,x3,1010,1010,1001,-0.0002001348475459963,-13.192948341369629,13.192748206522083,0.9999950891962069,1,0
275,4,t230,1010,1010,1110,-4.076877667102963e-05,-10.125043869018555,10.125003100241884,0.999959751923416,1,0
275,5,c01,1110,1110,1100,-1.3470606063492596e-05,-12.00001335144043,11.999999880834366,0.9999932317746567,1,0
275,6,x2,1100,1100,1000,-0.000347792956745252,-13.130586624145508,13.130238831188763,0.9999979399701968,1,0
275,7,t301,1100,1100,1000,-2.6821911887964234e-05,-11.125042915344238,11.12501609343235,0.9999848587364957,1,0
275,8,s20,0110,0110,1100,-0.027143213897943497,-3.6516101360321045,3.624466922134161,0.9732539625870836,1,0
276,1,x1,0000,0000,1100,-0.000251276942435652,-9.63926887512207,9.639017598179635,0.9999240822856222,1,0
276,2,s20,0000,0000,1000,-2.1338270016713068e-05,-10.93752384185791,10.937502503587893,0.9999813400853302,1,0
276,3,x2,0010,0010,1000,-0.0002497150271665305,-17.536819458007812,17.536569742980646,0.999999922275628,1,0
276,4,c10,0010,0010,1010,-2.0742230844916776e-05,-15.12515640258789,15.125135660357046,0.999999679248818,1,0
276,5,s12,0100,0100,0010,-6.22259103693068e-05,-12.750031471252441,12.749969245342072,0.999996836104208,1,0
276,6,s01,1000,1000,0100,-1.788133886293508e-05,-12.12513256072998,12.125114679391118,0.9999940892306416,1,0
276,7,c12,1000,1000,1100,-3.6239303881302476e-05,-13.125085830688477,13.125049591384595,0.9999960970838565,1,0
276,8,t132,1000,1000,1100,-1.5258698113029823e-05,-13.500017166137695,13.500001907439582,0.9999983405324457,1,0
277,1,s31,0111,0111,1110,-0.10105575621128082,-2.477430820465088,2.376375064253807,0.9038854959412888,1,0
277,2,c32,0101,0101,1101,-3.6835070204688236e-05,-13.12559700012207,13.125560165051866,0.9999962376808105,1,0
277,3,s03,1100,1100,1001,-8.165518374880776e-05,-9.625791549682617,9.625709894498868,0.9999325638357932,1,0
277,4,c32,1100,1100,1110,-8.344619345734827e-06,-15.000007629394531,14.999999284775186,0.9999995885685727,1,0
277,5,x1,1000,1000,1110,-0.0008117250399664044,-15.766845703125,15.766033978085034,0.9999997683429448,1,0
277,6,x2,1010,1010,1000,-0.0005018648225814104,-15.500597953796387,15.500096088973805,0.9999996523468316,1,0
277,7,x0,0010,0010,1010,-1.1920928244535389e-07,-17.01848602294922,17.018485903739936,0.9999999354016473,1,0
277,8,t013,0010,0010,0011,-0.0024886135943233967,-7.502488613128662,7.499999999534339,0.9994471529616348,1,0
278,1,x3,1001,1001,1000,-0.00041706219781190157,-8.12541675567627,8.124999693478458,0.999668551472278,1,0
278,2,s31,1100,1100,0101,-0.0010429280810058117,-7.500685214996338,7.499642286915332,0.9989584146472075,1,0
278,3,s31,1001,1001,1010,-0.009114046581089497,-4.932701110839844,4.923587064258754,0.9909317271752338,1,0
278,4,t103,1001,1001,1101,-1.5020319551695138e-05,-13.694961547851562,13.69494652753201,0.9999974873795378,1,0
278,5,s31,1100,1100,1001,-0.0008316372986882925,-7.125843048095703,7.125011410797015,0.9991702559054876,1,0
278,6,x0,0100,0100,0101,-2.5033937163243536e-06,-13.500001907348633,13.499999403954916,0.9999975802984123,1,0
278,7,x1,0000,0000,0010,-0.0008566139731556177,-7.250856399536133,7.249999785562977,0.9992900419558131,1,0
278,8,t123,0000,0000,0001,-5.841243364557158e-06,-13.625005722045898,13.624999880802534,0.999998646552041,1,0
279,1,c21,1101,1101,1001,-0.07961798459291458,-2.5790302753448486,2.499412290751934,0.9234854831104558,1,0
279,2,t312,1111,1111,1001,-5.51933771930635e-05,-10.751749992370605,10.751694798993412,0.999967731562083,1,0
279,3,t031,1011,1011,1111,-7.271755293913884e-06,-12.500036239624023,12.50002896786873,0.9999961892372118,1,0
279,4,c21,1111,1111,1101,-9.500603482592851e-05,-12.50009536743164,12.500000361396815,0.9999930951655077,1,0
279,5,s23,1111,1111,1011,-0.0009039341821335256,-7.250712871551514,7.24980893736938,0.9990993478592507,1,0
279,6,c30,0111,0111,1111,-0.00010966654372168705,-9.125112533569336,9.125002867025614,0.9998909524506088,1,0
279,7,t013,0111,0111,0110,-1.4543456018145662e-05,-11.375014305114746,11.374999761658728,0.999987423022543,1,0
279,8,s03,1110,1110,1101,-0.0006604095106013119,-7.625951290130615,7.625290880620014,0.9993465181777043,1,0
280,1,x0,1011,1011,0011,-2.3841844267735723e-06,-13.500000953674316,13.49999856948989,0.9999975946392092,1,0
280,2,t102,1011,1011,1001,-0.0016276197275146842,-6.501646995544434,6.500019375816919,0.9984955527329021,1,0
280,3,x0,0011,0011,1011,-3.576278118089249e-07,-16.395544052124023,16.39554369449621,0.9999999063939792,1,0
280,4,c20,1011,1011,1010,-5.960463340670685e-07,-14.625,14.624999403953666,0.9999993585501779,1,0
280,5,x1,1111,1111,1110,-5.113970109960064e-05,-13.00005054473877,12.99999940503767,0.9999955286491937,1,0
280,6,t302,1101,1101,1110,-4.315310434321873e-05,-10.312796592712402,10.31275343960806,0.999962208485837,1,0
280,7,s10,1101,1101,1011,-0.0002694979193620384,-8.252742767333984,8.252473269414622,0.9997319147788735,1,0
280,8,c12,1111,1111,1110,-3.731198739842512e-05,-12.50003719329834,12.499999881310941,0.9999947008241193,1,0
281,1,x1,0001,0001,1001,-0.00023052681353874505,-8.50027847290039,8.500047946086852,0.999784975377819,1,0
281,2,c10,0001,0001,1001,-5.364407115848735e-06,-12.625048637390137,12.62504327298302,0.9999965860235819,1,0
281,3,c13,0001,0001,0000,-0.0001286209881072864,-9.375127792358398,9.374999171370291,0.9999002102210967,1,0
281,4,x3,0000,0000,0001,-3.6954838833480608e-06,-14.250003814697266,14.250000119213382,0.9999992124311478,1,0
281,5,s31,0000,0000,0100,-0.0003380207053851336,-8.000338554382324,8.000000533676939,0.9996644438717717,1,0
281,6,s02,0000,0000,1000,-0.0011709030950441957,-6.751171588897705,6.750000685802661,0.9988303874761891,1,0
281,7,s20,0000,0000,1000,-1.9430934116826393e-05,-10.875019073486328,10.874999642552211,0.9999808608587527,1,0
281,8,s13,0000,0000,0100,-2.8609923901967704e-05,-10.62502384185791,10.624995231934008,0.9999714182374626,1,0
282,1,s31,0011,0011,0110,-0.1129361167550087,-2.2381253242492676,2.125189207494259,0.8932097952830201,1,0
282,2,s02,1001,1001,0011,-0.02332109957933426,-3.7734813690185547,3.7501602694392204,0.976954711465141,1,0
282,3,t213,1001,1001,1101,-2.8014033887302503e-05,-11.62509536743164,11.625067353397753,0.9999895650713599,1,0
282,4,s01,0101,0101,1001,-0.0011881808750331402,-6.751178741455078,6.749990560580045,0.9988195988216705,1,0
282,5,x1,0001,0001,0101,-3.5762172046815977e-05,-16.37503433227539,16.374998570103344,0.9999998482358915,1,0
282,6,s20,0001,0001,0010,-2.9206017643446103e-05,-10.750088691711426,10.750059485693782,0.9999712272948378,1,0
282,7,c12,0001,0001,0011,-2.3841839720262215e-06,-14.87501335144043,14.875010967256458,0.9999994519894994,1,0
282,8,x1,0101,0101,0100,-1.1444039046182297e-05,-11.500011444091797,11.50000000005275,0.9999890280382844,1,0
283,1,t123,1100,1100,1101,-0.026325715705752373,-3.6513257026672363,3.624999986961484,0.9740334333096209,1,0
283,2,s01,1100,1100,1010,-0.0004126594285480678,-8.375539779663086,8.375127120234538,0.9995897553119736,1,0
283,3,x2,1110,1110,1010,-0.0005623906617984176,-15.56386661529541,15.563304224633612,0.9999998025124684,1,0
283,4,t301,1110,1110,1010,-3.36168086505495e-05,-11.625077247619629,11.625043630810978,0.9999882416248682,1,0
283,5,x0,0110,0110,1110,-1.4305107924883487e-06,-13.648246765136719,13.648245334625926,0.9999985345081566,1,0
283,6,c21,0010,0010,0110,-3.635850589489564e-05,-11.000036239624023,10.999999881118129,0.9999826181625348,1,0
283,7,x1,0110,0110,0100,-1.9669352695927955e-05,-10.875020027160645,10.875000357807949,0.9999809044959884,1,0
283,8,s13,0011,0011,0111,-0.018292894586920738,-4.048088550567627,4.029795655980706,0.9820137449470169,1,0
284,1,t213,0010,0010,0011,-0.029765751212835312,-3.5297656059265137,3.4999998547136784,0.9706860866917375,1,0
284,2,c12,0010,0010,0000,-6.794921773689566e-06,-12.751347541809082,12.751340746887308,0.9999954563029787,1,0
284,3,s13,0010,0010,0110,-0.014264728873968124,-4.511117935180664,4.496853206306696,0.9858750762445029,1,0
284,4,c31,0010,0010,0110,-8.34464913168631e-07,-16.50000762939453,16.500006794929618,0.9999998369926021,1,0
284,5,x1,0110,0110,0100,-3.635820758063346e-05,-10.250036239624023,10.249999881416443,0.999963896026947,1,0
284,6,c12,0100,0100,1100,-0.0012387820752337575,-9.75127124786377,9.750032465788536,0.999933029739052,1,0
284,7,t203,0100,0100,0101,-1.168248309113551e-05,-12.500011444091797,12.499999761608706,0.9999955682494024,1,0
284,8,c32,0100,0100,0101,-2.4437607862637378e-05,-17.000024795532227,17.000000357924364,0.9999998844650562,1,0
285,1,t012,0011,0011,1011,-2.133835914719384e-05,-11.50602912902832,11.506007790669173,0.9999873656766053,1,0
285,2,c13,0011,0011,0010,-6.425235915230587e-05,-10.0000638961792,9.999999643820047,0.9999533762652275,1,0
285,3,c01,0011,0011,0010,-3.6954841107217362e-06,-14.500003814697266,14.500000119213155,0.9999993078224699,1,0
285,4,c30,1011,1011,0011,-7.629370429640403e-06,-11.875006675720215,11.874999046349785,0.9999923313792324,1,0
285,5,t032,1001,1001,1011,-0.01253543421626091,-4.387558460235596,4.375023026019335,0.9875681451715869,1,0
285,6,c13,1001,1001,1000,-0.062047455459833145,-2.8120474815368652,2.750000026077032,0.9398507324020052,1,0
285,7,c20,1001,1001,1101,-1.990782402572222e-05,-11.625030517578125,11.6250106097541,0.9999901371568296,1,0
285,8,c32,1011,1011,1001,-5.066339508630335e-05,-10.750049591064453,10.749998927669367,0.9999742698915111,1,0
286,1,t302,0111,0111,0110,-0.0006350275361910462,-8.50063419342041,8.499999165884219,0.9996320105730238,1,0
286,2,c30,1111,1111,0111,-7.3909518505388405e-06,-11.875006675720215,11.874999284768364,0.9999927506754731,1,0
286,3,t123,1110,1110,1101,-0.0005902898847125471,-7.5008745193481445,7.500284229463432,0.9994364845954066,1,0
286,4,s03,0111,0111,1110,-0.003721637185662985,-5.634998321533203,5.63127668434754,0.9963245712235637,1,0
286,5,x0,1111,1111,1110,-5.960449470876483e-06,-12.125005722045898,12.124999761596428,0.9999942983565118,1,0
286,6,s10,1111,1111,1011,-0.0042295074090361595,-5.5042290687561035,5.499999561347067,0.9957903311861027,1,0
286,7,x3,1110,1110,1010,-2.6702738978201523e-05,-11.63608169555664,11.636054992817662,0.9999871378005147,1,0
286,8,c32,1110,1110,1111,-1.2278514077479485e-05,-13.250011444091797,13.24999916557772,0.9999970010359832,1,0
287,1,x3,0011,0011,0010,-9.905830665957183e-05,-9.250099182128906,9.250000123822247,0.9999017328164802,1,0
287,2,t102,0011,0011,0010,-2.5272189304814674e-05,-14.250024795532227,14.249999523342922,0.9999991365038274,1,0
287,3,x0,1011,1011,1010,-2.384183744652546e-06,-13.125001907348633,13.124999523164888,0.9999976621812847,1,0
287,4,x2,1001,1001,1010,-3.1947689421940595e-05,-14.00674819946289,14.006716251773469,0.9999990623357112,1,0
287,5,x0,0001,0001,0011,-9.536740890325746e-07,-14.5,14.499999046325911,0.9999993004435352,1,0
287,6,x3,0000,0000,0001,-8.583044291299302e-06,-12.250008583068848,12.250000000024556,0.9999948932232424,1,0
287,7,t231,0000,0000,0001,-7.748574716970325e-06,-15.625007629394531,15.624999880819814,0.9999997378195798,1,0
287,8,t201,0000,0000,0001,-5.125988081999822e-06,-12.250004768371582,12.2499996423835,0.9999950965497678,1,0
288,1,c23,0000,0000,0001,-0.0024774400517344475,-6.002477645874023,6.000000205822289,0.9975263826505656,1,0
288,2,s23,0000,0000,0010,-4.124561382923275e-05,-10.125040054321289,10.12499880870746,0.9999589358870788,1,0
288,3,t102,0000,0000,0001,-3.933899279218167e-06,-16.000003814697266,15.999999880797986,0.999999811818676,1,0
288,4,x0,1000,1000,1100,0.0,-19.0,19.0,0.9999999926638643,1,0
288,5,s13,1000,1000,1100,-0.004086034372448921,-5.504085540771484,5.4999995063990355,0.9959289260549593,1,0
288,6,t132,1000,1000,1100,-2.2172702301759273e-05,-14.375030517578125,14.375008344875823,0.9999990065028399,1,0
288,7,x3,1001,1001,1000,-0.00022552916198037565,-8.750225067138672,8.749999537976691,0.9998410409926265,1,0
288,8,x1,1101,1101,1100,-0.0028226338326931,-5.877822399139404,5.874999765306711,0.9971988596792494,1,0
289,1,s30,0000,0000,1000,-0.008625956252217293,-4.758615493774414,4.749989537522197,0.9914122663070307,1,0
289,2,c20,0000,0000,1000,-1.1920928244535389e-07,-15.625005722045898,15.625005602836616,0.9999997347091887,1,0
289,3,s20,0000,0000,1000,-1.2040072761010379e-05,-11.375012397766113,11.375000357693352,0.999988239207641,1,0
289,4,x1,0100,0100,1100,-8.4638240878121e-06,-17.37508201599121,17.375073552167123,0.999999965249173,1,0
289,5,x1,0000,0000,0010,-0.0010883205104619265,-12.376087188720703,12.374998868210241,0.9999930549459743,1,0
289,6,t132,0000,0000,0001,-9.536739753457368e-07,-16.5,16.499999046326025,0.9999998795613249,1,0
289,7,c21,0000,0000,1000,-1.2040067304042168e-05,-14.875028610229492,14.875016570162188,0.9999995260030254,1,0
289,8,s32,0000,0000,0010,-0.00032587387249805033,-8.125298500061035,8.124972626188537,0.9996747233994819,1,0
290,1,t312,1100,1100,1110,-0.006828471086919308,-5.006777286529541,4.999948815442622,0.9932311172532177,1,0
290,2,x2,1110,1110,1010,-0.001053136307746172,-16.127756118774414,16.126702982466668,0.9999998384559635,1,0
290,3,x2,1100,1100,1010,-0.0002718809701036662,-12.580580711364746,12.580308830394642,0.9999957183475638,1,0
290,4,s13,1001,1001,1100,-0.13668709993362427,-2.12807297706604,1.9913858771324158,0.8732366274803873,1,0
290,5,t321,1001,1001,1101,-0.0009708999423310161,-7.000973701477051,7.00000280153472,0.9990887023176418,1,0
290,6,c31,1101,1101,1001,-1.0609606761136092e-05,-12.625007629394531,12.62499701978777,0.9999940708223968,1,0
290,7,s10,1101,1101,1011,-0.0002896534278988838,-8.50022029876709,8.499930645339191,0.9997217052887388,1,0
290,8,c03,1100,1100,1000,-5.042437987867743e-05,-14.375090599060059,14.37504017468018,0.9999984776564019,1,0
291,1,x1,1001,1001,1011,-1.5735538909211755e-05,-13.125016212463379,13.12500047692447,0.999997894807284,1,0
291,2,x3,1000,1000,0000,-0.00011455363710410893,-14.663156509399414,14.66304195576231,0.9999991883432378,1,0
291,3,x2,1010,1010,1110,-0.00011038171942345798,-17.5003719329834,17.500261551263975,0.9999999517783268,1,0
291,4,x1,1110,1110,1100,-2.8252268748474307e-05,-12.875028610229492,12.875000357960744,0.9999973542318022,1,0
291,5,c10,0110,0110,0010,-5.960463909104874e-07,-15.50192928314209,15.501928687095699,0.9999996648618432,1,0
291,6,t321,0110,0110,0010,-1.6331561710103415e-05,-14.750054359436035,14.750038027874325,0.9999992828334981,1,0
291,7,s02,1100,1100,0110,-0.0014440794475376606,-6.8760666847229,6.874622605275363,0.9986322769346884,1,0
291,8,s03,0101,0101,1100,-0.02737363986670971,-3.6525003910064697,3.62512675113976,0.9730127879900333,1,0
292,1,c12,1000,1000,1100,-0.0003467452770564705,-9.25034236907959,9.249995623802533,0.9998575079801917,1,0
292,2,t032,1000,1000,1001,-1.1205619557586033e-05,-15.00001049041748,14.999999284797923,0.999999200440445,1,0
292,3,s10,0100,0100,1000,-0.00505369296297431,-5.379622936248779,5.374569243285805,0.9949616138069628,1,0
292,4,s31,0001,0001,0011,-0.0010360062588006258,-7.414077281951904,7.413041275693104,0.9989938313226294,1,0
292,5,t123,0001,0001,0011,-7.033336260064971e-06,-15.250449180603027,15.250442147266767,0.9999995055516249,1,0
292,6,c21,0001,0001,0101,-1.6689291442162357e-06,-16.375003814697266,16.37500214576812,0.9999998733698612,1,0
292,7,c01,0001,0001,1001,-9.536739753457368e-07,-16.500041961669922,16.500041007995947,0.9999998649771313,1,0
292,8,x3,0000,0000,0001,-1.3112969099893235e-05,-13.750012397766113,13.749999284797013,0.9999984574757299,1,0
293,1,c01,1110,1110,1100,-0.0001652170467423275,-9.125164985656738,9.124999768609996,0.9998382118851022,1,0
293,2,s21,1110,1110,1011,-0.00013494073937181383,-9.500127792358398,9.499992851619027,0.9998666661880458,1,0
293,3,t120,0110,0110,1110,-5.793409945908934e-05,-9.877242088317871,9.877184154218412,0.9999475119711375,1,0
293,4,s32,0101,0101,0110,-0.0039175283163785934,-5.942919731140137,5.939002202823758,0.9962017093811844,1,0
293,5,x0,1101,1101,1100,-4.887574050371768e-06,-12.625004768371582,12.624999880797532,0.9999954673327671,1,0
293,6,t120,1101,1101,1001,-2.1576783183263615e-05,-11.375033378601074,11.375011801817891,0.9999830439045942,1,0
293,7,s03,1101,1101,1100,-0.14274565875530243,-2.0177454948425293,1.8749998360872269,0.8669793111699339,1,0
293,8,x2,1111,1111,1110,-8.666144276503474e-05,-14.937585830688477,14.937499169245712,0.9999994545404394,1,0
294,1,x2,0101,0101,0100,-0.0009858270641416311,-7.250986099243164,7.250000272179022,0.9990822648614884,1,0
294,2,x1,0001,0001,0101,-0.00010144222324015573,-14.500102043151855,14.500000600928615,0.9999991189655517,1,0
294,3,s01,0001,0001,1000,-0.00010680851119104773,-9.627057075500488,9.626950266989297,0.9998938839999495,1,0
294,4,c31,0101,0101,0001,-3.230522634112276e-05,-10.375031471252441,10.3749991660261,0.999968288702493,1,0
294,5,s12,0011,0011,0101,-0.008316676132380962,-5.0067338943481445,4.998417218215764,0.9932517238628993,1,0
294,6,x3,0010,0010,0001,-0.0002005040878430009,-10.092427253723145,10.092226749635302,0.9999247737068915,1,0
294,7,s12,0100,0100,0010,-0.0007903391378931701,-7.261927127838135,7.261136788700242,0.999287806372738,1,0
294,8,c01,0100,0100,1100,-2.0265561033738777e-06,-13.501931190490723,13.50192916393462,0.9999984736074041,1,0
295,1,c20,1011,1011,0011,-2.0861443772446364e-05,-10.875019073486328,10.874998212042556,0.9999792134592662,1,0
295,2,x0,0011,0011,1011,-3.576272320060525e-06,-15.576417922973633,15.576414346701313,0.9999997689905443,1,0
295,3,t123,0011,0011,0010,-0.022110747173428535,-4.272110462188721,4.249999715015292,0.9859360456739165,1,0
295,4,c21,0111,0111,0011,-4.3153107981197536e-05,-10.250038146972656,10.249994993864675,0.9999602491568146,1,0
295,5,t312,0101,0101,0011,-0.000779732596129179,-7.25071907043457,7.249939337838441,0.9992318947649204,1,0
295,6,s03,1100,1100,1001,-3.445115726208314e-05,-11.250061988830566,11.250027537673304,0.9999764398285621,1,0
295,7,s03,0101,0101,1100,-0.009166351519525051,-4.882628917694092,4.873462566174567,0.9908790919069919,1,0
295,8,s12,0011,0011,0101,-0.016201721504330635,-4.1412034034729,4.12500168196857,0.9840919688441678,1,0
296,1,c03,0000,0000,0001,-0.0001244468876393512,-9.000123977661133,8.999999530773493,0.9998759442547384,1,0
296,2,s13,0000,0000,0100,-0.0015061530284583569,-6.5015034675598145,6.499997314531356,0.9984959047659794,1,0
296,3,s31,0000,0000,0100,-0.002187957288697362,-6.127187252044678,6.12499929475598,0.9978168769933026,1,0
296,4,s03,0000,0000,1000,-4.291525783628458e-06,-12.37501049041748,12.375006198891697,0.9999955935645753,1,0
296,5,s30,0000,0000,1000,-5.8649256970966235e-05,-9.750060081481934,9.750001432224963,0.9999415963429695,1,0
296,6,t310,0000,0000,1000,-1.311301275563892e-06,-16.500001907348633,16.500000596047357,0.9999999086408954,1,0
296,7,c01,0000,0000,0100,0.0,-17.5,17.5,0.999999946193715,1,0
296,8,x2,0010,0010,1010,-0.00010191880573984236,-15.625106811523438,15.625004892717698,0.9999997297951351,1,0
297,1,t120,1010,1010,0010,-0.00012063536996720359,-9.500198364257812,9.500077728887845,0.9998933783728977,1,0
297,2,x2,1000,1000,1011,-0.00011062013072660193,-15.875138282775879,15.875027662645152,0.9999997915979358,1,0
297,3,t012,1000,1000,1010,-1.549710395920556e-05,-14.125015258789062,14.124999761685103,0.9999987077005508,1,0
297,4,c13,1000,1000,1100,-1.8238910342915915e-05,-13.125048637390137,13.125030398479794,0.9999965883111889,1,0
297,5,t312,1000,1000,1100,-2.253030652354937e-05,-15.500022888183594,15.50000035787707,0.9999997134423915,1,0
297,6,t102,1000,1000,1100,-2.193430918850936e-05,-13.500024795532227,13.500002861223038,0.9999979087364785,1,0
297,7,c03,1001,1001,1000,-0.0001823772327043116,-8.750182151794434,8.74999977456173,0.9998410250062495,1,0
297,8,x0,0001,0001,1001,-2.3841855067985307e-07,-15.50007438659668,15.500074148178129,0.9999997942387052,1,0
298,1,s01,1100,1100,0101,-0.39939743280410767,-1.501368761062622,1.1019713282585144,0.6707355857062689,1,0
298,2,c12,1110,1110,1100,-7.974804611876607e-05,-13.000080108642578,13.00000036059646,0.9999972483461878,1,0
298,3,x2,1100,1100,1010,-0.000268900825176388,-12.76535701751709,12.765088116691913,0.9999968389976237,1,0
298,4,s12,1010,1010,1100,-0.011126692406833172,-4.511119365692139,4.4999926732853055,0.9889820932907135,1,0
298,5,c02,1000,1000,1001,-1.0490379281691276e-05,-13.25001049041748,13.250000000038199,0.9999981087493716,1,0
298,6,c23,1000,1000,1001,-0.00013243396824691445,-11.87513256072998,11.875000126761734,0.9999866757508611,1,0
298,7,s30,0001,0001,1000,-0.0005598918651230633,-7.500561237335205,7.500001345470082,0.9994411741094483,1,0
298,8,x2,0011,0011,0010,-0.00466529093682766,-5.379665374755859,5.375000083819032,0.9953899084403968,1,0
299,1,c12,0011,0011,0111,-0.00015222486399579793,-9.266278266906738,9.266126042042742,0.9998530983471919,1,0
299,2,c30,1011,1011,1010,-3.5762755032919813e-06,-13.06250286102295,13.062499284747446,0.999996452404782,1,0
299,3,s03,1011,1011,0011,-0.00020562221470754594,-8.750163078308105,8.749957456093398,0.9998051589163783,1,0
299,4,t201,1111,1111,1011,-3.588166873669252e-05,-10.625030517578125,10.624994635909388,0.9999713609417552,1,0
299,5,s32,1111,1111,1110,-0.0004815505526494235,-8.250480651855469,8.24999910130282,0.9995187095818119,1,0
299,6,s01,1111,1111,1011,-0.0001366088108625263,-9.37513542175293,9.374998812942067,0.9998689218664999,1,0
299,7,s10,1111,1111,0111,-0.002848502015694976,-5.877804756164551,5.874956254148856,0.9971633639741521,1,0
299,8,x2,1101,1101,1011,-7.04504200257361e-05,-12.750557899475098,12.750487449055072,0.9999969470205492,1,0
