example_id,step,gate,gold_state,best_state,best_wrong_state,gold_logprob,best_wrong_logprob,margin,gold_prob16,local_correct,tie
0,1,s30,0110,0110,1110,-0.005479415878653526,-5.4588704109191895,5.453390995040536,0.9945735515712528,1,0
0,2,c13,0111,0111,0110,-0.012516602873802185,-4.387516498565674,4.374999895691872,0.98756438660489,1,0
0,3,t132,0101,0101,0111,-0.002208223333582282,-6.127681255340576,6.125473032006994,0.9978170034753214,1,0
0,4,x2,0111,0111,0110,-1.8119731976184994e-05,-12.500018119812012,12.500000000080036,0.9999961655592718,1,0
0,5,c10,1111,1111,1110,-5.566998152062297e-05,-10.375056266784668,10.375000596803147,0.9999554332329276,1,0
0,6,t201,1011,1011,1111,-0.004622378386557102,-5.3796281814575195,5.375005803070962,0.9953899165087571,1,0
0,7,s12,1101,1101,1011,-0.003642149968072772,-5.628636837005615,5.6249946870375425,0.9963885414039352,1,0
0,8,t302,1111,1111,1101,-0.00019214920757804066,-8.625181198120117,8.62498904891254,0.9998095631238225,1,0
1,1,s31,1010,1010,1100,-0.18670478463172913,-2.569295644760132,2.3825908601284027,0.8298308315436181,1,0
1,2,c30,1010,1010,1110,-2.0265570128685795e-06,-14.000003814697266,14.000001788140253,0.9999988273123012,1,0
1,3,t301,1010,1010,1110,-0.00020537682576104999,-8.500207901000977,8.500002524175216,0.9997963708609239,1,0
1,4,c01,1110,1110,1100,-5.3285504691302776e-05,-12.125053405761719,12.125000120257027,0.9999939892678766,1,0
1,5,x2,1100,1100,1101,-0.000543115078471601,-10.000543594360352,10.00000047928188,0.9999480472129473,1,0
1,6,s01,1100,1100,0110,-0.004622965585440397,-5.479842662811279,5.475219697225839,0.9953898258934948,1,0
1,7,c01,1000,1000,1010,-6.163025682326406e-05,-10.1250581741333,10.124996543876478,0.9999403150010374,1,0
1,8,c20,1000,1000,0000,-5.042465636506677e-05,-10.125045776367188,10.124995351710822,0.9999527635985875,1,0
2,1,c32,1101,1101,1111,-0.004470647778362036,-5.51863431930542,5.514163671527058,0.9955411321554322,1,0
2,2,s12,1011,1011,1101,-0.0003891460655722767,-7.875434875488281,7.875045729422709,0.9996120638789227,1,0
2,3,x0,0011,0011,1011,-7.152555099310121e-07,-16.625,16.62499928474449,0.9999999025959524,1,0
2,4,x0,1011,1011,1010,-0.0006918037543073297,-7.375691890716553,7.375000086962245,0.9993708656028989,1,0
2,5,s30,1011,1011,0011,-4.2199288145639e-05,-10.375054359436035,10.37501216014789,0.9999671302585603,1,0
2,6,t120,1011,1011,0011,-0.06993730366230011,-2.694960594177246,2.625023290514946,0.932452393639638,1,0
2,7,c30,0011,0011,1011,-6.079661943658721e-06,-13.125004768371582,13.124998688709638,0.9999966340960165,1,0
2,8,x1,0111,0111,0011,-1.6689294852767489e-06,-14.000008583068848,14.000006914139362,0.9999985660208196,1,0
3,1,t031,1111,1111,0011,-0.0018032321240752935,-6.751297950744629,6.749494718620554,0.9981986156559705,1,0
3,2,s01,1111,1111,0111,-0.0337224155664444,-3.4086458683013916,3.374923452734947,0.9668513173647248,1,0
3,3,c21,1011,1011,1111,-0.003194879973307252,-5.8421525955200195,5.838957715546712,0.9968271738663217,1,0
3,4,c30,0011,0011,1011,-0.0002113358350470662,-8.625214576721191,8.625003240886144,0.9998199677389075,1,0
3,5,s10,0011,0011,0111,-3.337856014695717e-06,-13.273130416870117,13.273127079014102,0.9999969678354855,1,0
3,6,s10,0011,0011,0010,-1.3113017303112429e-06,-15.000000953674316,14.999999642372586,0.9999996574609883,1,0
3,7,x3,0010,0010,1010,-0.0002386286942055449,-13.443686485290527,13.443447856596322,0.9999981410193516,1,0
3,8,t013,0010,0010,0011,-3.457065076872823e-06,-12.750003814697266,12.750000357632189,0.9999968559942154,1,0
4,1,s03,0011,0011,1010,-0.04910457879304886,-3.049329996109009,3.00022541731596,0.9521032716103721,1,0
4,2,s23,0011,0011,0001,-0.3484747111797333,-1.2234731912612915,0.8749984800815582,0.7057812499915196,1,0
4,3,s31,0110,0110,0011,-0.0008303265203721821,-7.125804901123047,7.124974574602675,0.9991723760659733,1,0
4,4,x1,0010,0010,0011,-6.675708391412627e-06,-13.250006675720215,13.250000000011823,0.9999965627612742,1,0
4,5,x1,0110,0110,0010,-7.152556804612686e-07,-15.125001907348633,15.125001192092952,0.9999993444633405,1,0
4,6,c03,0110,0110,1110,-9.894352842820808e-06,-13.017632484436035,13.017622590083192,0.9999948729271078,1,0
4,7,s01,1010,1010,1011,-4.637146776076406e-05,-10.750045776367188,10.749999404899427,0.9999759296729417,1,0
4,8,x3,1011,1011,1010,-6.580252374988049e-05,-10.625065803527832,10.625000001004082,0.9999698462750773,1,0
5,1,c32,0110,0110,0100,-0.00017236388521268964,-8.750292778015137,8.750120414129924,0.9998305632056582,1,0
5,2,s23,0101,0101,0011,-0.014903079718351364,-4.713374614715576,4.698471534997225,0.9902725240148648,1,0
5,3,s20,0101,0101,0011,-0.0006580760818906128,-7.375652313232422,7.374994237150531,0.9993489790936714,1,0
5,4,t132,0111,0111,0101,-0.0009338270756416023,-7.000912666320801,6.999978839245159,0.999070002282265,1,0
5,5,x1,0011,0011,0111,-4.041118154418655e-05,-10.687544822692871,10.687504411511327,0.9999770357444516,1,0
5,6,x2,0001,0001,0010,-6.449017382692546e-05,-12.816164016723633,12.816099526549806,0.9999972297450883,1,0
5,7,t320,0001,0001,1001,-0.3868730068206787,-1.1368736028671265,0.7500005960464478,0.6791786711624661,1,0
5,8,s10,0001,0001,0101,-2.145764938177308e-06,-16.838943481445312,16.838941335680374,0.9999998925012932,1,0
6,1,t230,1101,0101,0101,-0.6931525468826294,-0.693149209022522,-3.337860107421875e-06,0.4999980400063596,0,0
6,2,t031,1001,1001,1101,-0.0889635756611824,-2.4639499187469482,2.374986343085766,0.9148866706494456,1,0
6,3,x0,0001,0001,1001,-6.4372816268587485e-06,-12.00001049041748,12.000004053135854,0.9999937199098019,1,0
6,4,t230,0001,0001,1001,-0.04859073460102081,-3.0485916137695312,3.0000008791685104,0.9525741258824212,1,0
6,5,c32,0011,0011,0001,-0.004101407248526812,-5.504079341888428,5.499977934639901,0.9959208464916168,1,0
6,6,t013,0011,0011,0010,-1.072883264896518e-06,-14.000000953674316,13.999999880791052,0.9999989634020682,1,0
6,7,c20,1011,1011,0011,-0.22542108595371246,-1.6004135608673096,1.374992474913597,0.798182894141024,1,0
6,8,x1,1111,1111,1110,-4.0531081140215974e-06,-16.187503814697266,16.18749976158915,0.9999998332758009,1,0
7,1,t102,0110,0110,1100,-0.00020871467131655663,-8.730243682861328,8.730034968190012,0.9997921978601162,1,0
7,2,c02,0110,0110,1100,-2.5033930342033273e-06,-13.904754638671875,13.90475213527884,0.9999989002943835,1,0
7,3,x2,0100,0100,0101,-0.00020765085355378687,-9.75020694732666,9.749999296473106,0.999939988515834,1,0
7,4,c30,0100,0100,1100,-2.2768719645682722e-05,-10.750031471252441,10.750008702532796,0.9999783379170877,1,0
7,5,x0,1100,1100,0100,-2.26497468247544e-06,-13.250001907348633,13.24999964237395,0.999997718493966,1,0
7,6,x3,1101,1101,1100,-0.0006425801548175514,-7.3756422996521,7.374999719497282,0.9993671495481858,1,0
7,7,x2,1111,1111,1110,-5.721950583392754e-05,-11.125056266784668,11.124999047278834,0.9999849569943327,1,0
7,8,t120,0111,0111,1111,-0.011054699309170246,-4.511054992675781,4.500000293366611,0.9890130561003219,1,0
8,1,c32,0101,0101,0111,-0.08905145525932312,-2.4640591144561768,2.3750076591968536,0.9148010943297324,1,0
8,2,t123,0101,0101,0111,-1.1086442100349814e-05,-13.201510429382324,13.201499342940224,0.9999970117674879,1,0
8,3,x1,0001,0001,0101,-2.1815181753481738e-05,-11.812521934509277,11.812500119327524,0.9999923587986983,1,0
8,4,s30,1000,1000,1001,-0.0001559194060973823,-9.750155448913574,9.749999529507477,0.9998962883856023,1,0
8,5,t103,1000,1000,1001,-3.7669837183784693e-05,-10.875038146972656,10.875000477135472,0.9999790824312468,1,0
8,6,c13,1000,1000,1001,-3.123249553027563e-05,-12.250031471252441,12.250000238756911,0.9999943293832927,1,0
8,7,t301,1000,1000,1100,-0.00043227875721640885,-7.7504353523254395,7.750003073568223,0.9995693514479671,1,0
8,8,x1,1100,1100,1110,-2.598729588498827e-05,-16.000024795532227,15.999998808236342,0.9999998113032115,1,0
9,1,c23,1100,1100,1101,-0.2519582211971283,-1.5019582509994507,1.2500000298023224,0.777291894147299,1,0
9,2,s32,1100,1100,1001,-0.02993590012192726,-3.5998947620391846,3.5699588619172573,0.9705563398697926,1,0
9,3,s01,1100,1100,0110,-0.033743925392627716,-3.426798105239868,3.3930541798472404,0.9668210682756364,1,0
9,4,s03,0101,0101,1100,-0.004415101837366819,-5.628717422485352,5.624302320647985,0.9957056777203895,1,0
9,5,x2,0111,0111,0110,-4.4226057070773095e-05,-12.750043869018555,12.749999642961484,0.9999966231758485,1,0
9,6,t013,0111,0111,0110,-3.5523877158993855e-05,-10.375035285949707,10.374999762072548,0.9999673908567339,1,0
9,7,s03,1110,1110,1111,-3.1828702049097046e-05,-11.125031471252441,11.124999642550392,0.9999734078217257,1,0
9,8,x3,1111,1111,1101,-3.5881723306374624e-05,-12.447290420532227,12.44725453880892,0.9999928451306516,1,0
10,1,t210,1101,0101,0101,-2.350231647491455,-0.10021641105413437,-2.2500152364373207,0.09534714507110516,0,0
10,2,s30,1101,1101,1100,-1.3112972737872042e-05,-12.375012397766113,12.374999284793375,0.999993179014568,1,0
10,3,c31,1001,1001,1101,-0.00011801079381257296,-9.12515926361084,9.125041252817027,0.9998873512424341,1,0
10,4,c32,1011,1011,1001,-8.821202936815098e-05,-9.500086784362793,9.499998572333425,0.9999208594843189,1,0
10,5,x0,0011,0011,1011,-2.050379043794237e-05,-10.875020980834961,10.875000477044523,0.9999809532269757,1,0
10,6,x0,1011,1011,1010,-0.0004309869837015867,-7.875431060791016,7.875000073807314,0.9995805295164014,1,0
10,7,t213,1011,1011,1010,-0.0002791600418277085,-8.500279426574707,8.50000026653288,0.9997875247009572,1,0
10,8,s13,1110,1110,1111,-0.0030876356177031994,-8.690587997436523,8.68750036181882,0.9996655499922508,1,0
11,1,x3,1101,1101,1100,-9.524459164822474e-05,-9.37509536743164,9.375000122839992,0.9999111080991379,1,0
11,2,x0,0101,0101,1101,-1.3113016166244051e-06,-13.875000953674316,13.8749996423727,0.9999988446865868,1,0
11,3,t213,0101,0101,0111,-0.00025520846247673035,-9.13856029510498,9.138305086642504,0.9998001308692192,1,0
11,4,c02,0101,0101,0111,-4.172321496298537e-06,-15.250028610229492,15.250024437907996,0.9999994462676358,1,0
11,5,c32,0111,0111,0110,-0.000667715270537883,-7.750668048858643,7.750000333588105,0.9995575325521037,1,0
11,6,t120,1111,1111,0111,-0.0004938835627399385,-7.625491619110107,7.6249977355473675,0.9995111672164267,1,0
11,7,s03,1111,1111,1110,-8.773610170464963e-05,-10.12508773803711,10.125000001935405,0.9999556107017342,1,0
11,8,c23,1110,1110,1111,-0.00042657568701542914,-7.875426292419434,7.874999716732418,0.9996185003731484,1,0
12,1,x1,0011,0011,1011,-6.723184924339876e-05,-9.62562370300293,9.625556471153686,0.9999332333763238,1,0
12,2,c02,0011,0011,1001,-2.980229510285426e-06,-14.0028076171875,14.00280463695799,0.9999986503174956,1,0
12,3,c30,1011,1011,1111,-1.2516915376181714e-05,-13.787836074829102,13.787823557913725,0.9999976403675174,1,0
12,4,c31,1111,1111,1011,-1.2993779819225892e-05,-12.125011444091797,12.124998450311978,0.9999931549727661,1,0
12,5,s10,1111,1111,0111,-5.841243364557158e-06,-12.250004768371582,12.249998927128217,0.9999942205023566,1,0
12,6,c13,1110,1110,1111,-0.061984725296497345,-2.8119847774505615,2.750000052154064,0.9399095543887566,1,0
12,7,t302,1110,1110,1111,-0.0006332818884402514,-7.375633239746094,7.3749999578576535,0.9993688367734245,1,0
12,8,s02,1110,1110,0111,-0.001719835912808776,-7.125807762145996,7.124087926233187,0.9982861428788624,1,0
13,1,c12,1000,1000,1010,-0.0016438134480267763,-6.626643180847168,6.624999367399141,0.9986299986147608,1,0
13,2,t120,1000,1000,0000,-4.017311948700808e-05,-10.750079154968262,10.750038981848775,0.9999617936317495,1,0
13,3,s12,1000,1000,0100,-0.0010867173550650477,-7.2625732421875,7.261486524832435,0.9989676744570143,1,0
13,4,s23,1000,1000,1010,-0.0002664098865352571,-8.500266075134277,8.499999665247742,0.9997445623054574,1,0
13,5,t201,1000,1000,1100,-0.0009135619620792568,-7.000914096832275,7.000000534870196,0.9990887560751455,1,0
13,6,s23,1000,1000,1010,-3.3974374673562124e-05,-11.25003433227539,11.250000357900717,0.9999665544765254,1,0
13,7,t120,1000,1000,0000,-1.7881382063933415e-06,-13.75006103515625,13.750059247018044,0.99999860480261,1,0
13,8,x3,1001,1001,1000,-3.611994907259941e-05,-12.875035285949707,12.874999166000634,0.9999970537111387,1,0
14,1,c31,1000,1000,1100,-0.061982784420251846,-2.8119966983795166,2.7500139139592648,0.9399085002870377,1,0
14,2,c10,1000,1000,1100,-4.768362487084232e-06,-12.375004768371582,12.375000000009095,0.9999952504902234,1,0
14,3,x3,1001,1001,1000,-2.4556835342082195e-05,-15.250024795532227,15.250000238696884,0.9999994546708671,1,0
14,4,t013,1001,1001,1000,-3.802747232839465e-05,-10.875038146972656,10.875000119500328,0.9999765671007323,1,0
14,5,c30,0001,0001,1001,-3.5643126466311514e-05,-11.375029563903809,11.374993920777342,0.9999825342850829,1,0
14,6,s02,0001,0001,1000,-1.0490363820281345e-05,-11.500077247619629,11.500066757255809,0.9999897223023513,1,0
14,7,c12,0001,0001,0011,-5.1259926294733305e-06,-12.6375150680542,12.63750994206157,0.9999966711577778,1,0
14,8,s03,1000,1000,1001,-0.0008794531458988786,-9.250879287719727,9.249999834573828,0.9998969101982884,1,0
15,1,c13,1110,1110,1111,-0.009803221561014652,-4.63480281829834,4.624999596737325,0.990257848736056,1,0
15,2,c01,1010,1010,1011,-0.029754217714071274,-3.5297539234161377,3.4999997057020664,0.9706872610643051,1,0
15,3,t132,1010,1010,1110,-0.00012039506691507995,-12.000250816345215,12.0001304212783,0.9999923538965411,1,0
15,4,s01,0110,0110,0111,-0.0008266142685897648,-13.500825881958008,13.499999267689418,0.9999985434646151,1,0
15,5,t230,0110,0110,1110,-3.194767123204656e-05,-10.500102043151855,10.500070095480623,0.9999723613695054,1,0
15,6,s30,0110,0110,0011,-0.00023875897750258446,-8.625232696533203,8.6249939375557,0.9997747075839363,1,0
15,7,x2,0100,0100,0101,-4.7683170123491436e-05,-10.87504768371582,10.875000000545697,0.9999792902300683,1,0
15,8,s20,0100,0100,1000,-0.0001113373800762929,-10.938528060913086,10.93841672353301,0.9999618363749746,1,0
16,1,c12,1000,1000,1010,-0.00034864211920648813,-8.125348091125488,8.124999449006282,0.9996805636558429,1,0
16,2,c12,1000,1000,1010,-0.0011905730934813619,-6.751190185546875,6.749999612453394,0.9988303575481635,1,0
16,3,s23,1000,1000,1100,-9.774911450222135e-05,-10.000069618225098,9.999971869110595,0.9999220269618034,1,0
16,4,x1,1100,1100,1110,-1.680836794548668e-05,-18.125017166137695,18.12500035776975,0.9999999749434474,1,0
16,5,s03,0101,0101,0110,-0.0034910535905510187,-5.753503322601318,5.750012269010767,0.9965795754304478,1,0
16,6,t231,0101,0101,0001,-2.741812295425916e-06,-14.250004768371582,14.250002026559287,0.9999986184341076,1,0
16,7,s23,0110,0011,0011,-2.2696592807769775,-0.14113770425319672,-2.128521576523781,0.103348255108185,0,0
16,8,c32,0110,0110,0111,-7.188068411778659e-05,-15.50007152557373,15.499999644889613,0.9999993936842976,1,0
17,1,s10,0101,0101,0011,-0.00014221137098502368,-9.264440536499023,9.264298325128038,0.9998896755814217,1,0
17,2,s10,1001,1001,0101,-0.0008050543256103992,-7.125804424285889,7.124999369960278,0.9991952390428668,1,0
17,3,s01,0101,0101,0011,-0.00011026265565305948,-9.129191398620605,9.129081135964952,0.9998900289701422,1,0
17,4,s13,0101,0101,0011,-0.00013469882833305746,-9.001312255859375,9.001177557031042,0.9998746806532649,1,0
17,5,x1,0001,0001,0101,-1.0967227353830822e-05,-12.125007629394531,12.124996662167177,0.9999925092903621,1,0
17,6,c02,0001,0001,1001,-1.6689293715899112e-06,-16.375635147094727,16.375633478165355,0.9999998050024761,1,0
17,7,x2,0011,0011,0010,-0.00015055135008879006,-14.625150680541992,14.625000129191903,0.9999992449934101,1,0
17,8,t012,0011,0011,0111,-2.3841856489070778e-07,-16.87571144104004,16.875711202621474,0.9999999202580773,1,0
18,1,t023,1011,1011,1010,-0.5766769051551819,-0.8266769051551819,0.25,0.5617691116104944,1,0
18,2,s23,1011,1011,1001,-0.03010081872344017,-3.5298047065734863,3.499703887850046,0.9703795941213446,1,0
18,3,t013,1011,1011,1010,-0.002495798049494624,-6.002495765686035,5.9999999676365405,0.9975225188741269,1,0
18,4,c03,1010,1010,1011,-0.029802262783050537,-3.529802083969116,3.4999998211860657,0.9706837728597303,1,0
18,5,t102,1010,1010,1000,-0.0001640260888962075,-9.377634048461914,9.377470022373018,0.999903429315727,1,0
18,6,c20,0010,0010,1010,-0.007614206522703171,-4.882620334625244,4.875006128102541,0.9924168235583845,1,0
18,7,t302,0010,0010,1010,-1.6689291442162357e-06,-15.125008583068848,15.125006914139703,0.9999994167532467,1,0
18,8,s23,0001,0001,0010,-0.017450787127017975,-10.33057689666748,10.313126109540462,0.9999457277058601,1,0
19,1,x1,1100,1100,1110,-4.053113116242457e-06,-13.875018119812012,13.875014066698895,0.999998136991,1,0
19,2,s01,1100,1100,1010,-0.040798865258693695,-3.5589497089385986,3.518150843679905,0.9600229006370603,1,0
19,3,x1,1000,1000,1100,-2.0742307242471725e-05,-11.375033378601074,11.375012636293832,0.9999882608018116,1,0
19,4,t023,1000,1000,1100,-5.996137042529881e-05,-11.1250638961792,11.125003934808774,0.9999811611774274,1,0
19,5,c13,1000,1000,1100,-2.4795410354272462e-05,-12.000042915344238,12.000018119933884,0.9999897909993024,1,0
19,6,x3,1001,1001,1000,-1.835811599448789e-05,-11.125018119812012,11.124999761696017,0.9999850559371352,1,0
19,7,c30,0001,0001,1001,-0.00034052447881549597,-8.000335693359375,7.9999951688805595,0.9996601524510644,1,0
19,8,t230,0001,0001,1001,-0.014164624735713005,-4.264192581176758,4.250027956441045,0.9859363734062532,1,0
20,1,c23,1111,1111,1110,-0.016117194667458534,-4.141117572784424,4.125000378116965,0.9840874968199624,1,0
20,2,t032,1101,1101,1110,-0.0003396902175154537,-8.632938385009766,8.63259869479225,0.9996635881853506,1,0
20,3,t102,1111,1111,1110,-2.2053616703487933e-05,-12.000021934509277,11.999999880892574,0.999991240695863,1,0
20,4,x0,0111,0111,1111,-2.50339189733495e-06,-14.625004768371582,14.625002264979685,0.9999995405390721,1,0
20,5,c20,1111,1111,0111,-5.996153049636632e-05,-10.625024795532227,10.62496483400173,0.9999725090719578,1,0
20,6,s13,1111,1111,0111,-0.08168786019086838,-3.9556562900543213,3.873968429863453,0.9786531781084735,1,0
20,7,x0,0111,0111,1111,-3.576278118089249e-07,-16.375001907348633,16.37500154972082,0.9999999194120659,1,0
20,8,x1,0011,0011,0111,-1.4305012882687151e-05,-14.687517166137695,14.687502861124813,0.9999995449958962,1,0
21,1,s03,1010,1010,0011,-0.003400324145331979,-6.002525329589844,5.999125005444512,0.9966607823523894,1,0
21,2,s20,1010,1010,1001,-0.00023350985429715365,-8.500785827636719,8.500552317782422,0.9997688314787998,1,0
21,3,x3,1011,1011,1111,-2.4676055545569398e-05,-15.076471328735352,15.076446652679806,0.9999993270351045,1,0
21,4,c23,1010,1010,1011,-0.011345934122800827,-4.636345863342285,4.624999929219484,0.9902906404453761,1,0
21,5,x0,0010,0010,0110,-9.536742027194123e-07,-14.875,14.874999046325797,0.9999993060165651,1,0
21,6,x0,1010,1010,1000,-5.757666804129258e-05,-12.375057220458984,12.374999643790943,0.9999948451903703,1,0
21,7,x0,0010,0010,1110,-0.0001653297949815169,-13.076104164123535,13.075938834328554,0.999995180679138,1,0
21,8,c31,0010,0010,1010,-1.907347382257285e-06,-15.000004768371582,15.0000028610242,0.999999391582642,1,0
22,1,x3,0101,0101,0100,-0.0007281166035681963,-7.250728130340576,7.250000013737008,0.9992770778959192,1,0
22,2,t201,0101,0101,1101,-3.2186469525186112e-06,-14.048592567443848,14.048589348796895,0.9999988881631862,1,0
22,3,s12,0011,0011,0101,-0.029757210984826088,-3.5298101902008057,3.5000529792159796,0.9706822145007699,1,0
22,4,s32,0011,0011,0001,-0.0007157232612371445,-7.875715732574463,7.875000009313226,0.9992846872034734,1,0
22,5,c23,0010,0010,0011,-0.006730637513101101,-5.006730556488037,4.999999918974936,0.993306769418328,1,0
22,6,c12,0010,0010,0000,-0.0008144697058014572,-7.126014232635498,7.125199762929697,0.9991911279189875,1,0
22,7,t321,0010,0010,0110,-1.4305112472356996e-06,-15.376175880432129,15.376174449920882,0.9999995643679552,1,0
22,8,x1,0110,0110,0111,-4.7683712978141557e-07,-15.625,15.62499952316287,0.9999995447592577,1,0
23,1,x3,1000,1000,1001,-0.00039319769712165,-9.25039291381836,9.249999716121238,0.9999001289039117,1,0
23,2,s21,1000,1000,1100,-7.080794603098184e-05,-13.37508487701416,13.37501406906813,0.999997191271329,1,0
23,3,s30,0001,0001,0010,-0.0004738064017146826,-8.125481605529785,8.12500779912807,0.9995343126319122,1,0
23,4,t201,0001,0001,0101,-7.152555667744309e-07,-14.250001907348633,14.250001192093066,0.9999992949083041,1,0
23,5,x1,0101,0101,0100,-1.4305105651146732e-06,-16.187501907348633,16.187500476838068,0.9999997815262076,1,0
23,6,s10,1001,1001,0101,-1.406662522640545e-05,-11.375011444091797,11.37499737746657,0.9999862969440333,1,0
23,7,t301,1101,1101,1001,-0.0005544087034650147,-7.500554084777832,7.499999676074367,0.9994460022621383,1,0
23,8,s12,1011,1011,1101,-0.0008540389244444668,-7.376044750213623,7.375190711289179,0.9991935467677062,1,0
24,1,s13,0110,0110,0011,-0.018788406625390053,-4.018696308135986,3.9999079015105963,0.9819129944664542,1,0
24,2,x2,0100,0100,0101,-0.00013541711086872965,-9.50013542175293,9.500000004642061,0.9999231338447092,1,0
24,3,c32,0100,0100,1100,-2.2649742277280893e-06,-15.625009536743164,15.625007271768936,0.9999996588486355,1,0
24,4,s02,0100,0100,0010,-9.691411105450243e-05,-9.50019359588623,9.500096681775176,0.9999035784082104,1,0
24,5,x2,0110,0110,1110,-0.0001417299354216084,-15.076087951660156,15.075946221724735,0.9999992023577496,1,0
24,6,c03,0110,0110,0010,-1.4066664334677625e-05,-13.09774398803711,13.097729921372775,0.9999952430242983,1,0
24,7,t032,0110,0110,1110,-1.6689295989635866e-06,-14.500048637390137,14.500046968460538,0.9999991842219293,1,0
24,8,s21,0110,0110,0011,-0.0013883837964385748,-6.626327037811279,6.624938654014841,0.9986713610358473,1,0
25,1,c13,1100,1100,1101,-0.6328029036521912,-0.7578029036521912,0.125,0.5311033008912386,1,0
25,2,t230,1100,1100,1101,-3.5762761854130076e-06,-13.250003814697266,13.25000023842108,0.999997740418977,1,0
25,3,t320,1100,1100,1101,-6.437286629079608e-06,-14.875005722045898,14.87499928475927,0.9999992176127108,1,0
25,4,c21,1100,1100,1000,-2.0861476514255628e-05,-11.000022888183594,11.00000202670708,0.9999823207083169,1,0
25,5,t031,1100,1100,1110,-1.9073480643783114e-06,-15.250001907348633,15.250000000000568,0.9999993014524139,1,0
25,6,t312,1100,1100,1110,-7.5101743277627975e-06,-12.875007629394531,12.875000119220203,0.9999965050539736,1,0
25,7,t130,1100,1100,0100,-0.00014673634723294526,-9.250576972961426,9.250430236614193,0.9999010387072096,1,0
25,8,x2,1110,1110,1000,-0.00020561520068440586,-13.500541687011719,13.500336071811034,0.9999984949153786,1,0
26,1,t210,1101,0101,0101,-3.5297608375549316,-0.029772337526082993,-3.4999885000288486,0.029311937968937562,0,0
26,2,x3,1100,1100,1000,-1.8715763872023672e-05,-13.81830883026123,13.818290114497358,0.9999976496125896,1,0
26,3,x1,1000,1000,1100,-5.6980930821737275e-05,-12.632659912109375,12.632602931178553,0.999994313605798,1,0
26,4,s23,1000,1000,1100,-0.00012361617700662464,-9.500113487243652,9.499989871066646,0.9998869076437021,1,0
26,5,c31,1000,1000,1100,-6.198872142704204e-06,-12.375005722045898,12.374999523173756,0.9999955398612626,1,0
26,6,s21,1000,1000,0010,-2.3245720512932166e-05,-11.660866737365723,11.66084349164521,0.9999773419993139,1,0
26,7,s30,0001,0001,0010,-0.0017216458218172193,-6.626760005950928,6.6250383601291105,0.9982877862600983,1,0
26,8,s32,0010,0010,0001,-0.01891474798321724,-4.018156051635742,3.999241303652525,0.9819981548003924,1,0
27,1,t213,1100,1100,1101,-0.31355538964271545,-1.3135554790496826,1.0000000894069672,0.7308560247810025,1,0
27,2,x0,0100,0100,0101,-2.5033937163243536e-06,-13.500001907348633,13.499999403954916,0.9999982434603126,1,0
27,3,x0,1100,1100,0100,-2.3841856489070778e-07,-16.125,16.124999761581435,0.9999997727310265,1,0
27,4,x1,1000,1000,1100,-5.1974573580082506e-05,-10.38097858428955,10.38092660971597,0.9999669380321785,1,0
27,5,t130,1000,1000,1100,-3.0874965887051076e-05,-11.125031471252441,11.125000596286554,0.9999822922828757,1,0
27,6,x0,0000,0000,1000,-2.980229510285426e-06,-13.569937705993652,13.569934725764142,0.9999979231979738,1,0
27,7,c03,0000,0000,1000,-8.344646857949556e-07,-14.825947761535645,14.825946927070959,0.9999992567081841,1,0
27,8,s31,0000,0000,0100,-0.009757934138178825,-4.634757995605469,4.62500006146729,0.990290051089991,1,0
28,1,x1,1111,1111,1110,-1.2516927199612837e-05,-11.625012397766113,11.624999880838914,0.9999896645507634,1,0
28,2,x3,1110,1110,1111,-2.5868288503261283e-05,-13.125025749206543,13.12499988091804,0.9999960127610228,1,0
28,3,c01,1010,1010,1011,-1.573557710798923e-05,-11.875015258789062,11.874999523211955,0.9999915249386463,1,0
28,4,t320,1010,1010,0010,-1.752368189045228e-05,-11.500015258789062,11.499997735107172,0.9999860981364059,1,0
28,5,x1,1110,1110,1111,-3.492772520985454e-05,-16.68753433227539,16.68749940455018,0.9999999122556494,1,0
28,6,c02,1100,1100,1101,-0.0001423304493073374,-9.250143051147461,9.250000720698154,0.99986119455557,1,0
28,7,c23,1100,1100,1101,-3.874261528835632e-05,-10.500039100646973,10.500000358031684,0.9999704675356919,1,0
28,8,c21,1100,1100,1000,-0.0009198797051794827,-7.001002788543701,7.000082908838522,0.9990852487357937,1,0
29,1,t312,0100,0100,0110,-0.3133070468902588,-1.3132842779159546,0.9999772310256958,0.7310303884735427,1,0
29,2,s12,0010,0010,0100,-0.00039045733865350485,-7.875380516052246,7.874990058713593,0.9996098162907495,1,0
29,3,s21,0100,0100,0010,-0.062006715685129166,-2.812028408050537,2.750021692365408,0.9398796438663221,1,0
29,4,t230,0100,0100,1100,-5.960448106634431e-06,-12.250011444091797,12.25000548364369,0.9999950430748958,1,0
29,5,t130,0100,0100,1100,-0.0007138089276850224,-7.25071907043457,7.250005261506885,0.9992901463229176,1,0
29,6,t013,0100,0100,0101,-6.437286629079608e-06,-12.125006675720215,12.125000238433586,0.9999939900716565,1,0
29,7,x2,0110,0110,0010,-4.994760820409283e-05,-13.257655143737793,13.257605196129589,0.9999979333186985,1,0
29,8,t210,1110,1110,0110,-0.00048628024524077773,-7.7504496574401855,7.749963377194945,0.999528749207651,1,0
30,1,t120,1110,0110,0110,-3.0486230850219727,-0.04858870431780815,-3.0000343807041645,0.04742423625470656,0,0
30,2,s21,1110,1110,1011,-1.0251977982989047e-05,-12.250005722045898,12.249995470067915,0.9999916938373336,1,0
30,3,c10,0110,0110,0111,-3.5285454941913486e-05,-10.375035285949707,10.375000000494765,0.9999682251650607,1,0
30,4,c01,0110,0110,1010,-4.053109023516299e-06,-13.62502670288086,13.625022649771836,0.9999985725340814,1,0
30,5,x2,0100,0100,0101,-0.00046064911293797195,-7.750460624694824,7.749999975581886,0.9995686276615265,1,0
30,6,s20,0100,0100,1100,-3.552403723006137e-05,-10.779879570007324,10.779844045970094,0.999974930711825,1,0
30,7,x1,0000,0000,0100,-7.867792191973422e-06,-12.312507629394531,12.31249976160234,0.9999944066102339,1,0
30,8,s10,0000,0000,0001,-1.1444063602539245e-05,-13.875011444091797,13.875000000028194,0.9999987169829229,1,0
31,1,t012,0011,0011,0111,-0.0009123697527684271,-7.0010762214660645,7.000163851713296,0.9990883075034156,1,0
31,2,t310,0011,0011,1011,-0.0015028149355202913,-6.501506805419922,6.500003990484402,0.998498699914073,1,0
31,3,t320,1011,1011,0011,-3.433197707636282e-05,-10.750022888183594,10.749988556206517,0.9999750161222491,1,0
31,4,x1,1111,1111,1011,-6.079665126890177e-06,-13.625004768371582,13.624998688706455,0.9999980459284242,1,0
31,5,t203,1110,1110,1111,-5.590810178546235e-05,-10.000056266784668,10.000000358682883,0.9999517708265971,1,0
31,6,s01,1110,1110,0111,-0.0023104981519281864,-6.127991199493408,6.12568070134148,0.9976937618793172,1,0
31,7,t230,1110,1110,0110,-1.9073417206527665e-05,-12.750021934509277,12.75000286109207,0.9999936750229748,1,0
31,8,x0,0110,0110,0111,-1.4305107924883487e-06,-13.625000953674316,13.624999523163524,0.9999986429969276,1,0
32,1,x1,1000,1000,1010,-5.55507795070298e-05,-11.375052452087402,11.374996901307895,0.9999779674749004,1,0
32,2,x0,0000,0000,1000,-7.748581992927939e-06,-13.626708984375,13.626701235793007,0.9999975249129925,1,0
32,3,s13,0000,0000,0100,-0.0025476492010056973,-6.002547740936279,6.000000091735274,0.9975264684526691,1,0
32,4,x0,1000,1000,1100,-2.408000364084728e-05,-14.37502384185791,14.37499976185427,0.9999990322803686,1,0
32,5,s23,1000,1000,0001,-0.0012688207207247615,-6.920193195343018,6.918924374622293,0.9987953612297575,1,0
32,6,t102,1000,1000,1010,-1.25169081002241e-05,-14.12501335144043,14.12500083453233,0.9999990262394062,1,0
32,7,x0,0000,0000,1000,-4.768370445162873e-07,-15.15475082397461,15.154750347137565,0.999999665514901,1,0
32,8,c32,0000,0000,1000,-2.3841855067985307e-07,-17.125,17.12499976158145,0.999999949579289,1,0
33,1,s02,0011,0011,1001,-0.0006004708120599389,-7.750539779663086,7.749939308851026,0.9994016903591848,1,0
33,2,c02,0011,0011,0111,-9.536740890325746e-07,-14.375006675720215,14.375005722046126,0.9999993512551127,1,0
33,3,t301,0011,0011,1110,-7.605270366184413e-05,-9.908589363098145,9.908513310394483,0.9999244479024667,1,0
33,4,s10,0011,0011,1010,-3.576278402306343e-07,-15.971359252929688,15.971358895301847,0.9999997462490935,1,0
33,5,c02,0011,0011,1001,-1.3113017303112429e-06,-16.3781795501709,16.378178238869168,0.9999998823792507,1,0
33,6,t021,0011,0011,0111,-5.960463909104874e-07,-14.875000953674316,14.875000357627925,0.9999996044954534,1,0
33,7,x2,0001,0001,0011,-5.364410753827542e-06,-13.814006805419922,13.814001441009168,0.9999989397134015,1,0
33,8,c32,0011,0011,0001,-0.000600659754127264,-7.500555038452148,7.499954378698021,0.9994017271297445,1,0
34,1,s23,1100,1100,1001,-0.004254941828548908,-5.5110626220703125,5.506807680241764,0.9958237624418359,1,0
34,2,t013,1101,1100,1100,-0.6931555271148682,-0.6931555271148682,0.0,0.4999977173237767,0,1
34,3,t102,1111,1111,1110,-3.874267713399604e-05,-11.250038146972656,11.249999404295522,0.9999854141045214,1,0
34,4,s21,1111,1111,1011,-5.793490709038451e-05,-10.375032424926758,10.374974490019667,0.9999444493065102,1,0
34,5,c20,0111,0111,1111,-2.8610195386136184e-06,-13.125005722045898,13.12500286102636,0.9999979728451844,1,0
34,6,t012,0111,0111,0110,-9.417502042197157e-06,-14.125009536743164,14.125000119241122,0.9999992019563217,1,0
34,7,x2,0101,0101,0011,-6.914020923431963e-05,-15.50003433227539,15.499965192066156,0.9999994301764578,1,0
34,8,t132,0111,0111,0101,-0.0006737537914887071,-7.625495433807373,7.624821680015884,0.9993325984446962,1,0
35,1,x2,0110,0110,0100,-9.226582187693566e-05,-10.750086784362793,10.749994518540916,0.9999539497951909,1,0
35,2,t312,0110,0110,0100,-0.0046805026941001415,-5.385128021240234,5.380447518546134,0.9953894490187596,1,0
35,3,c30,0110,0110,1110,-4.660995182348415e-05,-10.125054359436035,10.125007749484212,0.9999585857940816,1,0
35,4,t032,0110,0110,0111,-4.291529876354616e-06,-14.875003814697266,14.87499952316739,0.9999991621616017,1,0
35,5,x0,1110,1110,1010,-1.4305110198620241e-06,-15.250000953674316,15.249999523163297,0.999999409839636,1,0
35,6,s20,1110,1110,0111,-3.2305535569321364e-05,-11.250014305114746,11.249981999579177,0.9999676475026543,1,0
35,7,s03,0111,0111,1110,-0.001527293468825519,-6.626669883728027,6.625142590259202,0.9986447673751107,1,0
35,8,c02,0111,0111,0011,-2.6226032332488103e-06,-14.250001907348633,14.2499992847454,0.9999986415567856,1,0
36,1,s20,0001,0001,1000,-0.0002704555809032172,-8.37527084350586,8.375000387924956,0.9997602936029911,1,0
36,2,x1,0101,0101,0100,-3.3378571515640942e-06,-12.93750286102295,12.937499523165798,0.9999967765928897,1,0
36,3,c23,0101,0101,0100,-0.0007472946308553219,-7.2507476806640625,7.250000386033207,0.999285953395226,1,0
36,4,s32,0110,0110,0011,-0.00764068216085434,-4.882665634155273,4.875024951994419,0.9923955635695324,1,0
36,5,x0,1110,1110,1100,-1.54972008203913e-06,-14.687501907348633,14.68750035762855,0.9999993327168996,1,0
36,6,c23,1111,1111,1110,-0.0006610178388655186,-7.7506608963012695,7.749999878462404,0.999561697385389,1,0
36,7,s30,1111,1111,1110,-0.0003153921279590577,-8.250314712524414,8.249999320396455,0.9997345356085103,1,0
36,8,t132,1101,1101,1111,-0.12693312764167786,-2.1321661472320557,2.005233019590378,0.8807959974546216,1,0
37,1,x2,1100,1100,1101,-3.600085256039165e-05,-12.125035285949707,12.124999285097147,0.9999897762890432,1,0
37,2,c03,1101,1101,1100,-0.0004529024881776422,-7.750452518463135,7.749999615974957,0.9995506155305723,1,0
37,3,c31,1001,1001,1101,-0.0003891454543918371,-7.8753862380981445,7.874997092643753,0.9996166148897595,1,0
37,4,t321,1001,1001,1101,-0.0007238226244226098,-7.250727653503418,7.250003830878995,0.9992899601313722,1,0
37,5,s21,1001,1001,1100,-0.00031514372676610947,-11.401721954345703,11.401406810618937,0.9999864881260031,1,0
37,6,c23,1001,1001,1101,-1.3828238479618449e-05,-13.62513542175293,13.62512159351445,0.9999983013978475,1,0
37,7,c31,1101,1101,1001,-2.622602096380433e-06,-13.12500286102295,13.125000238420853,0.99999765591485,1,0
37,8,x3,1100,1100,1110,-3.7431436794577166e-05,-12.754637718200684,12.754600286763889,0.9999959165933016,1,0
38,1,s03,1010,1010,1011,-0.023081710562109947,-3.8980815410614014,3.8749998304992914,0.9772435214707665,1,0
38,2,t103,1010,1010,1011,-0.0009495628764852881,-7.000948905944824,6.999999343068339,0.9990611945955602,1,0
38,3,t031,1010,1010,1110,-0.000126234968774952,-9.000139236450195,9.00001300148142,0.9998763447576253,1,0
38,4,c03,1011,1011,1010,-0.0004969836445525289,-7.6254963874816895,7.624999403837137,0.9995070218150923,1,0
38,5,t102,1011,1011,1111,-2.622581996547524e-05,-13.0025053024292,13.002479076609234,0.9999948719099052,1,0
38,6,t013,1011,1011,1010,-0.0024806587025523186,-6.002480506896973,5.99999984819442,0.9975235454446635,1,0
38,7,s32,1011,1011,1001,-0.03808104991912842,-3.2880806922912598,3.2499996423721313,0.9626697068651695,1,0
38,8,t201,1111,1111,1011,-0.00010299219866283238,-9.250100135803223,9.24999714360456,0.9998996150478254,1,0
39,1,c01,0101,0101,1001,-0.00015960866585373878,-8.75059986114502,8.750440252479166,0.9998408599148779,1,0
39,2,x0,1101,1101,0101,-1.907347837004636e-06,-13.625000953674316,13.62499904632648,0.9999985770373225,1,0
39,3,t102,1111,1111,1101,-3.409367855056189e-05,-11.375022888183594,11.374988794505043,0.9999811989405291,1,0
39,4,c32,1101,1101,1111,-1.8596567315398715e-05,-11.625201225280762,11.625182628713446,0.9999907238680279,1,0
39,5,t230,1101,1101,0101,-0.3138325810432434,-1.3138210773468018,0.9999884963035583,0.7310511252345613,1,0
39,6,c31,1001,1001,1101,-0.001185910776257515,-6.7511887550354,6.750002844259143,0.998828709246468,1,0
39,7,x3,1000,1000,1100,-2.503373980289325e-05,-12.750044822692871,12.750019788953068,0.9999955821669516,1,0
39,8,x2,1010,1010,1110,-9.786614100448787e-05,-14.25202751159668,14.251929645455675,0.9999991615398598,1,0
40,1,s21,1010,1010,1100,-0.005240226164460182,-5.504159927368164,5.498919701203704,0.9948397276059133,1,0
40,2,s02,1010,1010,0011,-0.00026413341402076185,-8.305170059204102,8.30490592579008,0.9997371252680367,1,0
40,3,x2,1000,1000,1001,-0.00016735700774006546,-12.750166893005371,12.749999535997631,0.9999967722760789,1,0
40,4,x3,1001,1001,1000,-1.8596520021674223e-05,-13.000018119812012,12.99999952329199,0.9999973800250299,1,0
40,5,s10,0101,0101,0110,-3.5524015402188525e-05,-10.625043869018555,10.625008345003152,0.999971300329558,1,0
40,6,s32,0110,0110,0011,-0.011547079309821129,-4.513237476348877,4.501690397039056,0.9885250017188055,1,0
40,7,x2,0100,0100,0101,-6.925947673153132e-05,-10.750068664550781,10.74999940507405,0.9999758610689151,1,0
40,8,x3,0101,0101,0001,-0.00017010675219353288,-9.500179290771484,9.50000918401929,0.9998677383459971,1,0
41,1,t013,0010,0010,0011,-5.3881274652667344e-05,-9.875053405761719,9.874999524487066,0.999946397622608,1,0
41,2,x1,0110,0110,0111,-3.576278402306343e-07,-15.5625,15.56249964237216,0.9999997411582441,1,0
41,3,t013,0110,0110,0010,-0.00048391250311397016,-8.188644409179688,8.188160496676574,0.9995236301084983,1,0
41,4,s30,0110,0110,0111,-3.385525997146033e-05,-11.500033378601074,11.499999523341103,0.999976530633987,1,0
41,5,c21,0010,0010,0110,-0.16025172173976898,-1.910251498222351,1.749999776482582,0.8519455081088834,1,0
41,6,c31,0010,0010,0110,-1.3113017303112429e-06,-13.875001907348633,13.875000596046903,0.9999989216122925,1,0
41,7,x2,0000,0000,0001,-0.00011145697499159724,-10.50011157989502,10.500000122920028,0.9999711946433754,1,0
41,8,c12,0000,0000,0010,-0.0021963040344417095,-6.127195835113525,6.124999531079084,0.99781716782452,1,0
42,1,c20,0010,1010,1010,-1.1368918418884277,-0.3868960738182068,-0.749995768070221,0.3208148426542491,0,0
42,2,c21,0110,0110,0010,-0.018152104690670967,-4.018178462982178,4.000026358291507,0.9820138593701762,1,0
42,3,x1,0010,0010,0110,-2.217278779426124e-05,-12.125021934509277,12.124999761721483,0.9999895544136046,1,0
42,4,x3,0011,0011,1011,-8.344617526745424e-06,-14.912922859191895,14.912914514574368,0.9999992962436101,1,0
42,5,t310,0011,0011,1011,-0.0031785478349775076,-5.7607903480529785,5.757611800218001,0.9968271054238731,1,0
42,6,t102,0011,0011,0010,-2.7418097943154862e-06,-16.000001907348633,15.999999165538838,0.9999998382035775,1,0
42,7,s31,0110,0110,0011,-0.0007097338093444705,-7.50058126449585,7.499871530686505,0.9993698052651993,1,0
42,8,c20,1110,1110,0110,-3.8623307773377746e-05,-10.375032424926758,10.374993801618984,0.999966089984551,1,0
43,1,x3,1010,1010,1011,-0.0001032304935506545,-9.500102996826172,9.499999766332621,0.9999220106500359,1,0
43,2,c30,1010,1010,1110,-1.7881387748275301e-06,-14.00000286102295,14.000001072884174,0.9999986961870562,1,0
43,3,t201,1110,1110,1010,-0.023280493915081024,-3.773277759552002,3.749997265636921,0.9770187423583142,1,0
43,4,s13,1011,1011,1110,-0.004049358889460564,-5.753600597381592,5.749551238492131,0.9963974653067207,1,0
43,5,t203,1010,1011,1011,-3.77327299118042,-0.023273205384612083,-3.749999785795808,0.022977124088237225,0,0
43,6,x0,0010,0010,0011,-1.5497203094128054e-06,-14.375001907348633,14.375000357628323,0.9999989825099639,1,0
43,7,t210,0010,0010,1010,-0.0005536930402740836,-7.500553607940674,7.4999999149004,0.999447192158674,1,0
43,8,t210,0010,0010,1010,-3.552374255377799e-05,-10.250035285949707,10.249999762207153,0.9999645469539996,1,0
44,1,s20,1111,1111,0111,-0.017142441123723984,-4.882606029510498,4.865463588386774,0.9830110561556095,1,0
44,2,t210,0111,0111,1111,-0.00011193125828867778,-9.125187873840332,9.125075942582043,0.9998910995788126,1,0
44,3,s01,1011,1011,0111,-6.139095785329118e-05,-10.375065803527832,10.375004412569979,0.9999685845513877,1,0
44,4,c20,0011,0011,1011,-0.0010333682876080275,-6.876034259796143,6.8750008915085346,0.9989674990666901,1,0
44,5,c23,0010,0010,0011,-0.00104766886215657,-6.876047611236572,6.874999942374416,0.9989668756080042,1,0
44,6,s23,0001,0001,0010,-0.012352954596281052,-9.574860572814941,9.56250761821866,0.9998959760236414,1,0
44,7,s01,0001,0001,1001,-7.152555099310121e-07,-16.889060974121094,16.889060258865584,0.9999999037895538,1,0
44,8,x0,1001,1001,1000,-1.9073479506914737e-06,-14.12500286102295,14.125000953674999,0.9999987848920969,1,0
45,1,t203,0001,0001,1001,-2.0265570128685795e-06,-13.87604808807373,13.876046061516718,0.9999984045585703,1,0
45,2,x3,0000,0000,0010,-5.245202373771463e-06,-12.62520694732666,12.625201702124286,0.9999958892250694,1,0
45,3,c32,0000,0000,1000,-2.0265558760002023e-06,-16.8750057220459,16.875003695490022,0.9999999134064976,1,0
45,4,x1,0100,0100,1100,-3.4570634852570947e-06,-16.937515258789062,16.937511801725577,0.9999999014870079,1,0
45,5,t103,0100,0100,0101,-6.472923996625468e-05,-9.875064849853516,9.87500012061355,0.9999365994463025,1,0
45,6,s02,0100,0100,0010,-0.0024926981423050165,-6.002500534057617,6.000007835915312,0.9975105447695777,1,0
45,7,t012,0100,0100,0110,-9.536741458759934e-07,-14.875,14.874999046325854,0.9999994652266408,1,0
45,8,x3,0101,0101,0100,-3.468963041086681e-05,-10.750035285949707,10.750000596319296,0.9999754744080728,1,0
46,1,s20,0111,0111,0110,-0.05966240167617798,-3.059662342071533,2.9999999403953552,0.9469113631102294,1,0
46,2,t201,0111,0111,1011,-4.8875758693611715e-06,-13.004085540771484,13.004080653195615,0.9999976729274467,1,0
46,3,t120,1111,1111,1011,-2.1338397345971316e-05,-11.75001335144043,11.749992013043084,0.9999860490012219,1,0
46,4,t132,1101,1101,1111,-0.05488761141896248,-2.931389331817627,2.8765017203986645,0.9465962374722567,1,0
46,5,x2,1111,1111,1110,-5.721949491999112e-05,-12.375056266784668,12.374999047289748,0.9999947251190763,1,0
46,6,x3,1110,1110,1011,-1.764292028383352e-05,-13.763538360595703,13.76352071767542,0.9999969912555244,1,0
46,7,c03,1111,1111,1110,-3.373600702616386e-05,-10.87503433227539,10.875000596268364,0.9999713534690512,1,0
46,8,c21,1011,1011,1111,-0.0002792862360365689,-9.268280982971191,9.268001696735155,0.9999027908748491,1,0
47,1,c21,1101,1101,1001,-0.08083062618970871,-2.578913688659668,2.4980830624699593,0.9223590542895941,1,0
47,2,t201,1101,1101,1001,-0.0067205894738435745,-5.0067243576049805,5.000003768131137,0.9933061690342223,1,0
47,3,t310,0101,1101,1101,-2.5788941383361816,-0.07889126241207123,-2.5000028759241104,0.07585787815233742,0,0
47,4,s31,0101,0101,0011,-0.00044384258217178285,-7.750779151916504,7.750335309334332,0.9995563638987082,1,0
47,5,c10,1101,1101,0101,-2.5033654310391285e-05,-10.62502384185791,10.6249988082036,0.9999754127569579,1,0
47,6,c03,1100,1100,1101,-0.0024844729341566563,-6.002484321594238,5.999999848660082,0.9975221163165842,1,0
47,7,x0,0100,0100,0101,-6.318073246802669e-06,-12.000005722045898,11.999999403972652,0.9999937182821379,1,0
47,8,s32,0100,0100,0001,-0.0006023348541930318,-7.877474308013916,7.876871973159723,0.9995627474268804,1,0
48,1,s13,0000,0000,0100,-0.14273421466350555,-2.0177338123321533,1.8749995976686478,0.8670326286316613,1,0
48,2,s13,0000,0000,0100,-0.00170336093287915,-6.376703262329102,6.374999901396222,0.9982990991961722,1,0
48,3,x3,0001,0001,0000,-1.1444047231634613e-05,-14.125011444091797,14.125000000044565,0.999998581039693,1,0
48,4,s13,0100,0100,0001,-0.00841867458075285,-4.88390588760376,4.875487213023007,0.9924193917036886,1,0
48,5,s13,0001,0010,0010,-0.7609396576881409,-0.6359348893165588,-0.12500476837158203,0.46729657493412297,0,0
48,6,c31,0101,0101,0001,-0.00011073949281126261,-9.12510871887207,9.124997979379259,0.9998906241571112,1,0
48,7,s03,1100,1100,1001,-0.0002611556265037507,-11.753438949584961,11.753177793958457,0.9999900223535735,1,0
48,8,c32,1100,1100,1110,-3.933902462449623e-06,-14.750003814697266,14.749999880794803,0.9999992722320498,1,0
49,1,s12,0001,0001,0100,-0.0032906443811953068,-6.144861698150635,6.1415710537694395,0.9978437040643712,1,0
49,2,s20,0001,0001,1000,-1.072883264896518e-06,-14.375052452087402,14.375051379204137,0.9999991813164554,1,0
49,3,c20,0001,0001,1001,-0.006717361975461245,-5.0067267417907715,5.00000937981531,0.9933071239318229,1,0
49,4,t032,0001,0001,0101,-2.3841856489070778e-07,-16.375001907348633,16.375001668930068,0.9999998597648966,1,0
49,5,s21,0001,0001,0100,-3.802740320679732e-05,-10.87509536743164,10.875057340028434,0.9999621100804463,1,0
49,6,c21,0001,0001,0101,-0.0009121316252276301,-7.000914096832275,7.000001965207048,0.999088800089261,1,0
49,7,s12,0001,0001,0100,-0.0005561968428082764,-7.500875473022461,7.500319276179653,0.9994467312164687,1,0
49,8,c30,1001,1001,1100,-3.2782078051241115e-05,-11.500116348266602,11.50008356618855,0.9999879617412097,1,0
50,1,t302,0100,0100,0110,-7.0333412622858305e-06,-12.875009536743164,12.875002503401902,0.9999943715783159,1,0
50,2,t012,0100,0100,0101,-2.2649749098491156e-06,-15.125001907348633,15.124999642373723,0.9999994681926646,1,0
50,3,c13,0101,0101,0100,-0.007663215976208448,-4.882662773132324,4.874999557156116,0.9923726089408645,1,0
50,4,c03,0101,0101,0001,-2.9802304197801277e-06,-13.625126838684082,13.625123858453662,0.9999984912031593,1,0
50,5,x3,0100,0100,0101,-0.0006075456039980054,-13.43810749053955,13.437499944935553,0.9999979210705315,1,0
50,6,c13,0101,0101,0100,-0.010044116526842117,-4.635044097900391,4.6249999813735485,0.990011355977346,1,0
50,7,t201,0101,0101,0100,-3.719274536706507e-05,-10.37503719329834,10.375000000552973,0.9999648394358703,1,0
50,8,x3,0100,0100,0101,-0.007548276800662279,-12.820048332214355,12.812500055413693,0.9999963431047011,1,0
51,1,t130,1001,1001,0001,-0.3868768811225891,-1.1369950771331787,0.7501181960105896,0.6791749756336547,1,0
51,2,x1,1101,1101,1100,-5.7457997172605246e-05,-13.281307220458984,13.281249762461812,0.9999982086887094,1,0
51,3,x0,0101,0101,0111,-1.4305110198620241e-06,-14.000001907348633,14.000000476837613,0.9999985944791561,1,0
51,4,c02,0101,0101,0111,-2.0265570128685795e-06,-15.125007629394531,15.125005602837518,0.9999996027248019,1,0
51,5,t302,0101,0101,0111,-1.5497203094128054e-06,-15.125011444091797,15.125009894371487,0.9999995163195364,1,0
51,6,s30,1100,1100,0101,-4.839793109567836e-05,-10.375075340270996,10.3750269423399,0.9999659591815924,1,0
51,7,x1,1000,1000,1100,-5.078257527202368e-05,-11.633661270141602,11.63361048756633,0.9999874242357031,1,0
51,8,c31,1000,1000,1100,-9.179093467537314e-06,-12.125009536743164,12.125000357649697,0.9999941403669294,1,0
52,1,c32,1010,1010,1000,-0.003228961955755949,-5.753235816955566,5.7500068549998105,0.9967829243483186,1,0
52,2,t312,1010,1010,1011,-7.259711856022477e-05,-10.62507152557373,10.62499892845517,0.9999740283334836,1,0
52,3,x0,0010,0010,0110,-7.152555667744309e-07,-15.875000953674316,15.87500023841875,0.9999997262344843,1,0
52,4,c12,0010,0010,0000,-3.516626020427793e-05,-10.50328254699707,10.503247380736866,0.9999722969313517,1,0
52,5,c30,0010,0010,1010,-0.00012480435543693602,-9.000128746032715,9.000003941677278,0.9998765712494725,1,0
52,6,t203,0010,0010,0011,-3.4570639400044456e-06,-12.62500286102295,12.62499940395901,0.9999965585018621,1,0
52,7,x0,1010,1010,1110,-3.874229150824249e-05,-11.62504768371582,11.625008941424312,0.9999907387515078,1,0
52,8,t310,1010,1010,1110,-5.18549932166934e-05,-10.000056266784668,10.000004411791451,0.9999540835465471,1,0
53,1,t021,1101,1101,1001,-0.3870181739330292,-1.1369524002075195,0.7499342262744904,0.6790830362265827,1,0
53,2,s03,1101,1101,1100,-0.00035828660475090146,-8.000358581542969,8.000000294938218,0.9996580093219781,1,0
53,3,c31,1001,1001,1101,-7.48609600123018e-05,-9.625079154968262,9.62500429400825,0.9999324198919383,1,0
53,4,t213,1001,1001,1101,-0.00013207877054810524,-9.376936912536621,9.376804833766073,0.9999133893531162,1,0
53,5,x1,1101,1101,1111,-3.4570104617159814e-05,-15.750054359436035,15.750019789331418,0.9999997429817865,1,0
53,6,t312,1111,1111,1101,-0.00012242185766808689,-11.500121116638184,11.499998694780516,0.999989226485799,1,0
53,7,t321,1011,1011,1111,-0.005239949561655521,-5.255246162414551,5.250006212852895,0.9947796691614065,1,0
53,8,c23,1010,1010,1011,-0.038108136504888535,-3.2881081104278564,3.249999973922968,0.9626647367233662,1,0
54,1,x1,0001,0001,1001,-8.499332034261897e-05,-9.500809669494629,9.500724676174286,0.999916094621618,1,0
54,2,s21,0001,0001,0010,-5.364412118069595e-06,-13.125092506408691,13.125087141996573,0.999997132374855,1,0
54,3,c20,0001,0001,1001,-0.0021854585502296686,-6.127194404602051,6.125008946051821,0.997817202819561,1,0
54,4,x2,0011,0011,0010,-8.940673069446348e-06,-13.500008583068848,13.499999642395778,0.9999985442305325,1,0
54,5,x3,0010,0010,1010,-1.4185812688083388e-05,-14.882528305053711,14.882514119241023,0.9999994999830879,1,0
54,6,t103,0010,0010,0011,-1.0847994417417794e-05,-11.50001049041748,11.499999642423063,0.9999894131019215,1,0
54,7,x0,1010,1010,1110,-4.756340786116198e-05,-14.125104904174805,14.125057340766944,0.9999987418762827,1,0
54,8,s12,1100,1100,1010,-0.0003195714671164751,-8.375260353088379,8.374940781621262,0.9997563053735679,1,0
55,1,x1,0111,0111,0110,-6.580210902029648e-05,-9.875064849853516,9.874999047744495,0.9999348061276595,1,0
55,2,x1,0011,0011,1011,-0.00011694000568240881,-10.500039100646973,10.49992216064129,0.999970807076559,1,0
55,3,x3,0010,0010,0011,-4.27952290920075e-05,-15.250042915344238,15.250000120115146,0.999999476525365,1,0
55,4,x1,0110,0110,0100,-5.125993084220681e-06,-13.000004768371582,12.999999642378498,0.9999975247510207,1,0
55,5,c31,0110,0110,1110,-6.198874416440958e-06,-13.625214576721191,13.625208377846775,0.9999984620985681,1,0
55,6,c30,0110,0110,1110,-0.008619862608611584,-4.758630752563477,4.750010889954865,0.991422506951661,1,0
55,7,x3,0111,0111,0011,-3.7669833545805886e-05,-10.875024795532227,10.87498712569868,0.9999719586240963,1,0
55,8,s10,1011,1011,1010,-5.841161691932939e-05,-10.1250581741333,10.124999762516381,0.9999522399616432,1,0
56,1,x0,1101,1101,0101,-4.851714038522914e-05,-10.000045776367188,9.999997259226802,0.9999531995713394,1,0
56,2,t201,1101,1101,1001,-0.12695135176181793,-2.126948356628418,1.9999970048666,0.8807916692840464,1,0
56,3,c21,1101,1101,1111,-0.0010653227800503373,-7.376067161560059,7.375001838780008,0.9989433561189792,1,0
56,4,x1,1001,1001,1111,-0.0001258811098523438,-10.03127670288086,10.031150821771007,0.9999407407847395,1,0
56,5,c10,1001,1001,1101,-6.198868049978046e-06,-12.250006675720215,12.250000476852165,0.9999944653048767,1,0
56,6,c30,0001,0001,1001,-4.911304858978838e-05,-10.000048637390137,9.999999524341547,0.9999540887233062,1,0
56,7,t320,0001,0001,1001,-0.4740878939628601,-0.9740883708000183,0.5000004768371582,0.6224593646751304,1,0
56,8,c10,0001,0001,1001,-7.152555099310121e-07,-14.250001907348633,14.250001192093123,0.9999993300408544,1,0
57,1,t210,1010,1010,0010,-0.0031880857422947884,-6.140232563018799,6.137044477276504,0.9968170668719422,1,0
57,2,s01,0110,0110,0111,-3.695421401062049e-05,-14.500036239624023,14.499999285410013,0.9999994168532355,1,0
57,3,t301,0110,0110,1110,-5.841246547788614e-06,-13.000103950500488,13.00009810925394,0.9999976737128189,1,0
57,4,x0,1110,1110,0110,-2.1934380129096098e-05,-12.87500286102295,12.87498092664282,0.9999964238408131,1,0
57,5,t312,1110,1110,1100,-0.00019203773990739137,-9.630511283874512,9.630319246134604,0.9999249856628983,1,0
57,6,t203,1111,1111,1110,-0.008651710115373135,-4.7586517333984375,4.750000023283064,0.9914193718138135,1,0
57,7,t210,0111,0111,1111,-5.793404852738604e-05,-9.8750581741333,9.875000240084773,0.999948464201577,1,0
57,8,x2,0101,0101,1101,-8.105966844595969e-05,-13.000153541564941,13.000072481896495,0.9999974195958836,1,0
58,1,x2,1001,1001,1011,-1.1682477634167299e-05,-11.875035285949707,11.875023603472073,0.9999915135225034,1,0
58,2,t120,1001,1001,0001,-0.00021062206360511482,-8.501470565795898,8.501259943732293,0.9997903937634829,1,0
58,3,s31,1100,1100,1001,-0.0008441541576758027,-7.125810623168945,7.1249664690112695,0.9991639861779632,1,0
58,4,s31,1001,1001,1100,-0.0018680812790989876,-7.251791477203369,7.24992339592427,0.9992150841130866,1,0
58,5,x1,1101,1101,1100,-7.593474583700299e-05,-9.937575340270996,9.937499405525159,0.9999512813802938,1,0
58,6,x1,1001,1001,1111,-3.719299638760276e-05,-11.878630638122559,11.878593445126171,0.9999890618930131,1,0
58,7,t312,1001,1001,1011,-0.00039415276842191815,-7.87539529800415,7.8750011452357285,0.9996168078723021,1,0
58,8,x2,1011,1011,1010,-4.8517071263631806e-05,-14.125048637390137,14.125000120318873,0.9999989704219778,1,0
59,1,c12,0101,0111,0111,-1.8047806024551392,-0.17987674474716187,-1.6249038577079773,0.16451189487355003,0,0
59,2,s02,0101,0101,1001,-4.7087116399779916e-05,-10.37503433227539,10.37498724515899,0.9999530154842823,1,0
59,3,s21,0011,0011,0010,-0.012848072685301304,-4.387847900390625,4.374999827705324,0.9873103356325496,1,0
59,4,c30,1011,1011,1010,-3.46895722032059e-05,-11.500035285949707,11.500000596377504,0.9999872649780611,1,0
59,5,s21,1101,1101,1011,-0.0019419656600803137,-6.251930236816406,6.249988271156326,0.9980646841117101,1,0
59,6,s31,1101,1101,1100,-0.00027177014271728694,-8.375271797180176,8.375000027037458,0.999729962657003,1,0
59,7,c31,1001,1001,1101,-0.0005782447988167405,-7.500704288482666,7.500126043683849,0.9994348056553795,1,0
59,8,s01,0101,0101,0011,-0.00012838449038099498,-11.250162124633789,11.250033740143408,0.9999790822039751,1,0
60,1,s20,1101,1101,0111,-0.02151600643992424,-4.141337871551514,4.119821865111589,0.9787862610670085,1,0
60,2,c20,1101,1101,0101,-0.4740835428237915,-0.9741033315658569,0.5000197887420654,0.6224586096636849,1,0
60,3,x1,1001,1001,1111,-7.676940003875643e-05,-10.006000518798828,10.00592374939879,0.9999494931292466,1,0
60,4,x1,1101,1101,1001,-4.2915285121125635e-06,-14.125184059143066,14.125179767614554,0.9999990669725981,1,0
60,5,c31,1001,1001,1101,-0.0004013121942989528,-8.02666187286377,8.02626056066947,0.9996289575194899,1,0
60,6,s32,1010,1010,1001,-0.001982018817216158,-6.251938819885254,6.249956801068038,0.998041637727274,1,0
60,7,s32,1001,1001,1010,-0.3876281976699829,-1.137647271156311,0.7500190734863281,0.6791785445424267,1,0
60,8,t013,1001,1001,1000,-0.0003011980443261564,-8.125301361083984,8.125000163039658,0.9997007883143736,1,0
61,1,s02,1110,1110,1101,-0.0032481085509061813,-5.904543876647949,5.901295768097043,0.9967616750251049,1,0
61,2,c03,1111,1111,1110,-4.589524905895814e-05,-11.125045776367188,11.124999881118129,0.9999802233519144,1,0
61,3,c31,1011,1011,1111,-1.5497156709898263e-05,-11.75002670288086,11.75001120572415,0.9999918212959004,1,0
61,4,t321,1111,1111,1011,-0.0017194557003676891,-6.376716613769531,6.374997158069164,0.9982965067659066,1,0
61,5,c03,1110,1110,1111,-1.7166079487651587e-05,-12.437517166137695,12.437500000058208,0.999993531683117,1,0
61,6,s02,1110,1110,1101,-0.0011775502935051918,-7.50094747543335,7.499769925139844,0.9988235288287101,1,0
61,7,s23,1101,1101,1001,-0.001892830478027463,-6.956584453582764,6.954691623104736,0.9983438474977359,1,0
61,8,s12,1011,1011,1101,-0.00030250937561504543,-8.128478050231934,8.128175540856319,0.9996974866290861,1,0
62,1,t230,1001,1001,0001,-0.20143763720989227,-1.7014724016189575,1.5000347644090652,0.8175607799240067,1,0
62,2,x0,0001,0001,1001,-4.7683710135970614e-07,-15.375016212463379,15.375015735626278,0.9999995980498696,1,0
62,3,x0,1001,1001,1100,-2.0742250853800215e-05,-13.350447654724121,13.350426912473267,0.9999970569062225,1,0
62,4,t021,1001,1001,1101,-0.0005693035200238228,-7.500603199005127,7.500033895485103,0.9994465407043756,1,0
62,5,t132,1001,1001,1011,-0.001937435008585453,-6.25208044052124,6.250143005512655,0.998072298165824,1,0
62,6,t103,1001,1001,1000,-0.0001273094239877537,-9.125126838684082,9.124999529260094,0.9998791202867083,1,0
62,7,x1,1101,1101,1111,-1.7046791981556453e-05,-14.750024795532227,14.750007748740245,0.999999499057989,1,0
62,8,x0,0101,0101,1101,-2.264975137222791e-06,-13.625004768371582,13.625002503396445,0.9999979038612019,1,0
63,1,s12,0001,0001,0100,-0.0011260827304795384,-8.5600004196167,8.55887433688622,0.9998066717161002,1,0
63,2,x1,0101,0101,1101,-2.264975591970142e-06,-14.250188827514648,14.250186562539056,0.9999984189292674,1,0
63,3,t301,0101,0101,1101,-0.0002623453619889915,-8.264427185058594,8.264164839696605,0.9997386671833791,1,0
63,4,t231,0101,0101,0001,-0.0011716189328581095,-6.751171112060547,6.749999493127689,0.9988301740339127,1,0
63,5,t301,0101,0101,1101,-0.0011720958864316344,-6.762218475341797,6.761046379455365,0.9988289196420382,1,0
63,6,x3,0100,0100,0101,-0.00038843086804263294,-13.062888145446777,13.062499714578735,0.9999958216407893,1,0
63,7,t321,0100,0100,0101,-5.006786523154005e-06,-13.500003814697266,13.499998807910742,0.9999965953448585,1,0
63,8,c20,0100,0100,1100,-0.038042593747377396,-3.288050889968872,3.2500082962214947,0.9626726344150002,1,0
64,1,s10,0000,0000,0100,-4.410735982673941e-06,-15.375003814697266,15.374999403961283,0.9999996053703514,1,0
64,2,s03,0000,0000,1000,-0.00016437616432085633,-8.875185012817383,8.875020636653062,0.9998597791418752,1,0
64,3,s30,0000,0000,1000,-8.344648563252122e-07,-14.875001907348633,14.875001072883776,0.9999994290783611,1,0
64,4,c01,0000,0000,1100,-1.0728831512096804e-06,-15.627220153808594,15.627219080925443,0.9999997083863843,1,0
64,5,c03,0000,0000,1000,-4.76836112284218e-06,-14.00008487701416,14.000080108653037,0.999998933564541,1,0
64,6,c30,0000,0000,1000,-3.2782016205601394e-05,-10.62503433227539,10.625001550259185,0.9999756862189803,1,0
64,7,t031,0000,0000,1000,-4.172316494077677e-06,-15.250009536743164,15.25000536442667,0.9999997508060264,1,0
64,8,t013,0000,0000,1000,-1.5497201957259676e-06,-13.750021934509277,13.750020384789082,0.999998497356801,1,0
65,1,s23,1010,1001,1001,-4.018208980560303,-0.018497053533792496,-3.9997119270265102,0.017985188886485207,0,0
65,2,t203,1011,1010,1010,-2.350224494934082,-0.1002245843410492,-2.249999910593033,0.0953485574224323,0,0
65,3,x1,1111,1111,1110,-1.0967221896862611e-05,-12.125011444091797,12.1250004768699,0.9999944597697459,1,0
65,4,t321,1011,1011,1111,-0.0007196504157036543,-7.250753879547119,7.2500342291314155,0.9992895825257343,1,0
65,5,s32,1011,1011,1001,-0.001609739032573998,-6.501608371734619,6.499998632702045,0.9983983613733335,1,0
65,6,c12,1011,1011,1001,-1.072878330887761e-05,-14.75001049041748,14.749999761634172,0.9999993890746979,1,0
65,7,c12,1011,1011,1111,-0.00013494146696757525,-9.645160675048828,9.64502573358186,0.9998671088593423,1,0
65,8,x0,0011,0011,1011,-6.556490006914828e-06,-12.37501049041748,12.375003933927474,0.9999957081993246,1,0
66,1,x0,1010,1010,0010,-0.0005582230514846742,-7.500553607940674,7.499995384889189,0.9994459584773243,1,0
66,2,t120,1010,1010,0010,-0.06207704171538353,-2.8191709518432617,2.757093910127878,0.9398109124219266,1,0
66,3,s32,1001,1001,1010,-0.6950417160987854,-0.6952047944068909,0.00016307830810546875,0.49998680290263126,1,0
66,4,c21,1001,1001,1101,-0.000564181653317064,-7.500570774078369,7.500006592425052,0.9994428365952153,1,0
66,5,x2,1011,1011,1010,-3.957676381105557e-05,-13.750039100646973,13.749999523883162,0.9999987553334284,1,0
66,6,s02,1011,1011,0011,-0.0007462336798198521,-7.260481834411621,7.259735600731801,0.9992573814411947,1,0
66,7,t310,1011,1011,0011,-0.002187006175518036,-6.127189636230469,6.125002630054951,0.9978166304708017,1,0
66,8,t301,1111,1111,1011,-4.55376211903058e-05,-10.875033378601074,10.874987840979884,0.9999551585084256,1,0
67,1,s30,1010,1010,0011,-0.003551420057192445,-5.877821445465088,5.8742700254078954,0.9964723184299369,1,0
67,2,t120,1010,1010,0010,-0.004081981256604195,-5.506052494049072,5.501970512792468,0.9959264214194327,1,0
67,3,c13,1010,1010,1011,-1.4185878171701916e-05,-12.500014305114746,12.500000119236574,0.9999920651920087,1,0
67,4,x3,1011,1011,1010,-1.6689187759766355e-05,-14.000016212463379,13.99999952327562,0.9999988285235909,1,0
67,5,c03,1010,1010,1011,-7.962896052049473e-05,-9.500079154968262,9.499999526007741,0.9999237334623678,1,0
67,6,s30,0011,0011,1010,-0.0004437333263922483,-7.875410079956055,7.874966346629662,0.9995909165303667,1,0
67,7,x0,1011,1011,1010,-0.000436928472481668,-7.750436305999756,7.749999377527274,0.9995683471350842,1,0
67,8,c20,0011,0011,1011,-0.0015034106327220798,-6.501504421234131,6.500001010601409,0.9984981713107576,1,0
68,1,t023,0101,0101,0111,-6.520575698232278e-05,-9.750625610351562,9.75056040459458,0.9999374766450693,1,0
68,2,x1,0001,0001,0101,-1.3232174751465209e-05,-12.37501335144043,12.375000119265678,0.9999954108002199,1,0
68,3,x1,0101,0101,0100,-1.6689293715899112e-06,-13.750000953674316,13.749999284744945,0.9999986086697916,1,0
68,4,s21,0011,0011,0010,-0.008930887095630169,-4.758930683135986,4.749999796040356,0.9911280705111999,1,0
68,5,c23,0010,0010,0011,-0.00049412134103477,-7.625494003295898,7.624999881954864,0.9995118034569627,1,0
68,6,s12,0100,0100,0010,-0.009760557673871517,-4.634896278381348,4.625135720707476,0.990291135918647,1,0
68,7,t213,0100,0100,0010,-0.07022830098867416,-2.716740369796753,2.6465120688080788,0.9322066472544104,1,0
68,8,t013,0100,0100,0101,-1.2874537787865847e-05,-11.37501335144043,11.375000476902642,0.9999875826277992,1,0
69,1,s20,1101,1101,0111,-0.049148887395858765,-3.775404691696167,3.7262558043003082,0.9526686458637836,1,0
69,2,c30,0101,0101,0111,-0.00021157987066544592,-8.625211715698242,8.625000135827577,0.9997961666265508,1,0
69,3,x1,0001,0001,0101,-5.245204192760866e-06,-13.625004768371582,13.62499952316739,0.9999976577903139,1,0
69,4,c13,0001,0001,0000,-0.004083172883838415,-5.504082679748535,5.499999506864697,0.9959267208117228,1,0
69,5,c01,0001,0001,0101,-9.536739753457368e-07,-14.000001907348633,14.000000953674657,0.9999991461602699,1,0
69,6,x3,0000,0000,0010,-4.410740075400099e-06,-13.125712394714355,13.12570798397428,0.9999967132271841,1,0
69,7,s03,0000,0000,1000,-0.002489684149622917,-6.002490520477295,6.000000836327672,0.9975272254364597,1,0
69,8,x0,1000,1000,1100,-1.800044447008986e-05,-14.750018119812012,14.750000119367542,0.9999994594020365,1,0
70,1,x1,0100,0100,1100,-4.887575414613821e-06,-13.125003814697266,13.124998927121851,0.9999963662606701,1,0
70,2,t230,0100,0100,1100,-0.00043621088843792677,-7.7504377365112305,7.7500015256227925,0.9995692893012609,1,0
70,3,x2,0110,0110,0000,-7.03311015968211e-05,-14.162787437438965,14.162717106337368,0.9999988473830146,1,0
70,4,c23,0111,0111,0110,-0.0005685397190973163,-7.875568389892578,7.874999850173481,0.9996169668464503,1,0
70,5,t013,0111,0111,0110,-0.00023231233353726566,-8.375232696533203,8.375000384199666,0.9997681046150075,1,0
70,6,t312,0101,0101,0111,-0.0036267677787691355,-5.628615379333496,5.624988611554727,0.9964062259529287,1,0
70,7,s02,0101,0101,0110,-0.0012753191404044628,-7.383878707885742,7.382603388745338,0.9987319399642273,1,0
70,8,s12,0011,0011,0010,-0.0010555894114077091,-7.626055717468262,7.625000128056854,0.9992810882661143,1,0
71,1,s10,1111,1111,0111,-0.31599828600883484,-1.3132684230804443,0.9972701370716095,0.7290773263726555,1,0
71,2,x2,1101,1101,1011,-1.1682448530336842e-05,-14.838953018188477,14.838941335739946,0.9999994956218684,1,0
71,3,t013,1100,1100,1101,-0.34846314787864685,-1.2234631776809692,0.8750000298023224,0.7057808835640146,1,0
71,4,c32,1100,1100,1101,-4.768367944052443e-06,-14.000004768371582,14.000000000003638,0.9999978299518515,1,0
71,5,t023,1100,1100,1101,-0.0011804404202848673,-6.751180648803711,6.750000208383426,0.9988295787197421,1,0
71,6,c32,1100,1100,1000,-2.0265574676159304e-06,-14.625064849853516,14.625062823296048,0.9999990943308383,1,0
71,7,s10,1100,1100,0110,-1.633156352909282e-05,-11.128191947937012,11.128175616373483,0.9999846359458664,1,0
71,8,s01,1100,1100,0110,-0.00038592630880884826,-7.975589752197266,7.975203825888457,0.9996171028258025,1,0
72,1,t132,0101,0111,0111,-2.2379443645477295,-0.11295139044523239,-2.124992974102497,0.10667797009210188,0,0
72,2,c21,0101,0101,0001,-0.003606029786169529,-5.628617286682129,5.625011256895959,0.996406170297328,1,0
72,3,s02,0101,0101,0111,-0.0022817752324044704,-6.134006500244141,6.131724725011736,0.9977212910825521,1,0
72,4,c13,0100,0100,0101,-0.04863201081752777,-3.0486319065093994,2.9999998956918716,0.9525359709356312,1,0
72,5,x3,0101,0101,0100,-1.1324853403493762e-05,-11.87501049041748,11.874999165564077,0.9999920669672154,1,0
72,6,t102,0101,0101,0111,-6.675707936665276e-06,-13.375016212463379,13.375009536755442,0.9999982827659105,1,0
72,7,s30,1100,1100,0101,-0.00019453091954346746,-9.125195503234863,9.12500097231532,0.9998896946870173,1,0
72,8,x1,1000,1000,1100,-0.00019036339654121548,-12.002371788024902,12.002181424628361,0.9999900390299903,1,0
73,1,x0,1100,1100,0100,-0.00029869438731111586,-8.125296592712402,8.124997898325091,0.9997029216064766,1,0
73,2,c21,1100,1100,1000,-0.03808651864528656,-3.288088083267212,3.2500015646219254,0.9626723444845746,1,0
73,3,x1,1000,1000,1100,-0.00015413129585795105,-9.25019359588623,9.250039464590373,0.9999031522837373,1,0
73,4,x0,0000,0000,0001,-4.1723183130670805e-06,-12.500003814697266,12.499999642378953,0.9999958845527551,1,0
73,5,s21,0000,0000,0010,-6.67570975565468e-06,-12.750007629394531,12.750000953684776,0.9999966461900975,1,0
73,6,c32,0000,0000,1000,0.0,-17.000001907348633,17.000001907348633,0.9999999419111232,1,0
73,7,x3,0001,0001,0000,-4.064984022988938e-05,-10.375041007995605,10.375000358155376,0.9999680300579051,1,0
73,8,s13,0100,0100,0001,-0.0297588799148798,-3.5297656059265137,3.500006726011634,0.9706870454047843,1,0
74,1,c01,0000,0000,1100,-7.510169780289289e-06,-12.266058921813965,12.266051411644185,0.9999928170963466,1,0
74,2,c13,0000,0000,0001,-7.390963219222613e-06,-12.500006675720215,12.499999284756996,0.9999954978456426,1,0
74,3,s32,0000,0000,0010,-7.510050636483356e-05,-10.000075340270996,10.000000239764631,0.9999328503747206,1,0
74,4,t203,0000,0000,0001,-1.1920928244535389e-07,-16.0,15.999999880790718,0.9999998189615474,1,0
74,5,c01,0000,0000,0100,-1.3113016166244051e-06,-15.250000953674316,15.2499996423727,0.9999996782424041,1,0
74,6,x2,0010,0010,0110,-0.00013088338891975582,-15.038172721862793,15.038041838473873,0.9999994137908207,1,0
74,7,x3,0011,0011,0010,-4.064993845531717e-05,-10.625040054321289,10.624999404382834,0.9999754772411795,1,0
74,8,t302,0011,0011,0111,-2.3841856489070778e-07,-16.250648498535156,16.25064826011659,0.9999997826475475,1,0
75,1,x3,1100,1100,1101,-2.9444559913827106e-05,-11.500029563903809,11.500000119343895,0.9999779621423303,1,0
75,2,c32,1100,1100,1101,-9.894345566863194e-06,-13.500009536743164,13.499999642397597,0.9999973965779528,1,0
75,3,x0,0100,0100,0101,-2.384183289905195e-06,-13.000001907348633,12.999999523165343,0.9999976676046607,1,0
75,4,s23,0100,0100,0001,-0.0013887513196095824,-6.8939008712768555,6.892512119957246,0.9986662580562605,1,0
75,5,c12,0110,0110,0100,-0.004630955867469311,-5.379631042480469,5.375000086612999,0.9953901057559742,1,0
75,6,c20,1110,1110,0110,-0.023288697004318237,-3.773313283920288,3.75002458691597,0.9770202359963963,1,0
75,7,s31,1011,1011,0111,-0.11959445476531982,-2.2385764122009277,2.118981957435608,0.8873248534915302,1,0
75,8,x2,1001,1001,1011,-2.7298694476485252e-05,-13.026466369628906,13.02643907093443,0.9999971239343359,1,0
76,1,t213,1000,1000,1001,-4.3630265281535685e-05,-10.875043869018555,10.875000238753273,0.9999696527442045,1,0
76,2,t203,1000,1000,1100,-8.583052476751618e-06,-12.37507152557373,12.375062942521254,0.9999935646867175,1,0
76,3,s23,1000,1000,1010,-2.70603832177585e-05,-11.375025749206543,11.374998688823325,0.9999819454695351,1,0
76,4,s10,0100,0100,1000,-0.00011193167301826179,-9.250107765197754,9.249995833524736,0.9999001255802384,1,0
76,5,x3,0101,0101,0001,-4.291459481464699e-05,-13.000065803527832,13.000022888933017,0.9999946249988548,1,0
76,6,c21,0101,0101,0001,-0.0024960364680737257,-6.002504348754883,6.000008312286809,0.997527044730724,1,0
76,7,s12,0011,0011,0101,-0.0013283041771501303,-6.62639045715332,6.62506215297617,0.9986728081311028,1,0
76,8,x3,0010,0010,0000,-0.17978499829769135,-1.9866678714752197,1.8068828731775284,0.8357757488781297,1,0
77,1,s21,0001,0001,0100,-0.00273883156478405,-6.005041599273682,6.002302767708898,0.9972725809550518,1,0
77,2,s02,0001,0001,1000,-7.986990567587782e-06,-11.750012397766113,11.750004410775546,0.9999920455318627,1,0
77,3,t132,0001,0001,0011,-6.627818220295012e-05,-9.626785278320312,9.62671900013811,0.9999339044916669,1,0
77,4,t302,0001,0001,0101,-4.768370445162873e-07,-16.8750057220459,16.875005245208854,0.9999998920540821,1,0
77,5,t203,0001,0001,0011,-5.960463909104874e-07,-15.750916481018066,15.750915884971675,0.9999995912769292,1,0
77,6,c23,0001,0001,0011,-4.374911077320576e-05,-11.875946998596191,11.875903249485418,0.9999909697841239,1,0
77,7,x3,0000,0000,0001,-1.0371181815571617e-05,-12.12501049041748,12.125000119235665,0.9999936255978388,1,0
77,8,c01,0000,0000,1000,-1.3113015029375674e-06,-13.72520923614502,13.725207924843517,0.9999986085140968,1,0
78,1,t023,1000,1000,0001,-0.0005413461476564407,-8.32638931274414,8.325847966596484,0.9994712482135536,1,0
78,2,c21,1000,1000,1100,-0.011053924448788166,-4.511054992675781,4.500001068226993,0.9890129829016805,1,0
78,3,t302,1000,1000,1100,-8.821451956464443e-06,-15.375012397766113,15.375003576314157,0.9999996795811518,1,0
78,4,x2,1010,1010,1100,-0.0002986943582072854,-16.25029754638672,16.24999885202851,0.9999998024241621,1,0
78,5,s31,1010,1010,1110,-0.006799144670367241,-5.187311172485352,5.180512027814984,0.9933025394756998,1,0
78,6,c03,1011,1011,1010,-0.009761630557477474,-4.634761333465576,4.624999702908099,0.9902880670911948,1,0
78,7,s31,1110,1110,1011,-0.0028216734062880278,-5.877809524536133,5.874987851129845,0.9971887123414642,1,0
78,8,t230,1110,1110,0110,-1.0251972526020836e-05,-13.881717681884766,13.88170742991224,0.9999974729075045,1,0
79,1,c30,1101,1101,0101,-0.07889536768198013,-2.5788915157318115,2.4999961480498314,0.9241403733952063,1,0
79,2,c01,1001,1001,1101,-3.004055906785652e-05,-11.750060081481934,11.750030040922866,0.9999883537243208,1,0
79,3,c23,1001,1001,1101,-0.00010275575186824426,-11.625813484191895,11.625710728440026,0.9999845136264705,1,0
79,4,s02,0011,0011,0101,-4.935182005283423e-05,-10.203933715820312,10.20388436400026,0.9999507432290596,1,0
79,5,x1,0111,0111,0110,-1.692760270088911e-05,-14.000016212463379,13.999999284860678,0.9999982315472377,1,0
79,6,c02,0111,0111,1101,-6.914123332535382e-06,-14.00016975402832,14.000162839904988,0.9999989174737879,1,0
79,7,t130,1111,1111,0111,-0.0009309665765613317,-7.000911235809326,6.999980269232765,0.9990803209906461,1,0
79,8,c01,1011,1011,1101,-2.1457663024193607e-06,-14.56281852722168,14.562816381455377,0.9999994749183146,1,0
80,1,x3,1110,1110,1111,-0.00011860902304761112,-9.375118255615234,9.374999646592187,0.9999053476309794,1,0
80,2,c20,0110,0110,1110,-0.00036235619336366653,-8.250269889831543,8.24990753363818,0.9996427218282035,1,0
80,3,x2,0100,0100,0101,-0.0001511515147285536,-10.250151634216309,10.25000048270158,0.9999514776367305,1,0
80,4,t031,0100,0100,1100,-2.622602096380433e-06,-14.000005722045898,14.000003099443802,0.9999985705494371,1,0
80,5,s30,0100,0100,0001,-1.4424273103941232e-05,-11.87521743774414,11.875203013471037,0.9999895963803987,1,0
80,6,s20,0100,0100,0010,-8.702259947312996e-06,-12.878186225891113,12.878177523631166,0.9999931202503831,1,0
80,7,t320,0100,0100,1100,-2.396078525634948e-05,-10.750032424926758,10.750008464141501,0.9999783750387903,1,0
80,8,c32,0100,0100,0101,-2.3841856489070778e-07,-16.5,16.499999761581435,0.9999998434444018,1,0
81,1,c12,1001,1001,1011,-0.012531863525509834,-4.387564659118652,4.3750327955931425,0.9875522474489653,1,0
81,2,s10,0101,0101,0011,-5.245203283266164e-06,-12.754627227783203,12.75462198257992,0.9999952092350922,1,0
81,3,s13,0101,0101,0011,-0.0007210833136923611,-7.250748157501221,7.250027074187528,0.999289640571759,1,0
81,4,x1,0001,0001,0101,-7.748590178380255e-06,-12.437506675720215,12.437498927130036,0.999995301579637,1,0
81,5,c30,1001,1001,1101,-1.2159277503087651e-05,-12.500443458557129,12.500431299279626,0.9999959420985354,1,0
81,6,x3,1000,1000,1001,-2.002705878112465e-05,-11.375020027160645,11.375000000101863,0.9999879243930108,1,0
81,7,s31,1000,1000,1100,-0.03658536449074745,-4.161585807800293,4.1250004433095455,0.964086362717738,1,0
81,8,s01,0100,0100,0101,-5.590763976215385e-05,-14.500056266784668,14.500000359144906,0.9999993735233076,1,0
82,1,c23,1001,1001,1011,-0.0012243272503837943,-10.5770845413208,10.575860214070417,0.9999226076204308,1,0
82,2,t021,1001,1001,1101,-0.16022804379463196,-1.9102296829223633,1.7500016391277313,0.851952656552777,1,0
82,3,s21,1001,1001,1100,-0.0002556726976763457,-12.383272171020508,12.383016498322831,0.9999941792644143,1,0
82,4,s10,0101,0101,1001,-0.0001243292645085603,-9.125109672546387,9.124985343281878,0.9998809482186183,1,0
82,5,c02,0101,0101,1101,-7.1525350904266816e-06,-13.500082015991211,13.50007486345612,0.9999984994999578,1,0
82,6,s31,0101,0101,0011,-0.0010381370084360242,-6.880658149719238,6.879620012710802,0.9989627114344973,1,0
82,7,t012,0101,0101,0111,-4.7683710135970614e-07,-16.000001907348633,16.00000143051153,0.9999998316099697,1,0
82,8,c31,0001,0001,0101,-0.0002357693447265774,-8.37523365020752,8.374997880862793,0.9997648314295582,1,0
83,1,t103,1101,1101,1100,-0.34851720929145813,-1.2235171794891357,0.8749999701976776,0.7057366086376234,1,0
83,2,s32,1110,1110,1011,-0.03445927053689957,-3.4162936210632324,3.381834350526333,0.9661354191330309,1,0
83,3,s01,1110,1110,0111,-0.012513972818851471,-4.387512683868408,4.374998711049557,0.9875646267656587,1,0
83,4,x2,1100,1100,1110,-4.589485615724698e-05,-12.437838554382324,12.437792659526167,0.999991679168474,1,0
83,5,s20,0110,0110,0111,-0.0022051280830055475,-6.1272053718566895,6.125000243773684,0.9977977453413108,1,0
83,6,s10,1010,1010,0110,-1.3351400411920622e-05,-12.375008583068848,12.374995231668436,0.9999952909912323,1,0
83,7,s01,0110,0110,1010,-1.561630779178813e-05,-11.125016212463379,11.125000596155587,0.9999847767392228,1,0
83,8,t120,1110,1110,0110,-0.03804665803909302,-3.288043260574341,3.249996602535248,0.9626702903101333,1,0
84,1,x2,0000,0000,0010,-0.0002136057591997087,-8.6251859664917,8.6249723607325,0.9997924046161253,1,0
84,2,c01,0000,0000,0100,-2.503392806829652e-06,-14.625001907348633,14.624999403955826,0.9999989720963017,1,0
84,3,c30,0000,0000,1000,-0.00016759421851020306,-8.750176429748535,8.750008835530025,0.9998415279365416,1,0
84,4,c31,0000,0000,1000,-2.9802276912960224e-06,-16.6250057220459,16.625002741818207,0.9999998966798986,1,0
84,5,c12,0000,0000,0010,-9.536740890325746e-07,-14.375000953674316,14.375000000000227,0.9999993882063954,1,0
84,6,c31,0000,0000,1000,-2.3841855067985307e-07,-17.000001907348633,17.000001668930082,0.9999999316167969,1,0
84,7,c23,0000,0000,0001,-7.6171854743734e-05,-9.500076293945312,9.500000122090569,0.9999250636609107,1,0
84,8,t201,0000,0000,1000,-7.152555667744309e-07,-14.500152587890625,14.500151872635058,0.9999993755656096,1,0
85,1,x2,1001,1001,1011,-8.46384500619024e-06,-12.500020980834961,12.500012516989955,0.9999933887399355,1,0
85,2,c12,1001,1001,1011,-0.0006393613293766975,-7.375641345977783,7.3750019846484065,0.999373042914196,1,0
85,3,s32,1010,1010,1001,-0.005952153354883194,-5.130931377410889,5.1249792240560055,0.9940825180831262,1,0
85,4,t310,1010,1010,1110,-8.344637535628863e-06,-12.625017166137695,12.62500882150016,0.9999964727887526,1,0
85,5,c21,1110,1110,1010,-0.014188122004270554,-4.264199256896973,4.250011134892702,0.9859319688916836,1,0
85,6,x0,0110,0110,1110,-1.4305109061751864e-06,-14.000001907348633,14.000000476837727,0.999998717352702,1,0
85,7,x3,0111,0111,0110,-5.102072827867232e-05,-10.12505054473877,10.12499952401049,0.9999574638047082,1,0
85,8,x1,0011,0011,1011,-7.271750746440375e-06,-13.376258850097656,13.37625157834691,0.9999981722201777,1,0
86,1,t301,1000,1000,1100,-0.02327345497906208,-3.7732741832733154,3.7500007282942533,0.9769956574839619,1,0
86,2,x1,1100,1100,1110,-2.1934276446700096e-05,-15.875022888183594,15.875000953907147,0.9999998384091465,1,0
86,3,c32,1100,1100,1101,-1.7046817447408102e-05,-15.125016212463379,15.124999165645931,0.9999992066596294,1,0
86,4,c12,1110,1110,1100,-0.00011193437967449427,-9.87511157989502,9.874999645515345,0.9999484442757383,1,0
86,5,c21,1010,1010,1110,-0.026318900287151337,-3.651322603225708,3.6250037029385567,0.9740372062852416,1,0
86,6,x1,1110,1110,0110,-2.062299427052494e-05,-16.562551498413086,16.562530875418815,0.99999986673424,1,0
86,7,s23,1101,1101,1011,-0.013409875333309174,-4.406713008880615,4.393303133547306,0.9869412467833635,1,0
86,8,t023,1101,1101,1100,-0.004115104675292969,-5.504115104675293,5.5,0.9959049479483921,1,0
87,1,s13,1111,1111,0111,-0.011354874819517136,-4.513131618499756,4.501776743680239,0.9888656997410044,1,0
87,2,s20,1111,1111,0111,-0.0001252813235623762,-9.000123977661133,8.99999869633757,0.9998750985117735,1,0
87,3,c10,0111,0111,1111,-4.768360213347478e-06,-17.812509536743164,17.81250476838295,0.9999999780039077,1,0
87,4,s02,1101,1101,0111,-0.0008256752043962479,-7.375626564025879,7.374800888821483,0.9991751656031517,1,0
87,5,c21,1101,1101,1111,-0.002487191231921315,-6.252492427825928,6.250005236594006,0.9975215086632352,1,0
87,6,c13,1100,1100,1101,-0.029762769117951393,-3.5297627449035645,3.499999975785613,0.9706851658617331,1,0
87,7,s21,1010,1010,1100,-0.0032082318793982267,-5.753184795379639,5.7499765635002404,0.9968008459677701,1,0
87,8,s32,1001,1001,1010,-0.3173040747642517,-1.3174378871917725,1.0001338124275208,0.7310426391858318,1,0
88,1,s30,0011,0011,1010,-0.013575946912169456,-4.387542724609375,4.3739667776972055,0.9865185305428084,1,0
88,2,s20,1001,1001,1000,-0.00612568948417902,-5.131125450134277,5.124999760650098,0.9939101045024779,1,0
88,3,c32,1011,1011,1001,-3.5285556805320084e-05,-10.500031471252441,10.499996185695636,0.999968279563717,1,0
88,4,s01,0111,0111,0110,-0.0032631689682602882,-5.753262996673584,5.749999827705324,0.9968222000976256,1,0
88,5,c20,1111,1111,0111,-0.002507446799427271,-6.251929759979248,6.249422313179821,0.9975196881060918,1,0
88,6,s20,1111,1111,1110,-3.4332020732108504e-05,-10.87503433227539,10.875000000254659,0.999965684240657,1,0
88,7,x3,1110,1110,1011,-1.3828248484060168e-05,-13.450992584228516,13.450978755980032,0.9999963626341692,1,0
88,8,x3,1111,1111,1011,-2.3960972612258047e-05,-12.125064849853516,12.125040888880903,0.9999929569832394,1,0
89,1,c21,0000,0000,0100,-0.00043156396714039147,-7.750432014465332,7.750000450498192,0.9995688214085849,1,0
89,2,x2,0010,0010,1000,-0.0002727143873926252,-14.518421173095703,14.51814845870831,0.9999994392968481,1,0
89,3,t302,0010,0010,1010,-2.980229965032777e-06,-15.12501335144043,15.125010371210465,0.9999996275417848,1,0
89,4,c30,0010,0010,1010,-1.752361458784435e-05,-11.000021934509277,11.00000441089469,0.9999832442935893,1,0
89,5,s23,0001,0001,0000,-0.0010719734709709883,-8.126070976257324,8.124999002786353,0.9996442156863442,1,0
89,6,x2,0011,0011,0010,-0.00022933754371479154,-8.500229835510254,8.50000049796654,0.9997964391959092,1,0
89,7,s12,0101,0101,0011,-0.0003881049924530089,-8.875140190124512,8.874752085132059,0.999824763207574,1,0
89,8,s30,1100,1100,1001,-0.00047328410437330604,-7.7505011558532715,7.750027871748898,0.9995505072719508,1,0
90,1,t231,0100,0100,0000,-8.821463779895566e-06,-12.000240325927734,12.000231504463954,0.9999926290135206,1,0
90,2,t120,0100,0100,1100,-0.03804291784763336,-3.2880449295043945,3.250002011656761,0.9626727895701671,1,0
90,3,x1,0000,0000,0100,-5.1259926294733305e-06,-12.750004768371582,12.749999642378953,0.999996535985123,1,0
90,4,x3,0001,0001,0000,-2.884828245441895e-05,-13.625028610229492,13.624999761947038,0.9999976607223778,1,0
90,5,c31,0101,0101,0001,-0.00010883517097681761,-9.875052452087402,9.874943616916426,0.9998969520297775,1,0
90,6,c10,1101,1101,0101,-0.003178429789841175,-5.753177642822266,5.7499992130324244,0.9968268564739772,1,0
90,7,c31,1001,1001,1101,-0.0012399657862260938,-6.876288414001465,6.875048448215239,0.9989643390929539,1,0
90,8,s20,0011,0011,0010,-0.00019465587683953345,-8.75019359588623,8.749998940009391,0.9998057627577466,1,0
91,1,c02,1101,1101,0111,-2.9563758289441466e-05,-11.375014305114746,11.374984741356457,0.9999711910419776,1,0
91,2,x3,1100,1100,1000,-4.64909608126618e-05,-12.73786735534668,12.737820864385867,0.9999955681909717,1,0
91,3,c10,0100,0100,0101,-8.666228677611798e-05,-9.500085830688477,9.4999991684017,0.9999166172501893,1,0
91,4,t012,0100,0100,0101,-7.867787644499913e-06,-14.500007629394531,14.499999761606887,0.9999992983550507,1,0
91,5,t021,0100,0100,0000,-1.4185855434334371e-05,-12.250570297241211,12.250556111385777,0.9999940346147373,1,0
91,6,t302,0100,0100,0101,-5.960463909104874e-07,-15.375,15.374999403953609,0.9999995810893566,1,0
91,7,t031,0100,0100,0101,-7.152556236178498e-07,-15.75,15.749999284744376,0.9999995622898845,1,0
91,8,x1,0000,0000,0100,-3.814693172898842e-06,-14.187504768371582,14.18750095367841,0.9999985900254419,1,0
92,1,s32,1110,1110,1101,-0.0007778609287925065,-7.875662326812744,7.874884465883952,0.9992919399103446,1,0
92,2,x1,1010,1010,1011,-3.111324258497916e-05,-10.500031471252441,10.500000358009856,0.9999718695314751,1,0
92,3,t310,1010,1010,1110,-5.006784704164602e-06,-12.875007629394531,12.875002622609827,0.9999958040320037,1,0
92,4,t012,1010,1010,1000,-0.0006265274132601917,-7.500669002532959,7.500042475119699,0.9994360292797814,1,0
92,5,s01,0110,0110,0111,-3.4570653042464983e-06,-14.375003814697266,14.375000357631961,0.9999992727650022,1,0
92,6,t023,0110,0110,0010,-0.0002968089247588068,-8.826597213745117,8.826300404820358,0.9997113406271924,1,0
92,7,t120,1110,1110,0110,-0.014168692752718925,-4.264163970947266,4.249995278194547,0.9859326727242411,1,0
92,8,t023,1111,1111,1110,-0.003649418242275715,-5.6286492347717285,5.624999816529453,0.9964022937053921,1,0
93,1,t130,0101,0101,1101,-0.2519321143627167,-1.5019336938858032,1.2500015795230865,0.7772993083560552,1,0
93,2,c12,0111,0111,0101,-0.00017666116764303297,-9.625082015991211,9.624905354823568,0.9999043634617631,1,0
93,3,s13,0111,0111,0011,-0.000685814768075943,-8.000679969787598,7.999994155019522,0.9995741027943686,1,0
93,4,t103,0111,0111,0110,-0.00016271069762296975,-8.875163078308105,8.875000367610482,0.9998558378446534,1,0
93,5,s13,0111,0111,0011,-9.655491157900542e-05,-9.250096321105957,9.249999766194378,0.9999034303515482,1,0
93,6,s01,1011,1011,0111,-3.361672497703694e-05,-11.50001049041748,11.499976873692503,0.9999896027206038,1,0
93,7,x0,0011,0011,1011,-0.00033539868309162557,-8.000336647033691,8.0000012483506,0.9996646116353706,1,0
93,8,x0,1011,1011,1010,-8.022600377444178e-05,-9.750080108642578,9.749999882638804,0.9999286800533722,1,0
94,1,c03,0110,0110,0111,-0.0008101280545815825,-7.250810146331787,7.2500000182772055,0.9991911672381438,1,0
94,2,x1,0010,0010,1010,-2.741793286986649e-05,-11.750021934509277,11.749994516576407,0.999988763218817,1,0
94,3,t321,0010,0010,0110,-1.7881386611406924e-06,-13.750001907348633,13.750000119209972,0.9999988385255821,1,0
94,4,x2,0000,0000,0001,-7.87950775702484e-05,-9.625078201293945,9.624999406216375,0.9999332166027372,1,0
94,5,c30,0000,0000,1000,-4.649151833291398e-06,-12.375007629394531,12.375002980242698,0.9999956711614494,1,0
94,6,x2,0010,0010,0000,-1.1801676009781659e-05,-14.562607765197754,14.562595963521744,0.999999456503634,1,0
94,7,t103,0010,0010,0011,-6.711264722980559e-05,-9.625066757202148,9.624999644554919,0.9999334086519173,1,0
94,8,t310,0010,0010,1010,-8.463824997306801e-06,-12.25001049041748,12.250002026592483,0.999995165208547,1,0
95,1,t031,0100,0100,1100,-3.0994399367045844e-06,-13.393163681030273,13.393160581590337,0.9999976573192367,1,0
95,2,t320,0100,0100,1100,-0.011055764742195606,-4.511059761047363,4.500003996305168,0.9890128448268576,1,0
95,3,s10,1000,1000,1100,-1.5497203094128054e-06,-14.000000953674316,13.999999403954007,0.9999987796638534,1,0
95,4,t013,1000,1000,1001,-2.419935117359273e-05,-11.500024795532227,11.500000596181053,0.9999789932623384,1,0
95,5,x2,1010,1010,1000,-7.986793934833258e-05,-11.375079154968262,11.374999287028913,0.9999878028987877,1,0
95,6,x2,1000,1000,1001,-8.928564784582704e-05,-10.500088691711426,10.49999940606358,0.9999698922854512,1,0
95,7,c30,1000,1000,0000,-0.00013088351988699287,-9.000133514404297,9.00000263088441,0.9998752267357053,1,0
95,8,c30,1000,1000,1100,-2.384183289905195e-06,-16.500003814697266,16.500001430513976,0.9999998654815087,1,0
96,1,x3,1101,1101,1100,-8.773517765803263e-05,-9.50008773803711,9.500000002859451,0.9999200916451171,1,0
96,2,s31,1101,1101,1011,-0.002741096308454871,-6.168905258178711,6.166164161870256,0.9972798245548224,1,0
96,3,t213,1101,1101,1100,-6.759028474334627e-05,-10.125066757202148,10.124999166917405,0.9999543114698707,1,0
96,4,c20,1101,1101,0101,-0.04859204590320587,-3.0485920906066895,3.0000000447034836,0.952573548521943,1,0
96,5,t130,0101,1101,1101,-0.9741081595420837,-0.4740951657295227,-0.500012993812561,0.37753567885068906,0,0
96,6,s10,1001,1001,0101,-2.944427433249075e-05,-10.625033378601074,10.625003934326742,0.9999753737053227,1,0
96,7,t231,1001,1001,1101,-0.474088191986084,-0.9741060733795166,0.5000178813934326,0.6224594258839755,1,0
96,8,x0,0001,0001,1001,-9.059865988092497e-06,-11.62501335144043,11.625004291574442,0.999990966876428,1,0
97,1,c32,1010,1010,1000,-0.001067803124897182,-7.001256465911865,7.000188662786968,0.99894476523917,1,0
97,2,x2,1000,1000,1001,-9.750853496370837e-05,-14.250097274780273,14.24999976624531,0.9999990499851513,1,0
97,3,s12,1000,1000,0010,-0.0005060348776169121,-10.351061820983887,10.35055578610627,0.999966258898581,1,0
97,4,t123,1000,1000,1100,-2.0265484636183828e-05,-12.750065803527832,12.750045538043196,0.9999966108732078,1,0
97,5,s21,1000,1000,0010,-0.0005218821461312473,-8.01262378692627,8.012101904780138,0.999510462469842,1,0
97,6,x1,1100,1100,1110,-9.059865078597795e-06,-18.125011444091797,18.12500238422672,0.999999975992207,1,0
97,7,s31,1001,1001,1100,-0.0008377881022170186,-8.875717163085938,8.87487937498372,0.9997379846559692,1,0
97,8,s03,1001,1001,0001,-0.00011920322140213102,-10.723677635192871,10.723558431971469,0.9999602902560831,1,0
98,1,c31,0000,0000,0100,-0.02975277230143547,-3.529752731323242,3.4999999590218067,0.9706863928165681,1,0
98,2,x1,0100,0100,1100,-2.50339189733495e-06,-15.250003814697266,15.250001311305368,0.9999997224184818,1,0
98,3,x0,1100,1100,0100,-8.511183114023879e-05,-9.37508487701416,9.37499976518302,0.9999149879421323,1,0
98,4,x0,0100,0100,1100,-0.0002206336212111637,-11.625371932983398,11.625151299362187,0.9999836525691894,1,0
98,5,c23,0100,0100,0101,-0.0015100869350135326,-6.501510143280029,6.500000056345016,0.9984967818176724,1,0
98,6,c10,1100,1100,0100,-0.00033551789238117635,-8.000335693359375,8.000000175466994,0.999664533795013,1,0
98,7,x1,1000,1000,1100,-5.483535642269999e-05,-10.39320182800293,10.393146992646507,0.9999663574170894,1,0
98,8,t301,1000,1000,1100,-6.770901381969452e-05,-9.750068664550781,9.750000955536962,0.9999383695719194,1,0
99,1,c30,0100,0100,1100,-0.06196925416588783,-2.8119750022888184,2.7500057481229305,0.9399131860746759,1,0
99,2,x0,1100,1100,0100,-7.152556236178498e-07,-14.625,14.624999284744376,0.9999993803932961,1,0
99,3,x0,0100,0100,0101,-0.00043585451203398407,-12.875435829162598,12.874999974650564,0.9999947894177912,1,0
99,4,s32,0100,0100,0001,-0.013652602210640907,-4.39070987701416,4.377057274803519,0.987385084060143,1,0
99,5,s10,1000,1000,0100,-0.00015615216398146003,-8.875213623046875,8.875057470882894,0.9998599312038029,1,0
99,6,t231,1000,1000,1100,-7.903287769295275e-05,-9.500080108642578,9.500001075764885,0.999924884751096,1,0
99,7,t231,1000,1000,1100,-1.704682654235512e-05,-11.25002384185791,11.250006795031368,0.9999867648656137,1,0
99,8,c01,1100,1100,0000,-1.430501743016066e-05,-13.689445495605469,13.689431190588039,0.9999982662950943,1,0
100,1,s32,1101,1011,1011,-0.9867030382156372,-0.5924795269966125,-0.39422351121902466,0.37288779262207933,0,0
100,2,t023,1101,1101,1100,-0.00368288392201066,-5.628682613372803,5.624999729450792,0.9963395453085978,1,0
100,3,x2,1111,1111,1110,-0.00021145615028217435,-12.375211715698242,12.37500025954796,0.9999956117763937,1,0
100,4,c13,1110,1111,1111,-0.9740930795669556,-0.47409307956695557,-0.5,0.37753978960880447,0,0
100,5,t021,1010,1011,1011,-1.5330898761749268,-0.408089816570282,-1.1250000596046448,0.21586982565825624,0,0
100,6,t203,1011,1010,1010,-2.1269452571868896,-0.1269453912973404,-1.9999998658895493,0.11920163803015019,0,0
100,7,s03,1011,1011,0011,-0.000236007574130781,-11.12535572052002,11.125119712945889,0.9999818293462851,1,0
100,8,c01,1111,1111,1011,-6.437295724026626e-06,-13.125004768371582,13.124998331075858,0.9999970048616084,1,0
101,1,c20,1100,1100,0100,-0.0009276284836232662,-7.001211166381836,7.000283537898213,0.999075452302242,1,0
101,2,t032,1100,1100,1110,-2.2888032617629506e-05,-11.000021934509277,10.99999904647666,0.9999792338977942,1,0
101,3,x1,1000,1000,1100,-7.724565512035042e-05,-11.125078201293945,11.125000955638825,0.9999849215620052,1,0
101,4,s20,0010,0010,0011,-0.0036701590288430452,-5.6286702156066895,5.625000056577846,0.9963387911558211,1,0
101,5,s03,0010,0010,1010,-0.0010972318705171347,-7.890093803405762,7.888996571535245,0.9995297705615692,1,0
101,6,x3,0011,0011,0010,-5.2452028285188135e-06,-13.500005722045898,13.50000047684307,0.9999983590130369,1,0
101,7,c23,0010,0010,0011,-0.0022072286810725927,-6.127206802368164,6.1249995736870915,0.9978171609638838,1,0
101,8,x1,0110,0110,1110,-7.6293727033771574e-06,-12.750091552734375,12.750083923361672,0.999996093391801,1,0
102,1,s32,1101,1101,1011,-0.7033963799476624,-0.8326934576034546,0.12929707765579224,0.4950626844099881,1,0
102,2,c20,1101,1101,0101,-0.16022683680057526,-1.910225749015808,1.7499989122152328,0.8519511800795413,1,0
102,3,s30,1101,1101,1100,-4.4702836021315306e-05,-11.500044822692871,11.50000011985685,0.9999878116821874,1,0
102,4,t312,1111,1111,1101,-0.0004475379828363657,-7.75044584274292,7.749998304760084,0.9995681455882156,1,0
102,5,c23,1110,1110,1111,-0.0012403997825458646,-6.751240253448486,6.7499998536659405,0.9988297548952472,1,0
102,6,t301,1110,1110,1010,-1.9430970496614464e-05,-11.004639625549316,11.00462019457882,0.9999826185395123,1,0
102,7,c23,1111,1111,1110,-0.020586559548974037,-3.8955864906311035,3.8749999310821295,0.9796667004224531,1,0
102,8,c32,1101,1101,1111,-0.004650748334825039,-5.808350086212158,5.803699337877333,0.9953843463149142,1,0
103,1,s20,1001,1001,0011,-0.07338781654834747,-3.1681461334228516,3.094758316874504,0.9293797396449911,1,0
103,2,t123,1001,1001,1101,-4.613362398231402e-05,-11.376455307006836,11.376409173382854,0.9999855137245763,1,0
103,3,t230,1001,1001,0001,-0.0789104700088501,-2.5799496173858643,2.501039147377014,0.9241393863071695,1,0
103,4,t210,1001,1001,0001,-9.059874173544813e-06,-11.750016212463379,11.750007152589205,0.9999908784853289,1,0
103,5,t230,1001,1001,0001,-0.0052642421796917915,-5.255373477935791,5.250109235756099,0.9947775809186507,1,0
103,6,s31,1100,1100,1110,-0.0066704535856842995,-5.569168567657471,5.562498114071786,0.9958283783132158,1,0
103,7,t023,1100,1100,1101,-0.0005583426100201905,-7.500558376312256,7.500000033702236,0.9994444401649307,1,0
103,8,c21,1100,1100,1000,-0.00862202886492014,-4.77677583694458,4.76815380807966,0.991419140555927,1,0
104,1,c10,1011,0011,0011,-2.929957151412964,-0.06593005359172821,-2.8640270978212357,0.053399333111348285,0,0
104,2,t201,1111,1111,1011,-3.325890429550782e-05,-10.375033378601074,10.375000119696779,0.9999683155834633,1,0
104,3,x3,1110,1110,1111,-3.480875602690503e-05,-13.00003433227539,12.999999523519364,0.9999949345345811,1,0
104,4,s12,1110,1110,1011,-3.1113311706576496e-05,-12.125029563903809,12.124998450592102,0.9999929575330998,1,0
104,5,c03,1111,1111,1110,-4.541838279692456e-05,-10.750044822692871,10.749999404310074,0.999970441008582,1,0
104,6,s12,1111,1111,1110,-4.0053913835436106e-05,-10.625039100646973,10.624999046733137,0.9999608057858294,1,0
104,7,x3,1110,1110,1111,-1.2278533176868223e-05,-13.750011444091797,13.74999916555862,0.9999977541775893,1,0
104,8,s32,1101,1101,1110,-0.001942027360200882,-6.816370010375977,6.814427983015776,0.9980941566925278,1,0
105,1,s01,0000,0000,0100,-7.748583811917342e-06,-12.000006675720215,11.999998927136403,0.9999936382848136,1,0
105,2,t123,0000,0000,0001,-1.1920867109438404e-05,-14.750011444091797,14.749999523224687,0.9999988694464171,1,0
105,3,c31,0000,0000,1000,-2.3841855067985307e-07,-17.375,17.37499976158145,0.9999999580805536,1,0
105,4,t123,0000,0000,0001,-6.198865776241291e-06,-15.375005722045898,15.374999523180122,0.9999995518968633,1,0
105,5,c03,0000,0000,1000,-1.1920923270736239e-06,-14.502196311950684,14.502195119858357,0.9999993642229262,1,0
105,6,t013,0000,0000,1000,-4.7683710135970614e-07,-15.25004768371582,15.250047206878719,0.9999994940469108,1,0
105,7,t301,0000,0000,1000,-1.3113015029375674e-06,-14.12504768371582,14.125046372414317,0.9999991578830119,1,0
105,8,s12,0000,0000,0100,-2.2649753645964665e-06,-13.500008583068848,13.500006318093483,0.9999984601763715,1,0
106,1,c01,0000,0000,0100,-1.5735564375063404e-05,-11.625015258789062,11.624999523224687,0.9999847010792653,1,0
106,2,s13,0000,0000,0100,-0.0022017890587449074,-6.127202033996582,6.125000244937837,0.9978165659971668,1,0
106,3,x1,0100,0100,1100,-1.0728830375228426e-06,-16.500015258789062,16.500014185906025,0.9999998575185037,1,0
106,4,s02,0100,0100,1000,-0.00034028603113256395,-8.1431884765625,8.142848190531367,0.9996605698305541,1,0
106,5,c31,0100,0100,0000,-5.1973926019854844e-05,-9.875051498413086,9.874999524487066,0.9999484353381007,1,0
106,6,x2,0110,0110,0010,-9.011836664285511e-05,-13.503267288208008,13.503177169841365,0.9999979396159367,1,0
106,7,c21,0010,0010,0110,-0.014384300448000431,-4.264382839202881,4.24999853875488,0.9859272708354619,1,0
106,8,c21,0110,0110,0010,-0.0010588790755718946,-6.8760457038879395,6.874986824812368,0.9989458637265523,1,0
107,1,x1,0110,0110,1110,-8.344629350176547e-06,-12.000021934509277,12.000013589879927,0.9999922970055444,1,0
107,2,t102,0110,0110,1100,-2.4437698812107556e-05,-11.724156379699707,11.724131942000895,0.9999867223727742,1,0
107,3,s13,0011,0011,0110,-0.002861676039174199,-5.877870559692383,5.875008883653209,0.9971971649238768,1,0
107,4,s32,0011,0011,0001,-0.054911211133003235,-2.929910898208618,2.874999687075615,0.9465703104973975,1,0
107,5,s21,0101,0101,0110,-0.005684283562004566,-5.383171081542969,5.377486797980964,0.994364263362363,1,0
107,6,c30,1101,1101,0101,-1.0013558494392782e-05,-12.375004768371582,12.374994754813088,0.9999941345926603,1,0
107,7,t123,1101,1101,1111,-0.00011849166185129434,-10.850390434265137,10.850271942603285,0.9999646523496954,1,0
107,8,c30,0101,0101,1101,-0.00010716342512750998,-11.375106811523438,11.37499964809831,0.9999883891803155,1,0
108,1,x1,1101,1101,1111,-6.318086889223196e-06,-13.125054359436035,13.125048041349146,0.9999967499549686,1,0
108,2,c13,1100,1100,1101,-0.05491984263062477,-2.929919719696045,2.87499987706542,0.9465864159723307,1,0
108,3,t132,1100,1100,1101,-1.680844980000984e-05,-11.500017166137695,11.500000357687895,0.9999874781608912,1,0
108,4,s13,1001,1001,1010,-0.0009410872007720172,-8.37595272064209,8.375011633441318,0.9996086208612962,1,0
108,5,x3,1000,1000,1100,-3.099438799836207e-06,-14.625114440917969,14.625111341479169,0.9999993394133847,1,0
108,6,x1,1100,1100,1110,-3.5404540540184826e-05,-15.500035285949707,15.499999881409167,0.999999768242281,1,0
108,7,x3,1101,1101,1100,-0.0001000146585283801,-9.875099182128906,9.874999167470378,0.9999289087026995,1,0
108,8,c30,0101,0101,1101,-3.6477376852417365e-05,-10.375036239624023,10.374999762247171,0.9999687349094204,1,0
109,1,c21,0000,0000,0100,-7.724470924586058e-05,-9.500080108642578,9.500002863933332,0.9999241638123088,1,0
109,2,x0,1000,1000,0000,-1.6689293715899112e-06,-13.750000953674316,13.749999284744945,0.9999988028151414,1,0
109,3,x3,1001,1001,1000,-6.711267633363605e-05,-13.875066757202148,13.874999644525815,0.999998723334471,1,0
109,4,c20,1001,1001,0001,-0.0024789890740066767,-6.0024800300598145,6.000001040985808,0.9975250650122485,1,0
109,5,t210,1001,1001,0001,-2.3841839720262215e-06,-13.250005722045898,13.250003337861926,0.9999976597433621,1,0
109,6,t210,1001,1001,0001,-2.3841839720262215e-06,-13.25002670288086,13.250024318696887,0.9999975827109131,1,0
109,7,s01,0101,0101,0011,-0.00011407987040001899,-10.273616790771484,10.273502710901084,0.999962505777811,1,0
109,8,s32,0110,0110,0011,-0.006430911831557751,-5.2598748207092285,5.253443908877671,0.9936107095651558,1,0
110,1,s01,1111,1111,0111,-0.0827016606926918,-2.6949381828308105,2.6122365221381187,0.9206390781714741,1,0
110,2,t130,0111,0111,1111,-0.00671771727502346,-5.006719589233398,5.000001871958375,0.9933071516360034,1,0
110,3,c30,1111,1111,1110,-1.1801668733824044e-05,-13.125011444091797,13.124999642423063,0.9999978874614672,1,0
110,4,s13,1111,1111,1011,-0.003572408575564623,-8.003572463989258,8.000000055413693,0.9996587160306796,1,0
110,5,c32,1101,1101,1111,-3.492805262794718e-05,-10.82228946685791,10.822254538805282,0.9999771416257773,1,0
110,6,c30,0101,0101,1101,-8.725740190129727e-05,-9.37508773803711,9.375000480635208,0.9999151061319722,1,0
110,7,x2,0111,0111,0110,-5.042454358772375e-05,-12.875049591064453,12.874999166520865,0.9999969181105092,1,0
110,8,t120,1111,1111,0111,-0.0011725726071745157,-6.75117301940918,6.750000446802005,0.9988294749880707,1,0
111,1,s32,0000,0000,0100,-0.00027427717577666044,-8.500286102294922,8.500011825119145,0.9997466368151656,1,0
111,2,s23,0000,0000,0010,-0.0008234116830863059,-7.1258225440979,7.124999132414814,0.9991784664125235,1,0
111,3,s20,0000,0000,1000,-6.198872142704204e-06,-12.375003814697266,12.374997615825123,0.9999939418153162,1,0
111,4,c02,0000,0000,1000,-1.6689286894688848e-06,-16.187576293945312,16.187574625016623,0.999999850380997,1,0
111,5,s12,0000,0000,0100,-5.960463909104874e-07,-14.750025749206543,14.750025153160152,0.9999994677419222,1,0
111,6,s23,0000,0000,0010,-0.00010955013567581773,-9.500081062316895,9.499971512181219,0.9998905140524532,1,0
111,7,t132,0000,0000,0100,-4.7683712978141557e-07,-15.625008583068848,15.625008106231718,0.9999995358681766,1,0
111,8,s13,0000,0000,0100,-0.003670508274808526,-5.628670692443848,5.625000184169039,0.9964050810559926,1,0
112,1,s31,1000,1000,1100,-0.0781937912106514,-2.8281936645507812,2.74999987334013,0.9249628165106635,1,0
112,2,c30,1000,1000,1100,-1.5497198546654545e-06,-13.875000953674316,13.874999403954462,0.9999989327229095,1,0
112,3,x3,1001,1001,1000,-2.193428372265771e-05,-14.500021934509277,14.500000000225555,0.9999992621702768,1,0
112,4,s10,0101,0101,0100,-0.0028060637414455414,-5.877805709838867,5.874999646097422,0.9971984208218516,1,0
112,5,t201,0101,0101,1101,-1.0728833785833558e-06,-15.126930236816406,15.126929163933028,0.9999996383691416,1,0
112,6,t210,0101,0101,1101,-0.20141567289829254,-1.7014168500900269,1.5000011771917343,0.8175744497269406,1,0
112,7,t130,1101,1101,0101,-0.20143663883209229,-1.701414704322815,1.4999780654907227,0.8175568088195131,1,0
112,8,t231,1101,1101,1111,-0.0029583757277578115,-7.502971649169922,7.500013273442164,0.999016184958887,1,0
113,1,c30,0011,0011,1011,-0.07890571653842926,-2.578899621963501,2.4999939054250717,0.9241297904842153,1,0
113,2,t210,0011,0011,1011,-0.00033551789238117635,-8.000336647033691,8.00000112914131,0.9996645925396727,1,0
113,3,s21,0101,0101,0100,-0.00047166895819827914,-8.375471115112305,8.374999446154106,0.9995379691795666,1,0
113,4,s21,0011,0011,0101,-0.0003466042981017381,-8.000515937805176,8.000169333507074,0.9996539152736804,1,0
113,5,s02,1001,1001,0011,-0.00016294651140924543,-8.750158309936523,8.749995363425114,0.9998372896253237,1,0
113,6,c20,1001,1001,0001,-9.035701805260032e-05,-9.375086784362793,9.37499642734474,0.9999111920029367,1,0
113,7,s30,1001,1001,1000,-0.00011789119162131101,-13.750117301940918,13.749999410749297,0.9999984226504484,1,0
113,8,s30,1001,1001,0011,-0.006376182194799185,-5.15429162979126,5.147915447596461,0.9937111819420134,1,0
114,1,t203,0000,0000,0001,-2.3841848815209232e-06,-13.750001907348633,13.749999523163751,0.9999977447888014,1,0
114,2,s20,0000,0000,1000,-3.6954820643586572e-06,-12.625019073486328,12.625015378004264,0.9999965484890871,1,0
114,3,s01,0000,0000,1000,-4.95898348162882e-05,-14.59380054473877,14.593750954903953,0.9999995259996437,1,0
114,4,t312,0000,0000,0001,-1.0728831512096804e-06,-16.625,16.62499892711685,0.9999998015670292,1,0
114,5,c21,0000,0000,0100,-9.79854230536148e-05,-9.250099182128906,9.250001196705853,0.9999034079610564,1,0
114,6,s12,0000,0000,0100,-1.6689293715899112e-06,-13.750004768371582,13.75000309944221,0.9999982809148192,1,0
114,7,t301,0000,0000,1000,-3.576278402306343e-07,-15.50001049041748,15.50001013278964,0.9999996438737053,1,0
114,8,s12,0000,0000,0100,-8.225424608099274e-06,-12.625007629394531,12.624999403969923,0.9999962663534221,1,0
115,1,x2,0001,0001,0011,-1.6808420696179383e-05,-11.250021934509277,11.250005126088581,0.9999841568977581,1,0
115,2,t123,0001,0001,0010,-3.3378566968167434e-06,-15.849085807800293,15.849082469943596,0.9999996697851024,1,0
115,3,x2,0011,0011,0010,-2.6464133043191396e-05,-15.500025749206543,15.4999992850735,0.9999996199875419,1,0
115,4,s02,1001,1001,0011,-3.457020648056641e-05,-11.062531471252441,11.06249690104596,0.9999824913219877,1,0
115,5,s03,1001,1001,1000,-0.01907138153910637,-4.019071102142334,3.9999997206032276,0.9820079203373412,1,0
115,6,c02,1011,1011,1001,-3.5643224691739306e-05,-10.62503433227539,10.624998689050699,0.9999746348351427,1,0
115,7,x2,1001,1001,1101,-6.472952372860163e-05,-16.875057220458984,16.874992490935256,0.9999999105765924,1,0
115,8,x3,1000,1000,1100,-1.0967223715852015e-05,-15.625688552856445,15.62567758563273,0.9999997021209278,1,0
116,1,x0,0100,0100,0101,-2.2053534848964773e-05,-10.875021934509277,10.874999880974428,0.9999801960856499,1,0
116,2,c20,0100,0100,1100,-0.038049452006816864,-3.2880520820617676,3.2500026300549507,0.9626730305714429,1,0
116,3,x0,1100,1100,0100,-1.1920928244535389e-07,-15.75,15.749999880790718,0.999999800317597,1,0
116,4,c32,1100,1100,1000,-4.8875758693611715e-06,-14.500016212463379,14.50001132488751,0.9999988799971732,1,0
116,5,x0,0100,0100,0101,-1.6689294852767489e-06,-14.125001907348633,14.125000238419148,0.9999986897252433,1,0
116,6,c01,0100,0100,1000,-3.0994369808468036e-06,-13.500019073486328,13.500015974049347,0.9999985187017031,1,0
116,7,s21,0010,0010,0011,-9.238450729753822e-05,-9.625091552734375,9.624999168227077,0.9999118334397666,1,0
116,8,t302,0010,0010,1010,-9.536742027194123e-07,-15.375036239624023,15.37503528594982,0.9999996690249734,1,0
117,1,s20,0111,0111,0110,-0.10606303066015244,-2.356062889099121,2.2499998584389687,0.9004635829879953,1,0
117,2,t032,0111,0111,0101,-3.695486157084815e-06,-14.750005722045898,14.750002026559741,0.9999990011888806,1,0
117,3,x3,0110,0110,0010,-9.417522051080596e-06,-13.500020980834961,13.50001156331291,0.9999978396725763,1,0
117,4,s32,0101,0101,0011,-0.0008681322215124965,-7.8805975914001465,7.879729459178634,0.9993908584150615,1,0
117,5,t201,0101,0101,1101,-8.344647994817933e-07,-15.225207328796387,15.225206494331587,0.9999995167530692,1,0
117,6,s23,0110,0110,0101,-0.00026605234597809613,-8.500309944152832,8.500043891806854,0.9997378365768428,1,0
117,7,t231,0110,0110,1110,-5.626534402836114e-05,-14.37508487701416,14.375028611670132,0.9999986365703892,1,0
117,8,s32,0101,0101,0011,-0.0350181981921196,-3.4101319313049316,3.375113733112812,0.9668215013191438,1,0
118,1,x2,1110,1110,1111,-8.868854638421908e-05,-12.125088691711426,12.125000003165042,0.9999907276458687,1,0
118,2,c23,1111,1111,1110,-0.0020999053958803415,-6.252099990844727,6.250000085448846,0.9980692245824665,1,0
118,3,s12,1111,1111,1110,-2.6106630684807897e-05,-10.875025749206543,10.874999642575858,0.9999803315892238,1,0
118,4,s01,1111,1111,1110,-0.0019465707009658217,-6.876946449279785,6.874999878578819,0.9980576023979288,1,0
118,5,c03,1110,1110,1011,-2.8610082154045813e-05,-12.5001859664917,12.500157356409545,0.9999909129693192,1,0
118,6,t021,1010,1010,1011,-0.03736070543527603,-3.537360668182373,3.499999962747097,0.9633320136710997,1,0
118,7,t032,1010,1010,1011,-5.125936513650231e-05,-10.375051498413086,10.37500023904795,0.9999531598834693,1,0
118,8,x2,1000,1000,1001,-0.0003935563436243683,-11.750393867492676,11.750000311149051,0.9999877918183583,1,0
119,1,c12,1101,1101,1111,-0.0006772431661374867,-7.313982009887695,7.313304766721558,0.9993315923917278,1,0
119,2,x2,1111,1111,1110,-0.00014876270142849535,-13.12514877319336,13.12500001049193,0.9999978577035618,1,0
119,3,x0,0111,0111,1111,-2.861018856492592e-06,-17.7500057220459,17.750002861027042,0.9999999745336812,1,0
119,4,c21,0011,0011,0111,-0.0036060246638953686,-5.628606796264648,5.625000771600753,0.996405895952811,1,0
119,5,c02,0011,0011,0111,-2.8610211302293465e-06,-13.750057220458984,13.750054359437854,0.9999988847100747,1,0
119,6,x1,0111,0111,0110,-1.5497203094128054e-06,-14.375001907348633,14.375000357628323,0.9999990446628496,1,0
119,7,t032,0111,0111,0011,-2.384184199399897e-06,-15.375,15.3749976158158,0.9999994517477496,1,0
119,8,x1,0011,0011,1011,-9.298302757088095e-06,-12.500017166137695,12.500007867834938,0.9999937102012894,1,0
120,1,x0,0001,0001,0101,-1.2397727914503776e-05,-12.000012397766113,12.000000000038199,0.999988390532379,1,0
120,2,c30,1001,1001,0001,-3.3378573789377697e-06,-13.375001907348633,13.374998569491254,0.9999976878757695,1,0
120,3,t321,1001,1001,1101,-0.006770055275410414,-5.006783962249756,5.0000139069743454,0.9933067711239539,1,0
120,4,s32,1010,1010,1001,-0.0019438720773905516,-6.251941680908203,6.249997808830813,0.9980689127253386,1,0
120,5,s03,0011,0011,1010,-0.0060828872956335545,-5.131027698516846,5.124944811221212,0.9940142816083477,1,0
120,6,c30,1011,1011,1010,-1.2636143765121233e-05,-11.750012397766113,11.749999761622348,0.9999899081565684,1,0
120,7,t102,1011,1011,1111,-1.454346056561917e-05,-13.279816627502441,13.279802084041876,0.9999977259495988,1,0
120,8,c21,1111,1111,1011,-0.0009338275413028896,-7.000914573669434,6.999980746128131,0.9990714150283893,1,0
121,1,c31,0110,0110,0010,-0.00322646158747375,-5.753231048583984,5.750004586996511,0.9967817493741273,1,0
121,2,x0,1110,1110,0110,-9.536716788716149e-06,-11.875006675720215,11.874997139003426,0.9999928844296233,1,0
121,3,s01,1110,1110,0111,-6.484804907813668e-05,-10.001989364624023,10.001924516574945,0.9999366535505961,1,0
121,4,c21,1010,1010,1110,-0.0028214091435074806,-5.877821922302246,5.875000513158739,0.9971982163360844,1,0
121,5,x1,1110,1110,0110,-1.8119659216608852e-05,-14.56252384185791,14.562505722198694,0.9999989957562392,1,0
121,6,c32,1110,1110,0110,-4.0292336052516475e-05,-14.13028621673584,14.130245924399787,0.9999980778023727,1,0
121,7,s30,0111,0111,1110,-0.0008396244375035167,-7.125887393951416,7.1250477695139125,0.9991850089520435,1,0
121,8,t120,1111,1111,0111,-0.00012290127051528543,-9.50007438659668,9.499951485326164,0.9998782542943102,1,0
122,1,t120,1011,0011,0011,-1.0537029504776,-0.4304031729698181,-0.623299777507782,0.3486444464953994,0,0
122,2,c21,1111,1111,1011,-4.613343480741605e-05,-10.375043869018555,10.374997735583747,0.9999675007429916,1,0
122,3,c23,1110,1110,1111,-0.0002869023010134697,-8.250287055969238,8.250000153668225,0.999737551454567,1,0
122,4,t210,0110,0110,1110,-0.09305873513221741,-2.578934907913208,2.4858761727809906,0.9111449909416867,1,0
122,5,x1,0010,0010,0110,-1.370901009067893e-05,-13.87501335144043,13.874999642430339,0.9999982067383392,1,0
122,6,c02,0010,0010,1000,-4.88756995764561e-06,-15.012521743774414,15.012516856204456,0.9999994359621749,1,0
122,7,s31,0010,0010,0110,-0.0067683919332921505,-5.006727695465088,4.999959303531796,0.9932671682650868,1,0
122,8,t312,0010,0010,0011,-2.1457651655509835e-06,-13.125001907348633,13.124999761583467,0.9999979189415653,1,0
123,1,s32,0000,0000,0100,-0.00023685469932388514,-8.87519645690918,8.874959602209856,0.9997724545071737,1,0
123,2,x1,0100,0100,1100,-1.0728830375228426e-06,-15.250001907348633,15.250000834465595,0.9999997208359483,1,0
123,3,t103,0100,0100,0001,-0.0001228995679412037,-9.256828308105469,9.256705408537528,0.9998818765983086,1,0
123,4,s02,0100,0100,0010,-0.6326087117195129,-0.7576161026954651,0.12500739097595215,0.531204953856429,1,0
123,5,s21,0010,0010,0100,-7.390835526166484e-05,-10.625025749206543,10.624951840851281,0.9999713166064684,1,0
123,6,x2,0000,0000,0001,-0.0004149229498580098,-9.000414848327637,8.999999925377779,0.999870415716062,1,0
123,7,t012,0000,0000,0100,-2.3841856489070778e-07,-16.25,16.249999761581435,0.9999998741823745,1,0
123,8,x0,1000,1000,0000,-5.125988991494523e-06,-13.500004768371582,13.49999964238259,0.9999983880976814,1,0
124,1,x2,1000,1000,1010,-3.3378342777723446e-05,-11.000036239624023,11.000002861281246,0.9999790620064831,1,0
124,2,x1,1100,1100,1110,-1.9669341781991534e-05,-16.625019073486328,16.624999404144546,0.9999999217337624,1,0
124,3,s32,1100,1100,1001,-0.011334491893649101,-4.517018795013428,4.505684303119779,0.9887695605519655,1,0
124,4,x2,1110,1110,1000,-5.292757850838825e-05,-13.987879753112793,13.987826825534285,0.9999989684099461,1,0
124,5,t213,1111,1110,1110,-2.8123068809509277,-0.06230694800615311,-2.7499999329447746,0.06008636794796593,0,0
124,6,c23,1110,1110,1111,-0.0002960808633361012,-8.250295639038086,8.24999955817475,0.999738300991643,1,0
124,7,x0,0110,0110,0111,-6.794910405005794e-06,-12.000005722045898,11.999998927135493,0.999993506394778,1,0
124,8,c13,0111,0111,0110,-0.016373440623283386,-4.141373634338379,4.1250001937150955,0.9837848788097453,1,0
125,1,t032,1001,1011,1011,-4.387636661529541,-0.012639141641557217,-4.374997519887984,0.012430090975254183,0,0
125,2,x2,1011,1011,1010,-6.98543299222365e-05,-14.500069618225098,14.499999763895175,0.9999986293278069,1,0
125,3,t103,1011,1011,1010,-0.0006450834916904569,-7.375645160675049,7.375000077183358,0.9993714998304579,1,0
125,4,c03,1010,1010,1011,-0.0008105379529297352,-7.125810623168945,7.125000085216016,0.9991942451570068,1,0
125,5,x1,1110,1110,1100,-0.00010132286843145266,-15.500101089477539,15.499999766609108,0.9999997254292595,1,0
125,6,t301,1110,1110,1010,-7.74859290686436e-06,-12.50001335144043,12.500005602847523,0.999995962780567,1,0
125,7,x2,1100,1100,1101,-0.0006421013385988772,-11.500641822814941,11.499999721476343,0.9999875373443166,1,0
125,8,c31,1100,1100,1101,-4.053110842505703e-06,-15.00000286102295,14.999998807912107,0.9999990693980303,1,0
126,1,s20,0011,0011,0101,-0.0003487815847620368,-8.503435134887695,8.503086353302933,0.9996551367817172,1,0
126,2,t302,0011,0011,0111,-1.3113017303112429e-06,-14.000816345214844,14.000815033913113,0.999998989918375,1,0
126,3,c02,0011,0011,1001,-3.4570653042464983e-06,-15.313215255737305,15.313211798672,0.9999995616840984,1,0
126,4,t302,0011,0011,1001,-1.5497201957259676e-06,-14.678709030151367,14.678707480431171,0.9999991469117883,1,0
126,5,t031,0011,0011,1110,-3.2186467251449358e-06,-13.018768310546875,13.01876509190015,0.9999968546305551,1,0
126,6,c32,0001,0001,0011,-0.002806656062602997,-5.877864837646484,5.875058181583881,0.9971988494617213,1,0
126,7,x1,0101,0101,0001,-8.344648563252122e-07,-14.375000953674316,14.37500011920946,0.9999992511645802,1,0
126,8,x0,1101,1101,0101,-1.2159294783486985e-05,-11.50001049041748,11.499998331122697,0.9999878396638057,1,0
127,1,s31,1111,1111,0111,-0.0015531100798398256,-6.5022196769714355,6.500666566891596,0.9984722853302122,1,0
127,2,c30,0111,0111,1111,-4.0531076592742465e-06,-15.250004768371582,15.250000715263923,0.9999997429759963,1,0
127,3,t231,0011,0011,0111,-0.0021866511087864637,-6.1271891593933105,6.125002508284524,0.9978171560628124,1,0
127,4,s32,0011,0011,0110,-0.0019379546865820885,-6.757519245147705,6.755581290461123,0.9980646972576889,1,0
127,5,c13,0011,0011,0010,-7.950974395498633e-05,-9.500079154968262,9.499999645224307,0.9999250352086426,1,0
127,6,c10,0011,0011,1011,-4.29152669312316e-06,-12.500040054321289,12.500035762794596,0.9999962012334185,1,0
127,7,c32,0001,0001,0011,-0.061969093978405,-2.8124570846557617,2.7504879906773567,0.939913279633541,1,0
127,8,s20,0001,0001,1000,-2.2530353817273863e-05,-11.000036239624023,11.000013709270206,0.9999824983982695,1,0
128,1,c03,1111,1111,1110,-0.0015369080938398838,-6.876536846160889,6.874999938067049,0.9984714187066,1,0
128,2,x3,1110,1110,1111,-3.3259057090617716e-05,-13.875033378601074,13.875000119543984,0.9999971501629551,1,0
128,3,c23,1111,1111,1110,-0.003218841040506959,-5.753218650817871,5.749999809777364,0.9968257286317188,1,0
128,4,x0,0111,0111,1111,-5.483612312673358e-06,-17.125011444091797,17.125005960479484,0.9999999407541842,1,0
128,5,s03,1110,1110,1111,-5.4954958613961935e-05,-10.625054359436035,10.624999404477421,0.9999575546036281,1,0
128,6,x1,1010,1010,1110,-2.5510587875032797e-05,-12.625028610229492,12.625003099641617,0.9999941448424867,1,0
128,7,c10,1010,1010,0010,-0.03804260119795799,-3.336634397506714,3.298591796308756,0.962672070626164,1,0
128,8,s13,1010,1010,1110,-0.015834126621484756,-4.51582670211792,4.499992575496435,0.9889951855268363,1,0
129,1,t123,0000,0000,0001,-3.3378587431798223e-06,-13.62500286102295,13.624999523164206,0.9999972559668007,1,0
129,2,t013,0000,0000,0100,-4.7683710135970614e-07,-15.812500953674316,15.812500476837215,0.9999996212199693,1,0
129,3,c30,0000,0000,1000,-2.0265558760002023e-06,-13.875003814697266,13.87500178814139,0.9999990252353717,1,0
129,4,x1,0100,0100,0000,-3.933899279218167e-06,-16.500003814697266,16.499999880797986,0.9999998212743064,1,0
129,5,c10,1100,1100,0100,-0.00020394638704601675,-8.500203132629395,8.499999186242349,0.9997961431735107,1,0
129,6,s10,1100,1100,0110,-9.179094377032015e-06,-12.125436782836914,12.125427603742537,0.9999911295615184,1,0
129,7,t320,1100,1100,1000,-6.43729254079517e-06,-13.125211715698242,13.125205278405701,0.9999969021828008,1,0
129,8,s30,0101,0101,1100,-0.10047686100006104,-2.4642488956451416,2.3637720346450806,0.9046401876595632,1,0
130,1,t103,1000,1000,1001,-0.0022039362229406834,-6.127203464508057,6.124999528285116,0.9978006797477232,1,0
130,2,t120,1000,1000,1100,-7.033335350570269e-06,-12.625009536743164,12.625002503407813,0.9999952816045486,1,0
130,3,s30,0001,0001,0000,-0.0013172870967537165,-6.751317024230957,6.749999737134203,0.9987788432913715,1,0
130,4,c12,0001,0001,0011,-1.895416971819941e-05,-12.125249862670898,12.12523090850118,0.9999945388423048,1,0
130,5,t021,0001,0001,0101,-1.4305109061751864e-06,-13.87500286102295,13.875001430512043,0.9999987996377162,1,0
130,6,s32,0010,0010,0001,-0.04316076636314392,-3.1680145263671875,3.1248537600040436,0.95790412253902,1,0
130,7,x1,0110,0110,1110,-9.536740890325746e-07,-14.750007629394531,14.750006675720442,0.9999993048077719,1,0
130,8,c13,0111,0111,0110,-0.005247099325060844,-5.255246639251709,5.249999539926648,0.9947779802929231,1,0
131,1,c12,0010,0010,0001,-0.004091637209057808,-5.8910932540893555,5.887001616880298,0.9959189582654883,1,0
131,2,c20,1010,1010,0010,-0.10021088272333145,-2.350207567214966,2.2499966844916344,0.9046487544695,1,0
131,3,x0,0010,0010,1010,-3.576278402306343e-07,-16.298587799072266,16.298587441444425,0.9999998236424905,1,0
131,4,x1,0110,0110,0100,-1.5497197409786168e-06,-16.125001907348633,16.125000357628892,0.9999997844231242,1,0
131,5,t031,0110,0110,1110,-4.172319677309133e-06,-12.750065803527832,12.750061631208155,0.999996923330252,1,0
131,6,c30,0110,0110,1110,-5.483616405399516e-06,-12.375020027160645,12.37501454354424,0.9999956940740006,1,0
131,7,c21,0010,0010,0110,-0.10023271292448044,-2.350234270095825,2.2500015571713448,0.9046486582564686,1,0
131,8,s30,0010,0010,1010,-0.001306303427554667,-6.751186370849609,6.749880067422055,0.9987071265037487,1,0
132,1,c01,1001,1001,0101,-6.830591155448928e-05,-10.125043869018555,10.124975563107,0.9999339184964314,1,0
132,2,x1,1101,1101,1100,-1.323216019954998e-05,-16.03126335144043,16.03125011928023,0.9999997548222644,1,0
132,3,c23,1101,1101,1100,-3.862355515593663e-05,-13.000039100646973,13.000000477091817,0.999995406977091,1,0
132,4,x2,1111,1111,1110,-0.00043859577272087336,-13.625438690185547,13.625000094412826,0.9999985611960571,1,0
132,5,x0,0111,0111,1111,-3.576278118089249e-07,-16.750001907348633,16.75000154972082,0.9999999425077961,1,0
132,6,s23,0111,0111,0101,-0.0001604431599844247,-8.750160217285156,8.749999774125172,0.9998399489401827,1,0
132,7,x0,1111,1111,1110,-8.344635716639459e-06,-12.875008583068848,12.875000238433131,0.9999960237155534,1,0
132,8,t120,0111,0111,1111,-5.2689116273541003e-05,-10.375055313110352,10.375002623994078,0.9999687946777186,1,0
133,1,s20,0101,0101,1001,-0.0013968453276902437,-7.002456188201904,7.001059342874214,0.9986396121198515,1,0
133,2,s21,0011,0011,0101,-0.000491619051899761,-7.625597953796387,7.625106334744487,0.9995091797944318,1,0
133,3,s31,0110,0110,0101,-0.0011522318236529827,-7.375754356384277,7.374602124560624,0.9992439225714301,1,0
133,4,x1,0010,0010,0011,-4.887575414613821e-06,-13.625004768371582,13.624999880796167,0.9999976380523993,1,0
133,5,t213,0010,0010,0011,-0.003605305915698409,-5.628605365753174,5.625000059837475,0.9964051317403284,1,0
133,6,t203,0010,0010,0011,-6.794909495511092e-06,-12.000006675720215,11.99999988081072,0.9999936330123941,1,0
133,7,t321,0010,0010,0110,-4.172321041551186e-06,-12.875015258789062,12.875011086468021,0.9999971220709172,1,0
133,8,s30,0010,0010,1010,-0.00016819250595290214,-8.875205993652344,8.87503780114639,0.9998468399787105,1,0
134,1,t012,0001,0101,0101,-6.127199649810791,-0.006841462105512619,-6.120358187705278,0.00219280793191913,0,0
134,2,s02,0001,0001,1000,-2.1576648578047752e-05,-10.750029563903809,10.75000798725523,0.9999785263987672,1,0
134,3,x3,0000,0000,0001,-8.344632078660652e-06,-13.375008583068848,13.375000238436769,0.9999973144629969,1,0
134,4,t012,0000,0000,0100,-2.3841855067985307e-07,-17.125001907348633,17.125001668930082,0.9999998926733469,1,0
134,5,s10,0000,0000,0100,-4.0053528209682554e-05,-15.375040054321289,15.37500000079308,0.9999997138508232,1,0
134,6,t213,0000,0000,0001,-4.529947545961477e-06,-14.000003814697266,13.99999928474972,0.9999983253044429,1,0
134,7,t201,0000,0000,0100,-1.3113017303112429e-06,-13.875007629394531,13.875006318092801,0.9999987312386579,1,0
134,8,t310,0000,0000,1000,-5.006777428206988e-06,-12.750006675720215,12.750001668942787,0.999997068365531,1,0
135,1,t012,0001,0001,0101,-4.053110387758352e-06,-12.625004768371582,12.625000715261194,0.9999963803215502,1,0
135,2,x0,1001,1001,1000,-7.033333531580865e-06,-13.375006675720215,13.374999642386683,0.9999972337105485,1,0
135,3,x1,1101,1101,1100,-5.3881223720964044e-05,-14.437553405761719,14.437499524537998,0.9999988243521888,1,0
135,4,c31,1001,1001,1101,-0.00011157619155710563,-9.663124084472656,9.6630125082811,0.999909485152501,1,0
135,5,s03,1001,1001,1000,-0.0008254536078311503,-7.50082540512085,7.4999999515130185,0.999419309144451,1,0
135,6,t320,1001,1001,0001,-0.25194448232650757,-1.5019445419311523,1.2500000596046448,0.7772989138813879,1,0
135,7,s32,1010,1010,1001,-0.0024973475374281406,-6.0024919509887695,5.999994603451341,0.9975244245443344,1,0
135,8,s21,1100,1100,1110,-0.0007123140385374427,-7.3757147789001465,7.375002464861609,0.9992884708149377,1,0
136,1,t210,1100,1100,0100,-0.011136787012219429,-4.540805339813232,4.529668552801013,0.9889256251460913,1,0
136,2,x0,0100,0100,0101,-1.54972008203913e-06,-13.625000953674316,13.624999403954234,0.9999986691457173,1,0
136,3,t301,0100,0100,1100,-5.36440438736463e-06,-12.500006675720215,12.500001311315827,0.9999961101931353,1,0
136,4,s01,1000,1000,1001,-4.112656824872829e-05,-10.250041007995605,10.249999881427357,0.999960945163751,1,0
136,5,t320,1000,1000,1100,-1.2755341231240891e-05,-11.62501335144043,11.625000596099198,0.9999905838062255,1,0
136,6,s23,1000,1000,1100,-6.353763455990702e-05,-10.250052452087402,10.249988914452842,0.9999425533366859,1,0
136,7,c20,1000,1000,0000,-0.0025162019301205873,-6.252524375915527,6.250008173985407,0.9980727387223672,1,0
136,8,s30,0001,0001,0010,-0.0004565223935060203,-8.375493049621582,8.375036527228076,0.9995529561589618,1,0
137,1,t032,1010,1010,1000,-0.0041303690522909164,-5.504175186157227,5.500044817104936,0.9958818244326969,1,0
137,2,x3,1011,1011,1111,-2.3960821636137553e-05,-14.38096809387207,14.380944133050434,0.9999992535525292,1,0
137,3,x3,1010,1010,1011,-7.390962309727911e-06,-13.875006675720215,13.874999284757905,0.9999989555151929,1,0
137,4,c23,1011,1011,1010,-0.0004953134921379387,-7.625495433807373,7.625000120315235,0.9995115298813018,1,0
137,5,x2,1001,1001,1011,-3.898083377862349e-05,-15.251741409301758,15.25170242846798,0.9999996815495568,1,0
137,6,c23,1001,1001,1011,-5.125994903210085e-06,-13.475539207458496,13.475534081463593,0.9999976836574549,1,0
137,7,t210,1001,1001,0001,-7.569628360215575e-05,-9.875089645385742,9.87501394910214,0.9999317882420068,1,0
137,8,t210,1001,1001,0001,-4.291525783628458e-06,-12.375011444091797,12.375007152566013,0.9999956472988426,1,0
138,1,c21,1011,1011,1111,-8.153748058248311e-05,-10.000099182128906,10.000017644648324,0.9999192128383695,1,0
138,2,x3,1010,1010,1011,-1.525872266938677e-05,-13.000014305114746,12.999999046392077,0.9999962528700228,1,0
138,3,t321,1010,1010,1110,-0.011058801785111427,-4.511061191558838,4.5000023897737265,0.9890124317205553,1,0
138,4,t201,1110,1110,1010,-0.009763299487531185,-4.634763240814209,4.624999941326678,0.990290493656223,1,0
138,5,x2,1100,1100,1101,-0.0005654928972944617,-11.875565528869629,11.875000035972334,0.9999914568945779,1,0
138,6,t023,1100,1100,1101,-0.0017247009091079235,-6.376724720001221,6.375000019092113,0.9982942620334497,1,0
138,7,c32,1100,1100,1101,-2.3841844267735723e-06,-15.375001907348633,15.374999523164206,0.9999994752569212,1,0
138,8,x3,1101,1101,1100,-5.817325654788874e-05,-10.1250581741333,10.125000000876753,0.9999543769959366,1,0
139,1,s13,1001,1001,1100,-0.07958194613456726,-2.5794837474823,2.4999018013477325,0.9235650105945195,1,0
139,2,t312,1001,1001,1011,-0.0019665216095745564,-6.251968860626221,6.250002339016646,0.9980652072991041,1,0
139,3,s21,1001,1001,1100,-1.466265894123353e-05,-13.3959379196167,13.395923256957758,0.9999982034764602,1,0
139,4,x2,1011,1011,1010,-1.4066611583984923e-05,-14.625014305114746,14.625000238503162,0.9999993859167434,1,0
139,5,c23,1010,1010,1011,-0.13004188239574432,-2.1300418376922607,1.9999999552965164,0.8807966985161851,1,0
139,6,c30,1010,1010,0010,-1.4185855434334371e-05,-11.750020980834961,11.750006794979527,0.9999890971812494,1,0
139,7,x0,0010,0010,1010,-1.072883264896518e-06,-14.126502990722656,14.126501917839391,0.999999019385796,1,0
139,8,t231,0010,0010,0110,-7.987002391018905e-06,-12.000009536743164,12.000001549740773,0.99999345047034,1,0
140,1,c13,0110,0110,0111,-0.0776531845331192,-2.702653169631958,2.624999985098839,0.9253092478461699,1,0
140,2,x0,1110,1110,1100,-1.3113017303112429e-06,-14.812500953674316,14.812499642372586,0.999999232580978,1,0
140,3,s23,1101,1101,1011,-0.0039069983176887035,-5.771541595458984,5.767634597141296,0.9961171740081446,1,0
140,4,s32,1110,1011,1011,-3.2060539722442627,-0.04351378232240677,-3.162540189921856,0.040516321047069884,0,0
140,5,t230,1110,1110,0110,-3.874273534165695e-05,-11.251051902770996,11.251013160035654,0.9999823980382484,1,0
140,6,t231,1110,1110,1010,-0.00021419816766865551,-8.501385688781738,8.50117149061407,0.9997960052102949,1,0
140,7,s03,0111,0111,1110,-0.0017751723062247038,-6.377204418182373,6.375429245876148,0.9982909674304328,1,0
140,8,x2,0101,0101,1101,-2.384171420999337e-05,-14.50007438659668,14.50005054488247,0.9999989502599349,1,0
141,1,x2,1000,1000,1010,-5.578915443038568e-05,-10.250057220458984,10.250001431304554,0.9999608649938421,1,0
141,2,x2,1010,1010,1100,-6.007969204802066e-05,-16.126989364624023,16.126929284931975,0.9999998511692432,1,0
141,3,s01,0110,0110,1010,-5.125868847244419e-05,-16.000051498413086,16.000000239724613,0.9999997412747047,1,0
141,4,s02,1100,1100,0110,-0.005137237720191479,-5.379624366760254,5.374487129040062,0.9948795711088138,1,0
141,5,s31,1001,1001,1000,-0.022697119042277336,-3.8976969718933105,3.874999852851033,0.9776697524617645,1,0
141,6,t132,1001,1001,1011,-0.0001643770665396005,-8.752093315124512,8.751928938057972,0.9998389549611308,1,0
141,7,t201,1001,1001,1101,-0.00523945689201355,-5.255249500274658,5.250010043382645,0.9947793394854904,1,0
141,8,s02,0011,0011,0101,-0.0019405349157750607,-6.264451503753662,6.262510968837887,0.9980615590303151,1,0
142,1,x1,0000,0000,0001,-0.00015163037460297346,-9.875151634216309,9.875000003841706,0.9998926224191885,1,0
142,2,s13,0000,0000,0100,-0.01106235571205616,-4.511062145233154,4.499999789521098,0.9890117985400879,1,0
142,3,t201,0000,0000,0100,-4.768370445162873e-07,-14.625,14.624999523162955,0.9999994832825653,1,0
142,4,t321,0000,0000,1000,-4.768370445162873e-07,-16.62500762939453,16.625007152557487,0.9999998820541661,1,0
142,5,s01,0000,0000,0100,-0.00017045903950929642,-8.875170707702637,8.875000248663127,0.9998584110140079,1,0
142,6,t123,0000,0000,0100,-7.867784916015808e-06,-15.25001335144043,15.250005483655514,0.9999994736055118,1,0
142,7,t012,0000,0000,1000,-1.1920928244535389e-07,-16.37502098083496,16.37502086162568,0.9999998641943204,1,0
142,8,s23,0000,0000,0100,-3.504730557324365e-05,-11.126205444335938,11.126170397030364,0.9999679677673972,1,0
143,1,s01,0001,0001,0000,-1.7881388885143679e-06,-14.187501907348633,14.187500119209744,0.9999989534744292,1,0
143,2,s20,0001,0001,1000,-2.1457656202983344e-06,-13.38023567199707,13.38023352623145,0.9999982194239984,1,0
143,3,t130,0001,0001,1001,-0.0019288521725684404,-6.25193452835083,6.250005676178262,0.9980732084395776,1,0
143,4,s10,0001,0001,0101,0.0,-18.163042068481445,18.163042068481445,0.9999999724258722,1,0
143,5,x1,0101,0101,0001,-1.0132749594049528e-05,-14.000009536743164,13.99999940399357,0.9999986159252298,1,0
143,6,x2,0111,0111,1111,-0.00031049427343532443,-12.878682136535645,12.87837164226221,0.9999950906674335,1,0
143,7,t021,0111,0111,1111,-6.437292995542521e-06,-12.887530326843262,12.887523889550266,0.9999972484169335,1,0
143,8,x1,0011,0011,0111,-4.52994390798267e-06,-12.375005722045898,12.37500119210199,0.9999956281784619,1,0
144,1,c01,0111,0111,1011,-0.0003384980955161154,-8.000344276428223,8.000005778332707,0.9996622166354384,1,0
144,2,x0,1111,1111,1110,-1.4901123904564884e-05,-14.125014305114746,14.124999403990842,0.9999989794262887,1,0
144,3,c23,1110,1110,1111,-0.00013970803411211818,-9.250140190124512,9.2500004820904,0.9999013978843032,1,0
144,4,t120,0110,0110,1110,-0.0028527784161269665,-6.501527309417725,6.498674531001598,0.9971757836255688,1,0
144,5,x3,0111,0111,0011,-4.970931331627071e-05,-12.62504768371582,12.624997974402504,0.9999943949290614,1,0
144,6,s12,0111,0111,0011,-3.886172635247931e-05,-10.375032424926758,10.374993563200405,0.9999637279588205,1,0
144,7,c21,0011,0011,0111,-0.007619521114975214,-4.882622718811035,4.87500319769606,0.9924210345802493,1,0
144,8,s03,1010,1010,1011,-0.00025853741681203246,-10.875258445739746,10.874999908322934,0.9999736418363332,1,0
145,1,t203,0110,0110,0111,-0.011055730283260345,-4.511055946350098,4.500000216066837,0.989005730439223,1,0
145,2,t102,0110,0110,1100,-1.1444032679719385e-05,-14.656167984008789,14.65615653997611,0.9999990285086134,1,0
145,3,t301,0110,0110,1110,-1.7285221474594437e-05,-11.125730514526367,11.125713229304893,0.9999851209001456,1,0
145,4,s31,0011,0011,0110,-0.00042433012276887894,-8.12531566619873,8.124891336075962,0.9997031359279637,1,0
145,5,x3,0010,0010,0011,-9.536741458759934e-07,-14.5,14.499999046325854,0.9999993522054385,1,0
145,6,s21,0100,0100,0010,-0.025231875479221344,-3.773477792739868,3.748245917260647,0.9751373475591057,1,0
145,7,c20,0100,0100,1100,-0.6931493282318115,-0.6931560039520264,6.67572021484375e-06,0.5000006403794777,1,0
145,8,c12,0110,0110,0100,-3.397435648366809e-05,-11.12503433227539,11.125000357918907,0.9999850925792129,1,0
146,1,x1,0111,0111,0110,-7.283488957909867e-05,-9.687573432922363,9.687500598032784,0.999927760535663,1,0
146,2,t012,0111,0111,0110,-5.722036803490482e-06,-15.000005722045898,15.000000000009095,0.9999994811125711,1,0
146,3,x2,0101,0101,0011,-2.5629773517721333e-05,-14.875144958496094,14.875119328722576,0.9999994830382394,1,0
146,4,s12,0011,0011,0101,-0.00044026595423929393,-7.750452041625977,7.750011775671737,0.9995607293442021,1,0
146,5,x0,1011,1011,1001,-7.605339487781748e-05,-10.62507152557373,10.624995472178853,0.9999664064036532,1,0
146,6,t123,1011,1011,1010,-0.00014316638407763094,-10.125143051147461,10.124999884763383,0.99995184674575,1,0
146,7,x0,0011,0011,1011,-9.536739753457368e-07,-14.625086784362793,14.625085830688818,0.9999994266343725,1,0
146,8,s02,1001,1001,0011,-0.0003243237442802638,-8.125297546386719,8.124973222642438,0.9996794004773232,1,0
147,1,x2,1010,1010,1000,-3.850425127893686e-05,-11.375036239624023,11.374997735372745,0.9999844406905289,1,0
147,2,x3,1011,1011,1111,-3.266292333137244e-05,-15.518202781677246,15.518170118753915,0.9999996229656509,1,0
147,3,x0,0011,0011,0010,-2.3841835172788706e-06,-15.875001907348633,15.874999523165116,0.9999996971683491,1,0
147,4,t230,1011,1011,0011,-0.014184782281517982,-4.264163970947266,4.249979188665748,0.9859195719867493,1,0
147,5,s12,1101,1101,1011,-0.0006230983417481184,-7.6256208419799805,7.624997743638232,0.9995081522712644,1,0
147,6,s13,1101,1101,1011,-0.0020614105742424726,-6.3782124519348145,6.376151041360572,0.9979643531807573,1,0
147,7,s31,1101,1101,1011,-4.8994392273016274e-05,-10.375237464904785,10.375188470512512,0.9999514661217608,1,0
147,8,s12,1011,1011,1101,-0.0010353950783610344,-7.3526997566223145,7.351664361543953,0.9989697205940783,1,0
148,1,s12,0000,0000,0100,-0.00020633057283703238,-8.500215530395508,8.50000919982267,0.9997957059388638,1,0
148,2,s01,0000,0000,1000,-1.0728830375228426e-06,-15.125000953674316,15.124999880791279,0.9999997227915398,1,0
148,3,t031,0000,0000,1000,-3.576278118089249e-07,-15.50000286102295,15.500002503395137,0.9999997959008947,1,0
148,4,s01,0000,0000,1000,-4.923225787933916e-05,-10.812548637390137,10.812499405132257,0.9999791040669748,1,0
148,5,x3,0001,0001,0000,-1.2278502254048362e-05,-13.625012397766113,13.62500011926386,0.9999982016205814,1,0
148,6,s10,0001,0001,0000,-0.001931828330270946,-6.251932144165039,6.250000315834768,0.9980732577861362,1,0
148,7,t320,0001,0001,1001,-0.3132631182670593,-1.31327223777771,1.0000091195106506,0.7310595185361237,1,0
148,8,t301,0001,0001,1001,-4.5656124711968005e-05,-10.001326560974121,10.00128090484941,0.9999543922412206,1,0
149,1,c30,0100,0100,1100,-0.01815114915370941,-4.018194675445557,4.000043526291847,0.9820141229333806,1,0
149,2,x1,0000,0000,0001,-1.2993781638215296e-05,-12.50001335144043,12.500000357658791,0.9999935077639712,1,0
149,3,c21,0000,0000,0100,-7.688719051657245e-05,-9.500076293945312,9.499999406754796,0.9999249297280552,1,0
149,4,t301,0000,0000,0100,-3.576278402306343e-07,-15.875,15.87499964237216,0.9999998131367499,1,0
149,5,x2,0010,0010,0000,-2.312636934220791e-05,-13.627498626708984,13.627475500339642,0.9999986813933209,1,0
149,6,c23,0011,0011,0010,-0.00018809600442182273,-8.625187873840332,8.62499977783591,0.9998204123979014,1,0
149,7,x2,0001,0001,0101,-5.3285755711840466e-05,-17.25002098083496,17.24996769507925,0.9999999222558447,1,0
149,8,c32,0011,0011,0010,-0.38750267028808594,-1.137502670288086,0.75,0.6787532348991075,1,0
150,1,s20,0011,0011,0010,-0.008950012736022472,-4.758950233459473,4.75000022072345,0.9911124964943333,1,0
150,2,c32,0001,0001,0011,-0.0059309243224561214,-5.130943775177002,5.125012850854546,0.9940885623619141,1,0
150,3,t120,0001,0001,1001,-1.4305107924883487e-06,-13.625031471252441,13.625030040741649,0.9999985117504724,1,0
150,4,x0,1001,1001,1101,-1.2040076398989186e-05,-13.380941390991211,13.380929350914812,0.9999977949212981,1,0
150,5,c30,0001,0001,1001,-7.497984915971756e-05,-9.625075340270996,9.625000360421836,0.9999336565133576,1,0
150,6,x1,0101,0101,0001,-9.536711331747938e-06,-14.375009536743164,14.375000000031832,0.9999986409801784,1,0
150,7,c20,0101,0101,1101,-0.38687190413475037,-1.1368919610977173,0.7500200569629669,0.6791811412648333,1,0
150,8,s02,0101,0101,1001,-4.899445048067719e-05,-10.383744239807129,10.383695245356648,0.9999579988613383,1,0
151,1,s31,1110,1110,0111,-0.02976461872458458,-3.8284261226654053,3.7986615039408207,0.9720568133222529,1,0
151,2,s32,1101,1101,1011,-0.0267490241676569,-3.6516623497009277,3.624913325533271,0.9737885661522199,1,0
151,3,t301,1001,1101,1101,-0.8259509205818176,-0.5759425759315491,-0.25000834465026855,0.4378189545152195,0,0
151,4,s20,0011,0011,0101,-0.00016319024143740535,-9.438376426696777,9.43821323645534,0.99983704554068,1,0
151,5,x3,0010,0010,1010,-1.9311732103233226e-05,-15.32929801940918,15.329278707677076,0.9999995884828149,1,0
151,6,s12,0100,0100,0010,-0.011081002652645111,-4.511428356170654,4.500347353518009,0.9889848727271374,1,0
151,7,t130,0100,0100,1100,-0.00016080065688584,-8.750200271606445,8.75003947094956,0.9998400751824693,1,0
151,8,c32,0100,0100,0000,-8.344647994817933e-07,-14.875025749206543,14.875024914741743,0.9999993297313542,1,0
152,1,t132,1000,1000,0001,-1.7046861103153788e-05,-12.451400756835938,12.451383709974834,0.9999874621723666,1,0
152,2,c03,1001,1001,1000,-0.00020883396791759878,-8.500207901000977,8.499999067033059,0.9997938477546544,1,0
152,3,x1,1101,1101,1111,-3.814654701272957e-05,-13.625061988830566,13.625023842283554,0.9999985376794122,1,0
152,4,t321,1101,1101,1001,-0.0002658050216268748,-8.500266075134277,8.50000027011265,0.9997945455484674,1,0
152,5,c02,1111,1111,1110,-1.776211502146907e-05,-11.625018119812012,11.62500035769699,0.9999900787054496,1,0
152,6,s21,1111,1111,1110,-7.51017068978399e-06,-13.500006675720215,13.499999165549525,0.9999975397474384,1,0
152,7,t032,1101,1101,1111,-0.005935439374297857,-5.131845951080322,5.125910511706024,0.9940880612141358,1,0
152,8,x3,1100,1100,1000,-4.0292397898156196e-05,-12.776323318481445,12.776283026083547,0.999996156042324,1,0
153,1,s32,0111,0111,0011,-0.008991696871817112,-4.758988857269287,4.74999716039747,0.9910835553431201,1,0
153,2,s10,1011,1011,0111,-3.075576387345791e-05,-11.375028610229492,11.374997854465619,0.9999733374161747,1,0
153,3,s12,1101,1101,1011,-0.018153179436922073,-4.018150329589844,3.9999971501529217,0.9820121214619071,1,0
153,4,x3,1100,1100,1110,-0.0012887035263702273,-6.688767910003662,6.687479206477292,0.9987231125057171,1,0
153,5,t102,1110,1110,1100,-0.0005597730632871389,-7.500561237335205,7.500001464271918,0.9994453206415307,1,0
153,6,s30,0111,0111,1110,-0.002812379039824009,-5.877895355224609,5.875082976184785,0.9971975426619293,1,0
153,7,s21,0111,0111,0011,-1.54972008203913e-06,-13.625000953674316,13.624999403954234,0.9999984827702584,1,0
153,8,s12,0111,0111,0011,-0.0002659217861946672,-8.250261306762695,8.2499953849765,0.9997385937155749,1,0
154,1,x0,1000,1000,1100,-1.7404474419890903e-05,-12.500018119812012,12.500000715337592,0.9999929751462515,1,0
154,2,s32,1000,1000,0001,-5.6027918617473915e-05,-11.22325611114502,11.223200083226402,0.999962101663195,1,0
154,3,x2,1010,1010,1000,-7.664874283364043e-05,-15.750076293945312,15.749999645202479,0.9999996965303857,1,0
154,4,t021,1110,1110,1010,-0.016099076718091965,-4.14109468460083,4.124995607882738,0.9840845040114171,1,0
154,5,c02,1100,1100,1010,-5.030562533647753e-05,-10.27281379699707,10.272763491371734,0.9999507372210957,1,0
154,6,t203,1100,1100,1101,-0.0010493425652384758,-6.876049041748047,6.874999699182808,0.9989617949884563,1,0
154,7,s31,1001,1001,1000,-0.002264611655846238,-6.377264499664307,6.37499988800846,0.9977709989549625,1,0
154,8,c20,1001,1001,0001,-0.002811070764437318,-5.877813816070557,5.875002745306119,0.9971935759503097,1,0
155,1,c32,1010,1010,1000,-0.0019787971395999193,-6.252041816711426,6.250063019571826,0.9980268255009508,1,0
155,2,s20,1010,1010,1001,-0.0001335091219516471,-9.250185012817383,9.250051503695431,0.9998684614743689,1,0
155,3,c12,1010,1010,1000,-0.0006453216774389148,-7.413686275482178,7.413040953804739,0.9993721588565417,1,0
155,4,x1,1110,1110,1100,-2.9205850296420977e-05,-16.875028610229492,16.874999404379196,0.9999999211370969,1,0
155,5,x1,1010,1010,1110,-1.895418972708285e-05,-11.751946449279785,11.751927495090058,0.9999908276692794,1,0
155,6,c23,1011,1011,1010,-0.17985408008098602,-1.8048540353775024,1.6249999552965164,0.8354774859681983,1,0
155,7,x3,1010,1010,1011,-1.2159300240455195e-05,-12.875012397766113,12.875000238465873,0.999997196625169,1,0
155,8,c32,1010,1010,1110,-1.5973972040228546e-05,-11.500014305114746,11.499998331142706,0.9999868591825388,1,0
156,1,s32,0010,0010,0001,-0.31431150436401367,-1.3144645690917969,1.0001530647277832,0.7303011447883614,1,0
156,2,c32,0010,0010,0011,-4.7683712978141557e-07,-15.25,15.24999952316287,0.9999996497301437,1,0
156,3,x0,1010,1010,1110,-5.960289854556322e-05,-14.500080108642578,14.500020505744033,0.9999991060403004,1,0
156,4,c10,1010,1010,1110,-0.0004940034123137593,-7.625494480133057,7.625000476720743,0.9995072773594313,1,0
156,5,t021,1110,1110,1010,-0.012526139616966248,-4.387520790100098,4.374994650483131,0.9875624082473777,1,0
156,6,s31,1011,1011,1010,-0.002686901716515422,-6.377686977386475,6.375000075669959,0.9981615193367701,1,0
156,7,x3,1010,1010,1011,-1.6927660908550024e-05,-12.625017166137695,12.625000238476787,0.9999945098338203,1,0
156,8,x1,1110,1110,1010,-4.172317403572379e-06,-16.250808715820312,16.25080454350291,0.9999998049589208,1,0
157,1,x1,0101,0101,1101,-3.0874802178004757e-05,-10.50032901763916,10.500298142836982,0.9999702368536189,1,0
157,2,c12,0111,0111,0101,-3.2186297175940126e-05,-11.125028610229492,11.124996423932316,0.9999841120087294,1,0
157,3,c03,0111,0111,0011,-1.5020327737147454e-05,-13.000012397766113,12.999997377438376,0.9999961521795725,1,0
157,4,x3,0110,0110,0010,-6.914128789503593e-06,-14.500005722045898,14.499998807917109,0.9999989088276284,1,0
157,5,c23,0111,0111,0110,-0.00027880287962034345,-8.37527847290039,8.37499967002077,0.9997686802339912,1,0
157,6,x2,0101,0101,0011,-3.0397975933738053e-05,-13.562529563903809,13.562499165927875,0.9999984080423402,1,0
157,7,t203,0101,0101,0001,-2.0265574676159304e-06,-14.250067710876465,14.250065684318997,0.9999986092483657,1,0
157,8,s30,1100,1100,0101,-8.403950778301805e-05,-10.750090599060059,10.750006559552276,0.9999723731572595,1,0
158,1,x0,1101,1101,0101,-0.006723094265908003,-5.006716251373291,4.999993157107383,0.9933051796348971,1,0
158,2,c01,1001,1001,1101,-9.822542051551864e-05,-9.500205039978027,9.500106814557512,0.9999121294541398,1,0
158,3,t201,1001,1001,1101,-0.005264964886009693,-5.255302429199219,5.250037464313209,0.9947789749918585,1,0
158,4,c30,0001,0001,1001,-0.0003262463433202356,-8.50021743774414,8.49989119140082,0.999687428153652,1,0
158,5,t213,0001,0001,0101,-2.0503894120338373e-05,-12.889589309692383,12.889568805798262,0.9999960297976617,1,0
158,6,t013,0001,0001,1001,-4.7683712978141557e-07,-15.701419830322266,15.701419353485136,0.999999586270248,1,0
158,7,x0,1001,1001,0001,-1.4901104805176146e-05,-12.687508583068848,12.687493681964042,0.9999942771211914,1,0
158,8,x0,0001,0001,1001,-1.5258685380103998e-05,-11.503615379333496,11.503600120648116,0.9999890285179541,1,0
159,1,s01,0100,0100,0010,-3.5166245652362704e-05,-11.068184852600098,11.068149686354445,0.9999665401342971,1,0
159,2,c12,0110,0110,0100,-0.0002643720363266766,-8.250265121459961,8.250000749423634,0.9997385177279855,1,0
159,3,x1,0010,0010,0110,-2.849074371624738e-05,-10.750027656555176,10.74999916581146,0.9999771677175469,1,0
159,4,s10,0010,0010,0110,-7.867794010962825e-06,-13.25764274597168,13.257634878177669,0.999997841228764,1,0
159,5,c10,0010,0010,1010,-2.9802276912960224e-06,-13.375003814697266,13.375000834469574,0.99999843529215,1,0
159,6,x2,0000,0000,0001,-3.719278902281076e-05,-10.37503719329834,10.375000000509317,0.9999672719532662,1,0
159,7,t302,0000,0000,1000,-3.576278118089249e-07,-16.37500762939453,16.37500727176672,0.9999998332474107,1,0
159,8,t013,0000,0000,1000,-2.8610202207346447e-06,-13.125032424926758,13.125029563906537,0.9999974062592796,1,0
160,1,t023,1011,1010,1010,-0.8268700242042542,-0.5768700242042542,-0.25,0.43741941742280843,0,0
160,2,c01,1111,1111,1110,-1.764286389516201e-05,-13.500018119812012,13.500000476948117,0.9999978686967069,1,0
160,3,t032,1101,1101,1011,-0.00022696172527503222,-8.875160217285156,8.874933255559881,0.999784947321372,1,0
160,4,s21,1011,1011,1101,-0.00048285615048371255,-8.003205299377441,8.002722443226958,0.9995817278280527,1,0
160,5,s21,1101,1101,1011,-0.0013790131779387593,-7.12580680847168,7.124427795293741,0.9986365933015625,1,0
160,6,c23,1101,1101,1111,-0.0016139659564942122,-6.975648403167725,6.97403443721123,0.9984441387972158,1,0
160,7,s23,1110,1110,1011,-0.00013470150588545948,-9.25027847290039,9.250143771394505,0.9998664584635422,1,0
160,8,s02,1110,1110,1101,-0.0010929590789601207,-7.251091003417969,7.249998044339009,0.9989078740202475,1,0
161,1,s02,0110,0110,1100,-0.003732741577550769,-5.6297760009765625,5.626043259399012,0.9962772655494326,1,0
161,2,c31,0110,0110,1110,-1.4305039258033503e-05,-11.561999320983887,11.561985015944629,0.9999896693309841,1,0
161,3,c02,0110,0110,0010,-2.8610218123503728e-06,-14.750020027160645,14.750017166138832,0.9999989437138395,1,0
161,4,c01,0110,0110,1010,-1.2874529602413531e-05,-11.62509822845459,11.625085353924987,0.9999909326551671,1,0
161,5,c32,0110,0110,0111,-0.00012897631677333266,-14.875127792358398,14.874998816041625,0.9999991070953679,1,0
161,6,t023,0110,0110,0111,-8.022502152016386e-05,-9.500081062316895,9.500000837295374,0.9999241420131301,1,0
161,7,c12,0100,0100,0110,-0.1132175549864769,-2.2381186485290527,2.124901093542576,0.8930172880035635,1,0
161,8,t012,0100,0100,0110,-5.960463909104874e-07,-15.125,15.124999403953609,0.9999995248489777,1,0
162,1,s23,1100,1100,1001,-0.012637787498533726,-4.395839214324951,4.3832014268264174,0.9875429988008766,1,0
162,2,x0,0100,0100,0101,-4.768363396578934e-06,-14.125004768371582,14.125000000008185,0.9999989776323351,1,0
162,3,s12,0010,0010,0100,-0.0005823030369356275,-7.500558853149414,7.499976550112478,0.9994227441875674,1,0
162,4,s10,0010,0010,0110,-4.768367489305092e-06,-13.179763793945312,13.179759025577823,0.9999975262209087,1,0
162,5,c13,0010,0010,0011,-0.0003657967899926007,-8.000365257263184,7.999999460473191,0.9996616511857394,1,0
162,6,s01,0010,0010,0100,-4.4107387111580465e-06,-13.349082946777344,13.349078536038633,0.999997172944654,1,0
162,7,t102,0010,0010,0011,-2.3841856489070778e-07,-15.625,15.624999761581435,0.9999997281421154,1,0
162,8,x0,1010,1010,1110,-3.2782088965177536e-05,-10.75004768371582,10.750014901626855,0.9999771617923667,1,0
163,1,s01,0101,0101,0100,-0.00013124346151016653,-11.250131607055664,11.250000363594154,0.9999757206985872,1,0
163,2,s20,0101,0101,1001,-1.716607039270457e-05,-11.87597942352295,11.875962257452557,0.9999924594839693,1,0
163,3,t312,0111,0111,0101,-1.919262285809964e-05,-11.625014305114746,11.624995112491888,0.9999888762243464,1,0
163,4,x1,0011,0011,0111,-2.9682725653401576e-05,-11.812532424926758,11.812502742201104,0.9999921363622103,1,0
163,5,x2,0001,0001,0010,-9.595894516678527e-05,-13.190402030944824,13.190306071999657,0.9999980657209147,1,0
163,6,c31,0101,0101,0001,-0.0003359947295393795,-8.000335693359375,7.999999698629836,0.9996643226239783,1,0
163,7,x1,0001,0001,0101,-5.96045310885529e-06,-12.437507629394531,12.437501668941422,0.9999957068205132,1,0
163,8,s10,0001,0001,0000,-4.768360213347478e-06,-16.875003814697266,16.874999046337052,0.9999999191680083,1,0
164,1,s01,1010,1010,0110,-0.28115609288215637,-1.4061546325683594,1.124998539686203,0.7549131510434282,1,0
164,2,x2,1000,1000,1010,-1.6450780094601214e-05,-13.506731033325195,13.5067145825451,0.9999976730022256,1,0
164,3,s10,0100,0100,0010,-2.6345014703110792e-05,-10.750426292419434,10.75039994740473,0.9999773696050189,1,0
164,4,s03,0100,0100,1100,-0.0007427631062455475,-7.251518726348877,7.250775963242631,0.9992850629032196,1,0
164,5,c32,0100,0100,0110,-7.152556804612686e-07,-15.375000953674316,15.375000238418636,0.9999995564401825,1,0
164,6,t321,0100,0100,0000,-7.510161140089622e-06,-11.875011444091797,11.875003933930657,0.9999928141759074,1,0
164,7,x2,0110,0110,1110,-5.006779247196391e-06,-15.188333511352539,15.188328504573292,0.9999992256187141,1,0
164,8,c03,0110,0110,0010,-9.41751932259649e-06,-13.078902244567871,13.078892827048548,0.9999964551149739,1,0
165,1,c31,0100,0100,0000,-0.038065873086452484,-3.2881510257720947,3.2500851526856422,0.9626611706218453,1,0
165,2,t123,0100,0100,0101,-1.668923141551204e-05,-11.500015258789062,11.499998569557647,0.9999892360623027,1,0
165,3,x1,0000,0000,0100,-0.00010871418635360897,-9.25010871887207,9.250000004685717,0.9999029671698744,1,0
165,4,c01,0000,0000,0100,-2.5033932615770027e-06,-13.37500286102295,13.375000357629688,0.9999982045190549,1,0
165,5,s12,0000,0000,0100,-1.4305110198620241e-06,-14.375006675720215,14.375005245209195,0.9999991487666916,1,0
165,6,t021,0000,0000,0100,-2.3841855067985307e-07,-15.25,15.24999976158145,0.9999997310583343,1,0
165,7,c02,0000,0000,0100,-2.3841856489070778e-07,-16.25,16.249999761581435,0.9999998386807885,1,0
165,8,t021,0000,0000,0100,-8.344646857949556e-07,-14.000000953674316,14.00000011920963,0.9999991105205543,1,0
166,1,c23,1111,1111,1110,-0.01422650646418333,-4.26422643661499,4.249999930150807,0.985929862119803,1,0
166,2,s12,1111,1111,1110,-0.00026282615726813674,-8.312763214111328,8.31250038795406,0.999754171823955,1,0
166,3,x0,0111,0111,1111,-1.5497195136049413e-06,-16.50000762939453,16.500006079675018,0.9999999020253862,1,0
166,4,c12,0101,0101,0111,-0.0004394626012071967,-8.00044059753418,8.000001134932972,0.9996644130223314,1,0
166,5,s31,0101,0101,0011,-0.0003818991535808891,-8.125438690185547,8.125056791031966,0.9996181573184656,1,0
166,6,s03,1100,1100,1101,-1.3709021914110053e-05,-11.625012397766113,11.6249986887442,0.9999892308291687,1,0
166,7,s23,1100,1100,1001,-0.0017922696424648166,-6.382769584655762,6.380977315013297,0.9982227248379201,1,0
166,8,x1,1000,1000,1100,-8.737852476770058e-05,-10.125099182128906,10.125011803604139,0.9999580766104348,1,0
167,1,c32,0011,0001,0001,-0.825965166091919,-0.5759564638137817,-0.2500087022781372,0.4378186330038064,0,0
167,2,s23,0011,0011,0001,-0.02345222607254982,-3.7732484340667725,3.7497962079942226,0.9768220832978433,1,0
167,3,s02,1001,1001,0011,-0.0003884604084305465,-8.250265121459961,8.24987666105153,0.9996153340610271,1,0
167,4,t301,1101,1101,1001,-0.01105024665594101,-4.511049747467041,4.4999995008111,0.9890114506831323,1,0
167,5,c02,1111,1111,1011,-2.6345052901888266e-05,-10.879645347595215,10.879619002542313,0.9999798359269114,1,0
167,6,s20,1111,1111,1110,-6.186890095705166e-05,-10.375061988830566,10.37500011992961,0.9999381906550712,1,0
167,7,c13,1110,1111,1111,-0.898129940032959,-0.523129940032959,-0.375,0.40733253934969144,0,0
167,8,s21,1110,1110,1011,-0.0005415673949755728,-7.62563419342041,7.625092626025435,0.9994780311401074,1,0
168,1,c20,0011,0011,1011,-0.11289322376251221,-2.237830877304077,2.124937653541565,0.8932618837258859,1,0
168,2,s02,1001,1001,1000,-0.0001472181174904108,-9.500146865844727,9.499999647727236,0.9998585098872301,1,0
168,3,t201,1001,1001,1101,-0.0011815062025561929,-6.751184463500977,6.75000295729842,0.9988296794460574,1,0
168,4,t302,1011,1011,1001,-0.22542227804660797,-1.6004209518432617,1.3749986737966537,0.7981844873630839,1,0
168,5,c21,1111,1111,1011,-0.029780223965644836,-3.529777765274048,3.499997541308403,0.9706778526838362,1,0
168,6,s12,1111,1111,1110,-1.2278518624952994e-05,-12.375012397766113,12.375000119247488,0.9999954876677151,1,0
168,7,c20,0111,0111,1111,-4.768370445162873e-07,-14.750001907348633,14.750001430511588,0.9999995976898495,1,0
168,8,t012,0111,0111,0110,-2.8610190838662675e-06,-15.37500286102295,15.375000000003865,0.999999739159043,1,0
169,1,x3,0001,0001,0000,-8.821469236863777e-06,-12.125008583068848,12.12499976159961,0.9999923483417286,1,0
169,2,t210,0001,0001,1001,-5.125989900989225e-06,-12.375033378601074,12.375028252611173,0.9999950257092985,1,0
169,3,s01,0001,0001,1000,-2.3841855067985307e-07,-17.696115493774414,17.696115255355863,0.9999999669179955,1,0
169,4,c12,0001,0001,0011,-0.00016533071175217628,-8.750201225280762,8.75003589456901,0.9998415020314696,1,0
169,5,c23,0001,0001,0011,-0.00018225505482405424,-12.655617713928223,12.655435458873399,0.9999954300006749,1,0
169,6,t130,0001,0001,1001,-0.005235770251601934,-5.25527811050415,5.2500423402525485,0.9947799077856445,1,0
169,7,c31,0101,0101,0001,-0.00018022833683062345,-8.625179290771484,8.624999062434654,0.999820173029986,1,0
169,8,s02,0101,0101,1100,-0.0009084669873118401,-7.377913475036621,7.377005008049309,0.9990919389068497,1,0
170,1,x1,0011,0011,1011,-5.5907821661094204e-05,-9.875164985656738,9.875109077835077,0.9999445847063635,1,0
170,2,s13,0110,0110,0011,-0.0021674325689673424,-6.626530170440674,6.6243627378717065,0.997848449135927,1,0
170,3,t231,0110,0110,0111,-4.52994936495088e-06,-14.250004768371582,14.250000238422217,0.9999987622726311,1,0
170,4,s20,1100,1100,0110,-0.0004901327774859965,-8.250266075134277,8.249775942356791,0.9995373819051709,1,0
170,5,s20,0110,0110,1100,-2.8490809199865907e-05,-10.875280380249023,10.875251889439824,0.9999715465769758,1,0
170,6,s30,0110,0110,0111,-0.0002478220849297941,-9.000247955322266,9.000000133237336,0.9997606758038039,1,0
170,7,t210,1110,1110,1010,-0.0005566736799664795,-7.50055456161499,7.499997887935024,0.9994446402021885,1,0
170,8,s02,1110,1110,0111,-0.0004506568657234311,-7.875380516052246,7.874929859186523,0.9995500546309932,1,0
171,1,t032,0001,0001,0101,-0.0001425642112735659,-14.125143051147461,14.125000486936187,0.9999988787040414,1,0
171,2,t201,0001,0001,1001,-8.344647994817933e-07,-14.500041961669922,14.500041127205122,0.9999993480485816,1,0
171,3,c03,0001,0001,1000,-6.675698841718258e-06,-14.252218246459961,14.25221157076112,0.9999991598832797,1,0
171,4,t301,0001,0001,1001,-0.00015841660206206143,-8.750713348388672,8.75055493178661,0.9998415121949407,1,0
171,5,s13,0100,0100,0001,-0.01945720799267292,-4.019442081451416,3.999984873458743,0.9819958687005743,1,0
171,6,c20,0100,1100,1100,-1.136876106262207,-0.3868862986564636,-0.7499898076057434,0.32082103316187904,0,0
171,7,t201,0100,0100,0000,-1.752362550178077e-05,-11.00012493133545,11.000107407709947,0.99998263400555,1,0
171,8,c03,0100,0100,1100,-5.841247002535965e-06,-13.377001762390137,13.376995921143134,0.9999970835222718,1,0
172,1,c32,0000,0000,0010,-2.074223266390618e-05,-10.875020027160645,10.87499928492798,0.9999795762954452,1,0
172,2,t203,0000,0000,1000,-5.960463909104874e-07,-15.875014305114746,15.875013709068355,0.9999997055104816,1,0
172,3,s12,0000,0000,0100,-5.960463340670685e-07,-16.125015258789062,16.12501466274273,0.9999998383931888,1,0
172,4,c30,0000,0000,1000,-2.3841830625315197e-06,-13.125003814697266,13.125001430514203,0.9999979841031235,1,0
172,5,x0,1000,1000,0000,-1.3470560588757508e-05,-15.625,15.624986529439411,0.9999997665847481,1,0
172,6,x2,1010,1010,1000,-5.7814893807517365e-05,-15.375056266784668,15.37499845189086,0.9999995353198946,1,0
172,7,s23,1001,1001,0001,-0.03258703649044037,-3.67283034324646,3.6402433067560196,0.9679630268971509,1,0
172,8,c23,1001,1001,1011,-2.872922777896747e-05,-13.6275634765625,13.627534747334721,0.9999979911939351,1,0
173,1,s03,0100,0100,1100,-0.12694935500621796,-2.1271045207977295,2.0001551657915115,0.8808018568138694,1,0
173,2,s13,0001,0001,0100,-0.0008661278407089412,-7.250756740570068,7.249890612729359,0.9991803569304889,1,0
173,3,s03,1000,1000,1001,-0.00023374926240649074,-10.25023365020752,10.249999900945113,0.9999566824024918,1,0
173,4,c02,1010,1010,1000,-0.0002164633187931031,-8.500211715698242,8.499995252379449,0.999793506780086,1,0
173,5,x1,1110,1110,1100,-5.9483707445906475e-05,-16.750059127807617,16.74999964410017,0.9999998547178555,1,0
173,6,s23,1101,1101,1001,-0.005301414057612419,-6.209829330444336,6.2045279163867235,0.9947935010192578,1,0
173,7,t301,1001,1101,1101,-1.1368783712387085,-0.3868768811225891,-0.7500014901161194,0.32082027949282055,0,0
173,8,t013,1001,1001,1000,-0.00016282734577544034,-8.750163078308105,8.75000025096233,0.9998388981000638,1,0
174,1,t203,0010,0010,0011,-2.8371507141855545e-05,-10.625027656555176,10.624999285048034,0.9999716984336958,1,0
174,2,c02,0010,0010,0110,-1.0728833785833558e-06,-15.125432014465332,15.125430941581953,0.9999995819184031,1,0
174,3,t230,0010,0010,1010,-6.556297012139112e-05,-10.000076293945312,10.000010730975191,0.9999545140454201,1,0
174,4,x2,0000,0000,0001,-3.576242670533247e-05,-11.625035285949707,11.624999523523002,0.9999896139904917,1,0
174,5,s30,0000,0000,0001,-1.7881386611406924e-06,-14.125001907348633,14.125000119209972,0.9999988885622867,1,0
174,6,x1,0100,0100,0110,-5.722031346522272e-06,-15.000005722045898,15.000000000014552,0.9999996349317972,1,0
174,7,x0,1100,1100,0100,-4.589454329106957e-05,-10.000045776367188,9.999999881823896,0.9999541523711558,1,0
174,8,s23,1100,1100,1001,-0.14272966980934143,-2.0223300457000732,1.8796003758907318,0.8669931724336989,1,0
175,1,s20,0001,0001,1000,-0.0003056073619518429,-8.125385284423828,8.125079677061876,0.9997003113029073,1,0
175,2,c20,0001,0001,1001,-0.002805228577926755,-5.877807140350342,5.875001911772415,0.9971990431435226,1,0
175,3,t023,0001,0001,0011,-3.0994390272098826e-06,-14.375092506408691,14.375089406969664,0.9999991235093391,1,0
175,4,x1,0101,0101,0001,-2.264975591970142e-06,-14.125001907348633,14.12499964237304,0.999999101126086,1,0
175,5,t320,0101,1101,1101,-2.8119680881500244,-0.06196855381131172,-2.7499995343387127,0.06008665443204377,0,0
175,6,x2,0111,0111,0110,-4.410739620652748e-06,-14.125003814697266,14.124999403957645,0.9999990234472842,1,0
175,7,c21,0011,0011,0111,-0.0036072104703634977,-5.628609657287598,5.625002446817234,0.9964058315480736,1,0
175,8,t231,0111,0111,0011,-0.04858815297484398,-3.0485877990722656,2.9999996460974216,0.9525738707826992,1,0
176,1,s02,1010,1010,0011,-0.005569986067712307,-5.289216995239258,5.2836470091715455,0.9944456323843214,1,0
176,2,x3,1011,1011,1111,-2.038464299403131e-05,-14.75765323638916,14.757632851746166,0.9999993190472173,1,0
176,3,s12,1101,1101,1011,-4.088842251803726e-05,-10.750036239624023,10.749995351201505,0.9999735804457605,1,0
176,4,c31,1001,1001,1101,-0.00015710791922174394,-8.875144004821777,8.874986896902556,0.9998471191726724,1,0
176,5,c32,1011,1011,1001,-8.725836960365996e-05,-9.50008487701416,9.499997618644556,0.9999194308347303,1,0
176,6,x3,1010,1010,1011,-2.45569917751709e-05,-13.125024795532227,13.125000238540451,0.9999974722598578,1,0
176,7,t120,1010,1010,0010,-0.0067513482645154,-5.480973243713379,5.4742218954488635,0.9932719197423777,1,0
176,8,t023,1011,1010,1010,-1.7014394998550415,-0.20143945515155792,-1.5000000447034836,0.18242398430368373,0,0
177,1,c23,0010,0010,0011,-0.0032368823885917664,-5.753236770629883,5.749999888241291,0.9968053103477714,1,0
177,2,t123,0010,0010,0011,-0.00011360050848452374,-9.125113487243652,9.124999886735168,0.9998910135840786,1,0
177,3,x0,1010,1010,1110,-3.635818211478181e-05,-11.750114440917969,11.750078082735854,0.9999919161502399,1,0
177,4,t213,1010,1010,1011,-0.0007052816799841821,-7.375705242156982,7.374999960476998,0.9993641309477205,1,0
177,5,x1,1110,1110,1100,-1.0847991688933689e-05,-15.375011444091797,15.375000596100108,0.9999997000087807,1,0
177,6,s12,1110,1110,1011,-0.00011980101407971233,-10.750121116638184,10.750001315624104,0.9999664054749469,1,0
177,7,s32,1101,1101,1011,-0.02399299666285515,-3.773750066757202,3.749757070094347,0.976483193332733,1,0
177,8,t130,0101,1101,1101,-1.9102306365966797,-0.1602345108985901,-1.7499961256980896,0.14804752745160218,0,0
178,1,t123,1001,1001,0001,-1.8954215192934498e-05,-12.750032424926758,12.750013470711565,0.9999916269495626,1,0
178,2,t103,1001,1001,1100,-2.0384621166158468e-05,-11.127837181091309,11.127816796470142,0.9999837713658193,1,0
178,3,s01,0101,0101,0011,-0.0009288208093494177,-7.000938415527344,7.000009594717994,0.9990861322935813,1,0
178,4,s23,0110,0110,0101,-0.0018481907900422812,-6.376926898956299,6.3750787081662565,0.9981747431886375,1,0
178,5,c03,0110,0110,0010,-3.695466148201376e-05,-11.37594223022461,11.375905275563127,0.9999851252101118,1,0
178,6,t103,0110,0110,0111,-0.00021765960264019668,-8.625218391418457,8.625000731815817,0.9997955092515416,1,0
178,7,s01,1010,1010,0110,-1.4901064787409268e-05,-13.000016212463379,13.000001311398591,0.9999974392946229,1,0
178,8,t310,1010,1010,1110,-1.3709013728657737e-05,-11.500018119812012,11.500004410798283,0.9999885270699809,1,0
179,1,x1,0100,0100,1100,-2.5510515115456656e-05,-10.750027656555176,10.75000214604006,0.999977460528347,1,0
179,2,c13,0101,0101,0100,-0.029911797493696213,-3.529911756515503,3.4999999590218067,0.9705360937451472,1,0
179,3,s03,1100,1100,1001,-2.5272158381994814e-05,-12.250164985656738,12.250139713498356,0.9999933827810461,1,0
179,4,x1,1000,1000,1100,-8.678204903844744e-05,-9.875086784362793,9.875000002313755,0.9999480196808822,1,0
179,5,t321,1000,1000,1100,-1.8596558220451698e-05,-11.500020027160645,11.500001430602424,0.999988077192839,1,0
179,6,x2,1010,1010,1000,-0.00016413800767622888,-14.000164031982422,13.999999893974746,0.9999983795149404,1,0
179,7,c30,1010,1010,0010,-1.3709018276131246e-05,-13.375009536743164,13.374995827724888,0.9999978213646461,1,0
179,8,t120,1010,1010,0011,-0.004080073442310095,-5.552717208862305,5.548637135419995,0.9959284532009913,1,0
180,1,s13,0011,0011,0110,-0.011112861335277557,-4.511132717132568,4.500019855797291,0.9890082705240194,1,0
180,2,t023,0011,0011,0111,-9.417495675734244e-06,-14.503190040588379,14.503180623092703,0.9999993825704634,1,0
180,3,x3,0010,0010,0011,-1.7881383200801793e-06,-15.500000953674316,15.499999165535996,0.9999996058512065,1,0
180,4,s03,0010,0010,1010,-0.0017554870573803782,-6.380866050720215,6.3791105636628345,0.9982977978252783,1,0
180,5,t302,0010,0010,0011,-5.960463340670685e-07,-16.25,16.249999403953666,0.999999853589094,1,0
180,6,c20,1010,1010,0010,-0.01819774881005287,-4.018150806427002,3.999953057616949,0.9819878972729048,1,0
180,7,c23,1011,1011,1010,-0.061984725296497345,-2.8119845390319824,2.749999813735485,0.9399082061047003,1,0
180,8,t213,1011,1011,1010,-0.0012818435207009315,-6.75128173828125,6.749999894760549,0.9987778724418717,1,0
181,1,t201,0111,0111,1011,-0.0005579848657362163,-7.534200668334961,7.533642683469225,0.9994429298164342,1,0
181,2,t102,0111,0111,0110,-1.1086437552876305e-05,-15.25001049041748,15.249999403979928,0.9999994235718218,1,0
181,3,x3,0110,0110,0010,-1.3351417692319956e-05,-13.125054359436035,13.125041008018343,0.9999971126911785,1,0
181,4,s21,0110,0110,0011,-0.0001768992078723386,-9.500081062316895,9.499904163109022,0.9998536504846653,1,0
181,5,c03,0110,0110,0010,-3.766982626984827e-05,-11.724112510681152,11.724074840854882,0.9999818160917228,1,0
181,6,t102,0110,0110,0111,-2.6226034606224857e-06,-14.25000286102295,14.250000238419489,0.9999982842380082,1,0
181,7,c31,0110,0110,0010,-9.929669613484293e-05,-9.250102043151855,9.25000274645572,0.9999036447306426,1,0
181,8,x2,0100,0100,0101,-0.0001978713262360543,-10.375197410583496,10.37499953925726,0.9999664616003603,1,0
182,1,t320,0011,0011,1011,-0.4741002321243286,-0.9740806818008423,0.49998044967651367,0.6224456405758142,1,0
182,2,x2,0001,0001,0011,-1.3113016166244051e-06,-14.513916969299316,14.5139156579977,0.9999993369200151,1,0
182,3,t032,0001,0001,0101,-3.576278402306343e-07,-16.3750057220459,16.375005364418058,0.99999987983755,1,0
182,4,s30,1000,1000,1001,-0.25196072459220886,-1.5019607543945312,1.2500000298023224,0.7772944433024268,1,0
182,5,x3,1001,1001,1000,-1.6331581718986854e-05,-13.000016212463379,12.99999988088166,0.9999970736195841,1,0
182,6,s03,1001,1001,1000,-0.00020193029195070267,-9.125201225280762,9.124999294988811,0.9998886188050621,1,0
182,7,s30,1001,1001,0011,-0.00012587790843099356,-9.255696296691895,9.255570418783464,0.9998969212711303,1,0
182,8,s01,0101,0101,0100,-0.02224917709827423,-4.522249221801758,4.500000044703484,0.9890066589417761,1,0
183,1,s31,0101,0101,0001,-0.014227699488401413,-4.738318920135498,4.724091220647097,0.9864168827153825,1,0
183,2,t032,0101,0101,1101,-7.152556236178498e-07,-15.936981201171875,15.936980485916251,0.9999997612268221,1,0
183,3,x1,0001,0001,0101,-9.655913345341105e-06,-12.187509536743164,12.187499880829819,0.9999946791283232,1,0
183,4,s02,0001,0001,1000,-4.1723178583197296e-06,-12.500004768371582,12.500000596053724,0.9999958350775279,1,0
183,5,s02,0001,0001,1000,-1.6331581718986854e-05,-11.250038146972656,11.250021815390937,0.9999837830340446,1,0
183,6,s30,1000,1000,0001,-0.00017212977400049567,-9.6251220703125,9.6249499405385,0.9998824062394557,1,0
183,7,s20,0010,0010,0001,-0.00033338420325890183,-8.125360488891602,8.125027104688343,0.9996666785111408,1,0
183,8,x2,0000,0000,0001,-0.0005319591728039086,-9.000531196594238,8.999999237421434,0.9998409109823917,1,0
184,1,s01,0110,0110,0011,-8.702256309334189e-06,-12.005936622619629,12.00592792036332,0.9999914997160081,1,0
184,2,t231,0110,0110,1110,-5.4836191338836215e-06,-14.375053405761719,14.375047922142585,0.9999991236799087,1,0
184,3,s32,0101,0101,0011,-0.003984041977673769,-5.764370441436768,5.760386399459094,0.9967494922392983,1,0
184,4,x0,1101,1101,1001,-3.457065076872823e-06,-13.12500286102295,13.124999403957872,0.9999973182598301,1,0
184,5,s13,1101,1101,1011,-0.02855752222239971,-5.61914587020874,5.5905883479863405,0.9954353373721664,1,0
184,6,s23,1110,1110,1011,-7.200117397587746e-05,-10.026897430419922,10.026825429245946,0.9999289452459892,1,0
184,7,c03,1111,1111,1110,-5.590847649727948e-05,-10.375056266784668,10.37500035830817,0.9999624626960159,1,0
184,8,t132,1101,1101,1111,-0.023267576470971107,-3.7857766151428223,3.762509038671851,0.977021216297726,1,0
185,1,s12,0000,0000,0100,-2.5272132916143164e-05,-10.75004768371582,10.750022411582904,0.9999780829356761,1,0
185,2,x2,0010,0010,0100,-0.0001952470192918554,-12.160418510437012,12.16022326341772,0.9999920624108238,1,0
185,3,x3,0011,0011,1010,-9.142960334429517e-05,-13.91116714477539,13.911075715172046,0.9999983824780727,1,0
185,4,c23,0010,0010,0011,-0.00016485352534800768,-8.750164985656738,8.75000013213139,0.9998413758999778,1,0
185,5,s21,0100,0100,0010,-0.02327917516231537,-3.773263692855835,3.7499845176935196,0.9770205367945093,1,0
185,6,s31,0001,0001,0100,-0.004116212483495474,-5.504103660583496,5.499987448100001,0.9959167964264688,1,0
185,7,x2,0011,0011,0010,-0.0024845919106155634,-6.002484321594238,5.999999729683623,0.9975270276573238,1,0
185,8,t120,0011,0011,1011,-0.0006264869589358568,-7.3757123947143555,7.37508590775542,0.999373635584331,1,0
186,1,x2,0101,0101,0001,-2.9802104108966887e-05,-11.501355171203613,11.501325369099504,0.99997878692087,1,0
186,2,c03,0101,0101,1100,-5.245201464276761e-06,-13.005973815917969,13.005968570716504,0.9999964174388691,1,0
186,3,t130,1101,1101,0101,-0.3868739604949951,-1.136871337890625,0.7499973773956299,0.6791771821533826,1,0
186,4,s10,1101,1101,1011,-2.8610206754819956e-06,-13.250471115112305,13.25046825409163,0.9999974567629871,1,0
186,5,c32,1111,1111,1110,-8.106219866022002e-06,-12.625007629394531,12.624999523174665,0.9999951232455603,1,0
186,6,c01,1011,1011,1101,-4.768366125063039e-06,-13.687912940979004,13.687908172612879,0.9999988021348485,1,0
186,7,c13,1011,1011,1010,-7.819906750228256e-05,-9.625077247619629,9.624999048552127,0.9999265639627093,1,0
186,8,x0,0011,0011,1011,-5.245199190540006e-06,-12.500049591064453,12.500044345865263,0.999995331018062,1,0
187,1,x1,0111,0111,0110,-6.973595736781135e-05,-9.875069618225098,9.87499988226773,0.9999318168715993,1,0
187,2,c32,0101,0101,0111,-0.0004967449349351227,-7.625497341156006,7.625000596221071,0.999505913854401,1,0
187,3,t310,1101,1101,0101,-0.023342233151197433,-3.7732458114624023,3.749903578311205,0.9769286279054639,1,0
187,4,t230,1101,1101,0101,-0.3870796263217926,-1.1370792388916016,0.749999612569809,0.6791782788015799,1,0
187,5,c10,0101,0101,1101,-0.0002702132915146649,-8.250261306762695,8.24999109347118,0.999729870097135,1,0
187,6,c02,0101,0101,1111,-1.7881380927065038e-06,-16.752840042114258,16.752838253976165,0.9999998404549871,1,0
187,7,s23,0110,0110,0101,-0.0007735800463706255,-7.375804424285889,7.375030844239518,0.9992337936325956,1,0
187,8,x0,1110,1110,1100,-3.3378573789377697e-06,-13.250003814697266,13.250000476839887,0.999997682482959,1,0
188,1,c32,1000,1000,1010,-0.00018285401165485382,-8.75018310546875,8.750000251457095,0.9998240609068153,1,0
188,2,t103,1000,1000,1001,-2.1099960576975718e-05,-11.500020980834961,11.499999880874384,0.9999859315766587,1,0
188,3,t210,1000,1000,1100,-9.298299119109288e-06,-12.00001049041748,12.000001192118361,0.9999912615647841,1,0
188,4,s30,0001,0001,0000,-0.0006469736690632999,-8.000646591186523,7.99999961751746,0.9996181036766928,1,0
188,5,t013,0001,0001,0011,-5.960463909104874e-07,-15.038042068481445,15.038041472435054,0.9999994986157157,1,0
188,6,c02,0001,0001,0101,-9.536740890325746e-07,-16.0000057220459,16.00000476837181,0.9999998199823728,1,0
188,7,s21,0001,0001,0010,-4.44641882495489e-05,-10.125055313110352,10.125010848922102,0.9999588149735312,1,0
188,8,t210,0001,0001,1001,-2.50339189733495e-06,-12.875017166137695,12.875014662745798,0.9999974041464846,1,0
189,1,c20,1101,0101,0101,-1.1368944644927979,-0.38688454031944275,-0.7500099241733551,0.32081772447600665,0,0
189,2,s20,0111,0111,1101,-0.00011586544860620052,-9.125115394592285,9.124999529143679,0.9998847273914687,1,0
189,3,t210,1111,1111,0111,-0.00724999513477087,-5.006717205047607,4.9994672099128366,0.9927954292142775,1,0
189,4,x1,1011,1011,1101,-1.001356213237159e-05,-12.626340866088867,12.626330852526735,0.9999966219832285,1,0
189,5,t013,1011,1011,1010,-0.0001909571437863633,-8.625190734863281,8.624999777719495,0.9998137879523784,1,0
189,6,t031,1111,1111,1011,-5.483622771862429e-06,-13.250003814697266,13.249998331074494,0.9999961349014804,1,0
189,7,c21,1011,1011,1111,-2.419925294816494e-05,-10.750329971313477,10.750305772060528,0.9999784334175976,1,0
189,8,x0,0011,0011,1011,-3.4570639400044456e-06,-12.625030517578125,12.625027060514185,0.9999965666645866,1,0
190,1,x2,0001,0001,0011,-1.585476093168836e-05,-11.375018119812012,11.37500226505108,0.999984992444501,1,0
190,2,t013,0001,0001,1000,-5.960463340670685e-07,-15.298591613769531,15.298591017723197,0.9999995682928425,1,0
190,3,t120,0001,0001,1001,-4.291525783628458e-06,-12.375017166137695,12.375012874611912,0.9999957045079534,1,0
190,4,t213,0001,0001,0011,-2.3841741494834423e-05,-11.67386245727539,11.673838615533896,0.9999900193305726,1,0
190,5,t321,0001,0001,0101,-7.509905117331073e-05,-9.500081062316895,9.500005963265721,0.9999249234867607,1,0
190,6,s31,0100,0100,0001,-0.004081027116626501,-5.504080295562744,5.499999268446118,0.995927965023691,1,0
190,7,s30,0100,0100,1100,-6.556501830345951e-06,-13.000449180603027,13.000442624101197,0.9999965784487928,1,0
190,8,x1,0000,0000,0001,-6.0796664911322296e-06,-12.625005722045898,12.624999642379407,0.9999944661354453,1,0
191,1,t320,0100,0100,1100,-0.005236612167209387,-5.255282878875732,5.250046266708523,0.9947791704270932,1,0
191,2,c23,0100,0100,0101,-0.0001848774845711887,-8.625184059143066,8.624999181658495,0.9998190889080786,1,0
191,3,x0,1100,1100,0100,-2.3841855067985307e-07,-15.125,15.12499976158145,0.9999996916857523,1,0
191,4,x0,0100,0100,1100,-0.00016509155102539808,-12.375214576721191,12.375049485170166,0.9999939040157134,1,0
191,5,c01,0100,0100,1000,-1.788137979019666e-06,-14.250432968139648,14.25043118000167,0.9999992206601146,1,0
191,6,s23,0100,0100,0001,-0.004604012239724398,-5.977994918823242,5.973390906583518,0.996349554144263,1,0
191,7,c23,0100,0100,0101,-3.4570662137412e-06,-13.00000286102295,12.999999403956735,0.9999972585984085,1,0
191,8,c13,0101,0101,0100,-0.018229233101010323,-4.018229007720947,3.999999774619937,0.9819419004653984,1,0
192,1,t123,1101,1101,1110,-0.00014793321315664798,-9.943283081054688,9.94313514784153,0.9998620024181274,1,0
192,2,c03,1100,1100,1101,-0.0007400372996926308,-7.250740051269531,7.250000013969839,0.9992635507105756,1,0
192,3,s20,0110,0110,0111,-0.005313381552696228,-5.255313396453857,5.250000014901161,0.9947047225856123,1,0
192,4,c31,0110,0110,1110,-3.0636445444542915e-05,-12.876978874206543,12.876948237761098,0.9999957329733488,1,0
192,5,x1,0010,0010,0110,-1.4781880963710137e-05,-14.000035285949707,14.000020504068743,0.9999983586674112,1,0
192,6,t312,0010,0010,0011,-2.2649749098491156e-06,-13.250001907348633,13.249999642373723,0.9999980333130051,1,0
192,7,t123,0010,0010,0011,-4.923239612253383e-05,-10.000049591064453,10.00000035866833,0.9999543387468617,1,0
192,8,t123,0010,0010,0011,-1.7881253370433114e-05,-11.000017166137695,10.999999284884325,0.9999830510806412,1,0
193,1,s23,0010,0010,0001,-0.02979428321123123,-3.5298242568969727,3.5000299736857414,0.9706456450897055,1,0
193,2,c01,0010,0010,1110,-1.3113015029375674e-06,-15.563552856445312,15.56355154514381,0.9999996420355102,1,0
193,3,t130,0010,0010,1010,-7.58142487029545e-05,-9.625086784362793,9.62501097011409,0.9999338513979682,1,0
193,4,t230,0010,0010,1010,-0.0003110878460574895,-8.500332832336426,8.500021744490368,0.9997964861797705,1,0
193,5,t031,0010,0010,1010,-1.4305105651146732e-06,-15.25005054473877,15.250049114228204,0.9999995423847152,1,0
193,6,t032,0010,0010,1010,-9.536740890325746e-07,-14.750286102294922,14.750285148620833,0.9999992840240693,1,0
193,7,s21,0100,0100,0010,-0.0029212827794253826,-6.002512454986572,5.999591172207147,0.9970941511151218,1,0
193,8,c12,0110,0110,0100,-1.883492586784996e-05,-11.000018119812012,10.999999284886144,0.9999831638397678,1,0
194,1,t231,1001,1001,1101,-0.10021469742059708,-2.3502357006073,2.2500210031867027,0.9046446843348775,1,0
194,2,c31,1101,1101,1001,-5.483620043378323e-06,-12.625004768371582,12.624999284751539,0.9999963317089059,1,0
194,3,t302,1111,1111,1101,-0.0007321695447899401,-7.250727653503418,7.249995483958628,0.9992863594322176,1,0
194,4,t013,1110,1110,1111,-0.10021226853132248,-2.3502120971679688,2.2499998286366463,0.9046480153070264,1,0
194,5,t032,1110,1110,1111,-0.00015388937026727945,-8.875154495239258,8.87500060586899,0.9998526935467416,1,0
194,6,s12,1110,1110,1011,-7.426581578329206e-05,-9.875231742858887,9.875157477043103,0.9999478461899799,1,0
194,7,s31,1011,1011,1110,-0.0008834549807943404,-8.500689506530762,8.499806051549967,0.9995862180521328,1,0
194,8,t032,1001,1011,1011,-4.634771347045898,-0.009795961901545525,-4.624975385144353,0.009708350062478086,0,0
195,1,c01,1000,1000,1100,-0.012669536285102367,-4.394244194030762,4.381574657745659,0.9874156194324586,1,0
195,2,c20,1000,1000,0000,-0.00021742566605098546,-9.000144004821777,8.999926579155726,0.9997916512740014,1,0
195,3,t230,1000,1000,0000,-2.527208926039748e-05,-13.000046730041504,13.000021457952244,0.999996478014583,1,0
195,4,c02,1010,1010,1000,-0.00013780128210783005,-9.375092506408691,9.374954705126584,0.9999148153385329,1,0
195,5,s10,0110,0110,1010,-2.0265565581212286e-06,-13.562501907348633,13.562499880792075,0.9999983409724137,1,0
195,6,x2,0100,0100,0101,-0.00011884636478498578,-11.250118255615234,11.24999940925045,0.9999856354322857,1,0
195,7,x0,1100,1100,0100,-4.017273022327572e-05,-10.125040054321289,10.124999881591066,0.9999598183199029,1,0
195,8,x2,1110,1110,1000,-0.00018106259813066572,-15.849289894104004,15.849108831505873,0.9999996396050703,1,0
196,1,s30,0010,0010,1010,-0.04343805089592934,-3.171182632446289,3.1277445815503597,0.9574952875814597,1,0
196,2,t321,0010,0010,0110,-6.43728253635345e-06,-12.000008583068848,12.000002145786311,0.9999937885570207,1,0
196,3,s23,0001,0001,0100,-0.02073630318045616,-9.520183563232422,9.499447260051966,0.9999186705824646,1,0
196,4,t301,0001,0001,1001,-2.7894595405086875e-05,-10.500288963317871,10.500261068722466,0.9999721482600714,1,0
196,5,s03,1000,1000,1001,-0.00012015732500003651,-11.12511920928955,11.12499905196455,0.9999836470924613,1,0
196,6,c01,1100,1100,1000,-1.0013556675403379e-05,-12.25001049041748,12.250000476860805,0.9999948240146042,1,0
196,7,x2,1110,1110,1010,-0.000182731295353733,-14.626215934753418,14.626033203458064,0.9999993568958515,1,0
196,8,x2,1100,1100,1101,-0.00030250937561504543,-12.687801361083984,12.68749885170837,0.9999938985404053,1,0
197,1,s13,0101,0101,0001,-0.023264162242412567,-3.7892985343933105,3.766034372150898,0.9770154949071275,1,0
197,2,t120,0101,0101,1101,-0.5231236815452576,-0.898124635219574,0.3750009536743164,0.5926666544546608,1,0
197,3,c01,0101,0101,1001,-8.344648563252122e-07,-16.002805709838867,16.00280487537401,0.9999998191847166,1,0
197,4,t103,0101,0101,0001,-5.245203738013515e-06,-14.016043663024902,14.016038417821164,0.9999976830231092,1,0
197,5,t123,0101,0101,0111,-0.001007376122288406,-7.454618453979492,7.453611077857204,0.9992070884137243,1,0
197,6,t120,0101,0101,1101,-0.1797456443309784,-1.8047478199005127,1.6250021755695343,0.8354835629519952,1,0
197,7,s02,0101,0101,1001,-0.00023613826488144696,-8.75190544128418,8.751669303019298,0.9997644596519462,1,0
197,8,c32,0111,0111,0101,-2.205356940976344e-05,-11.000019073486328,10.999997019916918,0.9999790074368456,1,0
198,1,c10,1111,1111,0111,-0.2519356906414032,-1.5019304752349854,1.2499947845935822,0.7772957554267967,1,0
198,2,t230,0111,0111,1111,-0.00018225439998786896,-8.625185012817383,8.625002758417395,0.9998204614056112,1,0
198,3,c21,0011,0011,0111,-0.0036128144711256027,-5.62861442565918,5.625001611188054,0.9964062946460336,1,0
198,4,c21,0111,0111,0011,-0.00014471029862761497,-8.875141143798828,8.8749964335002,0.9998579873012281,1,0
198,5,s10,1011,1011,1111,-0.0022338873241096735,-6.240180492401123,6.237946605077013,0.9978096691777737,1,0
198,6,x2,1001,1001,0001,-5.197398058953695e-05,-14.850592613220215,14.850540639239625,0.9999991800895826,1,0
198,7,x1,1101,1101,1001,-2.5868219381663948e-05,-11.875048637390137,11.875022769170755,0.9999927055574279,1,0
198,8,x1,1001,1001,1111,-8.797453483566642e-05,-9.89830207824707,9.898214103712235,0.9999210160269042,1,0
199,1,t301,0110,0110,1110,-3.766950612771325e-05,-10.451471328735352,10.451433659229224,0.9999625624947015,1,0
199,2,x3,0111,0111,0011,-1.370903555653058e-05,-13.125009536743164,13.124995827707608,0.999996887229593,1,0
199,3,c02,0111,0111,0110,-1.2755352145177312e-05,-12.000012397766113,11.999999642413968,0.9999931246110367,1,0
199,4,c21,0011,0011,0111,-0.0010434954892843962,-6.8760457038879395,6.875002208398655,0.9989671214082899,1,0
199,5,x2,0001,0001,0010,-7.414568972308189e-05,-14.567194938659668,14.567120792969945,0.9999994847015863,1,0
199,6,c21,0001,0001,0101,-0.00014041876420378685,-8.875141143798828,8.875000725034624,0.9998601351501152,1,0
199,7,s03,1000,1000,1001,-0.0026663837488740683,-7.752666473388672,7.750000089639798,0.9995685210003391,1,0
199,8,x1,1100,1100,1000,-4.064956010552123e-05,-14.750040054321289,14.749999404761184,0.9999994946286395,1,0
200,1,x2,0111,0111,1111,-3.7312234780984e-05,-11.375234603881836,11.375197291647055,0.9999757452653878,1,0
200,2,x2,0101,0101,1101,-0.00012778447126038373,-13.500136375427246,13.500008590955986,0.9999984976486254,1,0
200,3,x3,0100,0100,0001,-0.0018431887729093432,-13.398276329040527,13.396433140267618,0.9999977449645939,1,0
200,4,s30,0100,0100,1100,-2.2888012608746067e-05,-11.0000581741333,11.000035286120692,0.9999821568573092,1,0
200,5,c32,0100,0100,0101,-1.7881386611406924e-06,-13.750001907348633,13.750000119209972,0.9999987087300981,1,0
200,6,c01,0100,0100,0101,-1.1920924407604616e-06,-15.750000953674316,15.749999761581876,0.99999966284961,1,0
200,7,x2,0110,0110,0010,-3.0517130653606728e-05,-15.126957893371582,15.126927376240928,0.9999995192411679,1,0
200,8,x3,0111,0111,0110,-3.015980837517418e-05,-11.250030517578125,11.25000035776975,0.999984087572736,1,0
201,1,x2,0101,0101,1101,-4.3391679355408996e-05,-12.035392761230469,12.035349369551113,0.9999873946449357,1,0
201,2,x0,1101,1101,0101,-1.5497203094128054e-06,-14.75,14.74999845027969,0.9999993747482673,1,0
201,3,x2,1111,1111,1110,-7.915202877484262e-05,-13.375078201293945,13.37499904926517,0.9999983442241265,1,0
201,4,x2,1101,1101,1011,-5.352425796445459e-05,-15.62504768371582,15.624994159457856,0.9999996865969282,1,0
201,5,c32,1111,1111,1101,-9.179102562484331e-06,-12.625008583068848,12.624999403966285,0.9999930233760211,1,0
201,6,t230,0111,0111,1111,-0.006718664430081844,-5.006719589233398,5.000000924803317,0.9933071438289687,1,0
201,7,s20,1101,1101,1011,-0.0005929450853727758,-8.188091278076172,8.187498332990799,0.9996153449381345,1,0
201,8,s20,0111,0111,1101,-0.00013124178803991526,-9.000127792358398,8.999996550570359,0.9998687952835292,1,0
202,1,t301,1011,1011,0111,-0.17626094818115234,-1.9102333784103394,1.733972430229187,0.8384009743032059,1,0
202,2,x3,1010,1010,1011,-1.931183760461863e-05,-12.375019073486328,12.374999761648724,0.9999932188924573,1,0
202,3,s10,0110,0110,0111,-5.245204192760866e-06,-13.000004768371582,12.99999952316739,0.9999948920814058,1,0
202,4,x3,0111,0111,0011,-0.00019275001250207424,-8.87519359588623,8.875000845873728,0.9998576407509906,1,0
202,5,c03,0111,0111,0011,-4.29153169534402e-06,-14.12500286102295,14.124998569491254,0.9999983921443357,1,0
202,6,t312,0101,0101,0111,-0.007652587722986937,-4.882636070251465,4.874983482528478,0.992422475447652,1,0
202,7,s02,0101,0101,0111,-0.0016118944622576237,-7.188581943511963,7.186970049049705,0.9983923795976876,1,0
202,8,c31,0001,0001,0101,-9.202593355439603e-05,-9.375090599060059,9.374998573126504,0.9999086439744554,1,0
203,1,x0,1000,1000,0000,-0.00043811960495077074,-7.750432968139648,7.749994848534698,0.9995676741244653,1,0
203,2,s20,0010,0010,0100,-0.00014185122563503683,-9.00163745880127,9.001495607575634,0.999861179384815,1,0
203,3,x2,0000,0000,0001,-0.00011992070358246565,-10.25011920928955,10.249999288585968,0.9999605236901222,1,0
203,4,x1,0100,0100,1100,-9.417489309271332e-06,-15.750015258789062,15.750005841299753,0.99999981575622,1,0
203,5,t023,0100,0100,0000,-0.0006357821985147893,-7.377338409423828,7.376702627225313,0.9993703178650005,1,0
203,6,x0,1100,1100,0100,-5.245200554782059e-06,-12.500003814697266,12.49999856949671,0.9999957617202885,1,0
203,7,s31,1001,1001,0101,-0.0051012965850532055,-6.637462615966797,6.632361319381744,0.99710617036199,1,0
203,8,x3,1000,1000,1100,-5.125993538968032e-06,-14.12502384185791,14.125018715864371,0.9999986567897324,1,0
204,1,x2,0010,0010,0000,-7.343088509514928e-05,-9.75007152557373,9.749998094688635,0.9999375892490583,1,0
204,2,t320,0010,0010,1010,-0.03805209696292877,-3.288054943084717,3.250002846121788,0.9626730279429744,1,0
204,3,x0,1010,1010,1110,-2.5868093871395104e-05,-14.188250541687012,14.18822467359314,0.9999989392875968,1,0
204,4,x2,1000,1000,1001,-0.00010966771515086293,-11.500109672546387,11.500000004831236,0.9999889289045377,1,0
204,5,t301,1000,1000,1100,-8.344358502654359e-05,-9.50008773803711,9.500004294452083,0.9999202228687918,1,0
204,6,c32,1000,1000,1100,-8.106215318548493e-06,-12.87502670288086,12.87501859666554,0.9999969918330073,1,0
204,7,c03,1001,1001,1000,-0.001708488562144339,-6.376708507537842,6.3750000189756975,0.9982949029404582,1,0
204,8,s02,0011,0011,1001,-7.962957897689193e-05,-9.625104904174805,9.625025274595828,0.9999223573732728,1,0
205,1,t023,0100,0100,0101,-3.7669786252081394e-05,-10.62503719329834,10.624999523512088,0.999965203920366,1,0
205,2,t012,0100,0100,0101,-3.5762750485446304e-06,-13.875003814697266,13.875000238422217,0.999998786414489,1,0
205,3,c03,0100,0100,0101,-6.437291176553117e-06,-14.000006675720215,14.000000238429038,0.9999980623449678,1,0
205,4,t021,0100,0100,1100,-8.58304792927811e-06,-13.130276679992676,13.130268096944747,0.9999959992020392,1,0
205,5,c20,0100,0100,1100,-0.1269288957118988,-2.12693190574646,2.000003010034561,0.8807970481198043,1,0
205,6,s01,1000,1000,1001,-5.125991719978629e-06,-14.500004768371582,14.499999642379862,0.9999991047325684,1,0
205,7,t320,1000,1000,1100,-7.867795829952229e-06,-13.00001049041748,13.00000262262165,0.9999968804239714,1,0
205,8,t132,1000,1000,1100,-5.006784704164602e-06,-13.000015258789062,13.000010252004358,0.99999700934842,1,0
206,1,t102,0000,0000,0100,-5.602827513939701e-06,-12.375004768371582,12.374999165544068,0.999994390813698,1,0
206,2,s01,0000,0000,0100,-4.7683710135970614e-07,-16.5,16.4999995231629,0.9999998835076866,1,0
206,3,t210,0000,0000,1000,-1.6689286894688848e-06,-13.875005722045898,13.875004053117209,0.9999990021193009,1,0
206,4,t103,0000,0000,0001,-2.0265574676159304e-06,-13.875001907348633,13.874999880791165,0.9999982094749934,1,0
206,5,t203,0000,0000,0001,-1.0728833785833558e-06,-15.500000953674316,15.499999880790938,0.999999534322355,1,0
206,6,t321,0000,0000,1000,-2.6226011868857313e-06,-16.37505531311035,16.375052690509165,0.9999998400839316,1,0
206,7,x2,0010,0010,0100,-6.7949122239951976e-06,-15.224082946777344,15.22407615186512,0.9999993526912645,1,0
206,8,x0,1010,1010,0010,-3.945780554204248e-05,-10.500028610229492,10.49998915242395,0.9999704905332354,1,0
207,1,x0,1101,1101,0101,-0.003613992827013135,-5.628607749938965,5.624993757111952,0.9964039046312942,1,0
207,2,x3,1100,1100,1001,-1.2516931747086346e-05,-13.98784065246582,13.987828135534073,0.9999984563572698,1,0
207,3,s32,1100,1100,1001,-0.08901957422494888,-2.4781877994537354,2.3891682252287865,0.9148645268972332,1,0
207,4,c30,1100,1100,1101,-3.21864899888169e-06,-14.375003814697266,14.375000596048267,0.9999985853150029,1,0
207,5,s10,1100,1100,1010,-3.5762755032919813e-06,-13.125083923339844,13.12508034706434,0.999996751222945,1,0
207,6,s03,0101,0101,0110,-0.00409577414393425,-6.129046440124512,6.1249506659805775,0.9962594058052469,1,0
207,7,s30,1100,1100,1101,-0.0001063319796230644,-10.125106811523438,10.125000479543814,0.9999534428339537,1,0
207,8,x0,0100,0100,0101,-0.0001114547485485673,-9.12511157989502,9.125000125146471,0.9998897183024246,1,0
208,1,s23,0000,0000,0100,-0.00013565568951889873,-9.375219345092773,9.375083689403255,0.9998698656437512,1,0
208,2,t213,0000,0000,0100,-3.21864899888169e-06,-14.000030517578125,14.000027298929126,0.9999985185263552,1,0
208,3,t203,0000,0000,0001,-1.0728833785833558e-06,-15.000000953674316,14.999999880790938,0.999999393702096,1,0
208,4,t312,0000,0000,1000,-7.271740287251305e-06,-17.500011444091797,17.50000417235151,0.9999999288227759,1,0
208,5,s21,0000,0000,0010,-2.8490714612416923e-05,-10.625027656555176,10.624999165840563,0.9999720084297572,1,0
208,6,c20,0000,0000,1000,-0.011049039661884308,-4.511054515838623,4.500005476176739,0.9890130594030326,1,0
208,7,x2,0010,0010,0000,-1.0013543942477554e-05,-14.000012397766113,14.00000238422217,0.9999990598755296,1,0
208,8,s30,0010,0010,0011,-0.00012933486141264439,-11.625128746032715,11.624999411171302,0.9999884178339796,1,0
209,1,c20,1111,1111,0111,-0.12693515419960022,-2.1269288063049316,1.9999936521053314,0.8807933770998728,1,0
209,2,s01,1111,1111,0111,-0.00014745548833161592,-9.12510871887207,9.124961263383739,0.9998546307756399,1,0
209,3,s20,1111,1111,0111,-0.0001139600935857743,-9.37508487701416,9.374970916920574,0.9998862282203764,1,0
209,4,x1,1011,1011,1101,-8.225425517593976e-06,-12.876418113708496,12.876409888282978,0.9999973495355224,1,0
209,5,c10,1011,1011,0011,-7.545667904196307e-05,-9.50008487701416,9.500009420335118,0.9999246623031324,1,0
209,6,c10,1011,1011,0011,-0.00016747889458201826,-8.875475883483887,8.875308404589305,0.9998325773011574,1,0
209,7,t310,1011,1011,0011,-0.11344915628433228,-2.237981081008911,2.124531924724579,0.8927498808141011,1,0
209,8,s12,1101,1101,1011,-0.0020502028055489063,-6.252025127410889,6.24997492460534,0.99806342592655,1,0
210,1,t230,1011,0011,0011,-0.8259776830673218,-0.5759420394897461,-0.2500356435775757,0.4378078415462566,0,0
210,2,s30,1011,1011,0011,-0.00011050275497836992,-10.750231742858887,10.750121240103908,0.9999584189168332,1,0
210,3,t032,1001,1001,1011,-0.2014167755842209,-1.7014189958572388,1.5000022202730179,0.8175732515739182,1,0
210,4,x3,1000,1000,1100,-7.390953669528244e-06,-14.502483367919922,14.502475976966252,0.9999991684821365,1,0
210,5,s20,0010,0010,0011,-8.761597564443946e-05,-9.50008773803711,9.500000122061465,0.9999128042312043,1,0
210,6,t230,0010,0010,1010,-8.106198947643861e-06,-11.750011444091797,11.75000333789285,0.9999920626837678,1,0
210,7,s01,0010,0010,0110,-0.0007110697915777564,-7.56404447555542,7.563333405763842,0.9992901841585241,1,0
210,8,s03,0010,0010,1010,-0.006503154058009386,-5.6546759605407715,5.648172806482762,0.9940742593340552,1,0
211,1,s02,1011,1011,0011,-0.0706818699836731,-2.756924867630005,2.686242997646332,0.9317760796074912,1,0
211,2,t021,1111,1111,1011,-1.931181213876698e-05,-11.250015258789062,11.249995946976924,0.9999830208465377,1,0
211,3,s30,1111,1111,1110,-0.00012039484136039391,-12.000120162963867,11.999999768122507,0.9999901225656649,1,0
211,4,t321,1011,1011,1111,-0.0013318785931915045,-6.626669883728027,6.625338005134836,0.9986747848970866,1,0
211,5,t023,1010,1011,1011,-3.4086995124816895,-0.033699654042720795,-3.3749998584389687,0.033085449754037516,0,0
211,6,c21,1110,1110,1100,-1.502032046118984e-05,-11.750020027160645,11.750005006840183,0.9999903873014168,1,0
211,7,x3,1111,1111,1011,-3.838513293885626e-05,-12.12502384185791,12.124985456724971,0.9999923046091264,1,0
211,8,t310,0111,0111,1111,-5.936446541454643e-05,-9.750060081481934,9.750000717016519,0.999941697485089,1,0
212,1,t031,0111,0111,1011,-0.0019296871032565832,-6.7751617431640625,6.773232056060806,0.9980731068211858,1,0
212,2,t310,1111,1111,1011,-7.104685937520117e-05,-9.750064849853516,9.74999380299414,0.9999370547107176,1,0
212,3,t130,0111,0111,1111,-0.0003880701260641217,-7.875417232513428,7.875029162387364,0.9996200069452746,1,0
212,4,c01,0111,0111,0110,-5.9604521993605886e-06,-14.687505722045898,14.687499761593699,0.9999991509556753,1,0
212,5,s20,1101,1101,0111,-0.00027452028007246554,-8.625181198120117,8.624906677840045,0.9997525809827578,1,0
212,6,t312,1111,1111,1101,-2.9563649150077254e-05,-10.750027656555176,10.749998092906026,0.9999777325338965,1,0
212,7,x2,1101,1101,1011,-5.710028199246153e-05,-15.876309394836426,15.876252294554433,0.999999745705288,1,0
212,8,t023,1101,1101,1100,-0.018593711778521538,-4.018593788146973,4.000000076368451,0.9815899911552055,1,0
213,1,t301,0001,0001,1001,-8.821456503937952e-06,-11.755241394042969,11.755232572586465,0.9999911624990837,1,0
213,2,t103,0001,0001,0011,-1.3113019576849183e-06,-14.625715255737305,14.625713944435347,0.9999988512944994,1,0
213,3,c13,0001,0001,0000,-5.722037712985184e-06,-13.000004768371582,12.999999046333869,0.9999952742188555,1,0
213,4,x3,0000,0000,0001,-1.4662657122244127e-05,-11.250015258789062,11.25000059613194,0.9999861259133462,1,0
213,5,x1,0100,0100,0110,-3.814692718151491e-06,-14.875003814697266,14.875000000004547,0.9999992496974034,1,0
213,6,x0,1100,1100,0100,-0.00010907056275755167,-9.12510871887207,9.124999648309313,0.9998909661614444,1,0
213,7,t120,1100,1100,0100,-0.0001367251097690314,-9.000166893005371,9.000030167895602,0.9998678204136948,1,0
213,8,t231,1100,1100,1000,-2.1219100744929165e-05,-11.000036239624023,11.000015020523279,0.9999826046647277,1,0
214,1,t320,0110,0110,1110,-0.048589181154966354,-3.0486292839050293,3.000040102750063,0.9525739321576387,1,0
214,2,c31,0110,0110,0010,-3.933902917196974e-06,-12.875003814697266,12.874999880794348,0.999997148614022,1,0
214,3,x0,1110,1110,0110,-9.417516594112385e-06,-12.87500286102295,12.874993443506355,0.9999964043776528,1,0
214,4,s02,1110,1110,0111,-0.00015329527377616614,-9.000125885009766,8.99997258973599,0.9998466485507448,1,0
214,5,t031,1110,1110,1010,-4.994763730792329e-05,-10.00013256072998,10.000082613092673,0.9999541227519245,1,0
214,6,c10,0110,0110,0111,-5.1259921747259796e-06,-12.625004768371582,12.624999642379407,0.9999953284272396,1,0
214,7,c21,0010,0010,0110,-0.0699729472398758,-2.694969892501831,2.6249969452619553,0.9324493724415929,1,0
214,8,c20,1010,1010,0010,-0.0013286618050187826,-6.626326084136963,6.624997422331944,0.9986741939128168,1,0
215,1,t021,0011,0011,1011,-6.675707481917925e-06,-12.943159103393555,12.943152427686073,0.9999933859628053,1,0
215,2,s03,1010,1010,1011,-0.00012099353625671938,-10.875121116638184,10.875000123101927,0.9999610168542455,1,0
215,3,c12,1010,1010,1000,-0.001740912557579577,-6.376768112182617,6.375027199625038,0.998297255125938,1,0
215,4,c10,1010,1010,0010,-0.00043144490336999297,-7.7504448890686035,7.7500134441652335,0.9995687420506211,1,0
215,5,t123,1010,1010,1011,-0.0025326325558125973,-6.002532005310059,5.999999372754246,0.9975028714460449,1,0
215,6,t213,1010,1010,1011,-0.0016483598155900836,-6.501648426055908,6.500000066240318,0.998375536551308,1,0
215,7,x0,0010,0010,1010,-9.536740890325746e-07,-14.500003814697266,14.500002861023177,0.9999992686739004,1,0
215,8,t032,0010,0010,0011,-7.152556236178498e-07,-14.875,14.874999284744376,0.9999993810886507,1,0
216,1,s10,1010,1010,0110,-0.3132651448249817,-1.3132661581039429,1.0000010132789612,0.7310568412809528,1,0
216,2,s30,0011,0011,1010,-0.0022422350011765957,-6.501565456390381,6.499323221389204,0.9977900927824812,1,0
216,3,t320,1011,1011,1010,-0.00016080074419733137,-8.750160217285156,8.749999416540959,0.9998413031643426,1,0
216,4,s12,1101,1101,1011,-0.0011332634603604674,-6.876087665557861,6.874954402097501,0.9989207506241924,1,0
216,5,x1,1001,1001,1011,-0.00023100554244592786,-8.500231742858887,8.50000073731644,0.9997798696039063,1,0
216,6,t123,1001,1001,1101,-5.8173325669486076e-05,-12.00063419342041,12.00057602009474,0.9999909171848851,1,0
216,7,c13,1001,1001,1000,-8.415892807533965e-05,-9.50008487701416,9.500000718086085,0.9999190603622133,1,0
216,8,t023,1001,1001,1011,-0.00020275857241358608,-8.704080581665039,8.703877823092625,0.999819206973118,1,0
217,1,s10,1101,1101,0101,-0.0039826491847634315,-6.10164213180542,6.0976594826206565,0.9960303250802537,1,0
217,2,c32,1111,1111,1101,-7.271757112903288e-06,-13.25000286102295,13.249995589265836,0.9999964427286788,1,0
217,3,t320,0111,0111,1111,-5.3881147323409095e-05,-9.875053405761719,9.874999524614395,0.9999485522534688,1,0
217,4,x1,0011,0011,0111,-5.364407115848735e-06,-14.187509536743164,14.187504172336048,0.9999992137262645,1,0
217,5,c21,0111,0111,0011,-0.00026496811187826097,-8.250263214111328,8.24999824599945,0.9997385408192185,1,0
217,6,s20,1101,1101,1110,-6.496829155366868e-05,-10.250072479248047,10.250007510956493,0.9999432838109426,1,0
217,7,x1,1001,1001,1101,-6.198875780683011e-06,-12.819941520690918,12.819935321815137,0.9999962504997197,1,0
217,8,x0,0001,0001,0011,-7.152555667744309e-07,-14.250000953674316,14.25000023841875,0.9999991564081152,1,0
218,1,s03,1010,1010,1001,-0.004058287013322115,-6.004146099090576,6.000087812077254,0.9959763910862661,1,0
218,2,x0,0010,0010,0110,-5.960463909104874e-07,-15.5,15.499999403953609,0.9999997180898912,1,0
218,3,t123,0010,0010,0011,-0.0007164339767768979,-7.250716209411621,7.249999775434844,0.9992901206759289,1,0
218,4,c01,0010,0010,0011,-9.536739753457368e-07,-16.625,16.624999046326025,0.9999998727957322,1,0
218,5,s02,1000,1000,1001,-0.003245382569730282,-6.503244876861572,6.499999494291842,0.9967966345637209,1,0
218,6,s01,0100,0100,0010,-0.0009655359317548573,-7.070922374725342,7.069956838793587,0.9990888871284683,1,0
218,7,s20,0100,0100,1000,-2.2411230020225048e-05,-11.259798049926758,11.259775638696738,0.9999790659548577,1,0
218,8,c31,0100,0100,0000,-0.023247569799423218,-3.773253917694092,3.7500063478946686,0.9770223465497039,1,0
219,1,t310,0010,0010,1010,-0.0007099969079717994,-7.250710487365723,7.250000490457751,0.9992902127093396,1,0
219,2,x2,0000,0000,0001,-1.7762122297426686e-05,-12.500017166137695,12.499999404015398,0.9999919395101309,1,0
219,3,x1,0100,0100,1100,-4.887569048150908e-06,-15.687506675720215,15.687501788151167,0.9999998062326825,1,0
219,4,s32,0100,0100,0001,-0.0018501270096749067,-6.864109039306641,6.862258912296966,0.9982540462669324,1,0
219,5,c23,0100,0100,0101,-0.00014840764924883842,-9.000147819519043,8.999999411869794,0.9998550285111797,1,0
219,6,x2,0110,0110,1100,-0.00024756722268648446,-13.381999015808105,13.381751448585419,0.9999978473205111,1,0
219,7,c30,0110,0110,1110,-0.0002671248803380877,-8.500282287597656,8.500015162717318,0.9997963979959699,1,0
219,8,s21,0110,0110,0011,-0.00047924654791131616,-7.750431060791016,7.749951814243104,0.9995578077030578,1,0
220,1,s30,1100,1100,0101,-0.00019334068929310888,-8.625219345092773,8.62502600440348,0.9998128560067057,1,0
220,2,x1,1000,1000,1001,-3.921952884411439e-05,-11.500039100646973,11.499999881118129,0.9999849317347395,1,0
220,3,x1,1100,1100,1110,-1.5973921108525246e-05,-16.000019073486328,16.00000309956522,0.9999998312495311,1,0
220,4,x2,1110,1110,1010,-0.00023600678832735866,-13.875862121582031,13.875626114793704,0.9999989882395453,1,0
220,5,c02,1100,1100,1101,-3.7192967283772305e-05,-10.62503719329834,10.625000000331056,0.9999679796054934,1,0
220,6,x2,1110,1110,1010,-0.00012385082663968205,-15.879201889038086,15.879078038211446,0.9999998030984886,1,0
220,7,c30,1110,1110,0110,-1.859652365965303e-05,-13.625005722045898,13.624987125522239,0.9999983313976124,1,0
220,8,t301,1110,1110,1010,-3.647754419944249e-05,-10.375035285949707,10.374998808405508,0.9999683789967344,1,0
221,1,c21,0111,0111,0011,-0.012541139498353004,-4.387513160705566,4.374972021207213,0.9875393445122428,1,0
221,2,s02,1101,1101,1110,-9.965679055312648e-05,-9.756028175354004,9.75592851856345,0.9999020493096683,1,0
221,3,c32,1111,1111,1110,-4.8398447688668966e-05,-10.500048637390137,10.500000238942448,0.9999584550787652,1,0
221,4,c02,1101,1101,1111,-3.6954852475901134e-06,-14.125022888183594,14.125019192698346,0.9999990945571409,1,0
221,5,t130,0101,0101,1101,-0.6931546926498413,-0.69315505027771,3.5762786865234375e-07,0.4999996971194916,1,0
221,6,x3,0100,0100,0000,-6.794744695071131e-05,-13.548650741577148,13.548582794130198,0.9999967426485703,1,0
221,7,c31,0100,0100,0000,-1.7642878447077237e-05,-11.250020980834961,11.250003337956514,0.9999853865800483,1,0
221,8,x2,0110,0110,0010,-0.0001147923176176846,-13.326053619384766,13.325938827067148,0.9999963887856738,1,0
222,1,x0,0100,0100,0101,-7.0333330768335145e-06,-12.125007629394531,12.125000596061454,0.9999934759974871,1,0
222,2,x0,1100,1100,0100,-4.05310947826365e-06,-12.625003814697266,12.624999761587787,0.999996604787177,1,0
222,3,t302,1100,1100,1110,-1.013277142192237e-05,-13.000018119812012,13.00000798704059,0.9999964820873778,1,0
222,4,t130,1100,1100,0100,-5.960297494311817e-05,-11.250094413757324,11.250034810782381,0.9999860075296084,1,0
222,5,s23,1100,1100,1001,-0.012543869204819202,-4.388711929321289,4.37616806011647,0.9875594274557942,1,0
222,6,x3,1101,1101,1100,-3.325913712615147e-05,-10.875033378601074,10.875000119463948,0.999979262223441,1,0
222,7,x2,1111,1111,1110,-9.131067054113373e-05,-12.500090599060059,12.499999288389517,0.9999959494712642,1,0
222,8,c23,1110,1110,1111,-0.00024508059141226113,-9.000244140625,8.999999060033588,0.9998751074327794,1,0
223,1,c32,1101,1101,1111,-0.12388195842504501,-2.2494359016418457,2.1255539432168007,0.8834892442910729,1,0
223,2,t130,0101,1101,1101,-2.5789074897766113,-0.07890305668115616,-2.500004433095455,0.0758577637572296,0,0
223,3,s31,0101,0101,0011,-0.0008107763715088367,-7.1258955001831055,7.125084723811597,0.9991896913434172,1,0
223,4,x2,0111,0111,0110,-3.51663984474726e-05,-12.56253433227539,12.562499165876943,0.9999961472647519,1,0
223,5,x0,1111,1111,1110,-8.940674888435751e-06,-13.000008583068848,12.99999964239396,0.9999969616347653,1,0
223,6,s03,1111,1111,1110,-0.00022254284704104066,-8.500222206115723,8.499999663268682,0.9997798426040475,1,0
223,7,t312,1101,1101,1111,-0.0003089464153163135,-8.125307083129883,8.124998136714566,0.9997039317986509,1,0
223,8,c23,1101,1101,1100,-0.00020097005472052842,-8.625201225280762,8.625000255226041,0.9998093027436442,1,0
224,1,t230,1011,0011,0011,-0.8259538412094116,-0.5759449005126953,-0.2500089406967163,0.43781967549357576,0,0
224,2,t123,1011,1011,1010,-0.00017451168969273567,-8.875174522399902,8.87500001071021,0.9998485484320888,1,0
224,3,x0,0011,0011,1011,-1.3113015029375674e-06,-14.250001907348633,14.25000059604713,0.999999248989971,1,0
224,4,t123,0011,0011,0010,-2.026547554123681e-05,-11.375020027160645,11.374999761685103,0.9999880716084637,1,0
224,5,x3,0010,0010,0011,-1.4305107924883487e-06,-15.875000953674316,15.874999523163524,0.9999997559251864,1,0
224,6,t230,0010,0010,1010,-3.313963316031732e-05,-10.750036239624023,10.750003099990863,0.9999784770364004,1,0
224,7,t301,0010,0010,1010,-9.536740890325746e-07,-14.125101089477539,14.12510013580345,0.9999990611271414,1,0
224,8,t012,0010,0010,0011,-1.1920928244535389e-07,-16.125,16.124999880790718,0.9999998339895486,1,0
225,1,c03,1010,1010,0011,-0.01060930360108614,-4.7586188316345215,4.748009528033435,0.9894487187359502,1,0
225,2,t230,1010,1010,1110,-2.7537147616385482e-05,-11.000031471252441,11.000003934104825,0.9999752214293861,1,0
225,3,s10,0110,0110,1010,-2.0980653061997145e-05,-10.875059127807617,10.875038147154555,0.9999792641229034,1,0
225,4,s32,0101,0101,0011,-0.02799133211374283,-3.6647043228149414,3.6367129907011986,0.9734043375524459,1,0
225,5,c23,0101,0101,0100,-2.324571687495336e-05,-11.875022888183594,11.874999642466719,0.9999812762363686,1,0
225,6,x0,1101,1101,1100,-5.960462772236497e-07,-14.250000953674316,14.25000035762804,0.9999992776263535,1,0
225,7,s10,1101,1101,0111,-9.655926987761632e-06,-12.002824783325195,12.002815127398208,0.9999905242625395,1,0
225,8,s10,1101,1101,0111,-0.0013291372451931238,-6.626492023468018,6.6251628862228245,0.9986736951708702,1,0
226,1,c32,1100,1100,1110,-0.000708415696863085,-7.50067138671875,7.499962971021887,0.9993140812979091,1,0
226,2,t201,1100,1100,1000,-0.00016342333401553333,-8.750986099243164,8.750822675909149,0.9998404739811012,1,0
226,3,s02,0110,0110,0111,-0.004144082777202129,-5.504143714904785,5.499999632127583,0.9958779551587557,1,0
226,4,x1,0010,0010,1010,-8.7022617663024e-06,-13.625007629394531,13.624998927132765,0.9999972180711825,1,0
226,5,c32,0010,0010,1010,-1.072883264896518e-06,-15.000007629394531,15.000006556511266,0.9999995907550746,1,0
226,6,s12,0100,0100,0010,-0.01836320385336876,-4.01827335357666,3.9999101497232914,0.9818110360229462,1,0
226,7,s23,0100,0100,0001,-0.020819872617721558,-4.418849945068359,4.398030072450638,0.9795796210652822,1,0
226,8,s30,0100,0100,0001,-8.702254490344785e-06,-13.37502384185791,13.37501513960342,0.9999973695652685,1,0
227,1,x0,0010,0010,0110,-7.6293727033771574e-06,-12.000007629394531,12.000000000021828,0.9999927752483141,1,0
227,2,s20,1000,1000,0010,-0.012727709487080574,-4.387568950653076,4.374841241165996,0.9875284275479956,1,0
227,3,c10,1000,1000,1100,-5.435810089693405e-05,-9.875055313110352,9.875000955009455,0.9999459212886748,1,0
227,4,c10,1000,1000,1100,-4.05310947826365e-06,-12.625004768371582,12.625000715262104,0.9999965150275899,1,0
227,5,s30,0001,0001,0010,-0.00260594068095088,-6.0026350021362305,6.00002906145528,0.9974898564532014,1,0
227,6,c21,0001,0001,0101,-0.00016044313088059425,-8.75022029876709,8.75005985563621,0.9998412351283263,1,0
227,7,x0,1001,1001,1000,-1.8000544514507055e-05,-12.000017166137695,11.99999916559318,0.9999903376865408,1,0
227,8,t210,1001,1001,1101,-4.291527147870511e-06,-12.500004768371582,12.500000476844434,0.9999957364342841,1,0
228,1,x1,1110,1110,0110,-4.887576324108522e-06,-14.000073432922363,14.00006854534604,0.999997778297376,1,0
228,2,c10,0110,0110,1110,-2.6821751816896722e-05,-11.250028610229492,11.250001788477675,0.9999861607913241,1,0
228,3,c02,0110,0110,1100,-9.179078915622085e-06,-14.523271560668945,14.52326238159003,0.9999988638353973,1,0
228,4,t302,0110,0110,1110,-8.702264494786505e-06,-13.875079154968262,13.875070452703767,0.9999985405809568,1,0
228,5,s20,1100,1100,0110,-0.00045105235767550766,-8.875162124633789,8.874711072276114,0.9996876345689638,1,0
228,6,s13,1001,1001,1100,-0.0004249290795996785,-9.000397682189941,8.999972753110342,0.9998445775782848,1,0
228,7,c10,1001,1001,0001,-1.8358088709646836e-05,-11.00003433227539,11.000015974186681,0.9999817247860598,1,0
228,8,t321,1001,1001,1101,-0.0181589275598526,-4.018165588378906,4.000006660819054,0.982013340972693,1,0
229,1,c32,1110,1110,1111,-0.0005966895841993392,-8.25059700012207,8.250000310537871,0.9994176693394239,1,0
229,2,t201,1010,1010,1110,-0.2634710967540741,-1.6004267930984497,1.3369556963443756,0.768389526200119,1,0
229,3,x0,0010,0010,0011,-3.576278402306343e-07,-15.75,15.74999964237216,0.9999996315200946,1,0
229,4,t203,0010,0010,0011,-3.3497319236630574e-05,-10.375033378601074,10.374999881281838,0.9999681296865681,1,0
229,5,s02,1000,1000,0010,-0.011198884807527065,-4.511076927185059,4.4998780423775315,0.9889023886487525,1,0
229,6,t210,1000,1000,0000,-6.747103179804981e-05,-10.000139236450195,10.000071765418397,0.9999378407442437,1,0
229,7,c03,1001,1001,1000,-0.0005590578657574952,-7.500558853149414,7.499999795283657,0.9994459312667323,1,0
229,8,c10,1001,1001,0001,-7.033323981886497e-06,-11.87501335144043,11.875006318116448,0.9999929472009411,1,0
230,1,c02,1001,1001,1011,-0.0076418789103627205,-4.882669448852539,4.875027569942176,0.9923884117803611,1,0
230,2,s12,1001,1001,1100,-0.00022278042160905898,-11.134024620056152,11.133801839634543,0.9999787762230822,1,0
230,3,s21,1001,1001,1010,-3.2782303605927154e-05,-11.363009452819824,11.362976670516218,0.9999854383359591,1,0
230,4,t032,1011,1001,1001,-1.6004196405410767,-0.22541722655296326,-1.3750024139881134,0.20181250420266916,0,0
230,5,t012,1011,1011,1001,-3.2543757697567344e-05,-12.250032424926758,12.24999988116906,0.9999945594540816,1,0
230,6,t302,1001,1011,1011,-2.5788936614990234,-0.07889529317617416,-2.4999983683228493,0.0758580326981262,0,0
230,7,x0,0001,0001,1001,-5.6028216022241395e-06,-12.125008583068848,12.125002980247245,0.9999944578257369,1,0
230,8,c12,0001,0001,0011,-6.22255465714261e-05,-9.750127792358398,9.750065566811827,0.9999416727070454,1,0
231,1,x0,1011,1011,0011,-0.0007196528022177517,-7.2507100105285645,7.249990357726347,0.9992843289875517,1,0
231,2,c31,1111,1111,1011,-4.529950274445582e-06,-13.37500286102295,13.374998331072675,0.9999974094279147,1,0
231,3,s02,1111,1111,0111,-5.876945215277374e-05,-10.500028610229492,10.49996984077734,0.9999424728368027,1,0
231,4,c23,1110,1110,1111,-0.0006237851921468973,-7.50062370300293,7.499999917810783,0.9994452387523421,1,0
231,5,s01,1110,1110,0111,-0.0380648672580719,-3.2895445823669434,3.2514797151088715,0.9626512997469702,1,0
231,6,c03,1111,1111,1110,-7.90346966823563e-05,-10.125078201293945,10.124999166597263,0.9999464165758472,1,0
231,7,x0,0111,0111,1111,-3.576278118089249e-07,-17.25008773803711,17.250087380409298,0.9999999461971749,1,0
231,8,s03,1110,1110,1111,-0.00012921786401420832,-9.250129699707031,9.250000481843017,0.9998895790250045,1,0
232,1,s31,1101,1101,0110,-0.0014045190764591098,-7.119485855102539,7.11808133602608,0.9986495107807376,1,0
232,2,c32,1111,1111,1110,-7.629385436302982e-06,-13.125006675720215,13.124999046334779,0.9999960617088833,1,0
232,3,x3,1110,1110,1111,-3.4689601307036355e-05,-13.06253433227539,13.062499642674084,0.9999961337101133,1,0
232,4,c13,1111,1111,1110,-0.008676507510244846,-4.758676528930664,4.750000021420419,0.9913676353655733,1,0
232,5,c12,1101,1101,1111,-0.00013195985229685903,-10.063119888305664,10.062987928453367,0.9999571841740681,1,0
232,6,x3,1100,1100,1101,-5.030554530094378e-05,-11.500049591064453,11.499999285519152,0.9999864405989305,1,0
232,7,s10,1100,1100,0110,-7.0333289841073565e-06,-12.002193450927734,12.00218641759875,0.9999934090905398,1,0
232,8,c02,1110,1110,1100,-8.22542733658338e-06,-12.750012397766113,12.750004172338777,0.999996009126619,1,0
233,1,c23,1100,1100,1101,-0.14271076023578644,-2.0177106857299805,1.874999925494194,0.8670289434510525,1,0
233,2,t301,1100,1100,1000,-1.192092668134137e-06,-14.62503719329834,14.625036001205672,0.999999312853913,1,0
233,3,t130,1100,1100,0100,-2.9205906685092486e-05,-11.500290870666504,11.500261664759819,0.9999886877351223,1,0
233,4,c13,1101,1101,1100,-0.023286931216716766,-3.773286819458008,3.749999888241291,0.9770170759284362,1,0
233,5,c02,1111,1111,1110,-5.173593672225252e-05,-10.125051498413086,10.124999762476364,0.9999595493301132,1,0
233,6,s20,1111,1111,0111,-3.743122215382755e-05,-10.375031471252441,10.374994040030288,0.9999625176110412,1,0
233,7,t012,1101,1101,1111,-1.1444059055065736e-05,-13.500017166137695,13.50000572207864,0.9999983032536838,1,0
233,8,c32,1111,1111,1101,-6.556410517077893e-05,-10.125062942504883,10.124997378399712,0.9999543013892744,1,0
234,1,c20,1011,1011,0011,-0.4740828573703766,-0.9740779399871826,0.49999508261680603,0.6224567065533378,1,0
234,2,s20,1011,1011,0111,-0.00011765427916543558,-9.45156192779541,9.451444273516245,0.9998880499098199,1,0
234,3,t021,1111,1111,1011,-0.00012254362809471786,-9.75006103515625,9.749938491528155,0.9998820254372647,1,0
234,4,c32,1101,1101,1111,-0.00023588858311995864,-8.437203407287598,8.436967518704478,0.9997673437317551,1,0
234,5,t201,1101,1101,1001,-0.0009246482513844967,-7.00098180770874,7.000057159457356,0.9990787563431011,1,0
234,6,t203,1101,1101,1100,-0.5759468674659729,-0.8259468674659729,0.25,0.5621746275019036,1,0
234,7,x2,1111,1111,1110,-0.0002361262304475531,-14.125235557556152,14.124999431325705,0.9999990670617211,1,0
234,8,c12,1101,1101,1111,-2.312642573087942e-05,-13.750021934509277,13.749998808083546,0.999998780725619,1,0
235,1,c23,1100,1101,1101,-0.8259692192077637,-0.5759692192077637,-0.25,0.43782031255599424,0,0
235,2,t012,1110,1110,1100,-0.00020681445312220603,-8.750207901000977,8.750001086547854,0.9998407916539945,1,0
235,3,t123,1111,1110,1110,-1.3235445022583008,-0.32354456186294556,-0.9999999403953552,0.2663304760237791,0,0
235,4,c32,1101,1101,1110,-0.0005184410838410258,-7.725720405578613,7.725201964494772,0.9995053267818036,1,0
235,5,x3,1100,1100,1101,-2.2053616703487933e-05,-12.500021934509277,12.499999880892574,0.999994403522217,1,0
235,6,t301,1100,1100,1110,-1.3113019576849183e-06,-14.75,14.749998688698042,0.9999988889692946,1,0
235,7,c23,1100,1100,1101,-7.08081279299222e-05,-9.625070571899414,9.624999763771484,0.999933231987208,1,0
235,8,c03,1101,1101,1110,-0.011168979108333588,-5.130966663360596,5.119797684252262,0.9888946704531802,1,0
236,1,c31,0110,0110,0010,-0.014215809293091297,-4.264243125915527,4.250027316622436,0.9858911893100136,1,0
236,2,x2,0100,0100,0101,-7.688808545935899e-05,-11.687576293945312,11.687499405859853,0.9999903387051086,1,0
236,3,s03,0100,0100,1100,-9.858159319264814e-05,-9.500243186950684,9.500144605357491,0.9999225938167015,1,0
236,4,x1,0000,0000,0100,-2.4080020011751913e-05,-10.75002384185791,10.749999761837898,0.999978098151831,1,0
236,5,s01,0000,0000,1000,-5.7695659052114934e-05,-10.750057220458984,10.749999524799932,0.9999781001328453,1,0
236,6,c21,0000,0000,0100,-3.14707649522461e-05,-10.375032424926758,10.375000954161806,0.9999686979356103,1,0
236,7,c01,0000,0000,0100,-7.3909518505388405e-06,-11.875006675720215,11.874999284768364,0.9999929297442962,1,0
236,8,t203,0000,0000,1000,-8.344648563252122e-07,-15.625507354736328,15.625506520271472,0.9999996242100668,1,0
237,1,c21,0001,0001,0101,-0.04859727993607521,-3.048597574234009,3.0000002942979336,0.9525727525379558,1,0
237,2,t132,0001,0001,0011,-5.9722155128838494e-05,-9.7528657913208,9.752806069165672,0.9999415788851468,1,0
237,3,c23,0001,0001,0011,-0.0001544844126328826,-12.139962196350098,12.139807711937465,0.9999937209307201,1,0
237,4,c20,0001,0001,1001,-0.0009120118920691311,-7.000927925109863,7.000015913217794,0.999088911521109,1,0
237,5,x2,0011,0011,0010,-1.0371182725066319e-05,-12.50001049041748,12.500000119234755,0.9999960144910388,1,0
237,6,x0,1011,1011,1010,-0.00023875519400462508,-8.500238418579102,8.499999663385097,0.9997803803583623,1,0
237,7,x2,1001,1001,1010,-2.9205932150944136e-05,-15.773152351379395,15.773123145447244,0.9999995548380388,1,0
237,8,t301,1101,1101,1001,-0.3132822811603546,-1.313265323638916,0.9999830424785614,0.7310454290884064,1,0
238,1,x2,0000,0000,0010,-0.00010001282498706132,-9.375089645385742,9.374989632560755,0.9999035613432732,1,0
238,2,t203,0000,0000,1000,-2.5033925794559764e-06,-15.000008583068848,15.000006079676268,0.9999994520373917,1,0
238,3,c13,0000,0000,0001,-2.980194221890997e-05,-10.500029563903809,10.49999976196159,0.9999721549735641,1,0
238,4,c21,0000,0000,0100,-9.894342838379089e-06,-11.875015258789062,11.875005364446224,0.9999928700120477,1,0
238,5,x0,1000,1000,0000,-2.7656182282953523e-05,-11.000027656555176,11.000000000372893,0.9999832359347213,1,0
238,6,x1,1100,1100,1110,-7.939029455883428e-05,-14.625079154968262,14.624999764673703,0.9999993350446063,1,0
238,7,c03,1101,1101,1100,-0.001363112940452993,-6.626363277435303,6.62500016449485,0.9986478475853602,1,0
238,8,x1,1001,1001,1111,-0.00041860208148136735,-10.784064292907715,10.783645690826233,0.999974818670231,1,0
239,1,x1,0011,0011,1011,-0.0008180476725101471,-7.125837802886963,7.125019755214453,0.9991829297483347,1,0
239,2,s31,0110,0110,0111,-0.003969798795878887,-6.253970146179199,6.25000034738332,0.9966416035243166,1,0
239,3,c32,0110,0110,1110,-8.225423698604573e-06,-14.937514305114746,14.937506079691047,0.9999994570086215,1,0
239,4,c01,0110,0110,1010,-5.960448106634431e-06,-13.875014305114746,13.87500834466664,0.9999989060162708,1,0
239,5,x3,0111,0111,0110,-3.6358589568408206e-05,-11.25003719329834,11.250000834708771,0.9999843519526646,1,0
239,6,x0,1111,1111,1110,-1.597392838448286e-05,-11.125016212463379,11.125000238534994,0.9999850810572011,1,0
239,7,x1,1011,1011,1111,-1.0967214620904997e-05,-13.411754608154297,13.411743640939676,0.9999977935861117,1,0
239,8,c31,1111,1111,1011,-1.9073413568548858e-05,-11.750016212463379,11.74999713904981,0.999985327111243,1,0
240,1,s23,0001,0001,0010,-0.020655803382396698,-3.895695686340332,3.8750398829579353,0.9795835037055208,1,0
240,2,x0,1001,1001,1101,-1.0371164535172284e-05,-14.311979293823242,14.311968922658707,0.999998930312989,1,0
240,3,c03,1000,1000,1001,-0.00027867709286510944,-8.25027847290039,8.249999795807526,0.999734786618305,1,0
240,4,x0,0000,0000,0001,-1.0609603123157285e-05,-12.37501049041748,12.374999880814357,0.9999946543866564,1,0
240,5,s01,0000,0000,1000,-4.172316948825028e-06,-15.187503814697266,15.187499642380317,0.9999996075230059,1,0
240,6,t012,0000,0000,0010,-1.1920928244535389e-07,-17.125,17.124999880790718,0.9999999015416833,1,0
240,7,c03,0000,0000,1000,-1.1920923270736239e-06,-14.487834930419922,14.487833738327595,0.9999992206288498,1,0
240,8,t132,0000,0000,1000,-1.0728831512096804e-06,-16.250019073486328,16.250018000603177,0.9999997968327194,1,0
241,1,s32,1001,1010,1010,-1.0547733306884766,-0.42906755208969116,-0.6257057785987854,0.3482770450421005,0,0
241,2,c20,1001,1001,0001,-0.0024800621904432774,-6.002513885498047,6.000033823307604,0.9975233946515444,1,0
241,3,t203,1001,1001,1100,-2.3245729607879184e-05,-12.97347640991211,12.973453164182501,0.9999952759049885,1,0
241,4,x2,1011,1011,1010,-4.2437670344952494e-05,-14.125041961669922,14.124999523999577,0.9999990366784964,1,0
241,5,t103,1011,1011,1010,-0.02055763639509678,-3.8955576419830322,3.8750000055879354,0.9796638822273668,1,0
241,6,t132,1011,1011,1001,-0.0004873691650573164,-7.875394821166992,7.874907452001935,0.9995210347775753,1,0
241,7,t321,1111,1111,1011,-0.0024844727013260126,-6.002483367919922,5.999998895218596,0.9975245415565367,1,0
241,8,t302,1101,1101,1111,-0.0021904611494392157,-6.175777435302734,6.173586974153295,0.9978159199341222,1,0
242,1,x2,1101,1101,1001,-1.4781897334614769e-05,-12.376715660095215,12.37670087819788,0.9999942810654344,1,0
242,2,s23,1110,1110,1101,-0.005281317047774792,-5.255768299102783,5.250486982055008,0.994733683153515,1,0
242,3,x1,1010,1010,1110,-1.7881318854051642e-05,-12.562517166137695,12.562499284818841,0.9999950298018906,1,0
242,4,s01,0110,0110,0111,-0.0001712896628305316,-13.000170707702637,12.999999418039806,0.9999975275039931,1,0
242,5,c02,0110,0110,0010,-2.980229510285426e-06,-15.000004768371582,15.000001788142072,0.9999989115338618,1,0
242,6,t032,0110,0110,0111,-4.1723224057932384e-06,-14.625003814697266,14.62499964237486,0.9999991949072498,1,0
242,7,t032,0110,0110,1110,-4.291529876354616e-06,-13.125187873840332,13.125183582310456,0.9999975741247538,1,0
242,8,c23,0111,0111,0110,-0.0013333098031580448,-6.626332759857178,6.62499945005402,0.9986735111472391,1,0
243,1,s30,1101,1101,0101,-0.005109063349664211,-6.140052795410156,6.134943732060492,0.9949063012334011,1,0
243,2,s13,1101,1101,1011,-0.0005601951852440834,-7.878597259521484,7.87803706433624,0.9996199119947178,1,0
243,3,x1,1001,1001,1101,-2.2768857888877392e-05,-12.505252838134766,12.505230069276877,0.9999933334204272,1,0
243,4,x1,1101,1101,1001,-6.437290267058415e-06,-14.375011444091797,14.37500500680153,0.9999992819761427,1,0
243,5,s13,1101,1101,1011,-5.364345997804776e-05,-10.630854606628418,10.63080096316844,0.9999751653185395,1,0
243,6,s02,0111,0111,1111,-0.0002307626127731055,-9.117257118225098,9.117026355612325,0.9997693828278192,1,0
243,7,s10,1011,1011,1110,-0.0015910329530015588,-6.548401355743408,6.546810322790407,0.9984906443628241,1,0
243,8,x3,1010,1010,1011,-2.1099936930113472e-05,-13.375021934509277,13.375000834572347,0.9999973617303064,1,0
244,1,t031,1100,1100,1000,-0.005276339594274759,-5.255376815795898,5.250100476201624,0.9947552492101133,1,0
244,2,t230,1100,1100,0100,-9.179080734611489e-06,-14.00007438659668,14.000065207515945,0.9999988191107062,1,0
244,3,t031,1100,1100,1101,-1.4305110198620241e-06,-15.500000953674316,15.499999523163297,0.9999996015756496,1,0
244,4,t201,1100,1100,1000,-0.00010263448348268867,-9.25025463104248,9.250151996558998,0.9999014545773205,1,0
244,5,s21,1010,1010,1100,-0.001095356186851859,-6.876038074493408,6.874942718306556,0.9989154380399253,1,0
244,6,c32,1010,1010,1110,-5.722039531974588e-06,-13.629136085510254,13.629130363470722,0.9999984907237427,1,0
244,7,x0,0010,0010,1010,-1.1920928244535389e-07,-15.625005722045898,15.625005602836616,0.9999997697402279,1,0
244,8,t032,0010,0010,0011,-4.7683712978141557e-07,-15.5,15.49999952316287,0.9999996243776018,1,0
245,1,c31,1110,1110,1010,-0.1272394359111786,-2.1274397373199463,2.0002003014087677,0.8807891954518022,1,0
245,2,c31,1110,1110,1010,-4.410740075400099e-06,-13.636055946350098,13.636051535610022,0.9999985807192642,1,0
245,3,c32,1110,1110,1010,-2.992137524415739e-05,-12.953913688659668,12.953883767284424,0.9999946701968482,1,0
245,4,s13,1011,1011,1110,-0.0013818542938679457,-7.001463890075684,7.000082035781816,0.9990817535510904,1,0
245,5,s13,1110,1110,1011,-0.0032222976442426443,-5.753181457519531,5.749959159875289,0.996806700420686,1,0
245,6,c10,0110,0110,0111,-0.000222900474909693,-8.500222206115723,8.499999305640813,0.9997961272681068,1,0
245,7,t321,0110,0110,0010,-3.4570673506095773e-06,-14.500036239624023,14.500032782556673,0.9999988685965189,1,0
245,8,c30,0110,0110,1110,-1.1801666005339939e-05,-11.625052452087402,11.625040650421397,0.9999908980086548,1,0
246,1,c23,0001,0001,0011,-0.0007198572857305408,-7.6611175537109375,7.660397696425207,0.9994399854047128,1,0
246,2,s10,0001,0001,0000,-1.1920928244535389e-07,-16.3125,16.312499880790718,0.9999998696093361,1,0
246,3,t310,0001,0001,1001,-0.00038044372922740877,-7.875383377075195,7.875002933345968,0.9996199526101056,1,0
246,4,t021,0001,0001,0101,-5.960463909104874e-07,-15.000001907348633,15.000001311302242,0.999999559055973,1,0
246,5,s13,0100,0100,0001,-0.005743290297687054,-5.38072395324707,5.374980662949383,0.99536420794104,1,0
246,6,t310,0100,0100,1100,-4.053112206747755e-06,-12.875027656555176,12.875023603442969,0.9999959086847389,1,0
246,7,t301,0100,0100,0000,-2.0265570128685795e-06,-13.75003719329834,13.750035166741327,0.9999980435117091,1,0
246,8,x2,0110,0110,0010,-3.087479490204714e-05,-13.625075340270996,13.625044465476094,0.9999983514565324,1,0
247,1,x2,1010,1010,1000,-2.527219294279348e-05,-12.75002384185791,12.749998569664967,0.9999932666327872,1,0
247,2,t023,1011,1010,1010,-1.0537463426589966,-0.4287463426589966,-0.625,0.34864467128295423,0,0
247,3,t213,1011,1011,1010,-0.0021310127340257168,-6.25213098526001,6.249999972525984,0.9979147450604804,1,0
247,4,s10,0111,0110,0110,-1.804882526397705,-0.17988258600234985,-1.6249999403953552,0.16450484346626293,0,0
247,5,t320,1111,1111,1110,-5.722036803490482e-06,-12.500004768371582,12.499999046334779,0.999995630358087,1,0
247,6,c13,1110,1111,1111,-1.3132764101028442,-0.31327635049819946,-1.0000000596046448,0.26894073650930506,0,0
247,7,s02,1110,1110,1101,-0.0022616868373006582,-6.502253532409668,6.499991845572367,0.9977413174847901,1,0
247,8,x0,0110,0110,0111,-4.053109023516299e-06,-12.500003814697266,12.499999761588242,0.9999961398186491,1,0
248,1,x0,1000,1000,0000,-2.9325088689802215e-05,-10.500027656555176,10.499998331466486,0.9999718840656219,1,0
248,2,x3,1001,1001,1000,-2.7537014830159023e-05,-13.500027656555176,13.500000119540346,0.999998339646378,1,0
248,3,x1,1101,1101,1111,-3.087499862886034e-05,-11.750062942504883,11.750032067506254,0.9999878537031038,1,0
248,4,x1,1001,1001,1101,-4.708706183009781e-05,-10.803742408752441,10.803695321690611,0.9999640046619048,1,0
248,5,c12,1001,1001,1011,-0.001225261832587421,-6.751521110534668,6.7502958487020805,0.9988291514054481,1,0
248,6,c31,1101,1101,1001,-6.5565013755986e-06,-12.625005722045898,12.624999165544523,0.9999961230928436,1,0
248,7,x1,1001,1001,1101,-0.0001957280474016443,-8.820131301879883,8.819935573832481,0.9998411011709643,1,0
248,8,c23,1001,1001,1101,-4.303404057282023e-05,-12.875892639160156,12.875849605119583,0.9999946716595779,1,0
249,1,s12,0000,0000,0100,-2.1457663024193607e-06,-13.750046730041504,13.750044584275201,0.9999985698527057,1,0
249,2,c31,0000,0000,1000,-1.1920923270736239e-06,-14.000000953674316,13.99999976158199,0.9999990504807726,1,0
249,3,x3,0001,0001,0000,-2.360321559535805e-05,-13.250022888183594,13.249999284967998,0.9999977482884033,1,0
249,4,c20,0001,0001,1001,-9.619726915843785e-05,-9.250127792358398,9.25003159508924,0.9999038298600289,1,0
249,5,x3,0000,0000,0010,-8.344636626134161e-06,-12.413046836853027,12.413038492216401,0.99999521411739,1,0
249,6,t021,0000,0000,0100,-1.9073474959441228e-06,-13.500006675720215,13.500004768372719,0.9999984483317648,1,0
249,7,c03,0000,0000,1000,-2.264975137222791e-06,-13.751527786254883,13.751525521279746,0.9999981568369587,1,0
249,8,x0,1000,1000,0000,-6.198867140483344e-06,-14.625000953674316,14.624994754807176,0.999999246925003,1,0
250,1,x0,0100,0100,0101,-1.5377927411464043e-05,-11.375015258789062,11.374999880861651,0.9999857740815268,1,0
250,2,x1,0000,0000,1000,-3.099418245255947e-05,-12.000160217285156,12.000129223102704,0.9999851297202537,1,0
250,3,c10,0000,0000,1000,-7.509902934543788e-05,-9.500075340270996,9.50000024124165,0.9999251167772312,1,0
250,4,s03,0000,0000,1000,-0.0002816519408952445,-8.812782287597656,8.812500635656761,0.9998509315305648,1,0
250,5,x0,1000,1000,1100,-2.3126336600398645e-05,-14.125022888183594,14.124999761846993,0.9999992035783171,1,0
250,6,s03,0001,0001,0000,-0.03982550650835037,-3.289825439453125,3.2499999329447746,0.9610076067425224,1,0
250,7,t201,0001,0001,1001,-9.536741458759934e-07,-14.500353813171387,14.50035285949724,0.9999991727262973,1,0
250,8,t023,0001,0001,0011,-5.960463909104874e-07,-15.500179290771484,15.500178694725093,0.9999996742507578,1,0
251,1,x3,0110,0110,1110,-3.385517993592657e-05,-10.875203132629395,10.875169277449459,0.9999707557658714,1,0
251,2,t213,0111,0110,0110,-1.3132717609405518,-0.31327179074287415,-0.9999999701976776,0.2689412815077519,0,0
251,3,t120,1111,1111,1110,-2.3722424884908833e-05,-10.875022888183594,10.874999165758709,0.9999804756940718,1,0
251,4,c03,1110,1110,0111,-9.179102562484331e-06,-12.625062942504883,12.62505376340232,0.9999930090317855,1,0
251,5,x1,1010,1010,1110,-4.565645576803945e-05,-11.81254768371582,11.812502027260052,0.9999916352267606,1,0
251,6,c30,1010,1010,0010,-4.172321496298537e-06,-13.375004768371582,13.375000596050086,0.9999971052694006,1,0
251,7,c01,1110,1110,1100,-3.349737744429149e-05,-12.500033378601074,12.49999988122363,0.9999958694698502,1,0
251,8,t032,1110,1110,1111,-0.00011979936971329153,-9.125120162963867,9.125000363594154,0.9998883478187734,1,0
252,1,c10,0010,0010,1010,-6.615897291339934e-05,-9.625065803527832,9.624999644554919,0.9999338478870502,1,0
252,2,x2,0000,0000,0001,-1.4543489669449627e-05,-12.625015258789062,12.625000715299393,0.9999940152884322,1,0
252,3,x0,1000,1000,1100,-0.00014244508929550648,-13.750142097473145,13.749999652383849,0.9999986888093894,1,0
252,4,x3,1001,1001,1000,-2.3007169147604145e-05,-13.375022888183594,13.374999881014446,0.9999979762722956,1,0
252,5,t321,1001,1001,1101,-0.005269150249660015,-5.255435466766357,5.250166316516697,0.9947781683176571,1,0
252,6,c20,1001,1001,0001,-5.006704668630846e-05,-10.12509536743164,10.125045300384954,0.9999536277983535,1,0
252,7,c02,1011,1011,1001,-5.221281389822252e-05,-10.125051498413086,10.124999285599188,0.9999582532510662,1,0
252,8,s01,0111,0111,0110,-0.0008421741076745093,-7.375842094421387,7.374999920313712,0.9993706644974496,1,0
253,1,t013,1000,1000,0001,-0.0008228316437453032,-7.701974868774414,7.701152037130669,0.9991825467469706,1,0
253,2,x0,0000,0000,0100,-0.00017975149967242032,-8.625179290771484,8.624999539271812,0.9998202625281994,1,0
253,3,c13,0000,0000,0001,-0.000125163744087331,-9.375125885009766,9.375000721265678,0.9999148654095449,1,0
253,4,c12,0000,0000,0010,-4.732499655801803e-05,-14.25004768371582,14.250000358719262,0.9999993213034996,1,0
253,5,c30,0000,0000,1000,-1.0013530300057027e-05,-11.875011444091797,11.875001430561497,0.9999930131584911,1,0
253,6,c02,0000,0000,1000,-5.960462772236497e-07,-18.000141143798828,18.00014054775255,0.9999999607596637,1,0
253,7,s20,0000,0000,1000,-3.075581480516121e-05,-12.000008583068848,11.999977827254042,0.9999857936709885,1,0
253,8,x1,0100,0100,0110,-5.960463340670685e-07,-16.125,16.124999403953666,0.9999998181290732,1,0
254,1,t012,0010,0010,0110,-0.0001405379589414224,-8.87523078918457,8.875090251225629,0.999859560421078,1,0
254,2,t130,0010,0010,1010,-0.0011773331789299846,-6.7511820793151855,6.750004746136256,0.9988302661151102,1,0
254,3,x0,1010,1010,1110,-2.8848235160694458e-05,-14.250113487243652,14.250084639008492,0.9999991565985974,1,0
254,4,t012,1010,1010,1000,-0.00020180469437036663,-8.625757217407227,8.625555412712856,0.9998199493056263,1,0
254,5,x0,0010,0010,0110,-5.8768480812432244e-05,-9.7500581741333,9.749999405652488,0.9999414458275602,1,0
254,6,c32,0010,0010,0110,-4.7683710135970614e-07,-15.625005722045898,15.625005245208797,0.9999997203367272,1,0
254,7,s01,0010,0010,0110,-2.2292009816737846e-05,-11.256739616394043,11.256717324384226,0.9999866974482232,1,0
254,8,s03,0010,0010,1010,-0.01147038210183382,-4.512936115264893,4.501465733163059,0.9889910823540526,1,0
255,1,t123,1101,1101,1110,-0.0001958515349542722,-9.387022972106934,9.38682712057198,0.9998185396182353,1,0
255,2,c32,1111,1111,1110,-1.180168146674987e-05,-13.375012397766113,13.375000596084647,0.9999974806895129,1,0
255,3,x1,1011,1011,1101,-4.339129736763425e-05,-14.38028335571289,14.380239964415523,0.9999993761404,1,0
255,4,t013,1011,1011,1010,-0.0015150938415899873,-6.501514911651611,6.499999817810021,0.9984922816869413,1,0
255,5,c02,1001,1001,1011,-4.83984149468597e-05,-10.875079154968262,10.875030756553315,0.9999800813493999,1,0
255,6,x1,1101,1101,1111,-4.219920447212644e-05,-16.250043869018555,16.250001669814083,0.9999998325693851,1,0
255,7,t120,1101,1101,0101,-0.0007123483810573816,-7.500588417053223,7.499876068672165,0.9992884794366298,1,0
255,8,s23,1110,1110,1011,-8.106087625492364e-05,-10.021379470825195,10.02129840994894,0.9999207810616753,1,0
256,1,x3,1001,1001,1000,-1.3947445040685125e-05,-12.250014305114746,12.250000357669705,0.9999930015513487,1,0
256,2,c31,1101,1101,1001,-8.940680345403962e-06,-12.87500286102295,12.874993920342604,0.9999965453934588,1,0
256,3,s21,1011,1011,1101,-0.0011593122035264969,-7.701895713806152,7.700736401602626,0.9990165103262922,1,0
256,4,c20,0011,0011,1011,-0.005236370489001274,-5.25523567199707,5.249999301508069,0.9947785102674481,1,0
256,5,s20,1001,1001,0011,-0.0010625706054270267,-6.876036643981934,6.874974073376507,0.9989428400754864,1,0
256,6,x2,1011,1011,1010,-4.279526910977438e-05,-14.500041961669922,14.499999166400812,0.9999988816501305,1,0
256,7,t013,1011,1011,1010,-0.0024786321446299553,-6.00247859954834,5.99999996740371,0.9975270176840441,1,0
256,8,s20,1011,1011,1010,-0.0004119281657040119,-8.000411987304688,8.000000059138983,0.9995890514787,1,0
257,1,t123,0100,0100,0101,-0.0006056668353267014,-7.500605583190918,7.499999916355591,0.9994008409006622,1,0
257,2,s30,0100,0100,0001,-1.3351364941627253e-05,-12.62502670288086,12.625013351515918,0.9999957735747577,1,0
257,3,c12,0110,0110,0100,-0.00014089893375057727,-9.125142097473145,9.125001198539394,0.9998907300726341,1,0
257,4,x3,0111,0111,0101,-0.0006061233580112457,-7.501771926879883,7.501165803521872,0.9994407634235947,1,0
257,5,c21,0011,0011,0111,-0.001067815232090652,-6.876070499420166,6.875002684188075,0.9989668275232618,1,0
257,6,s12,0101,0101,0011,-0.0008557170513086021,-7.125804424285889,7.12494870723458,0.9991828659270884,1,0
257,7,x0,1101,1101,1100,-1.0728833785833558e-06,-14.625,14.624998927116621,0.9999991965556772,1,0
257,8,s20,0111,0111,0110,-0.00019167741993442178,-8.875191688537598,8.875000011117663,0.9998085322627664,1,0
258,1,c30,0110,0110,1110,-0.03804260119795799,-3.2880537509918213,3.2500111497938633,0.9626730208663304,1,0
258,2,t301,0110,0110,1110,-1.8715709302341565e-05,-11.001953125,11.001934409290698,0.999983132291635,1,0
258,3,s10,1010,1010,0110,-2.706025588850025e-05,-10.750021934509277,10.749994874253389,0.9999770679799123,1,0
258,4,s01,0110,0110,1010,-7.033326710370602e-06,-12.187506675720215,12.187499642393504,0.9999943891470845,1,0
258,5,t201,0110,0110,1110,-1.2159303878434002e-05,-11.876947402954102,11.876935243650223,0.9999919871672258,1,0
258,6,s30,0110,0110,1110,-0.0011003620456904173,-6.9002299308776855,6.899129568831995,0.9989365062406638,1,0
258,7,t312,0110,0110,0100,-0.0015400960110127926,-6.525404930114746,6.523864834103733,0.9984844953786955,1,0
258,8,t213,0111,0111,0110,-0.2811647355556488,-1.4061647653579712,1.1250000298023224,0.7549120040788211,1,0
259,1,s13,0110,0110,0011,-0.009890965186059475,-4.63484001159668,4.62494904641062,0.9902401328571352,1,0
259,2,t302,0110,0110,0111,-2.622603005875135e-06,-14.500001907348633,14.499999284745627,0.9999989619080389,1,0
259,3,x2,0100,0100,0101,-7.176220969995484e-05,-11.62507152557373,11.62499976336403,0.9999887573530678,1,0
259,4,t320,0100,0100,1100,-7.879429904278368e-05,-9.500090599060059,9.500011804761016,0.9999245541016778,1,0
259,5,t301,0100,0100,0000,-3.099438799836207e-06,-13.000005722045898,13.000002622607099,0.9999972129807327,1,0
259,6,c30,0100,0100,1100,-5.960446742392378e-06,-12.125009536743164,12.125003576296422,0.9999945031233086,1,0
259,7,t103,0100,0100,0101,-6.0795038734795526e-05,-9.75006103515625,9.750000240117515,0.9999404720804221,1,0
259,8,c12,0110,0110,0100,-1.919259193527978e-05,-11.250019073486328,11.249999880894393,0.9999868867322008,1,0
260,1,t102,0001,0001,0011,-5.364412572816946e-06,-12.751708030700684,12.75170266628811,0.9999953457146462,1,0
260,2,s21,0001,0001,0010,-1.3113018439980806e-06,-14.125004768371582,14.125003457069738,0.9999987229865618,1,0
260,3,x1,0101,0101,0001,-2.9802301924064523e-06,-13.87500286102295,13.874999880792757,0.9999983919617873,1,0
260,4,s32,0110,0110,0011,-0.001046503777615726,-7.500715255737305,7.499668751959689,0.998957623615712,1,0
260,5,t032,0110,0110,0010,-8.344624802703038e-06,-14.500032424926758,14.500024080301955,0.999998973822613,1,0
260,6,s31,0011,0011,0110,-0.004446706268936396,-5.504095077514648,5.499648371245712,0.9956692635608292,1,0
260,7,c31,0111,0111,0011,-1.4424239452637266e-05,-11.25001335144043,11.249998927200977,0.9999860861079726,1,0
260,8,t213,0110,0110,0111,-0.06197803467512131,-2.8119778633117676,2.7499998286366463,0.9399129945926105,1,0
261,1,t012,0101,0101,1101,-3.8146929455251666e-06,-13.30371379852295,13.303709983830004,0.9999971683916056,1,0
261,2,x2,0111,0111,0110,-4.768286817125045e-05,-13.31254768371582,13.312500000847649,0.9999981524552043,1,0
261,3,x1,0011,0011,0111,-3.6835070204688236e-05,-12.875038146972656,12.875001311902452,0.999996866668036,1,0
261,4,s31,0110,0110,0011,-0.0009990544058382511,-8.500211715698242,8.499212661292404,0.9996893651388078,1,0
261,5,s30,0110,0110,1110,-0.0013316418044269085,-6.628000736236572,6.626669094432145,0.9986735999976254,1,0
261,6,t201,0110,0110,0100,-6.9141269705141895e-06,-13.125158309936523,13.125151395809553,0.999996142347431,1,0
261,7,c10,1110,1110,1010,-2.551049146859441e-05,-10.62502384185791,10.624998331366442,0.9999747094283735,1,0
261,8,s30,0111,0111,1110,-0.01105996873229742,-4.511134624481201,4.500074655748904,0.9890121869487403,1,0
262,1,c31,0010,0010,0110,-0.0005560775753110647,-7.500556945800781,7.50000086822547,0.9994442187463777,1,0
262,2,t021,0010,0010,0110,-1.1920925544472993e-06,-14.25000286102295,14.250001668930395,0.9999990627616011,1,0
262,3,c03,0010,0010,1010,-2.3364764274447225e-05,-12.876072883605957,12.876049518841683,0.9999967733222546,1,0
262,4,c12,0010,0010,0000,-4.672934301197529e-05,-12.00019645690918,12.000149727566168,0.999993586954128,1,0
262,5,t102,0010,0010,0110,-5.960463909104874e-07,-16.000017166137695,16.000016570091304,0.9999997720352836,1,0
262,6,s03,0010,0010,1010,-0.00047816388541832566,-7.875762462615967,7.8752842987305485,0.9996009589939105,1,0
262,7,t213,0010,0010,0011,-2.22919861698756e-05,-11.000022888183594,11.000000596197424,0.9999824147227626,1,0
262,8,t032,0010,0010,0011,-1.5497203094128054e-06,-14.250001907348633,14.250000357628323,0.9999990257789514,1,0
263,1,t013,0011,0011,1010,-4.529944362730021e-06,-12.849140167236328,12.849135637291965,0.9999954918162762,1,0
263,2,c23,0010,0010,0011,-0.0005581039586104453,-7.500557899475098,7.499999795516487,0.9994470876742568,1,0
263,3,t310,0010,0010,1010,-2.0265558760002023e-06,-13.50000286102295,13.500000834467073,0.9999986027852981,1,0
263,4,x3,0011,0011,0010,-3.8146918086567894e-06,-14.50000286102295,14.49999904633114,0.9999993835739133,1,0
263,5,x1,0111,0111,0110,-0.00018130104581359774,-8.625181198120117,8.624999897074304,0.9998196796870008,1,0
263,6,s31,0111,0111,1110,-0.0006458897842094302,-7.750583171844482,7.749937282060273,0.9993548875537742,1,0
263,7,x0,1111,1111,1110,-1.3112974556861445e-05,-11.87501335144043,11.875000238465873,0.9999891924930675,1,0
263,8,c32,1101,1101,1111,-4.780209201271646e-05,-10.126079559326172,10.12603175723416,0.9999588737222951,1,0
264,1,s23,1110,1110,1011,-0.001546202809549868,-7.452852725982666,7.451306523173116,0.9984592689275227,1,0
264,2,s12,1110,1110,1011,-0.0001408976677339524,-9.000125885009766,8.999984987342032,0.9998721263007897,1,0
264,3,s12,1110,1110,1011,-2.0980714907636866e-05,-11.125015258789062,11.124994278074155,0.9999831421480134,1,0
264,4,t210,0110,0110,1110,-0.014221584424376488,-4.264233112335205,4.250011527910829,0.985931025341752,1,0
264,5,c01,0110,0110,1010,-1.1920924407604616e-06,-14.25001335144043,14.250012159347989,0.9999991670901055,1,0
264,6,t012,0110,0110,0111,-4.053110387758352e-06,-15.500003814697266,15.499999761586878,0.9999996009702288,1,0
264,7,c13,0111,0111,0110,-0.0699705183506012,-2.6949703693389893,2.624999850988388,0.9324371321321407,1,0
264,8,c12,0101,0101,0111,-0.00042301963549107313,-8.12645149230957,8.12602847267408,0.9997038491507572,1,0
265,1,s13,0010,0010,0110,-0.04879920184612274,-3.1488723754882812,3.1000731736421585,0.9524383374638155,1,0
265,2,t013,0010,0010,0011,-7.0333289841073565e-06,-12.000005722045898,11.999998688716914,0.9999932628587985,1,0
265,3,x1,0110,0110,0010,-1.0728833785833558e-06,-14.125000953674316,14.124999880790938,0.9999991646559784,1,0
265,4,c20,1110,1110,0110,-0.029770104214549065,-3.529754877090454,3.499984772875905,0.9706867460604873,1,0
265,5,t023,1111,1111,1110,-0.014235679060220718,-4.264235496520996,4.249999817460775,0.9859320785289634,1,0
265,6,x1,1011,1011,1111,-1.1086422091466375e-05,-11.655332565307617,11.655321478885526,0.9999909555532773,1,0
265,7,t201,1111,1111,1011,-0.0024838773533701897,-6.002481937408447,5.999998060055077,0.9975221827999806,1,0
265,8,x3,1110,1110,1111,-2.0146319002378732e-05,-12.437520027160645,12.437499880841642,0.9999925636688222,1,0
266,1,t032,1011,1001,1001,-0.8268227577209473,-0.5766640901565552,-0.2501586675643921,0.4374426382121439,0,0
266,2,x3,1010,1010,1011,-1.704684109427035e-05,-12.875017166137695,12.875000119296601,0.9999965319775042,1,0
266,3,t231,1010,1010,1110,-0.000560845946893096,-7.500563621520996,7.500002775574103,0.9994467316201676,1,0
266,4,c30,1010,1010,0010,-3.933903826691676e-06,-13.500009536743164,13.500005602839337,0.9999971775087664,1,0
266,5,s12,1100,1100,1010,-0.0006166870007291436,-7.750532150268555,7.7499154632678255,0.9995678203771896,1,0
266,6,t012,1110,1110,1100,-0.0012585188960656524,-6.7512593269348145,6.750000808038749,0.998745644201444,1,0
266,7,c01,1010,1010,1110,-2.0503890482359566e-05,-11.375020027160645,11.374999523270162,0.9999873029131882,1,0
266,8,s10,0110,0110,0111,-1.2278514986974187e-05,-12.500012397766113,12.500000119251126,0.9999952872860374,1,0
267,1,c32,1101,1101,1111,-0.006274625658988953,-5.25731086730957,5.251036241650581,0.9937480600825184,1,0
267,2,t013,1100,1100,1101,-0.4287187457084656,-1.0537188053131104,0.6250000596046448,0.6513472949516976,1,0
267,3,x1,1000,1000,1100,-0.00015710903971921653,-10.750643730163574,10.750486621123855,0.9999771704693657,1,0
267,4,t130,1000,1000,1100,-1.6212397895287722e-05,-12.000016212463379,12.000000000065484,0.9999876555893126,1,0
267,5,x1,1100,1100,1110,-2.5748875486897305e-05,-17.00002670288086,17.000000954005372,0.9999999320744777,1,0
267,6,s23,1100,1100,1001,-0.01835939660668373,-4.022972106933594,4.00461271032691,0.9819627506192549,1,0
267,7,t210,1100,1100,0100,-9.035769471665844e-05,-9.500097274780273,9.500006917085557,0.9999102007594369,1,0
267,8,c21,1100,1100,1000,-0.00013410273822955787,-9.000131607055664,8.999997504317435,0.9998721046184881,1,0
268,1,t120,0100,0100,1100,-0.006720110774040222,-5.006759166717529,5.000039055943489,0.9933043606984245,1,0
268,2,s31,0001,0001,0100,-0.0011935383081436157,-6.751184463500977,6.749990925192833,0.9988213403338139,1,0
268,3,x0,1001,1001,1101,-9.298282748204656e-06,-13.918008804321289,13.91799950603854,0.9999989006386649,1,0
268,4,x2,1011,1011,1010,-9.333677735412493e-05,-13.750093460083008,13.750000123305654,0.9999979237041308,1,0
268,5,t301,1111,1111,1011,-4.196102963760495e-05,-10.250041961669922,10.250000000640284,0.9999587607132869,1,0
268,6,x2,1101,1101,1001,-0.00017164848395623267,-13.751376152038574,13.751204503554618,0.9999987393079475,1,0
268,7,t103,1100,1100,1101,-0.04308316856622696,-3.1680829524993896,3.1249997839331627,0.9578386785707274,1,0
268,8,s30,0101,0101,0100,-0.027131544426083565,-4.2771315574646,4.250000013038516,0.9732661145821131,1,0
269,1,s30,1101,1101,0101,-0.008319311775267124,-4.908918380737305,4.900599068962038,0.9917178536581989,1,0
269,2,t102,1111,1111,1110,-2.0265491912141442e-05,-11.750020027160645,11.749999761668732,0.9999900969358119,1,0
269,3,c01,1011,1011,1111,-4.768364306073636e-06,-14.500017166137695,14.50001239777339,0.9999994530151316,1,0
269,4,t130,1011,1011,0011,-0.3868768513202667,-1.1368789672851562,0.7500021159648895,0.6791754177040356,1,0
269,5,x1,1111,1111,1110,-3.9457547245547175e-05,-14.250039100646973,14.249999643099727,0.9999990884143871,1,0
269,6,x1,1011,1011,1101,-5.960457656328799e-06,-14.000219345092773,14.000213384635117,0.9999991103866532,1,0
269,7,t312,1011,1011,1001,-3.635860048234463e-05,-11.50003719329834,11.500000834697857,0.9999801283949352,1,0
269,8,x3,1010,1010,1011,-1.1801691471191589e-05,-13.125011444091797,13.124999642400326,0.9999963110999917,1,0
270,1,s32,0000,0000,0100,-0.0041753631085157394,-5.504182815551758,5.500007452443242,0.9959007941926072,1,0
270,2,s01,0000,0000,1000,-3.075552376685664e-05,-13.687530517578125,13.687499762054358,0.9999988280265069,1,0
270,3,s32,0000,0000,0010,-3.266311978222802e-05,-11.125031471252441,11.12499880813266,0.9999679561922082,1,0
270,4,x0,1000,1000,1100,-9.775113539944869e-06,-13.250009536743164,13.249999761629624,0.9999982280654358,1,0
270,5,s10,0100,0100,0010,-0.0006330434698611498,-7.488461494445801,7.48782845097594,0.9993709338728165,1,0
270,6,s23,0100,0100,0001,-0.16045625507831573,-2.1122939586639404,1.9518377035856247,0.8518406373928651,1,0
270,7,t132,0100,0100,0101,-4.529947545961477e-06,-12.625003814697266,12.62499928474972,0.9999961072752835,1,0
270,8,s20,0100,0100,0010,-0.0001041859868564643,-9.625121116638184,9.625016930651327,0.9998985318845005,1,0
271,1,x0,0010,0010,0110,-6.43729254079517e-06,-12.625006675720215,12.625000238427674,0.9999938439198649,1,0
271,2,s32,0001,0001,0100,-0.000602040090598166,-8.135234832763672,8.134632792673074,0.9994604989336451,1,0
271,3,x0,1001,1001,1101,-6.437291631300468e-06,-13.724084854125977,13.724078416834345,0.9999976182564206,1,0
271,4,t103,1001,1001,1100,-2.7537163987290114e-05,-13.009821891784668,13.00979435462068,0.9999952952260873,1,0
271,5,t023,1001,1001,1011,-8.118031837511808e-05,-10.25210952758789,10.252028347269516,0.9999587829643636,1,0
271,6,s30,1001,1001,0011,-8.165513281710446e-05,-11.758831977844238,11.758750322711421,0.9999909097429215,1,0
271,7,s31,1100,1100,1001,-0.0022153800819069147,-6.127216339111328,6.125000959029421,0.9977948361246285,1,0
271,8,c13,1101,1101,1100,-0.026313088834285736,-3.651312828063965,3.624999739229679,0.9740366794728026,1,0
272,1,t310,0101,0101,1101,-0.57594233751297,-0.8259472250938416,0.2500048875808716,0.5621762639010752,1,0
272,2,x0,1101,1101,1001,-4.7683710135970614e-07,-16.25,16.2499995231629,0.9999998384898022,1,0
272,3,s21,1011,1011,1010,-0.0007693587685935199,-7.250769138336182,7.249999779567588,0.9992543884237577,1,0
272,4,s13,1110,1110,1011,-0.0005611166125163436,-7.625545024871826,7.62498390825931,0.999444737934991,1,0
272,5,t301,1110,1110,1010,-2.2172776880324818e-05,-11.000039100646973,11.000016927870092,0.9999818476455424,1,0
272,6,c30,1110,1110,1111,-9.298294571635779e-06,-14.000009536743164,14.000000238448592,0.9999984401482638,1,0
272,7,t301,1110,1110,1010,-5.1735776651185006e-05,-10.00364875793457,10.00359702215792,0.9999543299315421,1,0
272,8,t312,1110,1110,1100,-0.00031252705957740545,-8.377769470214844,8.377456943155266,0.9997437801160618,1,0
273,1,x1,1000,1000,1100,-6.759029201930389e-05,-11.375393867492676,11.375326277200656,0.9999750156915793,1,0
273,2,x0,0000,0000,1000,-7.152538273658138e-06,-12.376708030700684,12.37670087816241,0.9999946940728772,1,0
273,3,t123,0000,0000,0001,-2.086144195345696e-05,-13.750020027160645,13.749999165718691,0.9999982980811122,1,0
273,4,c02,0000,0000,0010,-5.960463340670685e-07,-16.250003814697266,16.25000321865093,0.9999998465155131,1,0
273,5,x2,0010,0010,0100,-0.000918566423933953,-13.501178741455078,13.500260175031144,0.9999982576082659,1,0
273,6,t302,0010,0010,1010,-9.536740890325746e-07,-16.12500762939453,16.125006675720442,0.9999998475653255,1,0
273,7,x0,1010,1010,1110,-3.719269807334058e-05,-12.875046730041504,12.87500953734343,0.9999953009483873,1,0
273,8,x1,1110,1110,1111,-6.294052582234144e-05,-17.187562942504883,17.18750000197906,0.999999937514873,1,0
274,1,t123,0011,0011,0010,-0.00012456605327315629,-9.00012493133545,9.000000365282176,0.999875970564084,1,0
274,2,x0,1011,1011,1010,-2.1457524780998938e-05,-13.000020980834961,12.99999952331018,0.9999960133889213,1,0
274,3,c21,1111,1111,1011,-0.00011610673391260207,-9.62511157989502,9.624995473161107,0.9999296757313303,1,0
274,4,c12,1101,1101,1111,-0.001042545191012323,-6.876048564910889,6.875006019719876,0.9989677330762445,1,0
274,5,c23,1101,1101,1100,-0.0009494582191109657,-7.250948905944824,7.249999447725713,0.9990865245978684,1,0
274,6,x0,0101,0101,0111,-6.198868049978046e-06,-12.125006675720215,12.125000476852165,0.9999943653762365,1,0
274,7,x0,1101,1101,0101,-1.7881388885143679e-06,-14.250000953674316,14.249999165535428,0.9999981809097109,1,0
274,8,x2,1111,1111,1110,-4.947074194205925e-05,-14.250049591064453,14.250000120322511,0.99999911417468,1,0
275,1,x2,1111,1111,1110,-4.529910802375525e-05,-11.375044822692871,11.374999523584847,0.9999825787495062,1,0
275,2,t021,1011,1011,1111,-0.0008200739393942058,-7.125816345214844,7.1249962712754495,0.9991946935608298,1,0
275,3,x3,1010,1010,1011,-1.4662706234958023e-05,-12.375014305114746,12.374999642408511,0.9999935138090613,1,0
275,4,t230,1010,1010,1110,-4.4941371015738696e-05,-11.000045776367188,11.000000834996172,0.9999729279046121,1,0
275,5,c01,1110,1110,1100,-4.4702537707053125e-05,-14.375045776367188,14.37500107382948,0.9999992714933428,1,0
275,6,x2,1100,1100,1101,-0.0005298802861943841,-10.375529289245605,10.374999408959411,0.9999675317586327,1,0
275,7,t301,1100,1100,1000,-4.053112206747755e-06,-13.000007629394531,13.000003576282325,0.9999972665489012,1,0
275,8,s20,0110,0110,1100,-0.0005665117641910911,-7.875442981719971,7.87487646995578,0.9994381329676654,1,0
276,1,x1,0000,0000,1000,-0.00019096462347079068,-10.206600189208984,10.206409224585514,0.9999312802979023,1,0
276,2,s20,0000,0000,1000,-8.583055205235723e-06,-12.375008583068848,12.375000000013642,0.9999934002541688,1,0
276,3,x2,0010,0010,1000,-7.974787877174094e-05,-15.562581062316895,15.562501314438123,0.999999684337515,1,0
276,4,c10,0010,0010,1010,-0.0004349009832367301,-7.750433921813965,7.749999020830728,0.999569417819544,1,0
276,5,s12,0100,0100,0010,-0.008683779276907444,-4.758615970611572,4.749932191334665,0.9914032650221629,1,0
276,6,s01,1000,1000,0100,-5.602827968687052e-06,-12.750003814697266,12.749998211869297,0.9999955626806517,1,0
276,7,c12,1000,1000,1010,-1.0728805136750452e-05,-12.50001049041748,12.499999761612344,0.9999955455030561,1,0
276,8,t132,1000,1000,1001,-2.741812750173267e-06,-14.00000286102295,14.000000119210199,0.99999822066129,1,0
277,1,s31,0111,0111,1110,-0.003673733677715063,-5.78057861328125,5.776904879603535,0.9964034140626155,1,0
277,2,c32,0101,0101,0111,-5.841245183546562e-06,-12.500012397766113,12.50000655652093,0.9999952775069066,1,0
277,3,s03,1100,1100,1001,-1.4185858162818477e-05,-12.000818252563477,12.000804066705314,0.9999932410438278,1,0
277,4,c32,1100,1100,1110,-3.0994399367045844e-06,-14.000004768371582,14.000001668931645,0.9999986553333953,1,0
277,5,x1,1000,1000,1100,-0.00010573587496764958,-10.298691749572754,10.298586013697786,0.9999635647355017,1,0
277,6,x2,1010,1010,0010,-0.00016115803737193346,-15.875163078308105,15.875001920270734,0.9999996454040424,1,0
277,7,x0,0010,0010,1110,-1.9073472685704473e-06,-13.95094108581543,13.950939178468161,0.9999982656933164,1,0
277,8,t013,0010,0010,0011,-4.410737801663345e-06,-12.625003814697266,12.624999403959464,0.999995819156243,1,0
278,1,x3,1001,1001,1000,-1.3232196579338051e-05,-12.00001335144043,12.00000011924385,0.9999921132427515,1,0
278,2,s31,1100,1100,1001,-0.01416904479265213,-4.2642927169799805,4.250123672187328,0.9859336082209698,1,0
278,3,s31,1001,1001,1100,-0.002930010436102748,-6.8771233558654785,6.874193345429376,0.9981632360180084,1,0
278,4,t103,1001,1001,1100,-1.609318860573694e-05,-11.78525161743164,11.785235524243035,0.99998692056531,1,0
278,5,s31,1100,1100,1001,-4.899398118141107e-05,-10.00005054473877,10.000001550757588,0.9999534831144317,1,0
278,6,x0,0100,0100,0101,-2.1219071641098708e-05,-10.875020980834961,10.87499976176332,0.9999789922205731,1,0
278,7,x1,0000,0000,0001,-8.344633897650056e-06,-13.125007629394531,13.124999284760634,0.9999957737966154,1,0
278,8,t123,0000,0000,0001,-3.2186469525186112e-06,-14.75000286102295,14.749999642375997,0.9999993588346455,1,0
279,1,c21,1101,1101,1001,-0.5762092471122742,-0.8259533643722534,0.24974411725997925,0.562027372340906,1,0
279,2,t312,1111,1111,1101,-7.402763003483415e-05,-10.375073432922363,10.374999405292328,0.9999680189653782,1,0
279,3,t031,1011,1011,0111,-0.0003426874172873795,-8.250271797180176,8.249929109762888,0.9996727659696519,1,0
279,4,c21,1111,1111,1011,-0.0046403794549405575,-5.379631042480469,5.374990663025528,0.9953846536859343,1,0
279,5,s23,1111,1111,1101,-1.597400478203781e-05,-12.000012397766113,11.999996423761331,0.9999850456199627,1,0
279,6,c30,0111,0111,1111,-2.884823152271565e-05,-13.625030517578125,13.625001669346602,0.9999987751877784,1,0
279,7,t013,0111,0111,0110,-2.9802301924064523e-06,-13.25000286102295,13.249999880792757,0.9999971759266093,1,0
279,8,s03,1110,1110,1111,-5.268977474770509e-05,-10.250052452087402,10.249999762312655,0.9999603582611072,1,0
280,1,x0,1011,1011,0011,-0.0003047742648050189,-8.125296592712402,8.124991818447597,0.9996992135315049,1,0
280,2,t102,1011,1011,1001,-1.6212419723160565e-05,-12.250017166137695,12.250000953717972,0.9999927076974134,1,0
280,3,x0,0011,0011,0111,-7.152556236178498e-07,-15.375,15.374999284744376,0.9999996860718896,1,0
280,4,c20,1011,1011,0011,-0.008625083602964878,-4.758620262145996,4.749995178543031,0.9914212973949,1,0
280,5,x1,1111,1111,1110,-2.4318424038938247e-05,-14.56252384185791,14.562499523433871,0.9999990303278524,1,0
280,6,t302,1101,1101,1111,-0.0017050310270860791,-6.3767194747924805,6.375014443765394,0.9982981485574787,1,0
280,7,s10,1101,1101,0111,-0.00014530631597153842,-9.002151489257812,9.002006182941841,0.9998547091030812,1,0
280,8,c12,1111,1111,1101,-1.2397737009450793e-05,-12.625009536743164,12.624997139006155,0.9999939871082573,1,0
281,1,x1,0001,0001,1001,-0.00013124168617650867,-9.002687454223633,9.002556212537456,0.9998710455640184,1,0
281,2,c10,0001,0001,1001,-0.00010180190292885527,-9.625100135803223,9.624998333900294,0.9998985808129593,1,0
281,3,c13,0001,0001,0000,-0.0002970256900880486,-8.125297546386719,8.12500052069663,0.9997032818909162,1,0
281,4,x3,0000,0000,0010,-3.051726525882259e-05,-10.648271560668945,10.648241043403686,0.9999708904263258,1,0
281,5,s31,0000,0000,0100,-0.0019388647051528096,-6.251939296722412,6.250000432017259,0.998073108955871,1,0
281,6,s02,0000,0000,1000,-7.74858744989615e-06,-12.125007629394531,12.124999880807081,0.9999926248772032,1,0
281,7,s20,0000,0000,0001,-1.4424274922930636e-05,-11.625014305114746,11.624999880839823,0.9999876803410327,1,0
281,8,s13,0000,0000,0100,-0.0011779339984059334,-6.751177787780762,6.749999853782356,0.9988298488120793,1,0
282,1,s31,0011,0011,0110,-0.004089228343218565,-5.504091262817383,5.500002034474164,0.9959274485033159,1,0
282,2,s02,1001,1001,0011,-0.00032004149397835135,-8.250493049621582,8.250173008127604,0.9996898009011908,1,0
282,3,t213,1001,1001,1101,-5.423965922091156e-05,-11.32912826538086,11.329074025721638,0.9999802742163894,1,0
282,4,s01,0101,0101,1001,-1.2993770724278875e-05,-11.937509536743164,11.93749654297244,0.9999881691806697,1,0
282,5,x1,0001,0001,0101,-1.0013549399445765e-05,-12.00001049041748,12.000000476868081,0.9999934305920598,1,0
282,6,s20,0001,0001,0010,-3.230522634112276e-05,-10.375041961669922,10.37500965644358,0.9999678196281651,1,0
282,7,c12,0001,0001,0011,-8.34464913168631e-07,-14.625179290771484,14.625178456306571,0.9999995294562132,1,0
282,8,x1,0101,0101,0100,-3.099439709330909e-06,-13.37500286102295,13.37499976158324,0.9999972995566306,1,0
283,1,t123,1100,1100,1101,-0.03806820511817932,-3.2880682945251465,3.250000089406967,0.9626605646791649,1,0
283,2,s01,1100,1100,0101,-0.6350796222686768,-0.7818821668624878,0.14680254459381104,0.5298959163110534,1,0
283,3,x2,1110,1110,1000,-0.00011097778042312711,-14.625314712524414,14.625203734743991,0.9999993637017764,1,0
283,4,t301,1110,1110,1100,-3.623907105065882e-05,-14.250038146972656,14.250001907901606,0.9999990945095872,1,0
283,5,x0,0110,0110,1110,-7.748575626465026e-06,-11.875016212463379,11.875008463887752,0.9999929305008456,1,0
283,6,c21,0010,0010,0110,-0.11285806447267532,-2.237849235534668,2.1249911710619926,0.8932988286789929,1,0
283,7,x1,0110,0110,0100,-1.6689288031557226e-06,-16.375003814697266,16.375002145768462,0.9999998004395542,1,0
283,8,s13,0011,0011,0110,-0.0029849123675376177,-5.877953052520752,5.874968140153214,0.9971960149499375,1,0
284,1,t213,0010,0010,0011,-0.003179502673447132,-5.753179550170898,5.750000047497451,0.9968266104022083,1,0
284,2,c12,0010,0010,0000,-0.009760537184774876,-4.6350178718566895,4.625257334671915,0.9902909440375615,1,0
284,3,s13,0010,0010,0110,-0.012528146617114544,-4.393460750579834,4.380932603962719,0.9875669765042453,1,0
284,4,c31,0010,0010,0110,-7.152556236178498e-07,-15.500033378601074,15.50003266334545,0.9999997410229977,1,0
284,5,x1,0110,0110,0100,-2.026556785494904e-06,-15.250001907348633,15.249999880791847,0.999999433038734,1,0
284,6,c12,0100,0110,0110,-0.8264638185501099,-0.5759578943252563,-0.2505059242248535,0.43760464272688426,0,0
284,7,t203,0100,0100,0000,-9.417497494723648e-06,-11.876714706420898,11.876705288923404,0.9999924028993291,1,0
284,8,c32,0100,0100,1100,-2.8610195386136184e-06,-16.251506805419922,16.251503944400383,0.9999997135993884,1,0
285,1,t012,0011,0011,0111,-2.1457660750456853e-06,-13.500332832336426,13.50033068657035,0.9999979043810954,1,0
285,2,c13,0011,0011,0010,-2.5868175725918263e-05,-10.750025749206543,10.749999881030817,0.9999780348589671,1,0
285,3,c01,0011,0011,0111,-8.34464913168631e-07,-16.2500057220459,16.250004887580985,0.9999998460057049,1,0
285,4,c30,1011,1011,1111,-0.00022373294632416219,-10.661279678344727,10.661055945398402,0.999959101314151,1,0
285,5,t032,1001,1001,1011,-0.05488647148013115,-2.9298884868621826,2.8750020153820515,0.9465957761591769,1,0
285,6,c13,1001,1001,1000,-0.001937435707077384,-6.251937389373779,6.249999953666702,0.9980687454392728,1,0
285,7,c20,1001,1001,0001,-0.0025011596735566854,-6.051072120666504,6.048570960992947,0.9975117296251816,1,0
285,8,c32,1011,1011,1001,-0.00011455543426563963,-9.250107765197754,9.249993209763488,0.999896096554525,1,0
286,1,t302,0111,0111,1101,-0.001035633496940136,-6.964995384216309,6.9639597507193685,0.9989660476040418,1,0
286,2,c30,1111,1111,1110,-7.867799467931036e-06,-14.875007629394531,14.874999761595063,0.9999992167027181,1,0
286,3,t123,1110,1110,1111,-0.023304356262087822,-3.7733042240142822,3.7499998677521944,0.9770160911615765,1,0
286,4,s03,0111,0111,1110,-0.0014857351779937744,-6.627580165863037,6.626094430685043,0.998651606172314,1,0
286,5,x0,1111,1111,1110,-1.3828199371346273e-05,-11.625014305114746,11.625000476915375,0.9999908214377469,1,0
286,6,s10,1111,1111,0111,-3.2186485441343393e-06,-13.125001907348633,13.124998688700089,0.9999971540733494,1,0
286,7,x3,1110,1110,1011,-3.755064244614914e-05,-11.531184196472168,11.531146645829722,0.9999853935745956,1,0
286,8,c32,1110,1110,1111,-6.5565013755986e-06,-12.375005722045898,12.374999165544523,0.9999950516413649,1,0
287,1,x3,0011,0011,1011,-2.2530350179295056e-05,-11.254103660583496,11.254081130233317,0.9999846433888775,1,0
287,2,t102,0011,0011,0010,-1.6689295989635866e-06,-15.125001907348633,15.125000238419034,0.9999994813035541,1,0
287,3,x0,1011,1011,1010,-2.0027076971018687e-05,-12.375019073486328,12.374999046409357,0.9999930758633923,1,0
287,4,x2,1001,1001,1011,-3.254363764426671e-05,-14.509788513183594,14.50975596954595,0.9999994016726069,1,0
287,5,x0,0001,0001,0011,-5.960463340670685e-07,-14.875,14.874999403953666,0.9999994015656344,1,0
287,6,x3,0000,0000,0001,-7.033335350570269e-06,-13.250007629394531,13.25000059605918,0.9999979106368024,1,0
287,7,t231,0000,0000,0100,-2.8610202207346447e-06,-15.000007629394531,15.00000476837431,0.999999316103772,1,0
287,8,t201,0000,0000,0100,-1.0728833785833558e-06,-14.250009536743164,14.250008463859785,0.999998915232516,1,0
288,1,c23,0000,0000,0001,-1.7523674614494666e-05,-11.250017166137695,11.24999964246308,0.9999847412613037,1,0
288,2,s23,0000,0000,0010,-0.00012885755859315395,-9.000127792358398,8.999998934799805,0.9998724558397385,1,0
288,3,t102,0000,0000,0010,-4.7683712978141557e-07,-16.5,16.49999952316287,0.9999998408099118,1,0
288,4,x0,1000,1000,1100,-2.9802281460433733e-06,-15.25000286102295,15.249999880794803,0.9999996713900506,1,0
288,5,s13,1000,1000,1100,-0.004282559733837843,-5.879282474517822,5.874999914783984,0.996290445523535,1,0
288,6,t132,1000,1000,1100,-3.6954838833480608e-06,-14.62501049041748,14.625006794933597,0.9999992803189145,1,0
288,7,x3,1001,1001,1000,-0.00021765532437711954,-8.500218391418457,8.50000073609408,0.9997957954627054,1,0
288,8,x1,1101,1101,1100,-3.13517011818476e-05,-10.562531471252441,10.56250011955126,0.9999725849219555,1,0
289,1,s30,0000,0000,1000,-0.009767275303602219,-4.634764194488525,4.624996919184923,0.990288098919566,1,0
289,2,c20,0000,0000,1000,-0.0019286142196506262,-6.251935958862305,6.250007344642654,0.9980731910608923,1,0
289,3,s20,0000,0000,1000,-1.0847988960449584e-05,-11.500014305114746,11.500003457125786,0.999989765031072,1,0
289,4,x1,0100,0100,0110,-9.536738616588991e-07,-17.0,16.99999904632614,0.9999999152806615,1,0
289,5,x1,0000,0000,0110,-6.043828034307808e-05,-11.507654190063477,11.507593751783133,0.9999732302568693,1,0
289,6,t132,0000,0000,0001,-4.7683712978141557e-07,-15.75,15.74999952316287,0.9999995410304293,1,0
289,7,c21,0000,0000,0100,-0.0005542894941754639,-7.500555038452148,7.500000748957973,0.9994468484250904,1,0
289,8,s32,0000,0000,0010,-6.174894951982424e-05,-9.875059127807617,9.874997378858097,0.9999413651054075,1,0
290,1,t312,1100,1100,1110,-0.3134550452232361,-1.3133341073989868,0.9998790621757507,0.7309528300084311,1,0
290,2,x2,1110,1110,1111,-5.888766099815257e-05,-15.625059127807617,15.625000240146619,0.9999997725121468,1,0
290,3,x2,1100,1100,1101,-4.410676774568856e-05,-11.750043869018555,11.749999762250809,0.9999916513920941,1,0
290,4,s13,1001,1001,1100,-0.0010846403893083334,-7.251029014587402,7.249944374198094,0.9992194003137508,1,0
290,5,t321,1001,1001,1101,-0.0011799609055742621,-6.751198768615723,6.750018807710148,0.9988288165007838,1,0
290,6,c31,1101,1101,1001,-2.9802301924064523e-06,-13.87500286102295,13.874999880792757,0.9999984632952508,1,0
290,7,s10,1101,1101,0111,-0.00017998991825152189,-8.628399848937988,8.628219859019737,0.9998201052546606,1,0
290,8,c03,1100,1100,1101,-0.012518152594566345,-4.387518405914307,4.37500025331974,0.9875646156590281,1,0
291,1,x1,1001,1001,1011,-1.0609604942146689e-05,-12.250012397766113,12.250001788161171,0.9999932688908989,1,0
291,2,x3,1000,1000,1100,-7.0333289841073565e-06,-14.687525749206543,14.687518715877559,0.999998971101549,1,0
291,3,x2,1010,1010,1100,-0.00018463819287717342,-16.688446044921875,16.688261406728998,0.9999998603596052,1,0
291,4,x1,1110,1110,0110,-7.843663479434326e-05,-17.250164031982422,17.250085595347628,0.9999999175356761,1,0
291,5,c10,0110,0110,0111,-2.384161234658677e-05,-13.37502384185791,13.375000000245564,0.9999978738860069,1,0
291,6,t321,0110,0110,1110,-1.0251975254504941e-05,-14.50002670288086,14.500016450905605,0.9999988606919641,1,0
291,7,s02,1100,1100,0110,-0.001563394907861948,-6.876077175140381,6.874513780232519,0.9984577990422882,1,0
291,8,s03,0101,0101,1100,-0.009394148364663124,-4.758781909942627,4.749387761577964,0.9907941174975747,1,0
292,1,c12,1000,1000,1010,-0.0003311190812382847,-8.125330924987793,8.124999805906555,0.9996830937656987,1,0
292,2,t032,1000,1000,1100,-5.483620952873025e-06,-13.750052452087402,13.75004696846645,0.9999977660847413,1,0
292,3,s10,0100,0100,0010,-3.8861595385242254e-05,-10.250377655029297,10.250338793433912,0.9999640268313431,1,0
292,4,s31,0001,0001,0100,-0.00041143433190882206,-8.000391960144043,7.999980525812134,0.9996452574115657,1,0
292,5,t123,0001,0001,0011,-8.225426427088678e-06,-13.756723403930664,13.756715178504237,0.9999983281262835,1,0
292,6,c21,0001,0001,0101,-0.00015960869495756924,-8.750177383422852,8.750017774727894,0.9998415142251775,1,0
292,7,c01,0001,0001,0101,-4.7683710135970614e-07,-15.250000953674316,15.250000476837215,0.9999996479375706,1,0
292,8,x3,0000,0000,0010,-1.7642902093939483e-05,-12.875029563903809,12.875011921001715,0.9999962873283766,1,0
293,1,c01,1110,1110,1100,-9.333885100204498e-05,-9.75009536743164,9.750002028580639,0.9999075743744983,1,0
293,2,s21,1110,1110,1011,-0.00010728462075348943,-9.375100135803223,9.37499285118247,0.9999107544111348,1,0
293,3,t120,0110,0110,0111,-0.08026756346225739,-2.5802676677703857,2.5000001043081284,0.9229173122309986,1,0
293,4,s32,0101,0101,0011,-0.041802242398262024,-3.2967138290405273,3.2549115866422653,0.9621850195363971,1,0
293,5,x0,1101,1101,1100,-7.629375886608614e-06,-13.375007629394531,13.375000000018645,0.9999982150999596,1,0
293,6,t120,1101,1101,0101,-0.0004323985194787383,-7.751140594482422,7.750708195962943,0.9995679263314265,1,0
293,7,s03,1101,1101,1100,-0.00981276948004961,-4.634812831878662,4.6250000623986125,0.9902819778615722,1,0
293,8,x2,1111,1111,1110,-7.629111496498808e-05,-14.562576293945312,14.562500002830348,0.9999992930222286,1,0
294,1,x2,0101,0101,0011,-6.115300493547693e-05,-10.05480670928955,10.054745556284615,0.9999424962417847,1,0
294,2,x1,0001,0001,0101,-4.672925570048392e-05,-11.562546730041504,11.562500000785803,0.9999893054746585,1,0
294,3,s01,0001,0001,0101,-8.344646857949556e-07,-18.25247573852539,18.252474904060705,0.9999999780358153,1,0
294,4,c31,0101,0101,0001,-6.437287083826959e-06,-12.125005722045898,12.124999284758815,0.9999943663170812,1,0
294,5,s12,0011,0011,0101,-0.007634368725121021,-4.8829426765441895,4.875308307819068,0.9923952435478494,1,0
294,6,x3,0010,0010,0110,-2.1576675862888806e-05,-14.876771926879883,14.87675035020402,0.9999989489521064,1,0
294,7,s12,0100,0100,0010,-0.016036489978432655,-4.141075611114502,4.125039121136069,0.9840929060297449,1,0
294,8,c01,0100,0100,1000,-2.622601641633082e-06,-13.298589706420898,13.298587083819257,0.9999979590517966,1,0
295,1,c20,1011,1011,0011,-0.5759446620941162,-0.825940728187561,0.24999606609344482,0.5621744282140541,1,0
295,2,x0,0011,0011,1011,-4.768370445162873e-07,-16.000001907348633,16.00000143051159,0.9999998416970379,1,0
295,3,t123,0011,0011,0010,-2.324568049516529e-05,-11.500022888183594,11.499999642503099,0.9999894457479065,1,0
295,4,c21,0111,0111,0011,-0.0006437721895053983,-7.375635147094727,7.374991374905221,0.9993715597763423,1,0
295,5,t312,0101,0101,0111,-0.1269434690475464,-2.1269490718841553,2.000005602836609,0.880796622489171,1,0
295,6,s03,1100,1100,1001,-0.00016211345791816711,-11.25039291381836,11.250230800360441,0.9999865831478146,1,0
295,7,s03,0101,0101,1100,-0.011354489251971245,-4.634819984436035,4.623465495184064,0.9887573639148636,1,0
295,8,s12,0011,0011,0101,-0.0009115355787798762,-7.002662181854248,7.001750646275468,0.9990892688546962,1,0
296,1,c03,0000,0000,1000,-5.900688483961858e-05,-9.75253677368164,9.752477766796801,0.9999411814353223,1,0
296,2,s13,0000,0000,0100,-0.001947328681126237,-6.251947402954102,6.250000074272975,0.9980726280719625,1,0
296,3,s31,0000,0000,0100,-0.001173641998320818,-6.751173973083496,6.750000331085175,0.998830279399209,1,0
296,4,s03,0000,0000,1000,-4.601375985657796e-05,-10.375082969665527,10.37503695590567,0.9999681017843008,1,0
296,5,s30,0000,0000,1000,-1.2755313946399838e-05,-13.500012397766113,13.499999642452167,0.9999984436249001,1,0
296,6,t310,0000,0000,1000,-2.861018856492592e-06,-14.250004768371582,14.250001907352726,0.9999993355099047,1,0
296,7,c01,0000,0000,1100,-1.4305105651146732e-06,-15.913053512573242,15.913052082062677,0.9999997497476256,1,0
296,8,x2,0010,0010,0110,-0.0003891433007083833,-14.187356948852539,14.18696780555183,0.9999987442995117,1,0
297,1,t120,1010,1010,0010,-0.029752084985375404,-3.5376079082489014,3.507855823263526,0.9706861614210992,1,0
297,2,x2,1000,1000,1010,-9.238369966624305e-05,-12.11291217803955,12.112819794339885,0.9999913420467031,1,0
297,3,t012,1000,1000,1010,-0.00012337784573901445,-9.625123023986816,9.624999646141077,0.9999330013206486,1,0
297,4,c13,1000,1000,1001,-4.589504169416614e-05,-11.500044822692871,11.499998927651177,0.9999866641830226,1,0
297,5,t312,1000,1000,1100,-8.940664883994032e-06,-14.125020027160645,14.12501108649576,0.9999990098552437,1,0
297,6,t102,1000,1000,1010,-1.4066648873267695e-05,-11.625014305114746,11.625000238465873,0.999989668265549,1,0
297,7,c03,1001,1001,1000,-0.0011796061880886555,-6.7511796951293945,6.750000088941306,0.9988276307763077,1,0
297,8,x0,0001,0001,1001,-1.9073477233177982e-06,-13.875000953674316,13.874999046326593,0.9999982066207215,1,0
298,1,s01,1100,1100,0101,-0.8364890217781067,-1.26527738571167,0.42878836393356323,0.4332300048978432,1,0
298,2,c12,1110,1110,1100,-5.459694511955604e-05,-10.125054359436035,10.124999762490916,0.9999597177495778,1,0
298,3,x2,1100,1100,1101,-0.00012730933667626232,-11.000127792358398,11.000000483021722,0.9999827180762734,1,0
298,4,s12,1010,1010,1100,-0.00010096813639393076,-10.375185012817383,10.375084044680989,0.9999516143775963,1,0
298,5,c02,1000,1000,1001,-0.0008931451593525708,-7.5008931159973145,7.499999970837962,0.9991091385887818,1,0
298,6,c23,1000,1000,1100,-1.1682484000630211e-05,-12.250032424926758,12.250020742442757,0.9999933067072385,1,0
298,7,s30,0001,0001,0010,-0.006606419570744038,-5.3926520347595215,5.3860456151887774,0.9934617107246579,1,0
298,8,x2,0011,0011,0010,-0.00016998393402900547,-9.00016975402832,8.999999770094291,0.9998764256864484,1,0
299,1,c12,0011,0011,0001,-0.0004338290891610086,-7.750433921813965,7.750000092724804,0.9995669352546275,1,0
299,2,c30,1011,1011,0011,-8.821470146358479e-06,-12.62500286102295,12.624994039552803,0.9999945055210789,1,0
299,3,s03,1011,1011,0011,-0.00010978690261254087,-9.625103950500488,9.624994163597876,0.9999220486562326,1,0
299,4,t201,1111,1111,1011,-0.00013016891898587346,-9.000125885009766,8.99999571609078,0.9998733661235877,1,0
299,5,s32,1111,1111,1101,-0.0005278580938465893,-7.62552547454834,7.624997616454493,0.9994731749826538,1,0
299,6,s01,1111,1111,0111,-0.4740796685218811,-0.9740788340568542,0.49999916553497314,0.6224588417065685,1,0
299,7,s10,1111,1111,0111,-4.9947651859838516e-05,-10.000045776367188,9.999995828715328,0.9999537875593937,1,0
299,8,x2,1101,1101,1011,-8.129916386678815e-05,-13.379659652709961,13.379578353546094,0.9999977540217571,1,0
