example_id,step,gate,gold_state,best_state,best_wrong_state,gold_logprob,best_wrong_logprob,margin,gold_prob16,local_correct,tie
0,1,s30,0110,0110,1110,-1.589245080947876,-2.100839138031006,0.5115940570831299,0.2043101712555005,1,0
0,2,c13,0111,0111,0110,-0.17502246797084808,-3.5500223636627197,3.3749998956918716,0.839826693162191,1,0
0,3,t132,0101,0101,0111,-0.23299334943294525,-1.6254005432128906,1.3924071937799454,0.7928840612142662,1,0
0,4,x2,0111,0111,0101,-0.0037276919465512037,-6.9031524658203125,6.899424773873761,0.9963757318318267,1,0
0,5,c10,1111,1111,0111,-0.13393278419971466,-2.133333683013916,1.9994008988142014,0.8798839860574771,1,0
0,6,t201,1011,1011,1111,-0.10793319344520569,-2.4872875213623047,2.379354327917099,0.8977652709395261,1,0
0,7,s12,1101,1101,1011,-0.21935927867889404,-1.7049751281738281,1.485615849494934,0.8030372891233784,1,0
0,8,t302,1111,1111,1101,-0.05925754830241203,-3.42631196975708,3.367054421454668,0.9466548742917918,1,0
1,1,s31,1010,1010,1100,-1.2614939212799072,-2.439795732498169,1.1783018112182617,0.28342877957097207,1,0
1,2,c30,1010,0010,0010,-1.1716740131378174,-0.49224674701690674,-0.6794272661209106,0.3100000859412501,0,0
1,3,t301,1010,1010,1110,-0.39240628480911255,-1.1709319353103638,0.7785256505012512,0.6754635877228701,1,0
1,4,c01,1110,1110,1010,-0.01665324904024601,-4.457119941711426,4.44046669267118,0.9836237375246949,1,0
1,5,x2,1100,1100,1110,-0.0013648397289216518,-6.879978179931641,6.878613340202719,0.9988725252239647,1,0
1,6,s01,1100,1100,0100,-0.10828365385532379,-2.545413017272949,2.4371293634176254,0.8984348162009421,1,0
1,7,c01,1000,1000,1100,-0.1640496701002121,-1.9242453575134277,1.7601956874132156,0.8487263061765303,1,0
1,8,c20,1000,0000,0000,-0.974178671836853,-0.4783240854740143,-0.49585458636283875,0.3775186894118833,0,0
2,1,c32,1101,1101,1110,-0.9449455142021179,-2.0388338565826416,1.0938883423805237,0.389222424756058,1,0
2,2,s12,1011,1101,1101,-1.1357238292694092,-0.6050813794136047,-0.5306424498558044,0.3211929548706579,0,0
2,3,x0,0011,0011,1011,-0.1155971884727478,-2.533841609954834,2.418244421482086,0.891038598638727,1,0
2,4,x0,1011,1011,0011,-0.0018680235370993614,-6.886895656585693,6.885027633048594,0.9982427176174836,1,0
2,5,s30,1011,1011,0011,-0.34074854850769043,-1.5597203969955444,1.218971848487854,0.7114996178728134,1,0
2,6,t120,1011,1011,0011,-0.6956970691680908,-1.3867640495300293,0.6910669803619385,0.49884589526948087,1,0
2,7,c30,0011,0011,1011,-0.5767859220504761,-0.8279711008071899,0.25118517875671387,0.5618936889998091,1,0
2,8,x1,0111,0111,0011,-0.0030724364332854748,-6.003222942352295,6.0001505059190094,0.9970831191695817,1,0
3,1,t031,1111,1111,1011,-1.0965780019760132,-1.8116170167922974,0.7150390148162842,0.33427437821167644,1,0
3,2,s01,1111,1111,0111,-0.8181962966918945,-1.4170582294464111,0.5988619327545166,0.44131655316053564,1,0
3,3,c21,1011,1011,1111,-0.08471288532018661,-2.6274425983428955,2.542729713022709,0.918828602424713,1,0
3,4,c30,0011,0011,1011,-0.5763702988624573,-0.8265170454978943,0.250146746635437,0.5620763234700027,1,0
3,5,s10,0011,1011,1011,-1.1430621147155762,-1.0118244886398315,-0.13123762607574463,0.31896797428081186,0,0
3,6,s10,0011,0011,1011,-0.9977453947067261,-1.0580862760543823,0.06034088134765625,0.3688621517500781,1,0
3,7,x3,0010,0010,1010,-0.0016422655899077654,-7.900443077087402,7.898800811497495,0.9987759687900879,1,0
3,8,t013,0010,0010,0011,-0.0016609950689598918,-7.7516608238220215,7.749999828753062,0.9983573343362637,1,0
4,1,s03,0011,0011,1010,-1.4071189165115356,-1.5845293998718262,0.17741048336029053,0.24498876134185593,1,0
4,2,s23,0011,0100,0100,-2.48228120803833,-2.3040971755981445,-0.17818403244018555,0.08360117934815642,0,0
4,3,s31,0110,0110,0011,-1.4101152420043945,-2.131978988647461,0.7218637466430664,0.2441509671500983,1,0
4,4,x1,0010,0010,0011,-0.5242829322814941,-1.7742828130722046,1.2499998807907104,0.5921845141480921,1,0
4,5,x1,0110,0110,0010,-0.08145327866077423,-2.7078468799591064,2.626393601298332,0.9218149233511477,1,0
4,6,c03,0110,0110,0111,-0.3674801290035248,-1.2424801588058472,0.8750000298023224,0.6926892198229161,1,0
4,7,s01,1010,1010,0110,-0.11623316258192062,-2.2438294887542725,2.127596326172352,0.8905565874161314,1,0
4,8,x3,1011,1011,0011,-0.03579094260931015,-4.235136032104492,4.199345089495182,0.9648867111637622,1,0
5,1,c32,0110,0100,0100,-1.7295966148376465,-1.29391610622406,-0.4356805086135864,0.17769348020689962,0,0
5,2,s23,0101,0110,0110,-1.0234942436218262,-0.5367435216903687,-0.4867507219314575,0.3593405467492843,0,0
5,3,s20,0101,1100,1100,-1.3904427289962769,-0.3198853135108948,-1.070557415485382,0.2491229979673854,0,0
5,4,t132,0111,0111,0101,-0.18939541280269623,-1.810783863067627,1.6213884502649307,0.827802788454628,1,0
5,5,x1,0011,0011,0111,-0.018210947513580322,-6.66917085647583,6.65095990896225,0.993628990840296,1,0
5,6,x2,0001,0001,0111,-0.001980439992621541,-7.262898921966553,7.260918481973931,0.9988724615400308,1,0
5,7,t320,0001,0001,1001,-0.313702255487442,-1.3139793872833252,1.0002771317958832,0.7308259923989012,1,0
5,8,s10,0001,0001,1001,-0.1941709965467453,-1.8097541332244873,1.615583136677742,0.8238890819987126,1,0
6,1,t230,1101,0101,0101,-1.1017097234725952,-1.019333004951477,-0.08237671852111816,0.33272987357762857,0,0
6,2,t031,1001,1101,1101,-1.0697271823883057,-0.45091691613197327,-0.6188102662563324,0.34311265289879506,0,0
6,3,x0,0001,0001,1001,-0.005058813374489546,-5.469395637512207,5.4643368241377175,0.9949768023133123,1,0
6,4,t230,0001,0001,1001,-0.25212016701698303,-1.5021549463272095,1.2500347793102264,0.7772732871668986,1,0
6,5,c32,0011,0011,0001,-0.004017278086394072,-5.753719806671143,5.7497025285847485,0.9960828794465088,1,0
6,6,t013,0011,0011,1010,-0.002113856142386794,-7.061077117919922,7.058963261777535,0.9979810271616684,1,0
6,7,c20,1011,1011,0011,-0.5763261318206787,-0.826180100440979,0.2498539686203003,0.5620391684583801,1,0
6,8,x1,1111,1111,1011,-0.0007990967133082449,-7.513943672180176,7.5131445754668675,0.9993052520559043,1,0
7,1,t102,0110,0110,0100,-0.7786955833435059,-2.8502631187438965,2.0715675354003906,0.46003422734919314,1,0
7,2,c02,0110,0110,0100,-0.06981536746025085,-2.944305181503296,2.874489814043045,0.9325881685376551,1,0
7,3,x2,0100,0100,0110,-0.002777551533654332,-6.30115270614624,6.298375154612586,0.9972303400883061,1,0
7,4,c30,0100,0100,1100,-0.3870881199836731,-1.137102723121643,0.75001460313797,0.6791191808520066,1,0
7,5,x0,1100,1100,0100,-0.005003213416785002,-5.38031530380249,5.375312090385705,0.9953657870595518,1,0
7,6,x3,1101,1101,1100,-0.020662788301706314,-3.895662784576416,3.8749999962747097,0.9795620443071147,1,0
7,7,x2,1111,1111,1100,-0.0010642596753314137,-7.691479682922363,7.690415423247032,0.9991183363842938,1,0
7,8,t120,0111,1111,1111,-0.8260359764099121,-0.5760848522186279,-0.24995112419128418,0.43780620647321083,0,0
8,1,c32,0101,0101,0110,-1.0861907005310059,-2.350465774536133,1.264275074005127,0.3383648820600005,1,0
8,2,t123,0101,0101,0100,-0.09877154976129532,-2.723771572113037,2.625000022351742,0.9060768861947056,1,0
8,3,x1,0001,0001,1001,-0.0024856049567461014,-7.772784233093262,7.770298628136516,0.997658169220291,1,0
8,4,s30,1000,1000,0001,-0.14440733194351196,-2.018655300140381,1.874247968196869,0.8658518713214485,1,0
8,5,t103,1000,1000,1001,-0.011297944001853466,-4.511297702789307,4.499999758787453,0.9887699205923137,1,0
8,6,c13,1000,1000,1001,-0.0013820667518302798,-6.626382350921631,6.625000284169801,0.9986199512152897,1,0
8,7,t301,1000,1000,1100,-0.011647669598460197,-4.511666297912598,4.5000186283141375,0.9884294968580863,1,0
8,8,x1,1100,1100,1000,-0.000603160762693733,-7.648543357849121,7.647940197086427,0.9994092364172454,1,0
9,1,c23,1100,1101,1101,-1.499617338180542,-0.749617338180542,-0.75,0.22386157332156592,0,0
9,2,s32,1100,1100,1110,-0.14999544620513916,-3.27191162109375,3.121916174888611,0.8607407021149515,1,0
9,3,s01,1100,1100,0100,-0.2291482388973236,-2.0580365657806396,1.828888326883316,0.7984454241927851,1,0
9,4,s03,0101,0101,1100,-0.3243432939052582,-1.3233946561813354,0.9990513622760773,0.7230405101625585,1,0
9,5,x2,0111,0111,0101,-0.004062103107571602,-6.086103439331055,6.082041336223483,0.9961281601660977,1,0
9,6,t013,0111,0111,0110,-0.00387826026417315,-5.628878116607666,5.624999856343493,0.9961383648578245,1,0
9,7,s03,1110,1110,0111,-0.08303827047348022,-2.813112735748291,2.730074465274811,0.920499417044756,1,0
9,8,x3,1111,1111,1110,-0.00501933041960001,-5.380019664764404,5.375000334344804,0.99512176041364,1,0
10,1,t210,1101,0101,0101,-1.3062517642974854,-1.065598726272583,-0.24065303802490234,0.271207292760814,0,0
10,2,s30,1101,1101,0101,-0.13437092304229736,-2.424105644226074,2.289734721183777,0.8746924643016691,1,0
10,3,c31,1001,1101,1101,-0.8275131583213806,-0.5772693157196045,-0.2502438426017761,0.4371376959379085,0,0
10,4,c32,1011,1011,1001,-0.003358294256031513,-6.003430366516113,6.000072072260082,0.9966713427989866,1,0
10,5,x0,0011,0011,1011,-0.029824858531355858,-3.8785300254821777,3.848705166950822,0.9706630709221509,1,0
10,6,x0,1011,1011,0011,-0.004861737601459026,-5.379948139190674,5.375086401589215,0.9952218279343312,1,0
10,7,t213,1011,1011,1010,-0.31459128856658936,-1.3145912885665894,1.0,0.7301438077328957,1,0
10,8,s13,1110,1110,1111,-0.2727091908454895,-1.5227092504501343,1.2500000596046448,0.7613195907769038,1,0
11,1,x3,1101,1101,1100,-0.6708568334579468,-1.9208568334579468,1.25,0.5139148520221328,1,0
11,2,x0,0101,0101,1101,-0.015293832868337631,-4.493351936340332,4.478058103471994,0.9859908373485775,1,0
11,3,t213,0101,0101,0100,-0.02917436882853508,-3.779174327850342,3.7499999590218067,0.971311432725837,1,0
11,4,c02,0101,0101,0110,-0.0002949069603346288,-9.443365097045898,9.443070190085564,0.9997112244669983,1,0
11,5,c32,0111,0111,0101,-0.014762124046683311,-4.635604381561279,4.620842257514596,0.9854567736713175,1,0
11,6,t120,1111,1111,0111,-0.2531590461730957,-1.5026041269302368,1.2494450807571411,0.7768588332508491,1,0
11,7,s03,1111,1111,0111,-0.061303045600652695,-3.1862239837646484,3.1249209381639957,0.9405831812551129,1,0
11,8,c23,1110,1110,1111,-0.009929700754582882,-4.63493013381958,4.625000433064997,0.9901242112332478,1,0
12,1,x1,0011,0011,1000,-1.0474185943603516,-2.7598817348480225,1.712463140487671,0.35123151469334535,1,0
12,2,c02,0011,0011,1000,-0.03393496200442314,-5.314803123474121,5.280868161469698,0.9666713987837251,1,0
12,3,c30,1011,1011,0011,-0.47460779547691345,-0.9746851325035095,0.5000773370265961,0.6222017379388801,1,0
12,4,c31,1111,1111,1011,-0.1043597161769867,-2.3520736694335938,2.247713953256607,0.9009134276035582,1,0
12,5,s10,1111,1111,0111,-0.0382743738591671,-3.2884156703948975,3.2501412965357304,0.9625338558567085,1,0
12,6,c13,1110,1110,1111,-0.0021339969243854284,-6.377133846282959,6.374999849358574,0.9979037547221681,1,0
12,7,t302,1110,1110,1100,-0.07471857964992523,-2.69693922996521,2.6222206503152847,0.928052295774606,1,0
12,8,s02,1110,1110,0110,-0.14313344657421112,-2.1067209243774414,1.9635874778032303,0.8667022663224995,1,0
13,1,c12,1000,1000,1010,-0.6724830269813538,-2.545954465866089,1.873471438884735,0.5118048869266013,1,0
13,2,t120,1000,1000,0000,-0.16046690940856934,-2.074573278427124,1.9141063690185547,0.8517508920047151,1,0
13,3,s12,1000,1000,0100,-0.07957042008638382,-3.732945203781128,3.653374783694744,0.9235183282132367,1,0
13,4,s23,1000,1000,1010,-0.0010840828763321042,-7.375854969024658,7.374770886148326,0.9989212865678138,1,0
13,5,t201,1000,1000,1100,-0.0016093612648546696,-6.626628875732422,6.625019514467567,0.9984026169441168,1,0
13,6,s23,1000,1000,1010,-0.0007878864416852593,-7.375648498535156,7.374860612093471,0.9992130682012812,1,0
13,7,t120,1000,1000,0000,-0.04861385375261307,-3.2164549827575684,3.1678411290049553,0.9525598663620138,1,0
13,8,x3,1001,1001,1000,-0.016342313960194588,-4.1413421630859375,4.124999849125743,0.9838754667480983,1,0
14,1,c31,1000,1000,1100,-0.9912090301513672,-1.4645767211914062,0.47336769104003906,0.37156546752620223,1,0
14,2,c10,1000,1000,0000,-0.06208348646759987,-2.827139139175415,2.765055652707815,0.9398062229648345,1,0
14,3,x3,1001,1001,1000,-0.035736870020627975,-3.4107367992401123,3.3749999292194843,0.9649923555644073,1,0
14,4,t013,1001,1001,1010,-0.003045131219550967,-7.195956230163574,7.192911098944023,0.9970074806363367,1,0
14,5,c30,0001,1001,1001,-0.8266016840934753,-0.5762960910797119,-0.2503055930137634,0.4376643607553365,0,0
14,6,s02,0001,1000,1000,-1.1369489431381226,-0.39698341488838196,-0.7399655282497406,0.32087921371551825,0,0
14,7,c12,0001,0001,0011,-0.07894871383905411,-2.579299211502075,2.500350497663021,0.9240994607862745,1,0
14,8,s03,1000,1000,0001,-0.3137471079826355,-1.3136303424835205,0.999883234500885,0.730849696028273,1,0
15,1,c13,1110,1110,0110,-0.407144695520401,-3.175401210784912,2.768256515264511,0.6667006419404238,1,0
15,2,c01,1010,1010,1110,-0.03301473334431648,-4.940027713775635,4.907012980431318,0.9675587910126928,1,0
15,3,t132,1010,1010,1000,-0.006602787878364325,-5.382148742675781,5.375545954797417,0.9934334803018585,1,0
15,4,s01,0110,0110,1010,-0.43018898367881775,-1.1466552019119263,0.7164662182331085,0.6503915305482955,1,0
15,5,t230,0110,0110,1110,-0.5762654542922974,-0.8263611793518066,0.2500957250595093,0.5621602743745221,1,0
15,6,s30,0110,1110,1110,-0.9745863676071167,-0.47961872816085815,-0.49496763944625854,0.3774886536687936,0,0
15,7,x2,0100,0100,0110,-0.0005360030918382108,-7.875802993774414,7.875266990682576,0.9994720959652886,1,0
15,8,s20,0100,0100,1100,-0.12724456191062927,-2.1295745372772217,2.0023299753665924,0.8808566469080523,1,0
16,1,c12,1000,1000,1010,-0.6962584257125854,-2.3580105304718018,1.6617521047592163,0.500136966898698,1,0
16,2,c12,1000,1000,1010,-0.003479762002825737,-7.128787994384766,7.12530823238194,0.9965338381452411,1,0
16,3,s23,1000,1000,1010,-0.0031160719227045774,-7.002857208251953,6.9997411363292485,0.9968961394514712,1,0
16,4,x1,1100,1100,1000,-0.0031307104509323835,-6.011982440948486,6.008851730497554,0.9969017947859827,1,0
16,5,s03,0101,1100,1100,-0.8303413391113281,-0.577338457107544,-0.2530028820037842,0.4360065166658235,0,0
16,6,t231,0101,0101,0001,-0.3628549575805664,-1.238453984260559,0.8755990266799927,0.6957536889779782,1,0
16,7,s23,0110,0110,0101,-0.34912994503974915,-1.2382537126541138,0.8891237676143646,0.7053044125610709,1,0
16,8,c32,0110,0110,0100,-0.20613083243370056,-1.7139967679977417,1.5078659355640411,0.8137342148904052,1,0
17,1,s10,0101,0101,1001,-1.216817855834961,-1.3385311365127563,0.12171328067779541,0.29626121345173057,1,0
17,2,s10,1001,1001,0101,-0.08803548663854599,-3.3216285705566406,3.2335930839180946,0.9158351158079978,1,0
17,3,s01,0101,0101,1001,-0.5971927642822266,-0.8880321383476257,0.29083937406539917,0.5503694171746591,1,0
17,4,s13,0101,0101,0001,-0.5156794786453247,-1.3093061447143555,0.7936266660690308,0.5970966933417019,1,0
17,5,x1,0001,0001,1001,-0.008068154565989971,-5.069942951202393,5.061874796636403,0.9928436534020091,1,0
17,6,c02,0001,0001,1000,-0.0008244331693276763,-8.896780014038086,8.895955580868758,0.9991949463204374,1,0
17,7,x2,0011,0011,1011,-0.0017711995169520378,-7.681328296661377,7.679557097144425,0.9983854921171192,1,0
17,8,t012,0011,0011,1001,-0.0016954464372247458,-7.054704189300537,7.053008742863312,0.9983636711856969,1,0
18,1,t023,1011,1011,1010,-0.997549295425415,-1.8725494146347046,0.8750001192092896,0.3696767912076373,1,0
18,2,s23,1011,1011,1001,-0.31080201268196106,-1.434810996055603,1.124008983373642,0.7328687999185968,1,0
18,3,t013,1011,1011,1010,-0.3213629722595215,-1.3213629722595215,1.0,0.7251689284766702,1,0
18,4,c03,1010,1010,1011,-0.00016843675985001028,-10.000168800354004,10.000000363594154,0.9998409482041439,1,0
18,5,t102,1010,1010,1000,-0.0024008462205529213,-6.502559661865234,6.5001588156446815,0.9976117019351469,1,0
18,6,c20,0010,1010,1010,-0.8274270296096802,-0.5764458775520325,-0.2509811520576477,0.43725235651914013,0,0
18,7,t302,0010,0010,1000,-0.00013136367488186806,-9.639925003051758,9.639793639376876,0.9998690972624693,1,0
18,8,s23,0001,0001,0010,-0.5767210125923157,-0.8373886346817017,0.260667622089386,0.5617373078914497,1,0
19,1,x1,1100,1100,1101,-1.1840531826019287,-2.3090529441833496,1.124999761581421,0.3065009102636469,1,0
19,2,s01,1100,1100,1000,-1.054915189743042,-1.6401426792144775,0.5852274894714355,0.34828198672368677,1,0
19,3,x1,1000,1000,0001,-0.20755687355995178,-3.1274490356445312,2.9198921620845795,0.8127896947787856,1,0
19,4,t023,1000,1000,1001,-0.02602526918053627,-4.901025295257568,4.875000026077032,0.9743768610695603,1,0
19,5,c13,1000,1000,1001,-0.0012244232930243015,-7.001224040985107,6.999999617692083,0.9987849428985326,1,0
19,6,x3,1001,1001,1000,-0.007838007062673569,-4.882837772369385,4.874999765306711,0.9922532002204505,1,0
19,7,c30,0001,1001,1001,-0.6947425603866577,-0.6941898465156555,-0.0005527138710021973,0.49928409170897287,0,0
19,8,t230,0001,0001,1001,-0.20153559744358063,-1.701755404472351,1.5002198070287704,0.8175645816511533,1,0
20,1,c23,1111,1111,1110,-0.6815240383148193,-2.0565240383148193,1.375,0.5070920662619665,1,0
20,2,t032,1101,1101,0111,-0.11524148285388947,-4.25279426574707,4.137552782893181,0.8913164894779755,1,0
20,3,t102,1111,1111,1101,-0.011801379732787609,-5.8882269859313965,5.876425606198609,0.9884716463669283,1,0
20,4,x0,0111,0111,1111,-0.03950166702270508,-3.292095422744751,3.252593755722046,0.9625698043166317,1,0
20,5,c20,1111,1111,0111,-0.11611469089984894,-2.24076509475708,2.124650403857231,0.8927640473067348,1,0
20,6,s13,1111,1111,1011,-0.5178115963935852,-1.4789249897003174,0.9611133933067322,0.5958239288695806,1,0
20,7,x0,0111,0111,1111,-0.016712918877601624,-4.142184734344482,4.125471815466881,0.9838989348478018,1,0
20,8,x1,0011,0011,1011,-0.008125760592520237,-8.56423282623291,8.55610706564039,0.9996756455360126,1,0
21,1,s03,1010,0011,0011,-2.4565742015838623,-1.2028895616531372,-1.253684639930725,0.08580800434580357,0,0
21,2,s20,1010,1010,0010,-1.497678518295288,-2.11865234375,0.6209738254547119,0.22368418553860253,1,0
21,3,x3,1011,1011,0011,-0.4269862771034241,-2.8667097091674805,2.4397234320640564,0.6529963648351591,1,0
21,4,c23,1010,1010,1011,-0.04107018560171127,-3.5410702228546143,3.500000037252903,0.9597906657325239,1,0
21,5,x0,0010,0010,1010,-0.037742163985967636,-3.4884305000305176,3.45068833604455,0.9629931809884207,1,0
21,6,x0,1010,1010,0010,-0.012914999388158321,-4.388253688812256,4.3753386894240975,0.9872197395049506,1,0
21,7,x0,0010,0010,1010,-0.03613916039466858,-3.5432825088500977,3.507143348455429,0.9649228568431476,1,0
21,8,c31,0010,0110,0110,-0.8331678509712219,-0.583082914352417,-0.25008493661880493,0.43467378730602124,0,0
22,1,x3,0101,0101,0100,-0.9798406958580017,-1.4798407554626465,0.5000000596046448,0.3768842386929211,1,0
22,2,t201,0101,0101,0100,-0.019809765741229057,-4.769809722900391,4.749999957159162,0.980411892194754,1,0
22,3,s12,0011,0101,0101,-0.767331063747406,-0.6413439512252808,-0.12598711252212524,0.4642511668398011,0,0
22,4,s32,0011,0011,0001,-0.20039276778697968,-1.8195737600326538,1.6191809922456741,0.8184125818033006,1,0
22,5,c23,0010,0010,0011,-0.10709112882614136,-2.357091188430786,2.2500000596046448,0.8984888313793894,1,0
22,6,c12,0010,0010,0000,-0.03194017708301544,-3.536637783050537,3.5046976059675217,0.9685802449290153,1,0
22,7,t321,0010,0010,0110,-0.10060761868953705,-2.3998310565948486,2.2992234379053116,0.904313728283712,1,0
22,8,x1,0110,0110,0010,-0.020650429651141167,-3.895720958709717,3.8750705290585756,0.9796342534729696,1,0
23,1,x3,1000,1000,0000,-0.5563783645629883,-3.0625500679016113,2.506171703338623,0.5759202630114973,1,0
23,2,s21,1000,1000,0001,-0.21313928067684174,-3.4446053504943848,3.231466069817543,0.8080487802161294,1,0
23,3,s30,0001,0001,1000,-0.41592133045196533,-1.1373831033706665,0.7214617729187012,0.6597416438681019,1,0
23,4,t201,0001,0001,1001,-0.00023029130534268916,-8.5645112991333,8.564281007827958,0.9997756313302436,1,0
23,5,x1,0101,0101,0001,-0.0027306661941111088,-6.228268146514893,6.2255374803207815,0.9973739725987127,1,0
23,6,s10,1001,1001,0101,-0.00928305834531784,-4.759485244750977,4.750202186405659,0.9910706702746424,1,0
23,7,t301,1101,1101,1001,-0.2023637294769287,-1.7023745775222778,1.5000108480453491,0.8168987745631535,1,0
23,8,s12,1011,1011,1101,-0.3662911057472229,-1.5357097387313843,1.1694186329841614,0.6933028550871841,1,0
24,1,s13,0110,0110,0011,-1.1796311140060425,-1.6797714233398438,0.5001403093338013,0.30750612108021214,1,0
24,2,x2,0100,0100,1000,-0.5169097185134888,-3.1003341674804688,2.58342444896698,0.5973751163960711,1,0
24,3,c32,0100,0100,0110,-0.1188991442322731,-3.1034746170043945,2.9845754727721214,0.8880697292695352,1,0
24,4,s02,0100,0100,1100,-0.3153582513332367,-1.3923301696777344,1.0769719183444977,0.7295873517366406,1,0
24,5,x2,0110,0110,0100,-0.014350740239024162,-4.444272518157959,4.429921777918935,0.9858039513439255,1,0
24,6,c03,0110,0110,0111,-0.04329148307442665,-3.1682913303375244,3.1249998472630978,0.9576404599656607,1,0
24,7,t032,0110,0110,0100,-0.0006444639875553548,-8.001152038574219,8.000507574586663,0.9993583525583403,1,0
24,8,s21,0110,0110,0011,-0.6935116648674011,-0.741897463798523,0.048385798931121826,0.49982426839111715,1,0
25,1,c13,1100,1100,1101,-0.8358361124992371,-1.3358361721038818,0.5000000596046448,0.4341139604622016,1,0
25,2,t230,1100,1100,0100,-0.4876655638217926,-1.0284537076950073,0.5407881438732147,0.6140810511214783,1,0
25,3,t320,1100,1100,0100,-0.10129833966493607,-2.3574392795562744,2.2561409398913383,0.9036800700039868,1,0
25,4,c21,1100,1100,1000,-0.12754032015800476,-2.131683111190796,2.004142791032791,0.8802628656079168,1,0
25,5,t031,1100,1100,1000,-0.030231129378080368,-3.532984972000122,3.5027538426220417,0.9702299986594235,1,0
25,6,t312,1100,1100,1110,-0.0017835055477917194,-6.501609802246094,6.499826296698302,0.998251473928919,1,0
25,7,t130,1100,1100,0100,-0.38695085048675537,-1.1415636539459229,0.7546128034591675,0.6791571876714777,1,0
25,8,x2,1110,1110,1100,-0.0007804273627698421,-7.758032321929932,7.757251894567162,0.9995361034848859,1,0
26,1,t210,1101,0101,0101,-1.2076791524887085,-1.098820447921753,-0.10885870456695557,0.2992429760895095,0,0
26,2,x3,1100,1100,0000,-0.07979796826839447,-4.312437057495117,4.232639089226723,0.9234833776733411,1,0
26,3,x1,1000,1000,1100,-0.004718757700175047,-5.792819976806641,5.788101219106466,0.9955684377053615,1,0
26,4,s23,1000,1000,0001,-0.006872302852571011,-6.909084796905518,6.902212494052947,0.9931570100613761,1,0
26,5,c31,1000,1000,1100,-0.00411249790340662,-5.504095077514648,5.499982579611242,0.9958995604675787,1,0
26,6,s21,1000,1000,1100,-0.0012521070893853903,-7.751246452331543,7.749994345242158,0.9987591689810283,1,0
26,7,s30,0001,0001,1000,-0.4852716326713562,-0.9741483330726624,0.48887670040130615,0.6155552045105008,1,0
26,8,s32,0010,0010,0011,-0.3193053603172302,-1.319305419921875,1.0000000596046448,0.7266636458693073,1,0
27,1,t213,1100,1100,1101,-1.0491527318954468,-1.0491527318954468,0.0,0.35130931616366573,0,1
27,2,x0,0100,0100,1100,-0.1563253551721573,-2.556623935699463,2.4002985805273056,0.8562203192316244,1,0
27,3,x0,1100,1100,0100,-0.002146246610209346,-6.254436016082764,6.252289769472554,0.9979400009707939,1,0
27,4,x1,1000,1000,1100,-0.007776232901960611,-5.0486063957214355,5.040830162819475,0.9922839830819931,1,0
27,5,t130,1000,1000,0001,-0.018307318910956383,-4.405413627624512,4.387106308713555,0.9819629699753842,1,0
27,6,x0,0000,0000,0001,-0.015656039118766785,-4.390656471252441,4.375000432133675,0.9846443478692088,1,0
27,7,c03,0000,0000,1001,-0.002773392479866743,-6.391382694244385,6.388609301764518,0.9972308665235503,1,0
27,8,s31,0000,0000,0100,-0.0036022455897182226,-5.878580570220947,5.874978324631229,0.9964043237923429,1,0
28,1,x1,1111,1111,0100,-0.9316079616546631,-2.8236136436462402,1.8920056819915771,0.39428819738767495,1,0
28,2,x3,1110,1110,0000,-0.03993289917707443,-5.0221405029296875,4.982207603752613,0.9612820076198205,1,0
28,3,c01,1010,1010,0110,-0.004782908130437136,-6.99984884262085,6.9950659344904125,0.9955465507968606,1,0
28,4,t320,1010,1010,0010,-0.4743075668811798,-0.97491455078125,0.5006069839000702,0.622328789525225,1,0
28,5,x1,1110,1110,1010,-0.002142207231372595,-6.627755641937256,6.625613434705883,0.9978955538217693,1,0
28,6,c02,1100,1100,1110,-0.28318315744400024,-1.4344016313552856,1.1512184739112854,0.7536783757091285,1,0
28,7,c23,1100,1100,1101,-0.1429435908794403,-2.0179433822631836,1.8749997913837433,0.8668179283118259,1,0
28,8,c21,1100,1100,1000,-0.10032884776592255,-2.3560030460357666,2.255674198269844,0.9045428039094663,1,0
29,1,t312,0100,0100,0110,-0.6946580410003662,-2.1078543663024902,1.413196325302124,0.5003030941090453,1,0
29,2,s12,0010,0001,0001,-1.140740156173706,-0.9392923712730408,-0.20144778490066528,0.3195828716214773,0,0
29,3,s21,0100,0010,0010,-1.601754903793335,-0.22818224132061005,-1.373572662472725,0.2015427190672465,0,0
29,4,t230,0100,0100,1100,-0.3876609206199646,-1.1386151313781738,0.7509542107582092,0.6789700806096086,1,0
29,5,t130,0100,0100,1100,-0.10039237141609192,-2.350745677947998,2.250353306531906,0.9045757387735144,1,0
29,6,t013,0100,0100,0101,-0.0029628160409629345,-5.877962589263916,5.874999773222953,0.9970446181788377,1,0
29,7,x2,0110,0110,0100,-0.002366547705605626,-6.134101867675781,6.131735319970176,0.9976826831939195,1,0
29,8,t210,1110,1110,0110,-0.6192640066146851,-0.8558749556541443,0.23661094903945923,0.5384701646285214,1,0
30,1,t120,1110,1110,0110,-1.1931157112121582,-1.1933493614196777,0.00023365020751953125,0.3036929498847915,1,0
30,2,s21,1110,1110,1011,-0.9448565244674683,-1.3347595930099487,0.38990306854248047,0.38873943238164654,1,0
30,3,c10,0110,0110,1110,-0.09148439764976501,-2.4662272930145264,2.3747428953647614,0.9144657228568909,1,0
30,4,c01,0110,0110,0010,-0.0073940334841609,-5.764936923980713,5.757542890496552,0.9926349375794196,1,0
30,5,x2,0100,0100,0110,-0.00128224678337574,-7.049829483032227,7.048547236248851,0.9987239034238535,1,0
30,6,s20,0100,0100,1100,-0.1606251448392868,-1.9105448722839355,1.7499197274446487,0.8516497353602381,1,0
30,7,x1,0000,0000,0100,-0.0004299537977203727,-8.766157150268555,8.765727196470834,0.9996157702701367,1,0
30,8,s10,0000,0000,1000,-0.03835011273622513,-3.288302183151245,3.24995207041502,0.9626221084506317,1,0
31,1,t012,0011,0011,0111,-0.9071636199951172,-2.603086471557617,1.6959228515625,0.40424357324450366,1,0
31,2,t310,0011,0011,1011,-0.4751758575439453,-0.9752663373947144,0.500090479850769,0.6217867046510519,1,0
31,3,t320,1011,1011,0011,-0.5777254700660706,-0.8270658254623413,0.24934035539627075,0.5611963405088752,1,0
31,4,x1,1111,1111,1001,-0.06333539634943008,-3.145905017852783,3.082569621503353,0.9393501975392543,1,0
31,5,t203,1110,1110,1111,-0.005426581483334303,-5.317926406860352,5.312499825377017,0.9946373903077155,1,0
31,6,s01,1110,1110,0110,-0.028494836762547493,-3.659153938293457,3.6306591015309095,0.9720874292655176,1,0
31,7,t230,1110,1110,0110,-0.6941749453544617,-0.6987428665161133,0.004567921161651611,0.4999600675496748,1,0
31,8,x0,0110,0110,1110,-0.0089716836810112,-4.758913993835449,4.749942310154438,0.9913303417087027,1,0
32,1,x1,1000,1000,1001,-0.9450602531433105,-2.1950602531433105,1.25,0.38908673240191677,1,0
32,2,x0,0000,0000,1000,-0.016395797953009605,-4.595976829528809,4.579581031575799,0.9837887845237172,1,0
32,3,s13,0000,0000,0100,-0.06426533311605453,-3.0615694522857666,2.997304119169712,0.9377597844124547,1,0
32,4,x0,1000,1000,0000,-0.062014199793338776,-2.812251329421997,2.7502371296286583,0.9399019588102931,1,0
32,5,s23,1000,1000,0001,-0.004934029188007116,-6.5494065284729,6.544472499284893,0.995079273075414,1,0
32,6,t102,1000,1000,1010,-0.003113828832283616,-5.87810754776001,5.874993718927726,0.9968970133110723,1,0
32,7,x0,0000,0000,1000,-0.00347297266125679,-6.140294075012207,6.13682110235095,0.9966292117888988,1,0
32,8,c32,0000,0000,0010,-0.006829355377703905,-5.381145477294922,5.374316121917218,0.9932545060013976,1,0
33,1,s02,0011,1001,1001,-1.8225507736206055,-1.443156361579895,-0.37939441204071045,0.1617788246616748,0,0
33,2,c02,0011,0011,1000,-0.17795251309871674,-3.540945053100586,3.362992540001869,0.8371264750338703,1,0
33,3,t301,0011,0011,1011,-0.005556750111281872,-7.289124488830566,7.2835677387192845,0.994467458987688,1,0
33,4,s10,0011,0011,1010,-0.7002135515213013,-1.390949010848999,0.6907354593276978,0.49663263158209503,1,0
33,5,c02,0011,0011,0001,-0.000779378809966147,-7.7514262199401855,7.750646841130219,0.9992278834125649,1,0
33,6,t021,0011,0011,0111,-0.02574337273836136,-4.442044258117676,4.416300885379314,0.9745957608189841,1,0
33,7,x2,0001,0001,0111,-0.0038668853230774403,-6.405923843383789,6.402056958060712,0.9962901410459533,1,0
33,8,c32,0011,0011,0001,-0.03985875844955444,-3.2888879776000977,3.249029219150543,0.9612435059271653,1,0
34,1,s23,1100,1100,1101,-1.4181255102157593,-1.6681253910064697,0.24999988079071045,0.24268461727414994,1,0
34,2,t013,1101,1101,1100,-0.4706125855445862,-1.220612645149231,0.7500000596046448,0.6248066706114265,1,0
34,3,t102,1111,1111,1110,-0.04647786170244217,-4.171477794647217,4.124999932944775,0.9546873079481593,1,0
34,4,s21,1111,1111,1011,-0.4015313386917114,-1.1447840929031372,0.7432527542114258,0.6692966218602419,1,0
34,5,c20,0111,1111,1111,-0.7601513862609863,-0.6354063153266907,-0.12474507093429565,0.4686214525072445,0,0
34,6,t012,0111,0111,0110,-0.0009645402315072715,-7.375964164733887,7.3749996245023794,0.999040080240699,1,0
34,7,x2,0101,0101,1101,-0.0005187490023672581,-9.378121376037598,9.37760262703523,0.9997135402487379,1,0
34,8,t132,0111,0111,0101,-0.43383386731147766,-1.0588512420654297,0.625017374753952,0.6507381379291,1,0
35,1,x2,0110,0110,0000,-0.7345048189163208,-2.9747703075408936,2.2402654886245728,0.48177145512025743,1,0
35,2,t312,0110,0110,0100,-0.40836188197135925,-1.275076150894165,0.8667142689228058,0.6648035464114967,1,0
35,3,c30,0110,1110,1110,-0.8276628255844116,-0.5777742862701416,-0.24988853931427002,0.4373622131238179,0,0
35,4,t032,0110,0110,0100,-0.011909956112504005,-4.511686325073242,4.499776368960738,0.988165340274216,1,0
35,5,x0,1110,1110,0110,-0.0067869387567043304,-5.131918430328369,5.125131491571665,0.9939459647882424,1,0
35,6,s20,1110,1110,0110,-0.2529361844062805,-1.7832024097442627,1.5302662253379822,0.776582884644132,1,0
35,7,s03,0111,1110,1110,-0.977440357208252,-0.47992396354675293,-0.497516393661499,0.3763397250423801,0,0
35,8,c02,0111,0111,0110,-0.00792794581502676,-4.882927894592285,4.874999948777258,0.9921056072861558,1,0
36,1,s20,0001,0001,1000,-1.554182767868042,-1.7789771556854248,0.2247943878173828,0.21155596935462093,1,0
36,2,x1,0101,0101,0011,-0.06573480367660522,-3.6372427940368652,3.57150799036026,0.9366352915747964,1,0
36,3,c23,0101,0100,0100,-0.8671607971191406,-0.6171607971191406,-0.25,0.4202149983403352,0,0
36,4,s32,0110,0110,0101,-0.09077371656894684,-2.465637683868408,2.3748639672994614,0.9132335418899805,1,0
36,5,x0,1110,1110,0110,-0.18180924654006958,-1.8102145195007324,1.6284052729606628,0.8349393506843126,1,0
36,6,c23,1111,1111,0111,-0.033117689192295074,-4.605194568634033,4.572076879441738,0.967506153732721,1,0
36,7,s30,1111,1111,0111,-0.11409987509250641,-2.2423839569091797,2.1282840818166733,0.8922536181713623,1,0
36,8,t132,1101,1101,1111,-0.25286993384361267,-1.5383983850479126,1.2855284512043,0.7771864994972293,1,0
37,1,x2,1100,1100,0100,-0.8214421272277832,-2.9378676414489746,2.1164255142211914,0.4408086986784406,1,0
37,2,c03,1101,1101,1100,-0.12526720762252808,-3.8752670288085938,3.7499998211860657,0.8824330577685813,1,0
37,3,c31,1001,1101,1101,-0.9767231941223145,-0.4766506850719452,-0.5000725090503693,0.376554391679794,0,0
37,4,t321,1001,1001,1101,-0.008792482316493988,-4.768282413482666,4.759489931166172,0.991251312620754,1,0
37,5,s21,1001,1001,1100,-0.030230872333049774,-3.533313512802124,3.5030826404690742,0.9702231838991535,1,0
37,6,c23,1001,1001,1000,-0.1604509800672531,-1.9104509353637695,1.7499999552965164,0.8518667969790298,1,0
37,7,c31,1101,1001,1001,-0.9741564393043518,-0.4741082787513733,-0.5000481605529785,0.37751387787621515,0,0
37,8,x3,1100,1100,1101,-0.0005194629193283617,-8.875518798828125,8.874999335908797,0.9995775799351666,1,0
38,1,s03,1010,0011,0011,-2.158778429031372,-1.3201069831848145,-0.8386714458465576,0.11556829123348529,0,0
38,2,t103,1010,1010,1011,-0.9937666058540344,-1.7437665462493896,0.7499999403953552,0.37049120098863314,1,0
38,3,t031,1010,1110,1110,-0.8383483290672302,-0.5919952988624573,-0.24635303020477295,0.4324329010593264,0,0
38,4,c03,1011,1011,1010,-0.0070366449654102325,-5.0070366859436035,5.000000040978193,0.993009895463619,1,0
38,5,t102,1011,1011,1001,-0.5776505470275879,-0.8275145888328552,0.24986404180526733,0.5615559841238067,1,0
38,6,t013,1011,1011,1010,-0.04183678701519966,-3.2918365001678467,3.249999713152647,0.9590473243539714,1,0
38,7,s32,1011,1011,1001,-0.2352290153503418,-1.6099371910095215,1.3747081756591797,0.7903920717457943,1,0
38,8,t201,1111,1111,1011,-0.20176264643669128,-1.7014636993408203,1.499701052904129,0.8172950199005453,1,0
39,1,c01,0101,0101,0100,-0.9483460187911987,-2.698345899581909,1.7499998807907104,0.3879536687031692,1,0
39,2,x0,1101,1101,0101,-0.0616316944360733,-3.241471767425537,3.179840072989464,0.9403996122319,1,0
39,3,t102,1111,1111,0111,-0.2575685381889343,-1.921302080154419,1.6637335419654846,0.773188669497385,1,0
39,4,c32,1101,1101,1111,-0.6397119164466858,-0.9898221492767334,0.3501102328300476,0.5274662643269983,1,0
39,5,t230,1101,1101,0101,-0.6938999891281128,-0.694037914276123,0.0001379251480102539,0.49995625534064214,1,0
39,6,c31,1001,1101,1101,-1.0582289695739746,-0.43011146783828735,-0.6281175017356873,0.34707285927801884,0,0
39,7,x3,1000,1000,1011,-0.0013690309133380651,-7.9745049476623535,7.9731359167490155,0.998659890308083,1,0
39,8,x2,1010,1010,1000,-0.0006963197374716401,-8.876471519470215,8.875775199732743,0.9993323715911632,1,0
40,1,s21,1010,1100,1100,-2.0851688385009766,-1.5945874452590942,-0.4905813932418823,0.12435692215827175,0,0
40,2,s02,1010,1010,0011,-1.557321548461914,-2.1974363327026367,0.6401147842407227,0.2107337863925773,1,0
40,3,x2,1000,1000,1100,-0.5477119088172913,-2.7013673782348633,2.153655469417572,0.5787322014980042,1,0
40,4,x3,1001,1001,1000,-0.013719595968723297,-5.01371955871582,4.999999962747097,0.9864210365051682,1,0
40,5,s10,0101,0101,1001,-0.5445476174354553,-0.9781712293624878,0.43362361192703247,0.5802603060320419,1,0
40,6,s32,0110,0110,0101,-0.06522634625434875,-3.6860451698303223,3.6208188235759735,0.9368677145496402,1,0
40,7,x2,0100,0100,1100,-0.0014548110775649548,-7.5834879875183105,7.582033176440746,0.9985813553501309,1,0
40,8,x3,0101,0101,0100,-0.0061222524382174015,-5.13112211227417,5.1249998598359525,0.9939012424475513,1,0
41,1,t013,0010,0010,0011,-0.655072808265686,-2.9050729274749756,2.2500001192092896,0.5203661051505929,1,0
41,2,x1,0110,0110,0010,-0.04158753156661987,-3.8059585094451904,3.7643709778785706,0.9592803073294394,1,0
41,3,t013,0110,0110,0111,-0.09164024889469147,-2.4666402339935303,2.374999985098839,0.9124609483602563,1,0
41,4,s30,0110,1110,1110,-1.9116367101669312,-0.1725190132856369,-1.7391176968812943,0.14791867697862768,0,0
41,5,c21,0010,0110,0110,-0.8266624212265015,-0.5762267708778381,-0.25043565034866333,0.43750941007323363,0,0
41,6,c31,0010,0010,0110,-0.6932932138442993,-0.6932982206344604,5.0067901611328125e-06,0.4999304770593409,1,0
41,7,x2,0000,0000,0001,-0.010363114066421986,-4.6353631019592285,4.6249999878928065,0.9897050778321097,1,0
41,8,c12,0000,0000,0010,-0.0009654445457272232,-7.250903606414795,7.249938161869068,0.9990403132755159,1,0
42,1,c20,0010,0010,1010,-1.1644099950790405,-1.2948837280273438,0.13047373294830322,0.3125976036371916,1,0
42,2,c21,0110,0010,0010,-0.8359888792037964,-0.5854566097259521,-0.25053226947784424,0.43345164398707525,0,0
42,3,x1,0010,0010,1010,-0.005823833867907524,-7.689475059509277,7.68365122564137,0.9969978938648262,1,0
42,4,x3,0011,0011,0010,-0.002191362902522087,-7.752191066741943,7.749999703839421,0.9978318693029069,1,0
42,5,t310,0011,0011,1011,-0.3138013482093811,-1.313781499862671,0.9999801516532898,0.7307206514182034,1,0
42,6,t102,0011,0011,0010,-0.0012395114172250032,-7.876239776611328,7.875000265194103,0.9987769152013932,1,0
42,7,s31,0110,0110,0111,-0.2773269712924957,-1.6523269414901733,1.3749999701976776,0.7578141902420067,1,0
42,8,c20,1110,1110,0110,-0.5765902996063232,-0.8262978196144104,0.24970752000808716,0.5618995694993116,1,0
43,1,x3,1010,1010,0010,-0.5347616672515869,-2.797379493713379,2.262617826461792,0.5876978897890525,1,0
43,2,c30,1010,1010,0010,-0.7013723850250244,-0.7338098883628845,0.03243750333786011,0.4959516275217887,1,0
43,3,t201,1110,1010,1010,-2.413740873336792,-0.13045282661914825,-2.2832880467176437,0.08948062250188607,0,0
43,4,s13,1011,1111,1111,-0.940541684627533,-0.9264882206916809,-0.01405346393585205,0.3904254183794177,0,0
43,5,t203,1010,1010,1011,-0.03275088965892792,-3.6577508449554443,3.6249999552965164,0.9678362971060648,1,0
43,6,x0,0010,0010,1010,-0.16142389178276062,-2.0256426334381104,1.8642187416553497,0.8509843911602248,1,0
43,7,t210,0010,0010,1010,-0.47425732016563416,-0.9744014739990234,0.5001441538333893,0.6224148353251351,1,0
43,8,t210,0010,0010,1010,-0.3872244358062744,-1.1372547149658203,0.7500302791595459,0.6789864823682396,1,0
44,1,s20,1111,1111,0111,-1.021253228187561,-1.453216791152954,0.43196356296539307,0.3603795639340359,1,0
44,2,t210,0111,0111,1111,-0.4004461467266083,-1.155199646949768,0.7547535002231598,0.6702034114341672,1,0
44,3,s01,1011,1011,1111,-0.06757187843322754,-3.461599588394165,3.3940277099609375,0.935413014932739,1,0
44,4,c20,0011,0011,1011,-0.6941273212432861,-0.6942715048789978,0.00014418363571166992,0.49956704569933397,1,0
44,5,c23,0010,0010,0011,-0.13929787278175354,-3.0142979621887207,2.875000089406967,0.8709688985536773,1,0
44,6,s23,0001,0001,0010,-0.4868483245372772,-0.9794023036956787,0.4925539791584015,0.6145609547159766,1,0
44,7,s01,0001,0001,1001,-0.12959024310112,-2.1455912590026855,2.0160010159015656,0.8785146688976921,1,0
44,8,x0,1001,1001,0001,-0.01902860775589943,-4.018936634063721,3.9999080263078213,0.9813109943378866,1,0
45,1,t203,0001,0001,0011,-0.5149756669998169,-2.612795352935791,2.097819685935974,0.5995906826637307,1,0
45,2,x3,0000,0000,1000,-0.011066272854804993,-5.871940612792969,5.860874339938164,0.9890291789498143,1,0
45,3,c32,0000,0000,0010,-0.006577813532203436,-5.380596160888672,5.374018347356468,0.9935192190470581,1,0
45,4,x1,0100,0100,0000,-0.01907380111515522,-4.055197715759277,4.036123914644122,0.9811187256550343,1,0
45,5,t103,0100,0100,1100,-0.004063478671014309,-6.554040908813477,6.549977430142462,0.9959629841351871,1,0
45,6,s02,0100,0100,1100,-0.1605352908372879,-1.9114279747009277,1.7508926838636398,0.8517148239043393,1,0
45,7,t012,0100,0100,0101,-7.235861266963184e-05,-9.875072479248047,9.875000120635377,0.9999291053663181,1,0
45,8,x3,0101,0101,0100,-0.0015642016660422087,-6.5015645027160645,6.500000301050022,0.9984412223545008,1,0
46,1,s20,0111,1101,1101,-2.718888998031616,-1.1902891397476196,-1.5285998582839966,0.06598667551285457,0,0
46,2,t201,0111,0111,1111,-0.690325140953064,-2.5609612464904785,1.8706361055374146,0.5016473097995845,1,0
46,3,t120,1111,1111,0111,-0.40201836824417114,-1.3160291910171509,0.9140108227729797,0.6692214168989477,1,0
46,4,t132,1101,1101,1111,-0.47984299063682556,-1.1048485040664673,0.6250055134296417,0.6190812955372212,1,0
46,5,x2,1111,1111,1101,-0.004133583512157202,-5.949294090270996,5.945160506758839,0.9963620993211758,1,0
46,6,x3,1110,1110,1111,-0.0005925096338614821,-7.9380927085876465,7.937500198953785,0.9994493062738522,1,0
46,7,c03,1111,1111,1110,-0.001316992798820138,-7.001317024230957,7.000000031432137,0.99872861924775,1,0
46,8,c21,1011,1111,1111,-1.1373409032821655,-0.3886318802833557,-0.7487090229988098,0.3206774317075899,0,0
47,1,c21,1101,1001,1001,-1.6084505319595337,-1.3022061586380005,-0.3062443733215332,0.20039156027660518,0,0
47,2,t201,1101,1101,1001,-0.2664912939071655,-1.527883529663086,1.2613922357559204,0.7660829903628854,1,0
47,3,t310,0101,0101,1101,-0.3876686096191406,-1.1374751329421997,0.7498065233230591,0.678972895602725,1,0
47,4,s31,0101,0101,0001,-0.59944748878479,-0.8533554673194885,0.2539079785346985,0.5491244481621369,1,0
47,5,c10,1101,1101,0101,-0.043661296367645264,-3.16862416267395,3.124962866306305,0.9577155327888118,1,0
47,6,c03,1100,1100,0100,-0.006981582846492529,-5.5777740478515625,5.57079246500507,0.9930931521647005,1,0
47,7,x0,0100,0100,1100,-0.14814625680446625,-2.0244734287261963,1.87632717192173,0.8630348418326116,1,0
47,8,s32,0100,0100,0110,-0.0018859222764149308,-6.5017290115356445,6.49984308925923,0.9981215016117942,1,0
48,1,s13,0000,0000,0100,-1.2929399013519287,-1.4068701267242432,0.11393022537231445,0.2746731187491314,1,0
48,2,s13,0000,0000,0100,-0.02498278208076954,-4.523072242736816,4.498089460656047,0.9753289845389284,1,0
48,3,x3,0001,0001,0000,-0.018985947594046593,-4.018985748291016,3.999999800696969,0.981221582464273,1,0
48,4,s13,0100,0001,0001,-0.8750859498977661,-0.6176192760467529,-0.2574666738510132,0.41682910496017517,0,0
48,5,s13,0001,0001,0100,-0.8999289274215698,-1.187732219696045,0.2878032922744751,0.4066151646802578,1,0
48,6,c31,0101,0100,0100,-1.09862220287323,-1.09862220287323,0.0,0.3334481941609083,0,1
48,7,s03,1100,1100,0101,-0.33531302213668823,-1.3251614570617676,0.9898484349250793,0.7151689687554232,1,0
48,8,c32,1100,1100,1110,-0.059422846883535385,-3.0519232749938965,2.992500428110361,0.9423891418135064,1,0
49,1,s12,0001,0001,0100,-1.092719554901123,-1.889040231704712,0.7963206768035889,0.33563941270178344,1,0
49,2,s20,0001,0001,1000,-0.6977713704109192,-0.7166078090667725,0.01883643865585327,0.4977029299638092,1,0
49,3,c20,0001,0001,1001,-0.693388819694519,-0.6935881972312927,0.00019937753677368164,0.49992920923454415,1,0
49,4,t032,0001,0001,1000,-0.002154015935957432,-7.791635513305664,7.789481497369707,0.9978602582438473,1,0
49,5,s21,0001,0001,0100,-0.31623196601867676,-1.3149371147155762,0.9987051486968994,0.7288953607113046,1,0
49,6,c21,0001,0001,0101,-0.20168273150920868,-1.7018805742263794,1.5001978427171707,0.8174323624839169,1,0
49,7,s12,0001,0001,0101,-0.04888925328850746,-3.5719497203826904,3.523060467094183,0.952288830972685,1,0
49,8,c30,1001,0001,0001,-1.137284278869629,-0.3871877193450928,-0.7500965595245361,0.3207742579655026,0,0
50,1,t302,0100,0100,0110,-0.6455343961715698,-2.985119581222534,2.3395851850509644,0.5258622962008457,1,0
50,2,t012,0100,0100,1100,-0.00727985380217433,-6.230556964874268,6.223277111072093,0.9927562234802536,1,0
50,3,c13,0101,0101,0100,-0.18039193749427795,-1.8053919076919556,1.6249999701976776,0.834947572428866,1,0
50,4,c03,0101,0101,0100,-0.11289458721876144,-2.237894296646118,2.1249997094273567,0.8932507650599137,1,0
50,5,x3,0100,0100,0110,-0.001291795284487307,-7.262977123260498,7.261685327976011,0.9987263845325203,1,0
50,6,c13,0101,0101,0100,-0.0789431557059288,-2.5789430141448975,2.4999998584389687,0.9240948251922451,1,0
50,7,t201,0101,0101,1001,-0.0006843876326456666,-8.525604248046875,8.52491986041423,0.999322931887746,1,0
50,8,x3,0100,0100,0101,-0.00020991307974327356,-8.93770980834961,8.937499895269866,0.9998282352146751,1,0
51,1,t130,1001,1001,0001,-0.9779393076896667,-1.3814666271209717,0.40352731943130493,0.37651164319765107,1,0
51,2,x1,1101,1101,0001,-0.021128740161657333,-5.484779357910156,5.463650617748499,0.9792109623801292,1,0
51,3,x0,0101,0101,1101,-0.013230235315859318,-4.392762660980225,4.379532425664365,0.9869770326298004,1,0
51,4,c02,0101,0101,1110,-0.017862053588032722,-5.345134735107422,5.327272681519389,0.9823233683238728,1,0
51,5,t302,0101,0101,0111,-0.0122441491112113,-5.646989822387695,5.634745673276484,0.9878486592837887,1,0
51,6,s30,1100,1100,0101,-0.03423532843589783,-3.4091198444366455,3.3748845160007477,0.9664971462590084,1,0
51,7,x1,1000,1000,1001,-0.0189557783305645,-4.018955707550049,3.9999999292194843,0.981266884251592,1,0
51,8,c31,1000,1000,1100,-0.018191788345575333,-4.018173694610596,3.9999819062650204,0.9819742981175994,1,0
52,1,c32,1010,1000,1000,-1.4607337713241577,-1.4605910778045654,-0.00014269351959228516,0.23244759918951485,0,0
52,2,t312,1010,1010,1000,-0.020966824144124985,-5.834004878997803,5.813038054853678,0.9792855418591726,1,0
52,3,x0,0010,0010,1010,-0.021522002294659615,-4.078022003173828,4.0565000008791685,0.9791777562494922,1,0
52,4,c12,0010,0010,0000,-0.002037209225818515,-6.261710166931152,6.259672957705334,0.9979655329459943,1,0
52,5,c30,0010,0010,1010,-0.3873964250087738,-1.1374064683914185,0.7500100433826447,0.679147435919166,1,0
52,6,t203,0010,0010,1010,-0.00020836437761317939,-9.600439071655273,9.60023070727766,0.9997946307893628,1,0
52,7,x0,1010,1010,0010,-0.01433386467397213,-4.264482021331787,4.250148156657815,0.985906238346952,1,0
52,8,t310,1010,1010,0010,-0.04879327490925789,-3.1277108192443848,3.078917544335127,0.9523792072337401,1,0
53,1,t021,1101,1001,1001,-1.742445468902588,-1.5940946340560913,-0.14835083484649658,0.1752489289083673,0,0
53,2,s03,1101,1101,0101,-0.3758786618709564,-1.36366605758667,0.9877873957157135,0.6867336825990722,1,0
53,3,c31,1001,1101,1101,-0.8987841606140137,-0.5234947800636292,-0.3752893805503845,0.40706656327801605,0,0
53,4,t213,1001,1001,1000,-0.001325872726738453,-6.876325607299805,6.874999734573066,0.9986774054670698,1,0
53,5,x1,1101,1101,1011,-0.0007371219107881188,-7.574456691741943,7.573719569831155,0.9992867402886563,1,0
53,6,t312,1111,1111,1101,-0.048994433134794235,-3.0488486289978027,2.9998541958630085,0.9523726654739632,1,0
53,7,t321,1011,1111,1111,-0.9741873741149902,-0.4746795892715454,-0.4995077848434448,0.3775119091665719,0,0
53,8,c23,1010,1010,1011,-0.18042612075805664,-1.8054261207580566,1.625,0.8349322384830186,1,0
54,1,x1,0001,0001,0011,-1.031964898109436,-2.529022693634033,1.4970577955245972,0.35668517864733984,1,0
54,2,s21,0001,0001,0100,-0.2929834723472595,-1.6535086631774902,1.3605251908302307,0.7460389640468678,1,0
54,3,c20,0001,1001,1001,-0.6946200728416443,-0.6935884952545166,-0.0010315775871276855,0.4993517204343723,0,0
54,4,x2,0011,0011,0001,-0.004762834869325161,-5.737705707550049,5.732942872680724,0.9962266620180533,1,0
54,5,x3,0010,0010,0011,-0.0005874063353985548,-8.438087463378906,8.437500057043508,0.9995539206093139,1,0
54,6,t103,0010,0010,0011,-0.0004056286416016519,-9.125405311584473,9.124999682942871,0.9995992856175261,1,0
54,7,x0,1010,1010,0010,-0.014431952498853207,-4.264649391174316,4.250217438675463,0.9857466733878388,1,0
54,8,s12,1100,1010,1010,-3.898383617401123,-0.07063371688127518,-3.827749900519848,0.02027467236124905,0,0
55,1,x1,0111,0111,0000,-0.9426326155662537,-2.4882771968841553,1.5456445813179016,0.39008873111555975,1,0
55,2,x1,0011,0011,1011,-0.31750744581222534,-2.8790841102600098,2.5615766644477844,0.7284058283139535,1,0
55,3,x3,0010,0010,1010,-0.009212274104356766,-6.250185012817383,6.240972738713026,0.9909372744303677,1,0
55,4,x1,0110,0110,0010,-0.008008955977857113,-4.89655876159668,4.888549805618823,0.9922343700503043,1,0
55,5,c31,0110,0110,0010,-0.4771674573421478,-0.975454568862915,0.4982871115207672,0.6206616110125998,1,0
55,6,c30,0110,1110,1110,-1.137290120124817,-0.38738325238227844,-0.7499068677425385,0.32078723114572993,0,0
55,7,x3,0111,0111,0110,-0.0032469595316797495,-5.753247261047363,5.7500003015156835,0.9967670759314977,1,0
55,8,s10,1011,1011,0111,-0.011753745377063751,-4.762015342712402,4.750261597335339,0.9909610096457294,1,0
56,1,x0,1101,1101,0101,-0.8668264150619507,-2.066920757293701,1.2000943422317505,0.4211182379282797,1,0
56,2,t201,1101,1001,1001,-0.8231367468833923,-0.7018563151359558,-0.12128043174743652,0.43907686139308294,0,0
56,3,c21,1101,1101,1001,-0.4669967293739319,-1.171818733215332,0.7048220038414001,0.6268873162337714,1,0
56,4,x1,1001,1001,1101,-0.0012470161309465766,-8.159159660339355,8.157912644208409,0.9988190206407538,1,0
56,5,c10,1001,1001,0001,-0.1602567434310913,-1.9103639125823975,1.7501071691513062,0.8519267953128496,1,0
56,6,c30,0001,0001,1001,-0.5769484043121338,-0.8261087536811829,0.24916034936904907,0.5616665609339534,1,0
56,7,t320,0001,0001,1001,-0.20155267417430878,-1.701682209968567,1.5001295357942581,0.8175441318832137,1,0
56,8,c10,0001,0001,1001,-0.0380888506770134,-3.2882094383239746,3.250120587646961,0.9626325810790347,1,0
57,1,t210,1010,1010,0010,-1.0576741695404053,-1.7741425037384033,0.716468334197998,0.3476914782018593,1,0
57,2,s01,0110,0110,1010,-0.8375346064567566,-1.0178096294403076,0.18027502298355103,0.4328330017470243,1,0
57,3,t301,0110,0110,1010,-0.0014295602450147271,-8.377723693847656,8.376294133602642,0.998574072642425,1,0
57,4,x0,1110,1110,0110,-0.06409262865781784,-2.814639091491699,2.7505464628338814,0.9398190091282225,1,0
57,5,t312,1110,1110,1111,-0.016689587384462357,-4.766689777374268,4.750000189989805,0.9835228857317078,1,0
57,6,t203,1111,1111,1110,-0.018557462841272354,-4.143558025360107,4.125000562518835,0.9816288273426412,1,0
57,7,t210,0111,0111,1111,-0.5235045552253723,-0.8992567658424377,0.37575221061706543,0.592630361782224,1,0
57,8,x2,0101,0101,1101,-0.00018917887064162642,-9.81370735168457,9.813518172813929,0.999844074463894,1,0
58,1,x2,1001,1001,0000,-0.7703757286071777,-2.8365418910980225,2.0661661624908447,0.4640503095489449,1,0
58,2,t120,1001,1001,0001,-0.3202444314956665,-1.7728283405303955,1.452583909034729,0.7261655871299705,1,0
58,3,s31,1100,1100,1001,-0.1914113461971283,-2.189715623855591,1.9983042776584625,0.8258002683471498,1,0
58,4,s31,1001,1001,1100,-0.7028219103813171,-0.8606935739517212,0.15787166357040405,0.49518756690909876,1,0
58,5,x1,1101,1101,1100,-0.08087232708930969,-2.5808722972869873,2.4999999701976776,0.922347567967214,1,0
58,6,x1,1001,1001,1000,-0.04065217822790146,-3.790652275085449,3.7500000968575478,0.9637729474578112,1,0
58,7,t312,1001,1001,1011,-0.45170924067497253,-1.2162985801696777,0.7645893394947052,0.6388212773958185,1,0
58,8,x2,1011,1011,0011,-0.05934951826930046,-4.431795120239258,4.372445601969957,0.9432513739776239,1,0
59,1,c12,0101,0101,1000,-0.6892267465591431,-3.098344326019287,2.409117579460144,0.5037360026887374,1,0
59,2,s02,0101,0101,1100,-0.6966683268547058,-0.9286026954650879,0.23193436861038208,0.4992701902414029,1,0
59,3,s21,0011,0101,0101,-0.9166404604911804,-0.5318039655685425,-0.38483649492263794,0.39986059705296934,0,0
59,4,c30,1011,1011,0011,-0.4754580557346344,-0.9779982566833496,0.5025402009487152,0.6218306743085141,1,0
59,5,s21,1101,1011,1011,-1.4398999214172363,-0.5052661895751953,-0.934633731842041,0.23695749269371136,0,0
59,6,s31,1101,1101,1001,-0.6424081325531006,-1.3740572929382324,0.7316491603851318,0.5260284937933362,1,0
59,7,c31,1001,1101,1101,-0.7743895649909973,-0.6350921988487244,-0.13929736614227295,0.46098935392394136,0,0
59,8,s01,0101,0101,1001,-0.5918115377426147,-0.915056586265564,0.3232450485229492,0.5533894324929145,1,0
60,1,s20,1101,0111,0111,-2.473160743713379,-2.0624632835388184,-0.41069746017456055,0.0843623561376936,0,0
60,2,c20,1101,1101,0101,-1.9568772315979004,-2.093626022338867,0.1367487907409668,0.1414264002424387,1,0
60,3,x1,1001,1001,1111,-0.28632351756095886,-3.110557794570923,2.824234277009964,0.7513428062337789,1,0
60,4,x1,1101,1101,1100,-0.39297226071357727,-1.7679722309112549,1.3749999701976776,0.6752026877658881,1,0
60,5,c31,1001,1001,1101,-0.7128409743309021,-0.9485617280006409,0.23572075366973877,0.49029300144794563,1,0
60,6,s32,1010,1010,1001,-0.3694997727870941,-2.1138722896575928,1.7443725168704987,0.6911173735858959,1,0
60,7,s32,1001,1010,1010,-1.7885586023330688,-0.23182475566864014,-1.5567338466644287,0.16720164371931892,0,0
60,8,t013,1001,1001,1000,-0.01971425488591194,-4.89471435546875,4.875000100582838,0.9805358770672619,1,0
61,1,s02,1110,0110,0110,-1.4392023086547852,-1.3378831148147583,-0.10131919384002686,0.23732126720552765,0,0
61,2,c03,1111,1111,0111,-0.25845929980278015,-3.1691699028015137,2.9107106029987335,0.7749686236619667,1,0
61,3,c31,1011,1011,1111,-0.20382823050022125,-1.7042781114578247,1.5004498809576035,0.8159631618700292,1,0
61,4,t321,1111,1111,1011,-0.5844361186027527,-0.8261195421218872,0.24168342351913452,0.5574290332692534,1,0
61,5,c03,1110,1110,0110,-0.006026442628353834,-7.675836086273193,7.6698096436448395,0.9980196225542362,1,0
61,6,s02,1110,1110,0110,-0.1450216919183731,-2.1604788303375244,2.0154571384191513,0.8650742865274226,1,0
61,7,s23,1101,1110,1110,-1.6295499801635742,-0.41284656524658203,-1.2167034149169922,0.19601790335111247,0,0
61,8,s12,1011,1101,1101,-1.3370805978775024,-0.31601449847221375,-1.0210660994052887,0.26261166990321944,0,0
62,1,t230,1001,1001,0001,-1.0703985691070557,-1.2354211807250977,0.165022611618042,0.34343829849876817,1,0
62,2,x0,0001,0001,1001,-0.0038626687601208687,-6.752886772155762,6.749024103395641,0.9961875390957461,1,0
62,3,x0,1001,1001,0001,-0.005407600663602352,-5.257987976074219,5.252580375410616,0.9946509948580804,1,0
62,4,t021,1001,1001,1101,-0.5761798620223999,-0.8263301253318787,0.25015026330947876,0.5620450093590664,1,0
62,5,t132,1001,1001,1011,-0.0790075957775116,-2.579364538192749,2.5003569424152374,0.9240784982792667,1,0
62,6,t103,1001,1001,1000,-0.0003326860605739057,-8.500332832336426,8.500000146275852,0.9996779457031537,1,0
62,7,x1,1101,1101,1011,-0.0009862453443929553,-7.1139817237854,7.112995478441007,0.9990534677404792,1,0
62,8,x0,0101,0101,1101,-0.014432821422815323,-4.26500129699707,4.250568475574255,0.9858496474114757,1,0
63,1,s12,0001,0001,0100,-0.9268103837966919,-2.0370702743530273,1.1102598905563354,0.39617765639842506,1,0
63,2,x1,0101,0101,0001,-0.09831982851028442,-3.7929913997650146,3.6946715712547302,0.9064735377908539,1,0
63,3,t301,0101,0101,1101,-0.006609603296965361,-6.937939167022705,6.93132956372574,0.9934277242631441,1,0
63,4,t231,0101,0101,0001,-0.3145509362220764,-1.3144580125808716,0.9999070763587952,0.7302390974814944,1,0
63,5,t301,0101,0101,1001,-0.00020609945931937546,-9.701364517211914,9.701158417752595,0.9997998861441194,1,0
63,6,x3,0100,0100,1100,-0.001406398368999362,-8.118789672851562,8.117383274482563,0.9988849962754416,1,0
63,7,t321,0100,0100,0000,-0.013136608526110649,-4.515494346618652,4.502357738092542,0.9869698820368147,1,0
63,8,c20,0100,0100,1100,-0.5768020749092102,-0.8260897397994995,0.2492876648902893,0.5617192421073588,1,0
64,1,s10,0000,0000,1000,-1.109483003616333,-2.358520984649658,1.2490379810333252,0.3301784974284989,1,0
64,2,s03,0000,0000,1000,-0.48822319507598877,-0.9861768484115601,0.4979536533355713,0.6137226056695089,1,0
64,3,s30,0000,0000,1000,-0.5771805644035339,-0.826656699180603,0.2494761347770691,0.5615092999089843,1,0
64,4,c01,0000,0000,0100,-0.001318006543442607,-8.034223556518555,8.032905549975112,0.9986873909860334,1,0
64,5,c03,0000,0000,0001,-0.0026315657887607813,-6.127631664276123,6.125000098487362,0.997376831126116,1,0
64,6,c30,0000,0000,1000,-0.029793279245495796,-3.529780626296997,3.4999873470515013,0.9706520981970681,1,0
64,7,t031,0000,0000,1000,-0.000367346074199304,-8.246515274047852,8.246147927973652,0.9996348741248046,1,0
64,8,t013,0000,0000,1000,-0.000345073698554188,-9.31475830078125,9.314413227082696,0.9996567509180277,1,0
65,1,s23,1010,1001,1001,-1.5379209518432617,-1.2698715925216675,-0.26804935932159424,0.2154174366243127,0,0
65,2,t203,1011,1010,1010,-0.8989765048027039,-0.7739765048027039,-0.125,0.4072276744712176,0,0
65,3,x1,1111,1111,1101,-0.02671857737004757,-5.298198699951172,5.271480122581124,0.9744479859661125,1,0
65,4,t321,1011,1111,1111,-0.8280658721923828,-0.5791473388671875,-0.2489185333251953,0.4369156506312883,0,0
65,5,s32,1011,1011,1001,-0.3546070456504822,-1.4739245176315308,1.1193174719810486,0.7016137334640686,1,0
65,6,c12,1011,1011,1001,-0.12388266623020172,-2.373631238937378,2.249748572707176,0.8836627420667235,1,0
65,7,c12,1011,1011,1001,-0.25279727578163147,-1.5025906562805176,1.249793380498886,0.776644104828886,1,0
65,8,x0,0011,0011,1011,-0.016299864277243614,-4.144484996795654,4.128185132518411,0.983995945709637,1,0
66,1,x0,1010,1010,0010,-0.7308024764060974,-2.127758264541626,1.3969557881355286,0.4822227888467352,1,0
66,2,t120,1010,1010,0010,-0.7022247910499573,-0.7022587060928345,3.3915042877197266e-05,0.4955061219018899,1,0
66,3,s32,1001,1001,1010,-0.43558457493782043,-1.176740288734436,0.7411557137966156,0.646891527482553,1,0
66,4,c21,1001,1001,1101,-0.1627323180437088,-1.9137409925460815,1.7510086745023727,0.8498288189857499,1,0
66,5,x2,1011,1011,1001,-0.0015772120095789433,-7.895175933837891,7.893598721828312,0.9987845552425888,1,0
66,6,s02,1011,1011,0011,-0.13311319053173065,-2.412257671356201,2.2791444808244705,0.8759070415390209,1,0
66,7,t310,1011,1011,0011,-0.7042497396469116,-0.853441596031189,0.14919185638427734,0.49449668740139097,1,0
66,8,t301,1111,1111,1011,-0.14350730180740356,-2.0178918838500977,1.874384582042694,0.866417348703424,1,0
67,1,s30,1010,1010,1011,-1.5845167636871338,-1.5845167636871338,0.0,0.20520766393178994,0,1
67,2,t120,1010,1010,0010,-1.0466387271881104,-1.5363199710845947,0.4896812438964844,0.35132662118764585,1,0
67,3,c13,1010,1010,1011,-0.5857664346694946,-0.8357664346694946,0.25,0.5566940639632837,1,0
67,4,x3,1011,1011,1010,-0.006953083444386721,-5.00695276260376,4.999999679159373,0.9930900225294397,1,0
67,5,c03,1010,1010,0010,-0.001829361543059349,-7.447353363037109,7.44552400149405,0.9982322237074946,1,0
67,6,s30,0011,1010,1010,-0.9101454615592957,-0.5844522714614868,-0.32569319009780884,0.4024848744572744,0,0
67,7,x0,1011,1011,0011,-0.08675228804349899,-2.5850625038146973,2.4983102157711983,0.9169919173455882,1,0
67,8,c20,0011,0011,1011,-0.6895896792411804,-0.8932889699935913,0.2036992907524109,0.5020550970050066,1,0
68,1,t023,0101,0101,0100,-0.7077368497848511,-2.4577367305755615,1.7499998807907104,0.49429766040778594,1,0
68,2,x1,0001,0001,1001,-0.03009464591741562,-4.909881591796875,4.879786945879459,0.9705288267813645,1,0
68,3,x1,0101,0101,0011,-0.0033913201186805964,-6.601241588592529,6.597850268473849,0.9978013982522357,1,0
68,4,s21,0011,0101,0101,-0.9325513243675232,-0.6560091972351074,-0.27654212713241577,0.39354904481996644,0,0
68,5,c23,0010,0010,0011,-0.13827520608901978,-3.388275384902954,3.2500001788139343,0.8710357190577195,1,0
68,6,s12,0100,0010,0010,-1.541853666305542,-0.257890522480011,-1.283963143825531,0.21398422421870986,0,0
68,7,t213,0100,0100,0101,-0.01946263387799263,-4.144462585449219,4.124999951571226,0.9808267125944257,1,0
68,8,t013,0100,0100,0101,-0.0016148616559803486,-6.626615047454834,6.625000185798854,0.9983922450572631,1,0
69,1,s20,1101,0111,0111,-2.493978977203369,-1.7379605770111084,-0.7560184001922607,0.0826269364336944,0,0
69,2,c30,0101,1101,1101,-1.4551044702529907,-1.4487061500549316,-0.006398320198059082,0.23360475102598957,0,0
69,3,x1,0001,0001,0111,-0.26121634244918823,-2.4779791831970215,2.2167628407478333,0.7703826481703342,1,0
69,4,c13,0001,0001,0000,-0.08895952999591827,-4.088959693908691,4.000000163912773,0.9150933581837785,1,0
69,5,c01,0001,0001,0101,-0.004184802062809467,-6.7589311599731445,6.754746357910335,0.9958478553271921,1,0
69,6,x3,0000,0000,0011,-0.007165288086980581,-5.186739921569824,5.179574633482844,0.992890126550243,1,0
69,7,s03,0000,0000,1000,-0.3153400123119354,-1.3141179084777832,0.9987778961658478,0.7295466978069782,1,0
69,8,x0,1000,1000,0000,-0.05505957081913948,-2.930288553237915,2.8752289824187756,0.9464610602989632,1,0
70,1,x1,0100,0100,0000,-1.3173878192901611,-2.191303253173828,0.873915433883667,0.26822482627652416,1,0
70,2,t230,0100,0100,1100,-0.9081488847732544,-0.9731297492980957,0.06498086452484131,0.4034636045164095,1,0
70,3,x2,0110,0110,0100,-0.04757193475961685,-5.227635860443115,5.180063925683498,0.9536019643524689,1,0
70,4,c23,0111,0111,0110,-0.0885055810213089,-3.338505506515503,3.249999925494194,0.915398559719763,1,0
70,5,t013,0111,0111,0110,-0.012272809632122517,-4.512272357940674,4.499999548308551,0.9878166430231969,1,0
70,6,t312,0101,0101,0111,-0.08924154192209244,-2.47029185295105,2.3810503110289574,0.9147030397893783,1,0
70,7,s02,0101,0101,1100,-0.9745680093765259,-2.8850183486938477,1.9104503393173218,0.8694223864561537,1,0
70,8,s12,0011,0101,0101,-0.7898963093757629,-0.7144894599914551,-0.07540684938430786,0.4538972052327696,0,0
71,1,s10,1111,0111,0111,-1.2237350940704346,-1.2165882587432861,-0.0071468353271484375,0.2942868236119894,0,0
71,2,x2,1101,1101,0000,-0.10528852045536041,-4.136961460113525,4.031672939658165,0.9005472286935456,1,0
71,3,t013,1100,1100,1101,-0.06917982548475266,-2.9441800117492676,2.875000186264515,0.9331956468755794,1,0
71,4,c32,1100,1100,1101,-0.00397057831287384,-5.753970623016357,5.750000044703484,0.9962300125956781,1,0
71,5,t023,1100,1100,1101,-0.02333199791610241,-3.773331642150879,3.7499996442347765,0.9769521512620406,1,0
71,6,c32,1100,1100,1101,-0.0007614594651386142,-7.500761032104492,7.499999572639354,0.9992487755109228,1,0
71,7,s10,1100,1100,0100,-0.05047350749373436,-3.3316540718078613,3.281180564314127,0.9525525697960074,1,0
71,8,s01,1100,1100,0100,-0.043960243463516235,-3.2387242317199707,3.1947639882564545,0.957734136627719,1,0
72,1,t132,0101,0101,0111,-1.499775767326355,-1.5678036212921143,0.06802785396575928,0.22386462830703796,1,0
72,2,c21,0101,0001,0001,-0.8714276552200317,-0.6165532469749451,-0.25487440824508667,0.41838517837689465,0,0
72,3,s02,0101,1100,1100,-0.9743382334709167,-0.4901566803455353,-0.48418155312538147,0.38068484276518016,0,0
72,4,c13,0100,0100,0101,-0.01772107556462288,-4.142721176147461,4.125000100582838,0.9824408644596461,1,0
72,5,x3,0101,0101,0100,-0.005297514609992504,-5.255297660827637,5.250000146217644,0.9947201532982181,1,0
72,6,t102,0101,0101,0111,-0.0017765715019777417,-7.225822448730469,7.224045877228491,0.9982346189802774,1,0
72,7,s30,1100,1100,0101,-0.20237836241722107,-1.701926827430725,1.499548465013504,0.8169303720351466,1,0
72,8,x1,1000,1000,1001,-0.0028739983681589365,-6.002874374389648,6.0000003760214895,0.9971812399428956,1,0
73,1,x0,1100,1100,0100,-1.2425713539123535,-2.0362253189086914,0.7936539649963379,0.28944415350460445,1,0
73,2,c21,1100,1100,1000,-0.6893024444580078,-0.8675518035888672,0.17824935913085938,0.5019703454975544,1,0
73,3,x1,1000,1000,1110,-0.009425411000847816,-6.364294052124023,6.354868641123176,0.9907636942849077,1,0
73,4,x0,0000,0000,1000,-0.047834597527980804,-3.217998504638672,3.170163907110691,0.9536223515879683,1,0
73,5,s21,0000,0000,0100,-0.03035040758550167,-3.530280828475952,3.4999304208904505,0.9701062795925726,1,0
73,6,c32,0000,0000,0010,-0.03916125372052193,-3.288602590560913,3.249441336840391,0.9616220584488837,1,0
73,7,x3,0001,0001,0000,-0.0038046936970204115,-5.7538042068481445,5.749999513151124,0.996212347661017,1,0
73,8,s13,0100,0001,0001,-0.8309049010276794,-0.5792336463928223,-0.2516712546348572,0.4356552086702182,0,0
74,1,c01,0000,0000,0001,-0.6338604092597961,-2.8838605880737305,2.2500001788139343,0.5312593128156968,1,0
74,2,c13,0000,0000,0001,-0.03866170346736908,-3.5386617183685303,3.500000014901161,0.9620847930253776,1,0
74,3,s32,0000,0000,0001,-0.011312510818243027,-5.511312484741211,5.499999973922968,0.9887570830480215,1,0
74,4,t203,0000,0000,1000,-0.002120521618053317,-7.139133453369141,7.137012931751087,0.9978856319681803,1,0
74,5,c01,0000,0000,0100,-0.0015985777135938406,-6.760960578918457,6.759362001204863,0.9984052622523713,1,0
74,6,x2,0010,0010,0000,-0.0021923950407654047,-6.3791728019714355,6.37698040693067,0.9978808549461411,1,0
74,7,x3,0011,0011,0010,-0.012870005331933498,-4.387869834899902,4.374999829567969,0.9872309355875317,1,0
74,8,t302,0011,0011,1001,-0.0009408831829205155,-7.954028606414795,7.953087723231874,0.999067416391602,1,0
75,1,x3,1100,1100,0100,-0.6082601547241211,-2.8829736709594727,2.2747135162353516,0.5459133976126349,1,0
75,2,c32,1100,1100,0001,-0.029488904401659966,-5.557943820953369,5.528454916551709,0.9709787978317193,1,0
75,3,x0,0100,0100,1100,-0.004763688426464796,-6.647424697875977,6.642661009449512,0.9981801162476228,1,0
75,4,s23,0100,0100,0011,-0.003954804502427578,-6.727695465087891,6.723740660585463,0.9960535898578389,1,0
75,5,c12,0110,0110,0100,-0.142722487449646,-2.0179555416107178,1.8752330541610718,0.8670229234984753,1,0
75,6,c20,1110,0110,0110,-0.6953111886978149,-0.6942013502120972,-0.0011098384857177734,0.4994050611920915,0,0
75,7,s31,1011,1011,1110,-0.5744954943656921,-1.2267366647720337,0.6522411704063416,0.562989409093864,1,0
75,8,x2,1001,1001,0001,-0.0003655953041743487,-9.71920394897461,9.718838353670435,0.9997004717204797,1,0
76,1,t213,1000,1000,1001,-0.6096869707107544,-2.109686851501465,1.4999998807907104,0.5460852456029245,1,0
76,2,t203,1000,1000,1001,-0.012022740207612514,-5.762022495269775,5.749999755062163,0.988070959656729,1,0
76,3,s23,1000,1000,1010,-0.0020334532018750906,-7.001831531524658,6.999798078322783,0.9979704451729137,1,0
76,4,s10,0100,0100,1000,-0.14569716155529022,-2.1274173259735107,1.9817201644182205,0.8645795967468718,1,0
76,5,x3,0101,0101,0100,-0.009900584816932678,-4.6349005699157715,4.624999985098839,0.9901566469419756,1,0
76,6,c21,0101,0001,0001,-0.8293704390525818,-0.5945640802383423,-0.2348063588142395,0.43636340675510904,0,0
76,7,s12,0011,0101,0101,-0.9744440317153931,-0.4922475814819336,-0.4821964502334595,0.37740229627840544,0,0
76,8,x3,0010,0010,0011,-8.642565808258951e-05,-11.250086784362793,11.25000035870471,0.9999232804085695,1,0
77,1,s21,0001,0001,0100,-1.1961785554885864,-1.756258487701416,0.5600799322128296,0.3026127521489965,1,0
77,2,s02,0001,0001,1000,-0.5776432156562805,-0.8336933255195618,0.25605010986328125,0.5612345091246712,1,0
77,3,t132,0001,0001,0011,-0.014844207093119621,-4.5245442390441895,4.50970003195107,0.9853009597888006,1,0
77,4,t302,0001,0001,1000,-0.0007989240693859756,-8.688032150268555,8.687233226199169,0.9992063855548275,1,0
77,5,t203,0001,0001,1000,-0.0009313214686699212,-8.63200855255127,8.6310772310826,0.9990792984646415,1,0
77,6,c23,0001,0001,0000,-0.03848835080862045,-3.2884883880615234,3.250000037252903,0.9622986320122412,1,0
77,7,x3,0000,0000,0001,-0.009458321146667004,-4.696958065032959,4.687499743886292,0.9906799114773382,1,0
77,8,c01,0000,0000,0001,-0.012914741411805153,-4.762914657592773,4.749999916180968,0.987184640479432,1,0
78,1,t023,1000,1000,1001,-0.9575044512748718,-1.7075045108795166,0.7500000596046448,0.3859802138574697,1,0
78,2,c21,1000,1000,1100,-0.009537371806800365,-5.662224292755127,5.652686920948327,0.9905296384557963,1,0
78,3,t302,1000,1000,1010,-0.0074667055159807205,-5.007264137268066,4.999797431752086,0.99260603975344,1,0
78,4,x2,1010,1010,1000,-0.0007273704977706075,-7.9381184577941895,7.937391087296419,0.9994448251121532,1,0
78,5,s31,1010,1010,1110,-0.47639763355255127,-1.0028141736984253,0.526416540145874,0.6210256214203898,1,0
78,6,c03,1011,1011,1010,-0.1428273320198059,-2.017827033996582,1.8749997019767761,0.8669135717868433,1,0
78,7,s31,1110,1110,1011,-0.22407522797584534,-2.138216733932495,1.9141415059566498,0.7992585360710185,1,0
78,8,t230,1110,1110,0110,-0.5762779712677002,-0.8747093677520752,0.298431396484375,0.5620132098938064,1,0
79,1,c30,1101,1101,0101,-0.8145068883895874,-1.2155723571777344,0.401065468788147,0.4436180165872811,1,0
79,2,c01,1001,1001,0000,-0.03045503981411457,-5.513355255126953,5.4829002153128386,0.9702825088395077,1,0
79,3,c23,1001,1001,1000,-0.1511746197938919,-2.276174545288086,2.124999925494194,0.859732680172229,1,0
79,4,s02,0011,1001,1001,-1.0565850734710693,-0.4289109706878662,-0.6276741027832031,0.34764898885926826,0,0
79,5,x1,0111,0111,0011,-0.011259173043072224,-4.511346340179443,4.500087167136371,0.9888410681913024,1,0
79,6,c02,0111,0111,1101,-0.0013959440402686596,-7.298120498657227,7.296724554616958,0.9986290518127857,1,0
79,7,t130,1111,1111,0111,-0.38817769289016724,-1.1375857591629028,0.7494080662727356,0.6786350992157761,1,0
79,8,c01,1011,1011,1010,-0.001690526376478374,-7.75169038772583,7.749999861349352,0.998927746177786,1,0
80,1,x3,1110,1110,0110,-0.4800964295864105,-2.459912061691284,1.9798156321048737,0.6210398339907032,1,0
80,2,c20,0110,1110,1110,-0.7214678525924683,-0.6966567635536194,-0.024811089038848877,0.4860731095448105,0,0
80,3,x2,0100,0100,0110,-0.0006495627458207309,-7.6315813064575195,7.630931743711699,0.9993534276304088,1,0
80,4,t031,0100,0100,0000,-0.00037500017788261175,-9.425436973571777,9.425061973393895,0.9996283848950612,1,0
80,5,s30,0100,0100,1100,-0.5760871171951294,-0.8265276551246643,0.2504405379295349,0.5621180512266734,1,0
80,6,s20,0100,0100,1100,-0.14275400340557098,-2.0182883739471436,1.8755343705415726,0.8669881871023444,1,0
80,7,t320,0100,0100,1100,-0.10024596750736237,-2.3502955436706543,2.250049576163292,0.9046440499338443,1,0
80,8,c32,0100,0100,0110,-0.02203354239463806,-3.8956503868103027,3.8736168444156647,0.9783111444756916,1,0
81,1,c12,1001,1001,1011,-1.1745631694793701,-1.4450535774230957,0.2704904079437256,0.3096360592366815,1,0
81,2,s10,0101,0101,1001,-0.4965066611766815,-0.9830315113067627,0.4865248501300812,0.6087818683019546,1,0
81,3,s13,0101,0101,0001,-0.6163303256034851,-1.1804261207580566,0.5640957951545715,0.5399254009243822,1,0
81,4,x1,0001,0001,1001,-0.0065415725111961365,-6.016851902008057,6.0103103294968605,0.9967607603675314,1,0
81,5,c30,1001,0001,0001,-1.1372002363204956,-0.38716399669647217,-0.7500362396240234,0.3207909285967877,0,0
81,6,x3,1000,1000,1011,-0.0006748841260559857,-8.377470970153809,8.376796086027753,0.9993466397502664,1,0
81,7,s31,1000,1000,0100,-0.1609734445810318,-2.397411823272705,2.2364383786916733,0.8513180479868252,1,0
81,8,s01,0100,0100,1000,-0.25853613018989563,-1.505538821220398,1.2470026910305023,0.7721822006584067,1,0
82,1,c23,1001,1001,1000,-1.1763293743133545,-1.4263293743133545,0.25,0.30921089050744666,1,0
82,2,t021,1001,1101,1101,-1.3371052742004395,-0.3379144072532654,-0.9991908669471741,0.2626193066984341,0,0
82,3,s21,1001,1001,1100,-0.028737246990203857,-3.674485921859741,3.6457486748695374,0.971677383038945,1,0
82,4,s10,0101,0101,1001,-0.42964011430740356,-1.0585451126098633,0.6289049983024597,0.6508909554595986,1,0
82,5,c02,0101,0101,0100,-0.00019382766913622618,-9.375194549560547,9.37500072189141,0.9998158813745317,1,0
82,6,s31,0101,0101,0001,-0.5766870379447937,-0.8566768169403076,0.2799897789955139,0.5617582785372086,1,0
82,7,t012,0101,0101,0100,-0.000139588926685974,-10.500139236450195,10.49999964752351,0.9998649751672259,1,0
82,8,c31,0001,0001,0101,-0.5762673020362854,-0.8262943625450134,0.250027060508728,0.5620253409586582,1,0
83,1,t103,1101,1100,1100,-1.1325230598449707,-1.1325230598449707,0.0,0.32316753880932797,0,1
83,2,s32,1110,1110,1101,-0.44490697979927063,-2.44490909576416,2.0000021159648895,0.6409507983114101,1,0
83,3,s01,1110,1110,0110,-0.20905202627182007,-2.0519979000091553,1.8429458737373352,0.8131034335657256,1,0
83,4,x2,1100,1100,0001,-0.01462932862341404,-5.895869255065918,5.881239926442504,0.9855321574229892,1,0
83,5,s20,0110,0110,1100,-0.4302470088005066,-1.137035608291626,0.7067885994911194,0.6503947847566738,1,0
83,6,s10,1010,1010,1110,-0.026408551260828972,-4.025554656982422,3.999146105721593,0.974758470389314,1,0
83,7,s01,0110,0110,1010,-0.5893453359603882,-1.0277092456817627,0.4383639097213745,0.5547147221864365,1,0
83,8,t120,1110,1110,0110,-0.47474101185798645,-0.9742521047592163,0.49951109290122986,0.6220722165835987,1,0
84,1,x2,0000,0000,0001,-0.7296411395072937,-2.8546409606933594,2.1249998211860657,0.4835158853319536,1,0
84,2,c01,0000,0000,1000,-0.008784412406384945,-6.689423561096191,6.6806391486898065,0.991262133921646,1,0
84,3,c30,0000,0000,1000,-0.07894927263259888,-2.5789437294006348,2.499994456768036,0.9241124125077134,1,0
84,4,c31,0000,0000,0100,-0.02334030345082283,-3.7733216285705566,3.749981325119734,0.9769439501954834,1,0
84,5,c12,0000,0000,0010,-0.0004054920864291489,-8.000374794006348,7.9999693019199185,0.9995980465341258,1,0
84,6,c31,0000,0000,0100,-0.014233943074941635,-4.264212131500244,4.2499781884253025,0.9858735010943471,1,0
84,7,c23,0000,0000,0001,-0.009925304912030697,-4.63492488861084,4.624999583698809,0.9901366258208001,1,0
84,8,t201,0000,0000,1000,-0.00014053996710572392,-9.212708473205566,9.21256793323846,0.9998605165111845,1,0
85,1,x2,1001,1001,0000,-0.8458820581436157,-2.6884326934814453,1.8425506353378296,0.430110507481751,1,0
85,2,c12,1001,1001,1011,-0.0435514971613884,-4.043854236602783,4.000302739441395,0.9574588183540073,1,0
85,3,s32,1010,1010,1001,-0.20643606781959534,-2.0802230834960938,1.8737870156764984,0.8135253136194006,1,0
85,4,t310,1010,1010,0110,-0.03267171233892441,-4.2803874015808105,4.247715689241886,0.967877228707036,1,0
85,5,c21,1110,1010,1010,-0.8331195712089539,-0.5766830444335938,-0.2564365267753601,0.4346939644010898,0,0
85,6,x0,0110,0110,1110,-0.05579647421836853,-2.931889295578003,2.8760928213596344,0.9461263315036695,1,0
85,7,x3,0111,0111,1111,-0.0010722214356064796,-7.168850421905518,7.167778200469911,0.9989560562971606,1,0
85,8,x1,0011,0011,1011,-0.04641338065266609,-6.976571559906006,6.93015817925334,0.9983993603717152,1,0
86,1,t301,1000,1000,1100,-0.8102524280548096,-2.2899789810180664,1.4797265529632568,0.44576757010435863,1,0
86,2,x1,1100,1100,1010,-0.020153403282165527,-4.571957111358643,4.551803708076477,0.9800578615025353,1,0
86,3,c32,1100,1100,1101,-0.016516003757715225,-4.891516208648682,4.875000204890966,0.9837868104508034,1,0
86,4,c12,1110,1110,1100,-0.5245119333267212,-0.905389666557312,0.3808777332305908,0.5918707143522952,1,0
86,5,c21,1010,1110,1110,-1.1415146589279175,-0.39222508668899536,-0.7492895722389221,0.3193513902909145,0,0
86,6,x1,1110,1110,0110,-0.00577553128823638,-5.897372722625732,5.891597191337496,0.9942780638669663,1,0
86,7,s23,1101,1110,1110,-2.4508044719696045,-0.529298722743988,-1.9215057492256165,0.08622880580596427,0,0
86,8,t023,1101,1101,1100,-0.2549121081829071,-1.5049121379852295,1.2500000298023224,0.7750345791554921,1,0
87,1,s13,1111,1110,1110,-2.500469446182251,-1.750469446182251,-0.75,0.08208719858628999,0,0
87,2,s20,1111,1111,0111,-0.47821244597435,-0.9972555637359619,0.5190431177616119,0.6200271952161291,1,0
87,3,c10,0111,0111,1111,-0.14626751840114594,-2.0240375995635986,1.8777700811624527,0.8664478326018947,1,0
87,4,s02,1101,1101,1100,-0.10615777969360352,-2.7311577796936035,2.625,0.8996881632899424,1,0
87,5,c21,1101,1101,1001,-0.33203190565109253,-1.3151308298110962,0.9830989241600037,0.7174712228205528,1,0
87,6,c13,1100,1100,1101,-0.08911986649036407,-2.4641199111938477,2.3750000447034836,0.9147522287907655,1,0
87,7,s21,1010,1010,1100,-0.3140866458415985,-1.5022238492965698,1.1881372034549713,0.7304561094423454,1,0
87,8,s32,1001,1010,1010,-0.9926375150680542,-0.474691241979599,-0.5179462730884552,0.37059813757818305,0,0
88,1,s30,0011,1010,1010,-1.8767335414886475,-1.0994802713394165,-0.777253270149231,0.15332956965811398,0,0
88,2,s20,1001,1001,1000,-1.7798762321472168,-2.029876232147217,0.25,0.168702643313883,1,0
88,3,c32,1011,1011,1100,-1.8994343280792236,-2.5392158031463623,0.6397814750671387,0.1497659085131497,1,0
88,4,s01,0111,0111,1111,-0.8975211381912231,-1.3992857933044434,0.5017646551132202,0.4076141288016204,1,0
88,5,c20,1111,1111,0111,-0.31778448820114136,-1.4200611114501953,1.102276623249054,0.7283629827869385,1,0
88,6,s20,1111,1111,0111,-0.3821195960044861,-1.328971028327942,0.9468514323234558,0.6825214406203112,1,0
88,7,x3,1110,1110,1111,-0.002401464618742466,-6.627401351928711,6.6249998873099685,0.9976309854028638,1,0
88,8,x3,1111,1111,1110,-0.004479279275983572,-5.50447940826416,5.500000128988177,0.995735299321102,1,0
89,1,c21,0000,0000,0100,-0.7307940721511841,-2.1270642280578613,1.3962701559066772,0.48230087951217127,1,0
89,2,x2,0010,0010,0001,-0.005235387943685055,-6.642134666442871,6.636899278499186,0.994799072307887,1,0
89,3,t302,0010,0010,1000,-0.000994026893749833,-8.423659324645996,8.422665297752246,0.9990084873113718,1,0
89,4,c30,0010,0010,1010,-0.20146003365516663,-1.7015384435653687,1.500078409910202,0.8175503659604857,1,0
89,5,s23,0001,0001,0010,-0.25727295875549316,-1.5045148134231567,1.2472418546676636,0.7731574085981131,1,0
89,6,x2,0011,0011,0010,-0.0008211902459152043,-7.750821113586426,7.749999923340511,0.9994014401537089,1,0
89,7,s12,0101,0101,0011,-0.10800118744373322,-2.3502910137176514,2.242289826273918,0.8976408077966294,1,0
89,8,s30,1100,1100,0101,-0.20388180017471313,-1.7052220106124878,1.5013402104377747,0.8157287248000359,1,0
90,1,t231,0100,0100,0000,-0.8082391023635864,-2.342451572418213,1.5342124700546265,0.4464215652269254,1,0
90,2,t120,0100,0100,1100,-0.10040279477834702,-2.3600502014160156,2.2596474066376686,0.9044822810953429,1,0
90,3,x1,0000,0000,0100,-0.0024349596351385117,-6.324977874755859,6.322542915120721,0.9976183908268633,1,0
90,4,x3,0001,0001,0000,-0.014525902457535267,-4.264525890350342,4.2499999878928065,0.9855899046883474,1,0
90,5,c31,0101,0101,0001,-0.3884432911872864,-1.1379764080047607,0.7495331168174744,0.6783066433832853,1,0
90,6,c10,1101,1101,0101,-0.11573914438486099,-2.2421863079071045,2.1264471635222435,0.8917530163268945,1,0
90,7,c31,1001,1101,1101,-0.8372541666030884,-0.5888373851776123,-0.24841678142547607,0.43290313768232247,0,0
90,8,s20,0011,0011,1001,-0.5912908315658569,-1.0540798902511597,0.46278905868530273,0.5536254881231554,1,0
91,1,c02,1101,1101,0110,-0.8412724733352661,-2.7909178733825684,1.9496454000473022,0.43219436248584714,1,0
91,2,x3,1100,1100,0000,-0.02002122811973095,-5.805691719055176,5.785670490935445,0.9802619490397618,1,0
91,3,c10,0100,0100,1100,-0.6947432160377502,-0.6956674456596375,0.000924229621887207,0.49946523802463,1,0
91,4,t012,0100,0100,0000,-0.00023137305106502026,-10.031121253967285,10.03088988091622,0.9997702338664012,1,0
91,5,t021,0100,0100,0000,-0.004142418038100004,-5.693049430847168,5.688907012809068,0.9958668878666456,1,0
91,6,t302,0100,0100,1100,-5.53125464648474e-05,-11.004018783569336,11.003963471022871,0.9999487846418191,1,0
91,7,t031,0100,0100,0000,-0.0002239773457404226,-8.625713348388672,8.625489371042931,0.9997777045621076,1,0
91,8,x1,0000,0000,0100,-0.0005570730427280068,-7.814048767089844,7.813491694047116,0.9995058397536934,1,0
92,1,s32,1110,1110,1101,-1.218940258026123,-1.5808844566345215,0.36194419860839844,0.29602438527537805,1,0
92,2,x1,1010,1010,1011,-0.056375034153461456,-4.181375026702881,4.124999992549419,0.9453146411715806,1,0
92,3,t310,1010,1010,0010,-0.024328114464879036,-3.8173511028289795,3.7930229883641005,0.9759965326021399,1,0
92,4,t012,1010,1010,1000,-0.015523334965109825,-4.267322540283203,4.251799205318093,0.9846754614581378,1,0
92,5,s01,0110,1010,1010,-1.231393814086914,-0.36280137300491333,-0.8685924410820007,0.29191578231085397,0,0
92,6,t023,0110,0110,0111,-0.012587888166308403,-4.387588024139404,4.375000135973096,0.9874975477807353,1,0
92,7,t120,1110,0110,0110,-0.9743013978004456,-0.4741213917732239,-0.5001800060272217,0.37746132731754906,0,0
92,8,t023,1111,1111,1110,-0.038246843963861465,-3.2882466316223145,3.249999787658453,0.9624972472791092,1,0
93,1,t130,0101,1101,1101,-1.094679832458496,-0.9486878514289856,-0.1459919810295105,0.3350346350860425,0,0
93,2,c12,0111,0111,0101,-0.0102079501375556,-5.2597503662109375,5.249542416073382,0.9898987502171593,1,0
93,3,s13,0111,0111,0011,-0.297040730714798,-1.4082680940628052,1.1112273633480072,0.7430261095112723,1,0
93,4,t103,0111,0111,0110,-0.002029593102633953,-6.3770294189453125,6.3749998258426785,0.9979834834176715,1,0
93,5,s13,0111,0111,0011,-0.35134172439575195,-1.2238293886184692,0.8724876642227173,0.7037436789691107,1,0
93,6,s01,1011,1011,0111,-0.029474476352334023,-4.150801658630371,4.121327182278037,0.979403643349956,1,0
93,7,x0,0011,0011,1011,-0.0020103093702346087,-6.2521514892578125,6.250141179887578,0.9980372023069913,1,0
93,8,x0,1011,1011,0011,-0.0016684697475284338,-6.626589298248291,6.624920828500763,0.9983713903241777,1,0
94,1,c03,0110,0111,0111,-1.460270643234253,-1.210270643234253,-0.25,0.2364895130074674,0,0
94,2,x1,0010,0010,1100,-0.06933117657899857,-4.619686603546143,4.550355426967144,0.9330722511730207,1,0
94,3,t321,0010,0010,0110,-0.03869551047682762,-3.2963943481445312,3.2576988376677036,0.9620767639602004,1,0
94,4,x2,0000,0000,0001,-0.01328065525740385,-4.388280391693115,4.374999736435711,0.9868252575725205,1,0
94,5,c30,0000,0000,1000,-0.20188117027282715,-1.7015849351882935,1.4997037649154663,0.8173064173859863,1,0
94,6,x2,0010,0010,0000,-0.0005267845699563622,-8.576493263244629,8.575966478674673,0.99962824503635,1,0
94,7,t103,0010,0010,1010,-0.002040426479652524,-7.009808540344238,7.007768113864586,0.9979817699644155,1,0
94,8,t310,0010,0010,1010,-0.02333677187561989,-3.7733190059661865,3.7499822340905666,0.9769387835543023,1,0
95,1,t031,0100,0100,0000,-0.5262532234191895,-3.164660692214966,2.6384074687957764,0.5917527941052731,1,0
95,2,t320,0100,0100,1100,-0.20182979106903076,-1.7056721448898315,1.5038423538208008,0.8172547257170073,1,0
95,3,s10,1000,1000,0100,-0.07973448932170868,-2.582824468612671,2.503089979290962,0.9241316419484281,1,0
95,4,t013,1000,1000,1001,-0.03841673582792282,-4.788416862487793,4.75000012665987,0.9623260803207191,1,0
95,5,x2,1010,1010,1000,-0.0015389613108709455,-7.388201713562012,7.386662752251141,0.9985414557762379,1,0
95,6,x2,1000,1000,1010,-0.001973469741642475,-6.9078688621521,6.905895392410457,0.9980482427819253,1,0
95,7,c30,1000,1000,0000,-0.4743373394012451,-1.0040793418884277,0.5297420024871826,0.6223916453116841,1,0
95,8,c30,1000,1000,0000,-0.048701077699661255,-3.2517998218536377,3.2030987441539764,0.9524674612122258,1,0
96,1,x3,1101,1101,1100,-0.5933847427368164,-1.9683847427368164,1.375,0.5550107393633565,1,0
96,2,s31,1101,1101,1001,-0.6377887725830078,-1.74485445022583,1.1070656776428223,0.5284667703190624,1,0
96,3,t213,1101,1101,1100,-0.5287829637527466,-0.9037829637527466,0.375,0.5893312054041955,1,0
96,4,c20,1101,0101,0101,-0.8268620371818542,-0.5764153003692627,-0.25044673681259155,0.437573411855814,0,0
96,5,t130,0101,0101,1101,-0.4743771553039551,-0.9742330312728882,0.4998558759689331,0.6223455070679329,1,0
96,6,s10,1001,1001,0101,-0.007581038400530815,-5.00802755355835,5.000446515157819,0.9932774362947709,1,0
96,7,t231,1001,1001,1101,-0.07911120355129242,-2.5806357860565186,2.501524582505226,0.9239414294210353,1,0
96,8,x0,0001,0001,1001,-0.0008732897113077343,-7.5085225105285645,7.507649220817257,0.9993311384576896,1,0
97,1,c32,1010,1000,1000,-1.5933706760406494,-1.3167295455932617,-0.2766411304473877,0.2035348190978924,0,0
97,2,x2,1000,1000,0000,-0.05095825344324112,-4.979745864868164,4.928787611424923,0.9503917412712265,1,0
97,3,s12,1000,1000,0100,-0.01015976071357727,-6.5017900466918945,6.491630285978317,0.989893761384538,1,0
97,4,t123,1000,1000,1001,-0.0028155965264886618,-6.002815246582031,5.999999650055543,0.9972075678196332,1,0
97,5,s21,1000,1000,1100,-0.0014610954094678164,-6.626455307006836,6.624994211597368,0.9985421908941113,1,0
97,6,x1,1100,1100,1000,-0.0008351539145223796,-7.254249572753906,7.253414418839384,0.999204117460825,1,0
97,7,s31,1001,1001,1000,-0.7876149415969849,-1.2876149415969849,0.5,0.45493556589491096,1,0
97,8,s03,1001,1001,0001,-0.5540111064910889,-1.0327168703079224,0.4787057638168335,0.5747318502815824,1,0
98,1,c31,0000,0000,0100,-0.8767385482788086,-1.629482626914978,0.7527440786361694,0.41645938237206104,1,0
98,2,x1,0100,0100,0000,-0.06314890086650848,-2.983290195465088,2.9201412945985794,0.9388109238626882,1,0
98,3,x0,1100,1100,0100,-0.14309869706630707,-2.020446538925171,1.8773478418588638,0.8668304552549776,1,0
98,4,x0,0100,0100,0101,-0.027947664260864258,-4.027947902679443,4.000000238418579,0.9727746981499393,1,0
98,5,c23,0100,0100,0101,-0.4490591287612915,-1.0740591287612915,0.625,0.638237967614599,1,0
98,6,c10,1100,1100,0100,-0.22566184401512146,-1.6007006168365479,1.3750387728214264,0.7981678565853048,1,0
98,7,x1,1000,1000,1100,-0.002773713320493698,-6.14072322845459,6.137949515134096,0.9972349781330762,1,0
98,8,t301,1000,1000,1100,-0.005185721907764673,-5.380187511444092,5.375001789536327,0.994830383013815,1,0
99,1,c30,0100,0100,1100,-0.9258757829666138,-1.0128637552261353,0.08698797225952148,0.3969672784652091,1,0
99,2,x0,1100,1100,0100,-0.0960785374045372,-2.4979348182678223,2.401856280863285,0.9084261137376334,1,0
99,3,x0,0100,0100,0101,-0.024045929312705994,-3.899045944213867,3.875000014901161,0.9765381711898152,1,0
99,4,s32,0100,0100,0110,-0.0026963287964463234,-6.752642631530762,6.749946302734315,0.9973107478798875,1,0
99,5,s10,1000,1000,0100,-0.042270228266716,-3.291944742202759,3.249674513936043,0.9620292661312891,1,0
99,6,t231,1000,1000,0100,-0.002343605738133192,-7.239831924438477,7.237488318700343,0.9976709546934498,1,0
99,7,t231,1000,1000,1100,-0.004012551158666611,-6.01540470123291,6.0113921500742435,0.9960016588414381,1,0
99,8,c01,1100,1100,1010,-0.0700027346611023,-3.271829843521118,3.201827108860016,0.9324796004361319,1,0
100,1,s32,1101,1110,1110,-1.8900277614593506,-1.6091604232788086,-0.280867338180542,0.15137159182847948,0,0
100,2,t023,1101,1100,1100,-1.0147061347961426,-0.6397061347961426,-0.375,0.36270991949489917,0,0
100,3,x2,1111,1111,0000,-0.004038258455693722,-7.49384069442749,7.4898024359717965,0.9960445013640638,1,0
100,4,c13,1110,1110,1111,-0.0004462767392396927,-9.062947273254395,9.062500996515155,0.9995867046759144,1,0
100,5,t021,1010,1110,1110,-1.9127657413482666,-0.16094623506069183,-1.7518195062875748,0.14767172072390092,0,0
100,6,t203,1011,1011,1010,-0.3492390811443329,-1.2242391109466553,0.8750000298023224,0.7052312777438303,1,0
100,7,s03,1011,1011,0011,-0.4274834394454956,-1.5693119764328003,1.1418285369873047,0.6521682182386919,1,0
100,8,c01,1111,1111,1011,-0.28232482075691223,-1.41117262840271,1.1288478076457977,0.7546986718497918,1,0
101,1,c20,1100,0100,0100,-1.0645262002944946,-0.8978613018989563,-0.16666489839553833,0.3457094752578082,0,0
101,2,t032,1100,1100,1101,-0.07995544373989105,-4.579955101013184,4.4999996572732925,0.9233318876759937,1,0
101,3,x1,1000,1000,1100,-0.008741802535951138,-5.788932800292969,5.780190997757018,0.9914242470780448,1,0
101,4,s20,0010,0010,0001,-0.10990417748689651,-2.6203994750976562,2.5104952976107597,0.8959210479135851,1,0
101,5,s03,0010,1010,1010,-0.8277238011360168,-0.7040208578109741,-0.12370294332504272,0.43713983745637686,0,0
101,6,x3,0011,0011,0010,-0.0004726001061499119,-8.000473022460938,8.000000422354788,0.9995410029539458,1,0
101,7,c23,0010,0010,0011,-0.2274540364742279,-1.6024539470672607,1.3749999105930328,0.7966353707934101,1,0
101,8,x1,0110,0110,0010,-0.0338500440120697,-3.413585662841797,3.379735618829727,0.9667681838311872,1,0
102,1,s32,1101,1110,1110,-1.6811809539794922,-1.5331275463104248,-0.14805340766906738,0.1866178829356383,0,0
102,2,c20,1101,0101,0101,-0.7862021327018738,-0.7833817005157471,-0.002820432186126709,0.4557793368882122,0,0
102,3,s30,1101,1101,0101,-0.3357285261154175,-1.8565210103988647,1.5207924842834473,0.7151369753394273,1,0
102,4,t312,1111,1111,1101,-0.0701226219534874,-2.8136696815490723,2.743547059595585,0.9329205804206898,1,0
102,5,c23,1110,1110,1111,-0.004946879111230373,-6.067446708679199,6.062499829567969,0.9950896386955886,1,0
102,6,t301,1110,1110,1010,-0.20268510282039642,-1.704166293144226,1.5014811903238297,0.816542087645467,1,0
102,7,c23,1111,1111,1110,-0.007807923015207052,-4.882807731628418,4.874999808613211,0.9922457738927344,1,0
102,8,c32,1101,1101,1111,-0.14284972846508026,-2.0255181789398193,1.882668450474739,0.8669273961813959,1,0
103,1,s20,1001,1011,1011,-2.102419853210449,-1.7051548957824707,-0.3972649574279785,0.12222968483022888,0,0
103,2,t123,1001,1001,1000,-0.22162145376205444,-3.096621513366699,2.8750000596046448,0.8014882010206661,1,0
103,3,t230,1001,1001,0001,-0.5775796175003052,-0.8385985493659973,0.26101893186569214,0.5613511655904813,1,0
103,4,t210,1001,1001,0001,-0.10026191174983978,-2.3514022827148438,2.251140370965004,0.9046234909211786,1,0
103,5,t230,1001,1001,0001,-0.6933300495147705,-0.7559218406677246,0.0625917911529541,0.49999230883046647,1,0
103,6,s31,1100,1100,1001,-0.11373775452375412,-2.241595983505249,2.127858228981495,0.8925054938555586,1,0
103,7,t023,1100,1100,1101,-0.11307840794324875,-2.2380783557891846,2.124999947845936,0.8932208433483096,1,0
103,8,c21,1100,1100,1000,-0.07939901947975159,-2.5865888595581055,2.507189840078354,0.9236746561960827,1,0
104,1,c10,1011,1011,0011,-1.0118552446365356,-1.1910759210586548,0.17922067642211914,0.3638457938156827,1,0
104,2,t201,1111,1111,1011,-0.1955861747264862,-2.276442050933838,2.0808558762073517,0.8223928404034629,1,0
104,3,x3,1110,1110,0110,-0.009486800990998745,-6.342494964599609,6.333008163608611,0.990958978754925,1,0
104,4,s12,1110,1110,1011,-0.36686769127845764,-1.5851224660873413,1.2182547748088837,0.6929015684291306,1,0
104,5,c03,1111,1111,1110,-0.005757440812885761,-6.1932573318481445,6.187499891035259,0.9947388591262118,1,0
104,6,s12,1111,1111,1011,-0.1177869662642479,-2.245694398880005,2.127907432615757,0.8888859772571275,1,0
104,7,x3,1110,1110,0110,-0.0004862007044721395,-8.818816184997559,8.818329984293086,0.9996176509001685,1,0
104,8,s32,1101,1110,1110,-1.1427035331726074,-0.4412742257118225,-0.7014293074607849,0.31895598539301373,0,0
105,1,s01,0000,0000,1000,-1.001516342163086,-2.4112770557403564,1.4097607135772705,0.3676699823356011,1,0
105,2,t123,0000,0000,0001,-0.014954891055822372,-5.639954566955566,5.624999675899744,0.9851759311539535,1,0
105,3,c31,0000,0000,0100,-0.015949906781315804,-4.265692710876465,4.249742804095149,0.9841903882136437,1,0
105,4,t123,0000,0000,0001,-0.0005726786330342293,-7.62557315826416,7.625000479631126,0.9994286674985291,1,0
105,5,c03,0000,0000,0001,-0.001218944089487195,-6.751218795776367,6.74999985168688,0.9987824155991608,1,0
105,6,t013,0000,0000,1000,-0.00011741631897166371,-9.864826202392578,9.864708786073606,0.9998830139747196,1,0
105,7,t301,0000,0000,1000,-0.00035733202821575105,-8.280130386352539,8.279773054324323,0.9996460006405856,1,0
105,8,s12,0000,0000,0100,-0.005973611492663622,-5.130953311920166,5.124979700427502,0.9940442587570031,1,0
106,1,c01,0000,0000,0100,-0.645890474319458,-2.963733673095703,2.317843198776245,0.5248056605254782,1,0
106,2,s13,0000,0000,0100,-0.06195766106247902,-3.7946054935455322,3.732647832483053,0.9399241072909633,1,0
106,3,x1,0100,0100,0000,-0.03684661537408829,-3.5393242835998535,3.5024776682257652,0.963845131485283,1,0
106,4,s02,0100,0100,1000,-0.38702213764190674,-1.728302240371704,1.3412801027297974,0.6882370790307114,1,0
106,5,c31,0100,0100,0000,-0.5790377855300903,-0.827833890914917,0.24879610538482666,0.5604571797582202,1,0
106,6,x2,0110,0110,0100,-0.003624995704740286,-5.832775592803955,5.829150597099215,0.9964444902939655,1,0
106,7,c21,0010,0110,0110,-0.9819098114967346,-0.4747910797595978,-0.5071187317371368,0.37460123303365295,0,0
106,8,c21,0110,0010,0010,-0.731347918510437,-0.6933639049530029,-0.03798401355743408,0.4812652063956603,0,0
107,1,x1,0110,0110,0100,-1.4644320011138916,-2.042962074279785,0.5785300731658936,0.23144952642560285,1,0
107,2,t102,0110,0110,0100,-0.11839400231838226,-3.944157838821411,3.825763836503029,0.8884468260840989,1,0
107,3,s13,0011,0011,0110,-0.5986394286155701,-1.202052116394043,0.6034126877784729,0.5495637620739965,1,0
107,4,s32,0011,0011,0001,-0.5616979598999023,-0.9202345609664917,0.35853660106658936,0.5702804283890459,1,0
107,5,s21,0101,0101,0011,-0.38197433948516846,-1.231326699256897,0.8493523597717285,0.6825457980249592,1,0
107,6,c30,1101,1101,0101,-0.5787214040756226,-0.828025758266449,0.24930435419082642,0.561179790916389,1,0
107,7,t123,1101,1101,1100,-0.155450239777565,-2.1554503440856934,2.0000001043081284,0.856093361665334,1,0
107,8,c30,0101,0101,1101,-0.4752153158187866,-0.9744511842727661,0.4992358684539795,0.6217904258754383,1,0
108,1,x1,1101,1101,0001,-0.9600492715835571,-2.65898060798645,1.698931336402893,0.38322695142839536,1,0
108,2,c13,1100,1100,1101,-0.1719699501991272,-3.2969701290130615,3.1250001788139343,0.8421962190037277,1,0
108,3,t132,1100,1100,0001,-0.018254008144140244,-6.110045433044434,6.091791424900293,0.9820662900472751,1,0
108,4,s13,1001,1001,1100,-0.3775698244571686,-1.3555498123168945,0.977979987859726,0.6855257297852809,1,0
108,5,x3,1000,1000,0010,-0.0006271562306210399,-9.060527801513672,9.05990064528305,0.9993800811366311,1,0
108,6,x1,1100,1100,1010,-0.00458112359046936,-6.260789394378662,6.256208270788193,0.9954622440974287,1,0
108,7,x3,1101,1101,1100,-0.0023872563615441322,-6.127387046813965,6.124999790452421,0.9976402107987501,1,0
108,8,c30,0101,1101,1101,-0.6936257481575012,-0.6935269236564636,-9.882450103759766e-05,0.49991400062742436,0,0
109,1,c21,0000,0000,0100,-0.7388731837272644,-1.904935598373413,1.1660624146461487,0.47846627350698323,1,0
109,2,x0,1000,1000,0000,-0.3134537935256958,-1.3164857625961304,1.0030319690704346,0.7309409092100881,1,0
109,3,x3,1001,1001,1000,-0.0176081545650959,-4.142608165740967,4.125000011175871,0.9825673950521535,1,0
109,4,c20,1001,0001,0001,-0.8262351155281067,-0.5799075365066528,-0.24632757902145386,0.4377656347928297,0,0
109,5,t210,1001,1001,0001,-0.03805644437670708,-3.291024923324585,3.252968478947878,0.9626652187922137,1,0
109,6,t210,1001,1001,0001,-0.06198418140411377,-2.8166584968566895,2.7546743154525757,0.9399034555956319,1,0
109,7,s01,0101,0101,1001,-0.6999114155769348,-0.7164160013198853,0.01650458574295044,0.49664150299440113,1,0
109,8,s32,0110,0110,0101,-0.07183393090963364,-2.696690320968628,2.6248563900589943,0.9307073522012276,1,0
110,1,s01,1111,0111,0111,-1.4600316286087036,-1.0327279567718506,-0.427303671836853,0.2323523783204422,0,0
110,2,t130,0111,0111,1111,-0.3892366886138916,-1.1412243843078613,0.7519876956939697,0.6777152481828653,1,0
110,3,c30,1111,1111,0111,-0.10185329616069794,-2.351109504699707,2.249256208539009,0.9034371170408686,1,0
110,4,s13,1111,1111,1011,-0.44257912039756775,-1.6203968524932861,1.1778177320957184,0.6423787781802495,1,0
110,5,c32,1101,1101,1111,-0.20173005759716034,-1.703270435333252,1.5015403777360916,0.8173529555613769,1,0
110,6,c30,0101,1101,1101,-0.826266884803772,-0.5763744711875916,-0.24989241361618042,0.4377367069829411,0,0
110,7,x2,0111,0111,0101,-0.0009178618784062564,-7.386673450469971,7.3857555885915644,0.9992415992824515,1,0
110,8,t120,1111,1111,0111,-0.25293293595314026,-1.5022224187850952,1.249289482831955,0.7767297070307732,1,0
111,1,s32,0000,0000,0010,-0.8938168287277222,-1.542101502418518,0.6482846736907959,0.4108509620516278,1,0
111,2,s23,0000,0000,0010,-0.021385520696640015,-4.7679643630981445,4.7465788424015045,0.9788468958583323,1,0
111,3,s20,0000,0000,1000,-0.06270624697208405,-2.8119874000549316,2.7492811530828476,0.9392215558247455,1,0
111,4,c02,0000,0000,0001,-0.000401092111133039,-8.125401496887207,8.125000404776074,0.9996003504593758,1,0
111,5,s12,0000,0000,0100,-0.0043495893478393555,-5.5042500495910645,5.499900460243225,0.9956601992502792,1,0
111,6,s23,0000,0000,0010,-0.001443446846678853,-7.126114845275879,7.1246713984292,0.9985599709646994,1,0
111,7,t132,0000,0000,1000,-0.0002498484100215137,-8.876673698425293,8.876423850015271,0.999756386979064,1,0
111,8,s13,0000,0000,0100,-0.0437176451086998,-3.291651725769043,3.247934080660343,0.9572255520354561,1,0
112,1,s31,1000,1000,1100,-0.8874116539955139,-2.201061248779297,1.313649594783783,0.4124777545733461,1,0
112,2,c30,1000,1000,0000,-0.5784332752227783,-1.616246223449707,1.0378129482269287,0.5608412476241716,1,0
112,3,x3,1001,1001,1000,-0.05653657391667366,-2.9315364360809326,2.874999862164259,0.9451016846811355,1,0
112,4,s10,0101,1001,1001,-1.169985294342041,-0.5304869413375854,-0.6394983530044556,0.3105959417015057,0,0
112,5,t201,0101,0101,1001,-0.0056018223986029625,-6.284959316253662,6.279357493855059,0.9944259556997179,1,0
112,6,t210,0101,0101,1101,-0.4745446741580963,-0.9749126434326172,0.5003679692745209,0.6224080033033002,1,0
112,7,t130,1101,0101,0101,-0.9783093929290771,-0.47505027055740356,-0.5032591223716736,0.3763025697379824,0,0
112,8,t231,1101,1101,1001,-0.30793648958206177,-1.415250301361084,1.1073138117790222,0.7350139992601393,1,0
113,1,c30,0011,0011,1011,-0.8392937183380127,-1.2199211120605469,0.3806273937225342,0.43243897172453677,1,0
113,2,t210,0011,0011,1011,-0.6977291107177734,-0.6985306739807129,0.0008015632629394531,0.49773674780507005,1,0
113,3,s21,0101,0101,0011,-0.2968974709510803,-1.5030115842819214,1.206114113330841,0.7433137604067348,1,0
113,4,s21,0011,0101,0101,-1.2798750400543213,-0.40563303232192993,-0.8742420077323914,0.27807246441390954,0,0
113,5,s02,1001,1001,0011,-0.1903180330991745,-1.807334542274475,1.6170165091753006,0.8268285101157179,1,0
113,6,c20,1001,1001,0001,-0.5770958662033081,-0.8304411768913269,0.2533453106880188,0.5616881611782414,1,0
113,7,s30,1001,1001,0011,-0.3766690492630005,-1.8563398122787476,1.479670763015747,0.6862191866814583,1,0
113,8,s30,1001,1001,0100,-0.5802412033081055,-1.8925580978393555,1.31231689453125,0.5597692970532588,1,0
114,1,t203,0000,0000,0001,-0.5899788737297058,-2.7149791717529297,2.125000298023224,0.5565325161081891,1,0
114,2,s20,0000,0000,1000,-0.14980082213878632,-2.127331018447876,1.9775301963090897,0.8608880442551794,1,0
114,3,s01,0000,0000,1000,-0.04980397969484329,-3.048645257949829,2.998841278254986,0.951418748770072,1,0
114,4,t312,0000,0000,1000,-0.00211936142295599,-7.0002007484436035,6.9980813870206475,0.997898541923867,1,0
114,5,c21,0000,0000,0100,-0.04919567331671715,-3.049114465713501,2.999918792396784,0.952082235560132,1,0
114,6,s12,0000,0000,0100,-0.005005318205803633,-5.504997730255127,5.499992412049323,0.9950075073592014,1,0
114,7,t301,0000,0000,1000,-0.00129992316942662,-7.377546787261963,7.376246864092536,0.998711188940758,1,0
114,8,s12,0000,0000,0100,-0.014342725276947021,-4.2644195556640625,4.2500768303871155,0.9857602900273473,1,0
115,1,x2,0001,0001,0110,-0.913191556930542,-2.4697070121765137,1.5565154552459717,0.40229971067552966,1,0
115,2,t123,0001,0001,1000,-0.014312369748950005,-6.08452844619751,6.07021607644856,0.9858154216318579,1,0
115,3,x2,0011,0011,0001,-0.0005591612425632775,-8.477527618408203,8.47696845716564,0.999487606933993,1,0
115,4,s02,1001,1001,0011,-0.14410409331321716,-2.017807722091675,1.8737036287784576,0.8660441634507925,1,0
115,5,s03,1001,1001,0001,-0.39464572072029114,-1.1554985046386719,0.7608527839183807,0.6739628776385087,1,0
115,6,c02,1011,1011,1001,-0.0013257474638521671,-7.004000186920166,7.002674439456314,0.9988253558109096,1,0
115,7,x2,1001,1001,1010,-0.00033602805342525244,-9.16059398651123,9.160257958457805,0.9997031824217767,1,0
115,8,x3,1000,1000,1001,-0.00034756967215798795,-8.312847137451172,8.312499567779014,0.9997041470255972,1,0
116,1,x0,0100,0100,1100,-0.7305891513824463,-2.1275882720947266,1.3969991207122803,0.4824346049637236,1,0
116,2,c20,0100,0100,1100,-0.3898712694644928,-1.1380221843719482,0.7481509149074554,0.6772087617898892,1,0
116,3,x0,1100,1100,0100,-0.010314863175153732,-4.63718318939209,4.626868326216936,0.9899669842726523,1,0
116,4,c32,1100,1100,1110,-0.004192401189357042,-6.128254413604736,6.124062012415379,0.9959837196475947,1,0
116,5,x0,0100,0100,0101,-0.022007206454873085,-4.397006988525391,4.3749997820705175,0.9790202013938059,1,0
116,6,c01,0100,0100,0000,-0.0010289520723745227,-7.030907154083252,7.029878202010877,0.9989727408735845,1,0
116,7,s21,0010,0010,0100,-0.2725870609283447,-1.5020393133163452,1.2294522523880005,0.7614071771728709,1,0
116,8,t302,0010,0010,1010,-0.002706066472455859,-7.053208827972412,7.050502761499956,0.9973100955355496,1,0
117,1,s20,0111,1101,1101,-2.7828266620635986,-1.2004585266113281,-1.5823681354522705,0.06191657507250572,0,0
117,2,t032,0111,0111,0101,-0.652107834815979,-2.1804234981536865,1.5283156633377075,0.5214407123134779,1,0
117,3,x3,0110,0110,0111,-0.0025361208245158195,-6.690036296844482,6.687500176019967,0.9974984932696284,1,0
117,4,s32,0101,0101,0110,-0.660381019115448,-0.8421475887298584,0.1817665696144104,0.5166586548686796,1,0
117,5,t201,0101,0101,1101,-0.0018432441866025329,-7.885787010192871,7.883943766006269,0.9981659255289035,1,0
117,6,s23,0110,0110,0101,-0.5379652976989746,-0.9153363704681396,0.37737107276916504,0.5839459439239689,1,0
117,7,t231,0110,0110,0010,-0.06377755105495453,-2.814769744873047,2.7509921938180923,0.9383557900565296,1,0
117,8,s32,0101,0101,0110,-0.4297242760658264,-1.067976951599121,0.6382526755332947,0.6506894733212701,1,0
118,1,x2,1110,1110,1000,-0.6439757347106934,-2.9743812084198,2.3304054737091064,0.5269844499323304,1,0
118,2,c23,1111,1111,1110,-0.10429854691028595,-2.9792985916137695,2.8750000447034836,0.9011906016763153,1,0
118,3,s12,1111,1111,1011,-0.31197673082351685,-1.6821179389953613,1.3701412081718445,0.7320020461047382,1,0
118,4,s01,1111,1111,0111,-0.03668757528066635,-3.7889742851257324,3.752286709845066,0.9754032019901235,1,0
118,5,c03,1110,1110,0110,-0.0007543441606685519,-8.101035118103027,8.100280773942359,0.999344141824406,1,0
118,6,t021,1010,1110,1110,-1.7017494440078735,-0.20181392133235931,-1.4999355226755142,0.18236451468492293,0,0
118,7,t032,1010,1010,1000,-0.06248721107840538,-2.812687635421753,2.7502004243433475,0.9394444053745026,1,0
118,8,x2,1000,1000,1010,-0.0033465130254626274,-6.08838415145874,6.085037638433278,0.9966773290646515,1,0
119,1,c12,1101,1101,0110,-0.5264674425125122,-3.3331000804901123,2.8066326379776,0.5913480104490569,1,0
119,2,x2,1111,1111,0000,-0.021066492423415184,-5.549480438232422,5.528413945809007,0.9794653126347832,1,0
119,3,x0,0111,0111,1111,-0.003730225842446089,-5.881510257720947,5.877780031878501,0.9970342605680629,1,0
119,4,c21,0011,0011,0111,-0.09315966814756393,-2.4683570861816406,2.3751974180340767,0.911142174270915,1,0
119,5,c02,0011,0011,0010,-0.00015556399011984468,-9.625155448913574,9.624999884923454,0.9998510958285718,1,0
119,6,x1,0111,0111,0011,-0.003986311610788107,-5.628978729248047,5.624992417637259,0.9962998024984094,1,0
119,7,t032,0111,0111,0101,-0.048703692853450775,-3.1734509468078613,3.1247472539544106,0.9525046444016531,1,0
119,8,x1,0011,0011,0010,-0.0005288301617838442,-10.625529289245605,10.625000459083822,0.9999200153883052,1,0
120,1,x0,0001,0001,1001,-0.6813444495201111,-2.193685531616211,1.5123410820960999,0.5068640820082009,1,0
120,2,c30,1001,1001,0001,-0.694724977016449,-0.6978282332420349,0.0031032562255859375,0.49927235888723465,1,0
120,3,t321,1001,1001,1101,-0.039108265191316605,-3.3147971630096436,3.275688897818327,0.9616558648639117,1,0
120,4,s32,1010,1010,1001,-0.06618126481771469,-2.8166394233703613,2.7504581585526466,0.9359784124643072,1,0
120,5,s03,0011,1010,1010,-2.2656726837158203,-0.2741900384426117,-1.9914826452732086,0.10376636641649209,0,0
120,6,c30,1011,1011,0011,-0.5806336998939514,-0.8267314434051514,0.24609774351119995,0.5595743786214346,1,0
120,7,t102,1011,1011,1001,-0.17274878919124603,-1.9265767335891724,1.7538279443979263,0.841811224375996,1,0
120,8,c21,1111,1111,1011,-0.18096846342086792,-1.80507230758667,1.624103844165802,0.8344761063595327,1,0
121,1,c31,0110,0010,0010,-1.5109530687332153,-1.3313597440719604,-0.17959332466125488,0.22086775452662083,0,0
121,2,x0,1110,1110,0110,-0.11540147662162781,-2.2575669288635254,2.1421654522418976,0.8911788514226039,1,0
121,3,s01,1110,1110,0110,-0.48016121983528137,-1.0937588214874268,0.6135976016521454,0.6187206107470732,1,0
121,4,c21,1010,1110,1110,-0.976335883140564,-0.47570207715034485,-0.5006338059902191,0.37668971089984365,0,0
121,5,x1,1110,1110,1100,-0.0008568681660108268,-8.000922203063965,8.000065334897954,0.9991651825272974,1,0
121,6,c32,1110,1110,1111,-0.027514178305864334,-3.7775139808654785,3.749999802559614,0.9729097755498307,1,0
121,7,s30,0111,1110,1110,-1.5052573680877686,-0.25246158242225647,-1.252795785665512,0.22198885899436235,0,0
121,8,t120,1111,1111,0111,-0.07153070718050003,-2.6954164505004883,2.6238857433199883,0.9310575298673582,1,0
122,1,t120,1011,1011,0011,-1.0533697605133057,-1.9013433456420898,0.8479735851287842,0.34917115117458086,1,0
122,2,c21,1111,1111,1011,-0.10559242218732834,-2.830505609512329,2.7249131873250008,0.8998543012323819,1,0
122,3,c23,1110,1110,1111,-0.011915026232600212,-5.32441520690918,5.3125001806765795,0.988228435632959,1,0
122,4,t210,0110,0110,1110,-0.4802779257297516,-0.9746327996253967,0.49435487389564514,0.618688853460583,1,0
122,5,x1,0010,0010,0110,-0.0028516820166260004,-6.065356731414795,6.062505049398169,0.9971568170340613,1,0
122,6,c02,0010,0010,0011,-0.00019454298308119178,-9.750194549560547,9.750000006577466,0.9998095015042432,1,0
122,7,s31,0010,0010,0110,-0.2822144031524658,-1.407047986984253,1.124833583831787,0.7541134187305049,1,0
122,8,t312,0010,0010,0000,-0.0002869179879780859,-9.257887840270996,9.257600922283018,0.9997188921215469,1,0
123,1,s32,0000,0000,0010,-0.7181493043899536,-1.9673762321472168,1.2492269277572632,0.4899695245233287,1,0
123,2,x1,0100,0100,0010,-0.09338019788265228,-3.62384033203125,3.5304601341485977,0.9109066740531027,1,0
123,3,t103,0100,0100,1100,-0.005446208640933037,-7.1339569091796875,7.1285107005387545,0.9946162692976203,1,0
123,4,s02,0100,0100,1100,-0.474374920129776,-1.0631067752838135,0.5887318551540375,0.6223120860425018,1,0
123,5,s21,0010,0010,0100,-0.21392399072647095,-1.805014967918396,1.591090977191925,0.8074099823102807,1,0
123,6,x2,0000,0000,0010,-0.0012464525643736124,-7.2506327629089355,7.249386310344562,0.9987682585774073,1,0
123,7,t012,0000,0000,1000,-9.131222032010555e-05,-9.95474910736084,9.95465779514052,0.9999094121931903,1,0
123,8,x0,1000,1000,0000,-0.08898595720529556,-2.4643216133117676,2.375335656106472,0.9148817310769977,1,0
124,1,x2,1000,1000,0000,-0.7975205779075623,-2.9387850761413574,2.141264498233795,0.45177953313962743,1,0
124,2,x1,1100,1100,1000,-0.11469811946153641,-3.1657581329345703,3.051060013473034,0.8916571551063861,1,0
124,3,s32,1100,1100,1110,-0.021928664296865463,-4.893197059631348,4.871268395334482,0.9784025889989851,1,0
124,4,x2,1110,1110,0001,-0.008195275440812111,-6.84818696975708,6.839991694316268,0.9918918069744871,1,0
124,5,t213,1111,1111,1110,-0.20471599698066711,-1.7047159671783447,1.4999999701976776,0.8149541752131226,1,0
124,6,c23,1110,1110,1111,-0.013870726339519024,-4.388870716094971,4.374999989755452,0.9862558859952631,1,0
124,7,x0,0110,0110,1110,-0.16130028665065765,-1.9120824337005615,1.7507821470499039,0.8513205450182321,1,0
124,8,c13,0111,0111,0110,-0.001599730341695249,-6.5015997886657715,6.500000058324076,0.9984021193086966,1,0
125,1,t032,1001,1001,1011,-1.267307996749878,-1.6884057521820068,0.4210977554321289,0.28207677096582817,1,0
125,2,x2,1011,1011,1100,-0.06452623009681702,-4.659883499145508,4.595357269048691,0.9377367107815429,1,0
125,3,t103,1011,1011,1010,-0.2616930603981018,-1.5116931200027466,1.2500000596046448,0.7697878433401915,1,0
125,4,c03,1010,1010,0110,-0.0008988166227936745,-9.096343994140625,9.095445177517831,0.9991168826489627,1,0
125,5,x1,1110,1110,0110,-0.0020925404969602823,-7.064058303833008,7.0619657633360475,0.9979946278155419,1,0
125,6,t301,1110,1110,1010,-0.07937340438365936,-2.579240560531616,2.499867156147957,0.9237489994956842,1,0
125,7,x2,1100,1100,1110,-0.0007701243739575148,-8.191450119018555,8.190679994644597,0.9996100964881784,1,0
125,8,c31,1100,1100,1000,-0.31358546018600464,-1.3141602277755737,1.000574767589569,0.730825146574209,1,0
126,1,s20,0011,1001,1001,-1.4987605810165405,-1.2478872537612915,-0.250873327255249,0.2235785928639419,0,0
126,2,t302,0011,0011,1000,-0.1480552852153778,-3.920567512512207,3.7725122272968292,0.8626013468506963,1,0
126,3,c02,0011,0011,0001,-0.0012241412186995149,-8.100117683410645,8.098893542191945,0.9987824213571739,1,0
126,4,t302,0011,0011,1001,-0.0003198036574758589,-9.45154857635498,9.451228772697505,0.9996847498445189,1,0
126,5,t031,0011,0011,0111,-0.12786434590816498,-2.3525772094726562,2.2247128635644913,0.8800042447724884,1,0
126,6,c32,0001,0001,0011,-0.04410497844219208,-3.1694719791412354,3.1253670006990433,0.9568704107977,1,0
126,7,x1,0101,0101,0011,-0.0008256509900093079,-7.929636001586914,7.928810350596905,0.9992997435392447,1,0
126,8,x0,1101,1101,0101,-0.002804261166602373,-6.002884864807129,6.0000806036405265,0.9974658139331681,1,0
127,1,s31,1111,1111,1011,-1.8243592977523804,-2.1284453868865967,0.3040860891342163,0.1614513434007688,1,0
127,2,c30,0111,0111,1111,-0.3916449546813965,-1.1520990133285522,0.7604540586471558,0.6762719543178335,1,0
127,3,t231,0011,0011,0111,-0.5273901224136353,-0.9028940200805664,0.37550389766693115,0.5901816452008375,1,0
127,4,s32,0011,0011,0001,-0.14459824562072754,-2.018141508102417,1.8735432624816895,0.8653705744662804,1,0
127,5,c13,0011,0011,0010,-0.17996321618556976,-1.804963231086731,1.6250000149011612,0.8353219478944754,1,0
127,6,c10,0011,1011,1011,-1.1369253396987915,-0.3871089518070221,-0.7498163878917694,0.3208108590955111,0,0
127,7,c32,0001,0001,0011,-0.030593302100896835,-3.5312814712524414,3.5006881691515446,0.9699999107981839,1,0
127,8,s20,0001,0001,1000,-0.35100752115249634,-1.3526698350906372,1.0016623139381409,0.7044609084486376,1,0
128,1,c03,1111,1111,1110,-0.7301504015922546,-2.4801504611968994,1.7500000596046448,0.4838169447528047,1,0
128,2,x3,1110,1110,0000,-0.03039257600903511,-5.374269485473633,5.343876909464598,0.9701840625315024,1,0
128,3,c23,1111,1111,1110,-0.08477987349033356,-2.709779977798462,2.6250001043081284,0.9187209127134119,1,0
128,4,x0,0111,1111,1111,-0.7598173022270203,-0.6359043121337891,-0.1239129900932312,0.4686367141788159,0,0
128,5,s03,1110,1110,1111,-0.0782347097992897,-3.2032344341278076,3.124999724328518,0.9251226183339047,1,0
128,6,x1,1010,1010,0110,-0.0014971131458878517,-7.072031497955322,7.070534384809434,0.9986665138801846,1,0
128,7,c10,1010,1010,0010,-0.03810745105147362,-3.288328170776367,3.2502207197248936,0.9626111530971425,1,0
128,8,s13,1010,1010,1110,-0.6065269708633423,-0.8936870694160461,0.28716009855270386,0.5452414732687964,1,0
129,1,t123,0000,0000,0001,-0.5865476727485657,-2.586547613143921,1.9999999403953552,0.5578607274619924,1,0
129,2,t013,0000,0000,1000,-0.005806454923003912,-6.455585956573486,6.449779501650482,0.9942135274852882,1,0
129,3,c30,0000,0000,1000,-0.06208260357379913,-2.8120126724243164,2.7499300688505173,0.9398223025496121,1,0
129,4,x1,0100,0100,0000,-0.011249938979744911,-4.615540504455566,4.6042905654758215,0.9888746241326031,1,0
129,5,c10,1100,1100,0100,-0.2529645264148712,-1.5032292604446411,1.25026473402977,0.7772284402631076,1,0
129,6,s10,1100,1100,0101,-0.2906903922557831,-2.018829345703125,1.728138953447342,0.7502922097756103,1,0
129,7,t320,1100,1100,0100,-0.6936385035514832,-0.7182088494300842,0.024570345878601074,0.49992691650846405,1,0
129,8,s30,0101,0101,1100,-0.5073613524436951,-0.9757905602455139,0.46842920780181885,0.6021395540375329,1,0
130,1,t103,1000,1000,1001,-0.6085336208343506,-2.3585336208343506,1.75,0.5498095309219542,1,0
130,2,t120,1000,1000,0000,-0.3907319903373718,-1.267988681793213,0.8772566914558411,0.6765705964643107,1,0
130,3,s30,0001,0001,1000,-0.43991464376449585,-1.137205958366394,0.6972913146018982,0.6441459021750651,1,0
130,4,c12,0001,0001,0011,-0.03850556164979935,-3.289297342300415,3.2507917806506157,0.962233561274554,1,0
130,5,t021,0001,0001,1001,-0.000581824395339936,-7.832723617553711,7.832141793158371,0.9994235502578926,1,0
130,6,s32,0010,0010,0001,-0.038397058844566345,-3.2882392406463623,3.249842181801796,0.9623321143821331,1,0
130,7,x1,0110,0110,0010,-0.28179535269737244,-1.4077112674713135,1.125915914773941,0.7545557552971304,1,0
130,8,c13,0111,0111,0110,-0.027035800740122795,-3.652035713195801,3.624999912455678,0.973374982315639,1,0
131,1,c12,0010,0010,0000,-0.7767820358276367,-2.1050424575805664,1.3282604217529297,0.46064712199206387,1,0
131,2,c20,1010,0010,0010,-0.8273870944976807,-0.5770596265792847,-0.250327467918396,0.43721159396508974,0,0
131,3,x0,0010,0010,1010,-0.0015997763257473707,-7.080359935760498,7.078760159434751,0.9985297100516496,1,0
131,4,x1,0110,0110,0010,-0.008091543801128864,-4.884250640869141,4.876159097068012,0.9920446768037487,1,0
131,5,t031,0110,0110,1010,-0.0007973748142831028,-8.56863021850586,8.567832843691576,0.9992096825227027,1,0
131,6,c30,0110,1110,1110,-0.974520206451416,-0.47455692291259766,-0.49996328353881836,0.37753262707907165,0,0
131,7,c21,0010,0110,0110,-1.1409837007522583,-0.38788360357284546,-0.7531000971794128,0.3195069295144021,0,0
131,8,s30,0010,1010,1010,-1.6010956764221191,-0.23696297407150269,-1.3641327023506165,0.20176073691975616,0,0
132,1,c01,1001,1001,0101,-0.8849298357963562,-2.7185187339782715,1.8335888981819153,0.4131314598311709,1,0
132,2,x1,1101,1101,1011,-0.011523757129907608,-6.056987762451172,6.045464005321264,0.9885725951369829,1,0
132,3,c23,1101,1100,1100,-0.7003318667411804,-0.7003318667411804,0.0,0.4964660961713749,0,1
132,4,x2,1111,1111,1101,-0.0005949035985395312,-9.457413673400879,9.45681876980234,0.9994628303809593,1,0
132,5,x0,0111,0111,1111,-0.008189105428755283,-5.008697986602783,5.000508881174028,0.9932684059113851,1,0
132,6,s23,0111,0111,0101,-0.14724791049957275,-2.0187439918518066,1.8714960813522339,0.8630814142155038,1,0
132,7,x0,1111,1111,0111,-0.0008720820769667625,-7.375868797302246,7.374996715225279,0.9992692599029122,1,0
132,8,t120,0111,1111,1111,-0.8983932137489319,-0.5234808325767517,-0.3749123811721802,0.4073107542679526,0,0
133,1,s20,0101,0101,1000,-1.7795063257217407,-2.017141819000244,0.23763549327850342,0.16883264138531742,1,0
133,2,s21,0011,0101,0101,-0.8844321966171265,-0.8205230236053467,-0.06390917301177979,0.4129549305875381,0,0
133,3,s31,0110,0110,0111,-0.12283292412757874,-3.122832775115967,2.999999850988388,0.884542115780285,1,0
133,4,x1,0010,0010,0011,-0.09982682764530182,-3.8498268127441406,3.749999985098839,0.9052735998486702,1,0
133,5,t213,0010,0010,0011,-0.028802454471588135,-4.403802394866943,4.374999940395355,0.9716691086575757,1,0
133,6,t203,0010,0010,0011,-0.00011551129864528775,-9.875115394592285,9.87499988329364,0.999885616406295,1,0
133,7,t321,0010,0010,0110,-0.38703152537345886,-1.1380878686904907,0.7510563433170319,0.6790978816964792,1,0
133,8,s30,0010,1010,1010,-1.8156282901763916,-0.219918891787529,-1.5957093983888626,0.16301530375366963,0,0
134,1,t012,0001,0001,0010,-0.7142523527145386,-2.991499423980713,2.2772470712661743,0.49036361847357063,1,0
134,2,s02,0001,0001,1000,-0.5778589248657227,-0.8370605707168579,0.25920164585113525,0.5611128875403962,1,0
134,3,x3,0000,0000,0001,-0.00935131311416626,-5.3843512535095215,5.374999940395355,0.9907347254626191,1,0
134,4,t012,0000,0000,1000,-0.0013465563533827662,-7.083446025848389,7.082099469495006,0.9986554501935117,1,0
134,5,s10,0000,0000,1000,-0.010831674560904503,-4.634799003601074,4.62396732904017,0.989266413205866,1,0
134,6,t213,0000,0000,0001,-0.0005338696064427495,-8.250534057617188,8.250000188010745,0.9994688852296401,1,0
134,7,t201,0000,0000,1000,-0.00014745679800398648,-9.549302101135254,9.54915464433725,0.9998540173796516,1,0
134,8,t310,0000,0000,1000,-0.005262478720396757,-5.255250453948975,5.249987975228578,0.9947521627683491,1,0
135,1,t012,0001,0001,0010,-0.6448714137077332,-2.9976449012756348,2.3527734875679016,0.5256926011775721,1,0
135,2,x0,1001,1001,0001,-0.11467726528644562,-2.2563560009002686,2.141678735613823,0.8917324670652285,1,0
135,3,x1,1101,1101,1011,-0.01631496474146843,-4.799402236938477,4.783087272197008,0.9838361176790837,1,0
135,4,c31,1001,1001,1101,-0.28132063150405884,-1.4400018453598022,1.1586812138557434,0.7547944253862926,1,0
135,5,s03,1001,1001,0001,-0.0787099152803421,-2.7745327949523926,2.6958228796720505,0.9243480579438341,1,0
135,6,t320,1001,1001,0001,-0.5760558843612671,-0.864404022693634,0.28834813833236694,0.5621563733111455,1,0
135,7,s32,1010,1010,1001,-0.2271820604801178,-1.6019998788833618,1.374817818403244,0.7967891054179946,1,0
135,8,s21,1100,1100,1010,-0.647812008857727,-0.7628509402275085,0.1150389313697815,0.5231900819884354,1,0
136,1,t210,1100,1100,0100,-1.053980827331543,-1.135833740234375,0.08185291290283203,0.349229617217404,1,0
136,2,x0,0100,0100,0101,-0.04637100175023079,-3.4213712215423584,3.3750002197921276,0.954818451648649,1,0
136,3,t301,0100,0100,1100,-0.0010909665143117309,-8.35707950592041,8.355988539406098,0.9989144723298349,1,0
136,4,s01,1000,1000,0100,-0.22681383788585663,-1.6025080680847168,1.3756942301988602,0.798165576160169,1,0
136,5,t320,1000,1000,0001,-0.3135368824005127,-1.6418942213058472,1.3283573389053345,0.7310383357198733,1,0
136,6,s23,1000,1000,1010,-0.0041967760771512985,-5.504161357879639,5.499964581802487,0.9958147202554952,1,0
136,7,c20,1000,1000,0000,-0.5761010050773621,-0.9553552865982056,0.3792542815208435,0.5621261513551692,1,0
136,8,s30,0001,0001,0011,-0.7829892039299011,-1.2580664157867432,0.47507721185684204,0.45706855781422506,1,0
137,1,t032,1010,1010,1000,-1.3732537031173706,-1.6903424263000488,0.3170887231826782,0.25386592038379324,1,0
137,2,x3,1011,1011,0011,-0.016365304589271545,-6.125430107116699,6.109064802527428,0.9838316049408029,1,0
137,3,x3,1010,1010,1011,-0.0008141683065332472,-8.000813484191895,7.999999315885361,0.9991914927017542,1,0
137,4,c23,1011,1011,1010,-0.25393879413604736,-1.5039387941360474,1.25,0.7757407344978402,1,0
137,5,x2,1001,1001,1010,-0.002471387153491378,-6.740947723388672,6.7384763362351805,0.9976450614931224,1,0
137,6,c23,1001,1001,1000,-0.004703067243099213,-5.379703044891357,5.374999977648258,0.9953114532636401,1,0
137,7,t210,1001,1001,0001,-0.038129013031721115,-3.329019546508789,3.290890533477068,0.9625955724521383,1,0
137,8,t210,1001,1001,0001,-0.061985306441783905,-2.813875198364258,2.751889891922474,0.9399009581841781,1,0
138,1,c21,1011,1011,1111,-1.0464990139007568,-1.6870793104171753,0.6405802965164185,0.35143315034518524,1,0
138,2,x3,1010,1010,0010,-0.009484789334237576,-6.664593696594238,6.655108907260001,0.9906580012315678,1,0
138,3,t321,1010,1010,1110,-0.0801556333899498,-2.587763547897339,2.507607914507389,0.9229747906209993,1,0
138,4,t201,1110,1010,1010,-1.3473118543624878,-0.3136185109615326,-1.0336933434009552,0.25993854973096725,0,0
138,5,x2,1100,1100,1101,-0.0022621871903538704,-8.002262115478516,7.999999928288162,0.9979585156566922,1,0
138,6,t023,1100,1100,1101,-0.06320293247699738,-2.8132030963897705,2.750000163912773,0.9387771294018814,1,0
138,7,c32,1100,1100,1110,-0.003842655336484313,-5.753425121307373,5.749582465970889,0.9961840253435246,1,0
138,8,x3,1101,1101,1100,-0.0033771474845707417,-5.878377437591553,5.875000290106982,0.9966379634795273,1,0
139,1,s13,1001,1100,1100,-2.1284701824188232,-1.429532527923584,-0.6989376544952393,0.11910002636037686,0,0
139,2,t312,1001,1001,1011,-1.5797919034957886,-1.7162401676177979,0.13644826412200928,0.20649319448261563,1,0
139,3,s21,1001,1001,1100,-0.6025556921958923,-1.3744158744812012,0.7718601822853088,0.5474186191257725,1,0
139,4,x2,1011,1011,1001,-0.004116796888411045,-6.256515979766846,6.252399182878435,0.9959630950876345,1,0
139,5,c23,1010,1011,1011,-0.7754574418067932,-0.6504574418067932,-0.125,0.46053719152649053,0,0
139,6,c30,1010,0010,0010,-0.8378052711486816,-0.6080389022827148,-0.2297663688659668,0.4327537540550098,0,0
139,7,x0,0010,0010,1010,-0.05748585984110832,-2.9334795475006104,2.875993687659502,0.9442225761727188,1,0
139,8,t231,0010,0010,0110,-0.1615198403596878,-1.9147582054138184,1.7532383650541306,0.850853157545736,1,0
140,1,c13,0110,0110,1100,-0.4892560839653015,-2.8709194660186768,2.3816633820533752,0.6144069592581956,1,0
140,2,x0,1110,1110,0110,-0.10480489581823349,-2.375037670135498,2.2702327743172646,0.9006238564991196,1,0
140,3,s23,1101,1110,1110,-2.423398494720459,-0.3439294695854187,-2.0794690251350403,0.08862026275713586,0,0
140,4,s32,1110,1110,1101,-0.3547990322113037,-1.3318638801574707,0.977064847946167,0.701319457360819,1,0
140,5,t230,1110,1110,0110,-0.6940761208534241,-0.7167147397994995,0.02263861894607544,0.4996132598499303,1,0
140,6,t231,1110,1110,1010,-0.05847327411174774,-2.939852476119995,2.8813792020082474,0.9432075033817818,1,0
140,7,s03,0111,1110,1110,-1.630335807800293,-0.22843296825885773,-1.4019028395414352,0.19589107360863517,0,0
140,8,x2,0101,0101,1101,-0.0002919257094617933,-9.255600929260254,9.255309003550792,0.9998694098390872,1,0
141,1,x2,1000,1000,0000,-0.8075839877128601,-2.7949326038360596,1.9873486161231995,0.44725294062901627,1,0
141,2,x2,1010,1010,1001,-0.014988350681960583,-6.318871021270752,6.303882670588791,0.9851818925776591,1,0
141,3,s01,0110,0110,1010,-0.7651888132095337,-0.7822847366333008,0.01709592342376709,0.46525662402169055,1,0
141,4,s02,1100,1100,0110,-0.513427734375,-0.9752744436264038,0.4618467092514038,0.5986908696361525,1,0
141,5,s31,1001,1100,1100,-1.1491820812225342,-1.0790393352508545,-0.07014274597167969,0.3168992664460744,0,0
141,6,t132,1001,1001,1011,-0.36414456367492676,-1.3680133819580078,1.003868818283081,0.6949497664805395,1,0
141,7,t201,1001,1001,1101,-0.5762059688568115,-0.8295108079910278,0.2533048391342163,0.5620519888622652,1,0
141,8,s02,0011,1001,1001,-1.3437014818191528,-0.31353622674942017,-1.0301652550697327,0.26092310030740945,0,0
142,1,x1,0000,0000,0001,-1.6173663139343262,-2.117366313934326,0.5,0.19879049631377288,1,0
142,2,s13,0000,0000,0100,-0.1506887823343277,-2.396489381790161,2.2458005994558334,0.8601256173021915,1,0
142,3,t201,0000,0000,0100,-0.002361809369176626,-7.881893634796143,7.879531825426966,0.9976462279681553,1,0
142,4,t321,0000,0000,0100,-0.004053075332194567,-5.634287357330322,5.630234281998128,0.9959622043350512,1,0
142,5,s01,0000,0000,1000,-0.030938655138015747,-3.529754161834717,3.498815506696701,0.96953743148628,1,0
142,6,t123,0000,0000,0001,-0.0013082250952720642,-6.751308441162109,6.750000216066837,0.9986941674098672,1,0
142,7,t012,0000,0000,1000,-3.766970621654764e-05,-10.611140251159668,10.611102581453451,0.999963495157847,1,0
142,8,s23,0000,0000,0010,-0.007435325067490339,-5.006877422332764,4.999442097265273,0.9925995350716929,1,0
143,1,s01,0001,0001,1000,-1.1858177185058594,-2.5166068077087402,1.3307890892028809,0.30571043086045074,1,0
143,2,s20,0001,1000,1000,-0.7570420503616333,-0.7043131589889526,-0.052728891372680664,0.46905813102913174,0,0
143,3,t130,0001,0001,1001,-0.31339097023010254,-1.3159048557281494,1.0025138854980469,0.7310164925908996,1,0
143,4,s10,0001,0001,1001,-0.1650095283985138,-2.7612390518188477,2.596229523420334,0.8480323881383881,1,0
143,5,x1,0101,0101,0001,-0.005122771020978689,-6.206019878387451,6.2008971073664725,0.9951954732574159,1,0
143,6,x2,0111,0111,0101,-0.1047494038939476,-2.492155075073242,2.3874056711792946,0.9009839045116104,1,0
143,7,t021,0111,0111,1011,-0.002864691661670804,-6.69738245010376,6.694517758442089,0.9971892082658534,1,0
143,8,x1,0011,0011,1111,-0.0030693530570715666,-7.229619979858398,7.226550626801327,0.9989878986251653,1,0
144,1,c01,0111,0111,0000,-1.2657487392425537,-2.574526071548462,1.3087773323059082,0.28269998660436646,1,0
144,2,x0,1111,1111,0111,-0.08051924407482147,-2.8597517013549805,2.779232457280159,0.9231563543480905,1,0
144,3,c23,1110,1110,0110,-0.08335698395967484,-3.9651010036468506,3.8817440196871758,0.9202116859494844,1,0
144,4,t120,0110,0110,1110,-0.5778326392173767,-0.8262498378753662,0.2484171986579895,0.5611531896637727,1,0
144,5,x3,0111,0111,1111,-0.0005541469436138868,-8.261673927307129,8.261119780363515,0.9994579331847048,1,0
144,6,s12,0111,0111,0011,-0.16142037510871887,-1.9104341268539429,1.749013751745224,0.8509355607324437,1,0
144,7,c21,0011,0011,0111,-0.2521165907382965,-1.5022624731063843,1.2501458823680878,0.7771627763548155,1,0
144,8,s03,1010,1010,0011,-0.10914690792560577,-2.5793614387512207,2.470214530825615,0.8968965132033115,1,0
145,1,t203,0110,0110,0111,-1.2444713115692139,-1.2444713115692139,0.0,0.2890798321120734,0,1
145,2,t102,0110,0110,0100,-0.056843534111976624,-4.181407451629639,4.124563917517662,0.9447826344564094,1,0
145,3,t301,0110,0110,1010,-0.002092418260872364,-8.309316635131836,8.307224216870964,0.9979145109029216,1,0
145,4,s31,0011,0011,0110,-0.32423725724220276,-1.3164341449737549,0.9921968877315521,0.7230816162712681,1,0
145,5,x3,0010,0010,0011,-0.0006124281790107489,-8.688112258911133,8.687499830732122,0.9994890347523869,1,0
145,6,s21,0100,0010,0010,-0.975709080696106,-0.47496992349624634,-0.5007391571998596,0.37692524194717675,0,0
145,7,c20,0100,1100,1100,-0.6938999891281128,-0.6938971281051636,-2.86102294921875e-06,0.4998313245833649,0,0
145,8,c12,0110,0110,0100,-0.12736842036247253,-2.1284475326538086,2.001079112291336,0.8804983765714521,1,0
146,1,x1,0111,0111,0000,-0.9153916239738464,-2.6244187355041504,1.709027111530304,0.40077768122827423,1,0
146,2,t012,0111,0111,0101,-0.16442923247814178,-3.7610275745391846,3.596598342061043,0.8485366369807607,1,0
146,3,x2,0101,0101,0100,-0.0015667271800339222,-7.939066410064697,7.937499682884663,0.998715235947774,1,0
146,4,s12,0011,0101,0101,-1.0640214681625366,-0.42964109778404236,-0.6343803703784943,0.34506584487260883,0,0
146,5,x0,1011,1011,0011,-0.016246380284428596,-4.888375759124756,4.872129378840327,0.98424421632219,1,0
146,6,t123,1011,1011,1010,-0.5245561599731445,-0.8995561599731445,0.375,0.5918439538299275,1,0
146,7,x0,0011,0011,1011,-0.008873066864907742,-5.392082691192627,5.383209624327719,0.9912145738584747,1,0
146,8,s02,1001,1001,0011,-0.054309725761413574,-3.0488643646240234,2.99455463886261,0.9474257131580779,1,0
147,1,x2,1010,1010,1100,-0.7738619446754456,-3.047423839569092,2.2735618948936462,0.4641720920785511,1,0
147,2,x3,1011,1011,1010,-0.03795318305492401,-4.0379533767700195,4.0000001937150955,0.9628486402007117,1,0
147,3,x0,0011,0011,1011,-0.5774051547050476,-1.256136417388916,0.6787312626838684,0.5616221555247999,1,0
147,4,t230,1011,1011,0011,-0.38903316855430603,-1.1387988328933716,0.7497656643390656,0.6785184877027329,1,0
147,5,s12,1101,1101,1011,-0.36599671840667725,-1.6228007078170776,1.2568039894104004,0.6937212201595844,1,0
147,6,s13,1101,1101,1001,-0.8854758739471436,-1.2719672918319702,0.38649141788482666,0.4125197896807879,1,0
147,7,s31,1101,1101,1001,-0.46905556321144104,-1.1443469524383545,0.6752913892269135,0.6255959516880895,1,0
147,8,s12,1011,1101,1101,-0.9119594097137451,-0.8015997409820557,-0.11035966873168945,0.40173674350057975,0,0
148,1,s12,0000,0000,0100,-0.8680500984191895,-1.8433631658554077,0.9753130674362183,0.42043111242543363,1,0
148,2,s01,0000,0000,1000,-0.13034512102603912,-2.1279232501983643,1.9975781291723251,0.8777998478673305,1,0
148,3,t031,0000,0000,1000,-0.0009848442859947681,-8.2771635055542,8.276178661268204,0.9990207208095091,1,0
148,4,s01,0000,0000,1000,-0.030620062723755836,-3.5297579765319824,3.4991379138082266,0.9698489832556744,1,0
148,5,x3,0001,0001,0000,-0.043797727674245834,-3.168797492980957,3.124999765306711,0.9572072378278795,1,0
148,6,s10,0001,0001,1000,-0.045925337821245193,-3.448366165161133,3.4024408273398876,0.9551888967602434,1,0
148,7,t320,0001,0001,1001,-0.16056503355503082,-1.9106578826904297,1.7500928491353989,0.8518395810876772,1,0
148,8,t301,0001,0001,1001,-0.0026557620149105787,-6.636977672576904,6.634321910561994,0.9973580500465566,1,0
149,1,c30,0100,0100,1100,-0.9964912533760071,-1.0261664390563965,0.029675185680389404,0.3699416303038479,1,0
149,2,x1,0000,0000,0101,-0.05438022315502167,-4.4053168296813965,4.350936606526375,0.9471242093077594,1,0
149,3,c21,0000,0000,0100,-0.030430255457758904,-3.5303640365600586,3.4999337811022997,0.970072623866367,1,0
149,4,t301,0000,0000,1000,-0.00019858957966789603,-9.851103782653809,9.85090519307414,0.9998033787608289,1,0
149,5,x2,0010,0010,0000,-0.0006085411878302693,-7.906810283660889,7.906201742473058,0.999432382375225,1,0
149,6,c23,0011,0011,0010,-0.3145779073238373,-1.3145779371261597,1.0000000298023224,0.7301226018684783,1,0
149,7,x2,0001,0001,0010,-9.882258018478751e-05,-10.228683471679688,10.228584649099503,0.9999265490645673,1,0
149,8,c32,0011,0011,0001,-0.052544496953487396,-3.1700632572174072,3.11751876026392,0.9494718427305947,1,0
150,1,s20,0011,1001,1001,-1.7982343435287476,-1.1065784692764282,-0.6916558742523193,0.16581675812292415,0,0
150,2,c32,0001,0001,0011,-0.9660181403160095,-2.469593048095703,1.5035749077796936,0.38081477403824676,1,0
150,3,t120,0001,0001,1001,-0.16112487018108368,-1.9148166179656982,1.7536917477846146,0.8512454069198239,1,0
150,4,x0,1001,1001,0001,-0.08151125907897949,-2.5811767578125,2.4996654987335205,0.9218495592605718,1,0
150,5,c30,0001,0001,1001,-0.5781738758087158,-0.8269757032394409,0.2488018274307251,0.5612379669489131,1,0
150,6,x1,0101,0101,0001,-0.0051941415295004845,-5.381915092468262,5.376720950938761,0.9949342673820945,1,0
150,7,c20,0101,1101,1101,-0.9766042828559875,-0.47698161005973816,-0.4996226727962494,0.3775100331968996,0,0
150,8,s02,0101,1100,1100,-1.9104032516479492,-0.17148971557617188,-1.7389135360717773,0.14803115810078596,0,0
151,1,s31,1110,1011,1011,-1.7184138298034668,-1.500482201576233,-0.2179316282272339,0.1794519114591685,0,0
151,2,s32,1101,1110,1110,-1.6220178604125977,-1.2463897466659546,-0.37562811374664307,0.19754620198704706,0,0
151,3,t301,1001,1001,1101,-0.632051944732666,-0.9573822021484375,0.3253302574157715,0.5316570162432115,1,0
151,4,s20,0011,1001,1001,-1.1575825214385986,-0.7472549080848694,-0.41032761335372925,0.31425345971114516,0,0
151,5,x3,0010,0010,1010,-0.030112294480204582,-4.733188629150391,4.703076334670186,0.970591434560552,1,0
151,6,s12,0100,0010,0010,-0.8896021246910095,-0.6021852493286133,-0.28741687536239624,0.4108196788327882,0,0
151,7,t130,0100,0100,1100,-0.3895859718322754,-1.1556073427200317,0.7660213708877563,0.6774209492375148,1,0
151,8,c32,0100,0100,0101,-0.025002023205161095,-4.400001525878906,4.374999502673745,0.9756001810055703,1,0
152,1,t132,1000,1000,1010,-0.740301251411438,-2.442725419998169,1.702424168586731,0.47929979382987037,1,0
152,2,c03,1001,1001,1000,-0.043977171182632446,-4.2939772605896,4.250000089406967,0.9570226946609937,1,0
152,3,x1,1101,1101,1011,-0.0025144251994788647,-7.588219165802002,7.585704740602523,0.9975159618373234,1,0
152,4,t321,1101,1101,1001,-0.04329816624522209,-3.1684372425079346,3.1251390762627125,0.9576305327524056,1,0
152,5,c02,1111,1111,1101,-0.0036594425328075886,-6.8088812828063965,6.805221840273589,0.9969904995814215,1,0
152,6,s21,1111,1111,1011,-0.10107249766588211,-2.3504724502563477,2.2493999525904655,0.9038687432818143,1,0
152,7,t032,1101,1101,1111,-0.10094805806875229,-2.380582094192505,2.2796340361237526,0.9041306152339191,1,0
152,8,x3,1100,1100,1101,-0.0033810336608439684,-6.628381252288818,6.625000218627974,0.9985246964193136,1,0
153,1,s32,0111,0110,0110,-1.5961222648620605,-1.5961222648620605,0.0,0.20317272019376556,0,1
153,2,s10,1011,1011,1111,-0.36174431443214417,-1.7080564498901367,1.3463121354579926,0.6970070061853871,1,0
153,3,s12,1101,1110,1110,-1.3493438959121704,-1.072182297706604,-0.2771615982055664,0.25953694735394545,0,0
153,4,x3,1100,1100,0100,-0.034054551273584366,-5.188455581665039,5.154401030391455,0.967015225178032,1,0
153,5,t102,1110,1100,1100,-0.7592556476593018,-0.6346837282180786,-0.12457191944122314,0.4682193927361267,0,0
153,6,s30,0111,1110,1110,-1.236328363418579,-0.3751838803291321,-0.861144483089447,0.2904897680892455,0,0
153,7,s21,0111,0111,0011,-0.3898707330226898,-1.1451904773712158,0.755319744348526,0.6771453281210731,1,0
153,8,s12,0111,0111,0011,-0.2927471995353699,-1.4178416728973389,1.125094473361969,0.7462183959418114,1,0
154,1,x0,1000,1000,0000,-0.8151978254318237,-1.5768518447875977,0.7616540193557739,0.44357349493845205,1,0
154,2,s32,1000,1000,0001,-0.11681162565946579,-3.7872133255004883,3.6704016998410225,0.8897850467577955,1,0
154,3,x2,1010,1010,1000,-0.007365248631685972,-6.856438159942627,6.849072911310941,0.9927310238269766,1,0
154,4,t021,1110,1110,1010,-0.4797627031803131,-0.9752910733222961,0.49552837014198303,0.6189405951686506,1,0
154,5,c02,1100,1100,1110,-0.04401547461748123,-3.46140718460083,3.417391709983349,0.9574918198735729,1,0
154,6,t203,1100,1100,1101,-0.38917267322540283,-1.1391726732254028,0.75,0.6776429787402705,1,0
154,7,s31,1001,1001,1100,-0.34575003385543823,-1.5053268671035767,1.1595768332481384,0.707690533865059,1,0
154,8,c20,1001,0001,0001,-0.9799491167068481,-0.49357300996780396,-0.4863761067390442,0.3753653072856558,0,0
155,1,c32,1010,1000,1000,-1.6826837062835693,-1.1352088451385498,-0.5474748611450195,0.18608528934674384,0,0
155,2,s20,1010,1010,0011,-0.7085546255111694,-1.1617299318313599,0.45317530632019043,0.4923946421154393,1,0
155,3,c12,1010,1010,1000,-0.03893856331706047,-3.307051658630371,3.2681130953133106,0.9618226704108429,1,0
155,4,x1,1110,1110,1100,-0.002085744868963957,-7.008003234863281,7.005917489994317,0.9979386387528546,1,0
155,5,x1,1010,1010,1110,-0.0011067158775404096,-8.00457763671875,8.00347092084121,0.9992418953259987,1,0
155,6,c23,1011,1011,1010,-0.04408713057637215,-3.1690871715545654,3.1250000409781933,0.9569216220277622,1,0
155,7,x3,1010,1010,1011,-0.00045258953468874097,-8.187952995300293,8.187500405765604,0.9995695593326621,1,0
155,8,c32,1010,1010,1000,-0.014313781633973122,-4.516748905181885,4.502435123547912,0.9857991582039213,1,0
156,1,s32,0010,0001,0001,-1.408246397972107,-1.0670171976089478,-0.3412292003631592,0.2452179096200757,0,0
156,2,c32,0010,0010,0000,-0.8534122705459595,-1.1911436319351196,0.33773136138916016,0.42613609106923456,1,0
156,3,x0,1010,1010,0010,-0.2589820921421051,-1.570389747619629,1.3114076554775238,0.7720010539904383,1,0
156,4,c10,1010,1010,0010,-0.4749218821525574,-0.9826618432998657,0.5077399611473083,0.6219647925836743,1,0
156,5,t021,1110,1110,1010,-0.47808170318603516,-0.9745038151741028,0.4964221119880676,0.6199737619868435,1,0
156,6,s31,1011,1110,1110,-1.1083102226257324,-0.8374578952789307,-0.27085232734680176,0.3301188238128193,0,0
156,7,x3,1010,1010,1011,-0.002880512271076441,-7.127880573272705,7.125000061001629,0.997192324623061,1,0
156,8,x1,1110,1110,1000,-0.0017558956751599908,-6.682986259460449,6.681230363785289,0.9983268263328947,1,0
157,1,x1,0101,0101,0111,-1.2893844842910767,-2.4705758094787598,1.181191325187683,0.27577154035207174,1,0
157,2,c12,0111,0111,0001,-0.36504900455474854,-3.115962266921997,2.7509132623672485,0.6944207825931561,1,0
157,3,c03,0111,0110,0110,-2.8756158351898193,-0.1256159543991089,-2.7499998807907104,0.056400760108786537,0,0
157,4,x3,0110,0110,1110,-0.0012580427573993802,-7.63602352142334,7.6347654786659405,0.9987599335553543,1,0
157,5,c23,0111,0111,0110,-0.18233084678649902,-1.807330846786499,1.625,0.83334070362265,1,0
157,6,x2,0101,0101,0110,-0.003112590406090021,-7.694835662841797,7.691723072435707,0.9985288082031132,1,0
157,7,t203,0101,0101,0100,-0.0014971739146858454,-7.501497268676758,7.500000094762072,0.9985153190263455,1,0
157,8,s30,1100,1100,0101,-0.09081754088401794,-2.4661333560943604,2.3753158152103424,0.914504421886981,1,0
158,1,x0,1101,1101,0101,-0.9809504747390747,-2.078403949737549,1.0974534749984741,0.37581595189252587,1,0
158,2,c01,1001,1001,0000,-0.03551657870411873,-5.152849197387695,5.117332618683577,0.9654024356699742,1,0
158,3,t201,1001,1001,1101,-0.07925537973642349,-2.5796396732330322,2.5003842934966087,0.9238079759566564,1,0
158,4,c30,0001,1001,1001,-0.6955244541168213,-0.6933681964874268,-0.0021562576293945312,0.4988807351071366,0,0
158,5,t213,0001,0001,1000,-0.002092160750180483,-6.9872660636901855,6.985173902940005,0.9979236472991125,1,0
158,6,t013,0001,0001,0000,-2.4080127332126722e-05,-11.25002384185791,11.249999761730578,0.9999783473395201,1,0
158,7,x0,1001,1001,0001,-0.20149552822113037,-1.7014905214309692,1.4999949932098389,0.8175585242238471,1,0
158,8,x0,0001,0001,1001,-0.006019060034304857,-5.131203651428223,5.125184591393918,0.9940211442554614,1,0
159,1,s01,0100,1000,1000,-1.559190034866333,-1.4663419723510742,-0.09284806251525879,0.21043506751369045,0,0
159,2,c12,0110,0110,0100,-0.04908566176891327,-3.192316770553589,3.1432311087846756,0.9521127515718021,1,0
159,3,x1,0010,0010,1010,-0.0036512501537799835,-6.6164679527282715,6.6128167025744915,0.9965504744809348,1,0
159,4,s10,0010,0010,1010,-0.1306009441614151,-2.129457712173462,1.9988567680120468,0.8776132855943017,1,0
159,5,c10,0010,0010,1010,-0.006736562587320805,-5.0070695877075195,5.000333025120199,0.9932876595050256,1,0
159,6,x2,0000,0000,0001,-0.0017632606904953718,-6.626762866973877,6.624999606283382,0.9982575221417684,1,0
159,7,t302,0000,0000,1000,-0.00040835284744389355,-8.736973762512207,8.736565409664763,0.999594138957188,1,0
159,8,t013,0000,0000,1000,-0.00041216661338694394,-8.791960716247559,8.791548549634172,0.9995889106297011,1,0
160,1,t023,1011,1011,1010,-1.0112037658691406,-2.1362037658691406,1.125,0.3647721380538814,1,0
160,2,c01,1111,1111,1011,-0.019439933821558952,-5.467581748962402,5.448141815140843,0.9809725661183227,1,0
160,3,t032,1101,1101,1111,-0.008295299485325813,-5.196206092834473,5.187910793349147,0.9917847471958677,1,0
160,4,s21,1011,1101,1101,-1.718917727470398,-0.20250153541564941,-1.5164161920547485,0.17926109595887899,0,0
160,5,s21,1101,1101,1011,-0.5302730798721313,-1.8137843608856201,1.2835112810134888,0.5884527244252026,1,0
160,6,c23,1101,1100,1100,-0.9856764078140259,-0.4856764078140259,-0.5,0.3732030786206451,0,0
160,7,s23,1110,1110,1101,-0.20687201619148254,-2.133216381072998,1.9263443648815155,0.8131262049795801,1,0
160,8,s02,1110,1110,0111,-0.2828531861305237,-1.6585384607315063,1.3756852746009827,0.7536480374074276,1,0
161,1,s02,0110,0100,0100,-2.6397337913513184,-1.4123997688293457,-1.2273340225219727,0.07146009900650883,0,0
161,2,c31,0110,0010,0010,-1.570426344871521,-0.9950193762779236,-0.5754069685935974,0.2080282086329323,0,0
161,3,c02,0110,0110,0100,-0.031848642975091934,-3.6894609928131104,3.6576123498380184,0.9689572476179734,1,0
161,4,c01,0110,0110,0010,-0.0011824812972918153,-7.0183820724487305,7.017199591151439,0.9988209975792112,1,0
161,5,c32,0110,0110,0100,-0.35999590158462524,-1.2725133895874023,0.9125174880027771,0.6976944854346162,1,0
161,6,t023,0110,0110,0111,-0.004193080123513937,-5.50419282913208,5.499999749008566,0.9958233471183253,1,0
161,7,c12,0100,0100,0110,-0.0793074443936348,-2.579418659210205,2.5001112148165703,0.9237576482238871,1,0
161,8,t012,0100,0100,0101,-0.0004412695416249335,-8.37544059753418,8.374999327992555,0.9995604947155846,1,0
162,1,s23,1100,1100,1101,-1.21958327293396,-1.46958327293396,0.25,0.29603817332464466,1,0
162,2,x0,0100,0100,1100,-0.09261107444763184,-3.3060011863708496,3.2133901119232178,0.912641967911465,1,0
162,3,s12,0010,0010,0100,-0.4955957531929016,-1.1382720470428467,0.6426762938499451,0.609208251729858,1,0
162,4,s10,0010,1010,1010,-0.788367748260498,-0.6456137299537659,-0.14275401830673218,0.4547886445363404,0,0
162,5,c13,0010,0010,0011,-0.10093649476766586,-2.3509364128112793,2.2499999180436134,0.9040052059577504,1,0
162,6,s01,0010,0010,1000,-0.25290054082870483,-1.9760407209396362,1.7231401801109314,0.7765484586836049,1,0
162,7,t102,0010,0010,0011,-7.41472322260961e-05,-10.625073432922363,10.624999285690137,0.9999328121831986,1,0
162,8,x0,1010,1010,0010,-0.018625492230057716,-4.019128799438477,4.000503307208419,0.9819851485212111,1,0
163,1,s01,0101,1001,1001,-1.5273728370666504,-1.4958522319793701,-0.03152060508728027,0.21718092220262947,0,0
163,2,s20,0101,1100,1100,-0.9875985383987427,-0.47550246119499207,-0.5120960772037506,0.3724883641160734,0,0
163,3,t312,0111,0111,0101,-0.026467042043805122,-3.9010982513427734,3.8746312092989683,0.9739613933751253,1,0
163,4,x1,0011,0011,0111,-0.021266765892505646,-6.29857873916626,6.277311973273754,0.9947983883847286,1,0
163,5,x2,0001,0001,0111,-0.0020450775045901537,-7.536754131317139,7.5347090538125485,0.9991868997378429,1,0
163,6,c31,0101,0101,0001,-0.12757830321788788,-2.1274302005767822,1.9998518973588943,0.880413186207177,1,0
163,7,x1,0001,0001,0011,-0.0018017308320850134,-6.876718997955322,6.874917267123237,0.9987072242940336,1,0
163,8,s10,0001,1001,1001,-0.9744641780853271,-0.4762183427810669,-0.49824583530426025,0.37747211807220576,0,0
164,1,s01,1010,0110,0110,-1.9885306358337402,-1.515175223350525,-0.47335541248321533,0.13699518597521448,0,0
164,2,x2,1000,1000,0000,-0.4966757297515869,-2.8354573249816895,2.3387815952301025,0.6086988327461322,1,0
164,3,s10,0100,0100,1000,-0.6008481383323669,-1.0363825559616089,0.43553441762924194,0.5483634844122727,1,0
164,4,s03,0100,0100,1100,-0.3431876599788666,-1.475152611732483,1.1319649517536163,0.709527092838681,1,0
164,5,c32,0100,0100,0110,-0.04467833414673805,-3.541311025619507,3.496632691472769,0.9565556658383376,1,0
164,6,t321,0100,0100,0000,-0.015340450219810009,-4.839694976806641,4.824354526586831,0.9850004214488348,1,0
164,7,x2,0110,0110,0100,-0.0008147434564307332,-7.50277853012085,7.501963786664419,0.9992380308005672,1,0
164,8,c03,0110,0110,0111,-0.2016923576593399,-1.7016923427581787,1.4999999850988388,0.8173522830370679,1,0
165,1,c31,0100,0100,0000,-1.3217225074768066,-1.467652678489685,0.14593017101287842,0.26692895809171086,1,0
165,2,t123,0100,0100,0101,-0.01633176952600479,-4.641332149505615,4.62500037997961,0.983816278033362,1,0
165,3,x1,0000,0000,0100,-0.003722110763192177,-6.024611473083496,6.020889362320304,0.9962935981730211,1,0
165,4,c01,0000,0000,0001,-0.00011074317444581538,-10.000110626220703,9.999999883046257,0.9998897136257459,1,0
165,5,s12,0000,0000,0100,-0.002512129722163081,-6.002500057220459,5.999987927498296,0.9974910201302247,1,0
165,6,t021,0000,0000,1000,-4.255712337908335e-05,-10.971061706542969,10.97101914941959,0.999960503218665,1,0
165,7,c02,0000,0000,0010,-0.00010990852024406195,-9.75255012512207,9.752440216601826,0.9998904091362486,1,0
165,8,t021,0000,0000,1000,-3.778871541726403e-05,-10.33602237701416,10.335984588298743,0.9999623745182867,1,0
166,1,c23,1111,1111,1110,-0.6399261355400085,-2.1399261951446533,1.5000000596046448,0.5282827226431664,1,0
166,2,s12,1111,1111,1011,-0.3245668411254883,-2.0741171836853027,1.7495503425598145,0.7228592742371954,1,0
166,3,x0,0111,0111,1111,-0.012850815430283546,-4.526789665222168,4.513938849791884,0.9887099562516278,1,0
166,4,c12,0101,0101,0111,-0.0002202887408202514,-9.251670837402344,9.251450548661523,0.9998382177834302,1,0
166,5,s31,0101,0101,0001,-0.3902812898159027,-1.1564234495162964,0.7661421597003937,0.6768697622969402,1,0
166,6,s03,1100,1100,0101,-0.16415853798389435,-1.9105950593948364,1.746436521410942,0.8498246544646298,1,0
166,7,s23,1100,1100,1110,-0.00599686149507761,-5.380509853363037,5.3745129918679595,0.9940222693708033,1,0
166,8,x1,1000,1000,1100,-0.0025022728368639946,-6.129257678985596,6.126755406148732,0.997513648673269,1,0
167,1,c32,0011,0011,0001,-0.8952687382698059,-1.8704400062561035,0.9751712679862976,0.4093607163793543,1,0
167,2,s23,0011,0011,0001,-0.42974984645843506,-1.4249932765960693,0.9952434301376343,0.6506906969813376,1,0
167,3,s02,1001,1001,0011,-0.3526337742805481,-1.22592294216156,0.873289167881012,0.7034168173069002,1,0
167,4,t301,1101,1101,1001,-0.39202946424484253,-1.1414092779159546,0.7493798136711121,0.675693567581252,1,0
167,5,c02,1111,1111,1101,-0.0039793094620108604,-6.604715824127197,6.600736514665186,0.9969445293258765,1,0
167,6,s20,1111,1111,0111,-0.16086195409297943,-1.9109941720962524,1.750132218003273,0.851482821580792,1,0
167,7,c13,1110,1110,1111,-0.005824142135679722,-5.193324565887451,5.1875004237517715,0.9942019838328511,1,0
167,8,s21,1110,1110,1011,-0.3445179760456085,-1.7446352243423462,1.4001172482967377,0.7085620171589554,1,0
168,1,c20,0011,0011,1011,-1.1723040342330933,-1.2347495555877686,0.06244552135467529,0.3099805166203518,1,0
168,2,s02,1001,1001,0011,-0.19951462745666504,-1.9136029481887817,1.7140883207321167,0.8197606792897382,1,0
168,3,t201,1001,1001,1101,-0.43465083837509155,-1.0599666833877563,0.6253158450126648,0.6474983586005114,1,0
168,4,t302,1011,1011,1001,-0.08976776897907257,-2.4647815227508545,2.375013753771782,0.9144753134543309,1,0
168,5,c21,1111,1111,1011,-0.11379881203174591,-2.2384843826293945,2.1246855705976486,0.8924780176853635,1,0
168,6,s12,1111,1111,1011,-0.35624557733535767,-1.6098381280899048,1.2535925507545471,0.7003009385809223,1,0
168,7,c20,0111,0111,1111,-0.43049004673957825,-1.055555820465088,0.6250657737255096,0.6513014684837927,1,0
168,8,t012,0111,0111,1101,-0.0004594912170432508,-8.416032791137695,8.415573299920652,0.9995477940329801,1,0
169,1,x3,0001,0001,0000,-0.9313668012619019,-1.6813668012619019,0.75,0.3960687078460877,1,0
169,2,t210,0001,0001,1001,-0.1060568317770958,-2.357640266418457,2.2515834346413612,0.8993944724929189,1,0
169,3,s01,0001,0001,1001,-0.33808478713035583,-1.5147467851638794,1.1766619980335236,0.7131776226612342,1,0
169,4,c12,0001,0001,0011,-0.055957723408937454,-2.931389093399048,2.8754313699901104,0.9457063390385778,1,0
169,5,c23,0001,0001,0000,-0.02932685799896717,-3.779326915740967,3.7500000577419996,0.9712406980174298,1,0
169,6,t130,0001,0001,1001,-0.1271626204252243,-2.127694845199585,2.0005322247743607,0.8807711114211044,1,0
169,7,c31,0101,0101,0001,-0.5766840577125549,-0.826620876789093,0.24993681907653809,0.5618996775524331,1,0
169,8,s02,0101,1101,1101,-0.8268037438392639,-0.7116261720657349,-0.11517757177352905,0.4382385062177539,0,0
170,1,x1,0011,0011,0000,-0.9417212605476379,-2.7669193744659424,1.8251981139183044,0.3904557061538503,1,0
170,2,s13,0110,0110,0011,-0.6384052038192749,-1.159328579902649,0.520923376083374,0.5281475524245376,1,0
170,3,t231,0110,0110,0010,-0.3242901861667633,-1.3387250900268555,1.0144349038600922,0.7231164902794442,1,0
170,4,s20,1100,1100,0110,-0.25416120886802673,-1.7093265056610107,1.455165296792984,0.7802636573299486,1,0
170,5,s20,0110,1100,1100,-0.8379132151603699,-0.6959452629089355,-0.14196795225143433,0.43272721490288,0,0
170,6,s30,0110,1110,1110,-2.362210273742676,-0.23632143437862396,-2.125888839364052,0.09445302358567778,0,0
170,7,t210,1110,1110,0110,-0.474579781293869,-0.9744694232940674,0.49988964200019836,0.6222661748667283,1,0
170,8,s02,1110,1110,0110,-0.19300919771194458,-1.8953222036361694,1.7023130059242249,0.8247046831975289,1,0
171,1,t032,0001,0001,0010,-0.627277135848999,-2.986563205718994,2.359286069869995,0.5358576033263172,1,0
171,2,t201,0001,0001,1001,-0.007202001288533211,-6.017122268676758,6.009920267388225,0.9928282294925713,1,0
171,3,c03,0001,0001,1000,-0.0022065932862460613,-7.718926429748535,7.716719836462289,0.9978039416757878,1,0
171,4,t301,0001,0001,1001,-0.002640620805323124,-6.390242576599121,6.387601955793798,0.9973665943735308,1,0
171,5,s13,0100,0100,0001,-0.3890047073364258,-1.137453556060791,0.7484488487243652,0.6777318607116538,1,0
171,6,c20,0100,0100,1100,-0.20297721028327942,-1.7017595767974854,1.498782366514206,0.8163205152677628,1,0
171,7,t201,0100,0100,0000,-0.00033185657230205834,-9.148409843444824,9.148077986872522,0.9996705456027185,1,0
171,8,c03,0100,0100,0101,-0.2255646288394928,-1.6005645990371704,1.3749999701976776,0.7980695789971913,1,0
172,1,c32,0000,0000,0010,-1.1595553159713745,-1.3074510097503662,0.1478956937789917,0.31451028977274453,1,0
172,2,t203,0000,0000,1000,-0.012283241376280785,-6.050634860992432,6.038351619616151,0.9878124771172839,1,0
172,3,s12,0000,0000,0100,-0.0020965717267245054,-6.2520551681518555,6.249958596425131,0.9979059037527283,1,0
172,4,c30,0000,0000,1000,-0.062077123671770096,-2.812035083770752,2.749957960098982,0.9398639546297113,1,0
172,5,x0,1000,1000,0000,-0.05517195537686348,-2.9305200576782227,2.875348102301359,0.946593388182043,1,0
172,6,x2,1010,1010,1000,-0.0015314326155930758,-7.169787406921387,7.168255974305794,0.9985203214245655,1,0
172,7,s23,1001,1001,1010,-0.4066430330276489,-1.138789176940918,0.732146143913269,0.6658823573784577,1,0
172,8,c23,1001,1001,1000,-0.2029646933078766,-1.7029646635055542,1.4999999701976776,0.8163365133584374,1,0
173,1,s03,0100,0100,1100,-1.1551625728607178,-2.218538761138916,1.0633761882781982,0.3155543315174225,1,0
173,2,s13,0001,0001,0100,-0.4392470121383667,-1.2179757356643677,0.778728723526001,0.6445302842908871,1,0
173,3,s03,1000,1000,0001,-0.5954945087432861,-0.8304170966148376,0.2349225878715515,0.5513285490513443,1,0
173,4,c02,1010,1010,1000,-0.06920749694108963,-3.348700761795044,3.2794932648539543,0.9338587438379922,1,0
173,5,x1,1110,1110,1000,-0.010337796062231064,-5.1366424560546875,5.126304659992456,0.9897811453931281,1,0
173,6,s23,1101,1110,1110,-1.7007784843444824,-0.3927978575229645,-1.307980626821518,0.18254361489642923,0,0
173,7,t301,1001,1101,1101,-0.6955946683883667,-0.6945863366127014,-0.0010083317756652832,0.4987920090469193,0,0
173,8,t013,1001,1001,1100,-0.0038510477170348167,-7.155835151672363,7.1519841039553285,0.9961921646590799,1,0
174,1,t203,0010,0010,0011,-0.7219107151031494,-2.3469109535217285,1.625000238418579,0.48737184739548234,1,0
174,2,c02,0010,0010,1000,-0.014888209290802479,-6.1372880935668945,6.122399884276092,0.9852333239724961,1,0
174,3,t230,0010,0010,1010,-0.2526089549064636,-1.502293348312378,1.2496843934059143,0.7768388963634999,1,0
174,4,x2,0000,0000,0001,-0.0036896970123052597,-6.253689765930176,6.2500000689178705,0.996331502126963,1,0
174,5,s30,0000,0000,1000,-0.38735342025756836,-1.1371370553970337,0.7497836351394653,0.6789014774248625,1,0
174,6,x1,0100,0100,0000,-0.01612726040184498,-4.1429243087768555,4.1267970483750105,0.9840282952879076,1,0
174,7,x0,1100,1100,0100,-0.005359549541026354,-5.255712032318115,5.250352482777089,0.9947355807216899,1,0
174,8,s23,1100,1100,1101,-0.0027198318857699633,-6.502719402313232,6.4999995704274625,0.9972860008530714,1,0
175,1,s20,0001,0001,1000,-1.643017053604126,-1.8295331001281738,0.18651604652404785,0.19358551016073694,1,0
175,2,c20,0001,1001,1001,-0.6967883706092834,-0.6961467862129211,-0.0006415843963623047,0.4982146966229297,0,0
175,3,t023,0001,0001,1000,-0.007097981870174408,-6.735522270202637,6.728424288332462,0.992958786570207,1,0
175,4,x1,0101,0101,0001,-0.0017144171288236976,-7.399852752685547,7.398138335556723,0.9986713889216708,1,0
175,5,t320,0101,1101,1101,-0.8267568349838257,-0.5767805576324463,-0.2499762773513794,0.4377330341070594,0,0
175,6,x2,0111,0111,0101,-0.008565548807382584,-4.95416784286499,4.945602294057608,0.9921607062060851,1,0
175,7,c21,0011,0011,0111,-0.25258949398994446,-1.5027495622634888,1.2501600682735443,0.7770900479185429,1,0
175,8,t231,0111,0111,0011,-0.38718554377555847,-1.1370867490768433,0.7499012053012848,0.6789978173949395,1,0
176,1,s02,1010,0010,0010,-1.4093492031097412,-1.3352305889129639,-0.07411861419677734,0.24449646774304107,0,0
176,2,x3,1011,1011,0011,-0.08674059808254242,-4.542647361755371,4.455906763672829,0.9173770549998712,1,0
176,3,s12,1101,1101,1011,-0.4717530608177185,-1.163046956062317,0.6912938952445984,0.623924889655755,1,0
176,4,c31,1001,1001,1101,-0.6942198276519775,-0.6944200992584229,0.0002002716064453125,0.49947783316565825,1,0
176,5,c32,1011,1011,1001,-0.0010113321477547288,-7.750978946685791,7.749967614538036,0.9990408413120332,1,0
176,6,x3,1010,1010,0010,-0.0005556846153922379,-9.411178588867188,9.410622904251795,0.999624425417569,1,0
176,7,t120,1010,1010,0010,-0.3142186105251312,-1.5669994354248047,1.2527808248996735,0.7303837824693753,1,0
176,8,t023,1011,1010,1010,-1.910293459892273,-0.16029343008995056,-1.7500000298023224,0.14803799862489103,0,0
177,1,c23,0010,0010,0011,-1.076785683631897,-1.576785683631897,0.5,0.3412822691608217,1,0
177,2,t123,0010,0010,0011,-0.009519394487142563,-5.134519577026367,5.125000182539225,0.9905292052567672,1,0
177,3,x0,1010,1010,0010,-0.03540390357375145,-3.417449951171875,3.3820460475981236,0.9655461518100281,1,0
177,4,t213,1010,1010,1011,-0.10081671923398972,-2.3508167266845703,2.2500000074505806,0.9041001073301079,1,0
177,5,x1,1110,1110,1010,-0.0011022994294762611,-7.143611907958984,7.142509608529508,0.9989599860602448,1,0
177,6,s12,1110,1110,1010,-0.6393943428993225,-1.2843475341796875,0.644953191280365,0.5276123171758588,1,0
177,7,s32,1101,1110,1110,-0.9830777645111084,-0.6334698796272278,-0.3496078848838806,0.3741590211031355,0,0
177,8,t130,0101,0101,1101,-0.5765482783317566,-0.8264392018318176,0.24989092350006104,0.5619712625606448,1,0
178,1,t123,1001,1001,1000,-0.6296332478523254,-2.8796331882476807,2.2499999403953552,0.5338436354095685,1,0
178,2,t103,1001,1001,0001,-0.040347009897232056,-5.0173492431640625,4.9770022332668304,0.9605068963518741,1,0
178,3,s01,0101,0101,1001,-0.6333598494529724,-0.8366440534591675,0.20328420400619507,0.53088773385366,1,0
178,4,s23,0110,0101,0101,-0.828153133392334,-0.5768738389015198,-0.2512792944908142,0.4368794403038107,0,0
178,5,c03,0110,0110,0111,-0.01617155596613884,-4.141170978546143,4.124999422580004,0.9839710094539491,1,0
178,6,t103,0110,0110,0111,-0.0036500173155218363,-5.628649711608887,5.624999694293365,0.996361364516265,1,0
178,7,s01,1010,1010,0110,-0.2583284378051758,-2.136503219604492,1.8781747817993164,0.7762080706476675,1,0
178,8,t310,1010,1010,0010,-0.2520614564418793,-1.5510737895965576,1.2990123331546783,0.7771978312357981,1,0
179,1,x1,0100,0100,0010,-1.1700620651245117,-2.4411253929138184,1.2710633277893066,0.31085163448959036,1,0
179,2,c13,0101,0101,0100,-0.5194772481918335,-1.2694772481918335,0.75,0.5949785694044557,1,0
179,3,s03,1100,1100,0101,-0.6160346865653992,-0.9824270606040955,0.3663923740386963,0.5401064547328074,1,0
179,4,x1,1000,1000,1001,-0.07144099473953247,-3.696441173553467,3.6250001788139343,0.9310669909681148,1,0
179,5,t321,1000,1000,1100,-0.005029653664678335,-5.389491081237793,5.384461427573115,0.9949885681412752,1,0
179,6,x2,1010,1010,1000,-0.0015454133972525597,-6.892635345458984,6.891089932061732,0.998476457892045,1,0
179,7,c30,1010,0010,0010,-0.9744852781295776,-0.47652649879455566,-0.497958779335022,0.3774598118025753,0,0
179,8,t120,1010,1010,0010,-0.47418665885925293,-1.0246466398239136,0.5504599809646606,0.622412440439078,1,0
180,1,s13,0011,0110,0110,-2.105998992919922,-2.0570247173309326,-0.04897427558898926,0.1217861724321652,0,0
180,2,t023,0011,0011,1100,-0.36809736490249634,-3.274205207824707,2.9061078429222107,0.6925264280280355,1,0
180,3,x3,0010,0010,0011,-0.0006036206614226103,-8.500603675842285,8.500000055180863,0.9994786304830643,1,0
180,4,s03,0010,1010,1010,-0.8396868109703064,-0.6168667078018188,-0.22282010316848755,0.431869787215886,0,0
180,5,t302,0010,0010,0011,-0.0005341105279512703,-8.000533103942871,7.99999899341492,0.9994683638080617,1,0
180,6,c20,1010,0010,0010,-0.8271064162254333,-0.5764994621276855,-0.2506069540977478,0.43741997462842314,0,0
180,7,c23,1011,1011,1010,-0.22574153542518616,-1.6007415056228638,1.3749999701976776,0.797928646572628,1,0
180,8,t213,1011,1011,1010,-0.04046222195029259,-3.4154622554779053,3.3750000335276127,0.9603779811181306,1,0
181,1,t201,0111,0111,1111,-0.8675346374511719,-2.9299802780151367,2.062445640563965,0.42071129987041506,1,0
181,2,t102,0111,0111,0101,-0.16542375087738037,-2.9179956912994385,2.752571940422058,0.8476097172262235,1,0
181,3,x3,0110,0110,1110,-0.0027757836505770683,-7.199158668518066,7.196382884867489,0.9972572949042806,1,0
181,4,s21,0110,0110,0010,-0.4469524025917053,-1.7493692636489868,1.3024168610572815,0.6395750382809569,1,0
181,5,c03,0110,0110,0111,-0.252000629901886,-1.5020006895065308,1.2500000596046448,0.777260549110865,1,0
181,6,t102,0110,0110,0100,-0.00031171180307865143,-8.750283241271973,8.749971529468894,0.999689799389463,1,0
181,7,c31,0110,0110,0010,-0.5765498280525208,-0.8262805938720703,0.24973076581954956,0.5618526660173936,1,0
181,8,x2,0100,0100,0110,-0.0020130048505961895,-6.275219440460205,6.273206435609609,0.9979960929133251,1,0
182,1,t320,0011,1011,1011,-1.3793854713439941,-0.9913346767425537,-0.38805079460144043,0.2520465110419975,0,0
182,2,x2,0001,0001,0111,-0.16250571608543396,-2.5893776416778564,2.4268719255924225,0.8504387290010232,1,0
182,3,t032,0001,0001,1000,-0.002618816215544939,-7.303165912628174,7.300547096412629,0.9973900694831441,1,0
182,4,s30,1000,1000,0001,-0.19411106407642365,-1.9105554819107056,1.716444417834282,0.8236575061727669,1,0
182,5,x3,1001,1001,1000,-0.008710111491382122,-4.758709907531738,4.749999796040356,0.991332668102044,1,0
182,6,s03,1001,1001,0001,-0.42410796880722046,-1.7929600477218628,1.3688520789146423,0.6543709817354852,1,0
182,7,s30,1001,1001,0001,-0.7590301036834717,-0.9560213088989258,0.1969912052154541,0.46813167046331566,1,0
182,8,s01,0101,0101,1001,-0.3907437026500702,-1.2795671224594116,0.8888234198093414,0.6765709290045702,1,0
183,1,s31,0101,0101,0011,-1.5956610441207886,-2.2158026695251465,0.6201416254043579,0.20295960899172336,1,0
183,2,t032,0101,0101,0111,-0.16398215293884277,-2.3417553901672363,2.1777732372283936,0.8488959362883995,1,0
183,3,x1,0001,0001,1001,-0.0016951989382505417,-8.029983520507812,8.028288321569562,0.9986872342314276,1,0
183,4,s02,0001,0001,1000,-0.6933300495147705,-0.693718433380127,0.0003883838653564453,0.4999235918972055,1,0
183,5,s02,0001,0001,1000,-0.3133065402507782,-1.3143280744552612,1.001021534204483,0.7310383506810597,1,0
183,6,s30,1000,1000,0001,-0.1271969974040985,-2.128098726272583,2.0009017288684845,0.880726459242904,1,0
183,7,s20,0010,0100,0100,-1.3594837188720703,-0.5011656284332275,-0.8583180904388428,0.2567940119612379,0,0
183,8,x2,0000,0000,0001,-0.0027620731852948666,-6.8777618408203125,6.874999767635018,0.9972808834417972,1,0
184,1,s01,0110,0110,1010,-1.5796366930007935,-1.7259794473648071,0.14634275436401367,0.20616502943862736,1,0
184,2,t231,0110,0110,0010,-0.12108349800109863,-2.2565197944641113,2.1354362964630127,0.8859840636378327,1,0
184,3,s32,0101,0101,0110,-0.2720491290092468,-1.5091334581375122,1.2370843291282654,0.7618220644279111,1,0
184,4,x0,1101,1101,0101,-0.07069287449121475,-2.822666883468628,2.751974008977413,0.9393062432812391,1,0
184,5,s13,1101,1101,1001,-0.5951631665229797,-1.0819110870361328,0.4867479205131531,0.5514732167057985,1,0
184,6,s23,1110,1110,1101,-0.05752193182706833,-2.931436777114868,2.8739148452878,0.9441046151114117,1,0
184,7,c03,1111,1111,1110,-0.00592912407591939,-5.443428993225098,5.437499869149178,0.9941505360272822,1,0
184,8,t132,1101,1101,1111,-0.4750974178314209,-0.9810904860496521,0.5059930682182312,0.6226286713043875,1,0
185,1,s12,0000,0000,0100,-0.8793312311172485,-2.028447151184082,1.1491159200668335,0.4155121357770214,1,0
185,2,x2,0010,0010,0001,-0.010327234864234924,-6.5181498527526855,6.507822617888451,0.9898145683675916,1,0
185,3,x3,0011,0011,0010,-0.02542276307940483,-4.525423049926758,4.500000286847353,0.9750263397680189,1,0
185,4,c23,0010,0010,0011,-0.1615557074546814,-2.036555767059326,1.8750000596046448,0.8510402596972916,1,0
185,5,s21,0100,0010,0010,-1.3226224184036255,-0.3229062259197235,-0.999716192483902,0.2664359519676596,0,0
185,6,s31,0001,0001,0100,-0.35481297969818115,-1.4320342540740967,1.0772212743759155,0.7013076720070823,1,0
185,7,x2,0011,0011,0010,-0.006320181768387556,-5.631320476531982,5.625000294763595,0.9940165200303915,1,0
185,8,t120,0011,0011,1011,-0.3908338248729706,-1.1575751304626465,0.7667413055896759,0.6766013914053238,1,0
186,1,x2,0101,0101,0000,-0.754345178604126,-2.7088804244995117,1.9545352458953857,0.47220572023715396,1,0
186,2,c03,0101,0101,0100,-0.07674387842416763,-3.7017438411712646,3.624999962747097,0.9262345086180094,1,0
186,3,t130,1101,0101,0101,-0.9788203835487366,-0.4743352234363556,-0.504485160112381,0.3757872043459775,0,0
186,4,s10,1101,1101,0101,-0.03736959397792816,-3.71610164642334,3.6787320524454117,0.9641681970638357,1,0
186,5,c32,1111,1111,1101,-0.012560495175421238,-4.636478424072266,4.623917928896844,0.987872118758914,1,0
186,6,c01,1011,1011,0111,-0.0012568964157253504,-8.641386985778809,8.640130089363083,0.9996857467683722,1,0
186,7,c13,1011,1011,1010,-0.38701823353767395,-1.1370182037353516,0.7499999701976776,0.6790875222890984,1,0
186,8,x0,0011,0011,1011,-0.0041985176503658295,-5.510992527008057,5.506794009357691,0.9958694968631616,1,0
187,1,x1,0111,0111,0000,-0.9328106641769409,-2.67779541015625,1.744984745979309,0.3940074184071385,1,0
187,2,c32,0101,0101,1100,-0.2953639030456543,-3.4042325019836426,3.1088685989379883,0.7444733708946111,1,0
187,3,t310,1101,1101,0101,-0.5771235823631287,-0.8268638253211975,0.24974024295806885,0.5615447037211506,1,0
187,4,t230,1101,0101,0101,-0.8265474438667297,-0.592695415019989,-0.23385202884674072,0.43765942792023227,0,0
187,5,c10,0101,0101,1101,-0.035842958837747574,-3.4103786945343018,3.374535735696554,0.9654699597690283,1,0
187,6,c02,0101,0101,0100,-0.0005636903224512935,-8.500563621520996,8.499999931198545,0.9994438219593618,1,0
187,7,s23,0110,0110,0101,-0.045239079743623734,-3.1842939853668213,3.1390549056231976,0.9557712240546968,1,0
187,8,x0,1110,1110,0110,-0.07938650995492935,-2.5813560485839844,2.501969538629055,0.9240336644020661,1,0
188,1,c32,1000,1000,1010,-1.0780802965164185,-1.716644287109375,0.6385639905929565,0.3415011584489304,1,0
188,2,t103,1000,1000,1001,-0.018414366990327835,-5.51841402053833,5.499999653548002,0.981824305967647,1,0
188,3,t210,1000,1000,0000,-0.006762652192264795,-5.142839431762695,5.1360767795704305,0.9932638603157316,1,0
188,4,s30,0001,0001,1000,-0.6075241565704346,-0.8265467286109924,0.21902257204055786,0.5448761044496193,1,0
188,5,t013,0001,0001,1000,-0.00029381611966528,-8.726455688476562,8.726161872356897,0.9997119628681533,1,0
188,6,c02,0001,0001,0011,-0.000688630563672632,-7.813940048217773,7.813251417654101,0.9993141500091003,1,0
188,7,s21,0001,0001,0100,-0.22797830402851105,-1.7041544914245605,1.4761761873960495,0.7961899704806804,1,0
188,8,t210,0001,0001,1001,-0.008622503839433193,-4.758760452270508,4.750137948431075,0.9914159711447758,1,0
189,1,c20,1101,0101,0101,-1.2851073741912842,-0.812436044216156,-0.4726713299751282,0.27696604831195243,0,0
189,2,s20,0111,1101,1101,-1.0391663312911987,-0.4793788492679596,-0.5597874820232391,0.3537790319813992,0,0
189,3,t210,1111,1111,0111,-0.2534753680229187,-1.5027364492416382,1.2492610812187195,0.7762938596129717,1,0
189,4,x1,1011,1011,0111,-0.003212055191397667,-7.565364360809326,7.5621523056179285,0.9986193728972632,1,0
189,5,t013,1011,1011,1010,-0.6334061026573181,-0.7584061026573181,0.125,0.5307984525082887,1,0
189,6,t031,1111,1111,1011,-0.00971381925046444,-4.758943557739258,4.749229738488793,0.9904237124238853,1,0
189,7,c21,1011,1011,1111,-0.47420457005500793,-0.9750934839248657,0.5008889138698578,0.6224362064093208,1,0
189,8,x0,0011,0011,1011,-0.014360724948346615,-4.287630081176758,4.273269356228411,0.9858320807697624,1,0
190,1,x2,0001,0001,0110,-0.8831188678741455,-2.505713939666748,1.6225950717926025,0.4146178489950169,1,0
190,2,t013,0001,0001,1000,-0.05012791231274605,-4.6710920333862305,4.620964121073484,0.9511405346349759,1,0
190,3,t120,0001,0001,1001,-0.07902948558330536,-2.5790135860443115,2.499984100461006,0.9240207417195447,1,0
190,4,t213,0001,0001,1000,-0.0002912056224886328,-9.745019912719727,9.744728707097238,0.9997158086698655,1,0
190,5,t321,0001,0001,0101,-0.12705419957637787,-2.1271488666534424,2.0000946670770645,0.8807113109632212,1,0
190,6,s31,0100,0100,0001,-0.31430187821388245,-1.3135026693344116,0.9992007911205292,0.7303019788604372,1,0
190,7,s30,0100,1100,1100,-0.9833605289459229,-0.47456926107406616,-0.5087912678718567,0.3741400209045454,0,0
190,8,x1,0000,0000,0001,-0.0006289762677624822,-7.875628471374512,7.874999495106749,0.9994298671465157,1,0
191,1,t320,0100,0100,1100,-0.9942429065704346,-1.2952781915664673,0.3010352849960327,0.37093776072310614,1,0
191,2,c23,0100,0101,0101,-0.9215258955955505,-0.5465258955955505,-0.375,0.39792390736390626,0,0
191,3,x0,1100,1100,0100,-0.04882466048002243,-3.0499846935272217,3.0011600330471992,0.9524871681553961,1,0
191,4,x0,0100,0100,0101,-0.011874997057020664,-4.886874675750732,4.874999678693712,0.9882862511293792,1,0
191,5,c01,0100,0100,0000,-0.000487859157146886,-8.48294734954834,8.482459490391193,0.9995132082116412,1,0
191,6,s23,0100,0100,0001,-0.004353402182459831,-6.361213207244873,6.356859805062413,0.9956586478376327,1,0
191,7,c23,0100,0100,0101,-0.25215911865234375,-1.5021591186523438,1.25,0.777122271507222,1,0
191,8,c13,0101,0101,0100,-0.10029122978448868,-2.3502912521362305,2.250000022351742,0.9045784007310497,1,0
192,1,t123,1101,1100,1100,-1.1457682847976685,-1.1457682847976685,0.0,0.31846889364986475,0,1
192,2,c03,1100,1100,0000,-0.08489292114973068,-4.488120079040527,4.403227157890797,0.9191440839707867,1,0
192,3,s20,0110,0110,1100,-0.2682795226573944,-1.50253427028656,1.2342547476291656,0.7647132021515161,1,0
192,4,c31,0110,0110,0010,-0.6956179141998291,-0.699730396270752,0.0041124820709228516,0.4987679258027276,1,0
192,5,x1,0010,0010,1010,-0.0012742549879476428,-7.280974388122559,7.279700133134611,0.9987557825772825,1,0
192,6,t312,0010,0010,0000,-0.0005937304231338203,-8.768706321716309,8.768112591293175,0.9994287535562932,1,0
192,7,t123,0010,0010,0011,-0.0029199058189988136,-5.877919673919678,5.874999768100679,0.9970897184482761,1,0
192,8,t123,0010,0010,0011,-0.02643538825213909,-3.651435375213623,3.624999986961484,0.9739128703358496,1,0
193,1,s23,0010,0001,0001,-1.4638950824737549,-1.367100477218628,-0.09679460525512695,0.23179816746962478,0,0
193,2,c01,0010,0010,0000,-0.29408392310142517,-2.463015079498291,2.168931156396866,0.7453557776885485,1,0
193,3,t130,0010,0010,1010,-0.2028326839208603,-1.7067441940307617,1.5039115101099014,0.8165975067782407,1,0
193,4,t230,0010,0010,1010,-0.1608162671327591,-1.9119980335235596,1.7511817663908005,0.8517397166260844,1,0
193,5,t031,0010,0010,1010,-0.0010973640019074082,-8.399910926818848,8.39881356281694,0.9989131611805782,1,0
193,6,t032,0010,0010,0000,-0.00020801229402422905,-9.543183326721191,9.542975314427167,0.9997946943702605,1,0
193,7,s21,0100,0010,0010,-1.7025566101074219,-0.20170462131500244,-1.5008519887924194,0.1822172750841082,0,0
193,8,c12,0110,0110,0100,-0.28244420886039734,-1.4080098867416382,1.1255656778812408,0.7539908072162559,1,0
194,1,t231,1001,1001,1101,-1.1436753273010254,-2.2229197025299072,1.0792443752288818,0.3190007259777269,1,0
194,2,c31,1101,1001,1001,-0.7197918891906738,-0.6969678401947021,-0.02282404899597168,0.48686776999175124,0,0
194,3,t302,1111,1111,1101,-0.1264035403728485,-2.2514073848724365,2.125003844499588,0.8813960278299766,1,0
194,4,t013,1110,1110,0110,-0.00982127245515585,-6.611955642700195,6.6021343702450395,0.9903553678324378,1,0
194,5,t032,1110,1110,1100,-0.05527940392494202,-3.7879478931427,3.732668489217758,0.9462904014925655,1,0
194,6,s12,1110,1110,1010,-0.654102623462677,-1.4849618673324585,0.8308592438697815,0.5199085295450233,1,0
194,7,s31,1011,1011,1110,-0.6536391973495483,-0.7634105682373047,0.10977137088775635,0.5201500574798287,1,0
194,8,t032,1001,1011,1011,-0.8296223282814026,-0.5835948586463928,-0.24602746963500977,0.4362779774930888,0,0
195,1,c01,1000,1000,1100,-1.1416375637054443,-2.3664908409118652,1.224853277206421,0.3196160362405989,1,0
195,2,c20,1000,1000,0000,-0.3880394399166107,-1.148382544517517,0.7603431046009064,0.6784212284779235,1,0
195,3,t230,1000,1000,0000,-0.0619996041059494,-2.9405269622802734,2.878527358174324,0.9398879358831136,1,0
195,4,c02,1010,1010,1000,-0.008438199758529663,-5.011806964874268,5.003368765115738,0.992077929248794,1,0
195,5,s10,0110,1010,1010,-1.0636013746261597,-0.49966806173324585,-0.5639333128929138,0.34552253373429803,0,0
195,6,x2,0100,0100,1100,-0.0004991734167560935,-8.061656951904297,8.06115777848754,0.999518138883793,1,0
195,7,x0,1100,1100,0100,-0.0623461976647377,-2.8138391971588135,2.7514929994940758,0.9398572071067373,1,0
195,8,x2,1110,1110,0110,-0.0019293817458674312,-7.084719181060791,7.082789799314924,0.9981083070156965,1,0
196,1,s30,0010,1010,1010,-1.5888770818710327,-1.514249563217163,-0.07462751865386963,0.204371825290136,0,0
196,2,t321,0010,0010,0110,-0.10639088600873947,-3.175591468811035,3.0692005828022957,0.8991377443777112,1,0
196,3,s23,0001,0001,0010,-0.40215060114860535,-1.1809865236282349,0.7788359224796295,0.6688809947595148,1,0
196,4,t301,0001,0001,0010,-0.0009910361841320992,-8.877842903137207,8.876851866953075,0.9990137317485165,1,0
196,5,s03,1000,1000,0001,-0.20256514847278595,-1.7017438411712646,1.4991786926984787,0.8166743641409967,1,0
196,6,c01,1100,1100,1000,-0.2528737485408783,-1.5582292079925537,1.3053554594516754,0.7765761847152485,1,0
196,7,x2,1110,1110,1100,-0.0064436099492013454,-5.136292934417725,5.129849324468523,0.9939542753449465,1,0
196,8,x2,1100,1100,1110,-0.0009094746201299131,-7.5127739906311035,7.511864516010974,0.9991048041552145,1,0
197,1,s13,0101,0101,0010,-1.780847430229187,-2.3327486515045166,0.5519012212753296,0.1685947934682468,1,0
197,2,t120,0101,0101,1101,-0.7039640545845032,-0.8035227656364441,0.09955871105194092,0.49471174376682603,1,0
197,3,c01,0101,0101,0001,-0.016581520438194275,-4.7890706062316895,4.772489085793495,0.983571108429964,1,0
197,4,t103,0101,0101,0100,-0.004021950997412205,-6.254021644592285,6.249999693594873,0.9960120037233736,1,0
197,5,t123,0101,0101,0100,-0.002590308664366603,-6.002590179443359,5.999999870778993,0.9974227430600969,1,0
197,6,t120,0101,0101,1101,-0.4741690754890442,-0.9855189323425293,0.5113498568534851,0.6224322007638803,1,0
197,7,s02,0101,1100,1100,-1.0537916421890259,-0.49920541048049927,-0.5545862317085266,0.35378036404161245,0,0
197,8,c32,0111,0111,0110,-0.07843616604804993,-3.0784361362457275,2.9999999701976776,0.9245788306339836,1,0
198,1,c10,1111,1111,0111,-0.9159430861473083,-1.3489713668823242,0.43302828073501587,0.400610815868929,1,0
198,2,t230,0111,0111,1111,-0.58244389295578,-0.8329693675041199,0.25052547454833984,0.5586442458660541,1,0
198,3,c21,0011,0011,0111,-0.2288302183151245,-1.6046230792999268,1.3757928609848022,0.7955077832316094,1,0
198,4,c21,0111,0111,0011,-0.10448113083839417,-2.3503634929656982,2.245882362127304,0.9008078627302517,1,0
198,5,s10,1011,1011,1111,-0.10203852504491806,-2.482651948928833,2.380613423883915,0.9068641768159793,1,0
198,6,x2,1001,1001,1111,-0.0030779193621128798,-7.631742000579834,7.628664081217721,0.9983041412921395,1,0
198,7,x1,1101,1101,1011,-0.00026248517679050565,-9.209735870361328,9.209473385184538,0.9997806420300532,1,0
198,8,x1,1001,1001,1101,-0.004208184778690338,-5.758309841156006,5.7541016563773155,0.9960996518729768,1,0
199,1,t301,0110,0110,0000,-0.5297672152519226,-3.37363338470459,2.8438661694526672,0.589315580395894,1,0
199,2,x3,0111,0111,0110,-0.01682736910879612,-5.391827583312988,5.375000214204192,0.9833742472713114,1,0
199,3,c02,0111,0111,0101,-0.01780606061220169,-4.141890525817871,4.124084465205669,0.9823661980779983,1,0
199,4,c21,0011,0011,0111,-0.14425110816955566,-2.020066976547241,1.8758158683776855,0.8656872007076767,1,0
199,5,x2,0001,0001,0011,-0.00026485996204428375,-8.821368217468262,8.821103357506217,0.9998019820139011,1,0
199,6,c21,0001,0001,0101,-0.3870125412940979,-1.1372168064117432,0.7502042651176453,0.6791185660275659,1,0
199,7,s03,1000,1000,0001,-0.34907615184783936,-1.223537564277649,0.8744614124298096,0.7053720972040138,1,0
199,8,x1,1100,1100,1000,-0.011090533807873726,-4.521627426147461,4.510536892339587,0.9889721320577569,1,0
200,1,x2,0111,0111,0000,-0.7937283515930176,-2.6064817905426025,1.812753438949585,0.454270396934056,1,0
200,2,x2,0101,0101,1101,-0.015525017865002155,-6.004256725311279,5.988731707446277,0.9847085664955285,1,0
200,3,x3,0100,0100,1100,-0.008639724925160408,-6.624950408935547,6.6163106840103865,0.9914259546130763,1,0
200,4,s30,0100,0100,1100,-0.6952834129333496,-0.695502758026123,0.0002193450927734375,0.4989684379071316,1,0
200,5,c32,0100,0100,0110,-0.0031472882255911827,-6.252473831176758,6.249326542951167,0.9969073887009804,1,0
200,6,c01,0100,0100,0101,-0.008586276322603226,-5.008586406707764,5.0000001303851604,0.991457029513232,1,0
200,7,x2,0110,0110,0100,-0.002682696795091033,-6.389642238616943,6.386959541821852,0.9974700346970146,1,0
200,8,x3,0111,0111,0110,-0.002224080264568329,-6.127224445343018,6.125000365078449,0.9977868218787963,1,0
201,1,x2,0101,0101,0000,-0.7265394926071167,-2.8105428218841553,2.0840033292770386,0.485327263546995,1,0
201,2,x0,1101,1101,0101,-0.5359967947006226,-0.9542820453643799,0.4182852506637573,0.5852120457184076,1,0
201,3,x2,1111,1111,0111,-0.004065306857228279,-7.348973274230957,7.344907967373729,0.996137182923336,1,0
201,4,x2,1101,1101,0101,-0.0002724970690906048,-9.544620513916016,9.544348016846925,0.9997737330522404,1,0
201,5,c32,1111,1111,1101,-0.009836936369538307,-4.884648323059082,4.874811386689544,0.990400123261389,1,0
201,6,t230,0111,0111,1111,-0.6935246586799622,-0.6936050057411194,8.034706115722656e-05,0.4999572596225419,1,0
201,7,s20,1101,1111,1111,-1.3521102666854858,-0.3814287483692169,-0.9706815183162689,0.2587383005292291,0,0
201,8,s20,0111,1101,1101,-1.073123574256897,-0.42977839708328247,-0.6433451771736145,0.34194958183764684,0,0
202,1,t301,1011,1111,1111,-1.4721786975860596,-1.2922286987304688,-0.17994999885559082,0.22965729430876933,0,0
202,2,x3,1010,1010,0100,-0.021172868087887764,-5.977563858032227,5.956390989944339,0.9791587354725448,1,0
202,3,s10,0110,0110,1010,-0.7315546870231628,-0.7420452833175659,0.010490596294403076,0.4811738123521612,1,0
202,4,x3,0111,0111,0110,-0.0006152323330752552,-7.62561559677124,7.625000364438165,0.9993950573662064,1,0
202,5,c03,0111,0111,0110,-0.0013837111182510853,-6.626383304595947,6.624999593477696,0.9986390139329467,1,0
202,6,t312,0101,0101,0111,-0.14301279187202454,-2.0209848880767822,1.8779720962047577,0.8668598051815902,1,0
202,7,s02,0101,1100,1100,-1.5023928880691528,-0.7858431339263916,-0.7165497541427612,0.3265137033431411,0,0
202,8,c31,0001,0001,0101,-0.3486253321170807,-1.2236475944519043,0.8750222623348236,0.7056983870903034,1,0
203,1,x0,1000,1000,0000,-0.8791593909263611,-1.8170487880706787,0.9378893971443176,0.4161324857720365,1,0
203,2,s20,0010,0010,1000,-0.780512273311615,-1.1425938606262207,0.3620815873146057,0.4581770261377188,1,0
203,3,x2,0000,0000,1000,-0.01239602081477642,-5.474029064178467,5.46163304336369,0.9877276549898543,1,0
203,4,x1,0100,0100,0000,-0.021110709756612778,-4.099329471588135,4.078218761831522,0.9791194535881248,1,0
203,5,t023,0100,0100,1100,-0.003087569959461689,-7.726203918457031,7.72311634849757,0.9969631431720031,1,0
203,6,x0,1100,1100,0100,-0.08981219679117203,-2.4695231914520264,2.3797109946608543,0.9144983265885972,1,0
203,7,s31,1001,1001,1100,-0.40556058287620544,-1.7035977840423584,1.298037201166153,0.6666037124829939,1,0
203,8,x3,1000,1000,0000,-0.007214860990643501,-5.91264533996582,5.905430478975177,0.992848161656082,1,0
204,1,x2,0010,0010,0100,-0.6334658861160278,-2.954000949859619,2.3205350637435913,0.5328897841189614,1,0
204,2,t320,0010,0010,1010,-0.48907071352005005,-1.006075143814087,0.5170044302940369,0.6132628707170537,1,0
204,3,x0,1010,1010,0010,-0.11503226310014725,-2.2410995960235596,2.1260673329234123,0.8915018947909257,1,0
204,4,x2,1000,1000,0000,-0.01016097143292427,-5.93520975112915,5.925048779696226,0.9899295449054746,1,0
204,5,t301,1000,1000,1100,-0.006434576585888863,-5.256574630737305,5.250140054151416,0.9935877449448096,1,0
204,6,c32,1000,1000,1010,-0.0009982232004404068,-7.250890254974365,7.249892031773925,0.9990259012820657,1,0
204,7,c03,1001,1001,1000,-0.16045600175857544,-1.9104560613632202,1.7500000596046448,0.851768237062342,1,0
204,8,s02,0011,1001,1001,-1.8212194442749023,-0.1801493912935257,-1.6410700529813766,0.16185568164633587,0,0
205,1,t023,0100,0100,0101,-0.7031912207603455,-2.3281912803649902,1.6250000596046448,0.4973571873100709,1,0
205,2,t012,0100,0100,1100,-0.04489956423640251,-4.350882053375244,4.305982489138842,0.9561576695731884,1,0
205,3,c03,0100,0100,0101,-0.04069535806775093,-3.2906954288482666,3.2500000707805157,0.960140180322567,1,0
205,4,t021,0100,0100,1000,-0.0011245469795539975,-7.520073890686035,7.518949343706481,0.9988818260615155,1,0
205,5,c20,0100,0100,1100,-0.47485533356666565,-0.9746577143669128,0.4998023808002472,0.6222154311294865,1,0
205,6,s01,1000,0100,0100,-6.128204822540283,-0.00888962484896183,-6.119315197691321,0.0021820857266846624,0,0
205,7,t320,1000,1000,0000,-0.9741158485412598,-1.201637864112854,0.22752201557159424,0.37753741616210207,1,0
205,8,t132,1000,1000,1010,-0.0011447896249592304,-8.001136779785156,7.999991990160197,0.9988897263242114,1,0
206,1,t102,0000,0000,0010,-0.5188809633255005,-3.114042043685913,2.5951610803604126,0.596510675294881,1,0
206,2,s01,0000,0000,1000,-0.17028479278087616,-1.9105441570281982,1.740259364247322,0.8434338463098721,1,0
206,3,t210,0000,0000,1000,-0.00864847470074892,-4.758724212646484,4.7500757379457355,0.9913913150979878,1,0
206,4,t103,0000,0000,1000,-0.0010223923018202186,-7.828433513641357,7.827411121339537,0.9989831701992765,1,0
206,5,t203,0000,0000,1000,-0.0004180074902251363,-8.86266040802002,8.862242400529794,0.999584081957705,1,0
206,6,t321,0000,0000,0100,-0.003622976131737232,-5.753686428070068,5.750063451938331,0.9963911790382262,1,0
206,7,x2,0010,0010,0000,-0.011438664980232716,-4.521199703216553,4.50976103823632,0.9888331001704307,1,0
206,8,x0,1010,1010,0010,-0.011318784207105637,-4.513102054595947,4.501783270388842,0.9888860899205724,1,0
207,1,x0,1101,1101,0101,-1.0013275146484375,-2.3422014713287354,1.3408739566802979,0.3680687487782723,1,0
207,2,x3,1100,1100,0100,-0.13350382447242737,-3.7459216117858887,3.6124177873134613,0.875300016115674,1,0
207,3,s32,1100,1100,0101,-1.1487568616867065,-2.012866973876953,0.8641101121902466,0.3170408238333299,1,0
207,4,c30,1100,1100,0100,-0.6937599182128906,-0.6961432695388794,0.0023833513259887695,0.4997760864131649,1,0
207,5,s10,1100,1100,0100,-0.06764260679483414,-3.104783296585083,3.037140689790249,0.9349176022444811,1,0
207,6,s03,0101,1100,1100,-0.7019006013870239,-0.6954137086868286,-0.0064868927001953125,0.49565837623351416,0,0
207,7,s30,1100,1100,0101,-0.11399905383586884,-2.241020917892456,2.127021864056587,0.8925552778372066,1,0
207,8,x0,0100,0101,0101,-0.9752885103225708,-0.4752885103225708,-0.5,0.37709355934467237,0,0
208,1,s23,0000,0000,0010,-1.082632064819336,-1.6793421506881714,0.5967100858688354,0.3399458062924081,1,0
208,2,t213,0000,0000,1000,-0.026764260604977608,-5.297907829284668,5.27114356867969,0.9736483889904235,1,0
208,3,t203,0000,0000,1000,-0.0009986736113205552,-8.263326644897461,8.26232797128614,0.9990050565149515,1,0
208,4,t312,0000,0000,1000,-0.00032041495433077216,-9.034942626953125,9.034622211998794,0.9996837312791923,1,0
208,5,s21,0000,0000,0100,-0.004689611494541168,-5.379674911499023,5.374985300004482,0.9953221982492038,1,0
208,6,c20,0000,0000,1000,-0.12707224488258362,-2.127042055130005,1.9999698102474213,0.8807617336373073,1,0
208,7,x2,0010,0010,0000,-0.0011713041458278894,-6.946112632751465,6.944941328605637,0.998929455856167,1,0
208,8,s30,0010,1010,1010,-1.0563925504684448,-0.46291565895080566,-0.5934768915176392,0.34836924581540146,0,0
209,1,c20,1111,1111,0111,-0.8248718976974487,-1.404841423034668,0.5799695253372192,0.43917375065091546,1,0
209,2,s01,1111,1111,0111,-0.26459723711013794,-1.9127960205078125,1.6481987833976746,0.7677812806012229,1,0
209,3,s20,1111,1111,0111,-0.18088485300540924,-1.805305004119873,1.6244201511144638,0.8347322750241677,1,0
209,4,x1,1011,1011,0111,-0.007227711845189333,-5.9593892097473145,5.952161497902125,0.9931074593546371,1,0
209,5,c10,1011,1011,0011,-0.3869946599006653,-1.1371610164642334,0.7501663565635681,0.6790978446247896,1,0
209,6,c10,1011,1011,0011,-0.3870406150817871,-1.1422055959701538,0.7551649808883667,0.6790775823882705,1,0
209,7,t310,1011,1011,0011,-0.5769118666648865,-1.0798735618591309,0.5029616951942444,0.5621182752807933,1,0
209,8,s12,1101,1101,1011,-0.22320488095283508,-1.704058289527893,1.480853408575058,0.800104973254107,1,0
210,1,t230,1011,0011,0011,-1.498551845550537,-1.0317208766937256,-0.4668309688568115,0.22384863409660669,0,0
210,2,s30,1011,1011,0011,-0.6448326110839844,-0.9409112334251404,0.296078622341156,0.5248484694410385,1,0
210,3,t032,1001,1001,1011,-0.20541711151599884,-1.7084730863571167,1.5030559748411179,0.8143729833157554,1,0
210,4,x3,1000,1000,1001,-0.0011110370978713036,-8.00111198425293,8.000000947155058,0.9988974732248206,1,0
210,5,s20,0010,0010,1000,-0.17677167057991028,-2.1269989013671875,1.9502272307872772,0.8380296174052065,1,0
210,6,t230,0010,0010,1010,-0.25286874175071716,-1.5024713277816772,1.24960258603096,0.7766337316694216,1,0
210,7,s01,0010,0010,1010,-0.5783141851425171,-1.2128710746765137,0.6345568895339966,0.5608665167491742,1,0
210,8,s03,0010,0010,1010,-0.6944049000740051,-0.717565655708313,0.02316075563430786,0.4993792913583556,1,0
211,1,s02,1011,0011,0011,-1.511062502861023,-1.307021141052246,-0.20404136180877686,0.22080625492647513,0,0
211,2,t021,1111,1111,1011,-0.21587112545967102,-2.2590625286102295,2.0431914031505585,0.8059189208025106,1,0
211,3,s30,1111,1111,0111,-0.1846545934677124,-1.8435009717941284,1.658846378326416,0.8316353576012537,1,0
211,4,t321,1011,1011,1111,-0.6937862634658813,-0.694290041923523,0.0005037784576416016,0.49970634091504124,1,0
211,5,t023,1010,1010,1011,-0.11440389603376389,-2.2394039630889893,2.1250000670552254,0.8919237604365948,1,0
211,6,c21,1110,1110,1010,-0.4755982756614685,-0.9749701023101807,0.49937182664871216,0.6215160587663962,1,0
211,7,x3,1111,1111,1110,-0.018589220941066742,-4.018589496612549,4.000000275671482,0.9816370892526155,1,0
211,8,t310,0111,0111,1111,-0.474623441696167,-0.9752905368804932,0.5006670951843262,0.622252931859132,1,0
212,1,t031,0111,0111,0000,-0.9539653062820435,-2.677980661392212,1.7240153551101685,0.3857512503183061,1,0
212,2,t310,1111,1111,0111,-0.317537784576416,-1.3141895532608032,0.9966517686843872,0.7279960509470507,1,0
212,3,t130,0111,0111,1111,-0.2526405155658722,-1.5025303363800049,1.2498898208141327,0.7770178763643588,1,0
212,4,c01,0111,0111,0011,-0.003067102050408721,-6.230584144592285,6.227517042541876,0.9969398311633985,1,0
212,5,s20,1101,1101,1110,-0.24118973314762115,-1.7559846639633179,1.5147949308156967,0.78605245957016,1,0
212,6,t312,1111,1111,1101,-0.007411688566207886,-5.007566928863525,5.0001552402973175,0.9930812340700161,1,0
212,7,x2,1101,1101,0101,-0.0005284034996293485,-8.587726593017578,8.587198189517949,0.9995480786752914,1,0
212,8,t023,1101,1101,1100,-0.314047634601593,-1.3140476942062378,1.0000000596046448,0.7305035188946386,1,0
213,1,t301,0001,0001,1100,-0.5827130079269409,-3.163343906402588,2.580630898475647,0.5592123727926543,1,0
213,2,t103,0001,0001,1000,-0.01854568161070347,-5.440821170806885,5.422275489196181,0.9816456273727595,1,0
213,3,c13,0001,0001,0000,-0.0034407973289489746,-5.878440856933594,5.875000059604645,0.9965728045691387,1,0
213,4,x3,0000,0000,0001,-0.003434077836573124,-5.878433704376221,5.874999626539648,0.996609935076335,1,0
213,5,x1,0100,0100,0000,-0.007952768355607986,-4.911105155944824,4.903152387589216,0.9920884040496086,1,0
213,6,x0,1100,1100,0100,-0.0054200179874897,-5.255838394165039,5.250418376177549,0.9947341284749828,1,0
213,7,t120,1100,1100,0100,-0.38710319995880127,-1.16603684425354,0.7789336442947388,0.6791576838131558,1,0
213,8,t231,1100,1100,1000,-0.0043801008723676205,-5.513075351715088,5.50869525084272,0.9956326835695668,1,0
214,1,t320,0110,0110,1110,-1.094551920890808,-1.1979433298110962,0.10339140892028809,0.33538333326855685,1,0
214,2,c31,0110,0010,0010,-0.8339362740516663,-0.5807836651802063,-0.25315260887145996,0.4343499052138544,0,0
214,3,x0,1110,1110,0110,-0.008492202498018742,-4.883063316345215,4.874571113847196,0.9917953478242377,1,0
214,4,s02,1110,1110,0110,-0.3947380781173706,-1.3384710550308228,0.9437329769134521,0.6739666419521974,1,0
214,5,t031,1110,1110,1010,-0.6342788934707642,-0.7592248916625977,0.1249459981918335,0.5303195235362261,1,0
214,6,c10,0110,0110,1110,-0.04535037279129028,-3.170341968536377,3.1249915957450867,0.9578927521289885,1,0
214,7,c21,0010,0110,0110,-1.9118516445159912,-0.16138887405395508,-1.7504627704620361,0.147806638803701,0,0
214,8,c20,1010,0010,0010,-1.1370145082473755,-0.3869577646255493,-0.7500567436218262,0.32079371214912283,0,0
215,1,t021,0011,0011,0100,-0.7671124935150146,-2.598560094833374,1.8314476013183594,0.46485589157315577,1,0
215,2,s03,1010,1010,0011,-0.2220548391342163,-2.020772933959961,1.7987180948257446,0.8009127190394827,1,0
215,3,c12,1010,1010,1000,-0.15747536718845367,-2.0330488681793213,1.8755735009908676,0.8543056178265463,1,0
215,4,c10,1010,1010,0010,-0.2015184909105301,-1.7019550800323486,1.5004365891218185,0.8174912183135765,1,0
215,5,t123,1010,1010,1011,-0.10106667131185532,-2.3510665893554688,2.2499999180436134,0.9038815655079097,1,0
215,6,t213,1010,1010,1011,-0.011284836567938328,-4.511284828186035,4.499999991618097,0.9887815566634265,1,0
215,7,x0,0010,0010,1010,-0.0035983785055577755,-5.85354471206665,5.849946333561093,0.9964987324117504,1,0
215,8,t032,0010,0010,1000,-0.0008449353626929224,-7.8589324951171875,7.858087559754495,0.9991604561188347,1,0
216,1,s10,1010,0110,0110,-1.8515498638153076,-1.5046672821044922,-0.34688258171081543,0.15707860358162107,0,0
216,2,s30,0011,1010,1010,-1.1446309089660645,-0.829543948173523,-0.3150869607925415,0.3184080653858549,0,0
216,3,t320,1011,1011,0011,-0.6224479675292969,-0.8971779346466064,0.27472996711730957,0.5367062851034666,1,0
216,4,s12,1101,1101,1011,-0.8840394616127014,-1.5918397903442383,0.7078003287315369,0.41314935500713107,1,0
216,5,x1,1001,1001,1111,-0.07193002104759216,-3.546708345413208,3.474778324365616,0.9309003048418911,1,0
216,6,t123,1001,1001,1000,-0.032676227390766144,-3.7826759815216064,3.7499997541308403,0.9678981037554633,1,0
216,7,c13,1001,1001,1000,-0.0436767041683197,-3.1686766147613525,3.124999910593033,0.9573218439254738,1,0
216,8,t023,1001,1001,1000,-0.0016215640353038907,-7.126621246337891,7.124999682302587,0.9984290360374359,1,0
217,1,s10,1101,0101,0101,-1.4410088062286377,-0.9901037812232971,-0.4509050250053406,0.23673473020556798,0,0
217,2,c32,1111,1111,1110,-0.08673310279846191,-4.086732864379883,3.999999761581421,0.9171409707399061,1,0
217,3,t320,0111,0111,1111,-0.4745485484600067,-0.9746578931808472,0.5001093447208405,0.6222880554474198,1,0
217,4,x1,0011,0011,1011,-0.2037310153245926,-2.249674081802368,2.0459430664777756,0.8169577382882931,1,0
217,5,c21,0111,0111,0011,-0.16093234717845917,-1.9104341268539429,1.7495017796754837,0.8514296378508049,1,0
217,6,s20,1101,1111,1111,-1.7520561218261719,-0.42961764335632324,-1.3224384784698486,0.17509301106803585,0,0
217,7,x1,1001,1001,0101,-0.006978115998208523,-5.437098026275635,5.430119910277426,0.9931749654402827,1,0
217,8,x0,0001,0001,1001,-0.01638723351061344,-4.141577243804932,4.125190010294318,0.9837968143468881,1,0
218,1,s03,1010,0011,0011,-2.116495370864868,-1.341933012008667,-0.7745623588562012,0.12061329533617605,0,0
218,2,x0,0010,0010,1010,-0.896232008934021,-1.9068758487701416,1.0106438398361206,0.40838738860370577,1,0
218,3,t123,0010,0010,1011,-0.29139673709869385,-3.0606541633605957,2.769257426261902,0.7473873590423505,1,0
218,4,c01,0010,0010,0011,-0.027493512257933617,-4.527493476867676,4.499999964609742,0.9729000723705838,1,0
218,5,s02,1000,1000,0010,-0.4751375913619995,-0.9794773459434509,0.5043397545814514,0.6218748981775267,1,0
218,6,s01,0100,0100,1000,-0.23521235585212708,-2.160672426223755,1.9254600703716278,0.7904115211201833,1,0
218,7,s20,0100,0100,1100,-0.3872438073158264,-1.1374129056930542,0.7501690983772278,0.6789493084903967,1,0
218,8,c31,0100,0100,0000,-0.576518714427948,-0.8286924362182617,0.2521737217903137,0.5618634365582316,1,0
219,1,t310,0010,0010,1010,-0.7317513227462769,-1.4865303039550781,0.7547789812088013,0.48151122791974965,1,0
219,2,x2,0000,0000,1000,-0.01973561942577362,-5.9203643798828125,5.900628760457039,0.9804937635476827,1,0
219,3,x1,0100,0100,0000,-0.028249233961105347,-4.0654072761535645,4.037158042192459,0.9721651982405084,1,0
219,4,s32,0100,0100,0110,-0.005772413220256567,-6.505641937255859,6.499869524035603,0.9942609593489874,1,0
219,5,c23,0100,0100,0101,-0.26693475246429443,-1.5169347524642944,1.25,0.7657470571224804,1,0
219,6,x2,0110,0110,0100,-0.0039031191263347864,-5.88085412979126,5.876951010664925,0.9961273774880886,1,0
219,7,c30,0110,0110,1110,-0.693560779094696,-0.6937198638916016,0.00015908479690551758,0.49992910941483115,1,0
219,8,s21,0110,0011,0011,-0.8358225226402283,-0.828335702419281,-0.007486820220947266,0.43351876783683285,0,0
220,1,s30,1100,0101,0101,-1.9113595485687256,-1.5753802061080933,-0.3359793424606323,0.14796793788674342,0,0
220,2,x1,1000,1000,1001,-1.7157628536224365,-1.8407628536224365,0.125,0.17996573110911954,1,0
220,3,x1,1100,1100,1010,-0.04384959489107132,-4.105457305908203,4.061607711017132,0.9571146956640435,1,0
220,4,x2,1110,1110,0001,-0.026488501578569412,-5.562198162078857,5.535709660500288,0.9752842900205729,1,0
220,5,c02,1100,1100,1110,-0.013172687962651253,-5.609780311584473,5.596607623621821,0.9871995219971598,1,0
220,6,x2,1110,1110,0110,-0.007200676016509533,-6.285264015197754,6.278063339181244,0.9929689596155128,1,0
220,7,c30,1110,0110,0110,-0.7587886452674866,-0.6417927145957947,-0.1169959306716919,0.46844811570184597,0,0
220,8,t301,1110,1110,1010,-0.47524598240852356,-0.9769748449325562,0.5017288625240326,0.6217439408277504,1,0
221,1,c21,0111,0111,0011,-1.2413362264633179,-1.4326677322387695,0.19133150577545166,0.2892371072067785,1,0
221,2,s02,1101,1101,0111,-0.5624248385429382,-1.4216070175170898,0.8591821789741516,0.5699024262616132,1,0
221,3,c32,1111,1111,1110,-0.019665757194161415,-5.5196661949157715,5.50000043772161,0.9806928965238305,1,0
221,4,c02,1101,1101,0111,-0.0018900843570008874,-7.713828086853027,7.7119380024960265,0.998252086343809,1,0
221,5,t130,0101,1101,1101,-0.6936807036399841,-0.6935300230979919,-0.0001506805419921875,0.49989800482644203,0,0
221,6,x3,0100,0100,1100,-0.002232570433989167,-6.491478443145752,6.489245872711763,0.997807849617696,1,0
221,7,c31,0100,0100,0000,-0.4764673411846161,-0.9889152646064758,0.5124479234218597,0.6209906411628249,1,0
221,8,x2,0110,0110,0100,-0.0010375870624557137,-7.052772521972656,7.0517349349102005,0.9990394761412236,1,0
222,1,x0,0100,0100,1100,-0.7164757251739502,-2.1433303356170654,1.4268546104431152,0.48923928558351376,1,0
222,2,x0,1100,1100,0100,-0.04104355350136757,-3.341320037841797,3.3002764843404293,0.959880813408699,1,0
222,3,t302,1100,1100,1110,-0.039946988224983215,-3.533745765686035,3.493798777461052,0.9609985229488717,1,0
222,4,t130,1100,1100,0100,-0.10057437419891357,-2.412266731262207,2.3116923570632935,0.904373659535005,1,0
222,5,s23,1100,1100,1110,-0.004375970922410488,-5.753983020782471,5.74960704986006,0.9956448118069368,1,0
222,6,x3,1101,1101,1100,-0.011353238485753536,-4.511353015899658,4.499999777413905,0.9887617297703719,1,0
222,7,x2,1111,1111,1101,-0.0006030106451362371,-9.429647445678711,9.429044435033575,0.9995691930191878,1,0
222,8,c23,1110,1110,1111,-0.0074277641251683235,-5.31992769241333,5.312499928288162,0.9926075488324877,1,0
223,1,c32,1101,1101,1110,-0.8666373491287231,-2.3027524948120117,1.4361151456832886,0.42098089997514243,1,0
223,2,t130,0101,1101,1101,-0.8305620551109314,-0.5803753733634949,-0.2501866817474365,0.43587256561526344,0,0
223,3,s31,0101,0101,0001,-0.6562976837158203,-0.795174777507782,0.13887709379196167,0.5187725132013553,1,0
223,4,x2,0111,0111,0101,-0.006745145656168461,-5.157949924468994,5.151204778812826,0.9934339846837781,1,0
223,5,x0,1111,1111,0111,-0.1889629364013672,-1.8139938116073608,1.6250308752059937,0.8352297603801673,1,0
223,6,s03,1111,1111,0111,-0.13785403966903687,-2.471709966659546,2.333855926990509,0.8713240251695642,1,0
223,7,t312,1101,1101,1111,-0.1273915320634842,-2.1300904750823975,2.0026989430189133,0.8807039864009153,1,0
223,8,c23,1101,1100,1100,-0.7589201331138611,-0.6339201331138611,-0.125,0.4681929375397851,0,0
224,1,t230,1011,0011,0011,-1.4981906414031982,-1.014327883720398,-0.4838627576828003,0.22383427132611505,0,0
224,2,t123,1011,1011,1010,-0.3252857029438019,-1.3252856731414795,0.9999999701976776,0.7223402171551419,1,0
224,3,x0,0011,0011,0111,-0.004116760566830635,-6.265402793884277,6.261286033317447,0.9959453022782077,1,0
224,4,t123,0011,0011,0010,-0.014316616579890251,-4.264317035675049,4.250000419095159,0.9857877006655524,1,0
224,5,x3,0010,0010,0011,-0.0001400649343850091,-9.375140190124512,9.375000125190127,0.999888549063893,1,0
224,6,t230,0010,0010,1010,-0.475305438041687,-0.9742037057876587,0.4988982677459717,0.621748953243767,1,0
224,7,t301,0010,0010,0011,-0.0010968910064548254,-7.001096725463867,6.999999834457412,0.9989067331062553,1,0
224,8,t012,0010,0010,0110,-0.07010380178689957,-2.7004756927490234,2.630371890962124,0.9323030992377079,1,0
225,1,c03,1010,1010,0011,-0.6111571192741394,-2.500509262084961,1.8893521428108215,0.5439982236824246,1,0
225,2,t230,1010,1010,0010,-0.4826110303401947,-0.9833838939666748,0.5007728636264801,0.6171826653645377,1,0
225,3,s10,0110,0110,1010,-0.40932950377464294,-1.1416685581207275,0.7323390543460846,0.6641130594690988,1,0
225,4,s32,0101,0101,0110,-0.5133541822433472,-0.9766392707824707,0.46328508853912354,0.5984853674061893,1,0
225,5,c23,0101,0101,0100,-0.47757378220558167,-0.977573812007904,0.5000000298023224,0.620330340387526,1,0
225,6,x0,1101,1101,0101,-0.2815017104148865,-1.406970500946045,1.1254687905311584,0.7548031060604625,1,0
225,7,s10,1101,1101,0101,-0.05547977238893509,-3.2434797286987305,3.1879999563097954,0.9460674524834154,1,0
225,8,s10,1101,1101,0101,-0.07978549599647522,-2.60526180267334,2.5254763066768646,0.9233819562776253,1,0
226,1,c32,1100,1110,1110,-1.6292181015014648,-1.3210599422454834,-0.30815815925598145,0.19645156666865524,0,0
226,2,t201,1100,1100,1000,-0.07898668944835663,-3.443119525909424,3.364132836461067,0.9240839118170517,1,0
226,3,s02,0110,0110,1100,-0.48842668533325195,-0.9742336869239807,0.48580700159072876,0.6136260783364303,1,0
226,4,x1,0010,0010,0110,-0.013811708427965641,-4.575470447540283,4.561658739112318,0.9862858710484553,1,0
226,5,c32,0010,0010,0011,-0.22256658971309662,-1.9725666046142578,1.7500000149011612,0.8004655496516009,1,0
226,6,s12,0100,0010,0010,-1.6032713651657104,-0.22609227895736694,-1.3771790862083435,0.20123715608995624,0,0
226,7,s23,0100,0100,0110,-0.012046249583363533,-4.5118584632873535,4.49981221370399,0.988035645373274,1,0
226,8,s30,0100,1100,1100,-1.1374001502990723,-0.38731464743614197,-0.7500855028629303,0.3207320334780534,0,0
227,1,x0,0010,0010,1010,-0.7421548366546631,-1.944429874420166,1.202275037765503,0.4767954350602814,1,0
227,2,s20,1000,1000,0010,-0.35329002141952515,-1.2322287559509277,0.8789387345314026,0.7024714315903808,1,0
227,3,c10,1000,1000,0000,-0.07967949658632278,-2.897531032562256,2.817851535975933,0.923427122851311,1,0
227,4,c10,1000,1000,0000,-0.04868871718645096,-3.1312592029571533,3.0825704857707024,0.9524907567397085,1,0
227,5,s30,0001,0001,1000,-0.5819270610809326,-0.9757906198501587,0.3938635587692261,0.5589420668086119,1,0
227,6,c21,0001,0001,0101,-0.38890913128852844,-1.1621129512786865,0.7732038199901581,0.6778257747502439,1,0
227,7,x0,1001,1001,0001,-0.02989552915096283,-3.5306923389434814,3.5007968097925186,0.9706344652787101,1,0
227,8,t210,1001,1001,0001,-0.12698158621788025,-2.134662628173828,2.007681041955948,0.8807610536170362,1,0
228,1,x1,1110,1110,1100,-1.3751925230026245,-2.1769840717315674,0.8017915487289429,0.2529715780726605,1,0
228,2,c10,0110,0110,1110,-0.40186333656311035,-1.1446374654769897,0.7427741289138794,0.6694240830433753,1,0
228,3,c02,0110,0110,0100,-0.030617864802479744,-5.030946731567383,5.000328866764903,0.9698705066498752,1,0
228,4,t302,0110,0110,0100,-0.01007054653018713,-5.013512134552002,5.003441588021815,0.9899882227890878,1,0
228,5,s20,1100,1100,1110,-0.5149922370910645,-1.5148427486419678,0.9998505115509033,0.5975842713512093,1,0
228,6,s13,1001,1001,1100,-0.44087323546409607,-1.0610235929489136,0.6201503574848175,0.6434744448973742,1,0
228,7,c10,1001,1001,0001,-0.31367331743240356,-1.3210501670837402,1.0073768496513367,0.7307628690129634,1,0
228,8,t321,1001,1001,1101,-0.1605343073606491,-2.0405333042144775,1.8799989968538284,0.8517066664690465,1,0
229,1,c32,1110,1100,1100,-1.883331537246704,-1.6275888681411743,-0.2557426691055298,0.15247704169251775,0,0
229,2,t201,1010,1110,1110,-1.2916948795318604,-0.41275304555892944,-0.8789418339729309,0.27481785104599943,0,0
229,3,x0,0010,0010,1010,-0.05560848116874695,-2.9381937980651855,2.8825853168964386,0.9462652279769542,1,0
229,4,t203,0010,0010,1011,-0.0004543653631117195,-9.01746940612793,9.017015040764818,0.9995522480827509,1,0
229,5,s02,1000,0010,0010,-0.6933784484863281,-0.6932766437530518,-0.00010180473327636719,0.49990650576740525,0,0
229,6,t210,1000,1000,0000,-0.0032239663414657116,-5.832452774047852,5.829228807706386,0.9967815390892405,1,0
229,7,c03,1001,1001,1000,-0.030114224180579185,-3.53011417388916,3.499999949708581,0.9703443319792004,1,0
229,8,c10,1001,1001,0001,-0.018221601843833923,-4.018443584442139,4.000221982598305,0.9819490880052203,1,0
230,1,c02,1001,1001,0011,-0.9290532469749451,-2.6724462509155273,1.7433930039405823,0.3955475480013287,1,0
230,2,s12,1001,1001,1100,-0.1282816231250763,-2.502899408340454,2.374617785215378,0.8796129086873509,1,0
230,3,s21,1001,1001,1100,-0.06040601804852486,-3.0854251384735107,3.025019120424986,0.9413842348716794,1,0
230,4,t032,1011,1011,1001,-0.06353563070297241,-2.812614679336548,2.7490790486335754,0.938469008992543,1,0
230,5,t012,1011,1111,1111,-1.152022361755371,-0.5252494215965271,-0.626772940158844,0.31603076426436544,0,0
230,6,t302,1001,1001,1011,-0.11559858173131943,-2.2458202838897705,2.130221702158451,0.8910276183474605,1,0
230,7,x0,0001,0001,1001,-0.04930562153458595,-3.1066553592681885,3.0573497377336025,0.9520964501092771,1,0
230,8,c12,0001,0001,0011,-0.0274919755756855,-3.652676820755005,3.6251848451793194,0.97292113322738,1,0
231,1,x0,1011,1011,0011,-0.9775680303573608,-1.9546821117401123,0.9771140813827515,0.3770183448694026,1,0
231,2,c31,1111,1111,1011,-0.1339590847492218,-2.2579357624053955,2.1239766776561737,0.8746591353698464,1,0
231,3,s02,1111,1111,0111,-0.31435608863830566,-1.3156564235687256,1.00130033493042,0.730293068901582,1,0
231,4,c23,1110,1110,1111,-0.018769077956676483,-4.893769264221191,4.875000186264515,0.9815032734184325,1,0
231,5,s01,1110,1110,0110,-0.128585085272789,-2.147688865661621,2.019103780388832,0.8793903114462716,1,0
231,6,c03,1111,1111,1110,-0.0015453496016561985,-6.876544952392578,6.874999602790922,0.998514994648677,1,0
231,7,x0,0111,0111,1111,-0.020878246054053307,-3.8962066173553467,3.8753283713012934,0.9795898705500515,1,0
231,8,s03,1110,1110,0111,-0.13820606470108032,-2.5801758766174316,2.4419698119163513,0.8712222437482522,1,0
232,1,s31,1101,1101,1110,-1.6892231702804565,-2.1386642456054688,0.4494410753250122,0.18474757799211414,1,0
232,2,c32,1111,1111,1101,-0.03254914656281471,-4.90551233291626,4.872963186353445,0.9683406524402173,1,0
232,3,x3,1110,1110,0110,-0.005577225238084793,-6.917593479156494,6.912016253918409,0.9945725795451228,1,0
232,4,c13,1111,1111,1110,-0.013491300866007805,-4.388491153717041,4.374999852851033,0.9866065730456164,1,0
232,5,c12,1101,1101,1111,-0.0015399220865219831,-7.096034049987793,7.094494127901271,0.9987446165846623,1,0
232,6,x3,1100,1100,1101,-0.0030088259372860193,-6.096758842468262,6.093750016530976,0.9973506281200615,1,0
232,7,s10,1100,1100,0100,-0.022649632766842842,-4.32731294631958,4.304663313552737,0.9850857967619436,1,0
232,8,c02,1110,1110,1100,-0.40903884172439575,-1.2383297681808472,0.8292909264564514,0.6789384728366912,1,0
233,1,c23,1100,1101,1101,-1.7459204196929932,-0.7459204196929932,-1.0,0.1750108058074625,0,0
233,2,t301,1100,1100,1000,-0.23257406055927277,-1.7454259395599365,1.5128518790006638,0.7925445743244794,1,0
233,3,t130,1100,1100,0100,-0.12724490463733673,-2.1891236305236816,2.061878725886345,0.8805865311747728,1,0
233,4,c13,1101,1101,1100,-0.10071426630020142,-2.3507142066955566,2.2499999403953552,0.9042018155684661,1,0
233,5,c02,1111,1111,1110,-0.0023146418388932943,-7.002314567565918,6.999999925727025,0.9978316658405156,1,0
233,6,s20,1111,1111,0111,-0.17982837557792664,-1.8048175573349,1.6249891817569733,0.8354471482171004,1,0
233,7,t012,1101,1101,1111,-0.0011623796308413148,-7.002687454223633,7.0015250745927915,0.9989380283218782,1,0
233,8,c32,1111,1111,1101,-0.003117015352472663,-6.128548622131348,6.125431606778875,0.9976173326187883,1,0
234,1,c20,1011,1011,0011,-0.9993655681610107,-1.2853641510009766,0.2859985828399658,0.368776551130193,1,0
234,2,s20,1011,1011,0011,-0.639211118221283,-1.4674720764160156,0.8282609581947327,0.5277686942809838,1,0
234,3,t021,1111,1111,1011,-0.04104217141866684,-3.2898776531219482,3.2488354817032814,0.9598220665872549,1,0
234,4,c32,1101,1101,1111,-0.2027217447757721,-1.844649076461792,1.64192733168602,0.8165645974562715,1,0
234,5,t201,1101,1101,1001,-0.5762493014335632,-0.8265380859375,0.25028878450393677,0.5620051312460148,1,0
234,6,t203,1101,1100,1100,-0.8986110091209412,-0.5236110091209412,-0.375,0.40729771440276974,0,0
234,7,x2,1111,1111,1101,-0.00033768429420888424,-9.442548751831055,9.442211067536846,0.9998529178445404,1,0
234,8,c12,1101,1101,1111,-0.004134993068873882,-5.505796432495117,5.501661439426243,0.9959174960432459,1,0
235,1,c23,1100,1101,1101,-1.5907607078552246,-0.8407605886459351,-0.7500001192092896,0.20438434923920276,0,0
235,2,t012,1110,1110,1100,-0.0818677470088005,-3.088510751724243,3.0066430047154427,0.9216014111857944,1,0
235,3,t123,1111,1111,1110,-0.22806456685066223,-1.6030645370483398,1.3749999701976776,0.7961180815730855,1,0
235,4,c32,1101,1101,1111,-0.00835808552801609,-5.2275896072387695,5.219231521710753,0.991728752683639,1,0
235,5,x3,1100,1100,1101,-0.00072562659624964,-8.844475746154785,8.843750119558536,0.9994897957642107,1,0
235,6,t301,1100,1100,1000,-0.14329873025417328,-2.021073579788208,1.8777748495340347,0.8664974688546804,1,0
235,7,c23,1100,1100,1101,-0.10028630495071411,-2.3502862453460693,2.2499999403953552,0.9045911397471789,1,0
235,8,c03,1101,1101,1100,-0.0037719474639743567,-5.628771781921387,5.624999834457412,0.9962542403856957,1,0
236,1,c31,0110,0010,0010,-1.6438241004943848,-1.1902384757995605,-0.4535856246948242,0.19339197547812073,0,0
236,2,x2,0100,0100,0110,-0.010667811147868633,-6.825355052947998,6.814687241800129,0.9894382958344183,1,0
236,3,s03,0100,0100,1100,-0.4751346707344055,-1.070396065711975,0.5952613949775696,0.6218355089803593,1,0
236,4,x1,0000,0000,0100,-0.004520303104072809,-5.514155864715576,5.509635561611503,0.9955109304881833,1,0
236,5,s01,0000,0000,1000,-0.011117055080831051,-4.511059284210205,4.499942229129374,0.9889505852487611,1,0
236,6,c21,0000,0000,0100,-0.011249218136072159,-4.511224269866943,4.499975051730871,0.9888262622993372,1,0
236,7,c01,0000,0000,0100,-6.914058758411556e-05,-10.530134201049805,10.53006506046222,0.9999313623621923,1,0
236,8,t203,0000,0000,1000,-0.00012421116116456687,-10.615117073059082,10.614992861897917,0.999876453346816,1,0
237,1,c21,0001,0001,0101,-1.0887093544006348,-2.0010905265808105,0.9123811721801758,0.33701666828710874,1,0
237,2,t132,0001,0001,0011,-0.01702348329126835,-4.434927463531494,4.417903980240226,0.983146916108783,1,0
237,3,c23,0001,0001,0000,-0.04048598185181618,-3.4154858589172363,3.37499987706542,0.9603490463126351,1,0
237,4,c20,0001,0001,1001,-0.47420018911361694,-0.9741759896278381,0.4999758005142212,0.6224319835529107,1,0
237,5,x2,0011,0011,0001,-0.00998728908598423,-4.777029514312744,4.76704222522676,0.9915146243034523,1,0
237,6,x0,1011,1011,0011,-0.02492430806159973,-3.7751624584198,3.7502381503582,0.976894671351888,1,0
237,7,x2,1001,1001,1101,-0.0012069246731698513,-7.68563175201416,7.68442482734099,0.9988214475655752,1,0
237,8,t301,1101,1101,1001,-0.31332165002822876,-1.3134442567825317,1.000122606754303,0.7310183643080379,1,0
238,1,x2,0000,0000,0100,-0.8995111584663391,-2.728208541870117,1.828697383403778,0.40800028782109493,1,0
238,2,t203,0000,0000,1000,-0.016010424122214317,-5.992718696594238,5.976708272472024,0.9841431241934511,1,0
238,3,c13,0000,0000,0001,-0.014394452795386314,-4.264394283294678,4.249999830499291,0.9857094203702306,1,0
238,4,c21,0000,0000,0100,-0.00699280109256506,-5.006988048553467,4.999995247460902,0.9930379090134211,1,0
238,5,x0,1000,1000,0000,-0.0338272824883461,-3.408881902694702,3.375054620206356,0.9669119481090521,1,0
238,6,x1,1100,1100,1000,-0.01114819198846817,-4.549690246582031,4.538542054593563,0.9889178263002901,1,0
238,7,c03,1101,1101,1100,-0.05915789306163788,-2.934157609939575,2.8749997168779373,0.9426355034997633,1,0
238,8,x1,1001,1001,1011,-0.0058836545795202255,-5.50649356842041,5.50060991384089,0.9942549126354381,1,0
239,1,x1,0011,0011,1000,-0.8823943138122559,-2.877329111099243,1.9949347972869873,0.41429939946505695,1,0
239,2,s31,0110,0110,0011,-0.6528292894363403,-1.1820133924484253,0.529184103012085,0.5205886497596316,1,0
239,3,c32,0110,0100,0100,-0.9672324657440186,-0.7941803932189941,-0.17305207252502441,0.38015458835341104,0,0
239,4,c01,0110,0110,0010,-0.05063017085194588,-3.14680552482605,3.096175353974104,0.9506346726837633,1,0
239,5,x3,0111,0111,0110,-0.0007938449271023273,-7.375793933868408,7.375000088941306,0.9992150188816838,1,0
239,6,x0,1111,1111,0111,-0.011240196414291859,-4.636682510375977,4.625442313961685,0.9901525488331049,1,0
239,7,x1,1011,1011,0111,-0.00118508271407336,-8.127373695373535,8.126188612659462,0.9994024472929461,1,0
239,8,c31,1111,1111,1011,-0.023788079619407654,-3.7734122276306152,3.7496241480112076,0.9764978736542669,1,0
240,1,s23,0001,0010,0010,-1.775236964225769,-1.0487115383148193,-0.7265254259109497,0.16984161364450348,0,0
240,2,x0,1001,1001,0001,-0.9199692606925964,-1.02235746383667,0.10238820314407349,0.3987920622168528,1,0
240,3,c03,1000,1000,0000,-0.017906105145812035,-5.526518821716309,5.508612716570497,0.9823334210044862,1,0
240,4,x0,0000,0000,0001,-0.1856709122657776,-1.9356708526611328,1.7499999403953552,0.830735096199639,1,0
240,5,s01,0000,0000,1000,-0.07359103113412857,-2.8122191429138184,2.73862811177969,0.9290777787391173,1,0
240,6,t012,0000,0000,1000,-0.008303252048790455,-5.546115398406982,5.537812146358192,0.9918000964145278,1,0
240,7,c03,0000,0000,0001,-0.006771364714950323,-5.256771564483643,5.250000199768692,0.9932598520039707,1,0
240,8,t132,0000,0000,1000,-0.0013772492529824376,-7.111958980560303,7.11058173130732,0.9986469474430313,1,0
241,1,s32,1001,1010,1010,-1.776200771331787,-1.1414121389389038,-0.6347886323928833,0.1696097140597545,0,0
241,2,c20,1001,0001,0001,-1.0694025754928589,-0.8012779355049133,-0.26812463998794556,0.34341539805072824,0,0
241,3,t203,1001,1001,1000,-0.13122622668743134,-2.381226062774658,2.249999836087227,0.8771723473894573,1,0
241,4,x2,1011,1011,1001,-0.0004278136184439063,-9.471694946289062,9.471267132670619,0.9996590521447946,1,0
241,5,t103,1011,1011,1010,-0.22587253153324127,-1.60087251663208,1.3749999850988388,0.7978404669367355,1,0
241,6,t132,1011,1011,1001,-0.03175303339958191,-3.5314724445343018,3.49971941113472,0.9689339517991933,1,0
241,7,t321,1111,1111,1011,-0.1380649209022522,-2.1269562244415283,1.9888913035392761,0.8710867911118706,1,0
241,8,t302,1101,1101,1111,-0.10088369995355606,-2.3606064319610596,2.2597227320075035,0.9043283484081548,1,0
242,1,x2,1101,1101,0000,-0.6201673746109009,-2.980836868286133,2.360669493675232,0.539313728859799,1,0
242,2,s23,1110,1101,1101,-0.8969203233718872,-0.6377126574516296,-0.25920766592025757,0.40783966110068015,0,0
242,3,x1,1010,1010,1110,-0.009899751283228397,-6.218718528747559,6.20881877746433,0.9906282098771562,1,0
242,4,s01,0110,0110,1010,-0.5895503759384155,-1.005791187286377,0.4162408113479614,0.5545825140626753,1,0
242,5,c02,0110,0110,1100,-0.0006559071480296552,-9.073982238769531,9.073326331621502,0.9993675431950608,1,0
242,6,t032,0110,0110,0100,-0.0035438165068626404,-6.003890514373779,6.000346697866917,0.9964722943754721,1,0
242,7,t032,0110,0110,0100,-0.0016099730273708701,-6.626810073852539,6.625200100825168,0.9983950059250091,1,0
242,8,c23,0111,0111,0110,-0.048976581543684006,-3.048976421356201,2.999999839812517,0.9522167549973131,1,0
243,1,s30,1101,1101,0101,-1.368685007095337,-1.6410613059997559,0.27237629890441895,0.2545721081250494,1,0
243,2,s13,1101,1101,1001,-0.6956698894500732,-1.8679945468902588,1.1723246574401855,0.49878246926660463,1,0
243,3,x1,1001,1001,1011,-0.007304376922547817,-6.4170331954956055,6.409728818573058,0.992928779667004,1,0
243,4,x1,1101,1101,1100,-0.026470307260751724,-4.65147066116333,4.625000353902578,0.9740081711152777,1,0
243,5,s13,1101,1001,1001,-1.139269232749939,-1.0113413333892822,-0.12792789936065674,0.32005412705158925,0,0
243,6,s02,0111,1101,1101,-1.3160762786865234,-0.31794583797454834,-0.9981304407119751,0.26819922287362313,0,0
243,7,s10,1011,1011,1110,-0.2181822955608368,-2.2413783073425293,2.0231960117816925,0.8069272800475212,1,0
243,8,x3,1010,1010,0010,-0.0048743961378932,-6.434415817260742,6.429541421122849,0.9954066370019531,1,0
244,1,t031,1100,1100,1000,-1.4844446182250977,-1.8660335540771484,0.3815889358520508,0.22685100900599742,1,0
244,2,t230,1100,1100,0100,-0.2528960108757019,-1.56490159034729,1.3120055794715881,0.7766121972383904,1,0
244,3,t031,1100,1100,1000,-0.12832066416740417,-2.1488447189331055,2.0205240547657013,0.8795860477261432,1,0
244,4,t201,1100,1100,1000,-0.4742529094219208,-0.9754288196563721,0.5011759102344513,0.6223536893267635,1,0
244,5,s21,1010,1010,1100,-0.24360258877277374,-2.0184011459350586,1.7747985571622849,0.783806965107265,1,0
244,6,c32,1010,1010,1000,-0.31473127007484436,-1.3437703847885132,1.0290391147136688,0.7300173229891596,1,0
244,7,x0,0010,0010,1010,-0.020997924730181694,-3.8984673023223877,3.877469377592206,0.979274317532758,1,0
244,8,t032,0010,0010,1010,-0.00019203740521334112,-9.71224308013916,9.712051042733947,0.999810046944656,1,0
245,1,c31,1110,1010,1010,-1.6254653930664062,-1.0200477838516235,-0.6054176092147827,0.19693077474007134,0,0
245,2,c31,1110,1110,1010,-0.48052769899368286,-0.981579065322876,0.5010513663291931,0.6184978608171509,1,0
245,3,c32,1110,1110,1100,-0.09839588403701782,-2.58341908454895,2.4850232005119324,0.9063155796103832,1,0
245,4,s13,1011,1011,1110,-0.4910128116607666,-1.4087591171264648,0.9177463054656982,0.6120076998143538,1,0
245,5,s13,1110,1110,0110,-0.339988648891449,-2.444464921951294,2.104476273059845,0.7117815411515505,1,0
245,6,c10,0110,0110,1110,-0.2907979190349579,-1.4085628986358643,1.1177649796009064,0.7484199469773566,1,0
245,7,t321,0110,0110,0010,-0.10129528492689133,-2.3524861335754395,2.251190848648548,0.9036680760887466,1,0
245,8,c30,0110,1110,1110,-0.8261735439300537,-0.5762300491333008,-0.24994349479675293,0.4377901868395544,0,0
246,1,c23,0001,0001,0000,-0.7225948572158813,-2.222594976425171,1.5000001192092896,0.4867517750418155,1,0
246,2,s10,0001,0001,1001,-0.3924974203109741,-1.1447795629501343,0.7522821426391602,0.6754061919177885,1,0
246,3,t310,0001,0001,1001,-0.07898066937923431,-2.579305648803711,2.5003249794244766,0.9240631756615965,1,0
246,4,t021,0001,0001,1001,-0.00027642364148050547,-9.458647727966309,9.458371304324828,0.9997268663454666,1,0
246,5,s13,0100,0100,0001,-0.47528502345085144,-0.9750866889953613,0.4998016655445099,0.6217084836873914,1,0
246,6,t310,0100,0100,1100,-0.10132590681314468,-2.3517680168151855,2.250442110002041,0.9036493000467375,1,0
246,7,t301,0100,0100,0000,-0.0016975614707916975,-6.925283432006836,6.923585870536044,0.9983061735857561,1,0
246,8,x2,0110,0110,0100,-0.003044932382181287,-5.889331340789795,5.886286408407614,0.9970522689470553,1,0
247,1,x2,1010,1010,0010,-0.7759031057357788,-2.9870452880859375,2.2111421823501587,0.4637073269659373,1,0
247,2,t023,1011,1010,1010,-0.8267626166343689,-0.7017626166343689,-0.125,0.43756105449712424,0,0
247,3,t213,1011,1010,1010,-0.8359324932098389,-0.5859324932098389,-0.25,0.43349952562250244,0,0
247,4,s10,0111,1111,1111,-1.2353413105010986,-1.1984469890594482,-0.03689432144165039,0.29120519213757606,0,0
247,5,t320,1111,1111,0111,-0.12924303114414215,-2.1277828216552734,1.9985397905111313,0.8790196977043656,1,0
247,6,c13,1110,1110,0110,-0.023623591288924217,-4.0150885581970215,3.9914649669080973,0.9767754829738907,1,0
247,7,s02,1110,1110,0110,-0.16297584772109985,-2.0530614852905273,1.8900856375694275,0.8496569369246342,1,0
247,8,x0,0110,0110,1110,-0.0132218012586236,-4.513026714324951,4.499804913066328,0.9884173271656517,1,0
248,1,x0,1000,1000,0000,-0.9171274304389954,-1.6278619766235352,0.7107345461845398,0.400613853090138,1,0
248,2,x3,1001,1001,1000,-0.07923246920108795,-3.5792324542999268,3.499999985098839,0.9239405684607235,1,0
248,3,x1,1101,1101,1011,-0.004789605271071196,-6.195221424102783,6.190431818831712,0.9952378512136605,1,0
248,4,x1,1001,1001,1111,-0.01003303099423647,-5.361839294433594,5.351806263439357,0.9901239713231877,1,0
248,5,c12,1001,1001,1011,-0.0704926922917366,-2.6957144737243652,2.6252217814326286,0.9319967242268171,1,0
248,6,c31,1101,1101,1001,-0.6932291984558105,-0.6932488679885864,1.9669532775878906e-05,0.49996299099434244,1,0
248,7,x1,1001,1001,1101,-0.0027278712950646877,-6.256509304046631,6.253781432751566,0.9977002909785013,1,0
248,8,c23,1001,1001,1000,-0.012626029551029205,-4.387625694274902,4.374999664723873,0.9874745895030292,1,0
249,1,s12,0000,0000,0100,-0.7554916739463806,-2.21578049659729,1.4602888226509094,0.47040594456984713,1,0
249,2,c31,0000,0000,0100,-0.02529017999768257,-4.031974792480469,4.006684612482786,0.9750413394404774,1,0
249,3,x3,0001,0001,0000,-0.014521618373692036,-4.264521598815918,4.249999980442226,0.9855942078523393,1,0
249,4,c20,0001,0001,1001,-0.5782051682472229,-0.8271004557609558,0.2488952875137329,0.5610041720554818,1,0
249,5,x3,0000,0000,0011,-0.001079007750377059,-7.476145267486572,7.475066259736195,0.9989343750284767,1,0
249,6,t021,0000,0000,0001,-0.000645178952254355,-8.12564468383789,8.124999504885636,0.9993580456845597,1,0
249,7,c03,0000,0000,0001,-0.16027264297008514,-1.9102725982666016,1.7499999552965164,0.8519208375019901,1,0
249,8,x0,1000,1000,0000,-0.10029159486293793,-2.351100444793701,2.2508088499307632,0.9046177251920506,1,0
250,1,x0,0100,0100,1100,-0.6327054500579834,-2.2307302951812744,1.598024845123291,0.5320371024375703,1,0
250,2,x1,0000,0000,0001,-0.00939310621470213,-6.384393692016602,6.375000585801899,0.9907063303352369,1,0
250,3,c10,0000,0000,1000,-0.0015487073687836528,-6.501583576202393,6.500034868833609,0.9984550180785177,1,0
250,4,s03,0000,0000,1000,-0.12746785581111908,-2.171036720275879,2.04356886446476,0.880335402793868,1,0
250,5,x0,1000,1000,0000,-0.04317817836999893,-3.1682846546173096,3.1251064762473106,0.9578973762606592,1,0
250,6,s03,0001,0001,1000,-0.2550413906574249,-1.5026737451553345,1.2476323544979095,0.7748915042037244,1,0
250,7,t201,0001,0001,1001,-0.014246627688407898,-4.282951831817627,4.268705204129219,0.985863289015178,1,0
250,8,t023,0001,0001,1000,-0.023330239579081535,-4.532459735870361,4.50912949629128,0.9770756371036761,1,0
251,1,x3,0110,0110,1110,-0.6002742648124695,-2.7203564643859863,2.120082199573517,0.5511431643577019,1,0
251,2,t213,0111,0110,0110,-0.9178803563117981,-0.5428803563117981,-0.375,0.3993718295725924,0,0
251,3,t120,1111,1111,0111,-0.2433813363313675,-1.704984426498413,1.4616030901670456,0.7842452854443887,1,0
251,4,c03,1110,1110,0110,-0.001915361499413848,-6.730095863342285,6.728180501842871,0.9982507601924032,1,0
251,5,x1,1010,1010,0110,-0.003880056319758296,-7.926677703857422,7.922797647537664,0.9991227762370484,1,0
251,6,c30,1010,1010,0010,-0.5763095617294312,-0.8267536759376526,0.25044411420822144,0.5620514414365265,1,0
251,7,c01,1110,1110,1010,-0.04327116906642914,-3.1724159717559814,3.1291448026895523,0.9577106853105285,1,0
251,8,t032,1110,1110,1111,-0.05731218308210373,-3.18231201171875,3.1249998286366463,0.9444004288909512,1,0
252,1,c10,0010,0010,1010,-0.789324164390564,-1.1184170246124268,0.3290928602218628,0.45451036688782287,1,0
252,2,x2,0000,0000,1000,-0.040841244161129,-5.27316951751709,5.232328273355961,0.9600251222258374,1,0
252,3,x0,1000,1000,0000,-0.16033487021923065,-1.9136455059051514,1.7533106356859207,0.8519046201919273,1,0
252,4,x3,1001,1001,1000,-0.03488025814294815,-3.4098801612854004,3.3749999031424522,0.9657363873318852,1,0
252,5,t321,1001,1001,1101,-0.012001018039882183,-4.517104625701904,4.505103607662022,0.9880832247277336,1,0
252,6,c20,1001,0001,0001,-0.8261256217956543,-0.5773782134056091,-0.24874740839004517,0.43780317939105445,0,0
252,7,c02,1011,1011,1001,-0.011635277420282364,-4.515594959259033,4.503959681838751,0.9887367811991624,1,0
252,8,s01,0111,1111,1111,-1.3137792348861694,-0.946691632270813,-0.36708760261535645,0.26881129688245164,0,0
253,1,t013,1000,1000,1001,-0.7092252969741821,-1.9592251777648926,1.2499998807907104,0.4937998927541443,1,0
253,2,x0,0000,0000,1000,-0.10954821109771729,-2.4770731925964355,2.3675249814987183,0.8964295264137151,1,0
253,3,c13,0000,0000,0001,-0.0013917740434408188,-6.876391410827637,6.874999636784196,0.9986105274539844,1,0
253,4,c12,0000,0000,0010,-0.0006282516987994313,-7.750534534454346,7.749906282755546,0.999375087328509,1,0
253,5,c30,0000,0000,1000,-0.0621023066341877,-2.812084436416626,2.7499821297824383,0.9398905411027478,1,0
253,6,c02,0000,0000,0001,-9.345797298010439e-05,-9.750092506408691,9.749999048435711,0.9999067107898929,1,0
253,7,s20,0000,0000,1000,-0.03373491391539574,-3.408679962158203,3.3749450482428074,0.9668588437162102,1,0
253,8,x1,0100,0100,0000,-0.033718883991241455,-3.4112002849578857,3.3774814009666443,0.9668700106041467,1,0
254,1,t012,0010,0010,0100,-0.7311452627182007,-2.7243130207061768,1.993167757987976,0.48213260462543056,1,0
254,2,t130,0010,0010,1010,-0.25236886739730835,-1.5031062364578247,1.2507373690605164,0.776981740631197,1,0
254,3,x0,1010,1010,0010,-0.055542539805173874,-2.93566632270813,2.880123782902956,0.946121104394061,1,0
254,4,t012,1010,1010,1000,-0.058021821081638336,-2.9331865310668945,2.875164709985256,0.9436434640524484,1,0
254,5,x0,0010,0010,0110,-0.007131767924875021,-5.50714111328125,5.500009345356375,0.9930786729055034,1,0
254,6,c32,0010,0010,0000,-0.39466798305511475,-1.1809487342834473,0.7862807512283325,0.6739111974324258,1,0
254,7,s01,0010,0010,1000,-0.38733333349227905,-1.418306827545166,1.030973494052887,0.6790275779946093,1,0
254,8,s03,0010,1010,1010,-0.8991523385047913,-0.5506759881973267,-0.3484763503074646,0.4069304178700348,0,0
255,1,t123,1101,1101,1100,-0.9991490840911865,-1.2491490840911865,0.25,0.3688710336045794,1,0
255,2,c32,1111,1111,0011,-0.044896043837070465,-5.138017654418945,5.093121610581875,0.9561722499652096,1,0
255,3,x1,1011,1011,0111,-0.003765823319554329,-8.237458229064941,8.233692405745387,0.9986177702198963,1,0
255,4,t013,1011,1011,1010,-0.11387261003255844,-2.238872766494751,2.1250001564621925,0.8923865679274212,1,0
255,5,c02,1001,1001,1011,-0.0010246860329061747,-8.131997108459473,8.130972422426566,0.9990154296471301,1,0
255,6,x1,1101,1101,1011,-0.0003680923255160451,-8.830644607543945,8.83027651521843,0.999649578884508,1,0
255,7,t120,1101,1101,0101,-0.6934012174606323,-0.6994267702102661,0.006025552749633789,0.4999882730720954,1,0
255,8,s23,1110,1110,1111,-0.20593425631523132,-2.2059342861175537,2.0000000298023224,0.8138967923097642,1,0
256,1,x3,1001,1001,1000,-0.6392456889152527,-2.1392457485198975,1.5000000596046448,0.531354459383313,1,0
256,2,c31,1101,1101,1001,-0.4139924645423889,-1.1563481092453003,0.7423556447029114,0.6610278527661622,1,0
256,3,s21,1011,1101,1101,-0.8675568103790283,-0.6281802654266357,-0.23937654495239258,0.41997683953582216,0,0
256,4,c20,0011,1011,1011,-0.9490891098976135,-0.8632409572601318,-0.08584815263748169,0.3872491637682341,0,0
256,5,s20,1001,1001,0011,-0.26246199011802673,-1.8155030012130737,1.553041011095047,0.769539676606724,1,0
256,6,x2,1011,1011,1000,-0.009590458124876022,-5.335928916931152,5.326338458806276,0.9906212400721482,1,0
256,7,t013,1011,1011,1010,-0.16262321174144745,-1.9126232862472534,1.750000074505806,0.8500201104464266,1,0
256,8,s20,1011,1011,0111,-0.4169588088989258,-1.1713545322418213,0.7543957233428955,0.6590546638880955,1,0
257,1,t123,0100,0100,0101,-0.6540395021438599,-1.9040395021438599,1.25,0.5210874704594755,1,0
257,2,s30,0100,0100,1100,-0.4765773415565491,-0.9814885854721069,0.5049112439155579,0.6209911657740684,1,0
257,3,c12,0110,0110,0100,-0.16099484264850616,-1.9134413003921509,1.7524464577436447,0.8517436978542549,1,0
257,4,x3,0111,0111,0110,-0.010208940133452415,-4.635208606719971,4.624999666586518,0.9898553842713584,1,0
257,5,c21,0011,0011,0111,-0.14444312453269958,-2.019869089126587,1.8754259645938873,0.8657239169739381,1,0
257,6,s12,0101,0011,0011,-1.3029738664627075,-0.3485315144062042,-0.9544423520565033,0.2717352254308183,0,0
257,7,x0,1101,1101,0101,-0.0353018082678318,-3.412745952606201,3.3774441443383694,0.9660618296951867,1,0
257,8,s20,0111,1101,1101,-1.9281994104385376,-0.16071751713752747,-1.7674818933010101,0.1454415941770925,0,0
258,1,c30,0110,0110,1110,-1.0821218490600586,-1.1560003757476807,0.07387852668762207,0.33935900299618027,1,0
258,2,t301,0110,0110,0010,-0.016600800678133965,-6.277881145477295,6.261280344799161,0.9835580739097466,1,0
258,3,s10,1010,1010,0110,-0.02299921028316021,-3.898820638656616,3.875821428373456,0.9784810584430901,1,0
258,4,s01,0110,0110,1010,-0.6990951299667358,-0.7365478277206421,0.03745269775390625,0.4970925196037411,1,0
258,5,t201,0110,0110,1010,-7.831869152141735e-05,-10.327188491821289,10.327110173129768,0.9999236809132732,1,0
258,6,s30,0110,1110,1110,-1.60182523727417,-0.24253693222999573,-1.3592883050441742,0.20168421382260907,0,0
258,7,t312,0110,0110,0100,-0.1018010675907135,-2.352072238922119,2.2502711713314056,0.9032500147881225,1,0
258,8,t213,0111,0111,0110,-0.22742244601249695,-1.6024223566055298,1.3749999105930328,0.7965993747665895,1,0
259,1,s13,0110,0110,0011,-1.240922212600708,-1.629260540008545,0.3883383274078369,0.28921996872129596,1,0
259,2,t302,0110,0110,1000,-0.2707148790359497,-3.6616077423095703,3.3908928632736206,0.7631969910606239,1,0
259,3,x2,0100,0100,0110,-0.0021210284903645515,-7.1357550621032715,7.133634033612907,0.9978881025214403,1,0
259,4,t320,0100,0100,1100,-0.2016359567642212,-1.7018179893493652,1.500182032585144,0.8174428143050172,1,0
259,5,t301,0100,0100,0000,-0.0016944860108196735,-7.0669426918029785,7.065248205792159,0.9983119031312058,1,0
259,6,c30,0100,0100,1100,-0.2520308196544647,-1.5022790431976318,1.2502482235431671,0.7772572035253218,1,0
259,7,t103,0100,0100,0101,-0.0015624483348801732,-6.751562595367432,6.7500001470325515,0.9984432733448794,1,0
259,8,c12,0110,0110,0100,-0.07013627886772156,-2.695368528366089,2.6252322494983673,0.932411800208204,1,0
260,1,t102,0001,0001,0010,-0.5788240432739258,-2.9233570098876953,2.3445329666137695,0.5615896261868869,1,0
260,2,s21,0001,0001,0100,-0.12106432020664215,-2.362628221511841,2.2415639013051987,0.8859793476945057,1,0
260,3,x1,0101,0101,0001,-0.011416209861636162,-5.1411614418029785,5.129745231941342,0.9888147857849203,1,0
260,4,s32,0110,0110,0101,-0.14982791244983673,-2.0224077701568604,1.8725798577070236,0.8608642623566415,1,0
260,5,t032,0110,0110,1100,-0.05273330956697464,-4.209935665130615,4.157202355563641,0.9486677333480533,1,0
260,6,s31,0011,0011,0110,-0.5112897157669067,-1.230015516281128,0.7187258005142212,0.5997252031580141,1,0
260,7,c31,0111,0111,0011,-0.1286478042602539,-2.1278984546661377,1.9992506504058838,0.8793347728503212,1,0
260,8,t213,0110,0110,0111,-0.02098478004336357,-3.895984649658203,3.8749998696148396,0.9793304886015145,1,0
261,1,t012,0101,0101,0110,-0.8059906959533691,-2.670057773590088,1.8640670776367188,0.44755129018383655,1,0
261,2,x2,0111,0111,0101,-0.009886196814477444,-6.033904075622559,6.024017878808081,0.990334327794077,1,0
261,3,x1,0011,0011,1111,-0.004603135399520397,-7.406757831573486,7.402154696173966,0.9987514316297664,1,0
261,4,s31,0110,0110,0011,-0.03613452985882759,-3.653578519821167,3.6174439899623394,0.9645283514496719,1,0
261,5,s30,0110,1110,1110,-1.7214138507843018,-0.23010212182998657,-1.4913117289543152,0.1789443318858889,0,0
261,6,t201,0110,0110,1010,-0.0006689658621326089,-8.289376258850098,8.288707292987965,0.9993368393311197,1,0
261,7,c10,1110,1110,0110,-0.007879845798015594,-5.132845878601074,5.124966032803059,0.9940058293381022,1,0
261,8,s30,0111,1110,1110,-1.835060477256775,-0.1868990659713745,-1.6481614112854004,0.15967000914634372,0,0
262,1,c31,0010,0010,0110,-1.017029047012329,-1.6401206254959106,0.6230915784835815,0.36188380846020723,1,0
262,2,t021,0010,0010,0100,-0.0034820889122784138,-7.784091949462891,7.780609860550612,0.9965274483365616,1,0
262,3,c03,0010,0010,0011,-0.0015767141012474895,-7.6265764236450195,7.624999709543772,0.9984306345048028,1,0
262,4,c12,0010,0010,0000,-0.007275569252669811,-5.008462429046631,5.001186859793961,0.9927518414090404,1,0
262,5,t102,0010,0010,1000,-0.00015651383728254586,-9.828304290771484,9.828147776934202,0.9998455610627068,1,0
262,6,s03,0010,1010,1010,-0.9751198291778564,-0.5543400049209595,-0.420779824256897,0.3771770010583305,0,0
262,7,t213,0010,0010,0011,-0.04887042194604874,-3.048870325088501,2.9999999031424522,0.9523085849442482,1,0
262,8,t032,0010,0010,1000,-0.00019096456526312977,-9.344401359558105,9.344210394992842,0.9998111816305874,1,0
263,1,t013,0011,0011,0010,-0.6155868768692017,-3.115586757659912,2.4999998807907104,0.5412985815742539,1,0
263,2,c23,0010,0010,0011,-0.09383905678987503,-2.968838930130005,2.87499987334013,0.9104636801500909,1,0
263,3,t310,0010,0010,1010,-0.10190581530332565,-2.350682497024536,2.2487766817212105,0.9031199412906454,1,0
263,4,x3,0011,0011,0010,-0.001572367618791759,-6.751572608947754,6.750000241328962,0.9984368469302378,1,0
263,5,x1,0111,0111,0011,-0.002397430595010519,-6.3790507316589355,6.376653301063925,0.9980509349491385,1,0
263,6,s31,0111,0111,0011,-0.39738720655441284,-1.1450892686843872,0.7477020621299744,0.6720839664823279,1,0
263,7,x0,1111,1111,0111,-0.02719619870185852,-3.6523869037628174,3.625190705060959,0.9737892706789584,1,0
263,8,c32,1101,1101,1111,-0.031496234238147736,-3.5805211067199707,3.549024872481823,0.9690412441303518,1,0
264,1,s23,1110,1110,1101,-1.3636997938156128,-1.6874263286590576,0.3237265348434448,0.256029080948522,1,0
264,2,s12,1110,1110,1011,-0.7438226342201233,-1.6973562240600586,0.9535335898399353,0.475344631871325,1,0
264,3,s12,1110,1110,1011,-0.2581149935722351,-2.142129421234131,1.8840144276618958,0.7725173916274491,1,0
264,4,t210,0110,0110,1110,-0.3914361894130707,-1.138255000114441,0.7468188107013702,0.6763110197739265,1,0
264,5,c01,0110,0110,0010,-0.006819530390202999,-5.913200855255127,5.906381324864924,0.9932062119016488,1,0
264,6,t012,0110,0110,0100,-0.0002316138707101345,-9.00543212890625,9.00520051503554,0.9997757647948604,1,0
264,7,c13,0111,0111,0110,-0.01423854473978281,-4.2642388343811035,4.250000289641321,0.9858716138861641,1,0
264,8,c12,0101,0101,0111,-0.015461054630577564,-4.246009826660156,4.230548772029579,0.9849288932451531,1,0
265,1,s13,0010,0010,0110,-1.1799498796463013,-2.087392807006836,0.9074429273605347,0.3074598986271512,1,0
265,2,t013,0010,0010,1010,-0.021611878648400307,-5.981222152709961,5.959610274061561,0.9786579635247641,1,0
265,3,x1,0110,0110,0010,-0.055940184742212296,-2.936117172241211,2.8801769874989986,0.9456313353442686,1,0
265,4,c20,1110,1110,0110,-0.47506090998649597,-0.9753128290176392,0.5002519190311432,0.6222432370905743,1,0
265,5,t023,1111,1111,1110,-0.06306973844766617,-2.8130695819854736,2.7499998435378075,0.9389096495447681,1,0
265,6,x1,1011,1011,0111,-0.0019469668623059988,-8.160003662109375,8.158056695247069,0.9988215550249595,1,0
265,7,t201,1111,1111,1011,-0.05586683750152588,-2.9300765991210938,2.874209761619568,0.9456898079272946,1,0
265,8,x3,1110,1110,0110,-0.0011380374198779464,-7.810317039489746,7.809179002069868,0.9990954628529746,1,0
266,1,t032,1011,1011,1001,-1.4338749647140503,-1.6053800582885742,0.17150509357452393,0.23894479137790198,1,0
266,2,x3,1010,1010,1100,-0.07072250545024872,-4.527812957763672,4.457090452313423,0.9330133528953823,1,0
266,3,t231,1010,1010,1110,-0.7007366418838501,-0.7995539307594299,0.09881728887557983,0.49622341555533844,1,0
266,4,c30,1010,0010,0010,-0.9749487042427063,-0.4816281795501709,-0.4933205246925354,0.37729425215086,0,0
266,5,s12,1100,1010,1010,-2.141437530517578,-0.17914780974388123,-1.962289720773697,0.11748655825663433,0,0
266,6,t012,1110,1100,1100,-0.8264058232307434,-0.5773885250091553,-0.24901729822158813,0.43772180053461635,0,0
266,7,c01,1010,1010,1110,-0.021357564255595207,-3.897942543029785,3.87658497877419,0.9790567994137456,1,0
266,8,s10,0110,1010,1010,-0.9783462882041931,-0.5033205151557922,-0.4750257730484009,0.37702737190245256,0,0
267,1,c32,1101,1101,1110,-1.0279638767242432,-1.9640811681747437,0.9361172914505005,0.358384795044335,1,0
267,2,t013,1100,1100,1101,-0.17770721018314362,-3.4277071952819824,3.249999985098839,0.8375103630089251,1,0
267,3,x1,1000,1000,1001,-0.003700018860399723,-6.628700256347656,6.6250002374872565,0.9963897032991214,1,0
267,4,t130,1000,1000,0000,-0.02985205687582493,-3.916968822479248,3.887116765603423,0.9706498951726058,1,0
267,5,x1,1100,1100,1000,-0.0016290002968162298,-6.716752052307129,6.715123052010313,0.9984036007246367,1,0
267,6,s23,1100,1100,1110,-0.005851609166711569,-6.504683971405029,6.498832362238318,0.9943769872489112,1,0
267,7,t210,1100,0100,0100,-0.8265966773033142,-0.5864973664283752,-0.24009931087493896,0.4377460295015583,0,0
267,8,c21,1100,1100,1000,-0.20178791880607605,-1.724882960319519,1.523095041513443,0.8172772236757792,1,0
268,1,t120,0100,0100,1100,-0.8551295399665833,-1.460727334022522,0.6055977940559387,0.4261599991532879,1,0
268,2,s31,0001,0001,0100,-0.3487723767757416,-1.3456135988235474,0.9968412220478058,0.705567923887576,1,0
268,3,x0,1001,1001,0001,-0.06325740367174149,-2.813391923904419,2.7501345202326775,0.9390456591395304,1,0
268,4,x2,1011,1011,1001,-0.002961978781968355,-6.754983901977539,6.752021923195571,0.9971705579472017,1,0
268,5,t301,1111,1111,1011,-0.0796232521533966,-2.5792911052703857,2.499667853116989,0.9235088950725846,1,0
268,6,x2,1101,1101,1100,-0.0004163737175986171,-9.56291675567627,9.562500381958671,0.9997136186246253,1,0
268,7,t103,1100,1100,1101,-0.06351703405380249,-2.813516855239868,2.7499998211860657,0.9384757092670293,1,0
268,8,s30,0101,1100,1100,-1.1050114631652832,-0.43429404497146606,-0.6707174181938171,0.3312257037005433,0,0
269,1,s30,1101,1101,0101,-1.2688345909118652,-1.6253401041030884,0.35650551319122314,0.28132391327848777,1,0
269,2,t102,1111,1111,0000,-0.2759770154953003,-3.3452696800231934,3.069292664527893,0.7596288965660459,1,0
269,3,c01,1011,1011,1101,-0.007114274427294731,-7.186671733856201,7.179557459428906,0.996007525392502,1,0
269,4,t130,1011,1011,0011,-0.5769014954566956,-0.826856255531311,0.24995476007461548,0.5617409434915269,1,0
269,5,x1,1111,1111,1110,-0.00047143822303041816,-8.750471115112305,8.749999676889274,0.9995719816545601,1,0
269,6,x1,1011,1011,1111,-0.0007991143502295017,-8.390021324157715,8.389222209807485,0.999578014949189,1,0
269,7,t312,1011,1011,1001,-0.08339957892894745,-2.5829737186431885,2.499574139714241,0.9205157527290098,1,0
269,8,x3,1010,1010,0010,-0.007010059431195259,-6.066321849822998,6.059311790391803,0.9930942369662791,1,0
270,1,s32,0000,0000,0010,-0.8933624029159546,-1.5416096448898315,0.648247241973877,0.41084839221153036,1,0
270,2,s01,0000,0000,1000,-0.11316800117492676,-2.3782732486724854,2.2651052474975586,0.8930068554031635,1,0
270,3,s32,0000,0000,0001,-0.008219423703849316,-5.008219242095947,4.999999818392098,0.9918186200142187,1,0
270,4,x0,1000,1000,0000,-0.12717153131961823,-2.1278269290924072,2.000655397772789,0.8807455867375457,1,0
270,5,s10,0100,0100,1000,-0.2658906877040863,-1.7067047357559204,1.440814048051834,0.7665263363619054,1,0
270,6,s23,0100,0100,0001,-0.024231187999248505,-5.231067180633545,5.206835992634296,0.9760669180056936,1,0
270,7,t132,0100,0100,0110,-0.009227270260453224,-5.009748458862305,5.0005211886018515,0.9908767711402603,1,0
270,8,s20,0100,0100,1100,-0.06387647986412048,-2.8123042583465576,2.748427778482437,0.9381400811729852,1,0
271,1,x0,0010,0010,1010,-0.7618482112884521,-2.081320285797119,1.319472074508667,0.467492007063212,1,0
271,2,s32,0001,0010,0010,-0.7914243340492249,-0.6841109991073608,-0.10731333494186401,0.45321720591487213,0,0
271,3,x0,1001,1001,0001,-0.1039079949259758,-2.3840270042419434,2.2801190093159676,0.9013711078597169,1,0
271,4,t103,1001,1001,1000,-0.01638619974255562,-4.26638650894165,4.250000309199095,0.9837690997291327,1,0
271,5,t023,1001,1001,1000,-0.003091528546065092,-6.003091812133789,6.000000283587724,0.9969596883303139,1,0
271,6,s30,1001,1001,0001,-0.21460025012493134,-2.5029869079589844,2.288386657834053,0.8070344978310661,1,0
271,7,s31,1100,1100,1001,-0.18458406627178192,-1.8052918910980225,1.6207078248262405,0.831452204359684,1,0
271,8,c13,1101,1101,1100,-0.3871147334575653,-1.1371147632598877,0.7500000298023224,0.6790896438265347,1,0
272,1,t310,0101,0101,1101,-1.1007285118103027,-1.146409273147583,0.04568076133728027,0.33293042248259697,1,0
272,2,x0,1101,1101,0101,-0.020438294857740402,-4.437206268310547,4.4167679734528065,0.9799533550716433,1,0
272,3,s21,1011,1101,1101,-0.9269111156463623,-0.7891229391098022,-0.13778817653656006,0.3958003646332137,0,0
272,4,s13,1110,1110,1011,-0.06962701678276062,-3.0741653442382812,3.0045383274555206,0.9327443368142154,1,0
272,5,t301,1110,1110,1010,-0.6955080628395081,-0.6964033246040344,0.0008952617645263672,0.49883346947085716,1,0
272,6,c30,1110,1110,0110,-0.6932225227355957,-0.6945032477378845,0.0012807250022888184,0.4999744413470502,1,0
272,7,t301,1110,1110,1010,-0.4744916558265686,-0.9745535254478455,0.5000618696212769,0.6222071334529344,1,0
272,8,t312,1110,1110,1100,-0.039612263441085815,-3.2892603874206543,3.2496481239795685,0.9612078874089316,1,0
273,1,x1,1000,1000,1001,-1.0487465858459473,-2.1737465858459473,1.125,0.35074286338387123,1,0
273,2,x0,0000,0000,1000,-0.03562760353088379,-3.7932612895965576,3.757633686065674,0.9650608328853184,1,0
273,3,t123,0000,0000,0001,-0.007128797471523285,-5.882128715515137,5.874999918043613,0.9929109990862095,1,0
273,4,c02,0000,0000,0001,-7.96304811956361e-05,-10.000080108642578,10.000000478161382,0.9999205572268366,1,0
273,5,x2,0010,0010,0000,-0.000988844782114029,-7.701977729797363,7.700988885015249,0.9990333362379316,1,0
273,6,t302,0010,0010,1000,-5.543126098928042e-05,-10.578495025634766,10.578439594373776,0.9999468926761734,1,0
273,7,x0,1010,1010,0010,-0.016268912702798843,-4.141276836395264,4.125007923692465,0.98406957715381,1,0
273,8,x1,1110,1110,1010,-0.004276228602975607,-5.508310317993164,5.5040340893901885,0.9957485716292713,1,0
274,1,t123,0011,0011,0010,-0.6201661229133606,-2.870166063308716,2.2499999403953552,0.5386575693973013,1,0
274,2,x0,1011,1011,0011,-0.43068426847457886,-1.1018184423446655,0.6711341738700867,0.6502029516729543,1,0
274,3,c21,1111,1111,1011,-0.09141799807548523,-2.466007709503174,2.3745897114276886,0.9126463058640191,1,0
274,4,c12,1101,1101,1111,-0.0008062422275543213,-7.3811211585998535,7.380314916372299,0.99923976183801,1,0
274,5,c23,1101,1101,1100,-0.09038657695055008,-2.4653866291046143,2.375000052154064,0.9136855453491132,1,0
274,6,x0,0101,0101,1101,-0.00138950371183455,-6.8767170906066895,6.875327586894855,0.9988849122641922,1,0
274,7,x0,1101,1101,0101,-0.006121761165559292,-5.131319046020508,5.1251972848549485,0.9939295555794733,1,0
274,8,x2,1111,1111,0111,-0.0006326526636257768,-8.182018280029297,8.181385627365671,0.999484465659617,1,0
275,1,x2,1111,1111,1000,-0.7242463827133179,-2.839585304260254,2.115338921546936,0.4863048880941121,1,0
275,2,t021,1011,1011,1111,-0.6631847620010376,-0.7931462526321411,0.12996149063110352,0.515227659452778,1,0
275,3,x3,1010,1010,0010,-0.0015287220012396574,-8.428498268127441,8.426969546126202,0.9985006445401897,1,0
275,4,t230,1010,1010,0010,-0.31372207403182983,-1.326701283454895,1.0129792094230652,0.7307594739703572,1,0
275,5,c01,1110,1110,1010,-0.006782129406929016,-5.155738830566406,5.148956701159477,0.9932783877117247,1,0
275,6,x2,1100,1100,1110,-0.000514819985255599,-9.08007526397705,9.079560443991795,0.9996134912313801,1,0
275,7,t301,1100,1100,1000,-0.07908446341753006,-2.5793111324310303,2.5002266690135,0.9239718223960984,1,0
275,8,s20,0110,1100,1100,-0.7585349678993225,-0.632688045501709,-0.12584692239761353,0.4683891322300427,0,0
276,1,x1,0000,0000,0001,-1.3403152227401733,-2.090315341949463,0.7500001192092896,0.26209944847240074,1,0
276,2,s20,0000,0000,1000,-0.3200864791870117,-1.3141571283340454,0.9940706491470337,0.7260919068549758,1,0
276,3,x2,0010,0010,0000,-0.0027236733585596085,-7.525888442993164,7.5231647696346045,0.9974100766456827,1,0
276,4,c10,0010,0010,1010,-0.10116134583950043,-2.350658416748047,2.2494970709085464,0.9037961303562296,1,0
276,5,s12,0100,0010,0010,-1.703837275505066,-0.20833039283752441,-1.4955068826675415,0.18198401150629157,0,0
276,6,s01,1000,1000,0100,-0.3486534357070923,-1.2256228923797607,0.8769694566726685,0.7057653367408006,1,0
276,7,c12,1000,1000,1010,-0.0040620132349431515,-6.003962993621826,5.999900980386883,0.9959598921276183,1,0
276,8,t132,1000,1000,1010,-0.0018066365737468004,-6.501797199249268,6.499990562675521,0.9982169274013405,1,0
277,1,s31,0111,0111,0011,-1.5952523946762085,-1.8225114345550537,0.22725903987884521,0.20297655410261048,1,0
277,2,c32,0101,0101,0111,-0.08074122667312622,-3.3781938552856445,3.2974526286125183,0.9225687118205511,1,0
277,3,s03,1100,1100,0101,-0.2669794261455536,-1.5039485692977905,1.236969143152237,0.7657729023488675,1,0
277,4,c32,1100,1100,1110,-0.04371192678809166,-3.777998924255371,3.7342869974672794,0.957248009480352,1,0
277,5,x1,1000,1000,1100,-0.026684081181883812,-3.6581952571868896,3.631511176005006,0.9736791279609721,1,0
277,6,x2,1010,1010,1000,-0.0005781024228781462,-8.954283714294434,8.953705611871555,0.9995798384687421,1,0
277,7,x0,0010,0010,1010,-0.02580447308719158,-3.9010872840881348,3.875282811000943,0.9794803611961611,1,0
277,8,t013,0010,0010,1010,-0.0017023548716679215,-7.10740852355957,7.105706168687902,0.9983235181954145,1,0
278,1,x3,1001,1001,1000,-0.6174068450927734,-2.1174068450927734,1.5,0.5429706281132425,1,0
278,2,s31,1100,1100,1001,-0.7359886169433594,-1.7842386960983276,1.0482500791549683,0.4790371824910769,1,0
278,3,s31,1001,1001,1100,-0.9275301694869995,-1.0424373149871826,0.1149071455001831,0.39553123296619364,1,0
278,4,t103,1001,1001,1000,-0.005942878779023886,-6.7559428215026855,6.749999942723662,0.9941054349544283,1,0
278,5,s31,1100,1100,1001,-0.597131073474884,-0.8349176645278931,0.23778659105300903,0.5503893185906639,1,0
278,6,x0,0100,0100,1100,-0.030818725004792213,-3.905813694000244,3.874994968995452,0.970108727482018,1,0
278,7,x1,0000,0000,0001,-0.001425562659278512,-7.251425266265869,7.249999703606591,0.9985881391675268,1,0
278,8,t123,0000,0000,1000,-0.002583630383014679,-7.126567840576172,7.123984210193157,0.9974213497166519,1,0
279,1,c21,1101,1001,1001,-1.7100324630737305,-1.246460199356079,-0.46357226371765137,0.18099157573505112,0,0
279,2,t312,1111,1111,1101,-0.015226799063384533,-5.263890266418457,5.2486634673550725,0.9849730442650636,1,0
279,3,t031,1011,1011,1111,-0.29024043679237366,-1.4191110134124756,1.128870576620102,0.7483328723030684,1,0
279,4,c21,1111,1111,1011,-0.1014661118388176,-2.3503856658935547,2.248919554054737,0.903541135630955,1,0
279,5,s23,1111,1111,1101,-0.13954545557498932,-2.244173765182495,2.104628309607506,0.8697565368894447,1,0
279,6,c30,0111,0111,1111,-0.5766366124153137,-0.8267161250114441,0.25007951259613037,0.5621161605143081,1,0
279,7,t013,0111,0111,0110,-0.0021003808360546827,-6.252099990844727,6.249999610008672,0.9979054344127982,1,0
279,8,s03,1110,1110,0111,-0.14917835593223572,-2.5792441368103027,2.430065780878067,0.861508235815081,1,0
280,1,x0,1011,1011,0011,-0.8285901546478271,-2.065931797027588,1.2373416423797607,0.4373161053536746,1,0
280,2,t102,1011,1001,1001,-3.090383291244507,-0.08293598145246506,-3.007447309792042,0.045493200649913065,0,0
280,3,x0,0011,0011,1011,-0.0016675699735060334,-7.288805961608887,7.287138391635381,0.9984710481691662,1,0
280,4,c20,1011,1011,0011,-0.2533709704875946,-1.503587245941162,1.2502162754535675,0.7769552550166083,1,0
280,5,x1,1111,1111,1001,-0.002232952741906047,-6.39202880859375,6.389795855851844,0.997855233594818,1,0
280,6,t302,1101,1101,1111,-0.4308108985424042,-1.124061107635498,0.6932502090930939,0.6501101602154009,1,0
280,7,s10,1101,1101,0101,-0.008910484611988068,-4.883950710296631,4.875040225684643,0.9920579400874158,1,0
280,8,c12,1111,1111,1101,-0.0009566134540364146,-7.251105785369873,7.250149171915837,0.9992426649658356,1,0
281,1,x1,0001,0001,0111,-0.9477241039276123,-2.59165620803833,1.6439321041107178,0.3880752638354305,1,0
281,2,c10,0001,0001,1001,-0.2049439400434494,-1.7094932794570923,1.5045493394136429,0.8147076899494083,1,0
281,3,c13,0001,0001,0000,-0.015357461757957935,-5.89035701751709,5.874999555759132,0.9848732585535807,1,0
281,4,x3,0000,0000,0011,-0.002425095532089472,-6.657968044281006,6.655542948748916,0.9976402244165042,1,0
281,5,s31,0000,0000,0100,-0.005353848449885845,-5.505270004272461,5.499916155822575,0.9946616670865325,1,0
281,6,s02,0000,0000,1000,-0.0789840891957283,-2.5789101123809814,2.499926023185253,0.9240629468248834,1,0
281,7,s20,0000,0000,1000,-0.03822353482246399,-3.2880654335021973,3.2498418986797333,0.9625016416031951,1,0
281,8,s13,0000,0000,0100,-0.007550192531198263,-5.006933689117432,4.999383496586233,0.992478318624946,1,0
282,1,s31,0011,0110,0110,-1.927587628364563,-1.8658866882324219,-0.06170094013214111,0.14559439257234624,0,0
282,2,s02,1001,1001,0011,-0.9858736991882324,-1.115203619003296,0.12932991981506348,0.37330453706029176,1,0
282,3,t213,1001,1001,1000,-0.3541697561740875,-2.6041698455810547,2.250000089406967,0.702168503494692,1,0
282,4,s01,0101,0101,1001,-0.6291123628616333,-1.0780398845672607,0.44892752170562744,0.5330917170880011,1,0
282,5,x1,0001,0001,1001,-0.0060638305731117725,-5.758065700531006,5.752001869957894,0.9943908101649817,1,0
282,6,s20,0001,1000,1000,-0.82721346616745,-0.5782221555709839,-0.24899131059646606,0.4373042676175332,0,0
282,7,c12,0001,0001,0011,-0.20168368518352509,-1.7019778490066528,1.5002941638231277,0.8173794544939974,1,0
282,8,x1,0101,0101,0001,-0.004250400699675083,-5.817448616027832,5.813198215328157,0.9958608787436691,1,0
283,1,t123,1100,1100,1101,-0.9148672819137573,-1.1648672819137573,0.25,0.40168825274671044,1,0
283,2,s01,1100,1100,0100,-0.48206546902656555,-1.298415184020996,0.8163497149944305,0.6193657157142992,1,0
283,3,x2,1110,1110,1100,-0.0036963464226573706,-7.635970115661621,7.632273769238964,0.998652233721256,1,0
283,4,t301,1110,1110,1010,-0.25407615303993225,-1.5039538145065308,1.2498776614665985,0.7756447578010541,1,0
283,5,x0,0110,0110,1110,-0.0290799830108881,-3.6542723178863525,3.6251923348754644,0.9739564043907419,1,0
283,6,c21,0010,0110,0110,-1.3145179748535156,-0.3139990568161011,-1.0005189180374146,0.2686057977467948,0,0
283,7,x1,0110,0110,0010,-0.06219962611794472,-2.8121848106384277,2.749985184520483,0.9398028342334638,1,0
283,8,s13,0011,0011,0110,-0.5249426960945129,-0.9042037725448608,0.3792610764503479,0.5915916759453483,1,0
284,1,t213,0010,0010,0011,-0.853756308555603,-1.853756308555603,1.0,0.42667194687882376,1,0
284,2,c12,0010,0010,0000,-0.00873109232634306,-5.019613742828369,5.010882650502026,0.9913270134995711,1,0
284,3,s13,0010,0010,0110,-0.20422671735286713,-1.7036418914794922,1.499415174126625,0.8152784929777067,1,0
284,4,c31,0010,0010,0110,-0.47467824816703796,-0.9747467637062073,0.5000685155391693,0.62208878205252,1,0
284,5,x1,0110,0110,0010,-0.11323664337396622,-2.2383692264556885,2.1251325830817223,0.8930082159019805,1,0
284,6,c12,0100,0100,0110,-0.0061072250828146935,-5.13240909576416,5.1263018706813455,0.9939385169906795,1,0
284,7,t203,0100,0100,0101,-0.0015779449604451656,-8.001578330993652,8.000000386033207,0.9984399006215665,1,0
284,8,c32,0100,0100,0101,-0.0034653351176530123,-6.003465175628662,5.999999840511009,0.9965660957298925,1,0
285,1,t012,0011,0011,0100,-0.9074962735176086,-2.7769110202789307,1.869414746761322,0.40420500000085835,1,0
285,2,c13,0011,0011,0010,-0.165744349360466,-1.915744423866272,1.750000074505806,0.8472722902644827,1,0
285,3,c01,0011,0011,0111,-0.012014232575893402,-4.532853603363037,4.520839370787144,0.9880609944771153,1,0
285,4,c30,1011,1011,0011,-0.387336790561676,-1.1373552083969116,0.7500184178352356,0.6790632507413246,1,0
285,5,t032,1001,1001,1011,-0.10049063712358475,-2.3512768745422363,2.2507862374186516,0.90440859014278,1,0
285,6,c13,1001,1001,1000,-0.033755313605070114,-3.408755302429199,3.374999988824129,0.9668122992852235,1,0
285,7,c20,1001,0001,0001,-1.3134253025054932,-0.31388208270072937,-0.9995432198047638,0.2689074045724789,0,0
285,8,c32,1011,1011,1001,-0.01726764626801014,-4.14194393157959,4.12467628531158,0.9836395985143325,1,0
286,1,t302,0111,0111,0100,-0.769287109375,-2.766122341156006,1.9968352317810059,0.46433570751244463,1,0
286,2,c30,1111,1111,0111,-0.3894467055797577,-1.1384143829345703,0.7489676773548126,0.6775042212093798,1,0
286,3,t123,1110,1110,1111,-0.040842488408088684,-3.665842294692993,3.6249998062849045,0.9600412360411131,1,0
286,4,s03,0111,1110,1110,-1.5945470333099365,-0.32328519225120544,-1.271261841058731,0.2030063137408366,0,0
286,5,x0,1111,1111,1110,-0.004930400289595127,-6.254930019378662,6.249999619089067,0.9975018018981335,1,0
286,6,s10,1111,1111,0111,-0.019448820501565933,-4.022950649261475,4.003501828759909,0.9811591752806016,1,0
286,7,x3,1110,1110,1111,-0.000527544878423214,-8.125527381896973,8.12499983701855,0.9995609610342272,1,0
286,8,c32,1110,1110,1100,-0.035280127078294754,-3.6531546115875244,3.6178744845092297,0.9653511654166965,1,0
287,1,x3,0011,0011,0010,-0.7971658110618591,-2.422165870666504,1.6250000596046448,0.451926268856304,1,0
287,2,t102,0011,0011,0010,-0.05376748740673065,-3.178767442703247,3.1249999552965164,0.9477253526715822,1,0
287,3,x0,1011,1011,0011,-0.015601299703121185,-4.276071071624756,4.260469771921635,0.9846240082473765,1,0
287,4,x2,1001,1001,1110,-0.0008077344391494989,-8.453720092773438,8.452912358334288,0.9992672214283171,1,0
287,5,x0,0001,0001,1001,-0.0014608186902478337,-6.648122787475586,6.646661968785338,0.9985757816617902,1,0
287,6,x3,0000,0000,0001,-0.0010958146303892136,-7.001095294952393,6.999999480322003,0.998917864417122,1,0
287,7,t231,0000,0000,1000,-0.00187292555347085,-6.5065741539001465,6.504701228346676,0.9981333382739835,1,0
287,8,t201,0000,0000,0001,-6.246462726267055e-05,-10.125061988830566,10.124999524203304,0.9999377413656859,1,0
288,1,c23,0000,0000,0001,-0.7467078566551208,-1.746707797050476,0.9999999403953552,0.4755461968103111,1,0
288,2,s23,0000,0000,1000,-0.015229873359203339,-5.535035133361816,5.519805260002613,0.9848872509904315,1,0
288,3,t102,0000,0000,0001,-0.0006336370715871453,-8.500633239746094,8.499999602674507,0.9993677817258663,1,0
288,4,x0,1000,1000,0000,-0.07928724586963654,-2.580381155014038,2.5010939091444016,0.9241082890290825,1,0
288,5,s13,1000,1000,1100,-0.004881295375525951,-5.880069732666016,5.87518843729049,0.9951307225559902,1,0
288,6,t132,1000,1000,1010,-0.0007436116575263441,-7.6257429122924805,7.624999300634954,0.9992602348537677,1,0
288,7,x3,1001,1001,1000,-0.012931772507727146,-4.387931823730469,4.375000051222742,0.9871629154752892,1,0
288,8,x1,1101,1101,1011,-0.000939325662329793,-7.378000259399414,7.377060933737084,0.999098189444661,1,0
289,1,s30,0000,0000,1001,-1.2905217409133911,-1.5664904117584229,0.27596867084503174,0.27583937798262975,1,0
289,2,c20,0000,0000,1000,-0.20357495546340942,-1.7027912139892578,1.4992162585258484,0.8158512571545795,1,0
289,3,s20,0000,0000,1000,-0.12742488086223602,-2.1269631385803223,1.9995382577180862,0.8803658682639326,1,0
289,4,x1,0100,0100,0000,-0.016362542286515236,-4.245655536651611,4.229292994365096,0.9838358957657698,1,0
289,5,x1,0000,0000,0110,-0.016822293400764465,-4.739894866943359,4.723072573542595,0.9836830838780561,1,0
289,6,t132,0000,0000,0100,-0.004346049390733242,-6.408846378326416,6.404500328935683,0.9957757484352727,1,0
289,7,c21,0000,0000,0100,-0.04889925196766853,-3.048858404159546,2.9999591521918774,0.9523595234539679,1,0
289,8,s32,0000,0000,0010,-0.0012759554665535688,-7.125847339630127,7.124571384163573,0.9987276059740815,1,0
290,1,t312,1100,1100,1110,-0.9280917644500732,-1.7696001529693604,0.8415083885192871,0.3961774270072224,1,0
290,2,x2,1110,1110,0000,-0.024074582383036613,-5.566109657287598,5.542035074904561,0.9764340271867691,1,0
290,3,x2,1100,1100,0111,-0.002877302234992385,-7.766611099243164,7.763733797008172,0.9971776722467824,1,0
290,4,s13,1001,1001,1100,-0.3434535264968872,-1.338728427886963,0.9952749013900757,0.7093169350895397,1,0
290,5,t321,1001,1001,1101,-0.03840942680835724,-3.292022943496704,3.253613516688347,0.9623352866996334,1,0
290,6,c31,1101,1101,1001,-0.4746113121509552,-0.9742978811264038,0.4996865689754486,0.6221417940587785,1,0
290,7,s10,1101,1101,0101,-0.0490812249481678,-3.0500333309173584,3.0009521059691906,0.9523058082981246,1,0
290,8,c03,1100,1100,1101,-0.009172426536679268,-4.884171962738037,4.874999536201358,0.9908929807862685,1,0
291,1,x1,1001,1001,0000,-1.0172240734100342,-2.706681251525879,1.6894571781158447,0.36192260832339174,1,0
291,2,x3,1000,1000,0000,-0.015975723043084145,-5.96400260925293,5.9480268862098455,0.984193788856159,1,0
291,3,x2,1010,1010,1000,-0.003892763750627637,-7.580910682678223,7.577017918927595,0.9961235395451788,1,0
291,4,x1,1110,1110,1000,-0.004625800531357527,-5.700761318206787,5.69613551767543,0.9955009836741484,1,0
291,5,c10,0110,0110,1110,-0.20321902632713318,-1.7032150030136108,1.4999959766864777,0.8174908570976118,1,0
291,6,t321,0110,0110,0010,-0.05402328819036484,-3.054922342300415,3.00089905411005,0.9474329192036965,1,0
291,7,s02,1100,1100,0110,-0.24307496845722198,-2.0177788734436035,1.7747039049863815,0.784337739624672,1,0
291,8,s03,0101,0101,1100,-0.5821274518966675,-0.8502098321914673,0.2680823802947998,0.5587190558028305,1,0
292,1,c12,1000,1000,1010,-0.6318519115447998,-2.8006439208984375,2.1687920093536377,0.5333782620218979,1,0
292,2,t032,1000,1000,0010,-0.020003221929073334,-5.8637776374816895,5.843774415552616,0.9802140391441563,1,0
292,3,s10,0100,0100,1000,-0.18939056992530823,-2.0178732872009277,1.8284827172756195,0.8274848513988388,1,0
292,4,s31,0001,0001,0100,-0.08743102848529816,-2.580521583557129,2.4930905550718307,0.9162848300566159,1,0
292,5,t123,0001,0001,1000,-0.0007982025854289532,-8.143354415893555,8.142556213308126,0.9992242445856608,1,0
292,6,c21,0001,0001,0101,-0.12701258063316345,-2.1411988735198975,2.014186292886734,0.8807409351307298,1,0
292,7,c01,0001,0001,0000,-4.970985173713416e-05,-11.00005054473877,11.000000834887032,0.9999531799685282,1,0
292,8,x3,0000,0000,0001,-0.0008320233318954706,-7.188331604003906,7.187499580672011,0.9991802587396459,1,0
293,1,c01,1110,1110,1000,-1.3760180473327637,-2.222362756729126,0.8463447093963623,0.25280039923231584,1,0
293,2,s21,1110,1110,1011,-0.5373290777206421,-1.52000093460083,0.982671856880188,0.5843158668903959,1,0
293,3,t120,0110,0110,1110,-0.5842702388763428,-0.826423704624176,0.24215346574783325,0.5576203762575604,1,0
293,4,s32,0101,0101,0110,-0.4102734327316284,-1.1446000337600708,0.7343266010284424,0.6634717026329081,1,0
293,5,x0,1101,1101,0101,-0.03132011368870735,-3.5338730812072754,3.502552967518568,0.9695504379198716,1,0
293,6,t120,1101,0101,0101,-0.826132595539093,-0.5774227380752563,-0.24870985746383667,0.4377502681957383,0,0
293,7,s03,1101,1101,0101,-0.10911770164966583,-2.6175296306610107,2.508411929011345,0.896851754532414,1,0
293,8,x2,1111,1111,1101,-0.00044411353883333504,-8.893380165100098,8.892936051561264,0.9997620265600956,1,0
294,1,x2,0101,0101,0000,-0.8843937516212463,-2.7219443321228027,1.8375505805015564,0.414603636039445,1,0
294,2,x1,0001,0001,1000,-0.05821431428194046,-4.671189308166504,4.6129749938845634,0.9434892186242371,1,0
294,3,s01,0001,0001,1001,-0.16553597152233124,-1.9313337802886963,1.765797808766365,0.847527566504815,1,0
294,4,c31,0101,0101,0001,-0.38757362961769104,-1.1375505924224854,0.7499769628047943,0.6788001287601888,1,0
294,5,s12,0011,0101,0101,-0.8302329182624817,-0.5778245329856873,-0.25240838527679443,0.4359480669357682,0,0
294,6,x3,0010,0010,0110,-0.0010473926085978746,-8.42687702178955,8.425829629180953,0.9990364833938148,1,0
294,7,s12,0100,0010,0010,-1.337118148803711,-0.31473490595817566,-1.0223832428455353,0.26260166133588686,0,0
294,8,c01,0100,0100,0101,-0.00882002618163824,-5.008820533752441,5.000000507570803,0.9912362511691221,1,0
295,1,c20,1011,1011,0011,-0.9004998803138733,-1.241448163986206,0.34094828367233276,0.4069726381617624,1,0
295,2,x0,0011,0011,0010,-0.019386764615774155,-5.0193867683410645,5.00000000372529,0.980876989625382,1,0
295,3,t123,0011,0011,0010,-0.029677540063858032,-4.654677867889404,4.625000327825546,0.9708619854098595,1,0
295,4,c21,0111,0111,0011,-0.2525404989719391,-1.5023492574691772,1.2498087584972382,0.7768557046221207,1,0
295,5,t312,0101,0101,0111,-0.026943450793623924,-3.652372360229492,3.6254289094358683,0.9734486375453526,1,0
295,6,s03,1100,1100,0101,-0.03454487398266792,-3.409385919570923,3.374841045588255,0.9663396575846831,1,0
295,7,s03,0101,1100,1100,-0.7789819836616516,-0.7057559490203857,-0.07322603464126587,0.45888015651064606,0,0
295,8,s12,0011,0011,0101,-0.6949719786643982,-0.7096751928329468,0.014703214168548584,0.49908902050390097,1,0
296,1,c03,0000,0000,0001,-0.7478922605514526,-1.9978922605514526,1.25,0.476003484716278,1,0
296,2,s13,0000,0000,0100,-0.059857554733753204,-3.311986207962036,3.252128653228283,0.941899940212343,1,0
296,3,s31,0000,0000,0100,-0.02223578467965126,-4.270570755004883,4.2483349703252316,0.9780120331261936,1,0
296,4,s03,0000,0000,1000,-0.5266576409339905,-0.8985936045646667,0.37193596363067627,0.5906614252167546,1,0
296,5,s30,0000,0000,1000,-0.25261497497558594,-1.502021074295044,1.249406099319458,0.7767803953590539,1,0
296,6,t310,0000,0000,1000,-0.011136048473417759,-4.511107444763184,4.499971396289766,0.9889296599338481,1,0
296,7,c01,0000,0000,0100,-0.003185506910085678,-6.052028656005859,6.048843149095774,0.9968321070112549,1,0
296,8,x2,0010,0010,0000,-0.001077529275789857,-7.8488593101501465,7.847781780874357,0.99907677109773,1,0
297,1,t120,1010,1010,0010,-1.0126070976257324,-1.6727219820022583,0.6601148843765259,0.3637992115413125,1,0
297,2,x2,1000,1000,0000,-0.060656942427158356,-4.792442321777344,4.731785379350185,0.9412007465920975,1,0
297,3,t012,1000,1000,1010,-0.002790056401863694,-6.502723217010498,6.499933160608634,0.9972213187344255,1,0
297,4,c13,1000,1000,1001,-0.006803201977163553,-5.006803035736084,4.99999983375892,0.9932219764604786,1,0
297,5,t312,1000,1000,1001,-0.00013696856331080198,-9.875137329101562,9.875000360538252,0.9998695107390878,1,0
297,6,t102,1000,1000,1010,-0.0012591135455295444,-6.751354694366455,6.7500955808209255,0.9987475452025314,1,0
297,7,c03,1001,1001,1000,-0.03808334097266197,-3.28808331489563,3.249999973922968,0.9626410914195844,1,0
297,8,x0,0001,0001,1001,-0.000697527953889221,-7.899387836456299,7.89869030850241,0.9993350048972901,1,0
298,1,s01,1100,0100,0100,-1.6413261890411377,-1.139814853668213,-0.5015113353729248,0.19381113434132846,0,0
298,2,c12,1110,1110,1100,-0.1375213861465454,-2.161454916000366,2.023933529853821,0.8720489800666613,1,0
298,3,x2,1100,1100,0000,-0.005586516577750444,-7.049306869506836,7.0437203529290855,0.9945202643028128,1,0
298,4,s12,1010,1010,1100,-0.8959683775901794,-1.3204810619354248,0.42451268434524536,0.40821237695751383,1,0
298,5,c02,1000,1000,1010,-0.0017931044567376375,-7.693315029144287,7.6915219246875495,0.9982221905185497,1,0
298,6,c23,1000,1000,1001,-0.021281450986862183,-3.8962814807891846,3.8750000298023224,0.9789471296892084,1,0
298,7,s30,0001,0001,1000,-0.35268738865852356,-1.2236905097961426,0.871003121137619,0.7028277995506378,1,0
298,8,x2,0011,0011,0000,-0.0009199394844472408,-7.7648797035217285,7.763959764037281,0.9991247614433094,1,0
299,1,c12,0011,0011,0001,-1.0951025485992432,-2.0712828636169434,0.9761803150177002,0.33530714080536134,1,0
299,2,c30,1011,1011,0011,-0.5774838328361511,-0.8311418294906616,0.2536579966545105,0.5613913543794485,1,0
299,3,s03,1011,1011,0011,-0.35909172892570496,-1.2777575254440308,0.9186657965183258,0.6983501646320998,1,0
299,4,t201,1111,1111,1011,-0.14454175531864166,-2.0192246437072754,1.8746828883886337,0.8654236764833864,1,0
299,5,s32,1111,1111,1101,-0.2671171724796295,-1.608154058456421,1.3410368859767914,0.765638215520244,1,0
299,6,s01,1111,1111,0111,-0.1819573938846588,-2.127739429473877,1.9457820355892181,0.8337136688346576,1,0
299,7,s10,1111,1111,0111,-0.1003967896103859,-2.35087513923645,2.2504783496260643,0.9044945000030491,1,0
299,8,x2,1101,1101,1100,-0.000632690847851336,-9.000632286071777,8.999999595223926,0.9994815554226884,1,0
