example_id,step,gate,gold_state,best_state,best_wrong_state,gold_logprob,best_wrong_logprob,margin,gold_prob16,local_correct,tie
0,1,s30,0110,1000,1000,-3.0004210472106934,-2.562817335128784,-0.4376037120819092,0.049802565148777095,0,0
0,2,c13,0111,1111,1111,-2.90561580657959,-2.595060110092163,-0.31055569648742676,0.054727362971915904,0,0
0,3,t132,0101,1000,1000,-2.941342353820801,-2.5038108825683594,-0.4375314712524414,0.05281094022875295,0,0
0,4,x2,0111,1000,1000,-2.941351890563965,-2.534609794616699,-0.4067420959472656,0.05281187415865048,0,0
0,5,c10,1111,1000,1000,-2.6673316955566406,-2.392399311065674,-0.2749323844909668,0.06945960682755772,0,0
0,6,t201,1011,1000,1000,-2.7519783973693848,-2.534686803817749,-0.21729159355163574,0.06382870054872189,0,0
0,7,s12,1101,1000,1000,-2.810518264770508,-2.534600257873535,-0.27591800689697266,0.060194392455199384,0,0
0,8,t302,1111,1000,1000,-2.7846527099609375,-2.564422845840454,-0.2202298641204834,0.0617727677979608,0,0
1,1,s31,1010,1000,1000,-2.6600797176361084,-2.5350351333618164,-0.125044584274292,0.06999872134470357,0,0
1,2,c30,1010,1100,1100,-2.905653715133667,-2.5912156105041504,-0.3144381046295166,0.0547281698005347,0,0
1,3,t301,1010,0101,0101,-2.9017672538757324,-2.651787281036377,-0.24997997283935547,0.05494199954094955,0,0
1,4,c01,1110,1101,1101,-2.909573793411255,-2.5912325382232666,-0.3183412551879883,0.05451488030196089,0,0
1,5,x2,1100,1000,1000,-2.7481231689453125,-2.5605952739715576,-0.18752789497375488,0.06407451323650605,0,0
1,6,s01,1100,1011,1011,-2.8413329124450684,-2.5913193225860596,-0.2500135898590088,0.05836983433608638,0,0
1,7,c01,1000,1011,1011,-2.8144607543945312,-2.501964807510376,-0.3124959468841553,0.05995957214428326,0,0
1,8,c20,1000,1011,1011,-2.7538609504699707,-2.538517475128174,-0.21534347534179688,0.06370357237511677,0,0
2,1,c32,1101,1000,1000,-2.978184461593628,-2.4214868545532227,-0.5566976070404053,0.05091333858846609,0,0
2,2,s12,1011,1000,1000,-2.8045997619628906,-2.683488607406616,-0.12111115455627441,0.06054736665275981,0,0
2,3,x0,0011,1000,1000,-2.9057183265686035,-2.5306949615478516,-0.37502336502075195,0.05472677851929313,0,0
2,4,x0,1011,1000,1000,-2.8085811138153076,-2.5624804496765137,-0.24610066413879395,0.06031333467048129,0,0
2,5,s30,1011,1000,1000,-2.841315746307373,-2.5913150310516357,-0.2500007152557373,0.058371538990540955,0,0
2,6,t120,1011,1000,1000,-2.909639835357666,-2.5346322059631348,-0.37500762939453125,0.05451551613460207,0,0
2,7,c30,0011,1000,1000,-2.9662859439849854,-2.5912728309631348,-0.3750131130218506,0.051511467525914074,0,0
2,8,x1,0111,1000,1000,-2.9096734523773193,-2.564378023147583,-0.34529542922973633,0.05451145762060253,0,0
3,1,t031,1111,0000,0000,-2.9669694900512695,-2.535148859024048,-0.4318206310272217,0.05150737296566722,0,0
3,2,s01,1111,0000,0000,-2.9018335342407227,-2.56243896484375,-0.33939456939697266,0.05494089472947962,0,0
3,3,c21,1011,1000,1000,-2.727954387664795,-2.3885793685913086,-0.33937501907348633,0.06537471904628958,0,0
3,4,c30,0011,1000,1000,-2.966315269470215,-2.5913021564483643,-0.3750131130218506,0.05151157676885651,0,0
3,5,s10,0011,1000,1000,-3.0990664958953857,-2.5912413597106934,-0.5078251361846924,0.045105488526621836,0,0
3,6,s10,0011,1000,1000,-3.0663652420043945,-2.5346155166625977,-0.5317497253417969,0.04660585324009727,0,0
3,7,x3,0010,1000,1000,-2.909644365310669,-2.5019145011901855,-0.4077298641204834,0.054514746139370525,0,0
3,8,t013,0010,1000,1000,-2.9096732139587402,-2.474091053009033,-0.43558216094970703,0.05451399445104092,0,0
4,1,s03,0011,0000,0000,-2.8418192863464355,-2.591749668121338,-0.25006961822509766,0.058372282930922934,0,0
4,2,s23,0011,1100,1100,-3.0990426540374756,-2.474034309387207,-0.6250083446502686,0.045105817057121335,0,0
4,3,s31,0110,1100,1100,-2.95100998878479,-2.5115549564361572,-0.4394550323486328,0.05230210956387732,0,0
4,4,x1,0010,1000,1000,-2.9067158699035645,-2.560513734817505,-0.34620213508605957,0.05467397819122705,0,0
4,5,x1,0110,1101,1101,-2.941420078277588,-2.534667491912842,-0.4067525863647461,0.05281065696677116,0,0
4,6,c03,0110,1000,1000,-3.0991854667663574,-2.390544891357422,-0.7086405754089355,0.04510361065306277,0,0
4,7,s01,1010,1000,1000,-2.667400598526001,-2.4779508113861084,-0.18944978713989258,0.06945648271373672,0,0
4,8,x3,1011,1001,1001,-2.7461278438568115,-2.6211233139038086,-0.12500452995300293,0.06420344463232106,0,0
5,1,c32,0110,1000,1000,-2.8088574409484863,-2.5309643745422363,-0.27789306640625,0.06030988234749752,0,0
5,2,s23,0101,1111,1111,-2.784503936767578,-2.5950469970703125,-0.18945693969726562,0.06177245839087708,0,0
5,3,s20,0101,1010,1010,-3.042285680770874,-2.4817209243774414,-0.5605647563934326,0.047738189585995766,0,0
5,4,t132,0111,1000,1000,-2.9095685482025146,-2.564328670501709,-0.34523987770080566,0.054513923090756915,0,0
5,5,x1,0011,1000,1000,-3.0683133602142334,-2.445230722427368,-0.6230826377868652,0.04651493548964653,0,0
5,6,x2,0001,1000,1000,-2.9740962982177734,-2.5663681030273438,-0.4077281951904297,0.051113173105203746,0,0
5,7,t320,0001,1010,1010,-2.970151424407959,-2.5345797538757324,-0.43557167053222656,0.051312041652895705,0,0
5,8,s10,0001,1010,1010,-3.034550428390503,-2.534543752670288,-0.5000066757202148,0.04810940065139841,0,0
6,1,t230,1101,1000,1000,-2.910159111022949,-2.535130739212036,-0.3750283718109131,0.05451519878901409,0,0
6,2,t031,1001,1010,1010,-2.683500289916992,-2.5912156105041504,-0.0922846794128418,0.06834283884847864,0,0
6,3,x0,0001,1010,1010,-2.810441493988037,-2.6210036277770996,-0.1894378662109375,0.060195195966903335,0,0
6,4,t230,0001,1010,1010,-3.0345842838287354,-2.503818988800049,-0.5307652950286865,0.048109367269211514,0,0
6,5,c32,0011,1010,1010,-3.007702112197876,-2.5345659255981445,-0.47313618659973145,0.04941943265234379,0,0
6,6,t013,0011,1000,1000,-3.06827712059021,-2.4509971141815186,-0.6172800064086914,0.04651425925925866,0,0
6,7,c20,1011,1000,1000,-2.7846150398254395,-2.505800247192383,-0.27881479263305664,0.06177565789884983,0,0
6,8,x1,1111,1100,1100,-2.716254234313965,-2.501880168914795,-0.21437406539916992,0.06614290031310377,0,0
7,1,t102,0110,0000,0000,-2.935880661010742,-2.5915303230285645,-0.34435033798217773,0.05311891825943556,0,0
7,2,c02,0110,1010,1010,-3.0306458473205566,-2.6209747791290283,-0.4096710681915283,0.04829617982497398,0,0
7,3,x2,0100,1000,1000,-2.94132137298584,-2.534562110900879,-0.40675926208496094,0.052811131337877036,0,0
7,4,c30,0100,1001,1001,-3.1674015522003174,-2.5643539428710938,-0.6030476093292236,0.04212577945705547,0,0
7,5,x0,1100,1010,1010,-2.8528990745544434,-2.4778943061828613,-0.37500476837158203,0.05769296982085904,0,0
7,6,x3,1101,1001,1001,-2.7846574783325195,-2.5346527099609375,-0.25000476837158203,0.06177360644508276,0,0
7,7,x2,1111,1010,1010,-2.784660577774048,-2.5346384048461914,-0.25002217292785645,0.06177251238261672,0,0
7,8,t120,0111,1000,1000,-3.034696102142334,-2.5038700103759766,-0.5308260917663574,0.04810728482396913,0,0
8,1,c32,0101,1000,1000,-2.841503620147705,-2.4781641960144043,-0.3633394241333008,0.058370054701944105,0,0
8,2,t123,0101,1000,1000,-3.0345137119293213,-2.5345072746276855,-0.5000064373016357,0.048109210849737044,0,0
8,3,x1,0001,1111,1111,-2.8768012523651123,-2.5345458984375,-0.3422553539276123,0.05632838756573923,0,0
8,4,s30,1000,1010,1010,-2.6365115642547607,-2.511528730392456,-0.12498283386230469,0.0716305585732126,0,0
8,5,t103,1000,1111,1111,-2.810481548309326,-2.591259241104126,-0.2192223072052002,0.06019453224815388,0,0
8,6,c13,1000,1111,1111,-2.9662322998046875,-2.6210293769836426,-0.3452029228210449,0.051511999181944663,0,0
8,7,t301,1000,1111,1111,-2.9096038341522217,-2.5912647247314453,-0.31833910942077637,0.05451476170410762,0,0
8,8,x1,1100,1001,1001,-2.7440476417541504,-2.681509494781494,-0.06253814697265625,0.06432689116309193,0,0
9,1,c23,1100,0100,0100,-2.7772107124328613,-2.5955493450164795,-0.18166136741638184,0.06225628416864927,0,0
9,2,s32,1100,1101,1101,-2.8451027870178223,-2.5951027870178223,-0.25,0.05814481871469143,0,0
9,3,s01,1100,1111,1111,-2.909545660018921,-2.56239914894104,-0.34714651107788086,0.05451582786799206,0,0
9,4,s03,0101,1001,1001,-2.841291904449463,-2.591266632080078,-0.25002527236938477,0.058369500997686896,0,0
9,5,x2,0111,1000,1000,-2.9741196632385254,-2.477954626083374,-0.49616503715515137,0.05111007028724235,0,0
9,6,t013,0111,1000,1000,-3.030886650085449,-2.501997947692871,-0.5288887023925781,0.04829422638349702,0,0
9,7,s03,1110,1000,1000,-2.667393684387207,-2.4212608337402344,-0.24613285064697266,0.06945916095347987,0,0
9,8,x3,1111,1001,1001,-2.7242431640625,-2.5039758682250977,-0.22026729583740234,0.06562923920807336,0,0
10,1,t210,1101,1000,1000,-2.91778564453125,-2.474430561065674,-0.44335508346557617,0.05409218870921722,0,0
10,2,s30,1101,1000,1000,-2.77675199508667,-2.6209869384765625,-0.15576505661010742,0.0622571414661674,0,0
10,3,c31,1001,1100,1100,-2.6556639671325684,-2.5951218605041504,-0.06054210662841797,0.07027217636266496,0,0
10,4,c32,1011,1010,1010,-2.683499336242676,-2.620999336242676,-0.0625,0.06834195708489582,0,0
10,5,x0,0011,1000,1000,-2.999925374984741,-2.473996877670288,-0.5259284973144531,0.04980461077146258,0,0
10,6,x0,1011,1000,1000,-2.784639358520508,-2.505823850631714,-0.27881550788879395,0.06177423035827489,0,0
10,7,t213,1011,1000,1000,-2.780791759490967,-2.5019867420196533,-0.2788050174713135,0.062013479699071825,0,0
10,8,s13,1110,1000,1000,-2.681624412536621,-2.5346202850341797,-0.1470041275024414,0.06847636479001605,0,0
11,1,x3,1101,1000,1000,-2.841681480407715,-2.5916378498077393,-0.2500436305999756,0.058371015941273634,0,0
11,2,x0,0101,0000,0000,-2.90183162689209,-2.650832176208496,-0.25099945068359375,0.05493959959731577,0,0
11,3,t213,0101,1000,1000,-3.0019636154174805,-2.5346291065216064,-0.467334508895874,0.04970772519985988,0,0
11,4,c02,0101,1010,1010,-3.034621477127075,-2.5038108825683594,-0.5308105945587158,0.04810775250788011,0,0
11,5,c32,0111,1000,1000,-3.0818324089050293,-2.51149582862854,-0.5703365802764893,0.04588704422931122,0,0
11,6,t120,1111,1000,1000,-2.731812000274658,-2.4212331771850586,-0.3105788230895996,0.06512404648475267,0,0
11,7,s03,1111,1000,1000,-2.909651756286621,-2.44524884223938,-0.4644029140472412,0.05451445891344952,0,0
11,8,c23,1110,1000,1000,-2.84915828704834,-2.5019192695617676,-0.34723901748657227,0.05791574022955064,0,0
12,1,x1,0011,0000,0000,-2.7252392768859863,-2.4453625679016113,-0.279876708984375,0.0655639035347311,0,0
12,2,c02,0011,1000,1000,-3.102886199951172,-2.5384068489074707,-0.5644793510437012,0.04493082682039817,0,0
12,3,c30,1011,1100,1100,-2.7317116260528564,-2.421180248260498,-0.3105313777923584,0.06512462369328406,0,0
12,4,c31,1111,1000,1000,-2.77683687210083,-2.591279983520508,-0.18555688858032227,0.06225708575399759,0,0
12,5,s10,1111,1000,1000,-2.7123806476593018,-2.50577974319458,-0.20660090446472168,0.06640081851078579,0,0
12,6,c13,1110,1000,1000,-2.810617446899414,-2.5308022499084473,-0.2798151969909668,0.060192921672670784,0,0
12,7,t302,1110,1000,1000,-3.0019826889038086,-2.5077645778656006,-0.494218111038208,0.049707064948006,0,0
12,8,s02,1110,1000,1000,-2.941349744796753,-2.5345582962036133,-0.40679144859313965,0.05281025052651817,0,0
13,1,c12,1000,0000,0000,-2.7128138542175293,-2.6521949768066406,-0.06061887741088867,0.06640390830174263,0,0
13,2,t120,1000,1101,1101,-2.841197967529297,-2.5912070274353027,-0.24999094009399414,0.058371737716068295,0,0
13,3,s12,1000,1101,1101,-2.9739527702331543,-2.5911903381347656,-0.38276243209838867,0.05111383032982254,0,0
13,4,s23,1000,1101,1101,-2.939321994781494,-2.5911989212036133,-0.34812307357788086,0.052915022237890734,0,0
13,5,t201,1000,1001,1001,-2.7768073081970215,-2.6518073081970215,-0.125,0.062256528429985386,0,0
13,6,s23,1000,1101,1101,-2.939314842224121,-2.6209893226623535,-0.3183255195617676,0.05291564111717955,0,0
13,7,t120,1000,1101,1101,-2.8490262031555176,-2.5345797538757324,-0.31444644927978516,0.05791769679429707,0,0
13,8,x3,1001,0100,0100,-2.8065648078918457,-2.6229801177978516,-0.18358469009399414,0.060430715380510154,0,0
14,1,c31,1000,1000,1100,-2.591735601425171,-2.603492021560669,0.011756420135498047,0.07495414561386826,1,0
14,2,c10,1000,1111,1111,-2.9056241512298584,-2.530649185180664,-0.37497496604919434,0.0547284847731655,0,0
14,3,x3,1001,1101,1101,-2.681558132171631,-2.651789903640747,-0.02976822853088379,0.06847670563855641,0,0
14,4,t013,1001,1000,1000,-2.7768521308898926,-2.6518521308898926,-0.125,0.0622569896276793,0,0
14,5,c30,0001,1010,1010,-2.966289758682251,-2.591309070587158,-0.3749806880950928,0.05151279663000433,0,0
14,6,s02,0001,1010,1010,-3.167325019836426,-2.5643486976623535,-0.6029763221740723,0.04212787882526811,0,0
14,7,c12,0001,1010,1010,-3.1673903465270996,-2.5643725395202637,-0.6030178070068359,0.042126437034200756,0,0
14,8,s03,1000,1010,1010,-2.659562110900879,-2.534550666809082,-0.12501144409179688,0.06999807134270271,0,0
15,1,c13,1110,0000,0000,-2.841505527496338,-2.5913736820220947,-0.25013184547424316,0.05836701058852328,0,0
15,2,c01,1010,0000,0000,-2.9056472778320312,-2.591219663619995,-0.31442761421203613,0.054728169365353234,0,0
15,3,t132,1010,0000,0000,-2.8691465854644775,-2.683587074279785,-0.18555951118469238,0.056768300314967816,0,0
15,4,s01,0110,1000,1000,-2.9018306732177734,-2.595136880874634,-0.30669379234313965,0.054939934156601825,0,0
15,5,t230,0110,1001,1001,-3.167466878890991,-2.44722056388855,-0.7202463150024414,0.04212561681792246,0,0
15,6,s30,0110,1001,1001,-3.273319959640503,-2.451014757156372,-0.8223052024841309,0.03789313840046656,0,0
15,7,x2,0100,1000,1000,-2.8529751300811768,-2.534595489501953,-0.31837964057922363,0.05769129002391417,0,0
15,8,s20,0100,1001,1001,-3.0346579551696777,-2.5346007347106934,-0.5000572204589844,0.04810751619033842,0,0
16,1,c12,1000,1000,1010,-2.535133123397827,-2.5352351665496826,0.00010204315185546875,0.0793250007444054,1,0
16,2,c12,1000,1111,1111,-2.90563702583313,-2.5306668281555176,-0.3749701976776123,0.054728356142731006,0,0
16,3,s23,1000,1101,1101,-2.8489954471588135,-2.5345635414123535,-0.31443190574645996,0.057918847159816815,0,0
16,4,x1,1100,1010,1010,-2.7460031509399414,-2.621001720428467,-0.1250014305114746,0.06420140342544348,0,0
16,5,s03,0101,0001,0001,-2.806674003601074,-2.651862382888794,-0.15481162071228027,0.060429068969876695,0,0
16,6,t231,0101,1000,1000,-3.001955032348633,-2.5078063011169434,-0.49414873123168945,0.04970926662843014,0,0
16,7,s23,0110,1010,1010,-2.9096217155456543,-2.503803253173828,-0.40581846237182617,0.054512605775057885,0,0
16,8,c32,0110,1001,1001,-3.0020689964294434,-2.5644426345825195,-0.43762636184692383,0.0497049334632378,0,0
17,1,s10,0101,0000,0000,-2.7774345874786377,-2.652292251586914,-0.12514233589172363,0.06225447594180888,0,0
17,2,s10,1001,1000,1000,-2.659510612487793,-2.534510612487793,-0.125,0.06999955344049359,0,0
17,3,s01,0101,1010,1010,-2.8412623405456543,-2.6210455894470215,-0.2202167510986328,0.05837059507330908,0,0
17,4,s13,0101,1010,1010,-3.001922130584717,-2.5345981121063232,-0.46732401847839355,0.04970810831498926,0,0
17,5,x1,0001,1000,1000,-2.9096152782440186,-2.564387321472168,-0.3452279567718506,0.05451508239820688,0,0
17,6,c02,0001,1010,1010,-3.0990779399871826,-2.474053382873535,-0.6250245571136475,0.04510605531973231,0,0
17,7,x2,0011,1010,1010,-3.0077664852142334,-2.534599542617798,-0.47316694259643555,0.04941872128923007,0,0
17,8,t012,0011,1000,1000,-3.1713497638702393,-2.5058131217956543,-0.665536642074585,0.041962660659116996,0,0
18,1,t023,1011,0000,0000,-2.986642360687256,-2.5315029621124268,-0.4551393985748291,0.050517905454614334,0,0
18,2,s23,1011,1000,1000,-2.808548927307129,-2.5624406337738037,-0.2461082935333252,0.060312252868458364,0,0
18,3,t013,1011,1100,1100,-2.939438581466675,-2.5913124084472656,-0.3481261730194092,0.05291461272615382,0,0
18,4,c03,1010,1000,1000,-2.7162957191467285,-2.5624732971191406,-0.1538224220275879,0.06614308353361895,0,0
18,5,t102,1010,1100,1100,-2.905700206756592,-2.5912678241729736,-0.31443238258361816,0.05472799837433754,0,0
18,6,c20,0010,1001,1001,-2.9701743125915527,-2.5643935203552246,-0.4057807922363281,0.05131232066554576,0,0
18,7,t302,0010,1000,1000,-3.0663535594940186,-2.4779555797576904,-0.5883979797363281,0.046606714843702844,0,0
18,8,s23,0001,1000,1000,-2.716219902038574,-2.560425281524658,-0.15579462051391602,0.0661425028470441,0,0
19,1,x1,1100,0000,0000,-2.8495986461639404,-2.506298065185547,-0.34330058097839355,0.05791997470560461,0,0
19,2,s01,1100,1000,1000,-2.7162082195281982,-2.5912041664123535,-0.12500405311584473,0.06614349114787207,0,0
19,3,x1,1000,1001,1001,-2.6557087898254395,-2.5307087898254395,-0.125,0.0702720209612713,0,0
19,4,t023,1000,1101,1101,-2.7441465854644775,-2.5913100242614746,-0.15283656120300293,0.0643261275330183,0,0
19,5,c13,1000,1001,1001,-2.7767863273620605,-2.6517863273620605,-0.125,0.062256797476689066,0,0
19,6,x3,1001,1011,1011,-2.659518241882324,-2.620967388153076,-0.03855085372924805,0.06999875046376827,0,0
19,7,c30,0001,1010,1010,-2.8690810203552246,-2.5912387371063232,-0.27784228324890137,0.05676845147111624,0,0
19,8,t230,0001,1010,1010,-3.0990002155303955,-2.5643229484558105,-0.534677267074585,0.045106019958888195,0,0
20,1,c23,1111,1000,1000,-2.9021706581115723,-2.591533660888672,-0.3106369972229004,0.05493791762473503,0,0
20,2,t032,1101,1000,1000,-2.841280460357666,-2.591270685195923,-0.25000977516174316,0.05837106249490616,0,0
20,3,t102,1111,1010,1010,-2.7162885665893555,-2.560542106628418,-0.1557464599609375,0.06614315596404118,0,0
20,4,x0,0111,1000,1000,-2.9980804920196533,-2.5307047367095947,-0.4673757553100586,0.04989984580305969,0,0
20,5,c20,1111,1000,1000,-2.8164432048797607,-2.4452953338623047,-0.37114787101745605,0.05984216497437128,0,0
20,6,s13,1111,1000,1000,-2.8163974285125732,-2.4740867614746094,-0.34231066703796387,0.05984257337379282,0,0
20,7,x0,0111,1000,1000,-2.901872396469116,-2.5912461280822754,-0.3106262683868408,0.05493903648854622,0,0
20,8,x1,0011,1000,1000,-3.0425398349761963,-2.4741601943969727,-0.5683796405792236,0.047735611281001795,0,0
21,1,s03,1010,1000,1000,-2.6896774768829346,-2.5348458290100098,-0.1548316478729248,0.06794414282838566,0,0
21,2,s20,1010,1100,1100,-2.8412156105041504,-2.591235637664795,-0.24997997283935547,0.05837201260130579,0,0
21,3,x3,1011,1100,1100,-2.7201313972473145,-2.594198703765869,-0.1259326934814453,0.0658878416580909,0,0
21,4,c23,1010,1100,1100,-2.81052565574646,-2.5019493103027344,-0.3085763454437256,0.06019476787103548,0,0
21,5,x0,0010,1000,1000,-2.8749544620513916,-2.56435227394104,-0.31060218811035156,0.05643633153553864,0,0
21,6,x0,1010,1100,1100,-2.816342353820801,-2.5644326210021973,-0.2519097328186035,0.05984464768164518,0,0
21,7,x0,0010,1101,1101,-2.965390205383301,-2.6509318351745605,-0.31445837020874023,0.051562067288759644,0,0
21,8,c31,0010,1011,1011,-2.997983932495117,-2.681539297103882,-0.31644463539123535,0.04990177974273417,0,0
22,1,x3,0101,1000,1000,-2.7483983039855957,-2.534925937652588,-0.2134723663330078,0.06407466818784952,0,0
22,2,t201,0101,1100,1100,-2.9700827598571777,-2.5950605869293213,-0.37502217292785645,0.051311503140696456,0,0
22,3,s12,0011,1000,1000,-2.8768720626831055,-2.5950980186462402,-0.28177404403686523,0.056326771891564466,0,0
22,4,s32,0011,1000,1000,-3.17124605178833,-2.513489246368408,-0.6577568054199219,0.04196433934653384,0,0
22,5,c23,0010,1000,1000,-2.9174113273620605,-2.50576114654541,-0.4116501808166504,0.0540904873458771,0,0
22,6,c12,0010,1100,1100,-3.201029062271118,-2.534536600112915,-0.6664924621582031,0.04073062717485491,0,0
22,7,t321,0010,1000,1000,-3.136615514755249,-2.5950937271118164,-0.5415217876434326,0.04344171913384209,0,0
22,8,x1,0110,1000,1000,-2.9095826148986816,-2.564307689666748,-0.3452749252319336,0.054512680706375154,0,0
23,1,x3,1000,0000,0000,-2.660344123840332,-2.591843366622925,-0.06850075721740723,0.06999846486891621,0,0
23,2,s21,1000,1101,1101,-2.841202974319458,-2.6517653465270996,-0.1894376277923584,0.05837160822369544,0,0
23,3,s30,0001,1111,1111,-2.8807315826416016,-2.562408924102783,-0.31832265853881836,0.056108878765772446,0,0
23,4,t201,0001,1010,1010,-2.9701037406921387,-2.4740121364593506,-0.4960916042327881,0.0513122983577257,0,0
23,5,x1,0101,1010,1010,-2.888505458831787,-2.5134828090667725,-0.37502264976501465,0.05567523682744566,0,0
23,6,s10,1001,1010,1010,-2.7240188121795654,-2.5038037300109863,-0.2202150821685791,0.06563099014778888,0,0
23,7,t301,1101,0100,0100,-2.9018354415893555,-2.651854991912842,-0.24998044967651367,0.05494263392724045,0,0
23,8,s12,1011,0010,0010,-2.6835553646087646,-2.562498092651367,-0.12105727195739746,0.06834352976591376,0,0
24,1,s13,0110,0000,0000,-2.9099085330963135,-2.5059902667999268,-0.4039182662963867,0.05451242052085632,0,0
24,2,x2,0100,1010,1010,-2.909559965133667,-2.5345468521118164,-0.3750131130218506,0.054514049067731093,0,0
24,3,c32,0100,1010,1010,-3.1067614555358887,-2.5115292072296143,-0.5952322483062744,0.04475833728725398,0,0
24,4,s02,0100,1001,1001,-3.132662057876587,-2.564296007156372,-0.5683660507202148,0.0436116824398328,0,0
24,5,x2,0110,1001,1001,-2.9056458473205566,-2.5345349311828613,-0.3711109161376953,0.05472743804843383,0,0
24,6,c03,0110,1000,1000,-3.034651517868042,-2.5345823764801025,-0.5000691413879395,0.048107442422637675,0,0
24,7,t032,0110,1000,1000,-3.0663902759552,-2.477938175201416,-0.5884521007537842,0.046604849847257386,0,0
24,8,s21,0110,1000,1000,-3.0990355014801025,-2.4778828620910645,-0.6211526393890381,0.04510519396823169,0,0
25,1,c13,1100,0000,0000,-2.6599817276000977,-2.5915541648864746,-0.06842756271362305,0.0699978455885107,0,0
25,2,t230,1100,1011,1011,-2.9095349311828613,-2.620995044708252,-0.2885398864746094,0.05451557317681736,0,0
25,3,t320,1100,1001,1001,-3.1221344470977783,-2.5624217987060547,-0.5597126483917236,0.04407564125435192,0,0
25,4,c21,1100,1001,1001,-2.9095687866210938,-2.5912342071533203,-0.31833457946777344,0.05451535211726599,0,0
25,5,t031,1100,0001,0001,-3.070194721221924,-2.624941349029541,-0.4452533721923828,0.04642670198468083,0,0
25,6,t312,1100,1011,1011,-2.917349100112915,-2.5038084983825684,-0.4135406017303467,0.05409231625909062,0,0
25,7,t130,1100,1001,1001,-3.009645938873291,-2.591249465942383,-0.4183964729309082,0.049324224132504056,0,0
25,8,x2,1110,1010,1010,-2.80857253074646,-2.560535192489624,-0.24803733825683594,0.060310913730079595,0,0
26,1,t210,1101,1000,1000,-2.9099388122558594,-2.5349042415618896,-0.3750345706939697,0.054514328500973215,0,0
26,2,x3,1100,1000,1000,-2.7767386436462402,-2.6209781169891357,-0.1557605266571045,0.06225790974917884,0,0
26,3,x1,1000,1001,1001,-2.683516025543213,-2.621016025543213,-0.0625,0.06834256865180889,0,0
26,4,s23,1000,1001,1001,-2.744093894958496,-2.681593894958496,-0.0625,0.06432675224431714,0,0
26,5,c31,1000,0101,0101,-2.901790142059326,-2.5912516117095947,-0.31053853034973145,0.05494136688381177,0,0
26,6,s21,1000,1101,1101,-2.8748693466186523,-2.6517317295074463,-0.22313761711120605,0.05643729824469287,0,0
26,7,s30,0001,1101,1101,-2.8065218925476074,-2.5623619556427,-0.24415993690490723,0.06042941933768035,0,0
26,8,s32,0010,1010,1010,-2.8806827068328857,-2.5345005989074707,-0.34618210792541504,0.056108569862815344,0,0
27,1,t213,1100,1000,1000,-2.728423595428467,-2.5350465774536133,-0.19337701797485352,0.06537436172717465,0,0
27,2,x0,0100,1111,1111,-2.901784896850586,-2.6229419708251953,-0.2788429260253906,0.054940171933633083,0,0
27,3,x0,1100,1111,1111,-2.720109462738037,-2.534576416015625,-0.1855330467224121,0.06588717589413638,0,0
27,4,x1,1000,1001,1001,-2.6835641860961914,-2.6210641860961914,-0.0625,0.06834275172691129,0,0
27,5,t130,1000,1111,1111,-2.873093605041504,-2.6211538314819336,-0.2519397735595703,0.056547320828968954,0,0
27,6,x0,0000,1101,1101,-2.9018959999084473,-2.5682950019836426,-0.3336009979248047,0.054939507591904295,0,0
27,7,c03,0000,1101,1101,-3.000020980834961,-2.5913445949554443,-0.4086763858795166,0.04980527780888759,0,0
27,8,s31,0000,1001,1001,-3.0682411193847656,-2.595097780227661,-0.4731433391571045,0.046515565076595364,0,0
28,1,x1,1111,0000,0000,-2.9706239700317383,-2.531078338623047,-0.4395456314086914,0.05130979989154187,0,0
28,2,x3,1110,1000,1000,-2.837385654449463,-2.5624499320983887,-0.2749357223510742,0.058599029464398766,0,0
28,3,c01,1010,1000,1000,-2.689469337463379,-2.564459800720215,-0.12500953674316406,0.06794501744748975,0,0
28,4,t320,1010,1000,1000,-2.808640956878662,-2.6519088745117188,-0.15673208236694336,0.06031216581243779,0,0
28,5,x1,1110,1000,1000,-2.712341785430908,-2.651794195175171,-0.060547590255737305,0.06640201156045308,0,0
28,6,c02,1100,1001,1001,-2.7807273864746094,-2.5605106353759766,-0.2202167510986328,0.062014577563552685,0,0
28,7,c23,1100,1001,1001,-2.9858126640319824,-2.4491820335388184,-0.5366306304931641,0.05051716635637991,0,0
28,8,c21,1100,1011,1011,-2.9057745933532715,-2.5019490718841553,-0.4038255214691162,0.05472678956963008,0,0
29,1,t312,0100,1000,1000,-2.724623203277588,-2.474553108215332,-0.25007009506225586,0.0656275398036845,0,0
29,2,s12,0010,1111,1111,-2.837224006652832,-2.5911412239074707,-0.24608278274536133,0.058599268427800645,0,0
29,3,s21,0100,1100,1100,-2.909514904022217,-2.534528970718384,-0.374985933303833,0.0545149258444546,0,0
29,4,t230,0100,1001,1001,-3.1327052116394043,-2.5037927627563477,-0.6289124488830566,0.04361177084561999,0,0
29,5,t130,0100,1010,1010,-3.2394895553588867,-2.5345044136047363,-0.7049851417541504,0.03919298657926064,0,0
29,6,t013,0100,1001,1001,-3.1673266887664795,-2.4778542518615723,-0.6894724369049072,0.04212621398820156,0,0
29,7,x2,0110,1001,1001,-3.0018324851989746,-2.5037598609924316,-0.49807262420654297,0.04970795834127516,0,0
29,8,t210,1110,1000,1000,-2.8412742614746094,-2.5604991912841797,-0.2807750701904297,0.058371362868344503,0,0
30,1,t120,1110,1000,1000,-2.902134895324707,-2.5914862155914307,-0.31064867973327637,0.05493796909338581,0,0
30,2,s21,1110,0000,0000,-2.87099289894104,-2.651759386062622,-0.21923351287841797,0.05665818890645819,0,0
30,3,c10,0110,1000,1000,-3.0316693782806396,-2.534559488296509,-0.49710988998413086,0.048248774894001194,0,0
30,4,c01,0110,1011,1011,-3.0990326404571533,-2.5643515586853027,-0.5346810817718506,0.045105748639272365,0,0
30,5,x2,0100,1000,1000,-3.0501585006713867,-2.394355297088623,-0.6558032035827637,0.047366768919453746,0,0
30,6,s20,0100,1011,1011,-3.0682730674743652,-2.564323902130127,-0.5039491653442383,0.04651426474092139,0,0
30,7,x1,0000,1001,1001,-2.8529772758483887,-2.5346083641052246,-0.31836891174316406,0.057692433328135735,0,0
30,8,s10,0000,1001,1001,-3.068251609802246,-2.564328193664551,-0.5039234161376953,0.04651579391754905,0,0
31,1,t012,0011,1000,1000,-2.6561217308044434,-2.535007953643799,-0.12111377716064453,0.07027383709055439,0,0
31,2,t310,0011,1000,1000,-3.034526824951172,-2.477853775024414,-0.5566730499267578,0.04810907395769186,0,0
31,3,t320,1011,1000,1000,-2.634528636932373,-2.542234420776367,-0.09229421615600586,0.07176965116294501,0,0
31,4,x1,1111,1000,1000,-2.776829719543457,-2.4740312099456787,-0.3027985095977783,0.0622555505103181,0,0
31,5,t203,1110,1000,1000,-2.8789665699005127,-2.4453518390655518,-0.43361473083496094,0.056217196338997216,0,0
31,6,s01,1110,1000,1000,-3.0038747787475586,-2.564398765563965,-0.43947601318359375,0.04961201666836387,0,0
31,7,t230,1110,1011,1011,-2.9742302894592285,-2.5914018154144287,-0.3828284740447998,0.05111034831955076,0,0
31,8,x0,0110,1000,1000,-2.9663169384002686,-2.5345957279205322,-0.43172121047973633,0.05150992633749878,0,0
32,1,x1,1000,0000,0000,-2.6560051441192627,-2.534883975982666,-0.12112116813659668,0.07027395640752958,0,0
32,2,x0,0000,1011,1011,-2.8372879028320312,-2.6517181396484375,-0.18556976318359375,0.05859883030578625,0,0
32,3,s13,0000,1100,1100,-3.034548282623291,-2.5950987339019775,-0.4394495487213135,0.04810964276249999,0,0
32,4,x0,1000,1001,1001,-2.7200515270233154,-2.5950515270233154,-0.125,0.06588700275866913,0,0
32,5,s23,1000,1001,1001,-2.7440414428710938,-2.6815414428710938,-0.0625,0.06432787648649306,0,0
32,6,t102,1000,1010,1010,-2.84122371673584,-2.6517715454101562,-0.1894521713256836,0.058371069887267,0,0
32,7,x0,0000,1011,1011,-2.837334156036377,-2.6815414428710938,-0.1557927131652832,0.05859838879072738,0,0
32,8,c32,0000,1101,1101,-3.0643692016601562,-2.5912039279937744,-0.47316527366638184,0.0466958625741187,0,0
33,1,s02,0011,1000,1000,-2.8420839309692383,-2.5612633228302,-0.2808206081390381,0.05837110676198024,0,0
33,2,c02,0011,1000,1000,-3.030707836151123,-2.5951099395751953,-0.43559789657592773,0.04829620883992217,0,0
33,3,t301,0011,1100,1100,-3.0346078872680664,-2.4779233932495117,-0.5566844940185547,0.04810864395797671,0,0
33,4,s10,0011,1000,1000,-3.066323757171631,-2.5057568550109863,-0.5605669021606445,0.04660654487478485,0,0
33,5,c02,0011,1000,1000,-2.970069646835327,-2.53450345993042,-0.4355661869049072,0.051311739651251166,0,0
33,6,t021,0011,1000,1000,-3.0990278720855713,-2.534560203552246,-0.5644676685333252,0.04510616758271145,0,0
33,7,x2,0001,1000,1000,-2.9432663917541504,-2.445234537124634,-0.4980318546295166,0.052711774096163885,0,0
33,8,c32,0011,1010,1010,-2.9702539443969727,-2.534600257873535,-0.4356536865234375,0.05130791782936645,0,0
34,1,s23,1100,0000,0000,-2.777308702468872,-2.5628581047058105,-0.21445059776306152,0.06225587366151893,0,0
34,2,t013,1101,1000,1000,-2.7162044048309326,-2.651761531829834,-0.06444287300109863,0.06614331054911164,0,0
34,3,t102,1111,0010,0010,-2.712406873703003,-2.6518588066101074,-0.06054806709289551,0.0664014172894593,0,0
34,4,s21,1111,1000,1000,-2.841336488723755,-2.530766248703003,-0.31057024002075195,0.05837045381679231,0,0
34,5,c20,0111,0000,0000,-3.0337281227111816,-2.5336623191833496,-0.500065803527832,0.04815394505066252,0,0
34,6,t012,0111,1000,1000,-3.099180221557617,-2.5019681453704834,-0.5972120761871338,0.04510435024983693,0,0
34,7,x2,0101,1000,1000,-2.9126486778259277,-2.4174625873565674,-0.49518609046936035,0.05435409985217457,0,0
34,8,t132,0111,1010,1010,-3.002002716064453,-2.5643954277038574,-0.4376072883605957,0.04970571121967114,0,0
35,1,x2,0110,0000,0000,-2.902360677719116,-2.5628530979156494,-0.3395075798034668,0.054937157912522135,0,0
35,2,t312,0110,1000,1000,-2.9701414108276367,-2.5643486976623535,-0.4057927131652832,0.05131110632314981,0,0
35,3,c30,0110,1000,1000,-3.0990710258483887,-2.5038280487060547,-0.595242977142334,0.04510553436688056,0,0
35,4,t032,0110,1001,1001,-3.167334794998169,-2.5037808418273926,-0.6635539531707764,0.04212669036020905,0,0
35,5,x0,1110,1000,1000,-2.941298723220825,-2.503787040710449,-0.437511682510376,0.052812047756299926,0,0
35,6,s20,1110,1000,1000,-2.9394192695617676,-2.591266632080078,-0.34815263748168945,0.052914193292903144,0,0
35,7,s03,0111,1000,1000,-2.905810594558716,-2.5912961959838867,-0.3145143985748291,0.05472495234183439,0,0
35,8,c02,0111,1000,1000,-3.066469669342041,-2.534597873687744,-0.5318717956542969,0.04660219272865179,0,0
36,1,s20,0001,1000,1000,-2.7773313522338867,-2.5351195335388184,-0.24221181869506836,0.06226201931633927,0,0
36,2,x1,0101,1000,1000,-2.9094924926757812,-2.59501051902771,-0.3144819736480713,0.05451453932425807,0,0
36,3,c23,0101,1010,1010,-3.106804847717285,-2.481755256652832,-0.6250495910644531,0.044757590447663254,0,0
36,4,s32,0110,1000,1000,-2.8451414108276367,-2.53454327583313,-0.31059813499450684,0.05814221329716926,0,0
36,5,x0,1110,1000,1000,-2.8163228034973145,-2.50380539894104,-0.3125174045562744,0.05984398633438282,0,0
36,6,c23,1111,1001,1001,-2.7538232803344727,-2.474030017852783,-0.27979326248168945,0.06370358701202165,0,0
36,7,s30,1111,1000,1000,-2.8413591384887695,-2.5019421577453613,-0.3394169807434082,0.05836994310704217,0,0
36,8,t132,1101,0000,0000,-2.9097132682800293,-2.478023052215576,-0.4316902160644531,0.054514157059109496,0,0
37,1,x2,1100,1000,1000,-2.785060167312622,-2.5350229740142822,-0.25003719329833984,0.0617740653264822,0,0
37,2,c03,1101,1111,1111,-2.7123303413391113,-2.651803970336914,-0.060526371002197266,0.06640228158869461,0,0
37,3,c31,1001,1000,1000,-2.776853084564209,-2.651853084564209,-0.125,0.06225692393750178,0,0
37,4,t321,1001,1100,1100,-2.810554265975952,-2.623051643371582,-0.18750262260437012,0.060193826408325275,0,0
37,5,s21,1001,1010,1010,-2.9095726013183594,-2.5624208450317383,-0.3471517562866211,0.0545153490096906,0,0
37,6,c23,1001,1010,1010,-2.9095304012298584,-2.56431245803833,-0.3452179431915283,0.054514810189587745,0,0
37,7,c31,1101,1010,1010,-2.6873459815979004,-2.5345020294189453,-0.15284395217895508,0.06807718738422988,0,0
37,8,x3,1100,1000,1000,-2.7518973350524902,-2.5912508964538574,-0.1606464385986328,0.06382660309532606,0,0
38,1,s03,1010,1000,1000,-2.6601502895355225,-2.506253242492676,-0.15389704704284668,0.06999440628663255,0,0
38,2,t103,1010,1100,1100,-2.776768684387207,-2.5306859016418457,-0.24608278274536133,0.06225744556556727,0,0
38,3,t031,1010,0001,0001,-3.034546136856079,-2.6517772674560547,-0.3827688694000244,0.048110818122922915,0,0
38,4,c03,1011,1000,1000,-2.7845535278320312,-2.5951056480407715,-0.18944787979125977,0.06177545585048711,0,0
38,5,t102,1011,0100,0100,-2.9017820358276367,-2.5951638221740723,-0.30661821365356445,0.054942225421359195,0,0
38,6,t013,1011,1000,1000,-2.808539867401123,-2.562424421310425,-0.24611544609069824,0.06031307167738952,0,0
38,7,s32,1011,1000,1000,-2.8162946701049805,-2.4451823234558105,-0.3711123466491699,0.05984475360574622,0,0
38,8,t201,1111,1000,1000,-2.9336485862731934,-2.5913257598876953,-0.34232282638549805,0.05322402526103026,0,0
39,1,c01,0101,0000,0000,-2.909823417663574,-2.478116512298584,-0.43170690536499023,0.05451499563362965,0,0
39,2,x0,1101,1000,1000,-2.776689291000366,-2.622865676879883,-0.1538236141204834,0.06225688649484585,0,0
39,3,t102,1111,1000,1000,-2.9096364974975586,-2.564396858215332,-0.34523963928222656,0.05451346136541388,0,0
39,4,c32,1101,1000,1000,-2.8491454124450684,-2.4741249084472656,-0.37502050399780273,0.05791682669685207,0,0
39,5,t230,1101,1000,1000,-2.876952648162842,-2.53464412689209,-0.34230852127075195,0.056326457425938475,0,0
39,6,c31,1001,1000,1000,-2.683548927307129,-2.621048927307129,-0.0625,0.0683425233900969,0,0
39,7,x3,1000,1010,1010,-2.687431812286377,-2.5912694931030273,-0.09616231918334961,0.06807690731608403,0,0
39,8,x2,1010,1101,1101,-2.8085789680480957,-2.6230597496032715,-0.18551921844482422,0.060312248622540074,0,0
40,1,s21,1010,1000,1000,-2.6561317443847656,-2.5310826301574707,-0.12504911422729492,0.0702701037542933,0,0
40,2,s02,1010,0100,0100,-2.9017446041107178,-2.681581497192383,-0.22016310691833496,0.05494255655890541,0,0
40,3,x2,1000,1011,1011,-2.624938488006592,-2.5951380729675293,-0.0298004150390625,0.07246867024969209,0,0
40,4,x3,1001,1011,1011,-2.746075391769409,-2.6210718154907227,-0.12500357627868652,0.06420144514855321,0,0
40,5,s10,0101,1100,1100,-2.874972343444824,-2.5912723541259766,-0.28369998931884766,0.05643624791517164,0,0
40,6,s32,0110,1010,1010,-2.8461663722991943,-2.534619092941284,-0.31154727935791016,0.05808641406449366,0,0
40,7,x2,0100,1001,1001,-2.946272373199463,-2.564387798309326,-0.3818845748901367,0.052552862831660774,0,0
40,8,x3,0101,1011,1011,-3.00783109664917,-2.50386643409729,-0.5039646625518799,0.04941705029325886,0,0
41,1,t013,0010,0000,0000,-2.7166147232055664,-2.534903049468994,-0.18171167373657227,0.06614309074828156,0,0
41,2,x1,0110,1000,1000,-3.034494400024414,-2.5950260162353516,-0.4394683837890625,0.04810859887446055,0,0
41,3,t013,0110,1000,1000,-2.9662749767303467,-2.651787757873535,-0.3144872188568115,0.051511033471627485,0,0
41,4,s30,0110,1001,1001,-3.099108934402466,-2.447190999984741,-0.6519179344177246,0.04510518040045824,0,0
41,5,c21,0010,1001,1001,-2.97403621673584,-2.503803253173828,-0.4702329635620117,0.05111196104057777,0,0
41,6,c31,0010,1101,1101,-3.09902286529541,-2.5643584728240967,-0.5346643924713135,0.045106092045233984,0,0
41,7,x2,0000,1000,1000,-2.917314052581787,-2.5950698852539062,-0.32224416732788086,0.05409212104741627,0,0
41,8,c12,0000,1001,1001,-3.2010412216186523,-2.595076084136963,-0.6059651374816895,0.040730519130273986,0,0
42,1,c20,0010,1000,1000,-2.841703414916992,-2.4744391441345215,-0.3672642707824707,0.058369617835575885,0,0
42,2,c21,0110,1100,1100,-2.7884182929992676,-2.5950686931610107,-0.19334959983825684,0.06153257017749757,0,0
42,3,x1,0010,1000,1000,-2.9672224521636963,-2.5604820251464844,-0.4067404270172119,0.051462014324168984,0,0
42,4,x3,0011,1000,1000,-2.8768844604492188,-2.621023178100586,-0.2558612823486328,0.0563269729512446,0,0
42,5,t310,0011,1000,1000,-3.066396713256836,-2.5346062183380127,-0.5317904949188232,0.04660490911538223,0,0
42,6,t102,0011,1000,1000,-3.099090814590454,-2.5345633029937744,-0.5645275115966797,0.04510401053868498,0,0
42,7,s31,0110,1000,1000,-2.878828525543213,-2.473979949951172,-0.404848575592041,0.05621623623281178,0,0
42,8,c20,1110,1000,1000,-2.884615182876587,-2.4470911026000977,-0.43752408027648926,0.05589061616731232,0,0
43,1,x3,1010,1000,1000,-2.6601901054382324,-2.5351788997650146,-0.12501120567321777,0.07000012890375763,0,0
43,2,c30,1010,0000,0000,-2.837348222732544,-2.7123444080352783,-0.12500381469726562,0.05859960531758401,0,0
43,3,t201,1110,1100,1100,-2.7163026332855225,-2.591299057006836,-0.12500357627868652,0.06614189915903167,0,0
43,4,s13,1011,1001,1001,-2.626950263977051,-2.560555934906006,-0.06639432907104492,0.07232519720221499,0,0
43,5,t203,1010,1000,1000,-2.7460968494415283,-2.5913002490997314,-0.15479660034179688,0.06420106015079796,0,0
43,6,x0,0010,0001,0001,-2.8690457344055176,-2.6815364360809326,-0.18750929832458496,0.05676843970725272,0,0
43,7,t210,0010,1000,1000,-3.0990102291107178,-2.5951290130615234,-0.5038812160491943,0.04510689849273049,0,0
43,8,t210,0010,1000,1000,-3.204880475997925,-2.511542797088623,-0.6933376789093018,0.040575401078233625,0,0
44,1,s20,1111,1000,1000,-3.0349862575531006,-2.478214740753174,-0.5567715167999268,0.04810693633380058,0,0
44,2,t210,0111,1000,1000,-2.837397575378418,-2.591249704360962,-0.24614787101745605,0.0585970986893002,0,0
44,3,s01,1011,1000,1000,-2.74798583984375,-2.5604801177978516,-0.18750572204589844,0.06407710162983789,0,0
44,4,c20,0011,1000,1000,-3.0356361865997314,-2.505835771560669,-0.5298004150390625,0.048062372772738025,0,0
44,5,c23,0010,1100,1100,-2.9731411933898926,-2.5346810817718506,-0.438460111618042,0.051162206790026046,0,0
44,6,s23,0001,1000,1000,-2.878868818283081,-2.5951437950134277,-0.2837250232696533,0.056217434806202095,0,0
44,7,s01,0001,1000,1000,-2.93548583984375,-2.5912094116210938,-0.34427642822265625,0.05312049049811702,0,0
44,8,x0,1001,1010,1010,-2.7768092155456543,-2.6229989528656006,-0.1538102626800537,0.06225857300594376,0,0
45,1,t203,0001,1000,1000,-2.777371406555176,-2.535254955291748,-0.24211645126342773,0.06226426542534267,0,0
45,2,x3,0000,1000,1000,-2.9094810485839844,-2.5950522422790527,-0.31442880630493164,0.05451726947296232,0,0
45,3,c32,0000,1100,1100,-3.1066997051239014,-2.5422468185424805,-0.5644528865814209,0.04475900531087343,0,0
45,4,x1,0100,1010,1010,-2.9094831943511963,-2.595020055770874,-0.31446313858032227,0.05451438467861867,0,0
45,5,t103,0100,1010,1010,-2.970177173614502,-2.534578323364258,-0.43559885025024414,0.05131064376963266,0,0
45,6,s02,0100,1011,1011,-3.1385090351104736,-2.4471094608306885,-0.6913995742797852,0.04335848469092981,0,0
45,7,t012,0100,1010,1010,-3.2790780067443848,-2.4856107234954834,-0.7934672832489014,0.03767344033393353,0,0
45,8,x3,0101,1000,1000,-2.8490233421325684,-2.6517233848571777,-0.19729995727539062,0.05791615430040964,0,0
46,1,s20,0111,1000,1000,-2.9667539596557617,-2.5349607467651367,-0.431793212890625,0.05150765305537,0,0
46,2,t201,0111,1000,1000,-2.9017603397369385,-2.473964214324951,-0.4277961254119873,0.05493984782483653,0,0
46,3,t120,1111,1000,1000,-2.753833055496216,-2.388547420501709,-0.36528563499450684,0.06370237138220725,0,0
46,4,t132,1101,1000,1000,-2.7808783054351807,-2.5606532096862793,-0.22022509574890137,0.0620139087869572,0,0
46,5,x2,1111,1010,1010,-2.8770339488983154,-2.505920171737671,-0.37111377716064453,0.05632659069620608,0,0
46,6,x3,1110,1000,1000,-2.8463199138641357,-2.4453814029693604,-0.4009385108947754,0.05808512299570456,0,0
46,7,c03,1111,0000,0000,-2.970384120941162,-2.5645058155059814,-0.40587830543518066,0.05130817272411944,0,0
46,8,c21,1011,1000,1000,-2.7480921745300293,-2.5307998657226562,-0.21729230880737305,0.06407819080213698,0,0
47,1,c21,1101,0000,0000,-2.841495990753174,-2.5914177894592285,-0.2500782012939453,0.05837017874021549,0,0
47,2,t201,1101,1000,1000,-2.901732921600342,-2.651735782623291,-0.24999713897705078,0.05494186462501329,0,0
47,3,t310,0101,1010,1010,-2.933558940887451,-2.651820659637451,-0.28173828125,0.053224952707951974,0,0
47,4,s31,0101,1000,1000,-3.001873016357422,-2.5643582344055176,-0.4375147819519043,0.04970894980971134,0,0
47,5,c10,1101,1000,1000,-2.7845458984375,-2.534531593322754,-0.2500143051147461,0.06177328865936383,0,0
47,6,c03,1100,1010,1010,-2.659660816192627,-2.5038843154907227,-0.1557765007019043,0.06999780870600894,0,0
47,7,x0,0100,1011,1011,-2.933577060699463,-2.6210567951202393,-0.31252026557922363,0.05322360417129078,0,0
47,8,s32,0100,1001,1001,-3.1327595710754395,-2.534575939178467,-0.5981836318969727,0.04361064329216656,0,0
48,1,s13,0000,0000,1000,-2.6233575344085693,-2.652198553085327,0.028841018676757812,0.07261460377212081,1,0
48,2,s13,0000,1010,1010,-3.167222023010254,-2.5949931144714355,-0.5722289085388184,0.042127262846995854,0,0
48,3,x3,0001,1000,1000,-2.92117977142334,-2.6556034088134766,-0.2655763626098633,0.053883008597708684,0,0
48,4,s13,0100,1000,1000,-2.6711654663085938,-2.538353443145752,-0.1328120231628418,0.06918483383390088,0,0
48,5,s13,0001,1010,1010,-2.852998733520508,-2.5345447063446045,-0.3184540271759033,0.05768884288990306,0,0
48,6,c31,0101,1010,1010,-2.845200777053833,-2.5345728397369385,-0.31062793731689453,0.05814204170939899,0,0
48,7,s03,1100,1010,1010,-2.671219825744629,-2.4509732723236084,-0.2202465534210205,0.06918911875009799,0,0
48,8,c32,1100,1011,1011,-2.9394893646240234,-2.560554027557373,-0.3789353370666504,0.05291512215187682,0,0
49,1,s12,0001,1000,1000,-2.849398612976074,-2.417766809463501,-0.43163180351257324,0.057922491110911266,0,0
49,2,s20,0001,1000,1000,-2.9700233936309814,-2.595019578933716,-0.3750038146972656,0.0513126052901133,0,0
49,3,c20,0001,1010,1010,-3.171125888824463,-2.511474847793579,-0.6596510410308838,0.041965676016641834,0,0
49,4,t032,0001,1100,1100,-3.098999261856079,-2.5950863361358643,-0.5039129257202148,0.04510643138060614,0,0
49,5,s21,0001,1010,1010,-3.09893536567688,-2.5344934463500977,-0.5644419193267822,0.04510665190264382,0,0
49,6,c21,0001,1100,1100,-3.0345304012298584,-2.5345046520233154,-0.500025749206543,0.04810822753335159,0,0
49,7,s12,0001,1000,1000,-2.966113567352295,-2.591090679168701,-0.37502288818359375,0.05151159329561847,0,0
49,8,c30,1001,1010,1010,-2.5950253009796143,-2.5344841480255127,-0.06054115295410156,0.07466047807433764,0,0
50,1,t302,0100,1000,1000,-2.6523096561431885,-2.4217259883880615,-0.23058366775512695,0.07054495756946066,0,0
50,2,t012,0100,1001,1001,-3.0989277362823486,-2.534463882446289,-0.5644638538360596,0.04510605008454519,0,0
50,3,c13,0101,1001,1001,-2.973950147628784,-2.534497022628784,-0.439453125,0.051112230136542036,0,0
50,4,c03,0101,1111,1111,-3.099006414413452,-2.534550666809082,-0.5644557476043701,0.04510603335465415,0,0
50,5,x3,0100,1000,1000,-3.0721447467803955,-2.6209826469421387,-0.45116209983825684,0.046334400352178055,0,0
50,6,c13,0101,1011,1011,-2.723966598510742,-2.5911478996276855,-0.13281869888305664,0.06562843648637383,0,0
50,7,t201,0101,1010,1010,-2.970153331756592,-2.5951080322265625,-0.3750452995300293,0.05131115424668332,0,0
50,8,x3,0100,1000,1000,-2.7123727798461914,-2.6815857887268066,-0.030786991119384766,0.0664012324449435,0,0
51,1,t130,1001,0000,0000,-2.777658224105835,-2.6526377201080322,-0.12502050399780273,0.062260487483893685,0,0
51,2,x1,1101,1010,1010,-2.7123374938964844,-2.621023654937744,-0.09131383895874023,0.06640108898876601,0,0
51,3,x0,0101,1000,1000,-2.869152069091797,-2.5912866592407227,-0.2778654098510742,0.05676746469693189,0,0
51,4,c02,0101,1010,1010,-2.9702186584472656,-2.564441204071045,-0.4057774543762207,0.05131152092190875,0,0
51,5,t302,0101,1010,1010,-3.0385420322418213,-2.5644097328186035,-0.4741322994232178,0.047921740940077416,0,0
51,6,s30,1100,1010,1010,-2.689375162124634,-2.5038154125213623,-0.18555974960327148,0.06794409206575364,0,0
51,7,x1,1000,1111,1111,-2.7846016883850098,-2.5346198081970215,-0.24998188018798828,0.061774658820701794,0,0
51,8,c31,1000,1101,1101,-2.905792713165283,-2.621149778366089,-0.28464293479919434,0.054728520432152525,0,0
52,1,c32,1010,1000,1000,-2.687871217727661,-2.6214489936828613,-0.0664222240447998,0.0680761482036781,0,0
52,2,t312,1010,1000,1000,-2.776754379272461,-2.651764392852783,-0.12498998641967773,0.062257937811906916,0,0
52,3,x0,0010,1000,1000,-2.904695987701416,-2.5604357719421387,-0.34426021575927734,0.054780512183552905,0,0
52,4,c12,0010,1100,1100,-3.167332172393799,-2.5345683097839355,-0.6327638626098633,0.042127133045601714,0,0
52,5,c30,0010,1001,1001,-3.3078784942626953,-2.5115151405334473,-0.796363353729248,0.03660398939390722,0,0
52,6,t203,0010,1001,1001,-3.171208381652832,-2.477830410003662,-0.6933779716491699,0.041962439389427376,0,0
52,7,x0,1010,1101,1101,-2.655574321746826,-2.5642967224121094,-0.0912775993347168,0.07027396752774111,0,0
52,8,t310,1010,1101,1101,-2.901778221130371,-2.6517832279205322,-0.24999499320983887,0.054942284044656765,0,0
53,1,t021,1101,0000,0000,-2.974618911743164,-2.5311951637268066,-0.4434237480163574,0.05111210503897577,0,0
53,2,s03,1101,1010,1010,-2.8412086963653564,-2.591205596923828,-0.2500030994415283,0.05837077419890929,0,0
53,3,c31,1001,1000,1000,-2.683513879776001,-2.621013879776001,-0.0625,0.06834230752355937,0,0
53,4,t213,1001,1000,1000,-2.7768216133117676,-2.6518216133117676,-0.125,0.06225619313396905,0,0
53,5,x1,1101,1000,1000,-2.841207265853882,-2.562385320663452,-0.2788219451904297,0.05837138710723635,0,0
53,6,t312,1111,1010,1010,-2.7123289108276367,-2.6210062503814697,-0.09132266044616699,0.06640129767098034,0,0
53,7,t321,1011,1000,1000,-2.7807741165161133,-2.5019617080688477,-0.2788124084472656,0.062014254464347475,0,0
53,8,c23,1010,0100,0100,-2.7479844093322754,-2.5663204193115234,-0.18166399002075195,0.06407643851355058,0,0
54,1,x1,0001,1000,1000,-2.748286485671997,-2.5915491580963135,-0.1567373275756836,0.06407937877150609,0,0
54,2,s21,0001,1000,1000,-3.0344595909118652,-2.595012664794922,-0.43944692611694336,0.048110111984031104,0,0
54,3,c20,0001,1010,1010,-3.23946475982666,-2.4528708457946777,-0.7865939140319824,0.03919342760183158,0,0
54,4,x2,0011,1100,1100,-2.973949670791626,-2.534510612487793,-0.439439058303833,0.051112445623822424,0,0
54,5,x3,0010,1000,1000,-2.974118709564209,-2.477938652038574,-0.49618005752563477,0.05111036587477539,0,0
54,6,t103,0010,1000,1000,-2.970123291015625,-2.5345406532287598,-0.43558263778686523,0.05131119000685552,0,0
54,7,x0,1010,1000,1000,-2.7459535598754883,-2.5911545753479004,-0.1547989845275879,0.0642026770697614,0,0
54,8,s12,1100,0100,0100,-2.681504726409912,-2.5643186569213867,-0.11718606948852539,0.0684765444340919,0,0
55,1,x1,0111,1000,1000,-2.902242422103882,-2.5349349975585938,-0.3673074245452881,0.054939046494220316,0,0
55,2,x1,0011,1000,1000,-2.9056687355041504,-2.530636787414551,-0.3750319480895996,0.05472625117517986,0,0
55,3,x3,0010,1000,1000,-2.973140239715576,-2.4779863357543945,-0.49515390396118164,0.051162074921640585,0,0
55,4,x1,0110,1000,1000,-2.9413697719573975,-2.503819465637207,-0.43755030632019043,0.0528106059801622,0,0
55,5,c31,0110,1000,1000,-2.9981577396392822,-2.5307602882385254,-0.46739745140075684,0.04989985111768145,0,0
55,6,c30,0110,1000,1000,-3.171370029449463,-2.425171375274658,-0.7461986541748047,0.04196277026726638,0,0
55,7,x3,0111,1000,1000,-2.9433047771453857,-2.50380802154541,-0.4394967555999756,0.05270791107739751,0,0
55,8,s10,1011,1000,1000,-2.826068878173828,-2.4173707962036133,-0.40869808197021484,0.059265739230501296,0,0
56,1,x0,1101,0000,0000,-2.9021053314208984,-2.5626845359802246,-0.33942079544067383,0.054941469839219846,0,0
56,2,t201,1101,1000,1000,-2.776801586151123,-2.65179181098938,-0.12500977516174316,0.06225721251137259,0,0
56,3,c21,1101,1010,1010,-2.905695676803589,-2.5912587642669678,-0.3144369125366211,0.05472811059364868,0,0
56,4,x1,1001,1000,1000,-2.693223476409912,-2.505723476409912,-0.1875,0.06768104564576688,0,0
56,5,c10,1001,1100,1100,-2.905660629272461,-2.5624053478240967,-0.34325528144836426,0.054727918056138025,0,0
56,6,c30,0001,1010,1010,-2.9661850929260254,-2.5643274784088135,-0.4018576145172119,0.051512596919342894,0,0
56,7,t320,0001,1010,1010,-2.970081090927124,-2.5037734508514404,-0.4663076400756836,0.05131213560083964,0,0
56,8,c10,0001,1010,1010,-3.0344889163970947,-2.62090802192688,-0.41358089447021484,0.048108706561596284,0,0
57,1,t210,1010,0000,0000,-2.716933012008667,-2.59185791015625,-0.125075101852417,0.06614263561061412,0,0
57,2,s01,0110,1000,1000,-2.9017586708068848,-2.6517112255096436,-0.2500474452972412,0.05493970034324075,0,0
57,3,t301,0110,1000,1000,-3.034660816192627,-2.5346081256866455,-0.5000526905059814,0.04810744983617914,0,0
57,4,x0,1110,1000,1000,-2.8490195274353027,-2.534550428390503,-0.3144690990447998,0.057917744462102516,0,0
57,5,t312,1110,1001,1001,-2.9057846069335938,-2.5605509281158447,-0.345233678817749,0.05472634975464692,0,0
57,6,t203,1111,0001,0001,-2.757753372192383,-2.591259002685547,-0.16649436950683594,0.06345535406958686,0,0
57,7,t210,0111,1000,1000,-2.9980430603027344,-2.4452462196350098,-0.5527968406677246,0.04990156513412241,0,0
57,8,x2,0101,1000,1000,-2.844278335571289,-2.5912632942199707,-0.25301504135131836,0.05819729924972197,0,0
58,1,x2,1001,0100,0100,-2.7247984409332275,-2.592123031616211,-0.1326754093170166,0.06563392501666782,0,0
58,2,t120,1001,1000,1000,-2.776850700378418,-2.651850700378418,-0.125,0.06225835594813284,0,0
58,3,s31,1100,1010,1010,-2.746065139770508,-2.651825428009033,-0.09423971176147461,0.06420179763142167,0,0
58,4,s31,1001,1111,1111,-2.7480976581573486,-2.6519131660461426,-0.09618449211120605,0.06407545462897185,0,0
58,5,x1,1101,1100,1100,-2.6268808841705322,-2.5643808841705322,-0.0625,0.07232616569316966,0,0
58,6,x1,1001,1000,1000,-2.6836469173431396,-2.6211469173431396,-0.0625,0.06834218801307677,0,0
58,7,t312,1001,1010,1010,-2.784670352935791,-2.5644595623016357,-0.22021079063415527,0.06177272535491075,0,0
58,8,x2,1011,1010,1010,-2.6835851669311523,-2.6210851669311523,-0.0625,0.06834193209392865,0,0
59,1,c12,0101,0000,0000,-2.84147310256958,-2.5625557899475098,-0.2789173126220703,0.058369219092976876,0,0
59,2,s02,0101,1000,1000,-3.034498691558838,-2.534485340118408,-0.5000133514404297,0.04810893579991075,0,0
59,3,s21,0011,1000,1000,-2.8768012523651123,-2.5642850399017334,-0.3125162124633789,0.05632739667739496,0,0
59,4,c30,1011,1000,1000,-2.7518839836120605,-2.505772590637207,-0.24611139297485352,0.06382806272191183,0,0
59,5,s21,1101,1100,1100,-2.622981548309326,-2.560481548309326,-0.0625,0.07260729978848017,0,0
59,6,s31,1101,1010,1010,-2.906780242919922,-2.5019829273223877,-0.4047973155975342,0.0546738320045494,0,0
59,7,c31,1001,1000,1000,-2.6836729049682617,-2.6211729049682617,-0.0625,0.0683430935292527,0,0
59,8,s01,0101,1010,1010,-2.901796579360962,-2.5912458896636963,-0.3105506896972656,0.05494132564715841,0,0
60,1,s20,1101,1000,1000,-2.9098806381225586,-2.4781689643859863,-0.43171167373657227,0.05451502657624799,0,0
60,2,c20,1101,1000,1000,-2.7767586708068848,-2.5912022590637207,-0.18555641174316406,0.06225684025325724,0,0
60,3,x1,1001,1000,1000,-2.7499141693115234,-2.5624141693115234,-0.1875,0.06395261563561665,0,0
60,4,x1,1101,0000,0000,-2.744105577468872,-2.5912652015686035,-0.15284037590026855,0.06432721072722881,0,0
60,5,c31,1001,1000,1000,-2.716373920440674,-2.591373920440674,-0.125,0.06614190862767216,0,0
60,6,s32,1010,1010,1100,-2.5912158489227295,-2.6229491233825684,0.03173327445983887,0.07495010031322447,1,0
60,7,s32,1001,1101,1101,-2.6517999172210693,-2.6508281230926514,-0.0009717941284179688,0.07054589258000857,0,0
60,8,t013,1001,1000,1000,-2.7499547004699707,-2.5624547004699707,-0.1875,0.06395080440556027,0,0
61,1,s02,1110,1000,1000,-2.9102420806884766,-2.5351028442382812,-0.3751392364501953,0.05451137576268866,0,0
61,2,c03,1111,1000,1000,-2.901801109313965,-2.651794672012329,-0.25000643730163574,0.054941598473048345,0,0
61,3,c31,1011,1000,1000,-2.8085827827453613,-2.591296672821045,-0.2172861099243164,0.060312167345411886,0,0
61,4,t321,1111,0000,0000,-2.8692195415496826,-2.5625381469726562,-0.30668139457702637,0.05676742012114833,0,0
61,5,c03,1110,1000,1000,-2.9019083976745605,-2.5058674812316895,-0.3960409164428711,0.05494095664589693,0,0
61,6,s02,1110,1000,1000,-2.9056761264801025,-2.5345563888549805,-0.37111973762512207,0.054727931068658954,0,0
61,7,s23,1101,1000,1000,-2.6596570014953613,-2.4779791831970215,-0.18167781829833984,0.06999834516600452,0,0
61,8,s12,1011,1000,1000,-2.6836085319519043,-2.562511920928955,-0.12109661102294922,0.06834296823935196,0,0
62,1,t230,1001,1000,1000,-2.6565704345703125,-2.5315704345703125,-0.125,0.0702742837815275,0,0
62,2,x0,0001,1000,1000,-2.8690173625946045,-2.681516408920288,-0.1875009536743164,0.05677013457107411,0,0
62,3,x0,1001,1100,1100,-2.687394380569458,-2.5951406955718994,-0.0922536849975586,0.06807888142870774,0,0
62,4,t021,1001,1010,1010,-2.8085904121398926,-2.6210989952087402,-0.18749141693115234,0.0603121762492602,0,0
62,5,t132,1001,0100,0100,-2.901834487915039,-2.623018264770508,-0.27881622314453125,0.05494132918658216,0,0
62,6,t103,1001,1010,1010,-2.9354543685913086,-2.6517722606658936,-0.28368210792541504,0.05312138283671327,0,0
62,7,x1,1101,1000,1000,-2.7440361976623535,-2.6517233848571777,-0.09231281280517578,0.06432636260485478,0,0
62,8,x0,0101,1010,1010,-2.8691821098327637,-2.651869058609009,-0.21731305122375488,0.05676740741418851,0,0
63,1,s12,0001,1000,1000,-2.7810516357421875,-2.5311036109924316,-0.24994802474975586,0.062019814230019336,0,0
63,2,x1,0101,1000,1000,-2.9016809463500977,-2.6516528129577637,-0.250028133392334,0.05494082209914896,0,0
63,3,t301,0101,1000,1000,-3.0990231037139893,-2.4778709411621094,-0.6211521625518799,0.04510525477376566,0,0
63,4,t231,0101,1010,1010,-3.098968982696533,-2.5345211029052734,-0.5644478797912598,0.04510652940896518,0,0
63,5,t301,0101,1010,1010,-3.0345194339752197,-2.4470667839050293,-0.5874526500701904,0.04810836146818088,0,0
63,6,x3,0100,1000,1000,-2.909515619277954,-2.41727614402771,-0.49223947525024414,0.05451455099555287,0,0
63,7,t321,0100,1010,1010,-2.970076084136963,-2.5344934463500977,-0.43558263778686523,0.05131130171751796,0,0
63,8,c20,0100,1001,1001,-3.1713051795959473,-2.4548723697662354,-0.7164328098297119,0.04196208676500271,0,0
64,1,s10,0000,1000,1000,-2.5955123901367188,-2.5916619300842285,-0.0038504600524902344,0.0746662832814082,0,0
64,2,s03,0000,1011,1011,-3.034433364868164,-2.5950047969818115,-0.43942856788635254,0.04811021915408425,0,0
64,3,s30,0000,1001,1001,-3.448296546936035,-2.5422000885009766,-0.9060964584350586,0.0318061128361814,0,0
64,4,c01,0000,1010,1010,-3.098902702331543,-2.591136932373047,-0.5077657699584961,0.045107285788149716,0,0
64,5,c03,0000,1000,1000,-3.0989491939544678,-2.5950419902801514,-0.5039072036743164,0.0451066788956489,0,0
64,6,c30,0000,1001,1001,-3.098940372467041,-2.5950143337249756,-0.5039260387420654,0.045105896125890596,0,0
64,7,t031,0000,1000,1000,-2.837301254272461,-2.591179132461548,-0.24612212181091309,0.05859827093165192,0,0
64,8,t013,0000,1000,1000,-2.6517410278320312,-2.651702880859375,-3.814697265625e-05,0.07054385792210242,0,0
65,1,s23,1010,1000,1000,-2.690086603164673,-2.5352563858032227,-0.1548302173614502,0.06794173580855095,0,0
65,2,t203,1011,1101,1101,-2.7162857055664062,-2.5307483673095703,-0.18553733825683594,0.06614286575335117,0,0
65,3,x1,1111,1000,1000,-2.720187187194824,-2.5058059692382812,-0.21438121795654297,0.06588556582729459,0,0
65,4,t321,1011,1000,1000,-2.9097492694854736,-2.534745216369629,-0.3750040531158447,0.05451518065131369,0,0
65,5,s32,1011,1000,1000,-2.8412952423095703,-2.591291904449463,-0.2500033378601074,0.05837142846509429,0,0
65,6,c12,1011,1100,1100,-2.872964382171631,-2.5912270545959473,-0.2817373275756836,0.05654757723304194,0,0
65,7,c12,1011,1110,1110,-2.8729538917541504,-2.621037006378174,-0.25191688537597656,0.05654901254126529,0,0
65,8,x0,0011,1100,1100,-3.0316877365112305,-2.6210436820983887,-0.4106440544128418,0.048249264649559725,0,0
66,1,x0,1010,1000,1000,-2.6599128246307373,-2.506052255630493,-0.15386056900024414,0.06999933606842094,0,0
66,2,t120,1010,1100,1100,-2.716304302215576,-2.5913174152374268,-0.12498688697814941,0.06614362381561414,0,0
66,3,s32,1001,1111,1111,-2.716256618499756,-2.6210641860961914,-0.09519243240356445,0.06614357080177456,0,0
66,4,c21,1001,1010,1010,-2.8412251472473145,-2.62100887298584,-0.2202162742614746,0.058371477781038544,0,0
66,5,x2,1011,1010,1010,-2.6268341541290283,-2.5643341541290283,-0.0625,0.07232761403145595,0,0
66,6,s02,1011,1000,1000,-2.8768744468688965,-2.4779305458068848,-0.3989439010620117,0.05632845905365943,0,0
66,7,t310,1011,1000,1000,-2.808551549911499,-2.56245493888855,-0.24609661102294922,0.0603129051793514,0,0
66,8,t301,1111,0100,0100,-2.9018115997314453,-2.505803108215332,-0.3960084915161133,0.05494130038009579,0,0
67,1,s30,1010,1000,1000,-2.77734375,-2.59173583984375,-0.18560791015625,0.06225633745660648,0,0
67,2,t120,1010,1100,1100,-2.8162989616394043,-2.534571647644043,-0.28172731399536133,0.059844357675098644,0,0
67,3,c13,1010,1011,1011,-2.776775598526001,-2.651775598526001,-0.125,0.06225751770688265,0,0
67,4,x3,1011,1001,1001,-2.6595611572265625,-2.56435489654541,-0.09520626068115234,0.06999939900086322,0,0
67,5,c03,1010,0000,0000,-2.837425708770752,-2.625014543533325,-0.21241116523742676,0.05859961133249387,0,0
67,6,s30,0011,1001,1001,-2.9354615211486816,-2.6209802627563477,-0.314481258392334,0.05312064597640566,0,0
67,7,x0,1011,1000,1000,-2.784637451171875,-2.5346288681030273,-0.25000858306884766,0.061774385179205,0,0
67,8,c20,0011,1000,1000,-3.030834674835205,-2.5913302898406982,-0.43950438499450684,0.04829537140980549,0,0
68,1,t023,0101,0000,0000,-2.781142473220825,-2.5310826301574707,-0.2500598430633545,0.06201237868829747,0,0
68,2,x1,0001,1000,1000,-2.8411574363708496,-2.651715040206909,-0.18944239616394043,0.05837167304070593,0,0
68,3,x1,0101,1100,1100,-2.841226100921631,-2.6210198402404785,-0.22020626068115234,0.05837068981444155,0,0
68,4,s21,0011,1000,1000,-2.849069595336914,-2.624912738800049,-0.22415685653686523,0.05791702984599609,0,0
68,5,c23,0010,1000,1000,-2.9741430282592773,-2.5058019161224365,-0.4683411121368408,0.05110999888340502,0,0
68,6,s12,0100,1111,1111,-2.7845447063446045,-2.534538745880127,-0.25000596046447754,0.061772570995597756,0,0
68,7,t213,0100,1010,1010,-2.970154285430908,-2.595104694366455,-0.3750495910644531,0.05131126718012926,0,0
68,8,t013,0100,1001,1001,-3.1366119384765625,-2.477877140045166,-0.6587347984313965,0.043441570143822945,0,0
69,1,s20,1101,0000,0000,-2.9099268913269043,-2.562713146209717,-0.3472137451171875,0.05451538880756552,0,0
69,2,c30,0101,1100,1100,-2.9662485122680664,-2.6229677200317383,-0.3432807922363281,0.05151146626039968,0,0
69,3,x1,0001,1111,1111,-2.8163132667541504,-2.5643529891967773,-0.25196027755737305,0.059843058836886114,0,0
69,4,c13,0001,1100,1100,-3.10672926902771,-2.513469696044922,-0.5932595729827881,0.04475882558680009,0,0
69,5,c01,0001,1010,1010,-3.098989248275757,-2.564321517944336,-0.5346677303314209,0.045106102325235035,0,0
69,6,x3,0000,1010,1010,-2.880749225616455,-2.445188522338867,-0.4355607032775879,0.05610826746560383,0,0
69,7,s03,0000,1010,1010,-3.0990805625915527,-2.5950767993927,-0.5040037631988525,0.045102828228515704,0,0
69,8,x0,1000,1011,1011,-2.7201015949249268,-2.5643539428710938,-0.155747652053833,0.06588860294412993,0,0
70,1,x1,0100,0000,0000,-2.7165913581848145,-2.5059866905212402,-0.21060466766357422,0.06614002464134695,0,0
70,2,t230,0100,1000,1000,-2.9700841903686523,-2.5345144271850586,-0.43556976318359375,0.05131145046341808,0,0
70,3,x2,0110,1010,1010,-3.0422985553741455,-2.4817280769348145,-0.560570478439331,0.04773779448141407,0,0
70,4,c23,0111,1000,1000,-3.1029865741729736,-2.477908134460449,-0.6250784397125244,0.04492907428885814,0,0
70,5,t013,0111,1000,1000,-3.203063488006592,-2.417369842529297,-0.7856936454772949,0.040650547520342875,0,0
70,6,t312,0101,1000,1000,-2.9174275398254395,-2.331883430480957,-0.5855441093444824,0.05408952052894632,0,0
70,7,s02,0101,1000,1000,-2.9335715770721436,-2.481720209121704,-0.45185136795043945,0.0532221357195847,0,0
70,8,s12,0011,1000,1000,-2.8162686824798584,-2.507650375366211,-0.30861830711364746,0.05984444747883246,0,0
71,1,s10,1111,0000,0000,-2.9022417068481445,-2.591582775115967,-0.31065893173217773,0.054938410273056265,0,0
71,2,x2,1101,0000,0000,-2.841238498687744,-2.5345795154571533,-0.3066589832305908,0.05837125683419366,0,0
71,3,t013,1100,1000,1000,-2.6557674407958984,-2.591311454772949,-0.06445598602294922,0.0702705659137328,0,0
71,4,c32,1100,1001,1001,-2.9433414936065674,-2.5644354820251465,-0.3789060115814209,0.05270873459671446,0,0
71,5,t023,1100,1001,1001,-2.945195436477661,-2.591235876083374,-0.3539595603942871,0.05260722271189347,0,0
71,6,c32,1100,1011,1011,-2.952944278717041,-2.5037827491760254,-0.4491615295410156,0.05219974727423358,0,0
71,7,s10,1100,0010,0010,-2.9017038345336914,-2.6815052032470703,-0.2201986312866211,0.05494169584952355,0,0
71,8,s01,1100,1001,1001,-2.999971628189087,-2.6518216133117676,-0.34815001487731934,0.0498060703493854,0,0
72,1,t132,0101,1000,1000,-2.777195930480957,-2.5349693298339844,-0.24222660064697266,0.062256708656643095,0,0
72,2,c21,0101,1010,1010,-2.901718854904175,-2.560396671295166,-0.3413221836090088,0.05494089505405415,0,0
72,3,s02,0101,1000,1000,-2.9979043006896973,-2.620954990386963,-0.3769493103027344,0.04990299431694666,0,0
72,4,c13,0100,1010,1010,-3.0037875175476074,-2.503765344619751,-0.5000221729278564,0.04961152536268094,0,0
72,5,x3,0101,1001,1001,-2.9095394611358643,-2.5911693572998047,-0.31837010383605957,0.054514335658489385,0,0
72,6,t102,0101,1000,1000,-3.167365550994873,-2.5643224716186523,-0.6030430793762207,0.04212594603254244,0,0
72,7,s30,1100,1010,1010,-2.6672768592834473,-2.5115132331848145,-0.1557636260986328,0.06945939901202015,0,0
72,8,x1,1000,1001,1001,-2.716231107711792,-2.591231107711792,-0.125,0.06614447694301635,0,0
73,1,x0,1100,0000,0000,-2.7204902172088623,-2.6214122772216797,-0.09907793998718262,0.06588932420051045,0,0
73,2,c21,1100,1111,1111,-2.655644655227661,-2.5951061248779297,-0.060538530349731445,0.07027284401971323,0,0
73,3,x1,1000,1101,1101,-2.7440662384033203,-2.65177059173584,-0.09229564666748047,0.06432738991810331,0,0
73,4,x0,0000,0001,0001,-2.773881196975708,-2.711381196975708,-0.0625,0.062438608003662174,0,0
73,5,s21,0000,1001,1001,-3.003772735595703,-2.505741596221924,-0.4980311393737793,0.04961326913139044,0,0
73,6,c32,0000,1010,1010,-3.1403913497924805,-2.542243003845215,-0.5981483459472656,0.043276266434546254,0,0
73,7,x3,0001,1101,1101,-2.8450675010681152,-2.595081329345703,-0.2499861717224121,0.058144626630321154,0,0
73,8,s13,0100,1100,1100,-2.784548282623291,-2.595078468322754,-0.1894698143005371,0.061773079365766016,0,0
74,1,c01,0000,1000,1000,-2.591531753540039,-2.4782297611236572,-0.11330199241638184,0.0749562090898131,0,0
74,2,c13,0000,1111,1111,-3.1672468185424805,-2.5344796180725098,-0.6327672004699707,0.04212725244631477,0,0
74,3,s32,0000,1010,1010,-3.0989270210266113,-2.591162919998169,-0.5077641010284424,0.045107088332166374,0,0
74,4,t203,0000,1001,1001,-3.3155314922332764,-2.5422205924987793,-0.7733108997344971,0.03632236744880576,0,0
74,5,c01,0000,1010,1010,-3.0344691276550293,-2.595025062561035,-0.43944406509399414,0.04810941381439924,0,0
74,6,x2,0010,1010,1010,-2.784496784210205,-2.595048189163208,-0.18944859504699707,0.06177346961393218,0,0
74,7,x3,0011,1000,1000,-2.9663991928100586,-2.621082305908203,-0.34531688690185547,0.051509463691446176,0,0
74,8,t302,0011,1000,1000,-3.132687568664551,-2.5911855697631836,-0.5415019989013672,0.04361181988112731,0,0
75,1,x3,1100,0000,0000,-2.716702461242676,-2.6214518547058105,-0.09525060653686523,0.06614391871912738,0,0
75,2,c32,1100,1001,1001,-2.7767574787139893,-2.59120512008667,-0.18555235862731934,0.0622573812775382,0,0
75,3,x0,0100,1000,1000,-2.9335930347442627,-2.6518068313598633,-0.2817862033843994,0.05322335420182837,0,0
75,4,s23,0100,1111,1111,-3.102918863296509,-2.534562826156616,-0.5683560371398926,0.04493063174086013,0,0
75,5,c12,0110,1001,1001,-2.9740028381347656,-2.5345287322998047,-0.43947410583496094,0.05111127387499687,0,0
75,6,c20,1110,1101,1101,-2.699075698852539,-2.452974796295166,-0.24610090255737305,0.06728935306255023,0,0
75,7,s31,1011,1001,1001,-2.6288819313049316,-2.474093198776245,-0.15478873252868652,0.07218707944329508,0,0
75,8,x2,1001,1000,1000,-2.6366467475891113,-2.4491467475891113,-0.1875,0.07162640164848214,0,0
76,1,t213,1000,1000,1010,-2.535256862640381,-2.6314923763275146,0.09623551368713379,0.07931997817101973,1,0
76,2,t203,1000,1101,1101,-2.9056475162506104,-2.5345470905303955,-0.37110042572021484,0.054728458966862806,0,0
76,3,s23,1000,1011,1011,-2.7845535278320312,-2.5643582344055176,-0.22019529342651367,0.061774829167433994,0,0
76,4,s10,0100,1101,1101,-2.876918315887451,-2.534606456756592,-0.3423118591308594,0.05632675038120163,0,0
76,5,x3,0101,1001,1001,-2.9712095260620117,-2.534665822982788,-0.43654370307922363,0.051261391717247445,0,0
76,6,c21,0101,1110,1110,-3.001955032348633,-2.564438819885254,-0.4375162124633789,0.049707765543279867,0,0
76,7,s12,0011,1010,1010,-2.8490467071533203,-2.534580707550049,-0.3144659996032715,0.05791770040927744,0,0
76,8,x3,0010,1000,1000,-2.9743103981018066,-2.5357446670532227,-0.438565731048584,0.051110499038358286,0,0
77,1,s21,0001,1000,1000,-2.9099204540252686,-2.5349578857421875,-0.37496256828308105,0.054520193337450354,0,0
77,2,s02,0001,1000,1000,-3.0989270210266113,-2.5950117111206055,-0.5039153099060059,0.04510659756658747,0,0
77,3,t132,0001,1000,1000,-3.098952054977417,-2.5950493812561035,-0.5039026737213135,0.04510677573214751,0,0
77,4,t302,0001,1100,1100,-3.1672818660736084,-2.5344884395599365,-0.6327934265136719,0.042126520023524246,0,0
77,5,t203,0001,1010,1010,-3.102816343307495,-2.534471273422241,-0.5683450698852539,0.04493082918154521,0,0
77,6,c23,0001,1010,1010,-3.1711513996124268,-2.4817051887512207,-0.689446210861206,0.0419650194224903,0,0
77,7,x3,0000,1000,1000,-2.9055778980255127,-2.651684284210205,-0.2538936138153076,0.05472918478028693,0,0
77,8,c01,0000,1010,1010,-2.901829719543457,-2.6517348289489746,-0.2500948905944824,0.05493778329508131,0,0
78,1,t023,1000,0000,0000,-2.5921969413757324,-2.5921406745910645,-5.626678466796875e-05,0.07495387940467017,0,0
78,2,c21,1000,1111,1111,-2.9095406532287598,-2.591230869293213,-0.3183097839355469,0.05451576606250936,0,0
78,3,t302,1000,1101,1101,-2.9056687355041504,-2.591221809387207,-0.31444692611694336,0.05472778809560635,0,0
78,4,x2,1010,1111,1111,-2.681588888168335,-2.651820659637451,-0.02976822853088379,0.06847620886276998,0,0
78,5,s31,1010,1100,1100,-2.841294050216675,-2.562497138977051,-0.278796911239624,0.05837111021571452,0,0
78,6,c03,1011,1101,1101,-2.841280460357666,-2.59128999710083,-0.24999046325683594,0.05837160603084087,0,0
78,7,s31,1110,1100,1100,-2.720125198364258,-2.564359188079834,-0.15576601028442383,0.06588653746847714,0,0
78,8,t230,1110,1000,1000,-2.905916213989258,-2.534806251525879,-0.3711099624633789,0.054724979381820055,0,0
79,1,c30,1101,1000,1000,-2.849391460418701,-2.474325180053711,-0.37506628036499023,0.05791606877949555,0,0
79,2,c01,1001,1010,1010,-2.7440192699432373,-2.651737689971924,-0.09228157997131348,0.06432785280601687,0,0
79,3,c23,1001,1110,1110,-2.784619092941284,-2.503870725631714,-0.2807483673095703,0.06177326619940608,0,0
79,4,s02,0011,1010,1010,-2.9701333045959473,-2.56240177154541,-0.4077315330505371,0.051311431126520375,0,0
79,5,x1,0111,1000,1000,-2.9741201400756836,-2.5057899951934814,-0.46833014488220215,0.05110986174759003,0,0
79,6,c02,0111,1000,1000,-3.066425085067749,-2.4452743530273438,-0.6211507320404053,0.04660454071869339,0,0
79,7,t130,1111,1000,1000,-2.884781837463379,-2.3886520862579346,-0.49612975120544434,0.055890123000129126,0,0
79,8,c01,1011,0000,0000,-2.841296672821045,-2.5625381469726562,-0.27875852584838867,0.05837332254542265,0,0
80,1,x3,1110,1000,1000,-2.8415818214416504,-2.5348517894744873,-0.3067300319671631,0.05836877635962628,0,0
80,2,c20,0110,1010,1010,-2.901841163635254,-2.651794195175171,-0.250046968460083,0.05493944514251121,0,0
80,3,x2,0100,1001,1001,-2.9096603393554688,-2.5644211769104004,-0.34523916244506836,0.05451352253369473,0,0
80,4,t031,0100,1000,1000,-3.0019736289978027,-2.5346436500549316,-0.4673299789428711,0.04970783908857212,0,0
80,5,s30,0100,1001,1001,-3.102952241897583,-2.477909803390503,-0.6250424385070801,0.0449300746759484,0,0
80,6,s20,0100,1011,1011,-3.3116660118103027,-2.421131134033203,-0.8905348777770996,0.036463170517099866,0,0
80,7,t320,0100,1001,1001,-3.146226406097412,-2.364471912384033,-0.7817544937133789,0.043024024964822126,0,0
80,8,c32,0100,1001,1001,-3.1711912155151367,-2.4816839694976807,-0.689507246017456,0.04196373026731605,0,0
81,1,c12,1001,0000,0000,-2.6840434074401855,-2.6214523315429688,-0.0625910758972168,0.06834353146710623,0,0
81,2,s10,0101,1100,1100,-2.901784658432007,-2.591215133666992,-0.31056952476501465,0.05494024978602578,0,0
81,3,s13,0101,1111,1111,-3.038505792617798,-2.5644168853759766,-0.4740889072418213,0.04792225117028991,0,0
81,4,x1,0001,1000,1000,-2.876844882965088,-2.534548759460449,-0.34229612350463867,0.05632808017110258,0,0
81,5,c30,1001,1100,1100,-2.6874465942382812,-2.5346198081970215,-0.15282678604125977,0.06807807293539997,0,0
81,6,x3,1000,1010,1010,-2.716325283050537,-2.5913455486297607,-0.12497973442077637,0.0661436946548178,0,0
81,7,s31,1000,1101,1101,-2.9057395458221436,-2.5912892818450928,-0.3144502639770508,0.054727113651948364,0,0
81,8,s01,0100,1111,1111,-2.7729389667510986,-2.6518449783325195,-0.1210939884185791,0.062499595933932804,0,0
82,1,c23,1001,0000,0000,-2.656304121017456,-2.5918097496032715,-0.06449437141418457,0.07027525867359996,0,0
82,2,t021,1001,1000,1000,-2.7162585258483887,-2.5912585258483887,-0.125,0.06614406591612546,0,0
82,3,s21,1001,1111,1111,-2.784590244293213,-2.564436912536621,-0.2201533317565918,0.061775465666170995,0,0
82,4,s10,0101,1100,1100,-2.808535575866699,-2.6210100650787354,-0.18752551078796387,0.06031054299092575,0,0
82,5,c02,0101,1000,1000,-3.0346715450286865,-2.534656047821045,-0.5000154972076416,0.048108800972243,0,0
82,6,s31,0101,1010,1010,-3.066330909729004,-2.534590005874634,-0.5317409038543701,0.046606168633181844,0,0
82,7,t012,0101,1000,1000,-3.1029598712921143,-2.477919578552246,-0.6250402927398682,0.04493006143261625,0,0
82,8,c31,0001,1010,1010,-2.8769125938415527,-2.477952003479004,-0.39896059036254883,0.056328148246716205,0,0
83,1,t103,1101,1000,1000,-2.841773509979248,-2.535122871398926,-0.30665063858032227,0.058370521743353186,0,0
83,2,s32,1110,1000,1000,-2.6816048622131348,-2.681589126586914,-1.5735626220703125e-05,0.06847574846553904,0,0
83,3,s01,1110,1000,1000,-2.744121551513672,-2.6518287658691406,-0.09229278564453125,0.0643277407506934,0,0
83,4,x2,1100,1000,1000,-2.814469575881958,-2.534670829772949,-0.2797987461090088,0.05996001555148051,0,0
83,5,s20,0110,1001,1001,-3.001997947692871,-2.5077946186065674,-0.4942033290863037,0.049707590272235945,0,0
83,6,s10,1010,1000,1000,-2.74802565574646,-2.591282367706299,-0.15674328804016113,0.06407741014162278,0,0
83,7,s01,0110,1101,1101,-2.776867389678955,-2.6230385303497314,-0.15382885932922363,0.06225552448769067,0,0
83,8,t120,1110,1000,1000,-2.816452741622925,-2.5346832275390625,-0.2817695140838623,0.05984266427094666,0,0
84,1,x2,0000,1000,1000,-2.6233582496643066,-2.5916671752929688,-0.03169107437133789,0.07261483151293206,0,0
84,2,c01,0000,1010,1010,-2.9700024127960205,-2.5950188636779785,-0.374983549118042,0.051312827963276186,0,0
84,3,c30,0000,1010,1010,-3.2394399642944336,-2.542210102081299,-0.6972298622131348,0.03919341368725513,0,0
84,4,c31,0000,1001,1001,-3.307739019393921,-2.651650905609131,-0.65608811378479,0.036604705310511125,0,0
84,5,c12,0000,1111,1111,-3.1672348976135254,-2.5344552993774414,-0.632779598236084,0.042126770237947246,0,0
84,6,c31,0000,0001,0001,-2.7766056060791016,-2.6516056060791016,-0.125,0.062258038291621846,0,0
84,7,c23,0000,1010,1010,-3.0682497024536133,-2.5037407875061035,-0.5645089149475098,0.0465133008747879,0,0
84,8,t201,0000,1010,1010,-2.970059394836426,-2.534503221511841,-0.43555617332458496,0.05131187781525578,0,0
85,1,x2,1001,1000,1000,-2.6842856407165527,-2.6217856407165527,-0.0625,0.0683453556082364,0,0
85,2,c12,1001,1010,1010,-2.8412468433380127,-2.6210477352142334,-0.2201991081237793,0.05837217222024692,0,0
85,3,s32,1010,1100,1100,-2.68546724319458,-2.591238498687744,-0.09422874450683594,0.06820981910377288,0,0
85,4,t310,1010,1111,1111,-2.8730416297912598,-2.6210923194885254,-0.2519493103027344,0.056546839359570014,0,0
85,5,c21,1110,1101,1101,-2.8085508346557617,-2.562448501586914,-0.24610233306884766,0.06031119667078547,0,0
85,6,x0,0110,0000,0000,-2.967329978942871,-2.564418077468872,-0.402911901473999,0.051459474095781804,0,0
85,7,x3,0111,1000,1000,-3.0040781497955322,-2.5348057746887207,-0.4692723751068115,0.04961046639463048,0,0
85,8,x1,0011,1000,1000,-3.0078771114349365,-2.534726142883301,-0.47315096855163574,0.04941923445357868,0,0
86,1,t301,1000,0000,0000,-2.5997281074523926,-2.5313847064971924,-0.0683434009552002,0.07437276685645254,0,0
86,2,x1,1100,1001,1001,-2.7767398357391357,-2.6517040729522705,-0.12503576278686523,0.06225674859344858,0,0
86,3,c32,1100,1000,1000,-2.8413500785827637,-2.6518898010253906,-0.18946027755737305,0.05836940950855409,0,0
86,4,c12,1110,1001,1001,-2.7240653038024902,-2.5346038341522217,-0.18946146965026855,0.06562885119941077,0,0
86,5,c21,1010,1001,1001,-2.748056650161743,-2.5605480670928955,-0.18750858306884766,0.0640759426141978,0,0
86,6,x1,1110,1001,1001,-2.776840925216675,-2.621075391769409,-0.15576553344726562,0.06225671804212417,0,0
86,7,s23,1101,1101,1001,-2.5625271797180176,-2.6211061477661133,0.0585789680480957,0.07713837839096135,1,0
86,8,t023,1101,1000,1000,-2.9097683429718018,-2.534733772277832,-0.3750345706939697,0.05451305438190161,0,0
87,1,s13,1111,1000,1000,-3.0349268913269043,-2.5348496437072754,-0.5000772476196289,0.04810629261995396,0,0
87,2,s20,1111,1000,1000,-2.841221809387207,-2.5018551349639893,-0.3393666744232178,0.05837168723469573,0,0
87,3,c10,0111,1000,1000,-2.902829647064209,-2.5346131324768066,-0.36821651458740234,0.05488648662096625,0,0
87,4,s02,1101,1000,1000,-2.7596921920776367,-2.417379856109619,-0.3423123359680176,0.06333194310331294,0,0
87,5,c21,1101,1000,1000,-2.7847352027893066,-2.5347061157226562,-0.2500290870666504,0.06177174826791166,0,0
87,6,c13,1100,1000,1000,-2.6269922256469727,-2.562511444091797,-0.06448078155517578,0.07232297279226156,0,0
87,7,s21,1010,1001,1001,-2.6835811138153076,-2.6210765838623047,-0.06250452995300293,0.06834284945335921,0,0
87,8,s32,1001,1001,1101,-2.5922744274139404,-2.621127128601074,0.02885270118713379,0.07487637380660558,1,0
88,1,s30,0011,0000,0000,-2.7773380279541016,-2.5917062759399414,-0.18563175201416016,0.062255257700413104,0,0
88,2,s20,1001,1100,1100,-2.7845242023468018,-2.5345373153686523,-0.24998688697814941,0.06177448597258867,0,0
88,3,c32,1011,1100,1100,-2.744126319885254,-2.5912976264953613,-0.15282869338989258,0.06432677490686864,0,0
88,4,s01,0111,1100,1100,-2.8691182136535645,-2.623002767562866,-0.24611544609069824,0.05676732060818128,0,0
88,5,c20,1111,1000,1000,-2.816441297531128,-2.4741451740264893,-0.34229612350463867,0.05984365330188111,0,0
88,6,s20,1111,1000,1000,-2.808640480041504,-2.5307865142822266,-0.27785396575927734,0.060312157609569726,0,0
88,7,x3,1110,1000,1000,-2.8106722831726074,-2.5020220279693604,-0.30865025520324707,0.060192435926114764,0,0
88,8,x3,1111,0000,0000,-2.777204990386963,-2.6232707500457764,-0.15393424034118652,0.06225214944669204,0,0
89,1,c21,0000,1000,1000,-2.595388889312744,-2.534879207611084,-0.060509681701660156,0.07466593047275429,0,0
89,2,x2,0010,1000,1000,-2.909454822540283,-2.655545711517334,-0.2539091110229492,0.05451545255913891,0,0
89,3,t302,0010,1010,1010,-3.1028897762298584,-2.5345544815063477,-0.5683352947235107,0.044931378890629675,0,0
89,4,c30,0010,1001,1001,-3.307865858078003,-2.5114991664886475,-0.7963666915893555,0.03660390524432264,0,0
89,5,s23,0001,1000,1000,-2.860630750656128,-2.5950307846069336,-0.26559996604919434,0.057245028055458114,0,0
89,6,x2,0011,1110,1110,-2.8411765098571777,-2.6209847927093506,-0.22019171714782715,0.05837129897121323,0,0
89,7,s12,0101,1000,1000,-2.780740737915039,-2.5345683097839355,-0.24617242813110352,0.0620133507441554,0,0
89,8,s30,1100,1010,1010,-2.68939208984375,-2.503840446472168,-0.18555164337158203,0.06794709071756978,0,0
90,1,t231,0100,1000,1000,-2.65214204788208,-2.534897565841675,-0.11724448204040527,0.07054586562536853,0,0
90,2,t120,0100,1001,1001,-3.1672675609588623,-2.534473419189453,-0.6327941417694092,0.04212673406577829,0,0
90,3,x1,0000,1000,1000,-2.8767929077148438,-2.5344972610473633,-0.34229564666748047,0.05632761599589522,0,0
90,4,x3,0001,1101,1101,-2.8162741661071777,-2.595083475112915,-0.2211906909942627,0.059843672352358664,0,0
90,5,c31,0101,1000,1000,-2.8163022994995117,-2.5950818061828613,-0.2212204933166504,0.059843118767837905,0,0
90,6,c10,1101,1000,1000,-2.7518606185913086,-2.5345520973205566,-0.21730852127075195,0.06382746022124024,0,0
90,7,c31,1001,1010,1010,-2.808547019958496,-2.6518030166625977,-0.15674400329589844,0.06031314111155669,0,0
90,8,s20,0011,1000,1000,-2.9017415046691895,-2.651721715927124,-0.25001978874206543,0.054941367993961585,0,0
91,1,c02,1101,1000,1000,-2.9782919883728027,-2.5348939895629883,-0.44339799880981445,0.05091213828626355,0,0
91,2,x3,1100,1000,1000,-2.747918128967285,-2.6517324447631836,-0.09618568420410156,0.06407694183511922,0,0
91,3,c10,0100,1001,1001,-2.901790142059326,-2.681556224822998,-0.22023391723632812,0.05494057048974694,0,0
91,4,t012,0100,1001,1001,-3.070216417312622,-2.5038204193115234,-0.5663959980010986,0.04642514073756883,0,0
91,5,t021,0100,1001,1001,-3.2356863021850586,-2.5643348693847656,-0.671351432800293,0.03934373053381877,0,0
91,6,t302,0100,1001,1001,-3.3800435066223145,-2.4548304080963135,-0.925213098526001,0.03405431051359171,0,0
91,7,t031,0100,1001,1001,-3.273228406906128,-2.481714963912964,-0.7915134429931641,0.037893895903519825,0,0
91,8,x1,0000,1000,1000,-2.9431729316711426,-2.5950281620025635,-0.3481447696685791,0.052709596608961455,0,0
92,1,s32,1110,1000,1000,-2.8417716026306152,-2.5916759967803955,-0.2500956058502197,0.05836747785595435,0,0
92,2,x1,1010,1000,1000,-2.7767343521118164,-2.5911877155303955,-0.1855466365814209,0.06225700669687143,0,0
92,3,t310,1010,1100,1100,-2.8691444396972656,-2.62498140335083,-0.24416303634643555,0.0567680815257353,0,0
92,4,t012,1010,1000,1000,-2.849055290222168,-2.53460431098938,-0.3144509792327881,0.057917831479997926,0,0
92,5,s01,0110,0001,0001,-2.8373775482177734,-2.681567907333374,-0.15580964088439941,0.058596705173310115,0,0
92,6,t023,0110,1001,1001,-3.134690999984741,-2.4471755027770996,-0.6875154972076416,0.04352694723192623,0,0
92,7,t120,1110,1001,1001,-2.917365312576294,-2.447127103805542,-0.47023820877075195,0.054091513296559667,0,0
92,8,t023,1111,0001,0001,-2.8086490631103516,-2.5346856117248535,-0.27396345138549805,0.06031099169119896,0,0
93,1,t130,0101,0000,0000,-2.777278423309326,-2.6233699321746826,-0.15390849113464355,0.062256883788414805,0,0
93,2,c12,0111,1110,1110,-2.90561580657959,-2.59506893157959,-0.310546875,0.05472737914382415,0,0
93,3,s13,0111,1000,1000,-2.970134735107422,-2.4740138053894043,-0.4961209297180176,0.05131108348860247,0,0
93,4,t103,0111,1000,1000,-3.0664072036743164,-2.445237159729004,-0.6211700439453125,0.04660444809296355,0,0
93,5,s13,0111,1000,1000,-2.874873638153076,-2.447110652923584,-0.4277629852294922,0.05643787155026486,0,0
93,6,s01,1011,1000,1000,-2.6913304328918457,-2.503804922103882,-0.18752551078796387,0.06781148813250051,0,0
93,7,x0,0011,1000,1000,-2.9692740440368652,-2.5019404888153076,-0.4673335552215576,0.05136067198033298,0,0
93,8,x0,1011,1000,1000,-2.842400550842285,-2.5645155906677246,-0.27788496017456055,0.058315531244304206,0,0
94,1,c03,0110,1000,1000,-2.7771053314208984,-2.4781620502471924,-0.29894328117370605,0.06225404812347733,0,0
94,2,x1,0010,1000,1000,-2.9700570106506348,-2.473951816558838,-0.4961051940917969,0.05131192542528991,0,0
94,3,t321,0010,1000,1000,-3.0345606803894043,-2.5037877559661865,-0.5307729244232178,0.0481090102834572,0,0
94,4,x2,0000,1000,1000,-2.884597063064575,-2.5950698852539062,-0.28952717781066895,0.05589109157432138,0,0
94,5,c30,0000,1100,1100,-3.1067423820495605,-2.5422773361206055,-0.5644650459289551,0.044758383493013205,0,0
94,6,x2,0010,1001,1001,-2.8489699363708496,-2.6517276763916016,-0.19724225997924805,0.05791834332963382,0,0
94,7,t103,0010,1000,1000,-3.1327261924743652,-2.62099027633667,-0.5117359161376953,0.043611051827034925,0,0
94,8,t310,0010,1100,1100,-3.2751412391662598,-2.481710433959961,-0.7934308052062988,0.03782072437373013,0,0
95,1,t031,0100,1000,1000,-2.652161121368408,-2.5348896980285645,-0.11727142333984375,0.07054451826425094,0,0
95,2,t320,0100,1111,1111,-3.0344862937927246,-2.5344924926757812,-0.49999380111694336,0.04810909818537969,0,0
95,3,s10,1000,1001,1001,-2.6594831943511963,-2.5344831943511963,-0.125,0.0699992549359207,0,0
95,4,t013,1000,1011,1011,-2.841233253479004,-2.5912270545959473,-0.25000619888305664,0.05837058861699371,0,0
95,5,x2,1010,1111,1111,-2.651801347732544,-2.5912699699401855,-0.0605313777923584,0.0705462746704095,0,0
95,6,x2,1000,1100,1100,-2.7480998039245605,-2.6211650371551514,-0.12693476676940918,0.064077342153685,0,0
95,7,c30,1000,0101,0101,-2.804654121398926,-2.6518349647521973,-0.15281915664672852,0.06054825758221827,0,0
95,8,c30,1000,1101,1101,-2.9739797115325928,-2.534548282623291,-0.43943142890930176,0.051113283854559356,0,0
96,1,x3,1101,0000,0000,-2.841710329055786,-2.562835693359375,-0.27887463569641113,0.05837152606087687,0,0
96,2,s31,1101,1100,1100,-2.776771306991577,-2.651771306991577,-0.125,0.0622575385948946,0,0
96,3,t213,1101,1000,1000,-2.7768213748931885,-2.621072769165039,-0.15574860572814941,0.06225694562408566,0,0
96,4,c20,1101,1010,1010,-2.841238021850586,-2.530696153640747,-0.31054186820983887,0.05837153691628603,0,0
96,5,t130,0101,1000,1000,-2.9663236141204834,-2.621084690093994,-0.34523892402648926,0.05151106785951106,0,0
96,6,s10,1001,1000,1000,-2.659547805786133,-2.534547805786133,-0.125,0.06999892072446946,0,0
96,7,t231,1001,1110,1110,-2.873002052307129,-2.5912764072418213,-0.2817256450653076,0.05654764626548981,0,0
96,8,x0,0001,1100,1100,-2.9354565143585205,-2.562412977218628,-0.3730435371398926,0.0531223220694424,0,0
97,1,c32,1010,1000,1000,-2.599372386932373,-2.4743471145629883,-0.12502527236938477,0.07436714684789028,0,0
97,2,x2,1000,1001,1001,-2.6835036277770996,-2.6210036277770996,-0.0625,0.0683433770851292,0,0
97,3,s12,1000,1111,1111,-2.8085227012634277,-2.621046781539917,-0.18747591972351074,0.060312322585691656,0,0
97,4,t123,1000,1111,1111,-2.9057178497314453,-2.6210713386535645,-0.28464651107788086,0.054727025982004074,0,0
97,5,s21,1000,1101,1101,-2.952913761138916,-2.5057101249694824,-0.4472036361694336,0.05219990379984111,0,0
97,6,x1,1100,1001,1001,-2.6556339263916016,-2.5662522315979004,-0.08938169479370117,0.07027170163946853,0,0
97,7,s31,1001,1001,1010,-2.534653663635254,-2.6518523693084717,0.11719870567321777,0.07931806298094003,1,0
97,8,s03,1001,1110,1110,-2.9057297706604004,-2.5912609100341797,-0.3144688606262207,0.05472671124065309,0,0
98,1,c31,0000,1000,1000,-2.603179454803467,-2.5310051441192627,-0.0721743106842041,0.07408588290544556,0,0
98,2,x1,0100,1111,1111,-2.8449912071228027,-2.595019817352295,-0.2499713897705078,0.058143992661788366,0,0
98,3,x0,1100,1000,1000,-2.720092296600342,-2.5950746536254883,-0.12501764297485352,0.06588563567964861,0,0
98,4,x0,0100,1011,1011,-3.0318291187286377,-2.6211700439453125,-0.4106590747833252,0.04824900720644413,0,0
98,5,c23,0100,1010,1010,-2.9999475479125977,-2.6815712451934814,-0.3183763027191162,0.049804918740152214,0,0
98,6,c10,1100,1001,1001,-2.8000802993774414,-2.4250733852386475,-0.37500691413879395,0.06082200851978278,0,0
98,7,x1,1000,1001,1001,-2.7498981952667236,-2.5623981952667236,-0.1875,0.06395341643076466,0,0
98,8,t301,1000,1101,1101,-2.7768406867980957,-2.5912981033325195,-0.18554258346557617,0.062257466083709564,0,0
99,1,c30,0100,1000,1000,-2.781064033508301,-2.530993700027466,-0.25007033348083496,0.062012401516072055,0,0
99,2,x0,1100,1000,1000,-2.848921060562134,-2.595008373260498,-0.25391268730163574,0.05791762415328115,0,0
99,3,x0,0100,1001,1001,-2.933628559112549,-2.5913021564483643,-0.34232640266418457,0.053223942635114055,0,0
99,4,s32,0100,1101,1101,-3.035586357116699,-2.5951387882232666,-0.4404475688934326,0.04806168793082772,0,0
99,5,s10,1000,1011,1011,-2.7239856719970703,-2.5037779808044434,-0.22020769119262695,0.0656302353118924,0,0
99,6,t231,1000,1011,1011,-2.808549165725708,-2.621047019958496,-0.18750214576721191,0.06031187593807426,0,0
99,7,t231,1000,1101,1101,-2.9999494552612305,-2.6518235206604004,-0.3481259346008301,0.04980549392989448,0,0
99,8,c01,1100,1010,1010,-2.7767438888549805,-2.6209583282470703,-0.15578556060791016,0.062255910332361095,0,0
100,1,s32,1101,0000,0000,-2.841660499572754,-2.591559886932373,-0.25010061264038086,0.05836928714794937,0,0
100,2,t023,1101,1000,1000,-2.7806859016418457,-2.591226100921631,-0.18945980072021484,0.062014122229568015,0,0
100,3,x2,1111,1000,1000,-2.776832103729248,-2.5912814140319824,-0.18555068969726562,0.06225674216874629,0,0
100,4,c13,1110,1000,1000,-2.7461047172546387,-2.501941680908203,-0.24416303634643555,0.06420088405183745,0,0
100,5,t021,1010,0001,0001,-2.776865005493164,-2.6210978031158447,-0.15576720237731934,0.062257154306505406,0,0
100,6,t203,1011,1001,1001,-2.755833625793457,-2.5644431114196777,-0.1913905143737793,0.06357951942354609,0,0
100,7,s03,1011,1000,1000,-2.841296434402466,-2.5912749767303467,-0.25002145767211914,0.05837081152676157,0,0
100,8,c01,1111,1000,1000,-2.776918649673462,-2.5346574783325195,-0.24226117134094238,0.062254966175737295,0,0
101,1,c20,1100,1000,1000,-2.785114288330078,-2.5350637435913086,-0.25005054473876953,0.06177444277774305,0,0
101,2,t032,1100,1111,1111,-2.8412599563598633,-2.591270685195923,-0.24998927116394043,0.058370939728071274,0,0
101,3,x1,1000,1001,1001,-2.683527946472168,-2.621027946472168,-0.0625,0.06834272253102205,0,0
101,4,s20,0010,1101,1101,-2.8046679496765137,-2.651819944381714,-0.1528480052947998,0.06054757624164141,0,0
101,5,s03,0010,1001,1001,-3.0990653038024902,-2.5644123554229736,-0.5346529483795166,0.045106788886815796,0,0
101,6,x3,0011,1001,1001,-3.0721864700317383,-2.5644078254699707,-0.5077786445617676,0.04633576869508803,0,0
101,7,c23,0010,1000,1000,-3.0136446952819824,-2.417405128479004,-0.5962395668029785,0.04912966680166374,0,0
101,8,x1,0110,1000,1000,-2.9336612224578857,-2.591261863708496,-0.34239935874938965,0.05322115890359442,0,0
102,1,s32,1101,1000,1000,-2.841740846633911,-2.5916695594787598,-0.25007128715515137,0.05836946124730641,0,0
102,2,c20,1101,1000,1000,-2.744053363800049,-2.6517581939697266,-0.09229516983032227,0.0643275244761366,0,0
102,3,s30,1101,1000,1000,-2.8730039596557617,-2.621066093444824,-0.2519378662109375,0.056548444136762875,0,0
102,4,t312,1111,1010,1010,-2.776883125305176,-2.6211130619049072,-0.15577006340026855,0.0622557580815333,0,0
102,5,c23,1110,1000,1000,-2.8413679599761963,-2.5307857990264893,-0.31058216094970703,0.058369223125618534,0,0
102,6,t301,1110,1000,1000,-2.8731608390808105,-2.5347166061401367,-0.33844423294067383,0.056545391164864366,0,0
102,7,c23,1111,1111,1101,-2.425118923187256,-2.452962875366211,0.027843952178955078,0.08849508961722435,1,0
102,8,c32,1101,1000,1000,-2.6914010047912598,-2.5307202339172363,-0.16068077087402344,0.06780954662865346,0,0
103,1,s20,1001,1000,1000,-2.785001754760742,-2.535001754760742,-0.25,0.06177560452045199,0,0
103,2,t123,1001,1110,1110,-2.905651569366455,-2.5912327766418457,-0.3144187927246094,0.05472755215116849,0,0
103,3,t230,1001,1100,1100,-3.042306423187256,-2.534533739089966,-0.50777268409729,0.047736957253295104,0,0
103,4,t210,1001,1100,1100,-2.905665874481201,-2.5912294387817383,-0.3144364356994629,0.05472806755175479,0,0
103,5,t230,1001,1010,1010,-2.8450825214385986,-2.5950894355773926,-0.24999308586120605,0.05814497629017406,0,0
103,6,s31,1100,1000,1000,-2.651745319366455,-2.6517157554626465,-2.956390380859375e-05,0.07054629967680322,0,0
103,7,t023,1100,1011,1011,-2.8422679901123047,-2.621077299118042,-0.2211906909942627,0.05831315762777627,0,0
103,8,c21,1100,1001,1001,-2.8750691413879395,-2.562572717666626,-0.3124964237213135,0.056435713423492254,0,0
104,1,c10,1011,1000,1000,-2.841569662094116,-2.5915441513061523,-0.25002551078796387,0.058370907445167375,0,0
104,2,t201,1111,1000,1000,-2.744119167327881,-2.5912551879882812,-0.1528639793395996,0.06432568792629767,0,0
104,3,x3,1110,1000,1000,-2.7461535930633545,-2.501986503601074,-0.24416708946228027,0.06420080351374073,0,0
104,4,s12,1110,1000,1000,-2.905813694000244,-2.5913360118865967,-0.31447768211364746,0.05472557539699728,0,0
104,5,c03,1111,1000,1000,-2.820450782775879,-2.534769296646118,-0.28568148612976074,0.059607641789601845,0,0
104,6,s12,1111,1111,1000,-2.6230006217956543,-2.681596517562866,0.058595895767211914,0.0726089605946246,1,0
104,7,x3,1110,1000,1000,-2.687434196472168,-2.5643818378448486,-0.12305235862731934,0.06807682850304868,0,0
104,8,s32,1101,1001,1001,-2.5951662063598633,-2.5643653869628906,-0.030800819396972656,0.07465762053382245,0,0
105,1,s01,0000,1000,1000,-2.5915727615356445,-2.5349390506744385,-0.056633710861206055,0.07495808950698543,0,0
105,2,t123,0000,1000,1000,-3.1028075218200684,-2.655580997467041,-0.44722652435302734,0.04493250210626883,0,0
105,3,c31,0000,1001,1001,-3.307767629623413,-2.5422017574310303,-0.7655658721923828,0.03660497725481674,0,0
105,4,t123,0000,1010,1010,-3.2355587482452393,-2.6516613960266113,-0.5838973522186279,0.039344460086985375,0,0
105,5,c03,0000,1100,1100,-3.171121597290039,-2.651698589324951,-0.5194230079650879,0.04196508654391076,0,0
105,6,t013,0000,1000,1000,-3.030583143234253,-2.651667356491089,-0.37891578674316406,0.04829626673493902,0,0
105,7,t301,0000,1010,1010,-2.970146656036377,-2.6517388820648193,-0.3184077739715576,0.051309091456126193,0,0
105,8,s12,0000,1000,1000,-2.776667594909668,-2.5911202430725098,-0.1855473518371582,0.06225739152767586,0,0
106,1,c01,0000,0000,1000,-2.5348258018493652,-2.591510057449341,0.056684255599975586,0.0793258853206167,1,0
106,2,s13,0000,1010,1010,-3.0344486236572266,-2.5950255393981934,-0.4394230842590332,0.04811030305550061,0,0
106,3,x1,0100,1111,1111,-2.8450510501861572,-2.5345184803009033,-0.3105325698852539,0.058143794878657284,0,0
106,4,s02,0100,1001,1001,-3.098996639251709,-2.473968744277954,-0.6250278949737549,0.045105575246095424,0,0
106,5,c31,0100,1000,1000,-3.0345888137817383,-2.5950844287872314,-0.43950438499450684,0.0481079591463705,0,0
106,6,x2,0110,1011,1011,-2.9412858486175537,-2.4470880031585693,-0.4941978454589844,0.05281023716280304,0,0
106,7,c21,0010,1000,1000,-2.8788387775421143,-2.4739990234375,-0.40483975410461426,0.05621697583268657,0,0
106,8,c21,0110,1101,1101,-2.816399574279785,-2.5346004962921143,-0.2817990779876709,0.05984094339556105,0,0
107,1,x1,0110,0000,0000,-2.777066707611084,-2.5308566093444824,-0.24621009826660156,0.06225268768785391,0,0
107,2,t102,0110,1000,1000,-2.9662423133850098,-2.5306637287139893,-0.4355785846710205,0.051510880269733154,0,0
107,3,s13,0011,1000,1000,-2.9471592903137207,-2.5345652103424072,-0.4125940799713135,0.05250417110369243,0,0
107,4,s32,0011,1000,1000,-3.206845998764038,-2.4250755310058594,-0.7817704677581787,0.04049576507163362,0,0
107,5,s21,0101,1000,1000,-2.8490161895751953,-2.5345304012298584,-0.3144857883453369,0.05791638588464043,0,0
107,6,c30,1101,1000,1000,-2.788473129272461,-2.4779016971588135,-0.31057143211364746,0.0615343584560312,0,0
107,7,t123,1101,1000,1000,-2.9096322059631348,-2.505797863006592,-0.40383434295654297,0.054515205877033214,0,0
107,8,c30,0101,0010,0010,-2.869258165359497,-2.5626168251037598,-0.3066413402557373,0.0567663934490266,0,0
108,1,x1,1101,0000,0000,-2.9064829349517822,-2.5314109325408936,-0.37507200241088867,0.05472756015148243,0,0
108,2,c13,1100,1000,1000,-2.655717372894287,-2.5912539958953857,-0.06446337699890137,0.0702709725904614,0,0
108,3,t132,1100,1101,1101,-2.9096522331237793,-2.6596522331237793,-0.25,0.05451551183978391,0,0
108,4,s13,1001,1001,1011,-2.5912246704101562,-2.62101674079895,0.029792070388793945,0.07494955971571969,1,0
108,5,x3,1000,1010,1010,-2.7460989952087402,-2.5913238525390625,-0.15477514266967773,0.06420144999004397,0,0
108,6,x1,1100,1010,1010,-2.6518287658691406,-2.6518266201019287,-2.1457672119140625e-06,0.07054584976818948,0,0
108,7,x3,1101,1001,1001,-2.746267080307007,-2.5626416206359863,-0.1836254596710205,0.06419822678986059,0,0
108,8,c30,0101,1000,1000,-2.876948356628418,-2.5952539443969727,-0.2816944122314453,0.05632874363002542,0,0
109,1,c21,0000,1000,1000,-2.6520802974700928,-2.5915439128875732,-0.06053638458251953,0.07055158969536408,0,0
109,2,x0,1000,1000,1001,-2.6555185317993164,-2.6555185317993164,0.0,0.07027331421927795,0,1
109,3,x3,1001,1111,1111,-2.7806644439697266,-2.5912325382232666,-0.18943190574645996,0.062014633277612766,0,0
109,4,c20,1001,1010,1010,-2.9354286193847656,-2.651751756668091,-0.2836768627166748,0.05312203112004999,0,0
109,5,t210,1001,0100,0100,-2.8373513221740723,-2.681579113006592,-0.15577220916748047,0.0585985975903248,0,0
109,6,t210,1001,1010,1010,-2.8373122215270996,-2.681546688079834,-0.15576553344726562,0.058599237083057976,0,0
109,7,s01,0101,1100,1100,-2.8690147399902344,-2.6209592819213867,-0.24805545806884766,0.05676805274640575,0,0
109,8,s32,0110,1000,1000,-2.9393630027770996,-2.5345661640167236,-0.404796838760376,0.05291374279106594,0,0
110,1,s01,1111,0000,0000,-2.9704651832580566,-2.591456413269043,-0.37900876998901367,0.05130877137177451,0,0
110,2,t130,0111,0000,0000,-2.8730361461639404,-2.530709981918335,-0.34232616424560547,0.05654567536897072,0,0
110,3,c30,1111,1000,1000,-2.8105247020721436,-2.530712604522705,-0.2798120975494385,0.06019403970931514,0,0
110,4,s13,1111,1000,1000,-2.7461180686950684,-2.5307676792144775,-0.21535038948059082,0.06420091586281607,0,0
110,5,c32,1101,1000,1000,-2.7480878829956055,-2.5307650566101074,-0.21732282638549805,0.06407459666434878,0,0
110,6,c30,0101,1010,1010,-2.8711094856262207,-2.5952069759368896,-0.27590250968933105,0.05665782035097372,0,0
110,7,x2,0111,1000,1000,-3.0664024353027344,-2.447183609008789,-0.6192188262939453,0.046604110556684716,0,0
110,8,t120,1111,1000,1000,-2.816464424133301,-2.505864143371582,-0.31060028076171875,0.05984273157630882,0,0
111,1,s32,0000,1000,1000,-2.59952449798584,-2.5312113761901855,-0.0683131217956543,0.07437519724709477,0,0
111,2,s23,0000,1111,1111,-3.167214870452881,-2.473902702331543,-0.6933121681213379,0.04212727090566396,0,0
111,3,s20,0000,1111,1111,-3.3077707290649414,-2.542221784591675,-0.7655489444732666,0.03660467559216988,0,0
111,4,c02,0000,1000,1000,-3.167300224304199,-2.595038890838623,-0.5722613334655762,0.042126711899906036,0,0
111,5,s12,0000,1111,1111,-3.0344767570495605,-2.5344796180725098,-0.4999971389770508,0.04810926421611723,0,0
111,6,s23,0000,1000,1000,-3.0989222526550293,-2.7122135162353516,-0.38670873641967773,0.04510630993067697,0,0
111,7,t132,0000,1010,1010,-2.905646324157715,-2.5345451831817627,-0.37110114097595215,0.05472790113998378,0,0
111,8,s13,0000,1000,1000,-2.7767252922058105,-2.5911285877227783,-0.18559670448303223,0.062255238125249995,0,0
112,1,s31,1000,0000,0000,-2.5958709716796875,-2.5919651985168457,-0.003905773162841797,0.07466277803131807,0,0
112,2,c30,1000,1011,1011,-2.784536838531494,-2.534547805786133,-0.24998903274536133,0.0617746270660904,0,0
112,3,x3,1001,1100,1100,-2.724005937576294,-2.5951194763183594,-0.12888646125793457,0.06563040347772246,0,0
112,4,s10,0101,1100,1100,-2.84126353263855,-2.5912516117095947,-0.2500119209289551,0.05836999023797002,0,0
112,5,t201,0101,1010,1010,-3.066396474838257,-2.5644350051879883,-0.5019614696502686,0.04660587726630291,0,0
112,6,t210,0101,1000,1000,-3.206862449645996,-2.425117254257202,-0.781745195388794,0.040496006735357234,0,0
112,7,t130,1101,1010,1010,-2.7845582962036133,-2.474000930786133,-0.31055736541748047,0.061773787466893784,0,0
112,8,t231,1101,0010,0010,-2.933621406555176,-2.5913381576538086,-0.3422832489013672,0.05322505531237611,0,0
113,1,c30,0011,1000,1000,-2.966742992401123,-2.5311880111694336,-0.43555498123168945,0.05151289109234599,0,0
113,2,t210,0011,1000,1000,-2.901787519454956,-2.562399387359619,-0.3393881320953369,0.054940720136893606,0,0
113,3,s21,0101,1000,1000,-2.8163721561431885,-2.5345823764801025,-0.28178977966308594,0.059841521986105595,0,0
113,4,s21,0011,1111,1111,-2.7846169471740723,-2.5643725395202637,-0.2202444076538086,0.06177188494495655,0,0
113,5,s02,1001,1000,1000,-2.606760025024414,-2.481760025024414,-0.125,0.07379628660307501,0,0
113,6,c20,1001,1000,1000,-2.7767982482910156,-2.6517982482910156,-0.125,0.062257882880017656,0,0
113,7,s30,1001,1100,1100,-2.939413547515869,-2.6210625171661377,-0.31835103034973145,0.05291520319484904,0,0
113,8,s30,1001,1100,1100,-2.873049259185791,-2.621105670928955,-0.25194358825683594,0.05654774933307454,0,0
114,1,t203,0000,1000,1000,-2.5917258262634277,-2.5351405143737793,-0.05658531188964844,0.07495796966060722,0,0
114,2,s20,0000,1111,1111,-3.1672236919403076,-2.534489631652832,-0.6327340602874756,0.042128056631166345,0,0
114,3,s01,0000,1010,1010,-3.2394142150878906,-2.5421948432922363,-0.6972193717956543,0.03919367491527754,0,0
114,4,t312,0000,1100,1100,-3.175032138824463,-2.48169207572937,-0.6933400630950928,0.04180236466185762,0,0
114,5,c21,0000,1010,1010,-3.167283535003662,-2.595050811767578,-0.572232723236084,0.04212704889104462,0,0
114,6,s12,0000,1100,1100,-3.098893404006958,-2.651646852493286,-0.4472465515136719,0.04510606035519013,0,0
114,7,t301,0000,1010,1010,-3.099015712738037,-2.5950567722320557,-0.5039589405059814,0.045104481602585934,0,0
114,8,s12,0000,1000,1000,-2.776644706726074,-2.6516332626342773,-0.12501144409179688,0.06225669760094306,0,0
115,1,x2,0001,0000,0000,-2.7168257236480713,-2.5918257236480713,-0.125,0.06614659384677155,0,0
115,2,t123,0001,1000,1000,-3.098964214324951,-2.595062732696533,-0.503901481628418,0.045106954311777664,0,0
115,3,x2,0011,1000,1000,-2.9739980697631836,-2.595085620880127,-0.37891244888305664,0.05111286134706918,0,0
115,4,s02,1001,1100,1100,-2.7538089752197266,-2.505783796310425,-0.24802517890930176,0.06370532074060539,0,0
115,5,s03,1001,1010,1010,-2.9354970455169678,-2.681596279144287,-0.25390076637268066,0.053122439359236565,0,0
115,6,c02,1011,1010,1010,-2.7498931884765625,-2.5623931884765625,-0.1875,0.06395277055161659,0,0
115,7,x2,1001,0100,0100,-2.776737689971924,-2.5643362998962402,-0.2124013900756836,0.062257422323093,0,0
115,8,x3,1000,1100,1100,-2.812437057495117,-2.6229984760284424,-0.1894385814666748,0.060078252330738095,0,0
116,1,x0,0100,1000,1000,-2.777411460876465,-2.5628912448883057,-0.21452021598815918,0.06225315403015436,0,0
116,2,c20,0100,1001,1001,-3.034569263458252,-2.5950794219970703,-0.43948984146118164,0.048108398414685595,0,0
116,3,x0,1100,1001,1001,-2.7845237255096436,-2.534518241882324,-0.25000548362731934,0.061773924561516105,0,0
116,4,c32,1100,1011,1011,-2.9056997299194336,-2.591245651245117,-0.3144540786743164,0.054727426205364665,0,0
116,5,x0,0100,1001,1001,-2.96738338470459,-2.5913503170013428,-0.37603306770324707,0.05146021191165284,0,0
116,6,c01,0100,1001,1001,-3.1029553413391113,-2.5345726013183594,-0.568382740020752,0.04493019639705464,0,0
116,7,s21,0010,1001,1001,-2.876824140548706,-2.4778506755828857,-0.3989734649658203,0.0563271757946062,0,0
116,8,t302,0010,1000,1000,-3.10294771194458,-2.5643486976623535,-0.5385990142822266,0.044930204918573545,0,0
117,1,s20,0111,1000,1000,-2.9024317264556885,-2.5917699337005615,-0.31066179275512695,0.05493733970433226,0,0
117,2,t032,0111,1000,1000,-2.97017240524292,-2.445216417312622,-0.5249559879302979,0.05131030057220453,0,0
117,3,x3,0110,1000,1000,-2.935551643371582,-2.4452757835388184,-0.49027585983276367,0.05312071260111735,0,0
117,4,s32,0101,1000,1000,-2.9413838386535645,-2.564385414123535,-0.3769984245300293,0.05281042469385158,0,0
117,5,t201,0101,1000,1000,-3.0346567630767822,-2.503852605819702,-0.5308041572570801,0.04810825220164322,0,0
117,6,s23,0110,1000,1000,-2.878833055496216,-2.5345497131347656,-0.3442833423614502,0.05621629781024927,0,0
117,7,t231,0110,1000,1000,-3.0347142219543457,-2.421298027038574,-0.6134161949157715,0.04810636647683696,0,0
117,8,s32,0101,1001,1001,-2.7240540981292725,-2.503762722015381,-0.2202913761138916,0.06562642574925258,0,0
118,1,x2,1110,0000,0000,-2.841951608657837,-2.5630056858062744,-0.2789459228515625,0.05836737755951394,0,0
118,2,c23,1111,1100,1100,-2.7768797874450684,-2.651869773864746,-0.12501001358032227,0.062256779707741655,0,0
118,3,s12,1111,0000,0000,-2.9019131660461426,-2.5625298023223877,-0.3393833637237549,0.05494095428494292,0,0
118,4,s01,1111,1000,1000,-2.7768735885620117,-2.5307693481445312,-0.24610424041748047,0.062256770101000704,0,0
118,5,c03,1110,1000,1000,-2.776857852935791,-2.5605149269104004,-0.21634292602539062,0.06225566482286921,0,0
118,6,t021,1010,1000,1000,-2.6596767902374268,-2.5346667766571045,-0.12501001358032227,0.06999825465430913,0,0
118,7,t032,1010,1000,1000,-2.8452305793762207,-2.564464569091797,-0.28076601028442383,0.05814469035154363,0,0
118,8,x2,1000,1000,1001,-2.560486316680908,-2.622986316680908,0.0625,0.0772918226011039,1,0
119,1,c12,1101,1000,1000,-2.9098637104034424,-2.5914838314056396,-0.31837987899780273,0.054514097764937104,0,0
119,2,x2,1111,0000,0000,-2.901761054992676,-2.6209754943847656,-0.28078556060791016,0.05494100038918788,0,0
119,3,x0,0111,1000,1000,-2.9336047172546387,-2.562438488006592,-0.3711662292480469,0.05322253911297357,0,0
119,4,c21,0011,1000,1000,-2.8847196102142334,-2.388599395751953,-0.4961202144622803,0.05589043625735207,0,0
119,5,c02,0011,1000,1000,-3.034648895263672,-2.5019009113311768,-0.5327479839324951,0.04810826597876891,0,0
119,6,x1,0111,1000,1000,-2.970170021057129,-2.4452192783355713,-0.5249507427215576,0.05131070405667571,0,0
119,7,t032,0111,1000,1000,-3.099181652069092,-2.417423963546753,-0.6817576885223389,0.045103681172046904,0,0
119,8,x1,0011,1000,1000,-3.0703377723693848,-2.4741008281707764,-0.5962369441986084,0.046424357743869375,0,0
120,1,x0,0001,1000,1000,-2.716909885406494,-2.5352590084075928,-0.18165087699890137,0.06614879182261096,0,0
120,2,c30,1001,1000,1000,-2.7200794219970703,-2.5950794219970703,-0.125,0.06588804740992694,0,0
120,3,t321,1001,0100,0100,-2.966266393661499,-2.6518211364746094,-0.31444525718688965,0.051512312183385575,0,0
120,4,s32,1010,1110,1110,-2.68548583984375,-2.591261863708496,-0.0942239761352539,0.06820895263081055,0,0
120,5,s03,0011,1111,1111,-2.9662389755249023,-2.621044635772705,-0.34519433975219727,0.051512633607361955,0,0
120,6,c30,1011,1000,1000,-2.751816749572754,-2.534531593322754,-0.21728515625,0.06382918210597636,0,0
120,7,t102,1011,1100,1100,-2.841240882873535,-2.591252088546753,-0.24998879432678223,0.058371713484651755,0,0
120,8,c21,1111,1100,1100,-2.7480483055114746,-2.5019590854644775,-0.24608922004699707,0.06407620042210846,0,0
121,1,c31,0110,1000,1000,-2.7771058082580566,-2.5914788246154785,-0.18562698364257812,0.062254240968332035,0,0
121,2,x0,1110,1000,1000,-2.8411874771118164,-2.560417413711548,-0.28077006340026855,0.05837055822145809,0,0
121,3,s01,1110,0001,0001,-2.9335978031158447,-2.6210885047912598,-0.31250929832458496,0.05322463883177111,0,0
121,4,c21,1010,0001,0001,-2.687474250793457,-2.62107515335083,-0.06639909744262695,0.0680770457359852,0,0
121,5,x1,1110,1111,1111,-2.8451621532440186,-2.5951621532440186,-0.25,0.05814458161233716,0,0
121,6,c32,1110,1001,1001,-2.873039960861206,-2.5605263710021973,-0.3125135898590088,0.056546561147885685,0,0
121,7,s30,0111,1011,1011,-2.880800724029541,-2.5624403953552246,-0.3183603286743164,0.0561078809091654,0,0
121,8,t120,1111,1000,1000,-2.7539114952087402,-2.47407865524292,-0.2798328399658203,0.06370132724660318,0,0
122,1,t120,1011,1000,1000,-2.9103760719299316,-2.53532075881958,-0.37505531311035156,0.054514688691511444,0,0
122,2,c21,1111,1000,1000,-2.7123639583587646,-2.591236114501953,-0.12112784385681152,0.06640047224761282,0,0
122,3,c23,1110,1000,1000,-2.7769064903259277,-2.530785083770752,-0.24612140655517578,0.06225534533223686,0,0
122,4,t210,0110,1000,1000,-2.999126434326172,-2.5645174980163574,-0.43460893630981445,0.049853380205887886,0,0
122,5,x1,0010,1000,1000,-2.886659622192383,-2.421311378479004,-0.4653482437133789,0.05578185332058438,0,0
122,6,c02,0010,1001,1001,-3.0990853309631348,-2.4472014904022217,-0.6518838405609131,0.04510637041511062,0,0
122,7,s31,0010,1000,1000,-3.09904146194458,-2.5643692016601562,-0.5346722602844238,0.04510657420860167,0,0
122,8,t312,0010,1100,1100,-3.0702064037323,-2.534581184387207,-0.5356252193450928,0.046425058523378956,0,0
123,1,s32,0000,1000,1000,-2.656128406524658,-2.4744906425476074,-0.18163776397705078,0.07027698879231564,0,0
123,2,x1,0100,1010,1010,-2.8450064659118652,-2.595004081726074,-0.250002384185791,0.05814379444273968,0,0
123,3,t103,0100,1000,1000,-3.0345945358276367,-2.595102310180664,-0.43949222564697266,0.048108197236688376,0,0
123,4,s02,0100,1001,1001,-3.1028919219970703,-2.5345253944396973,-0.568366527557373,0.044930606256456215,0,0
123,5,s21,0010,1010,1010,-2.7278618812561035,-2.534513235092163,-0.19334864616394043,0.06537431258748405,0,0
123,6,x2,0000,1101,1101,-2.974032402038574,-2.564371109008789,-0.40966129302978516,0.051111980161482086,0,0
123,7,t012,0000,1010,1010,-2.96625018119812,-2.591212749481201,-0.37503743171691895,0.05151068738036854,0,0
123,8,x0,1000,1010,1010,-2.720083236694336,-2.5950913429260254,-0.12499189376831055,0.06588785955775346,0,0
124,1,x2,1000,1000,1001,-2.5650405883789062,-2.6275405883789062,0.0625,0.07699509295306405,1,0
124,2,x1,1100,1100,1101,-2.6517608165740967,-2.6517608165740967,0.0,0.07054630205231122,0,1
124,3,s32,1100,1000,1000,-2.784708261489868,-2.595254421234131,-0.1894538402557373,0.06177314149488737,0,0
124,4,x2,1110,1111,1111,-2.7162961959838867,-2.5912961959838867,-0.125,0.06614224402817531,0,0
124,5,t213,1111,1001,1001,-2.8106961250305176,-2.504007339477539,-0.3066887855529785,0.06019154833366009,0,0
124,6,c23,1110,1000,1000,-2.7539970874786377,-2.474146842956543,-0.2798502445220947,0.06369984407922966,0,0
124,7,x0,0110,1000,1000,-3.0643975734710693,-2.5345587730407715,-0.5298388004302979,0.0466953821724151,0,0
124,8,c13,0111,1000,1000,-3.0424413681030273,-2.503833293914795,-0.5386080741882324,0.047734530317319175,0,0
125,1,t032,1001,1000,1000,-2.6602115631103516,-2.5352115631103516,-0.125,0.07000018929495518,0,0
125,2,x2,1011,0100,0100,-2.837296485900879,-2.6517858505249023,-0.18551063537597656,0.05860006063488435,0,0
125,3,t103,1011,1100,1100,-2.9057512283325195,-2.501943588256836,-0.4038076400756836,0.054727453682617014,0,0
125,4,c03,1010,1100,1100,-2.849081516265869,-2.5307581424713135,-0.31832337379455566,0.05791850577970661,0,0
125,5,x1,1110,1100,1100,-2.7240381240844727,-2.5345871448516846,-0.18945097923278809,0.06562892015155039,0,0
125,6,t301,1110,1000,1000,-2.8731789588928223,-2.5914306640625,-0.28174829483032227,0.05654706423962641,0,0
125,7,x2,1100,1001,1001,-2.7538905143737793,-2.5038857460021973,-0.25000476837158203,0.06370289816708248,0,0
125,8,c31,1100,1111,1111,-2.810612916946411,-2.595278739929199,-0.21533417701721191,0.06019369824309737,0,0
126,1,s20,0011,0000,0000,-2.7133095264434814,-2.713210105895996,-9.942054748535156e-05,0.0664046307945863,0,0
126,2,t302,0011,1100,1100,-3.066317558288574,-2.534572124481201,-0.531745433807373,0.04660588779197372,0,0
126,3,c02,0011,1000,1000,-3.098994016647339,-2.591186285018921,-0.507807731628418,0.04510640094499454,0,0
126,4,t302,0011,1000,1000,-2.9700586795806885,-2.5345144271850586,-0.4355442523956299,0.05131248999480287,0,0
126,5,t031,0011,1000,1000,-3.034573793411255,-2.4740068912506104,-0.5605669021606445,0.04810925779484424,0,0
126,6,c32,0001,1100,1100,-2.9740328788757324,-2.5345749855041504,-0.43945789337158203,0.05111236011566551,0,0
126,7,x1,0101,1010,1010,-2.876969575881958,-2.5058252811431885,-0.37114429473876953,0.05632590582342597,0,0
126,8,x0,1101,1010,1010,-2.7203240394592285,-2.50400710105896,-0.21631693840026855,0.06588960565923255,0,0
127,1,s31,1111,0000,0000,-3.0994300842285156,-2.445497989654541,-0.6539320945739746,0.04510385867282615,0,0
127,2,c30,0111,1000,1000,-2.966273307800293,-2.591214895248413,-0.3750584125518799,0.051509959558147245,0,0
127,3,t231,0011,1000,1000,-2.853006601333618,-2.4174392223358154,-0.43556737899780273,0.05769268358622597,0,0
127,4,s32,0011,1000,1000,-3.0702733993530273,-2.5058155059814453,-0.564457893371582,0.04642523035767038,0,0
127,5,c13,0011,1000,1000,-3.2473249435424805,-2.4529294967651367,-0.7943954467773438,0.0388896301736537,0,0
127,6,c10,0011,1000,1000,-3.066319227218628,-2.534543752670288,-0.5317754745483398,0.046605302901461976,0,0
127,7,c32,0001,1000,1000,-2.884643077850342,-2.595078229904175,-0.289564847946167,0.05589036354279962,0,0
127,8,s20,0001,1000,1000,-3.003819704055786,-2.595123291015625,-0.40869641304016113,0.04961275273533161,0,0
128,1,c03,1111,1000,1000,-2.906100034713745,-2.531008720397949,-0.3750913143157959,0.054723565962934186,0,0
128,2,x3,1110,0000,0000,-2.8710415363311768,-2.594179153442383,-0.27686238288879395,0.05665834400795785,0,0
128,3,c23,1111,1000,1000,-2.841352939605713,-2.5913405418395996,-0.2500123977661133,0.058370253993275875,0,0
128,4,x0,0111,0000,0000,-2.935577630996704,-2.505821704864502,-0.42975592613220215,0.053118894546773154,0,0
128,5,s03,1110,1000,1000,-2.8530220985412598,-2.3886187076568604,-0.4644033908843994,0.057691739437190345,0,0
128,6,x1,1010,1001,1001,-2.7597484588623047,-2.44724702835083,-0.3125014305114746,0.06333337263735511,0,0
128,7,c10,1010,1001,1001,-2.808638572692871,-2.621135711669922,-0.18750286102294922,0.06031293523274933,0,0
128,8,s13,1010,1101,1101,-2.841337203979492,-2.5913400650024414,-0.24999713897705078,0.05837049094182173,0,0
129,1,t123,0000,1000,1000,-2.5954747200012207,-2.5350193977355957,-0.060455322265625,0.07466766585953939,0,0
129,2,t013,0000,1111,1111,-3.0383152961730957,-2.534459114074707,-0.5038561820983887,0.04792327395153968,0,0
129,3,c30,0000,1111,1111,-3.3078064918518066,-2.5345001220703125,-0.7733063697814941,0.03660415816359695,0,0
129,4,x1,0100,1100,1100,-2.8450491428375244,-2.5950355529785156,-0.2500135898590088,0.0581431251661081,0,0
129,5,c10,1100,1010,1010,-2.720113754272461,-2.5345616340637207,-0.18555212020874023,0.06588641939349218,0,0
129,6,s10,1100,1011,1011,-2.8749923706054688,-2.560529947280884,-0.31446242332458496,0.056436720830310434,0,0
129,7,t320,1100,1000,1000,-2.8452115058898926,-2.595191240310669,-0.25002026557922363,0.0581438843662469,0,0
129,8,s30,0101,1011,1011,-2.720186233520508,-2.511593818664551,-0.20859241485595703,0.06588550187605385,0,0
130,1,t103,1000,1000,0000,-2.543130874633789,-2.5918288230895996,0.04869794845581055,0.07870081593752225,1,0
130,2,t120,1000,1101,1101,-3.0423712730407715,-2.5912678241729736,-0.45110344886779785,0.04773707597656099,0,0
130,3,s30,0001,1010,1010,-2.8412604331970215,-2.6518023014068604,-0.18945813179016113,0.058371292525238136,0,0
130,4,c12,0001,1010,1010,-3.0662782192230225,-2.5643560886383057,-0.5019221305847168,0.04660732871277417,0,0
130,5,t021,0001,1000,1000,-3.0990257263183594,-2.5951170921325684,-0.503908634185791,0.04510641301807979,0,0
130,6,s32,0010,1010,1010,-2.804032325744629,-2.534536600112915,-0.26949572563171387,0.060581335822649886,0,0
130,7,x1,0110,1000,1000,-2.91261625289917,-2.4779415130615234,-0.4346747398376465,0.05435231151915543,0,0
130,8,c13,0111,1000,1000,-3.034782886505127,-2.564481258392334,-0.47030162811279297,0.048106564961531435,0,0
131,1,c12,0010,1000,1000,-2.8087522983551025,-2.474255084991455,-0.33449721336364746,0.060313223749698254,0,0
131,2,c20,1010,1100,1100,-2.667238235473633,-2.4817073345184326,-0.1855309009552002,0.0694596611166944,0,0
131,3,x0,0010,1101,1101,-2.96720027923584,-2.5604710578918457,-0.40672922134399414,0.051462034137639764,0,0
131,4,x1,0110,1100,1100,-2.9740352630615234,-2.5345802307128906,-0.4394550323486328,0.05111129401397112,0,0
131,5,t031,0110,1000,1000,-3.034761667251587,-2.503901958465576,-0.5308597087860107,0.04810657010923546,0,0
131,6,c30,0110,1001,1001,-3.1328349113464355,-2.5038468837738037,-0.6289880275726318,0.043610029475984254,0,0
131,7,c21,0010,1001,1001,-3.009679079055786,-2.417349100112915,-0.5923299789428711,0.049322291879185326,0,0
131,8,s30,0010,1101,1101,-3.0355474948883057,-2.534555435180664,-0.5009920597076416,0.048061800211280516,0,0
132,1,c01,1001,1000,1000,-2.65981125831604,-2.53481125831604,-0.125,0.07000088078766312,0,0
132,2,x1,1101,1100,1100,-2.716177463531494,-2.591177463531494,-0.125,0.066142370199294,0,0
132,3,c23,1101,1000,1000,-2.808598756790161,-2.591297149658203,-0.217301607131958,0.0603111278761453,0,0
132,4,x2,1111,0000,0000,-2.776843786239624,-2.6230015754699707,-0.15384221076965332,0.06225610992110659,0,0
132,5,x0,0111,1000,1000,-2.998093843460083,-2.474071741104126,-0.524022102355957,0.049900224742965175,0,0
132,6,s23,0111,1000,1000,-3.100092887878418,-2.4452414512634277,-0.6548514366149902,0.045060457367427253,0,0
132,7,x0,1111,1000,1000,-2.87691330909729,-2.4740421772003174,-0.40287113189697266,0.056327564569943804,0,0
132,8,t120,0111,1000,1000,-3.0992300510406494,-2.445303440093994,-0.6539266109466553,0.04510310302460851,0,0
133,1,s20,0101,1000,1000,-2.841669797897339,-2.4782862663269043,-0.36338353157043457,0.058369541694961155,0,0
133,2,s21,0011,1000,1000,-2.9016880989074707,-2.6516642570495605,-0.25002384185791016,0.05494081028699859,0,0
133,3,s31,0110,1000,1000,-2.909606456756592,-2.505767583847046,-0.4038388729095459,0.05451389057262978,0,0
133,4,x1,0010,1000,1000,-2.914480686187744,-2.5038278102874756,-0.41065287590026855,0.05424958778942425,0,0
133,5,t213,0010,1000,1000,-2.970205783843994,-2.5077428817749023,-0.4624629020690918,0.05131071452829647,0,0
133,6,t203,0010,1000,1000,-3.201071262359619,-2.595106840133667,-0.6059644222259521,0.040730453628216465,0,0
133,7,t321,0010,1101,1101,-3.1673851013183594,-2.5345702171325684,-0.632814884185791,0.042125456175976406,0,0
133,8,s30,0010,1000,1000,-3.070169448852539,-2.534496784210205,-0.535672664642334,0.04642432302214834,0,0
134,1,t012,0001,1000,1000,-2.777268886566162,-2.5350863933563232,-0.24218249320983887,0.06226294583574327,0,0
134,2,s02,0001,1010,1010,-3.0989222526550293,-2.5642919540405273,-0.534630298614502,0.04510747816072151,0,0
134,3,x3,0000,1000,1000,-2.84114670753479,-2.6228866577148438,-0.2182600498199463,0.058372084696647175,0,0
134,4,t012,0000,1000,1000,-3.098957061767578,-2.595059394836426,-0.5038976669311523,0.04510679991402534,0,0
134,5,s10,0000,1001,1001,-3.1028430461883545,-2.5344839096069336,-0.5683591365814209,0.04493122962890098,0,0
134,6,t213,0000,1010,1010,-3.0344910621643066,-2.530592679977417,-0.5038983821868896,0.048108843299446404,0,0
134,7,t201,0000,1010,1010,-2.9016921520233154,-2.6516833305358887,-0.25000882148742676,0.05494123473201273,0,0
134,8,t310,0000,1010,1010,-2.845078945159912,-2.5344810485839844,-0.31059789657592773,0.058142085395598016,0,0
135,1,t012,0001,0000,0000,-2.7166082859039307,-2.5916082859039307,-0.125,0.06614694125815211,0,0
135,2,x0,1001,1110,1110,-2.7200307846069336,-2.5643181800842285,-0.15571260452270508,0.06588724774481766,0,0
135,3,x1,1101,1110,1110,-2.7480220794677734,-2.5912892818450928,-0.15673279762268066,0.06407606411181752,0,0
135,4,c31,1001,1000,1000,-2.7163872718811035,-2.5913872718811035,-0.125,0.06614236473044402,0,0
135,5,s03,1001,1010,1010,-2.874955654144287,-2.621056079864502,-0.25389957427978516,0.056437050562807234,0,0
135,6,t320,1001,1000,1000,-2.871042251586914,-2.683542251586914,-0.1875,0.0566575166929018,0,0
135,7,s32,1010,1010,1100,-2.564333200454712,-2.5950989723205566,0.030765771865844727,0.07699086851025502,1,0
135,8,s21,1100,1000,1000,-2.6835145950317383,-2.621004104614258,-0.06251049041748047,0.06834151851755042,0,0
136,1,t210,1100,1000,1000,-2.6562037467956543,-2.591733455657959,-0.06447029113769531,0.0702723682751354,0,0
136,2,x0,0100,0101,0101,-2.7738218307495117,-2.7113218307495117,-0.0625,0.062437716766293366,0,0
136,3,t301,0100,1111,1111,-3.034576416015625,-2.591216564178467,-0.4433598518371582,0.04810852794891927,0,0
136,4,s01,1000,1001,1001,-2.6595189571380615,-2.5345189571380615,-0.125,0.06999921871713319,0,0
136,5,t320,1000,1011,1011,-2.808516025543213,-2.621009111404419,-0.18750691413879395,0.06031188191141467,0,0
136,6,s23,1000,1011,1011,-2.8182432651519775,-2.5643444061279297,-0.25389885902404785,0.059727234473404736,0,0
136,7,c20,1000,1011,1011,-2.818246841430664,-2.5345544815063477,-0.2836923599243164,0.059727445908896545,0,0
136,8,s30,0001,1101,1101,-2.841226100921631,-2.5912327766418457,-0.24999332427978516,0.058370961816230214,0,0
137,1,t032,1010,0000,0000,-2.6601858139038086,-2.535111427307129,-0.1250743865966797,0.06999855004932952,0,0
137,2,x3,1011,1000,1000,-2.7767739295959473,-2.6210203170776367,-0.15575361251831055,0.06225799239193726,0,0
137,3,x3,1010,1000,1000,-2.849123954772949,-2.570309638977051,-0.27881431579589844,0.05791865024640845,0,0
137,4,c23,1011,1100,1100,-2.784670352935791,-2.5039193630218506,-0.28075098991394043,0.06177314429381194,0,0
137,5,x2,1001,1000,1000,-2.659666061401367,-2.534666061401367,-0.125,0.06999949531602744,0,0
137,6,c23,1001,1010,1010,-2.808565855026245,-2.6210789680480957,-0.18748688697814941,0.06031265530808544,0,0
137,7,t210,1001,1010,1010,-2.8412837982177734,-2.562483310699463,-0.27880048751831055,0.05837121627953601,0,0
137,8,t210,1001,1010,1010,-2.901839256286621,-2.6518378257751465,-0.2500014305114746,0.05494249685526481,0,0
138,1,c21,1011,1000,1000,-2.788731813430786,-2.4781479835510254,-0.31058382987976074,0.061533761743150846,0,0
138,2,x3,1010,1000,1000,-2.7767586708068848,-2.622939109802246,-0.15381956100463867,0.06225726573626086,0,0
138,3,t321,1010,1100,1100,-2.8412787914276123,-2.591287612915039,-0.24999117851257324,0.058370812276470424,0,0
138,4,t201,1110,1100,1100,-2.849062204360962,-2.5346078872680664,-0.3144543170928955,0.057917166759323895,0,0
138,5,x2,1100,1001,1001,-2.7480618953704834,-2.5605411529541016,-0.18752074241638184,0.06407550569076678,0,0
138,6,t023,1100,1001,1001,-2.8413424491882324,-2.5307881832122803,-0.31055426597595215,0.058369457063438136,0,0
138,7,c32,1100,1001,1001,-2.7846646308898926,-2.5346357822418213,-0.2500288486480713,0.061771837328106184,0,0
138,8,x3,1101,1011,1011,-2.659665822982788,-2.534655809402466,-0.12501001358032227,0.06999747121711956,0,0
139,1,s13,1001,1000,1000,-2.7849769592285156,-2.5349769592285156,-0.25,0.06177512878931222,0,0
139,2,t312,1001,1000,1000,-2.7767739295959473,-2.6517739295959473,-0.125,0.06225682196062839,0,0
139,3,s21,1001,1110,1110,-2.841214418411255,-2.5912415981292725,-0.24997282028198242,0.05837202993959224,0,0
139,4,x2,1011,1100,1100,-2.7240536212921143,-2.564392328262329,-0.15966129302978516,0.06562973017348515,0,0
139,5,c23,1010,1000,1000,-2.71635103225708,-2.562533378601074,-0.15381765365600586,0.06614194729195269,0,0
139,6,c30,1010,1101,1101,-2.9394278526306152,-2.560533046722412,-0.3788948059082031,0.05291468653522495,0,0
139,7,x0,0010,1000,1000,-2.9046807289123535,-2.564314603805542,-0.3403661251068115,0.05478070102198409,0,0
139,8,t231,0010,1000,1000,-3.03456974029541,-2.59124493598938,-0.4433248043060303,0.04810981310153769,0,0
140,1,c13,0110,1000,1000,-2.8414418697357178,-2.4780702590942383,-0.3633716106414795,0.0583687989087858,0,0
140,2,x0,1110,1000,1000,-2.8411755561828613,-2.560396671295166,-0.2807788848876953,0.05837015177945418,0,0
140,3,s23,1101,1000,1000,-2.6856002807617188,-2.560582399368286,-0.12501788139343262,0.06820730278848479,0,0
140,4,s32,1110,1000,1000,-2.845168113708496,-2.5951671600341797,-0.2500009536743164,0.05814421315269055,0,0
140,5,t230,1110,1011,1011,-2.9741477966308594,-2.5644655227661133,-0.4096822738647461,0.051111053537037876,0,0
140,6,t231,1110,1001,1001,-2.9057888984680176,-2.560551166534424,-0.34523773193359375,0.05472607568354691,0,0
140,7,s03,0111,1000,1000,-2.9354779720306396,-2.5912299156188965,-0.34424805641174316,0.053120751814321264,0,0
140,8,x2,0101,1000,1000,-3.003920078277588,-2.474074363708496,-0.5298457145690918,0.04961059762843198,0,0
141,1,x2,1000,1000,0000,-2.591808795928955,-2.6523170471191406,0.06050825119018555,0.07495322935756199,1,0
141,2,x2,1010,1111,1111,-2.7767910957336426,-2.5912652015686035,-0.18552589416503906,0.06225757864394461,0,0
141,3,s01,0110,1000,1000,-2.8691537380218506,-2.5951595306396484,-0.27399420738220215,0.056766342572250446,0,0
141,4,s02,1100,1001,1001,-2.6874520778656006,-2.564387798309326,-0.12306427955627441,0.06807691906357254,0,0
141,5,s31,1001,1001,1011,-2.5913479328155518,-2.6211297512054443,0.029781818389892578,0.07494906587544083,1,0
141,6,t132,1001,1000,1000,-2.810544729232788,-2.623044729232788,-0.1875,0.06019402224932218,0,0
141,7,t201,1001,1010,1010,-2.874940872192383,-2.591249942779541,-0.2836909294128418,0.05643702232208852,0,0
141,8,s02,0011,1010,1010,-2.9393389225006104,-2.6209778785705566,-0.3183610439300537,0.05291424271783503,0,0
142,1,x1,0000,0000,1000,-2.5349011421203613,-2.534905433654785,4.291534423828125e-06,0.07932449907714903,1,0
142,2,s13,0000,1000,1000,-2.969985008239746,-2.655532121658325,-0.3144528865814209,0.05131252609200685,0,0
142,3,t201,0000,1010,1010,-3.1027824878692627,-2.534459114074707,-0.5683233737945557,0.044931752565531176,0,0
142,4,t321,0000,1111,1111,-3.1672425270080566,-2.5950241088867188,-0.5722184181213379,0.04212703879162226,0,0
142,5,s01,0000,1010,1010,-3.0344316959381104,-2.5344364643096924,-0.49999523162841797,0.04810945890815715,0,0
142,6,t123,0000,1010,1010,-3.167252779006958,-2.5949878692626953,-0.5722649097442627,0.042125995848337046,0,0
142,7,t012,0000,1001,1001,-2.8690061569213867,-2.591132879257202,-0.27787327766418457,0.056766754767661784,0,0
142,8,s23,0000,1101,1101,-2.966137170791626,-2.6516613960266113,-0.31447577476501465,0.05151107505095568,0,0
143,1,s01,0001,1000,1000,-2.777008533477783,-2.591482639312744,-0.18552589416503906,0.06226212136379153,0,0
143,2,s20,0001,1100,1100,-3.098939895629883,-2.5344979763031006,-0.5644419193267822,0.045106819556195,0,0
143,3,t130,0001,1010,1010,-3.1750242710113525,-2.4211537837982178,-0.7538704872131348,0.04180261018421598,0,0
143,4,s10,0001,1100,1100,-3.098933696746826,-2.534506320953369,-0.564427375793457,0.04510722458881602,0,0
143,5,x1,0101,1000,1000,-2.8489830493927,-2.5950326919555664,-0.2539503574371338,0.057916656037030494,0,0
143,6,x2,0111,1000,1000,-2.937493324279785,-2.5345938205718994,-0.40289950370788574,0.0530163561223071,0,0
143,7,t021,0111,1000,1000,-3.099109649658203,-2.3607077598571777,-0.7384018898010254,0.045103934386564654,0,0
143,8,x1,0011,1000,1000,-2.973210573196411,-2.388589859008789,-0.5846207141876221,0.05115904678470027,0,0
144,1,c01,0111,1000,1000,-2.9665021896362305,-2.5347397327423096,-0.4317624568939209,0.0515089705938411,0,0
144,2,x0,1111,1000,1000,-2.841207981109619,-2.5018181800842285,-0.3393898010253906,0.058370021805525175,0,0
144,3,c23,1110,1000,1000,-2.7769250869750977,-2.5019617080688477,-0.27496337890625,0.06225498742852035,0,0
144,4,t120,0110,1000,1000,-3.035710573196411,-2.538626194000244,-0.497084379196167,0.04806231223896769,0,0
144,5,x3,0111,1001,1001,-3.0722665786743164,-2.564462423324585,-0.5078041553497314,0.04633468469331667,0,0
144,6,s12,0111,1000,1000,-3.1068191528320312,-2.4212069511413574,-0.6856122016906738,0.04475714206470804,0,0
144,7,c21,0011,1000,1000,-2.9413771629333496,-2.534604549407959,-0.4067726135253906,0.052811507275730585,0,0
144,8,s03,1010,1000,1000,-2.6854822635650635,-2.560476779937744,-0.12500548362731934,0.06821150608731093,0,0
145,1,t203,0110,1000,1000,-2.810882091522217,-2.591625690460205,-0.21925640106201172,0.06019306856024942,0,0
145,2,t102,0110,1000,1000,-3.102863311767578,-2.5345077514648438,-0.5683555603027344,0.04493090116791822,0,0
145,3,t301,0110,1000,1000,-3.171222686767578,-2.4817373752593994,-0.6894853115081787,0.04196442995566222,0,0
145,4,s31,0011,1000,1000,-2.8490569591522217,-2.503814220428467,-0.3452427387237549,0.05791707725538788,0,0
145,5,x3,0010,1000,1000,-3.0424368381500244,-2.5058162212371826,-0.5366206169128418,0.04773578576103472,0,0
145,6,s21,0100,1000,1000,-2.8768811225891113,-2.595106840133667,-0.28177428245544434,0.05632673403938363,0,0
145,7,c20,0100,1001,1001,-3.0683584213256836,-2.4779574871063232,-0.5904009342193604,0.046514198611746264,0,0
145,8,c12,0110,1001,1001,-3.0423731803894043,-2.507669448852539,-0.5347037315368652,0.047734882879768806,0,0
146,1,x1,0111,0000,0000,-2.902090072631836,-2.5626277923583984,-0.3394622802734375,0.05493844823587691,0,0
146,2,t012,0111,1000,1000,-2.966259002685547,-2.53066349029541,-0.4355955123901367,0.051510417152545014,0,0
146,3,x2,0101,1000,1000,-2.941408157348633,-2.4740819931030273,-0.46732616424560547,0.052810502321781756,0,0
146,4,s12,0011,1000,1000,-2.8768577575683594,-2.534543991088867,-0.3423137664794922,0.05632725617232392,0,0
146,5,x0,1011,1000,1000,-2.7596356868743896,-2.3606879711151123,-0.39894771575927734,0.06333289560289261,0,0
146,6,t123,1011,1000,1000,-2.8412389755249023,-2.534580707550049,-0.3066582679748535,0.058371960883914366,0,0
146,7,x0,0011,0000,0000,-2.9692611694335938,-2.5942399501800537,-0.37502121925354004,0.051359929655631305,0,0
146,8,s02,1001,1000,1000,-2.693249225616455,-2.505749225616455,-0.1875,0.06768196470418296,0,0
147,1,x2,1010,1000,1000,-2.6825966835021973,-2.6526832580566406,-0.02991342544555664,0.06847172140692127,0,0
147,2,x3,1011,1100,1100,-2.8413076400756836,-2.5913190841674805,-0.24998855590820312,0.05837150925593967,0,0
147,3,x0,0011,1000,1000,-3.0337181091308594,-2.566378593444824,-0.46733951568603516,0.04815513787625628,0,0
147,4,t230,1011,1000,1000,-2.752105951309204,-2.505980968475342,-0.2461249828338623,0.06382762305150057,0,0
147,5,s12,1101,1000,1000,-2.7769386768341064,-2.5913636684417725,-0.18557500839233398,0.06225616932397546,0,0
147,6,s13,1101,1000,1000,-2.8731188774108887,-2.591364860534668,-0.2817540168762207,0.0565467967076815,0,0
147,7,s31,1101,1000,1000,-2.8491263389587402,-2.564448118209839,-0.28467822074890137,0.057917072798125274,0,0
147,8,s12,1011,1000,1000,-2.6268820762634277,-2.5345962047576904,-0.0922858715057373,0.07232577830707765,0,0
148,1,s12,0000,0000,0100,-2.595527410507202,-2.5956850051879883,0.0001575946807861328,0.07466609176306915,1,0
148,2,s01,0000,1001,1001,-3.030534029006958,-2.651637077331543,-0.37889695167541504,0.048297417038241995,0,0
148,3,t031,0000,1000,1000,-3.171103000640869,-2.6027517318725586,-0.5683512687683105,0.04196562230835079,0,0
148,4,s01,0000,1010,1010,-3.1027932167053223,-2.6516952514648438,-0.4510979652404785,0.04493235707228177,0,0
148,5,x3,0001,1010,1010,-3.0383942127227783,-2.624854803085327,-0.41353940963745117,0.047923114224184445,0,0
148,6,s10,0001,1100,1100,-2.9661595821380615,-2.5950300693511963,-0.37112951278686523,0.05151120131401625,0,0
148,7,t320,0001,1100,1100,-2.8373992443084717,-2.651754856109619,-0.18564438819885254,0.05859437701567462,0,0
148,8,t301,0001,1000,1000,-2.9095616340637207,-2.591170310974121,-0.3183913230895996,0.05451321722113554,0,0
149,1,c30,0100,1000,1000,-2.777249813079834,-2.5916357040405273,-0.18561410903930664,0.06225605891445083,0,0
149,2,x1,0000,1010,1010,-2.901667594909668,-2.5911223888397217,-0.3105452060699463,0.05494145937751145,0,0
149,3,c21,0000,1111,1111,-3.102839469909668,-2.473973035812378,-0.62886643409729,0.044931543509795224,0,0
149,4,t301,0000,1000,1000,-3.1028568744659424,-2.5950515270233154,-0.507805347442627,0.04493077557458676,0,0
149,5,x2,0010,1000,1000,-2.9055871963500977,-2.71224045753479,-0.19334673881530762,0.05472801693687423,0,0
149,6,c23,0011,1100,1100,-2.9740052223205566,-2.595102548599243,-0.3789026737213135,0.05111209660925717,0,0
149,7,x2,0001,1000,1000,-2.8847126960754395,-2.5345635414123535,-0.35014915466308594,0.05588865454026147,0,0
149,8,c32,0011,1100,1100,-3.0346505641937256,-2.5950546264648438,-0.43959593772888184,0.04810384207537837,0,0
150,1,s20,0011,1000,1000,-2.902806520462036,-2.5613341331481934,-0.3414723873138428,0.05493838189356845,0,0
150,2,c32,0001,1100,1100,-3.0345749855041504,-2.534583806991577,-0.49999117851257324,0.0481098559664868,0,0
150,3,t120,0001,1000,1000,-3.1673898696899414,-2.5951287746429443,-0.5722610950469971,0.04212680952642145,0,0
150,4,x0,1001,1000,1000,-2.753776788711548,-2.566276788711548,-0.1875,0.06370546462454743,0,0
150,5,c30,0001,1000,1000,-3.030773878097534,-2.651808261871338,-0.3789656162261963,0.0482948078369181,0,0
150,6,x1,0101,1100,1100,-2.8451826572418213,-2.564380645751953,-0.28080201148986816,0.05814202293306595,0,0
150,7,c20,0101,1010,1010,-3.001909017562866,-2.503817319869995,-0.4980916976928711,0.049708292378485786,0,0
150,8,s02,0101,1000,1000,-3.070230484008789,-2.4471263885498047,-0.6231040954589844,0.04642381465371175,0,0
151,1,s31,1110,1000,1000,-2.978516101837158,-2.535060167312622,-0.44345593452453613,0.050909239368945015,0,0
151,2,s32,1101,1000,1000,-2.8451108932495117,-2.595113515853882,-0.24999737739562988,0.05814456002696891,0,0
151,3,t301,1001,1000,1000,-2.7163009643554688,-2.5913009643554688,-0.125,0.06614264864270833,0,0
151,4,s20,0011,1110,1110,-2.9355313777923584,-2.6210780143737793,-0.3144533634185791,0.05312118242992958,0,0
151,5,x3,0010,1000,1000,-2.939516544342041,-2.4174883365631104,-0.5220282077789307,0.05291415673580363,0,0
151,6,s12,0100,1000,1000,-2.784651279449463,-2.5644028186798096,-0.22024846076965332,0.0617723204252739,0,0
151,7,t130,0100,1010,1010,-3.035670042037964,-2.5644261837005615,-0.47124385833740234,0.04806108362327004,0,0
151,8,c32,0100,1001,1001,-3.1424193382263184,-2.511519432067871,-0.6308999061584473,0.043190770163138985,0,0
152,1,t132,1000,1000,0000,-2.535447359085083,-2.5920052528381348,0.05655789375305176,0.07932067721239858,1,0
152,2,c03,1001,1110,1110,-2.7806344032287598,-2.5912203788757324,-0.18941402435302734,0.06201548286491038,0,0
152,3,x1,1101,1100,1100,-2.65958309173584,-2.53458309173584,-0.125,0.06999830661090628,0,0
152,4,t321,1101,0000,0000,-2.7730679512023926,-2.6518983840942383,-0.1211695671081543,0.06249801851038794,0,0
152,5,c02,1111,1010,1010,-2.7768659591674805,-2.560554027557373,-0.21631193161010742,0.06225647875748833,0,0
152,6,s21,1111,1000,1000,-2.9374890327453613,-2.534627914428711,-0.4028611183166504,0.0530175265044846,0,0
152,7,t032,1101,1000,1000,-2.882845878601074,-2.417451858520508,-0.4653940200805664,0.05599711145107142,0,0
152,8,x3,1100,1000,1000,-2.752004623413086,-2.5625197887420654,-0.1894848346710205,0.06382516273411393,0,0
153,1,s32,0111,0000,0000,-2.9666409492492676,-2.591508150100708,-0.37513279914855957,0.051509005779794045,0,0
153,2,s10,1011,1100,1100,-2.7200679779052734,-2.534519910812378,-0.1855480670928955,0.06588618836292065,0,0
153,3,s12,1101,1000,1000,-2.7162837982177734,-2.56246280670166,-0.15382099151611328,0.06614259529925952,0,0
153,4,x3,1100,1000,1000,-2.687528371810913,-2.5019679069519043,-0.1855604648590088,0.06807544760801441,0,0
153,5,t102,1110,1011,1011,-2.869243621826172,-2.681729316711426,-0.1875143051147461,0.05676669255250605,0,0
153,6,s30,0111,1000,1000,-2.8731021881103516,-2.5346736907958984,-0.3384284973144531,0.05654626456102552,0,0
153,7,s21,0111,1000,1000,-3.066391944885254,-2.47407865524292,-0.592313289642334,0.04660539041421397,0,0
153,8,s12,0111,1000,1000,-3.1347527503967285,-2.477933645248413,-0.6568191051483154,0.043524782088050926,0,0
154,1,x0,1000,0000,0000,-2.591529369354248,-2.506059169769287,-0.08547019958496094,0.07495623978424205,0,0
154,2,s32,1000,1101,1101,-2.8411855697631836,-2.591203451156616,-0.24998211860656738,0.05837206328911531,0,0
154,3,x2,1010,1110,1110,-2.7767481803894043,-2.591218948364258,-0.18552923202514648,0.06225715583160987,0,0
154,4,t021,1110,1100,1100,-2.651862382888794,-2.591313362121582,-0.060549020767211914,0.07054590308315804,0,0
154,5,c02,1100,1001,1001,-2.9096908569335938,-2.564453601837158,-0.34523725509643555,0.054514677912043175,0,0
154,6,t203,1100,1001,1001,-2.9511044025421143,-2.4213051795959473,-0.529799222946167,0.052299200061540985,0,0
154,7,s31,1001,1011,1011,-2.564344882965088,-2.5345571041107178,-0.029787778854370117,0.07699178349776276,0,0
154,8,c20,1001,1010,1010,-2.841259002685547,-2.6210341453552246,-0.22022485733032227,0.05837045835295404,0,0
155,1,c32,1010,1000,1000,-2.599656105041504,-2.4746248722076416,-0.1250312328338623,0.07436686662100277,0,0
155,2,s20,1010,1000,1000,-2.7767481803894043,-2.6517527103424072,-0.12499547004699707,0.062257840697348764,0,0
155,3,c12,1010,1100,1100,-2.784578800201416,-2.5345993041992188,-0.24997949600219727,0.06177433933914682,0,0
155,4,x1,1110,1000,1000,-2.7845754623413086,-2.564350128173828,-0.22022533416748047,0.061773220102834654,0,0
155,5,x1,1010,1000,1000,-2.7770228385925293,-2.6212656497955322,-0.15575718879699707,0.06225569734993695,0,0
155,6,c23,1011,1001,1001,-2.6596570014953613,-2.564443588256836,-0.09521341323852539,0.06999836619839878,0,0
155,7,x3,1010,1000,1000,-2.7163572311401367,-2.562539577484131,-0.15381765365600586,0.06614222284510438,0,0
155,8,c32,1010,1101,1101,-2.744126319885254,-2.681605815887451,-0.06252050399780273,0.06432587761194213,0,0
156,1,s32,0010,1000,1000,-2.7773313522338867,-2.591702461242676,-0.18562889099121094,0.06225636872174956,0,0
156,2,c32,0010,1100,1100,-3.1028671264648438,-2.534548282623291,-0.5683188438415527,0.04493163744875694,0,0
156,3,x0,1010,1010,1100,-2.595079183578491,-2.595113754272461,3.457069396972656e-05,0.07465966512999471,1,0
156,4,c10,1010,1000,1000,-2.80856990814209,-2.6210687160491943,-0.1875011920928955,0.06031252448849313,0,0
156,5,t021,1110,1000,1000,-2.8413310050964355,-2.6211085319519043,-0.22022247314453125,0.05837036773382821,0,0
156,6,s31,1011,1001,1001,-2.6269681453704834,-2.5605671405792236,-0.06640100479125977,0.07232652618281073,0,0
156,7,x3,1010,1000,1000,-2.6596875190734863,-2.5346851348876953,-0.12500238418579102,0.06999933067049596,0,0
156,8,x1,1110,1000,1000,-2.841348648071289,-2.6518616676330566,-0.18948698043823242,0.058369616161882555,0,0
157,1,x1,0101,0000,0000,-2.7811379432678223,-2.531033992767334,-0.2501039505004883,0.06201273763713646,0,0
157,2,c12,0111,1000,1000,-2.9056718349456787,-2.5950615406036377,-0.310610294342041,0.054726028178544515,0,0
157,3,c03,0111,1000,1000,-3.0019216537475586,-2.4452288150787354,-0.5566928386688232,0.04970781470159444,0,0
157,4,x3,0110,1000,1000,-3.003884792327881,-2.3885669708251953,-0.6153178215026855,0.049610473038946695,0,0
157,5,c23,0111,1000,1000,-3.07608699798584,-2.425122022628784,-0.6509649753570557,0.0461554451098389,0,0
157,6,x2,0101,1000,1000,-2.9414005279541016,-2.4471869468688965,-0.4942135810852051,0.05281062777754493,0,0
157,7,t203,0101,1000,1000,-2.9375038146972656,-2.417403221130371,-0.5201005935668945,0.053016750857094806,0,0
157,8,s30,1100,1010,1010,-2.7201406955718994,-2.534573554992676,-0.18556714057922363,0.06588586178717631,0,0
158,1,x0,1101,1000,1000,-2.8417181968688965,-2.591670513153076,-0.2500476837158203,0.058372086322127766,0,0
158,2,c01,1001,1000,1000,-2.7162137031555176,-2.5912137031555176,-0.125,0.06614351582723425,0,0
158,3,t201,1001,1110,1110,-2.9056997299194336,-2.591261625289917,-0.3144381046295166,0.0547278238040655,0,0
158,4,c30,0001,1010,1010,-2.9374148845672607,-2.564349889755249,-0.3730649948120117,0.053018187203097845,0,0
158,5,t213,0001,1100,1100,-3.001816511154175,-2.5950822830200195,-0.4067342281341553,0.04970913395929302,0,0
158,6,t013,0001,1100,1100,-3.2394776344299316,-2.452876567840576,-0.7866010665893555,0.03919311451072246,0,0
158,7,x0,1001,1000,1000,-2.7161293029785156,-2.5911293029785156,-0.125,0.06614476682878491,0,0
158,8,x0,0001,0000,0000,-2.871121883392334,-2.683621883392334,-0.1875,0.056657652909171054,0,0
159,1,s01,0100,1000,1000,-2.652514696121216,-2.4784746170043945,-0.1740400791168213,0.07054102395917777,0,0
159,2,c12,0110,1111,1111,-2.8450636863708496,-2.5345044136047363,-0.3105592727661133,0.058143063115113115,0,0
159,3,x1,0010,1001,1001,-3.0018746852874756,-2.503791332244873,-0.49808335304260254,0.04970825030647291,0,0
159,4,s10,0010,1000,1000,-3.1673545837402344,-2.5950934886932373,-0.5722610950469971,0.042126519869587487,0,0
159,5,c10,0010,1000,1000,-3.1673264503479004,-2.595069646835327,-0.5722568035125732,0.042126622620036594,0,0
159,6,x2,0000,1000,1000,-3.0076565742492676,-2.534510612487793,-0.4731459617614746,0.0494194153115869,0,0
159,7,t302,0000,1001,1001,-2.970154285430908,-2.6249265670776367,-0.3452277183532715,0.051312116489504025,0,0
159,8,t013,0000,1010,1010,-3.001894950866699,-2.595107078552246,-0.4067878723144531,0.04970761289759628,0,0
160,1,t023,1011,1000,1000,-2.841961145401001,-2.5919156074523926,-0.2500455379486084,0.05837033976232539,0,0
160,2,c01,1111,1000,1000,-2.8085427284240723,-2.591221809387207,-0.21732091903686523,0.06031107478293067,0,0
160,3,t032,1101,0000,0000,-2.8086719512939453,-2.5625429153442383,-0.24612903594970703,0.06031105144612348,0,0
160,4,s21,1011,1000,1000,-2.655799388885498,-2.5952537059783936,-0.06054568290710449,0.07027316425917167,0,0
160,5,s21,1101,1100,1100,-2.5913162231445312,-2.5913162231445312,0.0,0.07495016672017402,0,1
160,6,c23,1101,1000,1000,-2.7847604751586914,-2.564518690109253,-0.22024178504943848,0.061770965307221114,0,0
160,7,s23,1110,1010,1010,-2.72799015045166,-2.417428970336914,-0.3105611801147461,0.06537354099062533,0,0
160,8,s02,1110,1000,1000,-2.905733108520508,-2.560495376586914,-0.34523773193359375,0.05472653579063937,0,0
161,1,s02,0110,1000,1000,-2.777531147003174,-2.595640182495117,-0.18189096450805664,0.06224763152659735,0,0
161,2,c31,0110,1000,1000,-3.0345699787139893,-2.4740028381347656,-0.5605671405792236,0.04810850805890735,0,0
161,3,c02,0110,1001,1001,-3.1673507690429688,-2.4471254348754883,-0.7202253341674805,0.04212636513077807,0,0
161,4,c01,0110,1001,1001,-3.034573793411255,-2.503801107406616,-0.5307726860046387,0.048109007335357,0,0
161,5,c32,0110,1001,1001,-3.1673574447631836,-2.4471073150634766,-0.720250129699707,0.04212581059642535,0,0
161,6,t023,0110,1000,1000,-3.09904408454895,-2.4471356868743896,-0.6519083976745605,0.04510521937798394,0,0
161,7,c12,0100,1001,1001,-2.970104694366455,-2.447114944458008,-0.5229897499084473,0.05131132963698594,0,0
161,8,t012,0100,1001,1001,-3.003922939300537,-2.5077507495880127,-0.4961721897125244,0.04961040909004183,0,0
162,1,s23,1100,1000,1000,-2.724429130554199,-2.4177589416503906,-0.3066701889038086,0.06563079376313323,0,0
162,2,x0,0100,1001,1001,-2.905698299407959,-2.6209733486175537,-0.2847249507904053,0.054725328750433164,0,0
162,3,s12,0010,1101,1101,-2.905668020248413,-2.5951056480407715,-0.3105623722076416,0.054727606625290026,0,0
162,4,s10,0010,1001,1001,-3.0990586280822754,-2.6517844200134277,-0.44727420806884766,0.04510572250408652,0,0
162,5,c13,0010,1100,1100,-3.0663323402404785,-2.595125675201416,-0.4712066650390625,0.04660556641683106,0,0
162,6,s01,0010,0101,0101,-3.1327016353607178,-2.6556758880615234,-0.47702574729919434,0.04361136861681499,0,0
162,7,t102,0010,1001,1001,-3.204958438873291,-2.451012134552002,-0.7539463043212891,0.04057360198379954,0,0
162,8,x0,1010,1000,1000,-2.659543991088867,-2.534543514251709,-0.1250004768371582,0.06999876747219894,0,0
163,1,s01,0101,1000,1000,-2.777510166168213,-2.5918920040130615,-0.18561816215515137,0.06225527313849868,0,0
163,2,s20,0101,1010,1010,-3.034571647644043,-2.473994731903076,-0.5605769157409668,0.04810824470823491,0,0
163,3,t312,0111,1000,1000,-3.106802463531494,-2.5115482807159424,-0.5952541828155518,0.04475757076217031,0,0
163,4,x1,0011,1000,1000,-2.908689498901367,-2.445254325866699,-0.46343517303466797,0.05456668027321795,0,0
163,5,x2,0001,1000,1000,-2.9453465938568115,-2.5058627128601074,-0.4394838809967041,0.052606407313092775,0,0
163,6,c31,0101,1000,1000,-2.937499523162842,-2.5345919132232666,-0.4029076099395752,0.053015980510079073,0,0
163,7,x1,0001,1000,1000,-2.9701335430145264,-2.564349889755249,-0.40578365325927734,0.05131175909837166,0,0
163,8,s10,0001,1010,1010,-3.0345802307128906,-2.4740285873413086,-0.560551643371582,0.048109558520151835,0,0
164,1,s01,1010,1000,1000,-2.6817774772644043,-2.651945114135742,-0.02983236312866211,0.06847633955075166,0,0
164,2,x2,1000,1000,1100,-2.59121036529541,-2.651782512664795,0.060572147369384766,0.07495135996672869,1,0
164,3,s10,0100,1001,1001,-2.837369918823242,-2.65177321434021,-0.18559670448303223,0.05859756748150673,0,0
164,4,s03,0100,1001,1001,-3.167362689971924,-2.5057373046875,-0.6616253852844238,0.0421262813303536,0,0
164,5,c32,0100,1001,1001,-3.0683133602142334,-2.5345938205718994,-0.533719539642334,0.0465149152445751,0,0
164,6,t321,0100,1001,1001,-3.1029200553894043,-2.477889060974121,-0.6250309944152832,0.044930506341534164,0,0
164,7,x2,0110,1001,1001,-2.9095335006713867,-2.53448748588562,-0.3750460147857666,0.05451320752963081,0,0
164,8,c03,0110,1000,1000,-3.002017021179199,-2.5346128940582275,-0.4674041271209717,0.04970550422775289,0,0
165,1,c31,0100,0000,0000,-2.7165842056274414,-2.5915188789367676,-0.12506532669067383,0.06614266633050539,0,0
165,2,t123,0100,1000,1000,-3.1028289794921875,-2.5950355529785156,-0.5077934265136719,0.04493130363435723,0,0
165,3,x1,0000,1101,1101,-3.0759148597717285,-2.5422260761260986,-0.5336887836456299,0.0461572582498626,0,0
165,4,c01,0000,1001,1001,-3.132648468017578,-2.5950443744659424,-0.5376040935516357,0.043612046012339895,0,0
165,5,s12,0000,1111,1111,-3.0681614875793457,-2.5056777000427246,-0.5624837875366211,0.04651567246759137,0,0
165,6,t021,0000,1010,1010,-3.1028151512145996,-2.595022678375244,-0.5077924728393555,0.0449312344689783,0,0
165,7,c02,0000,1001,1001,-3.10286283493042,-2.5344808101654053,-0.5683820247650146,0.044930388868071415,0,0
165,8,t021,0000,1001,1001,-3.034513235092163,-2.595022678375244,-0.43949055671691895,0.048108190964409554,0,0
166,1,c23,1111,1000,1000,-2.9666388034820557,-2.5915493965148926,-0.3750894069671631,0.05150819478007175,0,0
166,2,s12,1111,1000,1000,-2.933558225631714,-2.5624442100524902,-0.37111401557922363,0.0532248505497169,0,0
166,3,x0,0111,1000,1000,-2.900890588760376,-2.5057718753814697,-0.39511871337890625,0.05499248949991574,0,0
166,4,c12,0101,1000,1000,-2.974111557006836,-2.445244789123535,-0.5288667678833008,0.05111051939601349,0,0
166,5,s31,0101,1000,1000,-3.0346593856811523,-2.477968692779541,-0.5566906929016113,0.04810841124349984,0,0
166,6,s03,1100,1000,1000,-2.7884767055511475,-2.47790265083313,-0.3105740547180176,0.061532957278698966,0,0
166,7,s23,1100,1010,1010,-2.9174323081970215,-2.4779624938964844,-0.4394698143005371,0.05409109997908457,0,0
166,8,x1,1000,1001,1001,-2.6835787296295166,-2.6210787296295166,-0.0625,0.06834324725648187,0,0
167,1,c32,0011,1000,1000,-3.000425338745117,-2.474520206451416,-0.5259051322937012,0.049807603437965996,0,0
167,2,s23,0011,1100,1100,-3.2395150661468506,-2.4817235469818115,-0.7577915191650391,0.039192945897640906,0,0
167,3,s02,1001,1000,1000,-2.6595401763916016,-2.5345401763916016,-0.125,0.07000011241282296,0,0
167,4,t301,1101,1100,1100,-2.6557679176330566,-2.5307679176330566,-0.125,0.07027130344267511,0,0
167,5,c02,1111,1000,1000,-2.6855788230895996,-2.562516927719116,-0.1230618953704834,0.06820823150919512,0,0
167,6,s20,1111,1000,1000,-2.7768502235412598,-2.501922607421875,-0.27492761611938477,0.06225672854265101,0,0
167,7,c13,1110,1000,1000,-2.814608097076416,-2.5059680938720703,-0.3086400032043457,0.059958545200550696,0,0
167,8,s21,1110,1001,1001,-2.8413619995117188,-2.5605554580688477,-0.2808065414428711,0.05836921086178529,0,0
168,1,c20,0011,1000,1000,-2.84189772605896,-2.535195827484131,-0.3067018985748291,0.058371239535442355,0,0
168,2,s02,1001,1000,1000,-2.810445785522461,-2.622945785522461,-0.1875,0.06019539328178446,0,0
168,3,t201,1001,1010,1010,-2.8412909507751465,-2.621082305908203,-0.22020864486694336,0.05837114924674941,0,0
168,4,t302,1011,0010,0010,-2.8085150718688965,-2.6517791748046875,-0.15673589706420898,0.060312514263683684,0,0
168,5,c21,1111,1100,1100,-2.74802303314209,-2.5307281017303467,-0.21729493141174316,0.06407524827666214,0,0
168,6,s12,1111,1000,1000,-2.873061180114746,-2.4740962982177734,-0.39896488189697266,0.05654604696741207,0,0
168,7,c20,0111,1000,1000,-3.064493179321289,-2.445330858230591,-0.6191623210906982,0.046696373394680316,0,0
168,8,t012,0111,1000,1000,-3.201195478439331,-2.388629674911499,-0.812565803527832,0.04072901759552014,0,0
169,1,x3,0001,1000,1000,-2.7482478618621826,-2.5348942279815674,-0.21335363388061523,0.06408199356684666,0,0
169,2,t210,0001,1100,1100,-2.970048189163208,-2.53450083732605,-0.4355473518371582,0.051312393553808955,0,0
169,3,s01,0001,1100,1100,-3.106691598892212,-2.481708526611328,-0.6249830722808838,0.044759517071013825,0,0
169,4,c12,0001,1100,1100,-3.0989420413970947,-2.595036506652832,-0.5039055347442627,0.045106231908206194,0,0
169,5,c23,0001,1010,1010,-3.098942756652832,-2.595024347305298,-0.5039184093475342,0.04510576684523507,0,0
169,6,t130,0001,1000,1000,-3.167285680770874,-2.5344696044921875,-0.6328160762786865,0.0421257958377205,0,0
169,7,c31,0101,1010,1010,-2.9056034088134766,-2.503723621368408,-0.40187978744506836,0.05472769714982864,0,0
169,8,s02,0101,1010,1010,-3.0345094203948975,-2.417267084121704,-0.6172423362731934,0.048108350199765275,0,0
170,1,x1,0011,0000,0000,-2.7819390296936035,-2.4454121589660645,-0.33652687072753906,0.06195251798579106,0,0
170,2,s13,0110,1100,1100,-2.9393277168273926,-2.5384109020233154,-0.40091681480407715,0.052913987056346715,0,0
170,3,t231,0110,1000,1000,-3.066356658935547,-2.5038084983825684,-0.5625481605529785,0.04660495594235907,0,0
170,4,s20,1100,1000,1000,-2.8529210090637207,-2.42124080657959,-0.43168020248413086,0.057692341383311585,0,0
170,5,s20,0110,0001,0001,-2.9019289016723633,-2.623105049133301,-0.2788238525390625,0.05493930569857491,0,0
170,6,s30,0110,1000,1000,-3.132763385772705,-2.5345821380615234,-0.5981812477111816,0.04361069478537042,0,0
170,7,t210,1110,1000,1000,-2.8645734786987305,-2.425088405609131,-0.4394850730895996,0.05702507347587679,0,0
170,8,s02,1110,0001,0001,-3.034602403640747,-2.5624401569366455,-0.47216224670410156,0.048109203153689564,0,0
171,1,t032,0001,1000,1000,-2.7167434692382812,-2.535163640975952,-0.1815798282623291,0.06615054467741073,0,0
171,2,t201,0001,1100,1100,-3.0989415645599365,-2.5345239639282227,-0.5644176006317139,0.04510749502948768,0,0
171,3,c03,0001,1010,1010,-3.175055503845215,-2.5115103721618652,-0.6635451316833496,0.041802670244484155,0,0
171,4,t301,0001,1000,1000,-3.167325973510742,-2.595064640045166,-0.5722613334655762,0.04212613356214154,0,0
171,5,s13,0100,1010,1010,-2.825942039489746,-2.4528896808624268,-0.37305235862731934,0.05926643068063014,0,0
171,6,c20,0100,1011,1011,-2.9701857566833496,-2.5345921516418457,-0.4355936050415039,0.051310860243171295,0,0
171,7,t201,0100,1010,1010,-3.1673214435577393,-2.4778542518615723,-0.689467191696167,0.042126455412194,0,0
171,8,c03,0100,1001,1001,-2.96622896194458,-2.534528970718384,-0.4316999912261963,0.05151074118690013,0,0
172,1,c32,0000,0000,1000,-2.5915632247924805,-2.5916173458099365,5.412101745605469e-05,0.07495779608490219,1,0
172,2,t203,0000,1001,1001,-3.2355659008026123,-2.5949907302856445,-0.6405751705169678,0.03934462292794348,0,0
172,3,s12,0000,1010,1010,-3.2355942726135254,-2.595036029815674,-0.6405582427978516,0.03934473022532113,0,0
172,4,c30,0000,1111,1111,-3.2394919395446777,-2.4816999435424805,-0.7577919960021973,0.039192792410212327,0,0
172,5,x0,1000,1010,1010,-2.6517016887664795,-2.5911688804626465,-0.06053280830383301,0.07054770110192915,0,0
172,6,x2,1010,1111,1111,-2.808579444885254,-2.6518521308898926,-0.15672731399536133,0.06031243661713488,0,0
172,7,s23,1001,1000,1000,-2.7162373065948486,-2.5912373065948486,-0.125,0.06614345443676217,0,0
172,8,c23,1001,0100,0100,-2.901865243911743,-2.591327428817749,-0.31053781509399414,0.0549418133889426,0,0
173,1,s03,0100,0000,0000,-2.7772610187530518,-2.534932851791382,-0.24232816696166992,0.06225449443917517,0,0
173,2,s13,0001,1111,1111,-2.85282039642334,-2.5344979763031006,-0.31832242012023926,0.057693045651058414,0,0
173,3,s03,1000,1100,1100,-2.7239885330200195,-2.534557342529297,-0.18943119049072266,0.06563009237101047,0,0
173,4,c02,1010,1101,1101,-2.747974157333374,-2.5624289512634277,-0.1855452060699463,0.06407658802636816,0,0
173,5,x1,1110,1001,1001,-2.744129180908203,-2.6816039085388184,-0.06252527236938477,0.06432599632037861,0,0
173,6,s23,1101,1001,1001,-2.806692361831665,-2.591350555419922,-0.21534180641174316,0.060429189956354476,0,0
173,7,t301,1001,1000,1000,-2.7164645195007324,-2.5914645195007324,-0.125,0.06614164848646091,0,0
173,8,t013,1001,1010,1010,-2.8749806880950928,-2.6210670471191406,-0.25391364097595215,0.05643683177781876,0,0
174,1,t203,0010,1000,1000,-2.7445034980773926,-2.591651678085327,-0.15285181999206543,0.06432805905436038,0,0
174,2,c02,0010,1000,1000,-3.0989253520965576,-2.5950183868408203,-0.5039069652557373,0.04510683470706031,0,0
174,3,t230,0010,1100,1100,-3.239497423171997,-2.4817185401916504,-0.7577788829803467,0.03919330432028335,0,0
174,4,x2,0000,1000,1000,-2.841193675994873,-2.6209893226623535,-0.22020435333251953,0.05837187340885863,0,0
174,5,s30,0000,1111,1111,-3.068235397338867,-2.5643341541290283,-0.5039012432098389,0.04651534605292206,0,0
174,6,x1,0100,1111,1111,-2.845125198364258,-2.5950961112976074,-0.2500290870666504,0.05814216389258985,0,0
174,7,x0,1100,1011,1011,-2.784604787826538,-2.5038321018218994,-0.28077268600463867,0.06177469457361439,0,0
174,8,s23,1100,1011,1011,-2.9017791748046875,-2.621014356613159,-0.2807648181915283,0.054941685815387165,0,0
175,1,s20,0001,1000,1000,-2.8715157508850098,-2.5311832427978516,-0.3403325080871582,0.05666293753502845,0,0
175,2,c20,0001,1100,1100,-2.9700160026550293,-2.595024585723877,-0.37499141693115234,0.05131257153688658,0,0
175,3,t023,0001,1010,1010,-3.1028199195861816,-2.5344936847686768,-0.5683262348175049,0.044932012336931205,0,0
175,4,x1,0101,1100,1100,-2.841209888458252,-2.591200828552246,-0.25000905990600586,0.058369773572514265,0,0
175,5,t320,0101,1000,1000,-2.9701621532440186,-2.534562826156616,-0.43559932708740234,0.051310597164127905,0,0
175,6,x2,0111,1010,1010,-2.97408390045166,-2.474032402038574,-0.5000514984130859,0.0511101789509508,0,0
175,7,c21,0011,1010,1010,-2.8490238189697266,-2.562392473220825,-0.28663134574890137,0.05791722313474935,0,0
175,8,t231,0111,1000,1000,-2.9741642475128174,-2.5057952404022217,-0.4683690071105957,0.05110871376725417,0,0
176,1,s02,1010,0000,0000,-2.7167844772338867,-2.591721534729004,-0.1250629425048828,0.06614394599433567,0,0
176,2,x3,1011,1000,1000,-2.7767443656921387,-2.6517434120178223,-0.1250009536743164,0.062257612354148256,0,0
176,3,s12,1101,1100,1100,-2.689399242401123,-2.501899242401123,-0.1875,0.06794314692507321,0,0
176,4,c31,1001,1000,1000,-2.6895203590393066,-2.5020203590393066,-0.1875,0.06794289243629005,0,0
176,5,c32,1011,1110,1110,-2.780669689178467,-2.5912415981292725,-0.18942809104919434,0.06201495326222355,0,0
176,6,x3,1010,1000,1000,-2.716188907623291,-2.562377691268921,-0.15381121635437012,0.06614401191500982,0,0
176,7,t120,1010,0001,0001,-2.8690967559814453,-2.6518170833587646,-0.21727967262268066,0.056769042129299375,0,0
176,8,t023,1011,1100,1100,-2.746129274368286,-2.6518774032592773,-0.09425187110900879,0.06420009632606519,0,0
177,1,c23,0010,1000,1000,-2.837594985961914,-2.534839153289795,-0.30275583267211914,0.058600540677295664,0,0
177,2,t123,0010,1100,1100,-3.167276382446289,-2.5950608253479004,-0.5722155570983887,0.04212738764725339,0,0
177,3,x0,1010,1100,1100,-2.655587673187256,-2.595050811767578,-0.060536861419677734,0.07027227397727734,0,0
177,4,t213,1010,0101,0101,-2.901738405227661,-2.591195821762085,-0.31054258346557617,0.05494127913408311,0,0
177,5,x1,1110,0101,0101,-2.776829719543457,-2.5913000106811523,-0.1855297088623047,0.062256193940619424,0,0
177,6,s12,1110,0000,0000,-2.933588743209839,-2.6518054008483887,-0.2817833423614502,0.053223903637397554,0,0
177,7,s32,1101,0001,0001,-2.716296672821045,-2.621058940887451,-0.09523773193359375,0.06614205901875653,0,0
177,8,t130,0101,0100,0100,-2.744150161743164,-2.681650161743164,-0.0625,0.06432746269241663,0,0
178,1,t123,1001,1000,1000,-2.6604440212249756,-2.5354440212249756,-0.125,0.06999896195791475,0,0
178,2,t103,1001,1110,1110,-2.974085807800293,-2.5913329124450684,-0.3827528953552246,0.05111323549984277,0,0
178,3,s01,0101,1010,1010,-2.748042345046997,-2.621063709259033,-0.12697863578796387,0.06407492033095416,0,0
178,4,s23,0110,1000,1000,-2.8770089149475098,-2.564474105834961,-0.31253480911254883,0.05632633333944963,0,0
178,5,c03,0110,1000,1000,-3.0992660522460938,-2.503965139389038,-0.5953009128570557,0.04510395877917653,0,0
178,6,t103,0110,1000,1000,-3.0991175174713135,-2.5345826148986816,-0.5645349025726318,0.04510418665840137,0,0
178,7,s01,1010,1001,1001,-2.5951266288757324,-2.5643527507781982,-0.03077387809753418,0.07465978526051308,0,0
178,8,t310,1010,1000,1000,-2.776918888092041,-2.6519205570220947,-0.12499833106994629,0.06225970316819613,0,0
179,1,x1,0100,0000,0000,-2.716700553894043,-2.5915791988372803,-0.1251213550567627,0.06613994621964149,0,0
179,2,c13,0101,1000,1000,-2.7806577682495117,-2.6517257690429688,-0.12893199920654297,0.062013253047956685,0,0
179,3,s03,1100,1010,1010,-2.65956711769104,-2.534557819366455,-0.12500929832458496,0.06999828773160116,0,0
179,4,x1,1000,1001,1001,-2.683502435684204,-2.621002435684204,-0.0625,0.06834229516761996,0,0
179,5,t321,1000,1010,1010,-2.808590888977051,-2.651848793029785,-0.15674209594726562,0.06031142141515901,0,0
179,6,x2,1010,1101,1101,-2.6835217475891113,-2.595133066177368,-0.08838868141174316,0.06834258240805897,0,0
179,7,c30,1010,1011,1011,-2.71626615524292,-2.59126615524292,-0.125,0.06614349054589923,0,0
179,8,t120,1010,1101,1101,-2.935469627380371,-2.62298583984375,-0.3124837875366211,0.05312180166799436,0,0
180,1,s13,0011,1000,1000,-2.841526508331299,-2.534850597381592,-0.30667591094970703,0.05837140561917493,0,0
180,2,t023,0011,1000,1000,-3.0990042686462402,-2.538416862487793,-0.5605874061584473,0.045105952558779375,0,0
180,3,x3,0010,1000,1000,-2.974010467529297,-2.538447141647339,-0.435563325881958,0.051112687592607564,0,0
180,4,s03,0010,1100,1100,-3.2356696128845215,-2.5345396995544434,-0.7011299133300781,0.03934364041944882,0,0
180,5,t302,0010,1000,1000,-3.167300224304199,-2.473950147628784,-0.693350076675415,0.04212684772939382,0,0
180,6,c20,1010,1000,1000,-2.6595473289489746,-2.5345306396484375,-0.1250166893005371,0.06999976889422709,0,0
180,7,c23,1011,0101,0101,-2.8373563289642334,-2.621121883392334,-0.21623444557189941,0.05860140279516167,0,0
180,8,t213,1011,1000,1000,-2.876838207244873,-2.505722999572754,-0.37111520767211914,0.05632803157286661,0,0
181,1,t201,0111,1000,1000,-2.9665544033050537,-2.478158712387085,-0.48839569091796875,0.05150929739124978,0,0
181,2,t102,0111,1000,1000,-3.0663113594055176,-2.5345308780670166,-0.531780481338501,0.04660499820491131,0,0
181,3,x3,0110,1000,1000,-3.003849506378174,-2.474032402038574,-0.5298171043395996,0.049611441293060596,0,0
181,4,s21,0110,1000,1000,-3.066371440887451,-2.4471733570098877,-0.6191980838775635,0.0466052278935997,0,0
181,5,c03,0110,1000,1000,-3.0991156101226807,-2.477937698364258,-0.6211779117584229,0.04510444792748744,0,0
181,6,t102,0110,1001,1001,-3.0306317806243896,-2.5037450790405273,-0.5268867015838623,0.04829629519545539,0,0
181,7,c31,0110,1010,1010,-2.8769595623016357,-2.507721185684204,-0.36923837661743164,0.0563249652210065,0,0
181,8,x2,0100,1000,1000,-2.7845988273620605,-2.503782272338867,-0.28081655502319336,0.06177175066419759,0,0
182,1,t320,0011,1000,1000,-2.936288833618164,-2.535315990447998,-0.400972843170166,0.053120379367054146,0,0
182,2,x2,0001,1100,1100,-2.9413280487060547,-2.5346198081970215,-0.4067082405090332,0.052813091360511086,0,0
182,3,t032,0001,1010,1010,-2.966231346130371,-2.5306921005249023,-0.43553924560546875,0.051512280244553454,0,0
182,4,s30,1000,1000,1100,-2.5662689208984375,-2.5950965881347656,0.028827667236328125,0.07684243703920533,1,0
182,5,x3,1001,1010,1010,-2.7460384368896484,-2.621044635772705,-0.12499380111694336,0.06420227079779799,0,0
182,6,s03,1001,1010,1010,-2.9355244636535645,-2.6518406867980957,-0.28368377685546875,0.05312221419021433,0,0
182,7,s30,1001,1110,1110,-2.9335622787475586,-2.6518139839172363,-0.28174829483032227,0.05322520054120826,0,0
182,8,s01,0101,1100,1100,-2.874966621398926,-2.591264247894287,-0.28370237350463867,0.05643613779923275,0,0
183,1,s31,0101,1000,1000,-2.841618537902832,-2.534914970397949,-0.3067035675048828,0.058369998980542466,0,0
183,2,t032,0101,1000,1000,-3.034541130065918,-2.6556220054626465,-0.3789191246032715,0.048108937041530984,0,0
183,3,x1,0001,1000,1000,-2.8768234252929688,-2.5345258712768555,-0.3422975540161133,0.05632773176582379,0,0
183,4,s02,0001,1010,1010,-2.970101833343506,-2.503779888153076,-0.4663219451904297,0.05131174594068137,0,0
183,5,s02,0001,1010,1010,-2.997925281524658,-2.6209826469421387,-0.37694263458251953,0.04990320281094465,0,0
183,6,s30,1000,1000,1010,-2.595066547393799,-2.5950756072998047,9.059906005859375e-06,0.0746598687592626,1,0
183,7,s20,0010,1101,1101,-2.8729493618011475,-2.6229448318481445,-0.25000452995300293,0.05654705372987233,0,0
183,8,x2,0000,1001,1001,-2.94140625,-2.6210522651672363,-0.32035398483276367,0.052810614386578046,0,0
184,1,s01,0110,0000,0000,-2.902322292327881,-2.534947395324707,-0.36737489700317383,0.05493624697665019,0,0
184,2,t231,0110,1000,1000,-2.9701285362243652,-2.534545421600342,-0.43558311462402344,0.051311143570469155,0,0
184,3,s32,0101,1000,1000,-2.822195529937744,-2.5345871448516846,-0.28760838508605957,0.0594939112108223,0,0
184,4,x0,1101,1000,1000,-2.8202056884765625,-2.477895975112915,-0.34230971336364746,0.05961088941842161,0,0
184,5,s13,1101,1000,1000,-2.9375057220458984,-2.5346550941467285,-0.4028506278991699,0.053017846720282556,0,0
184,6,s23,1110,1000,1000,-2.727965831756592,-2.477952718734741,-0.2500131130218506,0.06537363507863268,0,0
184,7,c03,1111,1000,1000,-2.780799627304077,-2.5346503257751465,-0.24614930152893066,0.062012938904549134,0,0
184,8,t132,1101,1000,1000,-2.9433493614196777,-2.4491376876831055,-0.49421167373657227,0.05270715005091913,0,0
185,1,s12,0000,1000,1000,-2.591601610183716,-2.478337287902832,-0.11326432228088379,0.07495651531764595,0,0
185,2,x2,0010,1010,1010,-2.841102361679077,-2.5911195278167725,-0.2499828338623047,0.05837146748758949,0,0
185,3,x3,0011,1000,1000,-3.042356252670288,-2.5345444679260254,-0.5078117847442627,0.04773594911192826,0,0
185,4,c23,0010,1000,1000,-3.0424156188964844,-2.449087619781494,-0.5933279991149902,0.04773428159877413,0,0
185,5,s21,0100,1100,1100,-2.7279481887817383,-2.4740166664123535,-0.25393152236938477,0.06537179045101514,0,0
185,6,s31,0001,1001,1001,-2.7846555709838867,-2.564356803894043,-0.22029876708984375,0.06177064500840364,0,0
185,7,x2,0011,1100,1100,-2.901761054992676,-2.6229307651519775,-0.27883028984069824,0.05494054899332671,0,0
185,8,t120,0011,1000,1000,-3.1030185222625732,-2.445228099822998,-0.6577904224395752,0.04492866522937417,0,0
186,1,x2,0101,1000,1000,-2.7445085048675537,-2.5061163902282715,-0.23839211463928223,0.06432465060373328,0,0
186,2,c03,0101,1000,1000,-2.9017715454101562,-2.5912041664123535,-0.31056737899780273,0.05494108198768007,0,0
186,3,t130,1101,1010,1010,-2.720137596130371,-2.503821849822998,-0.21631574630737305,0.06588614622029781,0,0
186,4,s10,1101,1010,1010,-2.9057233333587646,-2.5605099201202393,-0.3452134132385254,0.054727603028245426,0,0
186,5,c32,1111,1000,1000,-2.746086359024048,-2.6210601329803467,-0.12502622604370117,0.0642003108801021,0,0
186,6,c01,1011,0000,0000,-2.80857515335083,-2.53460693359375,-0.2739682197570801,0.06031179048838813,0,0
186,7,c13,1011,1000,1000,-2.841355085372925,-2.5346946716308594,-0.30666041374206543,0.05837171968189466,0,0
186,8,x0,0011,1000,1000,-3.0336010456085205,-2.56238055229187,-0.4712204933166504,0.04815502207102589,0,0
187,1,x1,0111,1000,1000,-2.966702461242676,-2.506098747253418,-0.4606037139892578,0.051508122612862854,0,0
187,2,c32,0101,1000,1000,-2.8769006729125977,-2.4452061653137207,-0.43169450759887695,0.0563266185469379,0,0
187,3,t310,1101,1000,1000,-2.7845911979675293,-2.5038230419158936,-0.28076815605163574,0.06177370080411151,0,0
187,4,t230,1101,1000,1000,-2.8769068717956543,-2.5346155166625977,-0.34229135513305664,0.05632759786831208,0,0
187,5,c10,0101,1000,1000,-2.9662585258483887,-2.5345747470855713,-0.4316837787628174,0.05151128286203733,0,0
187,6,c02,0101,1011,1011,-3.03458833694458,-2.5038037300109863,-0.5307846069335938,0.04810840919330163,0,0
187,7,s23,0110,1010,1010,-3.050110340118408,-2.450958251953125,-0.5991520881652832,0.04736624107465047,0,0
187,8,x0,1110,1000,1000,-2.7518563270568848,-2.473996162414551,-0.277860164642334,0.0638278420240109,0,0
188,1,c32,1000,0000,0000,-2.652428150177002,-2.6215834617614746,-0.030844688415527344,0.07054833492180727,0,0
188,2,t103,1000,1111,1111,-2.905667781829834,-2.591236114501953,-0.31443166732788086,0.05472775375272607,0,0
188,3,t210,1000,1111,1111,-2.905734062194824,-2.5307626724243164,-0.3749713897705078,0.05472829309594109,0,0
188,4,s30,0001,1111,1111,-2.8412632942199707,-2.591278314590454,-0.2499849796295166,0.05837125718526797,0,0
188,5,t013,0001,1111,1111,-3.0662918090820312,-2.5643458366394043,-0.501945972442627,0.04660628246853225,0,0
188,6,c02,0001,1010,1010,-3.099073886871338,-2.5951383113861084,-0.5039355754852295,0.04510521627505093,0,0
188,7,s21,0001,1010,1010,-2.966214179992676,-2.6517724990844727,-0.3144416809082031,0.05151236525497582,0,0
188,8,t210,0001,1010,1010,-2.966317653656006,-2.5912318229675293,-0.37508583068847656,0.051508755219827035,0,0
189,1,c20,1101,0000,0000,-2.8416833877563477,-2.591597318649292,-0.25008606910705566,0.05836989240403168,0,0
189,2,s20,0111,0000,0000,-2.9335224628448486,-2.651745557785034,-0.28177690505981445,0.05322318872984052,0,0
189,3,t210,1111,1000,1000,-2.751939058303833,-2.477970838546753,-0.2739682197570801,0.06382748527134478,0,0
189,4,x1,1011,1000,1000,-2.8163633346557617,-2.474059581756592,-0.3423037528991699,0.059843845195222865,0,0
189,5,t013,1011,0100,0100,-2.9019172191619873,-2.595283269882202,-0.30663394927978516,0.05494188740268659,0,0
189,6,t031,1111,1000,1000,-2.808624744415283,-2.5913166999816895,-0.21730804443359375,0.060311282606882864,0,0
189,7,c21,1011,1000,1000,-2.691361427307129,-2.445253372192383,-0.2461080551147461,0.06781200810664495,0,0
189,8,x0,0011,1000,1000,-3.0644259452819824,-2.5019006729125977,-0.5625252723693848,0.04669672897323893,0,0
190,1,x2,0001,1000,1000,-2.7772722244262695,-2.5917577743530273,-0.1855144500732422,0.06226153815495069,0,0
190,2,t013,0001,1010,1010,-2.9055728912353516,-2.5950446128845215,-0.3105282783508301,0.05472899158168006,0,0
190,3,t120,0001,1000,1000,-3.1711220741271973,-2.542217254638672,-0.6289048194885254,0.04196538824858398,0,0
190,4,t213,0001,1000,1000,-3.1672470569610596,-2.595015048980713,-0.5722320079803467,0.042127236084461575,0,0
190,5,t321,0001,1100,1100,-3.1672377586364746,-2.5950145721435547,-0.5722231864929199,0.042127219261160795,0,0
190,6,s31,0100,1100,1100,-2.7239601612091064,-2.534492015838623,-0.1894681453704834,0.06562844374985344,0,0
190,7,s30,0100,1011,1011,-3.1673812866210938,-2.503779649734497,-0.6636016368865967,0.04212570417291156,0,0
190,8,x1,0000,1000,1000,-2.8143205642700195,-2.564286231994629,-0.2500343322753906,0.059960116672718264,0,0
191,1,t320,0100,1000,1000,-2.7771997451782227,-2.5349206924438477,-0.242279052734375,0.0622553148513108,0,0
191,2,c23,0100,1111,1111,-3.175016164779663,-2.4816927909851074,-0.6933233737945557,0.04180237176725442,0,0
191,3,x0,1100,1001,1001,-2.72005295753479,-2.5037410259246826,-0.21631193161010742,0.06588622642394767,0,0
191,4,x0,0100,0001,0001,-2.9663546085357666,-2.650925874710083,-0.3154287338256836,0.051510811280018526,0,0
191,5,c01,0100,1001,1001,-3.1029367446899414,-2.5643470287323,-0.5385897159576416,0.04493039341262229,0,0
191,6,s23,0100,1001,1001,-3.167304515838623,-2.5345041751861572,-0.6328003406524658,0.04212657278431071,0,0
191,7,c23,0100,1010,1010,-2.977804660797119,-2.5344574451446533,-0.4433472156524658,0.05091362732367234,0,0
191,8,c13,0101,1001,1001,-2.945134401321411,-2.5642690658569336,-0.38086533546447754,0.052605982115339574,0,0
192,1,t123,1101,1000,1000,-2.9101929664611816,-2.478503704071045,-0.4316892623901367,0.05451526901771069,0,0
192,2,c03,1100,1000,1000,-2.776780128479004,-2.5912322998046875,-0.1855478286743164,0.0622573526137321,0,0
192,3,s20,0110,1011,1011,-2.8373913764953613,-2.6210575103759766,-0.21633386611938477,0.05859777854201114,0,0
192,4,c31,0110,1001,1001,-3.099114179611206,-2.447209358215332,-0.651904821395874,0.04510539375135781,0,0
192,5,x1,0010,1001,1001,-2.9183437824249268,-2.503791332244873,-0.4145524501800537,0.054038406316562954,0,0
192,6,t312,0010,1000,1000,-3.0385169982910156,-2.5038509368896484,-0.5346660614013672,0.04792237502858873,0,0
192,7,t123,0010,1001,1001,-3.269376277923584,-2.503770112991333,-0.765606164932251,0.03804017468581279,0,0
192,8,t123,0010,1100,1100,-2.937511682510376,-2.538511037826538,-0.3990006446838379,0.05301615684373607,0,0
193,1,s23,0010,1000,1000,-2.841846227645874,-2.5312535762786865,-0.3105926513671875,0.05837158244195369,0,0
193,2,c01,0010,1000,1000,-3.0989792346954346,-2.534515857696533,-0.5644633769989014,0.045106472155575845,0,0
193,3,t130,0010,1100,1100,-3.0989999771118164,-2.5345659255981445,-0.5644340515136719,0.04510696420192272,0,0
193,4,t230,0010,1100,1100,-3.30399489402771,-2.5345451831817627,-0.7694497108459473,0.03674537763157152,0,0
193,5,t031,0010,1000,1000,-3.098944664001465,-2.6517136096954346,-0.4472310543060303,0.04510706112763672,0,0
193,6,t032,0010,1000,1000,-3.099005699157715,-2.5037801265716553,-0.5952255725860596,0.045106455577262894,0,0
193,7,s21,0100,1000,1000,-2.9095420837402344,-2.5344948768615723,-0.3750472068786621,0.05451343680426997,0,0
193,8,c12,0110,1011,1011,-3.0682878494262695,-2.5345633029937744,-0.5337245464324951,0.04651469775255457,0,0
194,1,t231,1001,1000,1000,-2.7172608375549316,-2.5922608375549316,-0.125,0.0661456443169234,0,0
194,2,c31,1101,1100,1100,-2.7162160873413086,-2.5912160873413086,-0.125,0.06614255841982931,0,0
194,3,t302,1111,1000,1000,-2.716352939605713,-2.6211347579956055,-0.09521818161010742,0.06614150092957415,0,0
194,4,t013,1110,0000,0000,-2.871234893798828,-2.5913569927215576,-0.2798779010772705,0.056654745233833216,0,0
194,5,t032,1110,1001,1001,-3.0078721046447754,-2.5605974197387695,-0.44727468490600586,0.049417607199450486,0,0
194,6,s12,1110,1010,1010,-2.849156379699707,-2.5644607543945312,-0.2846956253051758,0.05791532341230844,0,0
194,7,s31,1011,1001,1001,-2.651853084564209,-2.6210851669311523,-0.03076791763305664,0.07054648360737345,0,0
194,8,t032,1001,1000,1000,-2.7163543701171875,-2.5913543701171875,-0.125,0.06614231823212337,0,0
195,1,c01,1000,1000,0000,-2.534902334213257,-2.591562032699585,0.056659698486328125,0.07932352467509621,1,0
195,2,c20,1000,1101,1101,-2.966186046600342,-2.6517484188079834,-0.3144376277923584,0.05151317690961358,0,0
195,3,t230,1000,1111,1111,-2.9056572914123535,-2.591219425201416,-0.3144378662109375,0.054727921823067974,0,0
195,4,c02,1010,1111,1111,-2.7766952514648438,-2.6209492683410645,-0.1557459831237793,0.06225790940017517,0,0
195,5,s10,0110,1001,1001,-2.841295003890991,-2.62103271484375,-0.2202622890472412,0.05836873594435803,0,0
195,6,x2,0100,1101,1101,-2.877013683319092,-2.5942792892456055,-0.28273439407348633,0.05632592379379836,0,0
195,7,x0,1100,1001,1001,-2.8163962364196777,-2.5644280910491943,-0.2519681453704834,0.0598434252799518,0,0
195,8,x2,1110,1001,1001,-2.8414597511291504,-2.5914361476898193,-0.25002360343933105,0.05836965806085712,0,0
196,1,s30,0010,1000,1000,-2.7772674560546875,-2.591715097427368,-0.18555235862731934,0.06225801274275618,0,0
196,2,t321,0010,1100,1100,-3.09895658493042,-2.4739723205566406,-0.6249842643737793,0.04510668963783043,0,0
196,3,s23,0001,1000,1000,-2.864459991455078,-2.4816689491271973,-0.38279104232788086,0.05702608469457965,0,0
196,4,t301,0001,1100,1100,-3.099013328552246,-2.595080614089966,-0.5039327144622803,0.04510510053510336,0,0
196,5,s03,1000,1000,1100,-2.5662689208984375,-2.595086097717285,0.028817176818847656,0.07684244663490497,1,0
196,6,c01,1100,1011,1011,-2.744081497192383,-2.6210227012634277,-0.12305879592895508,0.06432741326431221,0,0
196,7,x2,1110,1010,1010,-2.9097282886505127,-2.5347158908843994,-0.3750123977661133,0.05451434981556184,0,0
196,8,x2,1100,1000,1000,-2.748295783996582,-2.5915462970733643,-0.15674948692321777,0.06407678679513348,0,0
197,1,s13,0101,0000,0000,-2.8415961265563965,-2.534853935241699,-0.30674219131469727,0.058370372320566535,0,0
197,2,t120,0101,1000,1000,-2.901738166809082,-2.6517186164855957,-0.25001955032348633,0.054941032713362786,0,0
197,3,c01,0101,1000,1000,-3.030625104904175,-2.5911622047424316,-0.43946290016174316,0.048296697371215794,0,0
197,4,t103,0101,1000,1000,-3.034541130065918,-2.564311981201172,-0.4702291488647461,0.04810915844509286,0,0
197,5,t123,0101,1000,1000,-3.1028809547424316,-2.5076420307159424,-0.5952389240264893,0.04493093925292104,0,0
197,6,t120,0101,1010,1010,-3.1028480529785156,-2.4778361320495605,-0.6250119209289551,0.04493097896955067,0,0
197,7,s02,0101,1000,1000,-3.06624698638916,-2.5642693042755127,-0.5019776821136475,0.046605844041218474,0,0
197,8,c32,0111,1000,1000,-2.9056806564331055,-2.5076518058776855,-0.3980288505554199,0.05472611777818861,0,0
198,1,c10,1111,0000,0000,-3.0992507934570312,-2.5020060539245605,-0.5972447395324707,0.04510470334195978,0,0
198,2,t230,0111,1000,1000,-2.8374319076538086,-2.534632682800293,-0.3027992248535156,0.05859733580341159,0,0
198,3,c21,0011,1000,1000,-2.841278314590454,-2.530694007873535,-0.31058430671691895,0.05836960158285849,0,0
198,4,c21,0111,1000,1000,-2.852977752685547,-2.5643956661224365,-0.28858208656311035,0.05769165798920082,0,0
198,5,s10,1011,1000,1000,-2.6913492679595947,-2.4452412128448486,-0.2461080551147461,0.06781307052284895,0,0
198,6,x2,1001,1000,1000,-2.779825210571289,-2.592325210571289,-0.1875,0.06207610579119372,0,0
198,7,x1,1101,1010,1010,-2.7441861629486084,-2.6230645179748535,-0.12112164497375488,0.06432722542313361,0,0
198,8,x1,1001,1010,1010,-2.8087544441223145,-2.651048183441162,-0.15770626068115234,0.06031212414440944,0,0
199,1,t301,0110,0000,0000,-2.784897565841675,-2.5914573669433594,-0.19344019889831543,0.06177068705827401,0,0
199,2,x3,0111,1000,1000,-2.870997905731201,-2.560436248779297,-0.3105616569519043,0.05665719181734017,0,0
199,3,c02,0111,1000,1000,-3.0663418769836426,-2.474017381668091,-0.5923244953155518,0.046605472286374246,0,0
199,4,c21,0011,1000,1000,-3.074061393737793,-2.3645334243774414,-0.7095279693603516,0.046246637995324774,0,0
199,5,x2,0001,1000,1000,-2.8412725925445557,-2.5307178497314453,-0.31055474281311035,0.05837137878958728,0,0
199,6,c21,0001,1010,1010,-3.0345635414123535,-2.6209757328033447,-0.4135878086090088,0.04810868341624126,0,0
199,7,s03,1000,1100,1100,-2.5951194763183594,-2.5643839836120605,-0.030735492706298828,0.07466050998906473,0,0
199,8,x1,1100,1101,1101,-2.7768354415893555,-2.6518354415893555,-0.125,0.0622574258847546,0,0
200,1,x2,0111,1000,1000,-2.9669675827026367,-2.652405261993408,-0.3145623207092285,0.05150878857262491,0,0
200,2,x2,0101,1000,1000,-2.9393997192382812,-2.5912222862243652,-0.348177433013916,0.05291312423490164,0,0
200,3,x3,0100,1000,1000,-2.8164284229278564,-2.595193386077881,-0.22123503684997559,0.05984271795361077,0,0
200,4,s30,0100,1010,1010,-2.9780354499816895,-2.564425468444824,-0.41360998153686523,0.05091200588129403,0,0
200,5,c32,0100,1000,1000,-3.1366238594055176,-2.538456439971924,-0.5981674194335938,0.04344228122581106,0,0
200,6,c01,0100,1001,1001,-3.102902412414551,-2.477879047393799,-0.625023365020752,0.044930648279461326,0,0
200,7,x2,0110,1000,1000,-2.9661965370178223,-2.6517229080200195,-0.31447362899780273,0.05151145298280474,0,0
200,8,x3,0111,1001,1001,-2.7163710594177246,-2.560534715652466,-0.1558363437652588,0.066140195615784,0,0
201,1,x2,0101,0000,0000,-2.777268409729004,-2.6233556270599365,-0.15391278266906738,0.062254105111413965,0,0
201,2,x0,1101,1000,1000,-2.776702880859375,-2.591142416000366,-0.1855604648590088,0.06225696467199668,0,0
201,3,x2,1111,1000,1000,-2.77687406539917,-2.562500476837158,-0.21437358856201172,0.06225627700669069,0,0
201,4,x2,1101,0000,0000,-2.838590145111084,-2.591470718383789,-0.24711942672729492,0.0585404123982352,0,0
201,5,c32,1111,1010,1010,-2.9029529094696045,-2.594320058822632,-0.30863285064697266,0.05488608393687016,0,0
201,6,t230,0111,1000,1000,-3.0308728218078613,-2.5308330059051514,-0.50003981590271,0.048295678858933364,0,0
201,7,s20,1101,1000,1000,-2.7807540893554688,-2.501904249191284,-0.27884984016418457,0.062014636320134944,0,0
201,8,s20,0111,1010,1010,-2.869149684906006,-2.651829242706299,-0.21732044219970703,0.056766843136037026,0,0
202,1,t301,1011,1000,1000,-2.8532700538635254,-2.4215798377990723,-0.4316902160644531,0.05769223643250095,0,0
202,2,x3,1010,1000,1000,-2.7162227630615234,-2.5912160873413086,-0.12500667572021484,0.0661431851279971,0,0
202,3,s10,0110,0000,0000,-2.836428165435791,-2.712350368499756,-0.12407779693603516,0.05865390738379081,0,0
202,4,x3,0111,1101,1101,-2.9414100646972656,-2.594207763671875,-0.3472023010253906,0.052810038456994064,0,0
202,5,c03,0111,1000,1000,-3.06644606590271,-2.474092960357666,-0.592353105545044,0.04660447776655202,0,0
202,6,t312,0101,1000,1000,-2.9569592475891113,-2.4212515354156494,-0.5357077121734619,0.0519956642066552,0,0
202,7,s02,0101,1000,1000,-3.0384836196899414,-2.5643489360809326,-0.4741346836090088,0.047921638577982845,0,0
202,8,c31,0001,1000,1000,-2.941366195678711,-2.5643723011016846,-0.37699389457702637,0.05281199674186469,0,0
203,1,x0,1000,1000,0000,-2.5915651321411133,-2.6233580112457275,0.03179287910461426,0.07495762124140819,1,0
203,2,s20,0010,1000,1000,-2.7767691612243652,-2.7122867107391357,-0.06448245048522949,0.06225611935207284,0,0
203,3,x2,0000,1100,1100,-3.0760202407836914,-2.481796979904175,-0.5942232608795166,0.046157723430824034,0,0
203,4,x1,0100,1111,1111,-2.9095451831817627,-2.595088243484497,-0.3144569396972656,0.05451387686395477,0,0
203,5,t023,0100,1000,1000,-3.0683603286743164,-2.595172166824341,-0.4731881618499756,0.04651438564129746,0,0
203,6,x0,1100,1011,1011,-2.7845304012298584,-2.534518241882324,-0.2500121593475342,0.061774463318796984,0,0
203,7,s31,1001,1011,1011,-2.6288347244262695,-2.5038340091705322,-0.1250007152557373,0.07218657017427263,0,0
203,8,x3,1000,1010,1010,-2.6874606609344482,-2.591273546218872,-0.09618711471557617,0.06807731458446149,0,0
204,1,x2,0010,0000,0000,-2.746664524078369,-2.5917558670043945,-0.1549086570739746,0.06420156712679745,0,0
204,2,t320,0010,1000,1000,-3.1067636013031006,-2.542302370071411,-0.5644612312316895,0.04475903082675352,0,0
204,3,x0,1010,1100,1100,-2.7201101779937744,-2.534581184387207,-0.18552899360656738,0.06588706550872889,0,0
204,4,x2,1000,1000,1001,-2.6518571376800537,-2.6518571376800537,0.0,0.07054640929847689,0,1
204,5,t301,1000,1010,1010,-2.8085711002349854,-2.6518337726593018,-0.1567373275756836,0.060312431578293337,0,0
204,6,c32,1000,0101,0101,-2.8373332023620605,-2.68159556388855,-0.15573763847351074,0.05859989863119331,0,0
204,7,c03,1001,1011,1011,-2.687472105026245,-2.5912790298461914,-0.09619307518005371,0.06807527770956637,0,0
204,8,s02,0011,0100,0100,-2.870985984802246,-2.6517677307128906,-0.21921825408935547,0.05665782196962019,0,0
205,1,t023,0100,0000,0000,-2.7167468070983887,-2.5916354656219482,-0.12511134147644043,0.06614004498436565,0,0
205,2,t012,0100,1111,1111,-3.0344977378845215,-2.534508466720581,-0.49998927116394043,0.04810920271265154,0,0
205,3,c03,0100,1001,1001,-3.034529447555542,-2.564311981201172,-0.4702174663543701,0.04810927301409893,0,0
205,4,t021,0100,1011,1011,-3.303978443145752,-2.473947286605835,-0.830031156539917,0.03674478385749388,0,0
205,5,c20,0100,1011,1011,-3.279046058654785,-2.4509623050689697,-0.8280837535858154,0.037674193034444727,0,0
205,6,s01,1000,1011,1011,-2.6345701217651367,-2.447075843811035,-0.18749427795410156,0.07176541462804732,0,0
205,7,t320,1000,0101,0101,-2.869105339050293,-2.5683090686798096,-0.3007962703704834,0.0567695269026525,0,0
205,8,t132,1000,1111,1111,-2.974052906036377,-2.53071928024292,-0.44333362579345703,0.05111262771161566,0,0
206,1,t102,0000,1000,1000,-2.5349786281585693,-2.4784231185913086,-0.05655550956726074,0.07932889226406453,0,0
206,2,s01,0000,1111,1111,-3.102755069732666,-2.534468173980713,-0.5682868957519531,0.04493247375548203,0,0
206,3,t210,0000,1111,1111,-3.3760905265808105,-2.5950119495391846,-0.781078577041626,0.03418660002387846,0,0
206,4,t103,0000,1100,1100,-3.3760900497436523,-2.595001697540283,-0.7810883522033691,0.03418645814234941,0,0
206,5,t203,0000,1001,1001,-3.376099109649658,-2.5949971675872803,-0.7811019420623779,0.03418644954064968,0,0
206,6,t321,0000,1111,1111,-3.0344765186309814,-2.624814510345459,-0.40966200828552246,0.04810901525972816,0,0
206,7,x2,0010,0010,1010,-2.651719570159912,-2.6517367362976074,1.71661376953125e-05,0.07054645493648903,1,0
206,8,x0,1010,1000,1000,-2.6596152782440186,-2.5345969200134277,-0.12501835823059082,0.07000020634914025,0,0
207,1,x0,1101,1000,1000,-2.9100067615509033,-2.5349783897399902,-0.3750283718109131,0.054516944382002656,0,0
207,2,x3,1100,1000,1000,-2.7162365913391113,-2.5624208450317383,-0.15381574630737305,0.06614365842080866,0,0
207,3,s32,1100,1001,1001,-2.875007390975952,-2.6211183071136475,-0.2538890838623047,0.05643781089800188,0,0
207,4,c30,1100,1011,1011,-2.9096198081970215,-2.6210765838623047,-0.2885432243347168,0.05451529507134401,0,0
207,5,s10,1100,1001,1001,-2.945197582244873,-2.562427043914795,-0.3827705383300781,0.052608027068851246,0,0
207,6,s03,0101,1001,1001,-2.852962017059326,-2.5345876216888428,-0.3183743953704834,0.05769153082714791,0,0
207,7,s30,1100,1110,1110,-2.7845664024353027,-2.5951218605041504,-0.18944454193115234,0.0617737044038297,0,0
207,8,x0,0100,1011,1011,-2.909581184387207,-2.564329147338867,-0.34525203704833984,0.05451316717551184,0,0
208,1,s23,0000,0000,1000,-2.591686725616455,-2.6522951126098633,0.0606083869934082,0.07495719446153071,1,0
208,2,t213,0000,1010,1010,-3.1672275066375732,-2.5950069427490234,-0.5722205638885498,0.042127437232616465,0,0
208,3,t203,0000,1001,1001,-3.3761000633239746,-2.594998836517334,-0.7811012268066406,0.03418647118996979,0,0
208,4,t312,0000,1010,1010,-3.448319911956787,-2.542212963104248,-0.9061069488525391,0.03180529079113192,0,0
208,5,s21,0000,1010,1010,-3.0344724655151367,-2.5950326919555664,-0.4394397735595703,0.04810990440735622,0,0
208,6,c20,0000,1010,1010,-3.243414878845215,-2.4509339332580566,-0.7924809455871582,0.039039734199185556,0,0
208,7,x2,0010,1100,1100,-2.9393162727355957,-2.5345373153686523,-0.40477895736694336,0.05291538742576738,0,0
208,8,s30,0010,1000,1000,-2.9701852798461914,-2.534590005874634,-0.4355952739715576,0.051311195390606336,0,0
209,1,c20,1111,1000,1000,-3.0348472595214844,-2.534740447998047,-0.5001068115234375,0.04810658204401767,0,0
209,2,s01,1111,1000,1000,-2.970082998275757,-2.534529209136963,-0.43555378913879395,0.051312408404260906,0,0
209,3,s20,1111,1000,1000,-2.8412652015686035,-2.5307199954986572,-0.3105452060699463,0.05837184853406406,0,0
209,4,x1,1011,1000,1000,-2.7479851245880127,-2.530689239501953,-0.21729588508605957,0.06407648596734523,0,0
209,5,c10,1011,1000,1000,-2.849067211151123,-2.417407989501953,-0.4316592216491699,0.05791842159839466,0,0
209,6,c10,1011,1100,1100,-2.841254711151123,-2.5903124809265137,-0.2509422302246094,0.05837180401514951,0,0
209,7,t310,1011,1000,1000,-2.7163567543029785,-2.5625336170196533,-0.1538231372833252,0.06614204324421823,0,0
209,8,s12,1101,1000,1000,-2.6835110187530518,-2.5057456493377686,-0.1777653694152832,0.0683423195763996,0,0
210,1,t230,1011,1000,1000,-2.7246928215026855,-2.5351972579956055,-0.18949556350708008,0.06562822806721931,0,0
210,2,s30,1011,1100,1100,-2.8729376792907715,-2.562411308288574,-0.31052637100219727,0.056548579730881086,0,0
210,3,t032,1001,1100,1100,-2.8143839836120605,-2.5605006217956543,-0.25388336181640625,0.05996046128588187,0,0
210,4,x3,1000,1000,1100,-2.62296199798584,-2.6229982376098633,3.62396240234375e-05,0.0726100191355164,1,0
210,5,s20,0010,1011,1011,-2.9701156616210938,-2.564335584640503,-0.4057800769805908,0.05131184798163551,0,0
210,6,t230,0010,1100,1100,-3.0423264503479004,-2.4818174839019775,-0.5605089664459229,0.04773958188041271,0,0
210,7,s01,0010,1000,1000,-3.0990140438079834,-2.6517696380615234,-0.44724440574645996,0.04510678892616042,0,0
210,8,s03,0010,1000,1000,-3.167377471923828,-2.5384771823883057,-0.6289002895355225,0.04212700694909023,0,0
211,1,s02,1011,0000,0000,-2.875535011291504,-2.5629525184631348,-0.31258249282836914,0.05643804804802771,0,0
211,2,t021,1111,0000,0000,-2.7729172706604004,-2.6517879962921143,-0.12112927436828613,0.062499617394019144,0,0
211,3,s30,1111,1000,1000,-2.8086540699005127,-2.530799388885498,-0.27785468101501465,0.06031128291997393,0,0
211,4,t321,1011,0000,0000,-2.808638572692871,-2.5624914169311523,-0.24614715576171875,0.060311417438071356,0,0
211,5,t023,1010,1100,1100,-2.746074676513672,-2.505828619003296,-0.24024605751037598,0.06420173018316008,0,0
211,6,c21,1110,1101,1101,-2.7807319164276123,-2.5605175495147705,-0.2202143669128418,0.062013638020221334,0,0
211,7,x3,1111,1000,1000,-2.6875133514404297,-2.591304302215576,-0.09620904922485352,0.06807479939517727,0,0
211,8,t310,0111,1000,1000,-3.034745693206787,-2.5913825035095215,-0.4433631896972656,0.04810824056666802,0,0
212,1,t031,0111,1000,1000,-2.902222156524658,-2.534926176071167,-0.3672959804534912,0.054938708342728466,0,0
212,2,t310,1111,1000,1000,-2.6556217670440674,-2.505685806274414,-0.14993596076965332,0.07027148496260335,0,0
212,3,t130,0111,1000,1000,-3.0010039806365967,-2.5913376808166504,-0.4096662998199463,0.04975672801090162,0,0
212,4,c01,0111,1000,1000,-3.066404342651367,-2.447178363800049,-0.6192259788513184,0.046604182563661875,0,0
212,5,s20,1101,1000,1000,-2.759702682495117,-2.4173905849456787,-0.3423120975494385,0.06333213859043148,0,0
212,6,t312,1111,1010,1010,-2.77687931060791,-2.6210882663726807,-0.1557910442352295,0.062256740778307944,0,0
212,7,x2,1101,1000,1000,-2.780820846557617,-2.5307860374450684,-0.25003480911254883,0.06201343435394193,0,0
212,8,t023,1101,1000,1000,-2.8769824504852295,-2.534656524658203,-0.34232592582702637,0.056325661010834964,0,0
213,1,t301,0001,0000,0000,-2.6599502563476562,-2.5349502563476562,-0.125,0.070004918267812,0,0
213,2,t103,0001,1010,1010,-3.167249917984009,-2.5344910621643066,-0.6327588558197021,0.042127742707022985,0,0
213,3,c13,0001,1010,1010,-3.098907470703125,-2.5950372219085693,-0.5038702487945557,0.04510741517654541,0,0
213,4,x3,0000,1010,1010,-2.9739794731140137,-2.534550905227661,-0.43942856788635254,0.051113280076512016,0,0
213,5,x1,0100,1001,1001,-2.8450746536254883,-2.5950465202331543,-0.250028133392334,0.058143530976255936,0,0
213,6,x0,1100,1001,1001,-2.7768068313598633,-2.651790142059326,-0.1250166893005371,0.062258044802134926,0,0
213,7,t120,1100,1010,1010,-2.84511399269104,-2.5643508434295654,-0.2807631492614746,0.05814471243168313,0,0
213,8,t231,1100,1011,1011,-2.9701874256134033,-2.5346264839172363,-0.435560941696167,0.05131184962660209,0,0
214,1,t320,0110,1000,1000,-2.8051438331604004,-2.5349764823913574,-0.27016735076904297,0.06054303888676961,0,0
214,2,c31,0110,1100,1100,-3.0345444679260254,-2.5950846672058105,-0.43945980072021484,0.04810872667740063,0,0
214,3,x0,1110,1000,1000,-2.872948169708252,-2.5912060737609863,-0.2817420959472656,0.05654730520914999,0,0
214,4,s02,1110,0001,0001,-3.0000078678131104,-2.5913197994232178,-0.4086880683898926,0.04980539528489436,0,0
214,5,t031,1110,1000,1000,-2.9395132064819336,-2.591343641281128,-0.34816956520080566,0.05291330210507685,0,0
214,6,c10,0110,1001,1001,-3.064448356628418,-2.474055767059326,-0.5903925895690918,0.046695272554560054,0,0
214,7,c21,0010,1011,1011,-2.974003314971924,-2.564338207244873,-0.4096651077270508,0.051112707879573976,0,0
214,8,c20,1010,1101,1101,-2.6990835666656494,-2.511622428894043,-0.18746113777160645,0.06729183899059928,0,0
215,1,t021,0011,1000,1000,-2.8417611122131348,-2.5350799560546875,-0.30668115615844727,0.05837129174769872,0,0
215,2,s03,1010,1000,1000,-2.628786087036133,-2.4739787578582764,-0.15480732917785645,0.07218516193278937,0,0
215,3,c12,1010,1100,1100,-2.905683994293213,-2.591256618499756,-0.31442737579345703,0.054728370580673404,0,0
215,4,c10,1010,0100,0100,-2.966198205947876,-2.5951437950134277,-0.37105441093444824,0.05151325581715178,0,0
215,5,t123,1010,0100,0100,-2.9374189376831055,-2.6518163681030273,-0.2856025695800781,0.05301905363279835,0,0
215,6,t213,1010,0001,0001,-2.901754140853882,-2.5951051712036133,-0.30664896965026855,0.05494202132536125,0,0
215,7,x0,0010,0000,0000,-2.8450927734375,-2.564324378967285,-0.28076839447021484,0.0581443139240671,0,0
215,8,t032,0010,1100,1100,-2.8710110187530518,-2.591256856918335,-0.2797541618347168,0.05665857034845787,0,0
216,1,s10,1010,1000,1000,-2.6310667991638184,-2.534822463989258,-0.09624433517456055,0.07204390526311316,0,0
216,2,s30,0011,1111,1111,-2.8710296154022217,-2.621023178100586,-0.25000643730163574,0.05665712419349936,0,0
216,3,t320,1011,1000,1000,-2.7317655086517334,-2.4817636013031006,-0.2500019073486328,0.0651247655294425,0,0
216,4,s12,1101,1100,1100,-2.689417839050293,-2.501917839050293,-0.1875,0.06794282615565746,0,0
216,5,x1,1001,1000,1000,-2.810539722442627,-2.623039722442627,-0.1875,0.06019499578934365,0,0
216,6,t123,1001,1010,1010,-2.841315269470215,-2.5913195610046387,-0.24999570846557617,0.058370493105698806,0,0
216,7,c13,1001,1010,1010,-2.874943733215332,-2.562446355819702,-0.3124973773956299,0.05643766422190024,0,0
216,8,t023,1001,0100,0100,-2.9334990978240967,-2.6517622470855713,-0.2817368507385254,0.05322481596291128,0,0
217,1,s10,1101,1000,1000,-2.8416714668273926,-2.591615676879883,-0.25005578994750977,0.0583698691608124,0,0
217,2,c32,1111,1000,1000,-2.8373351097106934,-2.591226100921631,-0.2461090087890625,0.05859866068991406,0,0
217,3,t320,0111,1000,1000,-2.9008986949920654,-2.534615993499756,-0.36628270149230957,0.054993263908967124,0,0
217,4,x1,0011,1000,1000,-2.9740610122680664,-2.417370080947876,-0.5566909313201904,0.05111141236311526,0,0
217,5,c21,0111,1000,1000,-3.142488479614258,-2.335803508758545,-0.8066849708557129,0.0431912972060101,0,0
217,6,s20,1101,1000,1000,-2.852962017059326,-2.3319106101989746,-0.5210514068603516,0.057692770307348276,0,0
217,7,x1,1001,1000,1000,-2.749967336654663,-2.562467336654663,-0.1875,0.0639535691921526,0,0
217,8,x0,0001,0000,0000,-2.8750815391540527,-2.6250815391540527,-0.25,0.05643865263662982,0,0
218,1,s03,1010,1000,1000,-2.7771880626678467,-2.5915944576263428,-0.1855936050415039,0.0622567263760883,0,0
218,2,x0,0010,1100,1100,-2.8373329639434814,-2.6517741680145264,-0.18555879592895508,0.058598326137178455,0,0
218,3,t123,0010,1000,1000,-3.0346312522888184,-2.5346148014068604,-0.500016450881958,0.04810916028657864,0,0
218,4,c01,0010,1000,1000,-3.106754779815674,-2.485629081726074,-0.6211256980895996,0.04475926574206413,0,0
218,5,s02,1000,1000,1001,-2.5950701236724854,-2.5950701236724854,0.0,0.07465978732905527,0,1
218,6,s01,0100,1011,1011,-2.776857376098633,-2.6518239974975586,-0.12503337860107422,0.062255654385255196,0,0
218,7,s20,0100,1001,1001,-3.1385974884033203,-2.5345849990844727,-0.6040124893188477,0.04335742782796172,0,0
218,8,c31,0100,1001,1001,-3.106826066970825,-2.4510083198547363,-0.6558177471160889,0.04475750341911301,0,0
219,1,t310,0010,0000,0000,-2.7770657539367676,-2.5914745330810547,-0.1855912208557129,0.06225760139295827,0,0
219,2,x2,0000,1100,1100,-2.90948486328125,-2.534522533416748,-0.37496232986450195,0.05451634195271021,0,0
219,3,x1,0100,1111,1111,-2.909533977508545,-2.534540891647339,-0.37499308586120605,0.05451428653176878,0,0
219,4,s32,0100,1001,1001,-3.0663247108459473,-2.5643320083618164,-0.5019927024841309,0.04660518104012621,0,0
219,5,c23,0100,1010,1010,-3.2048964500427246,-2.481726884841919,-0.7231695652008057,0.04057425786251304,0,0
219,6,x2,0110,1001,1001,-2.9095070362091064,-2.4211771488189697,-0.4883298873901367,0.054514392999353824,0,0
219,7,c30,0110,1010,1010,-3.042387008666992,-2.4548730850219727,-0.5875139236450195,0.047736001642831566,0,0
219,8,s21,0110,1000,1000,-3.134674549102783,-2.477874517440796,-0.6568000316619873,0.043525819587398755,0,0
220,1,s30,1100,1000,1000,-2.656020164489746,-2.5309691429138184,-0.12505102157592773,0.07027113209330399,0,0
220,2,x1,1000,1110,1110,-2.776717185974121,-2.6517155170440674,-0.1250016689300537,0.06225675182216778,0,0
220,3,x1,1100,1101,1101,-2.7441043853759766,-2.6816043853759766,-0.0625,0.0643281742056485,0,0
220,4,x2,1110,1011,1011,-2.808621883392334,-2.5605697631835938,-0.24805212020874023,0.060310675599218364,0,0
220,5,c02,1100,1000,1000,-2.7481603622436523,-2.591403007507324,-0.15675735473632812,0.06407441763283907,0,0
220,6,x2,1110,1001,1001,-2.888638496398926,-2.505856513977051,-0.382781982421875,0.055674040355497396,0,0
220,7,c30,1110,1001,1001,-2.849102020263672,-2.50386118888855,-0.34524083137512207,0.057916146856404845,0,0
220,8,t301,1110,0001,0001,-2.9663729667663574,-2.478034496307373,-0.4883384704589844,0.05151095262477016,0,0
221,1,c21,0111,1000,1000,-3.0311055183410645,-2.4743728637695312,-0.5567326545715332,0.048294813040217,0,0
221,2,s02,1101,1000,1000,-2.7162227630615234,-2.5912113189697266,-0.12501144409179688,0.06614286848634356,0,0
221,3,c32,1111,1000,1000,-2.685581684112549,-2.560558557510376,-0.12502312660217285,0.06820770033632874,0,0
221,4,c02,1101,1000,1000,-2.8769216537475586,-2.4740748405456543,-0.4028468132019043,0.05632788418044301,0,0
221,5,t130,0101,1000,1000,-2.9663825035095215,-2.562577247619629,-0.4038052558898926,0.051512060079928035,0,0
221,6,x3,0100,1000,1000,-2.9701919555664062,-2.477959156036377,-0.4922327995300293,0.05131160604800454,0,0
221,7,c31,0100,1011,1011,-3.034663677215576,-2.5345916748046875,-0.5000720024108887,0.048107407275570536,0,0
221,8,x2,0110,1011,1011,-2.9414217472076416,-2.5038790702819824,-0.4375426769256592,0.05280997135289708,0,0
222,1,x0,0100,1000,1000,-2.7128865718841553,-2.595555305480957,-0.11733126640319824,0.06639796334755493,0,0
222,2,x0,1100,1110,1110,-2.7767114639282227,-2.6517276763916016,-0.1249837875366211,0.062257772907086735,0,0
222,3,t302,1100,1000,1000,-2.8413805961608887,-2.651930809020996,-0.18944978713989258,0.05837031687032071,0,0
222,4,t130,1100,1011,1011,-2.939488410949707,-2.5913491249084473,-0.34813928604125977,0.05291456320142365,0,0
222,5,s23,1100,1011,1011,-2.9173812866210938,-2.503831624984741,-0.41354966163635254,0.05409174351883066,0,0
222,6,x3,1101,1001,1001,-2.6874308586120605,-2.5912530422210693,-0.09617781639099121,0.06807621644768765,0,0
222,7,x2,1111,1000,1000,-2.716305732727051,-2.5912973880767822,-0.12500834465026855,0.0661426972180006,0,0
222,8,c23,1110,1000,1000,-2.8106131553649902,-2.5307846069335938,-0.2798285484313965,0.060192839042408096,0,0
223,1,c32,1101,0000,0000,-3.0386972427368164,-2.534742832183838,-0.5039544105529785,0.047922233953340825,0,0
223,2,t130,0101,0100,0100,-2.776792049407959,-2.651792049407959,-0.125,0.06225582269616506,0,0
223,3,s31,0101,1111,1111,-3.0663204193115234,-2.534574270248413,-0.5317461490631104,0.046605764780709866,0,0
223,4,x2,0111,1000,1000,-2.9779491424560547,-2.534571409225464,-0.4433777332305908,0.050912503639510505,0,0
223,5,x0,1111,1000,1000,-2.7836880683898926,-2.474076509475708,-0.30961155891418457,0.06183319637248927,0,0
223,6,s03,1111,1000,1000,-2.8452322483062744,-2.474102020263672,-0.37113022804260254,0.0581431675978837,0,0
223,7,t312,1101,1010,1010,-2.780832290649414,-2.562530279159546,-0.21830201148986816,0.062012939399165475,0,0
223,8,c23,1101,1000,1000,-2.9097213745117188,-2.5644640922546387,-0.3452572822570801,0.054513719845351305,0,0
224,1,t230,1011,1000,1000,-2.785189151763916,-2.535126209259033,-0.2500629425048828,0.06177216935170488,0,0
224,2,t123,1011,1100,1100,-2.872957706451416,-2.5306921005249023,-0.34226560592651367,0.056547964505461616,0,0
224,3,x0,0011,1000,1000,-2.973053216934204,-2.477874755859375,-0.4951784610748291,0.051160983770096265,0,0
224,4,t123,0011,1100,1100,-3.1346657276153564,-2.445220947265625,-0.6894447803497314,0.04352741138320187,0,0
224,5,x3,0010,1000,1000,-2.909607172012329,-2.477935314178467,-0.4316718578338623,0.05451536384964487,0,0
224,6,t230,0010,1000,1000,-3.0663084983825684,-2.595080852508545,-0.47122764587402344,0.046605230523385666,0,0
224,7,t301,0010,1000,1000,-3.066340923309326,-2.530669689178467,-0.5356712341308594,0.04660557397358337,0,0
224,8,t012,0010,1000,1000,-3.070258140563965,-2.5037944316864014,-0.5664637088775635,0.04642354202533381,0,0
225,1,c03,1010,1000,1000,-2.7205612659454346,-2.5349814891815186,-0.18557977676391602,0.06588494830847788,0,0
225,2,t230,1010,1000,1000,-2.776792049407959,-2.5912556648254395,-0.18553638458251953,0.06225799306539726,0,0
225,3,s10,0110,0100,0100,-2.841306686401367,-2.6518521308898926,-0.1894545555114746,0.05836859679592083,0,0
225,4,s32,0101,1000,1000,-2.8462114334106445,-2.564427375793457,-0.2817840576171875,0.058085712069537054,0,0
225,5,c23,0101,1000,1000,-3.106825590133667,-2.511582851409912,-0.5952427387237549,0.04475816683255378,0,0
225,6,x0,1101,1000,1000,-2.8202083110809326,-2.477898597717285,-0.34230971336364746,0.0596104576940621,0,0
225,7,s10,1101,1010,1010,-2.909578323364258,-2.5345635414123535,-0.3750147819519043,0.05451509173604311,0,0
225,8,s10,1101,1010,1010,-2.9019272327423096,-2.6211371421813965,-0.2807900905609131,0.0549415831960733,0,0
226,1,c32,1100,1000,1000,-2.7772457599639893,-2.5955264568328857,-0.18171930313110352,0.062256059021855374,0,0
226,2,t201,1100,1101,1101,-2.776752471923828,-2.651752471923828,-0.125,0.06225758409298902,0,0
226,3,s02,0110,1011,1011,-2.9335880279541016,-2.5604989528656006,-0.373089075088501,0.05322315475272614,0,0
226,4,x1,0010,1000,1000,-2.941377639770508,-2.534621238708496,-0.4067564010620117,0.052811500267045994,0,0
226,5,c32,0010,1000,1000,-3.0663387775421143,-2.5345840454101562,-0.531754732131958,0.046606059457475695,0,0
226,6,s12,0100,1101,1101,-2.757720708847046,-2.5306692123413086,-0.2270514965057373,0.06345400270493284,0,0
226,7,s23,0100,1001,1001,-3.1404976844787598,-2.511563301086426,-0.628934383392334,0.043275498171016155,0,0
226,8,s30,0100,1001,1001,-3.1404778957366943,-2.4817333221435547,-0.6587445735931396,0.04327478233764405,0,0
227,1,x0,0010,1010,1010,-2.71682071685791,-2.5668411254882812,-0.1499795913696289,0.0661396318668931,0,0
227,2,s20,1000,1000,1100,-2.534548759460449,-2.595123529434204,0.06057476997375488,0.07932054511535909,1,0
227,3,c10,1000,1010,1010,-2.808534860610962,-2.6518027782440186,-0.15673208236694336,0.06031234286099363,0,0
227,4,c10,1000,1111,1111,-3.068204879760742,-2.6209914684295654,-0.44721341133117676,0.04651644309302798,0,0
227,5,s30,0001,1111,1111,-2.841188430786133,-2.5604407787323,-0.280747652053833,0.058370769404530384,0,0
227,6,c21,0001,1010,1010,-3.0662858486175537,-2.595094680786133,-0.4711911678314209,0.04660673954262308,0,0
227,7,x0,1001,1010,1010,-2.784484386444092,-2.50567626953125,-0.2788081169128418,0.06177475740797963,0,0
227,8,t210,1001,1010,1010,-2.8086133003234863,-2.5913124084472656,-0.2173008918762207,0.06031237388101583,0,0
228,1,x1,1110,0000,0000,-2.909940242767334,-2.5348331928253174,-0.3751070499420166,0.05451225189550701,0,0
228,2,c10,0110,1000,1000,-2.837392807006836,-2.5912389755249023,-0.2461538314819336,0.05859667472262654,0,0
228,3,c02,0110,1001,1001,-3.0307388305664062,-2.5604727268218994,-0.47026610374450684,0.04829520097117305,0,0
228,4,t302,0110,1000,1000,-3.2357773780822754,-2.5345993041992188,-0.7011780738830566,0.039342977011511876,0,0
228,5,s20,1100,1000,1000,-2.759659767150879,-2.4779114723205566,-0.28174829483032227,0.06333265363576916,0,0
228,6,s13,1001,1011,1011,-2.6557254791259766,-2.530724048614502,-0.1250014305114746,0.07027203484010557,0,0
228,7,c10,1001,1010,1010,-2.9017558097839355,-2.6815383434295654,-0.22021746635437012,0.054941684781698766,0,0
228,8,t321,1001,1100,1100,-2.872972011566162,-2.5912528038024902,-0.2817192077636719,0.05654816507474608,0,0
229,1,c32,1110,0000,0000,-2.9060025215148926,-2.5914649963378906,-0.31453752517700195,0.05472527594482109,0,0
229,2,t201,1010,1000,1000,-2.7123379707336426,-2.6815781593322754,-0.030759811401367188,0.06640187827296215,0,0
229,3,x0,0010,1000,1000,-2.874936103820801,-2.621025562286377,-0.25391054153442383,0.05643673996621899,0,0
229,4,t203,0010,1000,1000,-3.0702555179595947,-2.5644094944000244,-0.5058460235595703,0.04642571380963182,0,0
229,5,s02,1000,1000,1001,-2.538431167602539,-2.538431167602539,0.0,0.0790124861424357,0,1
229,6,t210,1000,0101,0101,-2.8373494148254395,-2.6230034828186035,-0.21434593200683594,0.05859938101632323,0,0
229,7,c03,1001,0011,0011,-2.7124056816101074,-2.6836023330688477,-0.028803348541259766,0.06640119069524388,0,0
229,8,c10,1001,1110,1110,-2.9095990657806396,-2.5912516117095947,-0.3183474540710449,0.05451507013999895,0,0
230,1,c02,1001,1000,1000,-2.728374719619751,-2.478374719619751,-0.25,0.06537816755973819,0,0
230,2,s12,1001,1110,1110,-2.8412060737609863,-2.621016263961792,-0.22018980979919434,0.058371337268433125,0,0
230,3,s21,1001,1110,1110,-2.872924327850342,-2.591214179992676,-0.281710147857666,0.056548320186451104,0,0
230,4,t032,1011,1000,1000,-2.7441277503967285,-2.623012065887451,-0.12111568450927734,0.06432645524131415,0,0
230,5,t012,1011,1100,1100,-2.9740662574768066,-2.531714916229248,-0.4423513412475586,0.051112802148292544,0,0
230,6,t302,1001,1100,1100,-2.8144006729125977,-2.501906394958496,-0.31249427795410156,0.05995998797173681,0,0
230,7,x0,0001,1100,1100,-2.9730043411254883,-2.5643503665924072,-0.40865397453308105,0.051163876777890485,0,0
230,8,c12,0001,1100,1100,-3.034528970718384,-2.5345468521118164,-0.4999821186065674,0.04810996334589084,0,0
231,1,x0,1011,1000,1000,-2.7850983142852783,-2.506232976913452,-0.27886533737182617,0.06177477101072979,0,0
231,2,c31,1111,1000,1000,-2.8413615226745605,-2.474109172821045,-0.3672523498535156,0.05836977172603742,0,0
231,3,s02,1111,1000,1000,-2.8066697120666504,-2.5625059604644775,-0.24416375160217285,0.06042993824558038,0,0
231,4,c23,1110,1000,1000,-2.841325044631958,-2.5605483055114746,-0.2807767391204834,0.05837027155596665,0,0
231,5,s01,1110,1000,1000,-2.9057419300079346,-2.5912749767303467,-0.3144669532775879,0.05472746982226018,0,0
231,6,c03,1111,1001,1001,-2.72409725189209,-2.560513973236084,-0.16358327865600586,0.0656285997317312,0,0
231,7,x0,0111,1000,1000,-3.0336146354675293,-2.473957061767578,-0.5596575736999512,0.04815353423710191,0,0
231,8,s03,1110,1000,1000,-2.7202401161193848,-2.4740805625915527,-0.24615955352783203,0.0658829320220404,0,0
232,1,s31,1101,0000,0000,-2.9099514484405518,-2.5915684700012207,-0.31838297843933105,0.05451512677622995,0,0
232,2,c32,1111,1100,1100,-2.744044303894043,-2.651750087738037,-0.09229421615600586,0.06432679147545393,0,0
232,3,x3,1110,1000,1000,-2.9701948165893555,-2.534637212753296,-0.43555760383605957,0.05131215785101277,0,0
232,4,c13,1111,1001,1001,-2.780777931213379,-2.5038859844207764,-0.27689194679260254,0.06201299256698147,0,0
232,5,c12,1101,1000,1000,-2.780754566192627,-2.530736207962036,-0.2500183582305908,0.06201409583104862,0,0
232,6,x3,1100,1000,1000,-2.7460832595825195,-2.6210789680480957,-0.12500429153442383,0.06420162551382871,0,0
232,7,s10,1100,1101,1101,-2.7201499938964844,-2.5951499938964844,-0.125,0.06588582057058026,0,0
232,8,c02,1110,1001,1001,-2.757866621017456,-2.534677505493164,-0.223189115524292,0.06345346560440274,0,0
233,1,c23,1100,1000,1000,-2.7167608737945557,-2.5917506217956543,-0.12501025199890137,0.06614254310579822,0,0
233,2,t301,1100,1000,1000,-2.9017715454101562,-2.7123379707336426,-0.18943357467651367,0.05494241527423935,0,0
233,3,t130,1100,1001,1001,-3.106818437576294,-2.595207691192627,-0.511610746383667,0.04475984256346389,0,0
233,4,c13,1101,1011,1011,-2.6596436500549316,-2.560554265975952,-0.09908938407897949,0.06999856986482172,0,0
233,5,c02,1111,1000,1000,-2.8451738357543945,-2.564406633377075,-0.28076720237731934,0.05814452551852935,0,0
233,6,s20,1111,1000,1000,-2.941380739212036,-2.445260524749756,-0.4961202144622803,0.0528113696755974,0,0
233,7,t012,1101,1000,1000,-2.7520551681518555,-2.4741885662078857,-0.2778666019439697,0.06382655612309604,0,0
233,8,c32,1111,1010,1010,-2.752049446105957,-2.4741625785827637,-0.27788686752319336,0.06382539722612571,0,0
234,1,c20,1011,1000,1000,-2.724470615386963,-2.4744248390197754,-0.2500457763671875,0.06562846312488657,0,0
234,2,s20,1011,0100,0100,-2.837289810180664,-2.650810956954956,-0.186478853225708,0.05860017062796655,0,0
234,3,t021,1111,1000,1000,-2.7441039085388184,-2.591245412826538,-0.15285849571228027,0.06432608476142695,0,0
234,4,c32,1101,1000,1000,-2.810607671737671,-2.501973867416382,-0.30863380432128906,0.060192530878324706,0,0
234,5,t201,1101,1000,1000,-2.8452091217041016,-2.5644452571868896,-0.2807638645172119,0.05814369544137645,0,0
234,6,t203,1101,1010,1010,-2.909656286239624,-2.5038809776306152,-0.4057753086090088,0.05451409434484134,0,0
234,7,x2,1111,1000,1000,-2.759695053100586,-2.4491209983825684,-0.3105740547180176,0.0633317080397796,0,0
234,8,c12,1101,1000,1000,-2.9433488845825195,-2.4452781677246094,-0.49807071685791016,0.052708284970813674,0,0
235,1,c23,1100,1000,1000,-2.7168517112731934,-2.531261444091797,-0.18559026718139648,0.0661421061319893,0,0
235,2,t012,1110,1011,1011,-2.837329626083374,-2.651780128479004,-0.18554949760437012,0.05859910551558694,0,0
235,3,t123,1111,1001,1001,-2.7846994400024414,-2.534684658050537,-0.2500147819519043,0.06177300093221829,0,0
235,4,c32,1101,1000,1000,-2.759758710861206,-2.474111318588257,-0.2856473922729492,0.06333203170363919,0,0
235,5,x3,1100,1000,1000,-2.8452095985412598,-2.5952088832855225,-0.2500007152557373,0.05814334159618458,0,0
235,6,t301,1100,1001,1001,-2.8414249420166016,-2.591407299041748,-0.2500176429748535,0.058369198298260795,0,0
235,7,c23,1100,1011,1011,-2.8001890182495117,-2.4818105697631836,-0.3183784484863281,0.0608197044864349,0,0
235,8,c03,1101,1001,1001,-2.603039503097534,-2.5346662998199463,-0.06837320327758789,0.07407751917787136,0,0
236,1,c31,0110,1000,1000,-2.902080774307251,-2.5309014320373535,-0.37117934226989746,0.05493871025001744,0,0
236,2,x2,0100,1000,1000,-2.9413082599639893,-2.4740023612976074,-0.46730589866638184,0.05281118178778876,0,0
236,3,s03,0100,1111,1111,-3.0345804691314697,-2.651792526245117,-0.38278794288635254,0.04810896007884636,0,0
236,4,x1,0000,1001,1001,-2.90952467918396,-2.5643057823181152,-0.3452188968658447,0.05451483321385,0,0
236,5,s01,0000,1010,1010,-3.005708932876587,-2.6517465114593506,-0.35396242141723633,0.04951672812392454,0,0
236,6,c21,0000,1101,1101,-3.1028590202331543,-2.566269874572754,-0.5365891456604004,0.04493151624838009,0,0
236,7,c01,0000,1001,1001,-3.1673200130462646,-2.5950398445129395,-0.5722801685333252,0.04212598632849468,0,0
236,8,t203,0000,1001,1001,-3.138535499572754,-2.5345191955566406,-0.6040163040161133,0.04335697350823773,0,0
237,1,c21,0001,0000,0000,-2.7165989875793457,-2.5915989875793457,-0.125,0.06614888985664183,0,0
237,2,t132,0001,1000,1000,-3.098935604095459,-2.5950357913970947,-0.5038998126983643,0.04510753462004755,0,0
237,3,c23,0001,1000,1000,-3.0989465713500977,-2.595043420791626,-0.5039031505584717,0.045107156229426064,0,0
237,4,c20,0001,1100,1100,-3.1066722869873047,-2.4816737174987793,-0.6249985694885254,0.04475889696673227,0,0
237,5,x2,0011,1010,1010,-2.9056437015533447,-2.530646800994873,-0.3749969005584717,0.054727596318967175,0,0
237,6,x0,1011,1100,1100,-2.8827717304229736,-2.445279836654663,-0.43749189376831055,0.0560007233727922,0,0
237,7,x2,1001,0100,0100,-2.7768988609313965,-2.621197462081909,-0.1557013988494873,0.06225946229616119,0,0
237,8,t301,1101,1000,1000,-2.8373827934265137,-2.6518163681030273,-0.18556642532348633,0.05859932659261703,0,0
238,1,x2,0000,1000,1000,-2.621547222137451,-2.5956478118896484,-0.025899410247802734,0.07275383551970702,0,0
238,2,t203,0000,1001,1001,-2.970041275024414,-2.5950522422790527,-0.37498903274536133,0.05131309288187008,0,0
238,3,c13,0000,1111,1111,-3.307786464691162,-2.4817051887512207,-0.8260812759399414,0.0366049906688916,0,0
238,4,c21,0000,1011,1011,-3.239428758621216,-2.481645107269287,-0.7577836513519287,0.03919331696056589,0,0
238,5,x0,1000,1111,1111,-2.6555609703063965,-2.5950355529785156,-0.06052541732788086,0.07027357562773721,0,0
238,6,x1,1100,1111,1111,-2.808501720428467,-2.5624072551727295,-0.2460944652557373,0.06031244899124936,0,0
238,7,c03,1101,1010,1010,-2.7845845222473145,-2.5345845222473145,-0.25,0.0617740838639607,0,0
238,8,x1,1001,1010,1010,-2.7481043338775635,-2.591376781463623,-0.15672755241394043,0.06407731293679973,0,0
239,1,x1,0011,1000,1000,-2.8754005432128906,-2.5627942085266113,-0.3126063346862793,0.056434627140931184,0,0
239,2,s31,0110,1000,1000,-2.7460107803344727,-2.591172695159912,-0.15483808517456055,0.06419974902437338,0,0
239,3,c32,0110,1000,1000,-3.099046230316162,-2.5951151847839355,-0.5039310455322266,0.04510583697801542,0,0
239,4,c01,0110,1000,1000,-3.0990021228790283,-2.5037648677825928,-0.5952372550964355,0.045105681822124016,0,0
239,5,x3,0111,1000,1000,-3.0038576126098633,-2.5604867935180664,-0.4433708190917969,0.04961134286894287,0,0
239,6,x0,1111,1000,1000,-2.8085577487945557,-2.5018796920776367,-0.30667805671691895,0.0603117399016682,0,0
239,7,x1,1011,1000,1000,-2.808562755584717,-2.5912723541259766,-0.21729040145874023,0.06031423920090486,0,0
239,8,c31,1111,1000,1000,-2.8730125427246094,-2.5307064056396484,-0.34230613708496094,0.05654777696803757,0,0
240,1,s23,0001,1000,1000,-2.8068830966949463,-2.591564416885376,-0.2153186798095703,0.0604339809417759,0,0
240,2,x0,1001,1000,1000,-2.776679515838623,-2.651679515838623,-0.125,0.062258265188017484,0,0
240,3,c03,1000,1110,1110,-2.7162551879882812,-2.591280937194824,-0.12497425079345703,0.06614326960510387,0,0
240,4,x0,0000,1111,1111,-2.7729015350341797,-2.651775360107422,-0.12112617492675781,0.06249925956298312,0,0
240,5,s01,0000,1111,1111,-3.1327004432678223,-2.534578323364258,-0.5981221199035645,0.04361208891022889,0,0
240,6,t012,0000,1111,1111,-3.0990207195281982,-2.564382791519165,-0.5346379280090332,0.04510662801334852,0,0
240,7,c03,0000,1011,1011,-3.0306735038757324,-2.6209282875061035,-0.4097452163696289,0.04829437493591628,0,0
240,8,t132,0000,1001,1001,-3.171159505844116,-2.5422191619873047,-0.6289403438568115,0.041963535745005186,0,0
241,1,s32,1001,1000,1000,-2.7505555152893066,-2.5630555152893066,-0.1875,0.06395373774668392,0,0
241,2,c20,1001,1100,1100,-2.8729164600372314,-2.651747465133667,-0.22116899490356445,0.0565481201529005,0,0
241,3,t203,1001,1100,1100,-2.909555435180664,-2.595118522644043,-0.3144369125366211,0.05451544856837569,0,0
241,4,x2,1011,1000,1000,-2.8104825019836426,-2.6229586601257324,-0.18752384185791016,0.06019460860432493,0,0
241,5,t103,1011,1100,1100,-2.9057629108428955,-2.5605621337890625,-0.345200777053833,0.05472808202281779,0,0
241,6,t132,1011,1100,1100,-2.917423725128174,-2.417442560195923,-0.499981164932251,0.05409258184977978,0,0
241,7,t321,1111,1100,1100,-2.8412771224975586,-2.562457323074341,-0.2788197994232178,0.0583691784867963,0,0
241,8,t302,1101,1000,1000,-2.882873773574829,-2.445370674133301,-0.4375030994415283,0.055997293662820496,0,0
242,1,x2,1101,1000,1000,-2.910026788711548,-2.4782984256744385,-0.4317283630371094,0.054514392988002175,0,0
242,2,s23,1110,1000,1000,-2.77677583694458,-2.5912044048309326,-0.18557143211364746,0.06225650854342458,0,0
242,3,x1,1010,1000,1000,-2.6855006217956543,-2.5912580490112305,-0.09424257278442383,0.0682091065469916,0,0
242,4,s01,0110,1000,1000,-2.9663338661193848,-2.5644302368164062,-0.4019036293029785,0.05151056897856014,0,0
242,5,c02,0110,1001,1001,-3.030773162841797,-2.503861427307129,-0.526911735534668,0.0482952908379622,0,0
242,6,t032,0110,1000,1000,-3.1347217559814453,-2.474030017852783,-0.6606917381286621,0.04352586624334253,0,0
242,7,t032,0110,1001,1001,-3.0683159828186035,-2.5077056884765625,-0.560610294342041,0.04651430591049963,0,0
242,8,c23,0111,1001,1001,-2.977998971939087,-2.564338445663452,-0.41366052627563477,0.05091030318863106,0,0
243,1,s30,1101,1000,1000,-2.781135082244873,-2.531087875366211,-0.2500472068786621,0.06201391079397037,0,0
243,2,s13,1101,1000,1000,-2.9056689739227295,-2.5912089347839355,-0.31446003913879395,0.054727625137772115,0,0
243,3,x1,1001,1000,1000,-2.659564256668091,-2.534564256668091,-0.125,0.06999921506499203,0,0
243,4,x1,1101,1100,1100,-2.7163009643554688,-2.5913009643554688,-0.125,0.06614336746336114,0,0
243,5,s13,1101,1000,1000,-2.841318130493164,-2.6210997104644775,-0.22021842002868652,0.058370065209416074,0,0
243,6,s02,0111,1000,1000,-2.9663000106811523,-2.5912601947784424,-0.37503981590270996,0.05151054116714925,0,0
243,7,s10,1011,1000,1000,-2.724107503890991,-2.4174296855926514,-0.30667781829833984,0.06563034386383247,0,0
243,8,x3,1010,1100,1100,-2.623105049133301,-2.591383457183838,-0.03172159194946289,0.07260790196566583,0,0
244,1,t031,1100,1000,1000,-2.716839551925659,-2.591813087463379,-0.12502646446228027,0.06614320788802502,0,0
244,2,t230,1100,1111,1111,-2.9017486572265625,-2.6517574787139893,-0.24999117851257324,0.05494207495055888,0,0
244,3,t031,1100,1001,1001,-2.9095864295959473,-2.56245493888855,-0.34713149070739746,0.05451632282282138,0,0
244,4,t201,1100,1011,1011,-2.9740676879882812,-2.621079921722412,-0.35298776626586914,0.05111233283734753,0,0
244,5,s21,1010,1011,1011,-2.623012065887451,-2.560512065887451,-0.0625,0.07260779015670268,0,0
244,6,c32,1010,1101,1101,-2.808586597442627,-2.651848793029785,-0.1567378044128418,0.060312211222744064,0,0
244,7,x0,0010,1101,1101,-2.9749786853790283,-2.562403678894043,-0.41257500648498535,0.051063113948148206,0,0
244,8,t032,0010,1101,1101,-3.066293716430664,-2.4779045581817627,-0.5883891582489014,0.04660657241846726,0,0
245,1,c31,1110,1000,1000,-2.9100184440612793,-2.4782395362854004,-0.4317789077758789,0.054509879482208166,0,0
245,2,c31,1110,0000,0000,-2.9017434120178223,-2.6229512691497803,-0.278792142868042,0.054942200319332675,0,0
245,3,c32,1110,1000,1000,-2.939429521560669,-2.5912866592407227,-0.3481428623199463,0.05291468119503157,0,0
245,4,s13,1011,1000,1000,-2.7163033485412598,-2.5605454444885254,-0.15575790405273438,0.06614264417978312,0,0
245,5,s13,1110,1100,1100,-2.716348171234131,-2.560602903366089,-0.155745267868042,0.06614332836559866,0,0
245,6,c10,0110,1000,1000,-2.90187931060791,-2.560549736022949,-0.34132957458496094,0.05494038564626611,0,0
245,7,t321,0110,1000,1000,-3.068389892578125,-2.503901958465576,-0.5644879341125488,0.04651423542663135,0,0
245,8,c30,0110,1001,1001,-3.201214551925659,-2.503919839859009,-0.6972947120666504,0.040729727232378804,0,0
246,1,c23,0001,1000,1000,-2.781036853790283,-2.5311269760131836,-0.2499098777770996,0.062021060921645894,0,0
246,2,s10,0001,1100,1100,-3.03448224067688,-2.595048666000366,-0.43943357467651367,0.048110155994812394,0,0
246,3,t310,0001,1100,1100,-3.1711201667785645,-2.542239189147949,-0.6288809776306152,0.04196585383765915,0,0
246,4,t021,0001,1000,1000,-3.239461660385132,-2.5422215461730957,-0.6972401142120361,0.03919369507747007,0,0
246,5,s13,0100,1010,1010,-2.6594974994659424,-2.620936155319214,-0.038561344146728516,0.06999752872718946,0,0
246,6,t310,0100,1011,1011,-2.9661922454833984,-2.5306313037872314,-0.435560941696167,0.05151160546511274,0,0
246,7,t301,0100,1010,1010,-3.1674017906188965,-2.477886199951172,-0.6895155906677246,0.042125320530468045,0,0
246,8,x2,0110,1000,1000,-2.970165729522705,-2.5950775146484375,-0.3750882148742676,0.05130912049850236,0,0
247,1,x2,1010,1000,1000,-2.7470712661743164,-2.5633859634399414,-0.183685302734375,0.06419957242890029,0,0
247,2,t023,1011,0100,0100,-2.772953510284424,-2.6519079208374023,-0.12104558944702148,0.06250175132291022,0,0
247,3,t213,1011,1100,1100,-2.8413071632385254,-2.5625178813934326,-0.2787892818450928,0.0583718867542665,0,0
247,4,s10,0111,1000,1000,-2.9664032459259033,-2.5346271991729736,-0.4317760467529297,0.05150813435380587,0,0
247,5,t320,1111,1000,1000,-2.849137783050537,-2.3886191844940186,-0.46051859855651855,0.05791744602092466,0,0
247,6,c13,1110,1000,1000,-2.746089458465576,-2.5307199954986572,-0.21536946296691895,0.06420171988333635,0,0
247,7,s02,1110,1000,1000,-2.873082160949707,-2.59131121635437,-0.2817709445953369,0.056546209805183,0,0
247,8,x0,0110,1000,1000,-2.9336729049682617,-2.5307512283325195,-0.4029216766357422,0.053221810224929125,0,0
248,1,x0,1000,0000,0000,-2.7165591716766357,-2.47438907623291,-0.24217009544372559,0.0661488320175379,0,0
248,2,x3,1001,1010,1010,-2.7161545753479004,-2.6517088413238525,-0.06444573402404785,0.0661436553509931,0,0
248,3,x1,1101,1100,1100,-2.749934196472168,-2.562434196472168,-0.1875,0.06395153373765468,0,0
248,4,x1,1001,0000,0000,-2.8374834060668945,-2.6230835914611816,-0.2143998146057129,0.058598173963935386,0,0
248,5,c12,1001,1100,1100,-2.875016689300537,-2.5913329124450684,-0.28368377685546875,0.056436970477475736,0,0
248,6,c31,1101,1010,1010,-2.810488224029541,-2.591247081756592,-0.21924114227294922,0.06019453250322347,0,0
248,7,x1,1001,1010,1010,-2.751842975616455,-2.564352512359619,-0.18749046325683594,0.06382876350382923,0,0
248,8,c23,1001,1010,1010,-2.8750219345092773,-2.6210873126983643,-0.2539346218109131,0.05643480034424239,0,0
249,1,s12,0000,0000,1000,-2.591539144515991,-2.5915908813476562,5.173683166503906e-05,0.0749569566021835,1,0
249,2,c31,0000,1100,1100,-3.1027777194976807,-2.595008373260498,-0.5077693462371826,0.04493198796981587,0,0
249,3,x3,0001,1010,1010,-2.985583782196045,-2.5344736576080322,-0.4511101245880127,0.05051952134670143,0,0
249,4,c20,0001,1000,1000,-3.171140670776367,-2.4855599403381348,-0.6855807304382324,0.04196480075798282,0,0
249,5,x3,0000,1010,1010,-2.905689239501953,-2.620990514755249,-0.2846987247467041,0.05472620067606833,0,0
249,6,t021,0000,1000,1000,-3.034585475921631,-2.5950684547424316,-0.4395170211791992,0.04810694412106761,0,0
249,7,c03,0000,1010,1010,-3.0346152782440186,-2.595057964324951,-0.4395573139190674,0.04810506334475651,0,0
249,8,x0,1000,1111,1111,-2.7122483253479004,-2.6517274379730225,-0.06052088737487793,0.06640307810784941,0,0
250,1,x0,0100,0000,0000,-2.7167716026306152,-2.5628557205200195,-0.1539158821105957,0.06613961548837385,0,0
250,2,x1,0000,1101,1101,-2.9017186164855957,-2.651730537414551,-0.24998807907104492,0.054941965570998896,0,0
250,3,c10,0000,1100,1100,-3.034543037414551,-2.534536361694336,-0.5000066757202148,0.048109328601100766,0,0
250,4,s03,0000,1101,1101,-3.0383834838867188,-2.5950393676757812,-0.4433441162109375,0.04792226908279689,0,0
250,5,x0,1000,1010,1010,-2.78448486328125,-2.595041275024414,-0.18944358825683594,0.061774052348911666,0,0
250,6,s03,0001,0101,0101,-2.7201216220855713,-2.65175724029541,-0.06836438179016113,0.06588386560707461,0,0
250,7,t201,0001,1000,1000,-2.9018301963806152,-2.651754856109619,-0.2500753402709961,0.05493828148603869,0,0
250,8,t023,0001,1010,1010,-3.0346288681030273,-2.5623629093170166,-0.47226595878601074,0.04810533153019512,0,0
251,1,x3,0110,0000,0000,-2.841611385345459,-2.5348293781280518,-0.3067820072174072,0.05836730746670772,0,0
251,2,t213,0111,1000,1000,-2.9095427989959717,-2.4739785194396973,-0.4355642795562744,0.05451438038093551,0,0
251,3,t120,1111,1000,1000,-2.7846086025238037,-2.445221424102783,-0.3393871784210205,0.061772932430102345,0,0
251,4,c03,1110,1000,1000,-2.841334581375122,-2.530752658843994,-0.31058192253112793,0.058369758572281105,0,0
251,5,x1,1010,1000,1000,-2.716259002685547,-2.591259002685547,-0.125,0.06614346401561046,0,0
251,6,c30,1010,1001,1001,-2.8086071014404297,-2.621109962463379,-0.18749713897705078,0.06031352529119507,0,0
251,7,c01,1110,1001,1001,-3.034709930419922,-2.5913095474243164,-0.44340038299560547,0.04810722667749346,0,0
251,8,t032,1110,1001,1001,-2.941415548324585,-2.5038671493530273,-0.4375483989715576,0.05280959348687734,0,0
252,1,c10,0010,0000,0000,-2.6558785438537598,-2.5308237075805664,-0.12505483627319336,0.07027219535218779,0,0
252,2,x2,0000,1000,1000,-2.973931312561035,-2.595052480697632,-0.3788788318634033,0.051113835993749496,0,0
252,3,x0,1000,1111,1111,-2.7316842079162598,-2.4817087650299072,-0.24997544288635254,0.06512424042100498,0,0
252,4,x3,1001,1111,1111,-2.8104665279388428,-2.591252088546753,-0.21921443939208984,0.060195230390582236,0,0
252,5,t321,1001,1000,1000,-2.7768471240997314,-2.6518471240997314,-0.125,0.06225742090979241,0,0
252,6,c20,1001,1000,1000,-2.870999336242676,-2.683499336242676,-0.1875,0.05665886271885729,0,0
252,7,c02,1011,0010,0010,-2.744009017944336,-2.622922897338867,-0.12108612060546875,0.06432791001188488,0,0
252,8,s01,0111,0100,0100,-2.9433133602142334,-2.5346004962921143,-0.40871286392211914,0.05270636690611481,0,0
253,1,t013,1000,0000,0000,-2.6523115634918213,-2.591710090637207,-0.06060147285461426,0.07054870876930278,0,0
253,2,x0,0000,1011,1011,-2.7420711517333984,-2.6517224311828613,-0.09034872055053711,0.06445309202984068,0,0
253,3,c13,0000,1101,1101,-3.0306544303894043,-2.5912222862243652,-0.43943214416503906,0.04829732420910062,0,0
253,4,c12,0000,1111,1111,-3.239452838897705,-2.481689929962158,-0.7577629089355469,0.03919337016898481,0,0
253,5,c30,0000,1001,1001,-3.3078360557556152,-2.542227268218994,-0.7656087875366211,0.036603613654619345,0,0
253,6,c02,0000,1101,1101,-3.1673145294189453,-2.534513473510742,-0.6328010559082031,0.042126276673536224,0,0
253,7,s20,0000,1100,1100,-3.034514904022217,-2.5344960689544678,-0.500018835067749,0.04810851898799062,0,0
253,8,x1,0100,1011,1011,-2.78452730178833,-2.5950512886047363,-0.18947601318359375,0.0617723450893207,0,0
254,1,t012,0010,1000,1000,-2.7732605934143066,-2.5954811573028564,-0.1777794361114502,0.06250150166757666,0,0
254,2,t130,0010,1100,1100,-3.098968267440796,-2.595088243484497,-0.5038800239562988,0.0451069030438736,0,0
254,3,x0,1010,1100,1100,-2.720045804977417,-2.534520387649536,-0.18552541732788086,0.0658863054590011,0,0
254,4,t012,1010,1001,1001,-2.8412208557128906,-2.5912201404571533,-0.2500007152557373,0.05837105235936591,0,0
254,5,x0,0010,1111,1111,-2.9653282165527344,-2.5624499320983887,-0.4028782844543457,0.051561239631603875,0,0
254,6,c32,0010,1000,1000,-3.134708881378174,-2.5077199935913086,-0.6269888877868652,0.043527191580695256,0,0
254,7,s01,0010,1100,1100,-3.034531593322754,-2.534550905227661,-0.4999806880950928,0.04810970526242449,0,0
254,8,s03,0010,1100,1100,-3.0990219116210938,-2.5345685482025146,-0.5644533634185791,0.04510602271204127,0,0
255,1,t123,1101,1000,1000,-2.9100828170776367,-2.535031318664551,-0.37505149841308594,0.05451304682215419,0,0
255,2,c32,1111,0000,0000,-2.8373148441314697,-2.6517488956451416,-0.18556594848632812,0.05859842224239743,0,0
255,3,x1,1011,1000,1000,-2.7806801795959473,-2.5306739807128906,-0.25000619888305664,0.062014363311101585,0,0
255,4,t013,1011,0100,0100,-2.8691954612731934,-2.595240592956543,-0.2739548683166504,0.056768167086924205,0,0
255,5,c02,1001,1000,1000,-2.7499747276306152,-2.5624747276306152,-0.1875,0.06395264898755731,0,0
255,6,x1,1101,1010,1010,-2.7440385818481445,-2.681520938873291,-0.06251764297485352,0.06432759890835121,0,0
255,7,t120,1101,1010,1010,-2.841359853744507,-2.591383695602417,-0.24997615814208984,0.05837089236620559,0,0
255,8,s23,1110,1000,1000,-2.7768704891204834,-2.5624887943267822,-0.21438169479370117,0.06225564809349371,0,0
256,1,x3,1001,1000,1000,-2.7169127464294434,-2.5919127464294434,-0.125,0.06614625669302189,0,0
256,2,c31,1101,1000,1000,-2.776838779449463,-2.651815414428711,-0.12502336502075195,0.06225683340714647,0,0
256,3,s21,1011,1010,1010,-2.6230597496032715,-2.5605597496032715,-0.0625,0.07260777620925264,0,0
256,4,c20,0011,1100,1100,-2.998084306716919,-2.5307865142822266,-0.4672977924346924,0.04990240403177635,0,0
256,5,s20,1001,1000,1000,-2.693330764770508,-2.505830764770508,-0.1875,0.06768053567087028,0,0
256,6,x2,1011,1010,1010,-2.659635543823242,-2.534635543823242,-0.125,0.06999952976770517,0,0
256,7,t013,1011,1000,1000,-2.8414344787597656,-2.5347626209259033,-0.3066718578338623,0.05837024377291871,0,0
256,8,s20,1011,1110,1110,-2.8086037635803223,-2.621134042739868,-0.1874697208404541,0.060314919875869275,0,0
257,1,t123,0100,1000,1000,-2.716594696044922,-2.534914493560791,-0.18168020248413086,0.06614339337386427,0,0
257,2,s30,0100,1001,1001,-3.1028199195861816,-2.5950207710266113,-0.5077991485595703,0.044931294575427355,0,0
257,3,c12,0110,1001,1001,-2.981667995452881,-2.4816524982452393,-0.5000154972076416,0.05071791350157827,0,0
257,4,x3,0111,1101,1101,-2.876894474029541,-2.6249217987060547,-0.25197267532348633,0.05632669817794477,0,0
257,5,c21,0011,1000,1000,-2.9413793087005615,-2.474048137664795,-0.4673311710357666,0.05281114438043447,0,0
257,6,s12,0101,1100,1100,-2.7596709728240967,-2.4452097415924072,-0.31446123123168945,0.0633311173211889,0,0
257,7,x0,1101,1000,1000,-2.7767767906188965,-2.620994806289673,-0.15578198432922363,0.06225663080776984,0,0
257,8,s20,0111,1000,1000,-2.933614730834961,-2.564368724822998,-0.3692460060119629,0.05322202288535451,0,0
258,1,c30,0110,1000,1000,-2.8416476249694824,-2.5915420055389404,-0.250105619430542,0.05836726449660197,0,0
258,2,t301,0110,1000,1000,-3.034505605697632,-2.5344948768615723,-0.5000107288360596,0.04810906957941847,0,0
258,3,s10,1010,1001,1001,-2.6595349311828613,-2.503770589828491,-0.15576434135437012,0.06999893299332062,0,0
258,4,s01,0110,0001,0001,-2.9701335430145264,-2.651797294616699,-0.31833624839782715,0.05131185608307375,0,0
258,5,t201,0110,1000,1000,-2.9662575721740723,-2.5912375450134277,-0.37502002716064453,0.051511354526400294,0,0
258,6,s30,0110,1001,1001,-3.099060535430908,-2.5038042068481445,-0.5952563285827637,0.04510518665741653,0,0
258,7,t312,0110,1000,1000,-3.0345563888549805,-2.5345311164855957,-0.5000252723693848,0.048108593373713524,0,0
258,8,t213,0111,1000,1000,-2.8807408809661865,-2.534515619277954,-0.3462252616882324,0.05610725769456138,0,0
259,1,s13,0110,1000,1000,-2.7771339416503906,-2.478217601776123,-0.2989163398742676,0.0622545223921167,0,0
259,2,t302,0110,1000,1000,-3.0345585346221924,-2.5345370769500732,-0.5000214576721191,0.04810834759400628,0,0
259,3,x2,0100,1000,1000,-3.009646415710449,-2.4778976440429688,-0.5317487716674805,0.04932293456010214,0,0
259,4,t320,0100,1011,1011,-3.0345494747161865,-2.564342498779297,-0.47020697593688965,0.04810941091227136,0,0
259,5,t301,0100,1001,1001,-3.171238899230957,-2.534547805786133,-0.6366910934448242,0.04196298190560016,0,0
259,6,c30,0100,1001,1001,-3.202939987182617,-2.5642809867858887,-0.6386590003967285,0.0406521747962955,0,0
259,7,t103,0100,1001,1001,-3.1750640869140625,-2.505703926086426,-0.6693601608276367,0.04180165541254141,0,0
259,8,c12,0110,1011,1011,-3.0423595905303955,-2.4470996856689453,-0.5952599048614502,0.04773441955835323,0,0
260,1,t102,0001,1000,1000,-2.716585159301758,-2.5350148677825928,-0.18157029151916504,0.06614996530722946,0,0
260,2,s21,0001,1010,1010,-3.0344719886779785,-2.595062255859375,-0.4394097328186035,0.04811071545871907,0,0
260,3,x1,0101,1000,1000,-2.9700493812561035,-2.4778244495391846,-0.49222493171691895,0.051311895347986664,0,0
260,4,s32,0110,1010,1010,-2.8143789768218994,-2.474001407623291,-0.3403775691986084,0.05995842019755226,0,0
260,5,t032,0110,1000,1000,-3.1386399269104004,-2.4510347843170166,-0.6876051425933838,0.04335780856110279,0,0
260,6,s31,0011,1001,1001,-2.878854513168335,-2.447147846221924,-0.43170666694641113,0.05621713105582128,0,0
260,7,c31,0111,1010,1010,-2.909666061401367,-2.5057740211486816,-0.40389204025268555,0.05451212720283049,0,0
260,8,t213,0110,1000,1000,-3.0425167083740234,-2.3885765075683594,-0.6539402008056641,0.04773177748202032,0,0
261,1,t012,0101,1000,1000,-2.6560583114624023,-2.534886360168457,-0.12117195129394531,0.07026972657801929,0,0
261,2,x2,0111,1000,1000,-2.937361478805542,-2.5950582027435303,-0.3423032760620117,0.05301780659722711,0,0
261,3,x1,0011,1000,1000,-3.068342685699463,-2.4173977375030518,-0.6509449481964111,0.04651422281287181,0,0
261,4,s31,0110,1000,1000,-2.8789219856262207,-2.505805015563965,-0.37311697006225586,0.05621606958907498,0,0
261,5,s30,0110,1000,1000,-3.0683813095092773,-2.534608840942383,-0.5337724685668945,0.04651288645231821,0,0
261,6,t201,0110,1000,1000,-3.167461395263672,-2.4779374599456787,-0.6895239353179932,0.04212481375360826,0,0
261,7,c10,1110,1000,1000,-2.917384386062622,-2.4471330642700195,-0.47025132179260254,0.05409153804814376,0,0
261,8,s30,0111,1001,1001,-2.6269798278808594,-2.503852605819702,-0.12312722206115723,0.07232259631467362,0,0
262,1,c31,0010,1000,1000,-2.9358818531036377,-2.417746067047119,-0.5181357860565186,0.053122629981393256,0,0
262,2,t021,0010,1000,1000,-3.034489154815674,-2.651700258255005,-0.38278889656066895,0.048109904481746006,0,0
262,3,c03,0010,1001,1001,-3.235640287399292,-2.5344972610473633,-0.7011430263519287,0.03934426944229952,0,0
262,4,c12,0010,1000,1000,-3.2394440174102783,-2.5422072410583496,-0.6972367763519287,0.0391935999026315,0,0
262,5,t102,0010,1101,1101,-3.098954439163208,-2.5911707878112793,-0.5077836513519287,0.04510624789157048,0,0
262,6,s03,0010,1100,1100,-2.9661576747894287,-2.5911741256713867,-0.374983549118042,0.051512252303196185,0,0
262,7,t213,0010,1000,1000,-2.9700584411621094,-2.473951816558838,-0.4961066246032715,0.05131193913751379,0,0
262,8,t032,0010,1000,1000,-3.0018115043640137,-2.473944902420044,-0.5278666019439697,0.04970868067881535,0,0
263,1,t013,0011,1000,1000,-2.777168035507202,-2.534925937652588,-0.24224209785461426,0.06225722771132819,0,0
263,2,c23,0010,1000,1000,-2.9740006923675537,-2.5057151317596436,-0.46828556060791016,0.05111202300214175,0,0
263,3,t310,0010,1100,1100,-3.102874994277954,-2.534541606903076,-0.5683333873748779,0.04493143371212819,0,0
263,4,x3,0011,1000,1000,-2.9740235805511475,-2.5951175689697266,-0.3789060115814209,0.0511127634371084,0,0
263,5,x1,0111,1000,1000,-2.9413881301879883,-2.4491095542907715,-0.4922785758972168,0.052809734017403666,0,0
263,6,s31,0111,1000,1000,-3.001946210861206,-2.4452176094055176,-0.5567286014556885,0.049706885446256545,0,0
263,7,x0,1111,1000,1000,-2.8222126960754395,-2.3885700702667236,-0.4336426258087158,0.059495561970583935,0,0
263,8,c32,1101,1000,1000,-2.748018503189087,-2.5306949615478516,-0.21732354164123535,0.0640764440936443,0,0
264,1,s23,1110,0000,0000,-2.8416976928710938,-2.534909248352051,-0.30678844451904297,0.05836691267417334,0,0
264,2,s12,1110,1000,1000,-2.901768445968628,-2.651780128479004,-0.24998831748962402,0.05494224504631507,0,0
264,3,s12,1110,1011,1011,-2.9452130794525146,-2.5912671089172363,-0.3539459705352783,0.05260866669468227,0,0
264,4,t210,0110,1001,1001,-2.869192123413086,-2.6211190223693848,-0.24807310104370117,0.056767397238747776,0,0
264,5,c01,0110,1000,1000,-3.030757427215576,-2.5912692546844482,-0.43948817253112793,0.04829559638261878,0,0
264,6,t012,0110,1000,1000,-3.16743803024292,-2.477956771850586,-0.689481258392334,0.04212576642778274,0,0
264,7,c13,0111,1001,1001,-3.0039024353027344,-2.5605030059814453,-0.44339942932128906,0.04961047448029701,0,0
264,8,c12,0101,1000,1000,-3.0425164699554443,-2.4740686416625977,-0.5684478282928467,0.047732653037868854,0,0
265,1,s13,0010,1000,1000,-2.8048441410064697,-2.5953779220581055,-0.20946621894836426,0.060549909171199345,0,0
265,2,t013,0010,1100,1100,-3.098933458328247,-2.5950536727905273,-0.5038797855377197,0.04510695818931451,0,0
265,3,x1,0110,1000,1000,-2.9095163345336914,-2.595041036605835,-0.31447529792785645,0.05451415570743762,0,0
265,4,c20,1110,1001,1001,-2.84904408454895,-2.5038108825683594,-0.3452332019805908,0.05791695328555124,0,0
265,5,t023,1111,1001,1001,-2.849116325378418,-2.5038774013519287,-0.34523892402648926,0.05791690158347281,0,0
265,6,x1,1011,1000,1000,-2.595101833343506,-2.534553289413452,-0.06054854393005371,0.07466009117055955,0,0
265,7,t201,1111,1100,1100,-2.7481555938720703,-2.560635805130005,-0.18751978874206543,0.06407439865696811,0,0
265,8,x3,1110,1000,1000,-2.8414082527160645,-2.621128559112549,-0.22027969360351562,0.05836860955993369,0,0
266,1,t032,1011,1000,1000,-2.7210745811462402,-2.539353847503662,-0.18172073364257812,0.06588436654909165,0,0
266,2,x3,1010,1100,1100,-2.746074676513672,-2.5307679176330566,-0.21530675888061523,0.06420269284098484,0,0
266,3,t231,1010,1100,1100,-2.8413333892822266,-2.5913496017456055,-0.2499837875366211,0.05837035196144505,0,0
266,4,c30,1010,1001,1001,-2.9213342666625977,-2.5077881813049316,-0.413546085357666,0.05388282890501291,0,0
266,5,s12,1100,1001,1001,-2.712322235107422,-2.564335584640503,-0.14798665046691895,0.06640083875273592,0,0
266,6,t012,1110,1001,1001,-2.808662176132202,-2.591372489929199,-0.21728968620300293,0.060310865785789786,0,0
266,7,c01,1010,1000,1000,-2.66752290725708,-2.4780616760253906,-0.18946123123168945,0.06945518798482311,0,0
266,8,s10,0110,1111,1111,-2.905799388885498,-2.5624918937683105,-0.3433074951171875,0.05472528044971459,0,0
267,1,c32,1101,1000,1000,-2.9781928062438965,-2.478156089782715,-0.5000367164611816,0.050913344334151206,0,0
267,2,t013,1100,0000,0000,-2.71229887008667,-2.651736259460449,-0.0605626106262207,0.06640103889617573,0,0
267,3,x1,1000,1001,1001,-2.716221332550049,-2.591221332550049,-0.125,0.06614301724870993,0,0
267,4,t130,1000,1111,1111,-2.841306686401367,-2.5307679176330566,-0.31053876876831055,0.058370787606280936,0,0
267,5,x1,1100,1101,1101,-2.7768025398254395,-2.6518025398254395,-0.125,0.06225685241018419,0,0
267,6,s23,1100,1011,1011,-2.874952793121338,-2.5604941844940186,-0.31445860862731934,0.056436044471623,0,0
267,7,t210,1100,1001,1001,-2.9452462196350098,-2.5077476501464844,-0.4374985694885254,0.05260711437498157,0,0
267,8,c21,1100,1001,1001,-2.841306209564209,-2.5912928581237793,-0.2500133514404297,0.05836974195386448,0,0
268,1,t120,0100,1000,1000,-2.652318000793457,-2.5917069911956787,-0.06061100959777832,0.07054454634634638,0,0
268,2,s31,0001,1111,1111,-2.9094746112823486,-2.534497022628784,-0.37497758865356445,0.05451530843114405,0,0
268,3,x0,1001,1010,1010,-2.818185567855835,-2.534506320953369,-0.2836792469024658,0.059727816747149505,0,0
268,4,x2,1011,1110,1110,-2.691345691680908,-2.5346245765686035,-0.1567211151123047,0.06781217601777059,0,0
268,5,t301,1111,0100,0100,-2.8691649436950684,-2.5952019691467285,-0.27396297454833984,0.05676785220333437,0,0
268,6,x2,1101,1000,1000,-2.744152069091797,-2.68163800239563,-0.06251406669616699,0.06432805246885774,0,0
268,7,t103,1100,1000,1000,-2.716376781463623,-2.5625576972961426,-0.15381908416748047,0.066142574656807,0,0
268,8,s30,0101,1011,1011,-2.806617021560669,-2.591266632080078,-0.21535038948059082,0.06042914049945624,0,0
269,1,s30,1101,1000,1000,-2.8494515419006348,-2.4744200706481934,-0.3750314712524414,0.057917767731362715,0,0
269,2,t102,1111,0010,0010,-2.7767443656921387,-2.651742458343506,-0.1250019073486328,0.06225648199001295,0,0
269,3,c01,1011,1000,1000,-2.8085155487060547,-2.621005058288574,-0.18751049041748047,0.06031212438609746,0,0
269,4,t130,1011,1100,1100,-2.905759334564209,-2.5307741165161133,-0.3749852180480957,0.054728056461278034,0,0
269,5,x1,1111,1000,1000,-2.873020648956299,-2.4740490913391113,-0.3989715576171875,0.056546242172269216,0,0
269,6,x1,1011,1000,1000,-2.841373920440674,-2.5913596153259277,-0.2500143051147461,0.058371430465940004,0,0
269,7,t312,1011,1000,1000,-2.8183255195617676,-2.5058226585388184,-0.3125028610229492,0.05972746912415133,0,0
269,8,x3,1010,0000,0000,-2.7769370079040527,-2.6230554580688477,-0.15388154983520508,0.062256318257694426,0,0
270,1,s32,0000,1000,1000,-2.6600465774536133,-2.591736078262329,-0.06831049919128418,0.07000513922879349,0,0
270,2,s01,0000,1010,1010,-3.167207717895508,-2.5949831008911133,-0.5722246170043945,0.04212727823773507,0,0
270,3,s32,0000,1111,1111,-3.167253017425537,-2.534489631652832,-0.6327633857727051,0.042127426797451795,0,0
270,4,x0,1000,1010,1010,-2.595005750656128,-2.534473419189453,-0.060532331466674805,0.07465972237309153,0,0
270,5,s10,0100,1001,1001,-2.9017438888549805,-2.6517369747161865,-0.25000691413879395,0.05494133717330002,0,0
270,6,s23,0100,1001,1001,-3.1029396057128906,-2.5345559120178223,-0.5683836936950684,0.044930173011452954,0,0
270,7,t132,0100,1000,1000,-3.102959632873535,-2.4779112339019775,-0.6250483989715576,0.044930305556041834,0,0
270,8,s20,0100,1001,1001,-3.136568546295166,-2.534506320953369,-0.6020622253417969,0.043442024232652934,0,0
271,1,x0,0010,0000,0000,-2.750481128692627,-2.5628936290740967,-0.18758749961853027,0.06395159474660554,0,0
271,2,s32,0001,1100,1100,-2.8450963497161865,-2.534574031829834,-0.31052231788635254,0.05814521471810561,0,0
271,3,x0,1001,1000,1000,-2.720095157623291,-2.595095157623291,-0.125,0.06588691969505227,0,0
271,4,t103,1001,1010,1010,-2.8412861824035645,-2.621077060699463,-0.22020912170410156,0.05837155313649124,0,0
271,5,t023,1001,1100,1100,-2.9096314907073975,-2.5624735355377197,-0.34715795516967773,0.054514481982561466,0,0
271,6,s30,1001,1100,1100,-2.9739832878112793,-2.5624043941497803,-0.411578893661499,0.051113294882673764,0,0
271,7,s31,1100,1110,1110,-2.65566349029541,-2.560452938079834,-0.09521055221557617,0.07027045010332945,0,0
271,8,c13,1101,1011,1011,-2.7163028717041016,-2.5605340003967285,-0.15576887130737305,0.06614163592573856,0,0
272,1,t310,0101,1000,1000,-2.720728874206543,-2.591742992401123,-0.12898588180541992,0.06588353626695453,0,0
272,2,x0,1101,0000,0000,-2.9017093181610107,-2.6516976356506348,-0.250011682510376,0.05494146990032843,0,0
272,3,s21,1011,1000,1000,-2.744147300720215,-2.681638717651367,-0.06250858306884766,0.0643269654090501,0,0
272,4,s13,1110,1100,1100,-2.6855416297912598,-2.5307459831237793,-0.15479564666748047,0.06820824412179154,0,0
272,5,t301,1110,0001,0001,-2.966385841369629,-2.6211178302764893,-0.34526801109313965,0.05151014644496452,0,0
272,6,c30,1110,1000,1000,-2.97416090965271,-2.5913169384002686,-0.3828439712524414,0.05111001864274456,0,0
272,7,t301,1110,1111,1111,-2.7885327339172363,-2.5385327339172363,-0.25,0.06153242381711684,0,0
272,8,t312,1110,1000,1000,-2.882781505584717,-2.534599542617798,-0.34818196296691895,0.055996798953408214,0,0
273,1,x1,1000,1000,0000,-2.6522626876831055,-2.6523001194000244,3.743171691894531e-05,0.07055087292757523,1,0
273,2,x0,0000,1101,1101,-2.901731014251709,-2.6517183780670166,-0.2500126361846924,0.05494131265737944,0,0
273,3,t123,0000,1010,1010,-2.970162868499756,-2.5346314907073975,-0.4355313777923584,0.05131274727114414,0,0
273,4,c02,0000,1000,1000,-3.102871894836426,-2.595069408416748,-0.5078024864196777,0.0449314800544049,0,0
273,5,x2,0010,1111,1111,-2.9700493812561035,-2.5950732231140137,-0.37497615814208984,0.05131256816917201,0,0
273,6,t302,0010,1000,1000,-2.970099925994873,-2.595101833343506,-0.3749980926513672,0.05131265065359532,0,0
273,7,x0,1010,1000,1000,-2.7767210006713867,-2.6517131328582764,-0.12500786781311035,0.062258192545212906,0,0
273,8,x1,1110,0101,0101,-2.804690361022949,-2.6211342811584473,-0.18355607986450195,0.06054823822382769,0,0
274,1,t123,0011,1000,1000,-2.9060277938842773,-2.4743399620056152,-0.4316878318786621,0.05472791784124308,0,0
274,2,x0,1011,1000,1000,-2.8748788833618164,-2.5911834239959717,-0.2836954593658447,0.05643799505962239,0,0
274,3,c21,1111,1000,1000,-2.712378978729248,-2.562441349029541,-0.14993762969970703,0.06640059623387205,0,0
274,4,c12,1101,1000,1000,-2.970214366912842,-2.5058412551879883,-0.4643731117248535,0.05131171903033635,0,0
274,5,c23,1101,1010,1010,-2.8086342811584473,-2.5605649948120117,-0.24806928634643555,0.06031074316145,0,0
274,6,x0,0101,1000,1000,-2.808560371398926,-2.566293716430664,-0.24226665496826172,0.060309974635529354,0,0
274,7,x0,1101,1010,1010,-2.7768197059631348,-2.5604910850524902,-0.21632862091064453,0.062257005362034414,0,0
274,8,x2,1111,1010,1010,-2.845331907272339,-2.4741907119750977,-0.3711411952972412,0.05814213683892472,0,0
275,1,x2,1111,0000,0000,-2.966763734817505,-2.591649055480957,-0.37511467933654785,0.05150976042705542,0,0
275,2,t021,1011,0000,0000,-2.9057319164276123,-2.4740617275238037,-0.4316701889038086,0.05472760912458553,0,0
275,3,x3,1010,1000,1000,-2.7460808753967285,-2.5624852180480957,-0.1835956573486328,0.06420202908883399,0,0
275,4,t230,1010,1000,1000,-2.776869535446167,-2.651874542236328,-0.12499499320983887,0.062256844019392396,0,0
275,5,c01,1110,1000,1000,-2.966265916824341,-2.595134735107422,-0.37113118171691895,0.05151126503770953,0,0
275,6,x2,1100,1000,1000,-2.748011589050293,-2.5912625789642334,-0.15674901008605957,0.0640760328567064,0,0
275,7,t301,1100,1001,1001,-2.8184258937835693,-2.5347375869750977,-0.2836883068084717,0.05972670080115803,0,0
275,8,s20,0110,1011,1011,-3.0019371509552,-2.417407989501953,-0.5845291614532471,0.04970768407236739,0,0
276,1,x1,0000,1000,1000,-2.59536075592041,-2.5914499759674072,-0.00391077995300293,0.07466056924689513,0,0
276,2,s20,0000,1100,1100,-3.167243003845215,-2.5950121879577637,-0.5722308158874512,0.042127149009486185,0,0
276,3,x2,0010,1111,1111,-3.046100378036499,-2.421133518218994,-0.6249668598175049,0.04755313233968492,0,0
276,4,c10,0010,1000,1000,-3.0989694595336914,-2.5950417518615723,-0.5039277076721191,0.04510576382638833,0,0
276,5,s12,0100,1000,1000,-2.7278308868408203,-2.5950169563293457,-0.1328139305114746,0.06537381698521888,0,0
276,6,s01,1000,1011,1011,-2.7239418029785156,-2.503730058670044,-0.22021174430847168,0.06563008681879347,0,0
276,7,c12,1000,0101,0101,-2.8372788429260254,-2.6287789344787598,-0.20849990844726562,0.05860059684676201,0,0
276,8,t132,1000,0001,0001,-2.8690550327301025,-2.6518149375915527,-0.2172400951385498,0.05676957331930422,0,0
277,1,s31,0111,0000,0000,-2.9020681381225586,-2.5347490310668945,-0.36731910705566406,0.054938075628588004,0,0
277,2,c32,0101,1000,1000,-3.034562587738037,-2.4739670753479004,-0.5605955123901367,0.04810782254743004,0,0
277,3,s03,1100,1000,1000,-2.7767786979675293,-2.6209912300109863,-0.15578746795654297,0.06225599762627016,0,0
277,4,c32,1100,1001,1001,-2.9740283489227295,-2.5624136924743652,-0.41161465644836426,0.05111196803013663,0,0
277,5,x1,1000,1001,1001,-2.683586359024048,-2.621086359024048,-0.0625,0.06834336314788134,0,0
277,6,x2,1010,1101,1101,-2.6836094856262207,-2.595222234725952,-0.08838725090026855,0.06834339481960365,0,0
277,7,x0,0010,0000,0000,-2.8105435371398926,-2.6230335235595703,-0.18751001358032227,0.06019492221146367,0,0
277,8,t013,0010,1000,1000,-2.901883125305176,-2.5605459213256836,-0.3413372039794922,0.054941031920730896,0,0
278,1,x3,1001,1000,1000,-2.8112449645996094,-2.6237449645996094,-0.1875,0.060196311703057344,0,0
278,2,s31,1100,1000,1000,-2.6518402099609375,-2.651817798614502,-2.2411346435546875e-05,0.07054615558264657,0,0
278,3,s31,1001,1111,1111,-2.776897430419922,-2.6519055366516113,-0.12499189376831055,0.06225708388361688,0,0
278,4,t103,1001,1010,1010,-2.751960277557373,-2.564469337463379,-0.18749094009399414,0.06382727821621786,0,0
278,5,s31,1100,1010,1010,-2.8373470306396484,-2.6249196529388428,-0.21242737770080566,0.05859949976178826,0,0
278,6,x0,0100,1001,1001,-2.8749403953552246,-2.564396858215332,-0.3105435371398926,0.05643775642710849,0,0
278,7,x1,0000,1000,1000,-3.0077805519104004,-2.5952134132385254,-0.412567138671875,0.04942004475546248,0,0
278,8,t123,0000,1010,1010,-2.9374794960021973,-2.5644543170928955,-0.37302517890930176,0.05301939074264528,0,0
279,1,c21,1101,0000,0000,-2.910048007965088,-2.5916104316711426,-0.3184375762939453,0.054513825823957605,0,0
279,2,t312,1111,1100,1100,-2.712355136871338,-2.6518001556396484,-0.06055498123168945,0.06640081640126255,0,0
279,3,t031,1011,1000,1000,-2.7769105434417725,-2.621143102645874,-0.15576744079589844,0.06225685490218459,0,0
279,4,c21,1111,1000,1000,-2.8086190223693848,-2.5605504512786865,-0.24806857109069824,0.06031112800084684,0,0
279,5,s23,1111,1000,1000,-2.8789238929748535,-2.445300340652466,-0.4336235523223877,0.05621696124062644,0,0
279,6,c30,0111,1000,1000,-2.998079776763916,-2.445293664932251,-0.552786111831665,0.04990142546956582,0,0
279,7,t013,0111,1000,1000,-3.09911847114563,-2.4452593326568604,-0.6538591384887695,0.04510491296656538,0,0
279,8,s03,1110,1000,1000,-2.784653663635254,-2.4740610122680664,-0.3105926513671875,0.06177243163826658,0,0
280,1,x0,1011,1000,1000,-2.720442295074463,-2.534830331802368,-0.18561196327209473,0.06588539091218283,0,0
280,2,t102,1011,1000,1000,-2.84124755859375,-2.5624265670776367,-0.2788209915161133,0.0583713711042675,0,0
280,3,x0,0011,1100,1100,-2.9672563076019287,-2.6210265159606934,-0.34622979164123535,0.05146018042503378,0,0
280,4,c20,1011,1000,1000,-2.731773614883423,-2.4251089096069336,-0.30666470527648926,0.06512535636668228,0,0
280,5,x1,1111,1000,1000,-2.7201273441314697,-2.505735158920288,-0.21439218521118164,0.06588523647077651,0,0
280,6,t302,1101,1000,1000,-2.970188617706299,-2.5058112144470215,-0.46437740325927734,0.051311905502376604,0,0
280,7,s10,1101,1000,1000,-2.8412551879882812,-2.534579277038574,-0.30667591094970703,0.05837057139348744,0,0
280,8,c12,1111,1010,1010,-2.905677556991577,-2.5951175689697266,-0.3105599880218506,0.05472772549261164,0,0
281,1,x1,0001,1000,1000,-2.78096866607666,-2.4742960929870605,-0.3066725730895996,0.06201733713353083,0,0
281,2,c10,0001,1000,1000,-2.9661378860473633,-2.6516711711883545,-0.3144667148590088,0.05151238712934107,0,0
281,3,c13,0001,1100,1100,-3.239447593688965,-2.4816675186157227,-0.7577800750732422,0.03919335296130623,0,0
281,4,x3,0000,1000,1000,-2.909493923187256,-2.5662288665771484,-0.3432650566101074,0.05451555305460065,0,0
281,5,s31,0000,1100,1100,-2.966197967529297,-2.651726484298706,-0.3144714832305908,0.05151103219847641,0,0
281,6,s02,0000,1011,1011,-3.0642926692962646,-2.6814792156219482,-0.3828134536743164,0.04669644787556973,0,0
281,7,s20,0000,1000,1000,-2.999866247177124,-2.6516849994659424,-0.34818124771118164,0.04980399907786519,0,0
281,8,s13,0000,1011,1011,-2.901700973510742,-2.5305874347686768,-0.37111353874206543,0.05494067838024014,0,0
282,1,s31,0011,0000,0000,-2.7848806381225586,-2.478160858154297,-0.3067197799682617,0.061773502559843076,0,0
282,2,s02,1001,1000,1000,-2.693211078643799,-2.505711078643799,-0.1875,0.06768077230232149,0,0
282,3,t213,1001,1000,1000,-2.776817798614502,-2.651817798614502,-0.125,0.06225666997608763,0,0
282,4,s01,0101,1110,1110,-2.901808261871338,-2.591249942779541,-0.3105583190917969,0.05494039295107802,0,0
282,5,x1,0001,1000,1000,-2.9374494552612305,-2.6249351501464844,-0.3125143051147461,0.053018731841797694,0,0
282,6,s20,0001,1010,1010,-3.001861095428467,-2.5643434524536133,-0.4375176429748535,0.04970933541134154,0,0
282,7,c12,0001,1100,1100,-3.1365652084350586,-2.534541368484497,-0.6020238399505615,0.04344306380417667,0,0
282,8,x1,0101,1010,1010,-2.8768887519836426,-2.5643434524536133,-0.3125452995300293,0.05632638505615616,0,0
283,1,t123,1100,0000,0000,-2.910055637359619,-2.5310301780700684,-0.3790254592895508,0.05451191920239538,0,0
283,2,s01,1100,1001,1001,-2.9662060737609863,-2.651754379272461,-0.3144516944885254,0.051512629964838644,0,0
283,3,x2,1110,1001,1001,-2.8412468433380127,-2.621023654937744,-0.22022318840026855,0.0583705196719284,0,0
283,4,t301,1110,1000,1000,-2.8414113521575928,-2.560640811920166,-0.28077054023742676,0.05836916432601402,0,0
283,5,x0,0110,1000,1000,-2.965348720550537,-2.5912938117980957,-0.3740549087524414,0.0515610220701016,0,0
283,6,c21,0010,1101,1101,-3.0135366916656494,-2.4818167686462402,-0.5317199230194092,0.049134365768159084,0,0
283,7,x1,0110,1101,1101,-3.034660816192627,-2.564450263977051,-0.47021055221557617,0.04810821816538989,0,0
283,8,s13,0011,0001,0001,-2.8490686416625977,-2.5990548133850098,-0.2500138282775879,0.057917653460683664,0,0
284,1,t213,0010,1000,1000,-2.683946132659912,-2.5916786193847656,-0.09226751327514648,0.06834425755750541,0,0
284,2,c12,0010,1100,1100,-3.239459991455078,-2.481682062149048,-0.7577779293060303,0.03919333527157272,0,0
284,3,s13,0010,1100,1100,-3.1672940254211426,-2.595065116882324,-0.5722289085388184,0.04212710885574826,0,0
284,4,c31,0010,1111,1111,-3.2356529235839844,-2.595099449157715,-0.6405534744262695,0.039344507038343184,0,0
284,5,x1,0110,1010,1010,-2.909546375274658,-2.534518003463745,-0.3750283718109131,0.054513825353471844,0,0
284,6,c12,0100,1101,1101,-2.841231107711792,-2.5912039279937744,-0.2500271797180176,0.05836916143134346,0,0
284,7,t203,0100,1000,1000,-3.102959632873535,-2.538459300994873,-0.5645003318786621,0.04493014175542575,0,0
284,8,c32,0100,1001,1001,-3.167393445968628,-2.5345230102539062,-0.6328704357147217,0.04212500822983813,0,0
285,1,t012,0011,1000,1000,-2.90623140335083,-2.474550724029541,-0.43168067932128906,0.054728649507371656,0,0
285,2,c13,0011,1000,1000,-3.0018539428710938,-2.445194721221924,-0.5566592216491699,0.04970912183665696,0,0
285,3,c01,0011,1100,1100,-2.9700894355773926,-2.5345406532287598,-0.4355487823486328,0.051311909864542656,0,0
285,4,c30,1011,1100,1100,-2.7518157958984375,-2.5057361125946045,-0.246079683303833,0.06382919054011119,0,0
285,5,t032,1001,1000,1000,-2.7846217155456543,-2.5346217155456543,-0.25,0.06177458158769024,0,0
285,6,c13,1001,1010,1010,-2.874903678894043,-2.591214179992676,-0.2836894989013672,0.056437046851357434,0,0
285,7,c20,1001,1110,1110,-2.9393534660339355,-2.5604631900787354,-0.3788902759552002,0.05291500012528425,0,0
285,8,c32,1011,1100,1100,-2.808541774749756,-2.6518096923828125,-0.15673208236694336,0.0603116252688539,0,0
286,1,t302,0111,1000,1000,-2.9666762351989746,-2.5349655151367188,-0.43171072006225586,0.05150972298810694,0,0
286,2,c30,1111,1000,1000,-2.7200875282287598,-2.505702495574951,-0.2143850326538086,0.06588526940713288,0,0
286,3,t123,1110,1000,1000,-2.8374648094177246,-2.5625147819519043,-0.2749500274658203,0.05859704421156558,0,0
286,4,s03,0111,0001,0001,-2.8413305282592773,-2.6211061477661133,-0.22022438049316406,0.05837067700210584,0,0
286,5,x0,1111,1000,1000,-2.855909824371338,-2.41740345954895,-0.4385063648223877,0.05752376973803928,0,0
286,6,s10,1111,1000,1000,-2.810643196105957,-2.5308103561401367,-0.2798328399658203,0.06019366239260694,0,0
286,7,x3,1110,1000,1000,-2.8414347171783447,-2.591365098953247,-0.25006961822509766,0.058368079465391506,0,0
286,8,c32,1110,0001,0001,-2.869147777557373,-2.6508054733276367,-0.21834230422973633,0.056765588778445,0,0
287,1,x3,0011,1000,1000,-2.8695616722106934,-2.59553861618042,-0.27402305603027344,0.056765929776781424,0,0
287,2,t102,0011,1000,1000,-3.0345468521118164,-2.4778740406036377,-0.5566728115081787,0.048109065365448775,0,0
287,3,x0,1011,1100,1100,-2.7201108932495117,-2.534579277038574,-0.1855316162109375,0.06588675904728908,0,0
287,4,x2,1001,1100,1100,-2.8144443035125732,-2.562523603439331,-0.2519207000732422,0.05996097681158031,0,0
287,5,x0,0001,1111,1111,-2.902822971343994,-2.621082305908203,-0.281740665435791,0.05488788573688935,0,0
287,6,x3,0000,1010,1010,-2.941333532333374,-2.534613609313965,-0.4067199230194092,0.05281311311311794,0,0
287,7,t231,0000,1100,1100,-2.9701313972473145,-2.595136880874634,-0.37499451637268066,0.0513126497238231,0,0
287,8,t201,0000,1101,1101,-2.970095157623291,-2.5950894355773926,-0.37500572204589844,0.05131204832104249,0,0
288,1,c23,0000,1000,1000,-2.6819164752960205,-2.5916309356689453,-0.0902855396270752,0.06848272431340938,0,0
288,2,s23,0000,1011,1011,-3.2393786907196045,-2.534430742263794,-0.7049479484558105,0.039193861225249156,0,0
288,3,t102,0000,1111,1111,-3.235564708709717,-2.59501314163208,-0.6405515670776367,0.03934474003588519,0,0
288,4,x0,1000,1100,1100,-2.6555495262145996,-2.595019817352295,-0.06052970886230469,0.07027322504465736,0,0
288,5,s13,1000,1011,1011,-2.7161669731140137,-2.5306267738342285,-0.18554019927978516,0.06614313498733879,0,0
288,6,t132,1000,1010,1010,-2.9095475673675537,-2.595104217529297,-0.31444334983825684,0.05451509173367888,0,0
288,7,x3,1001,1110,1110,-2.751850128173828,-2.5912413597106934,-0.16060876846313477,0.06382805205699862,0,0
288,8,x1,1101,1010,1010,-2.869127035140991,-2.651836395263672,-0.21729063987731934,0.056768966442592106,0,0
289,1,s30,0000,0000,1000,-2.5916688442230225,-2.591689109802246,2.0265579223632812e-05,0.07495672448544793,1,0
289,2,c20,0000,1100,1100,-3.167250156402588,-2.5950188636779785,-0.5722312927246094,0.042127258852174936,0,0
289,3,s20,0000,1100,1100,-3.3077855110168457,-2.4816765785217285,-0.8261089324951172,0.03660466881501691,0,0
289,4,x1,0100,1000,1000,-2.784539222717285,-2.5950429439544678,-0.18949627876281738,0.0617721617041179,0,0
289,5,x1,0000,1001,1001,-2.901977777481079,-2.591301441192627,-0.31067633628845215,0.054937648746013173,0,0
289,6,t132,0000,1000,1000,-2.970118999481201,-2.5345425605773926,-0.4355764389038086,0.051311539418408325,0,0
289,7,c21,0000,1010,1010,-3.034532070159912,-2.534496784210205,-0.500035285949707,0.04810812374249669,0,0
289,8,s32,0000,1100,1100,-3.0344767570495605,-2.534454822540283,-0.5000219345092773,0.048108442297025863,0,0
290,1,t312,1100,1000,1000,-2.716858386993408,-2.5351641178131104,-0.18169426918029785,0.0661429206939244,0,0
290,2,x2,1110,1001,1001,-2.7479662895202637,-2.6210155487060547,-0.12695074081420898,0.06407686048059444,0,0
290,3,x2,1100,1000,1000,-2.8087105751037598,-2.591435432434082,-0.21727514266967773,0.06031306495589443,0,0
290,4,s13,1001,0001,0001,-2.6816189289093018,-2.6816039085388184,-1.5020370483398438e-05,0.0684754651806027,0,0
290,5,t321,1001,1010,1010,-2.875016212463379,-2.5625076293945312,-0.31250858306884766,0.05643656373085426,0,0
290,6,c31,1101,1010,1010,-2.7162537574768066,-2.5912349224090576,-0.12501883506774902,0.06614226471690363,0,0
290,7,s10,1101,1000,1000,-2.905700922012329,-2.5624301433563232,-0.34327077865600586,0.05472709767351896,0,0
290,8,c03,1100,1010,1010,-2.784684896469116,-2.503880500793457,-0.2808043956756592,0.061771454252533234,0,0
291,1,x1,1001,1010,1010,-2.7203996181488037,-2.538787364959717,-0.18161225318908691,0.06588988772975321,0,0
291,2,x3,1000,1010,1010,-2.7161996364593506,-2.5912139415740967,-0.1249856948852539,0.06614379481581399,0,0
291,3,x2,1010,1010,1011,-2.651798725128174,-2.651798725128174,0.0,0.07054669499799995,0,1
291,4,x1,1110,0001,0001,-2.8691368103027344,-2.681614398956299,-0.18752241134643555,0.05676791188913424,0,0
291,5,c10,0110,1000,1000,-3.0001296997070312,-2.560680866241455,-0.43944883346557617,0.04980496613330372,0,0
291,6,t321,0110,1000,1000,-3.1031298637390137,-2.5039737224578857,-0.5991561412811279,0.04492952599482368,0,0
291,7,s02,1100,1001,1001,-2.7596821784973145,-2.447157859802246,-0.31252431869506836,0.06333192669039628,0,0
291,8,s03,0101,1011,1011,-2.812497138977051,-2.562471866607666,-0.25002527236938477,0.06007615332636811,0,0
292,1,c12,1000,1000,1010,-2.4746203422546387,-2.6563596725463867,0.18173933029174805,0.08427376184904095,1,0
292,2,t032,1000,1111,1111,-2.712336540222168,-2.651813507080078,-0.060523033142089844,0.06640275550794128,0,0
292,3,s10,0100,1011,1011,-2.909632444381714,-2.5345895290374756,-0.3750429153442383,0.054513171761366205,0,0
292,4,s31,0001,1001,1001,-2.880828380584717,-2.534627676010132,-0.34620070457458496,0.056108627670693495,0,0
292,5,t123,0001,1010,1010,-3.1712357997894287,-2.5115253925323486,-0.6597104072570801,0.04196383650232033,0,0
292,6,c21,0001,1010,1010,-3.140444755554199,-2.481762409210205,-0.6586823463439941,0.04327622544521897,0,0
292,7,c01,0001,1000,1000,-3.0990352630615234,-2.5345547199249268,-0.5644805431365967,0.0451056880437992,0,0
292,8,x3,0000,1000,1000,-2.880758285522461,-2.534546375274658,-0.34621191024780273,0.05610873306660848,0,0
293,1,c01,1110,0000,0000,-2.9783177375793457,-2.5348458290100098,-0.44347190856933594,0.05091075399722458,0,0
293,2,s21,1110,1000,1000,-2.9056859016418457,-2.5912344455718994,-0.3144514560699463,0.05472774022838401,0,0
293,3,t120,0110,1000,1000,-3.0000128746032715,-2.6518406867980957,-0.3481721878051758,0.04980439278913487,0,0
293,4,s32,0101,1000,1000,-2.9125478267669678,-2.5951404571533203,-0.31740736961364746,0.05435433723283935,0,0
293,5,x0,1101,1000,1000,-2.8201799392700195,-2.4778895378112793,-0.34229040145874023,0.05961159923351756,0,0
293,6,t120,1101,1000,1000,-2.873012065887451,-2.621048927307129,-0.25196313858032227,0.056546841854386715,0,0
293,7,s03,1101,1000,1000,-2.8086161613464355,-2.591301441192627,-0.2173147201538086,0.06031045084050549,0,0
293,8,x2,1111,1000,1000,-2.776909828186035,-2.591338872909546,-0.18557095527648926,0.06225591380420747,0,0
294,1,x2,0101,1000,1000,-2.8416080474853516,-2.5348587036132812,-0.3067493438720703,0.05836869120067476,0,0
294,2,x1,0001,1000,1000,-2.848963975906372,-2.5345046520233154,-0.31445932388305664,0.05791795924893855,0,0
294,3,s01,0001,1100,1100,-2.999905586242676,-2.5912375450134277,-0.40866804122924805,0.04980617118982955,0,0
294,4,c31,0101,1010,1010,-3.0423078536987305,-2.4509873390197754,-0.5913205146789551,0.047738375070655044,0,0
294,5,s12,0011,1010,1010,-2.9490108489990234,-2.4509544372558594,-0.49805641174316406,0.05240496584367207,0,0
294,6,x3,0010,1000,1000,-3.0038084983825684,-2.5057320594787598,-0.4980764389038086,0.04961189876961869,0,0
294,7,s12,0100,1000,1000,-2.792323112487793,-2.5950427055358887,-0.1972804069519043,0.06129272441571119,0,0
294,8,c01,0100,1010,1010,-3.0346360206604004,-2.595120906829834,-0.4395151138305664,0.04810760240792994,0,0
295,1,c20,1011,1000,1000,-2.716590404510498,-2.591552257537842,-0.12503814697265625,0.06614312702317364,0,0
295,2,x0,0011,1000,1000,-2.9662375450134277,-2.562392234802246,-0.40384531021118164,0.05151147878095762,0,0
295,3,t123,0011,1000,1000,-3.171276569366455,-2.4817991256713867,-0.6894774436950684,0.04196463863032942,0,0
295,4,c21,0111,1000,1000,-3.013545513153076,-2.481739044189453,-0.531806468963623,0.04913191621923398,0,0
295,5,t312,0101,1000,1000,-2.9066967964172363,-2.417372226715088,-0.48932456970214844,0.05467329651134797,0,0
295,6,s03,1100,1000,1000,-2.753819704055786,-2.5345699787139893,-0.21924972534179688,0.06370407525841193,0,0
295,7,s03,0101,1001,1001,-2.8770108222961426,-2.5624969005584717,-0.3145139217376709,0.05632538120220811,0,0
295,8,s12,0011,1000,1000,-2.8451359272003174,-2.5643362998962402,-0.28079962730407715,0.05814343913044644,0,0
296,1,c03,0000,1000,1000,-2.6877901554107666,-2.4178085327148438,-0.26998162269592285,0.06808498264733925,0,0
296,2,s13,0000,1111,1111,-3.167229175567627,-2.534468650817871,-0.6327605247497559,0.04212735909794895,0,0
296,3,s31,0000,1010,1010,-3.303915023803711,-2.5344769954681396,-0.7694380283355713,0.03674590796630593,0,0
296,4,s03,0000,1010,1010,-3.0989043712615967,-2.6516714096069336,-0.4472329616546631,0.04510659073341487,0,0
296,5,s30,0000,1010,1010,-3.239474058151245,-2.5950300693511963,-0.6444439888000488,0.039192562275623385,0,0
296,6,t310,0000,1000,1000,-3.102890729904175,-2.5345141887664795,-0.5683765411376953,0.044930478573884235,0,0
296,7,c01,0000,1000,1000,-3.0345277786254883,-2.5950376987457275,-0.43949007987976074,0.0481081170346652,0,0
296,8,x2,0010,1010,1010,-2.8748703002929688,-2.5643157958984375,-0.31055450439453125,0.056437809071449324,0,0
297,1,t120,1010,1000,1000,-2.631514072418213,-2.535271167755127,-0.09624290466308594,0.0720428682751467,0,0
297,2,x2,1000,0000,0000,-2.7728757858276367,-2.712319850921631,-0.06055593490600586,0.06250095861704048,0,0
297,3,t012,1000,1001,1001,-2.776803493499756,-2.651803493499756,-0.125,0.062256791537600956,0,0
297,4,c13,1000,1010,1010,-2.84124755859375,-2.6518023014068604,-0.18944525718688965,0.058370693525598795,0,0
297,5,t312,1000,1101,1101,-2.973968029022217,-2.5345187187194824,-0.4394493103027344,0.05111226376423993,0,0
297,6,t102,1000,1101,1101,-3.0461254119873047,-2.5344977378845215,-0.5116276741027832,0.04755324533426245,0,0
297,7,c03,1001,1101,1101,-2.6307337284088135,-2.505742073059082,-0.12499165534973145,0.07204509885070307,0,0
297,8,x0,0001,1000,1000,-2.905632495880127,-2.6517181396484375,-0.25391435623168945,0.054728048877087876,0,0
298,1,s01,1100,1000,1000,-2.716679573059082,-2.5349717140197754,-0.18170785903930664,0.06614393679867119,0,0
298,2,c12,1110,0000,0000,-2.8372981548309326,-2.7122957706451416,-0.12500238418579102,0.05859898192257117,0,0
298,3,x2,1100,1000,1000,-2.8163914680480957,-2.5039100646972656,-0.3124814033508301,0.059844820382331305,0,0
298,4,s12,1010,1001,1001,-2.7162675857543945,-2.562453508377075,-0.15381407737731934,0.06614315152470732,0,0
298,5,c02,1000,0101,0101,-2.744137763977051,-2.595210075378418,-0.1489276885986328,0.06432723495128546,0,0
298,6,c23,1000,1101,1101,-2.7885043621063232,-2.505815029144287,-0.28268933296203613,0.06153384728464728,0,0
298,7,s30,0001,1101,1101,-2.7768096923828125,-2.5018789768218994,-0.2749307155609131,0.06225628304433758,0,0
298,8,x2,0011,1010,1010,-2.970160961151123,-2.591257095336914,-0.378903865814209,0.051311657427793866,0,0
299,1,c12,0011,1000,1000,-2.9665489196777344,-2.4782018661499023,-0.48834705352783203,0.05151259716325385,0,0
299,2,c30,1011,1000,1000,-2.7518463134765625,-2.5345492362976074,-0.21729707717895508,0.06382823164502961,0,0
299,3,s03,1011,1000,1000,-2.7441067695617676,-2.623007297515869,-0.12109947204589844,0.06432710964662643,0,0
299,4,t201,1111,1000,1000,-2.712449073791504,-2.5625128746032715,-0.14993619918823242,0.06640018383000312,0,0
299,5,s32,1111,0000,0000,-2.869204044342041,-2.592297077178955,-0.27690696716308594,0.05676725752669156,0,0
299,6,s01,1111,1000,1000,-2.8412928581237793,-2.5307295322418213,-0.310563325881958,0.058370260153970586,0,0
299,7,s10,1111,1000,1000,-2.9096462726593018,-2.4452757835388184,-0.4643704891204834,0.054514987310360453,0,0
299,8,x2,1101,1000,1000,-2.789546489715576,-2.4472267627716064,-0.3423197269439697,0.06147258691565785,0,0
