example_id,step,gate,gold_state,best_state,best_wrong_state,gold_logprob,best_wrong_logprob,margin,gold_prob16,local_correct,tie
0,1,s30,0110,0110,1110,-0.06671476364135742,-3.202057361602783,3.135342597961426,0.9355002807488522,1,0
0,2,c13,0111,0111,0110,-8.845045522321016e-05,-9.50008773803711,9.499999287581886,0.9999227043035891,1,0
0,3,t132,0101,0101,0110,-5.567009065998718e-05,-11.688285827636719,11.688230157546059,0.9999858961223935,1,0
0,4,x2,0111,0111,0110,-5.686169970431365e-05,-11.625056266784668,11.624999405084964,0.9999901606643713,1,0
0,5,c10,1111,1111,1110,-0.00016652279009576887,-8.750165939331055,8.749999416540959,0.9998342039940558,1,0
0,6,t201,1011,1011,1111,-0.0032137841917574406,-5.815224647521973,5.812010863330215,0.9968265825686144,1,0
0,7,s12,1101,1101,1011,-5.733903162763454e-05,-10.633962631225586,10.633905292193958,0.9999480499345825,1,0
0,8,t302,1111,1111,1110,-0.00023029136355035007,-8.500229835510254,8.499999544146704,0.9997741317182278,1,0
1,1,s31,1010,1110,1110,-1.2479664087295532,-0.6628968715667725,-0.5850695371627808,0.28709396993619474,0,0
1,2,c30,1010,1010,1110,-2.0265570128685795e-06,-13.75000286102295,13.750000834465936,0.9999983733965145,1,0
1,3,t301,1010,1010,1110,-0.0005573889357037842,-7.500560283660889,7.500002894725185,0.9994470240990949,1,0
1,4,c01,1110,1110,1010,-2.014628807955887e-05,-11.375053405761719,11.37503325947364,0.9999837136166311,1,0
1,5,x2,1100,1100,1101,-7.748590178380255e-06,-13.000008583068848,13.00000083447867,0.9999969280439942,1,0
1,6,s01,1100,1100,0110,-0.007702889386564493,-4.900821208953857,4.893118319567293,0.9923916545121211,1,0
1,7,c01,1000,1000,1010,-4.005398295703344e-05,-10.750039100646973,10.749999046664016,0.9999646308294031,1,0
1,8,c20,1000,1000,1100,-6.198873961693607e-06,-12.750008583068848,12.750002384194886,0.9999964374441022,1,0
2,1,c32,1101,1101,1110,-0.0011689034290611744,-7.189333438873291,7.18816453544423,0.9988373734598861,1,0
2,2,s12,1011,1011,1111,-0.004629173781722784,-5.693049430847168,5.688420257065445,0.9953853192780507,1,0
2,3,x0,0011,0011,1011,-8.344648563252122e-07,-14.875019073486328,14.875018239021472,0.9999994332831933,1,0
2,4,x0,1011,1011,0011,-2.3245682314154692e-05,-11.125014305114746,11.124991059432432,0.9999779903299462,1,0
2,5,s30,1011,1011,0011,-0.00018702857778407633,-9.375147819519043,9.374960790941259,0.9998771075403039,1,0
2,6,t120,1011,1011,0011,-0.07903465628623962,-2.5789122581481934,2.4998776018619537,0.9240274027399937,1,0
2,7,c30,0011,0011,1011,-2.7418097943154862e-06,-13.500021934509277,13.500019192699483,0.9999985839529829,1,0
2,8,x1,0111,0111,0011,-9.059875083039515e-06,-12.000008583068848,11.999999523193765,0.9999930829869633,1,0
3,1,t031,1111,1111,0011,-0.01176309771835804,-5.006790637969971,4.995027540251613,0.9883126173760938,1,0
3,2,s01,1111,1111,1011,-0.00019453599816188216,-8.875194549560547,8.875000013562385,0.9998288218278726,1,0
3,3,c21,1011,1011,0011,-5.841240636073053e-06,-14.750163078308105,14.75015723706747,0.9999992509796455,1,0
3,4,c30,0011,0011,1011,-4.172320586803835e-06,-13.500142097473145,13.500137925152558,0.9999977883824996,1,0
3,5,s10,0011,0011,0110,-6.616019527427852e-05,-10.135974884033203,10.135908723837929,0.9999344069858931,1,0
3,6,s10,0011,0011,0010,-0.0019568665884435177,-6.251956939697266,6.250000073108822,0.9980452854973824,1,0
3,7,x3,0010,0010,0011,-2.3364806111203507e-05,-13.750022888183594,13.749999523377483,0.9999977319541152,1,0
3,8,t013,0010,0010,0011,-6.532517727464437e-05,-9.875064849853516,9.874999524676241,0.9999480753338807,1,0
4,1,s03,0011,1010,1010,-2.017730474472046,-0.2705683708190918,-1.747162103652954,0.13296389309885706,0,0
4,2,s23,0011,0011,0001,-0.023250332102179527,-3.7732481956481934,3.749997863546014,0.9770200377449382,1,0
4,3,s31,0110,0110,0101,-0.0009316817740909755,-7.000961780548096,7.000030098774005,0.9990691734069044,1,0
4,4,x1,0010,0010,1010,-3.0278937629191205e-05,-11.37501335144043,11.3749830725028,0.9999872499103217,1,0
4,5,x1,0110,0110,0010,-1.2874535059381742e-05,-11.375044822692871,11.375031948157812,0.9999875230290928,1,0
4,6,c03,0110,0110,0111,-0.00035828669206239283,-8.000357627868652,7.99999934117659,0.9996622274150654,1,0
4,7,s01,1010,1010,0110,-8.082194108283147e-05,-10.250075340270996,10.249994518329913,0.9999529268321745,1,0
4,8,x3,1011,1011,1000,-5.233197953202762e-05,-14.188313484191895,14.188261152212363,0.9999980727810531,1,0
5,1,c32,0110,0110,0100,-0.20281890034675598,-1.7020851373672485,1.4992662370204926,0.8164293106872549,1,0
5,2,s23,0101,0101,0110,-0.004634045995771885,-5.393795967102051,5.389161921106279,0.9953836198364893,1,0
5,3,s20,0101,0101,1100,-0.010465526022017002,-4.636593818664551,4.626128292642534,0.9899052004107567,1,0
5,4,t132,0111,0111,0110,-0.0002209969679825008,-8.625221252441406,8.625000255473424,0.9997846868141567,1,0
5,5,x1,0011,0011,0111,-6.198873961693607e-06,-14.128608703613281,14.12860250473932,0.9999990630247535,1,0
5,6,x2,0001,0001,0010,-0.0002770047867670655,-13.625765800476074,13.625488795689307,0.9999985323332996,1,0
5,7,t320,0001,0001,1001,-7.748575626465026e-06,-13.750017166137695,13.750009417562069,0.9999987816938417,1,0
5,8,s10,0001,0001,0000,-2.455681715218816e-05,-10.62502384185791,10.624999285040758,0.9999756701493299,1,0
6,1,t230,1101,1101,0101,-0.005676392465829849,-5.255238056182861,5.2495616637170315,0.9943424388718443,1,0
6,2,t031,1001,1001,1111,-0.20145609974861145,-1.7906770706176758,1.5892209708690643,0.8175721265462381,1,0
6,3,x0,0001,0001,1001,-4.5299448174773715e-06,-13.250032424926758,13.25002789498194,0.9999979741396711,1,0
6,4,t230,0001,0001,1001,-1.7523621863801964e-05,-11.250085830688477,11.250068307066613,0.9999868371796974,1,0
6,5,c32,0011,0011,0010,-0.00014221038145478815,-10.875142097473145,10.87499988709169,0.9999680397635766,1,0
6,6,t013,0011,0011,0010,-4.053112661495106e-06,-13.875003814697266,13.874999761584604,0.9999988123534981,1,0
6,7,c20,1011,1011,1010,-1.8000473573920317e-05,-11.062518119812012,11.062500119338438,0.999982968576446,1,0
6,8,x1,1111,1111,1011,-8.702039485797286e-05,-10.879178047180176,10.879091026785318,0.9999803354368233,1,0
7,1,t102,0110,0110,0100,-0.0037303632125258446,-5.753796100616455,5.750065737403929,0.9962850152148758,1,0
7,2,c02,0110,0110,0100,-3.647763514891267e-05,-10.500121116638184,10.500084639003035,0.999969965665897,1,0
7,3,x2,0100,0100,0101,-3.0040437195566483e-05,-12.125030517578125,12.12500047714093,0.9999933481251839,1,0
7,4,c30,0100,0100,0101,-2.0265561033738777e-06,-16.000001907348633,15.99999988079253,0.9999997464951936,1,0
7,5,x0,1100,1100,1000,-1.9073472685704473e-06,-13.500001907348633,13.500000000001364,0.9999983331810013,1,0
7,6,x3,1101,1101,1100,-0.00011550967610673979,-10.500115394592285,10.499999884916178,0.9999715250278987,1,0
7,7,x2,1111,1111,1110,-8.785436511971056e-05,-9.50008773803711,9.49999988367199,0.9999238376418909,1,0
7,8,t120,0111,0111,1101,-9.417492037755437e-06,-12.012524604797363,12.012515187305326,0.9999910130104919,1,0
8,1,c32,0101,0101,0111,-0.0029482687823474407,-5.886556625366211,5.8836083565838635,0.9970684206165079,1,0
8,2,t123,0101,0101,0100,-0.005402788054198027,-5.2554030418396,5.250000253785402,0.9947744177882547,1,0
8,3,x1,0001,0001,0101,-2.0861501980107278e-05,-13.500020027160645,13.499999165658664,0.999998409905897,1,0
8,4,s30,1000,1000,0001,-7.748578354949132e-06,-11.875028610229492,11.875020861651137,0.9999927506722132,1,0
8,5,t103,1000,1000,1001,-0.00012397163663990796,-9.125123977661133,9.125000006024493,0.9998902402927221,1,0
8,6,c13,1000,1000,1001,-3.23052991006989e-05,-13.000032424926758,13.000000119627657,0.9999964275340824,1,0
8,7,t301,1000,1000,1100,-0.2519460916519165,-1.5019469261169434,1.2500008344650269,0.7772996900639829,1,0
8,8,x1,1100,1100,1010,-1.5258709026966244e-05,-13.031167984008789,13.031152725299762,0.9999970227413993,1,0
9,1,c23,1100,1100,1101,-0.2519610524177551,-1.5019611120224,1.2500000596046448,0.7772920457581207,1,0
9,2,s32,1100,1100,1110,-0.0026647886261343956,-6.189960956573486,6.187296167947352,0.9976751187587425,1,0
9,3,s01,1100,1100,0110,-0.0012471256777644157,-6.751338958740234,6.75009183306247,0.9988136418203776,1,0
9,4,s03,0101,0101,1100,-0.0031836708076298237,-6.140061378479004,6.136877707671374,0.9968233480036648,1,0
9,5,x2,0111,0111,0110,-4.4345106289256364e-05,-12.375043869018555,12.374999523912265,0.9999933365033067,1,0
9,6,t013,0111,0111,0110,-3.612007276387885e-05,-10.625035285949707,10.624999165876943,0.9999731737531191,1,0
9,7,s03,1110,1110,1101,-3.2186188036575913e-05,-10.62520980834961,10.625177622161573,0.9999690425412858,1,0
9,8,x3,1111,1111,1101,-3.4451179089955986e-05,-11.942766189575195,11.942731738396105,0.9999886184196008,1,0
10,1,t210,1101,1101,1001,-0.0032783211208879948,-5.7532758712768555,5.7499975501559675,0.9967280571741747,1,0
10,2,s30,1101,1101,0101,-0.0004252632788848132,-7.881007194519043,7.880581931240158,0.9995891833098631,1,0
10,3,c31,1001,1001,1011,-1.2159314792370424e-05,-13.375012397766113,13.375000238451321,0.9999973594823955,1,0
10,4,c32,1011,1011,1010,-0.0001248089101864025,-9.875123977661133,9.874999168750946,0.9999343561571449,1,0
10,5,x0,0011,0011,1011,-1.1920923270736239e-06,-14.386962890625,14.386961698532673,0.9999990956315093,1,0
10,6,x0,1011,1011,0011,-2.0146289898548275e-05,-11.375011444091797,11.374991297801898,0.9999812975592398,1,0
10,7,t213,1011,1011,1010,-0.0007338596042245626,-8.000733375549316,7.999999515945092,0.9996155806451701,1,0
10,8,s13,1110,1110,1101,-0.0011131174396723509,-6.8761372566223145,6.875024139182642,0.9989176067941931,1,0
11,1,x3,1101,1101,1100,-7.331237429752946e-05,-10.000073432922363,10.000000120548066,0.9999481289766085,1,0
11,2,x0,0101,0101,0111,-9.41751386562828e-06,-12.375009536743164,12.375000119229298,0.9999950967485997,1,0
11,3,t213,0101,0101,0111,-0.00022565331892110407,-10.056724548339844,10.056498895020923,0.9999226370848049,1,0
11,4,c02,0101,0101,0001,-5.745745511376299e-05,-13.250085830688477,13.250028373233363,0.9999971219391174,1,0
11,5,c32,0111,0111,0101,-0.00014745770022273064,-9.625089645385742,9.62494218768552,0.9998754723899912,1,0
11,6,t120,1111,1111,1101,-0.00022636627545580268,-8.875160217285156,8.8749338510097,0.9997747094632082,1,0
11,7,s03,1111,1111,1110,-0.014171788468956947,-4.264171600341797,4.24999981187284,0.9859313474718148,1,0
11,8,c23,1110,1110,1111,-6.139198376331478e-05,-10.625061988830566,10.625000596846803,0.9999697336324804,1,0
12,1,x1,0011,0011,1011,-0.00012551968393381685,-9.000251770019531,9.000126250335597,0.9998758137002438,1,0
12,2,c02,0011,0011,0010,-1.4901073882356286e-05,-14.562514305114746,14.562499404040864,0.9999989011211378,1,0
12,3,c30,1011,1011,1010,-1.20400836749468e-05,-11.500012397766113,11.500000357682438,0.9999893237877738,1,0
12,4,c31,1111,1111,1011,-0.00010764357284642756,-9.945389747619629,9.945282104046782,0.9999411976555153,1,0
12,5,s10,1111,1111,0111,-0.00010454402945470065,-9.7500581741333,9.749953630103846,0.9998954623962688,1,0
12,6,c13,1110,1110,1111,-5.3047471737954766e-05,-11.125052452087402,11.124999404615664,0.9999700956431137,1,0
12,7,t302,1110,1110,1111,-0.0001285033067688346,-9.375127792358398,9.37499928905163,0.9998765417156246,1,0
12,8,s02,1110,1110,0111,-0.0038116455543786287,-5.628723621368408,5.62491197581403,0.9961958244954865,1,0
13,1,c12,1000,1000,1010,-0.0003249293367844075,-8.250334739685059,8.250009810348274,0.9997063261361031,1,0
13,2,t120,1000,1000,1100,-4.291529421607265e-06,-13.750003814697266,13.749999523167844,0.999998758667313,1,0
13,3,s12,1000,1000,0010,-0.0001842883211793378,-9.177878379821777,9.177694091500598,0.9998312537757996,1,0
13,4,s23,1000,1000,1001,-0.0003553179558366537,-8.125354766845703,8.124999448889866,0.9996580858724547,1,0
13,5,t201,1000,1000,1100,-0.0002969155611936003,-8.250296592712402,8.249999677151209,0.9997386348355715,1,0
13,6,s23,1000,1000,1010,-0.00034004769986495376,-8.000337600708008,7.999997553008143,0.9996616553562331,1,0
13,7,t120,1000,1000,1100,-5.960455382592045e-06,-12.750006675720215,12.750000715264832,0.9999968778023152,1,0
13,8,x3,1001,1001,0001,-6.246375414775684e-05,-15.437562942504883,15.437500478750735,0.99999949554169,1,0
14,1,c31,1000,1000,1100,-0.47411489486694336,-0.9741189479827881,0.5000040531158447,0.6224454249337061,1,0
14,2,c10,1000,1000,1100,-6.794917680963408e-06,-12.750006675720215,12.749999880802534,0.9999969620871779,1,0
14,3,x3,1001,1001,0001,-8.844939293339849e-05,-15.375090599060059,15.375002149667125,0.9999995676806085,1,0
14,4,t013,1001,1001,1011,-0.00019131758017465472,-8.750672340393066,8.750481022812892,0.999838811381678,1,0
14,5,c30,0001,0001,1001,-2.098063487210311e-05,-11.000085830688477,11.000064850053604,0.9999831603284316,1,0
14,6,s02,0001,0001,1000,-0.005240519531071186,-5.256941795349121,5.25170127581805,0.994778746245586,1,0
14,7,c12,0001,0001,0011,-1.2993775271752384e-05,-11.751044273376465,11.751031279601193,0.9999911158629184,1,0
14,8,s03,1000,1000,1001,-1.6689293715899112e-06,-13.750000953674316,13.749999284744945,0.9999988357392039,1,0
15,1,c13,1110,1110,1101,-0.005262121092528105,-5.456661224365234,5.451399103272706,0.9947565553777992,1,0
15,2,c01,1010,1010,1011,-0.004632869735360146,-5.379632472991943,5.374999603256583,0.9953798346958349,1,0
15,3,t132,1010,1010,1110,-0.00024340349773410708,-8.500317573547363,8.50007417004963,0.9997917969157836,1,0
15,4,s01,0110,0110,1110,-0.002276230603456497,-6.764475345611572,6.762199115008116,0.9982912176098383,1,0
15,5,t230,0110,0110,0111,-1.9073479506914737e-06,-15.125000953674316,15.124999046326366,0.999999358498005,1,0
15,6,s30,0110,0110,1110,-0.0005840163794346154,-7.910912990570068,7.910328974190634,0.999448764701923,1,0
15,7,x2,0100,0100,0101,-1.871576751000248e-05,-12.125018119812012,12.124999404044502,0.9999942986910628,1,0
15,8,s20,0100,0100,1100,-0.0027896761894226074,-6.6277923583984375,6.625002682209015,0.9985999079447109,1,0
16,1,c12,1000,1000,1010,-0.0002720216289162636,-9.000290870666504,9.000018849037588,0.9998257813916904,1,0
16,2,c12,1000,1000,1010,-4.196124791633338e-05,-10.625041961669922,10.625000000422006,0.9999741418813488,1,0
16,3,s23,1000,1000,1010,-0.001781779108569026,-6.376723289489746,6.374941510381177,0.9982354344974531,1,0
16,4,x1,1100,1100,1000,-7.390949576802086e-06,-16.00049591064453,16.000488519694954,0.9999998676802071,1,0
16,5,s03,0101,0101,1100,-0.001957900123670697,-6.330844879150391,6.32888697902672,0.9980654306313108,1,0
16,6,t231,0101,0101,0001,-0.0006098137819208205,-9.125605583190918,9.124995769408997,0.9998870672322916,1,0
16,7,s23,0110,0110,0101,-7.140465459087864e-05,-10.376994132995605,10.376922728341015,0.9999504700844627,1,0
16,8,c32,0110,0110,0100,-8.046392031246796e-05,-9.750251770019531,9.750171306099219,0.9999297084417853,1,0
17,1,s10,0101,0101,1001,-0.017567738890647888,-4.634769439697266,4.617201700806618,0.982587911965697,1,0
17,2,s10,1001,1001,0101,-5.9484045777935535e-05,-9.931445121765137,9.931385637719359,0.9999441744452898,1,0
17,3,s01,0101,0101,1001,-0.019762469455599785,-4.018288612365723,3.998526142910123,0.9805386802487204,1,0
17,4,s13,0101,0101,0110,-0.0009614571463316679,-7.500678539276123,7.499717082129791,0.9990536932614238,1,0
17,5,x1,0001,0001,1001,-0.00010215732618235052,-10.625102043151855,10.624999885825673,0.9999747285538813,1,0
17,6,c02,0001,0001,1011,-6.318080522760283e-06,-14.99822998046875,14.998223662388227,0.9999993198716915,1,0
17,7,x2,0011,0011,0010,-4.172318767814431e-06,-14.250004768371582,14.250000596052814,0.9999992693703776,1,0
17,8,t012,0011,0011,0010,-2.0027029677294195e-05,-14.500020980834961,14.500000953805284,0.9999989023589422,1,0
18,1,t023,1011,1011,1010,-0.08956517279148102,-2.4645650386810303,2.3749998658895493,0.9143923992355607,1,0
18,2,s23,1011,1011,1001,-0.00012933446851093322,-9.000128746032715,8.999999411564204,0.9998731203680695,1,0
18,3,t013,1011,1011,1111,-9.238543134415522e-05,-9.90509033203125,9.904997946599906,0.9999286582948861,1,0
18,4,c03,1010,1010,1011,-0.00018678465858101845,-8.625186920166016,8.625000135507435,0.9998196659019633,1,0
18,5,t102,1010,1010,1000,-0.00020454621699173003,-8.625224113464355,8.625019567247364,0.9998117335398061,1,0
18,6,c20,0010,0010,0011,-7.152555099310121e-07,-14.187500953674316,14.187500238418806,0.9999992763568529,1,0
18,7,t302,0010,0010,0011,-9.417492037755437e-06,-15.250009536743164,15.250000119251126,0.9999996076117165,1,0
18,8,s23,0001,0001,0010,-0.012516483664512634,-4.466406345367432,4.453889861702919,0.9875676715100864,1,0
19,1,x1,1100,1100,0100,-2.6941095711663365e-05,-11.633634567260742,11.63360762616503,0.999983434806223,1,0
19,2,s01,1100,1100,0110,-0.003892807289958,-5.878153324127197,5.874260516837239,0.9961692672268262,1,0
19,3,x1,1000,1000,1010,-8.344633897650056e-06,-16.12500762939453,16.124999284760634,0.9999997616210134,1,0
19,4,t023,1000,1000,1100,-0.00022719899425283074,-8.875303268432617,8.875076069438364,0.9998342061865477,1,0
19,5,c13,1000,1000,1100,-1.966939635167364e-05,-12.750020980834961,12.75000131143861,0.9999960368193487,1,0
19,6,x3,1001,1001,1000,-2.3960796170285903e-05,-15.000022888183594,14.999998927387423,0.9999993045699143,1,0
19,7,c30,0001,0001,1001,-7.605279824929312e-05,-9.62513256072998,9.625056507931731,0.9999319299742729,1,0
19,8,t230,0001,0001,1001,-2.1457446564454585e-05,-11.000068664550781,11.000047207104217,0.9999831615301161,1,0
20,1,c23,1111,1111,1110,-0.012545088306069374,-4.387545108795166,4.375000020489097,0.9875618290429491,1,0
20,2,t032,1101,1101,1110,-4.339187216828577e-05,-10.937568664550781,10.937525272678613,0.9999681595041461,1,0
20,3,t102,1111,1111,1110,-0.0009493245161138475,-7.000948905944824,6.99999958142871,0.9990670176469669,1,0
20,4,x0,0111,0111,1111,-3.933898824470816e-06,-14.314449310302734,14.31444537640391,0.9999991414884787,1,0
20,5,c20,1111,1111,1110,-3.421277506276965e-05,-10.875033378601074,10.874999165826011,0.9999661572089477,1,0
20,6,s13,1111,1111,0111,-0.0003412597579881549,-8.625274658203125,8.624933398445137,0.9997414025239869,1,0
20,7,x0,0111,0111,1111,-2.384183744652546e-06,-14.89981460571289,14.899812221529146,0.999999588716735,1,0
20,8,x1,0011,0011,0111,-8.463824997306801e-06,-13.819229125976562,13.819220662151565,0.9999989685074259,1,0
21,1,s03,1010,1010,1001,-0.0017546218587085605,-6.3767313957214355,6.374976773862727,0.9982473454243168,1,0
21,2,s20,1010,1010,0110,-0.005527585744857788,-5.256575584411621,5.251047998666763,0.9944884166814338,1,0
21,3,x3,1011,1011,1001,-0.0001615157088963315,-14.812129020690918,14.811967504982022,0.9999991550891414,1,0
21,4,c23,1010,1010,1011,-0.0003131204575765878,-8.500312805175781,8.499999684718205,0.9997960353927119,1,0
21,5,x0,0010,0010,0011,-3.576278402306343e-07,-15.625,15.62499964237216,0.9999998054116571,1,0
21,6,x0,1010,1010,1000,-3.576278402306343e-07,-15.500000953674316,15.500000596046476,0.9999996060362855,1,0
21,7,x0,0010,0010,0011,-1.6689293715899112e-06,-14.375001907348633,14.375000238419261,0.9999987783590736,1,0
21,8,c31,0010,0010,0110,-6.830564234405756e-05,-10.000069618225098,10.000001312582754,0.9999542161465229,1,0
22,1,x3,0101,0101,0100,-6.47297638352029e-05,-11.0000638961792,10.999999166415364,0.9999700831953698,1,0
22,2,t201,0101,0101,0001,-0.0015173465944826603,-6.907869338989258,6.906351992394775,0.9986736976107083,1,0
22,3,s12,0011,0011,0111,-0.012569969519972801,-4.422554969787598,4.409985000267625,0.987568156977042,1,0
22,4,s32,0011,0011,0001,-0.005241501610726118,-5.2552409172058105,5.249999415595084,0.9947727778800544,1,0
22,5,c23,0010,0010,0011,-0.0001016810565488413,-9.500101089477539,9.49999940842099,0.9999249755215319,1,0
22,6,c12,0010,0010,0000,-1.4066649782762397e-05,-12.625046730041504,12.625032663391721,0.9999961391134611,1,0
22,7,t321,0010,0010,0110,-4.291529876354616e-06,-13.500100135803223,13.500095844273346,0.9999984283959139,1,0
22,8,x1,0110,0110,0010,-2.14576584767201e-06,-13.75000286102295,13.750000715257102,0.9999985077719414,1,0
23,1,x3,1000,1000,1001,-0.000639901147224009,-8.375639915466309,8.375000014319085,0.9996453639041492,1,0
23,2,s21,1000,1000,1100,-5.650449747918174e-05,-10.625053405761719,10.62499690126424,0.99996867269423,1,0
23,3,s30,0001,0001,1000,-0.0035700122825801373,-5.7535786628723145,5.750008650589734,0.9967629180160669,1,0
23,4,t201,0001,0001,0101,-5.483620952873025e-06,-13.000015258789062,13.00000977516811,0.9999976721894718,1,0
23,5,x1,0101,0101,0100,-1.0728833785833558e-06,-14.750000953674316,14.749999880790938,0.9999995162798592,1,0
23,6,s10,1001,1001,0101,-0.07334107905626297,-2.7189366817474365,2.6455956026911736,0.932452716637687,1,0
23,7,t301,1101,1101,1001,-0.0046315547078847885,-5.3796305656433105,5.374999010935426,0.9953892129239161,1,0
23,8,s12,1011,1011,1111,-0.005256283562630415,-5.604393482208252,5.5991371986456215,0.9947593445682894,1,0
24,1,s13,0110,0110,0101,-0.016303369775414467,-4.167603015899658,4.151299646124244,0.9838327180085416,1,0
24,2,x2,0100,0100,1100,-0.00034457683796063066,-10.750345230102539,10.750000653264578,0.999972358708779,1,0
24,3,c32,0100,0100,0101,-5.984134986647405e-05,-14.625060081481934,14.625000240132067,0.9999990568219151,1,0
24,4,s02,0100,0100,1100,-0.009924326092004776,-4.635446071624756,4.625521745532751,0.9902596941018801,1,0
24,5,x2,0110,0110,0010,-7.116563938325271e-05,-14.562572479248047,14.562501313608664,0.9999993805301437,1,0
24,6,c03,0110,0110,0111,-5.1378709031268954e-05,-11.500051498413086,11.500000119704055,0.9999777807097677,1,0
24,7,t032,0110,0110,0111,-8.940674888435751e-06,-13.625008583068848,13.62499964239396,0.9999981793591298,1,0
24,8,s21,0110,0110,0011,-8.582782174926251e-05,-9.500105857849121,9.500020030027372,0.9999171223531472,1,0
25,1,c13,1100,1100,1110,-0.011198407039046288,-5.149114608764648,5.137916201725602,0.9888935382806952,1,0
25,2,t230,1100,1100,1101,-2.7418113859312143e-06,-15.000001907348633,14.999999165537247,0.999999452092011,1,0
25,3,t320,1100,1100,1000,-6.4372898123110645e-06,-13.750031471252441,13.750025033962629,0.9999984650219986,1,0
25,4,c21,1100,1100,1110,-0.003202853025868535,-5.753208160400391,5.750005307374522,0.9968201001023649,1,0
25,5,t031,1100,1100,1000,-1.3351382222026587e-05,-11.50002384185791,11.500010490475688,0.9999895383024788,1,0
25,6,t312,1100,1100,1110,-0.5759512782096863,-0.825947105884552,0.24999582767486572,0.5621730583145531,1,0
25,7,t130,1100,1100,0100,-0.0007875452865846455,-7.250786304473877,7.249998759187292,0.9992890196582258,1,0
25,8,x2,1110,1110,1010,-2.2649532184004784e-05,-14.500022888183594,14.50000023865141,0.9999992777182246,1,0
26,1,t210,1101,1101,1001,-0.0040910374373197556,-5.754090309143066,5.749999271705747,0.995917664023738,1,0
26,2,x3,1100,1100,1000,-0.0002119326964020729,-13.437836647033691,13.43762471433729,0.9999980655020628,1,0
26,3,x1,1000,1000,1110,-0.00015282025560736656,-14.000158309936523,14.000005489680916,0.9999982923806515,1,0
26,4,s23,1000,1000,1010,-0.0015036419499665499,-6.876072883605957,6.8745692416559905,0.9985332882400954,1,0
26,5,c31,1000,1000,1100,-0.0002746239770203829,-8.250274658203125,8.250000034226105,0.9997386853430589,1,0
26,6,s21,1000,1000,1100,-0.004104630555957556,-5.504100799560547,5.499996169004589,0.9959124761911582,1,0
26,7,s30,0001,0001,1000,-0.0012568009551614523,-6.751214504241943,6.749957703286782,0.9987877115295166,1,0
26,8,s32,0010,0010,0001,-3.9934442611411214e-05,-10.25153923034668,10.251499295904068,0.9999611604246034,1,0
27,1,t213,1100,1100,1101,-0.3133009374141693,-1.3133009672164917,1.0000000298023224,0.731047544865749,1,0
27,2,x0,0100,0100,1100,-2.5033932615770027e-06,-13.516036987304688,13.516034483911426,0.9999980722923504,1,0
27,3,x0,1100,1100,1000,-5.960462772236497e-07,-14.875000953674316,14.87500035762804,0.9999996125030461,1,0
27,4,x1,1000,1000,1110,-2.7298721761326306e-05,-11.875091552734375,11.875064254012614,0.9999917425430471,1,0
27,5,t130,1000,1000,1100,-2.396086711087264e-05,-11.00002384185791,10.9999998809908,0.9999830480175307,1,0
27,6,x0,0000,0000,1000,-3.576278402306343e-07,-15.37650203704834,15.3765016794205,0.9999996941833664,1,0
27,7,c03,0000,0000,1001,-3.337855559948366e-06,-14.28805160522461,14.28804826736905,0.999998996955916,1,0
27,8,s31,0000,0000,0100,-0.03405050188302994,-3.409065008163452,3.375014506280422,0.9669120986700016,1,0
28,1,x1,1111,1111,0111,-2.1934403775958344e-05,-11.679756164550781,11.679734230147005,0.9999800371711076,1,0
28,2,x3,1110,1110,1101,-9.107371442951262e-05,-11.764254570007324,11.764163496292895,0.9999902826115016,1,0
28,3,c01,1010,1010,1011,-5.507396053872071e-05,-10.250055313110352,10.250000239149813,0.9999563855252556,1,0
28,4,t320,1010,1010,0010,-3.2186480893869884e-06,-14.000001907348633,13.999998688700543,0.9999985036058273,1,0
28,5,x1,1110,1110,1000,-1.752362004481256e-05,-15.182012557983398,15.181995034363354,0.9999995075494037,1,0
28,6,c02,1100,1100,1000,-6.461030716309324e-05,-10.018245697021484,10.018181086714321,0.9999403295512431,1,0
28,7,c23,1100,1100,1101,-0.008782581426203251,-4.758782386779785,4.749999805353582,0.9913480006000001,1,0
28,8,c21,1100,1100,1000,-0.0004010956035926938,-8.250419616699219,8.250018521095626,0.9996134774522416,1,0
29,1,t312,0100,0100,0110,-0.0012637650361284614,-6.753147125244141,6.751883360208012,0.9987400851621967,1,0
29,2,s12,0010,0010,0100,-0.0015205753734335303,-6.511264324188232,6.509743748814799,0.9984821776868826,1,0
29,3,s21,0100,0100,0010,-0.00015031194197945297,-9.004228591918945,9.004078279976966,0.9998745348731898,1,0
29,4,t230,0100,0100,0101,-1.192092668134137e-06,-14.75,14.749998807907332,0.9999993403341036,1,0
29,5,t130,0100,0100,0101,-7.152556236178498e-07,-15.375,15.374999284744376,0.9999995025096878,1,0
29,6,t013,0100,0100,0101,-0.00021109891531523317,-8.500210762023926,8.49999966310861,0.9997960443116393,1,0
29,7,x2,0110,0110,0100,-8.320492634084076e-05,-13.951745986938477,13.951662782012136,0.9999981526470686,1,0
29,8,t210,1110,0110,0110,-2.1269640922546387,-0.126950204372406,-2.0000138878822327,0.11920009986254222,0,0
30,1,t120,1110,0110,0110,-4.141595840454102,-0.0160419549793005,-4.125553885474801,0.0158974874426042,0,0
30,2,s21,1110,1110,1011,-0.0006527126533910632,-7.375640392303467,7.374987679650076,0.9993604117385919,1,0
30,3,c10,0110,0110,0111,-8.702256309334189e-06,-12.000007629394531,11.999998927138222,0.999993756952694,1,0
30,4,c01,0110,0110,0010,-3.933903826691676e-06,-13.250008583068848,13.250004649165021,0.9999976299799944,1,0
30,5,x2,0100,0100,0101,-1.8119731976184994e-05,-11.875017166137695,11.87499904640572,0.9999926147440208,1,0
30,6,s20,0100,0100,1100,-0.002001577289775014,-6.752494812011719,6.750493234721944,0.9988230512237455,1,0
30,7,x1,0000,0000,0001,-1.8834907677955925e-05,-15.125019073486328,15.12500023857865,0.9999996479204357,1,0
30,8,s10,0000,0000,1000,-6.067569484002888e-05,-15.312560081481934,15.312499405787094,0.9999997650823246,1,0
31,1,t012,0011,0011,0111,-0.0015316576464101672,-6.529140949249268,6.527609291602857,0.9985314795678681,1,0
31,2,t310,0011,0011,1011,-1.8358072338742204e-05,-11.000048637390137,11.000030279317798,0.9999830151517483,1,0
31,3,t320,1011,1011,1010,-0.00016091996803879738,-8.750161170959473,8.750000250991434,0.9998398423747547,1,0
31,4,x1,1111,1111,1110,-2.682183367141988e-05,-12.875027656555176,12.875000834721504,0.9999957729704619,1,0
31,5,t203,1110,1110,1111,-0.0003697503125295043,-8.37536907196045,8.37499932164792,0.9997586148314299,1,0
31,6,s01,1110,1110,1011,-0.00016890911501832306,-8.875168800354004,8.874999891238986,0.9998351423014944,1,0
31,7,t230,1110,1110,1010,-4.649157290259609e-06,-13.500007629394531,13.500002980237241,0.999998028072686,1,0
31,8,x0,0110,0110,0111,-1.3113016166244051e-06,-13.750000953674316,13.7499996423727,0.9999988732314318,1,0
32,1,x1,1000,1000,1110,-0.00014268547238316387,-9.179884910583496,9.179742225111113,0.9998692838969525,1,0
32,2,x0,0000,0000,0100,-1.3113017303112429e-06,-14.562500953674316,14.562499642372586,0.9999992200008592,1,0
32,3,s13,0000,0000,0100,-0.35806864500045776,-1.2330689430236816,0.8750002980232239,0.7057848394640471,1,0
32,4,x0,1000,1000,1100,-5.960462772236497e-07,-15.375000953674316,15.37500035762804,0.9999997758112117,1,0
32,5,s23,1000,1000,1010,-0.001395168830640614,-6.626343250274658,6.624948081444018,0.9986222822788504,1,0
32,6,t102,1000,1000,1100,-3.302046752651222e-05,-14.000033378601074,14.000000358133548,0.9999986698883419,1,0
32,7,x0,0000,0000,1000,-1.1920928244535389e-07,-16.12510871887207,16.125108599662788,0.9999998721338076,1,0
32,8,c32,0000,0000,1000,-7.545663538621739e-05,-16.125076293945312,16.125000837309926,0.9999998467638909,1,0
33,1,s02,0011,1001,1001,-1.0537583827972412,-0.431966096162796,-0.6217922866344452,0.3486290685090081,0,0
33,2,c02,0011,0011,0111,-1.7881387748275301e-06,-14.000021934509277,14.000020146370503,0.9999989141594681,1,0
33,3,t301,0011,0011,0111,-6.914125151524786e-06,-13.250012397766113,13.250005483640962,0.9999980978247637,1,0
33,4,s10,0011,0011,0010,-0.001372411148622632,-6.626372814178467,6.625000403029844,0.9986295139583123,1,0
33,5,c02,0011,0011,0010,-1.6689293715899112e-06,-15.437501907348633,15.437500238419261,0.9999997174149354,1,0
33,6,t021,0011,0011,0111,-8.106200766633265e-06,-15.62501049041748,15.625002384216714,0.9999997689011241,1,0
33,7,x2,0001,0001,0010,-2.1219140762696043e-05,-13.398160934448242,13.39813971530748,0.9999973500037017,1,0
33,8,c32,0011,0011,0001,-7.53384520066902e-05,-11.375070571899414,11.374995233447407,0.9999836806529794,1,0
34,1,s23,1100,1100,1110,-0.029381467029452324,-3.8957715034484863,3.866390036419034,0.9710665885665498,1,0
34,2,t013,1101,1101,1100,-0.007629720028489828,-4.88262939453125,4.87499967450276,0.9924195858563477,1,0
34,3,t102,1111,1111,1110,-0.0019678326789289713,-6.251967906951904,6.250000074272975,0.9980569488713581,1,0
34,4,s21,1111,1111,1011,-0.0008080341503955424,-7.125807285308838,7.124999251158442,0.9991948858851093,1,0
34,5,c20,0111,0111,0110,-4.0531081140215974e-06,-15.625003814697266,15.624999761589152,0.9999997648987715,1,0
34,6,t012,0111,0111,0011,-1.025196979753673e-05,-14.062508583068848,14.06249833109905,0.9999978802039589,1,0
34,7,x2,0101,0101,0001,-4.52994936495088e-06,-15.313833236694336,15.313828706744971,0.9999994767081735,1,0
34,8,t132,0111,0111,0101,-0.00011825074761873111,-9.250104904174805,9.249986653427186,0.9998897415143855,1,0
35,1,x2,0110,0110,0100,-0.00010955134348478168,-10.125240325927734,10.12513077458425,0.9999195528922635,1,0
35,2,t312,0110,0110,0100,-0.01833999529480934,-4.0184149742126465,4.000074978917837,0.9819867061688278,1,0
35,3,c30,0110,0110,1110,-3.099439254583558e-06,-14.62501049041748,14.625007390978226,0.9999992271243661,1,0
35,4,t032,0110,0110,0100,-2.408017826383002e-05,-12.000105857849121,12.000081777670857,0.9999881386558452,1,0
35,5,x0,1110,1110,1100,-7.3909518505388405e-06,-11.875007629394531,11.87500023844268,0.9999926275552388,1,0
35,6,s20,1110,1110,0111,-0.003181648440659046,-5.753201961517334,5.750020313076675,0.9968232758123826,1,0
35,7,s03,0111,0111,1110,-0.005448572337627411,-5.382229804992676,5.376781232655048,0.9945838939133104,1,0
35,8,c02,0111,0111,0110,-5.72204089621664e-06,-13.250005722045898,13.250000000005002,0.9999975470418179,1,0
36,1,s20,0001,1000,1000,-1.0543410778045654,-0.42931661009788513,-0.6250244677066803,0.3486330344679893,0,0
36,2,x1,0101,0101,0001,-1.2755337593262084e-05,-11.50001049041748,11.499997735079887,0.9999875971897576,1,0
36,3,c23,0101,0101,0100,-0.0006847778568044305,-8.62568473815918,8.624999960302375,0.9998159781650211,1,0
36,4,s32,0110,0110,0111,-9.035893890541047e-05,-10.000090599060059,10.000000240121153,0.9999115519952969,1,0
36,5,x0,1110,1110,1100,-3.8146934002725175e-06,-12.875003814697266,12.875000000003865,0.9999964752903179,1,0
36,6,c23,1111,1111,1110,-0.000530412420630455,-8.000530242919922,7.999999830499291,0.9996549366088715,1,0
36,7,s30,1111,1111,1110,-0.001403164118528366,-6.626403331756592,6.625000167638063,0.9986735307645175,1,0
36,8,t132,1101,1101,1011,-3.82659345632419e-05,-11.548617362976074,11.548579097041511,0.9999863123434926,1,0
37,1,x2,1100,1100,1000,-4.756390262627974e-05,-11.50157356262207,11.501525998719444,0.9999837356121117,1,0
37,2,c03,1101,1101,1100,-0.000104663020465523,-10.375103950500488,10.374999287480023,0.9999636895629609,1,0
37,3,c31,1001,1001,1111,-0.0006814411608502269,-7.379759788513184,7.379078347352333,0.9993654736876952,1,0
37,4,t321,1001,1001,1101,-0.008624513633549213,-4.758636474609375,4.750011960975826,0.9914218702180754,1,0
37,5,s21,1001,1001,1100,-0.0076657128520309925,-4.882673740386963,4.875008027534932,0.9924075432322438,1,0
37,6,c23,1001,1001,1000,-0.00027128710644319654,-11.00027084350586,10.999999556399416,0.9999782673301961,1,0
37,7,c31,1101,1101,1001,-5.1259921747259796e-06,-12.500005722045898,12.500000596053724,0.9999960064642806,1,0
37,8,x3,1100,1100,1000,-2.7656342354021035e-05,-13.389216423034668,13.389188766692314,0.9999966813386011,1,0
38,1,s03,1010,1010,1011,-0.016130667179822922,-4.141130447387695,4.124999780207872,0.9839988226467357,1,0
38,2,t103,1010,1010,1011,-0.02056407369673252,-3.895563840866089,3.8749997671693563,0.9796592288103424,1,0
38,3,t031,1010,1010,1110,-3.1232561013894156e-05,-10.750051498413086,10.750020265852072,0.9999781395238652,1,0
38,4,c03,1011,1011,1010,-1.9550239812815562e-05,-11.375019073486328,11.374999523246515,0.9999879020133685,1,0
38,5,t102,1011,1011,1001,-0.1605382263660431,-1.9102885723114014,1.7497503459453583,0.8517305456427385,1,0
38,6,t013,1011,1011,1010,-0.0005500700208358467,-7.875549793243408,7.874999723222572,0.9995025224829389,1,0
38,7,s32,1011,1011,1001,-0.004090087488293648,-5.504089832305908,5.4999997448176146,0.9959271135241621,1,0
38,8,t201,1111,1111,1011,-4.863688081968576e-05,-11.253225326538086,11.253176689657266,0.9999786465030657,1,0
39,1,c01,0101,0101,0001,-1.9073386283707805e-05,-11.250020027160645,11.25000095377436,0.9999822960381838,1,0
39,2,x0,1101,1101,1100,-7.987006028997712e-06,-12.125008583068848,12.125000596062819,0.999993020843445,1,0
39,3,t102,1111,1111,1110,-0.0013737219851464033,-6.626373291015625,6.624999569030479,0.9986504330938648,1,0
39,4,c32,1101,1101,1100,-9.298306395066902e-06,-13.375009536743164,13.375000238436769,0.9999969908350704,1,0
39,5,t230,1101,1101,0101,-0.0003479240695014596,-8.5003080368042,8.499960112734698,0.9997582778583248,1,0
39,6,c31,1001,1001,1111,-0.00042335657053627074,-7.875799179077148,7.875375822506612,0.9996137798615128,1,0
39,7,x3,1000,1000,1001,-1.919254646054469e-05,-14.125019073486328,14.124999880939868,0.9999977226338975,1,0
39,8,x2,1010,1010,1011,-2.5033930342033273e-06,-14.937501907348633,14.937499403955599,0.9999994484146957,1,0
40,1,s21,1010,1010,1100,-0.015134362503886223,-4.3895487785339355,4.374414416030049,0.9849805902673721,1,0
40,2,s02,1010,1010,0011,-0.026832394301891327,-3.721243381500244,3.694410987198353,0.973527758264098,1,0
40,3,x2,1000,1000,0000,-0.00010144201951334253,-13.4237642288208,13.423662786801287,0.9999979474978317,1,0
40,4,x3,1001,1001,1011,-6.544407369801775e-05,-12.254143714904785,12.254078270831087,0.9999946043413722,1,0
40,5,s10,0101,0101,1001,-0.0052437256090343,-5.255243301391602,5.249999575782567,0.9947780212189095,1,0
40,6,s32,0110,0110,0011,-7.06901410012506e-05,-10.250060081481934,10.249989391340932,0.9999310738436497,1,0
40,7,x2,0100,0100,0101,-7.629383617313579e-06,-14.000006675720215,13.999999046336598,0.9999986819425772,1,0
40,8,x3,0101,0101,0000,-2.157674498448614e-05,-12.324395179748535,12.32437360300355,0.999988862783846,1,0
41,1,t013,0010,0010,0011,-3.993442442151718e-05,-10.625040054321289,10.625000119896868,0.9999746296109951,1,0
41,2,x1,0110,0110,0100,-2.276882150908932e-05,-11.000025749206543,11.000002980385034,0.9999799485952742,1,0
41,3,t013,0110,0110,0111,-0.3133159875869751,-1.313315987586975,1.0,0.7310561871643634,1,0
41,4,s30,0110,0110,1110,-0.00017093465430662036,-9.251687049865723,9.251516115211416,0.9998847010064128,1,0
41,5,c21,0010,0010,0110,-0.0005624043405987322,-11.875658988952637,11.875096584612038,0.9999927406942427,1,0
41,6,c31,0010,0010,0110,-1.6093137674033642e-05,-15.000019073486328,15.000002980348654,0.9999994889892743,1,0
41,7,x2,0000,0000,0001,-7.581494719488546e-05,-13.125075340270996,13.124999525323801,0.9999973291222308,1,0
41,8,c12,0000,0000,0010,-7.510161140089622e-06,-15.250006675720215,15.249999165559075,0.999999297906967,1,0
42,1,c20,0010,0010,1010,-0.004092932678759098,-5.504087448120117,5.499994515441358,0.995919120475743,1,0
42,2,c21,0110,0110,0010,-0.00014113598444964737,-9.00014591217041,9.00000477618596,0.9998727208350834,1,0
42,3,x1,0010,0010,1010,-3.9934704545885324e-05,-11.25002670288086,11.249986768176313,0.9999846848021766,1,0
42,4,x3,0011,0011,0010,-6.198876235430362e-06,-15.000005722045898,14.999999523169663,0.9999992647515058,1,0
42,5,t310,0011,0011,1011,-9.655911526351701e-06,-11.750033378601074,11.750023722689548,0.999991900425978,1,0
42,6,t102,0011,0011,0010,-1.6689293715899112e-06,-14.875000953674316,14.874999284744945,0.9999994715829866,1,0
42,7,s31,0110,0110,0101,-0.0006350699695758522,-7.389799118041992,7.389164048072416,0.9993664815424764,1,0
42,8,c20,1110,1110,0110,-1.5497203094128054e-06,-14.000007629394531,14.000006079674222,0.9999985783061517,1,0
43,1,x3,1010,1010,1011,-9.667655831435695e-05,-10.125096321105957,10.124999644547643,0.9999184867649419,1,0
43,2,c30,1010,1010,0010,-3.099438117715181e-06,-14.375008583068848,14.37500548363073,0.9999990323590668,1,0
43,3,t201,1110,1110,1010,-0.00011515307414811105,-9.87519645690918,9.875081303835032,0.9999442996582985,1,0
43,4,s13,1011,1011,1110,-0.003222757251933217,-5.753688812255859,5.750466055003926,0.9968095336561955,1,0
43,5,t203,1010,1010,1011,-0.00026319141034036875,-8.500263214111328,8.500000022700988,0.9997847793034672,1,0
43,6,x0,0010,0010,0011,-1.1920924407604616e-06,-15.375000953674316,15.374999761581876,0.999999746794698,1,0
43,7,t210,0010,0010,1010,-5.0067783377016895e-06,-13.125018119812012,13.125013113033674,0.9999979076463882,1,0
43,8,t210,0010,0010,0011,-3.09943766296783e-06,-15.50000286102295,15.499999761585286,0.9999996086831014,1,0
44,1,s20,1111,1111,0111,-0.014699284918606281,-4.264259338378906,4.2495600534603,0.9854277246543626,1,0
44,2,t210,0111,0111,0011,-1.1920928244535389e-07,-16.6875,16.687499880790718,0.9999998620903116,1,0
44,3,s01,1011,1011,1101,-8.22515576146543e-05,-11.68704891204834,11.686966660490725,0.9999858705548414,1,0
44,4,c20,0011,0011,0111,-0.00015829995390959084,-10.93765926361084,10.93750096365693,0.9999820770993764,1,0
44,5,c23,0010,0010,0011,-0.0009812295902520418,-7.000980854034424,6.999999624444172,0.9990881470166563,1,0
44,6,s23,0001,0001,0010,-0.009762464091181755,-4.636690616607666,4.626928152516484,0.9902899124956821,1,0
44,7,s01,0001,0001,0000,-1.1086407539551146e-05,-14.62501049041748,14.624999404009941,0.9999994731482291,1,0
44,8,x0,1001,1001,1000,-5.841245183546562e-06,-12.375005722045898,12.374999880800715,0.999995024639354,1,0
45,1,t203,0001,0001,0011,-0.0004680269048549235,-12.875594139099121,12.875126112194266,0.9999958131624723,1,0
45,2,x3,0000,0000,0001,-8.129909110721201e-05,-13.250081062316895,13.249999763225787,0.999998008677523,1,0
45,3,c32,0000,0000,0010,-0.0002105015009874478,-15.750210762023926,15.750000260522938,0.9999996691080262,1,0
45,4,x1,0100,0100,1100,-2.539125671319198e-05,-17.18752670288086,17.187501311624146,0.9999999058283537,1,0
45,5,t103,0100,0100,0101,-0.00015556023572571576,-9.000155448913574,8.999999888677849,0.9998756944986207,1,0
45,6,s02,0100,0100,1100,-0.007708129473030567,-5.009341716766357,5.001633587293327,0.9927580382028149,1,0
45,7,t012,0100,0100,0110,-0.00010430349357193336,-9.250103950500488,9.249999647006916,0.9999026340303966,1,0
45,8,x3,0101,0101,0100,-1.776209319359623e-05,-14.375017166137695,14.374999404044502,0.9999986682793485,1,0
46,1,s20,0111,1101,1101,-1.4066883325576782,-0.8668648600578308,-0.5398234724998474,0.24495409906287147,0,0
46,2,t201,0111,0111,1011,-6.914121513545979e-06,-13.750272750854492,13.750265836732979,0.9999985569173228,1,0
46,3,t120,1111,1111,1101,-0.0006060248706489801,-7.500554084777832,7.499948059907183,0.9993954054452164,1,0
46,4,t132,1101,1101,1110,-0.00019834801787510514,-8.643367767333984,8.64316941931611,0.9998129961438602,1,0
46,5,x2,1111,1111,1101,-0.00023709252127446234,-10.000255584716797,10.000018492195522,0.9999387470956755,1,0
46,6,x3,1110,1110,1010,-5.3405179642140865e-05,-12.201464653015137,12.201411247835495,0.9999891721763211,1,0
46,7,c03,1111,1111,1110,-0.00012063502799719572,-9.250120162963867,9.24999952793587,0.9998899268590786,1,0
46,8,c21,1011,1011,0011,-2.3960916223586537e-05,-11.569997787475586,11.569973826559362,0.9999847492631587,1,0
47,1,c21,1101,1101,1001,-0.04795462638139725,-3.5298349857330322,3.481880359351635,0.9532234518500733,1,0
47,2,t201,1101,1101,1111,-0.03958892822265625,-3.2896461486816406,3.2500572204589844,0.9612276724069444,1,0
47,3,t310,0101,0101,1101,-1.9073468138230965e-06,-14.125006675720215,14.125004768373401,0.9999992067521362,1,0
47,4,s31,0101,0101,0011,-9.47693843045272e-05,-9.875131607055664,9.87503683767136,0.9999105660197269,1,0
47,5,c10,1101,1101,1100,-3.099438117715181e-06,-12.875003814697266,12.875000715259148,0.9999970716102277,1,0
47,6,c03,1100,1100,1101,-6.091495743021369e-05,-10.125060081481934,10.124999166524503,0.9999574159085831,1,0
47,7,x0,0100,0100,0101,-2.0265565581212286e-06,-13.375001907348633,13.374999880792075,0.9999980306580388,1,0
47,8,s32,0100,0100,0110,-0.00027641592896543443,-8.562773704528809,8.562497288599843,0.9997903882677248,1,0
48,1,s13,0000,0100,0100,-1.6004490852355957,-0.22544890642166138,-1.3750001788139343,0.20181274449174047,0,0
48,2,s13,0000,0000,0100,-0.002483501099050045,-6.002483367919922,5.999999866820872,0.9975270195067774,1,0
48,3,x3,0001,0001,0000,-2.8967488105990924e-05,-15.625028610229492,15.624999642741386,0.9999995516193186,1,0
48,4,s13,0100,0100,0001,-0.005414479412138462,-6.009496212005615,6.004081732593477,0.9975273008297668,1,0
48,5,s13,0001,0001,0100,-0.0015895955730229616,-6.501502990722656,6.499913395149633,0.9984125101039535,1,0
48,6,c31,0101,0101,0001,-0.0001810661779018119,-8.750175476074219,8.749994409896317,0.9998364101203574,1,0
48,7,s03,1100,1100,1110,-2.753716216830071e-05,-12.06252670288086,12.062499165718691,0.9999863762447804,1,0
48,8,c32,1100,1100,1110,-8.833222818793729e-05,-10.000088691711426,10.000000359483238,0.9999533163551586,1,0
49,1,s12,0001,0100,0100,-1.8048725128173828,-0.17974857985973358,-1.6251239329576492,0.16449567504384224,0,0
49,2,s20,0001,0001,1000,-0.0053717209957540035,-5.25559139251709,5.250219671521336,0.9947687129910073,1,0
49,3,c20,0001,0001,0101,-1.0728831512096804e-06,-16.000003814697266,16.000002741814114,0.9999998252326782,1,0
49,4,t032,0001,0001,0011,-5.3523614042205736e-05,-14.875078201293945,14.875024677679903,0.9999992910920968,1,0
49,5,s21,0001,0001,0100,-3.719295636983588e-05,-10.750024795532227,10.749987602575857,0.9999649545794759,1,0
49,6,c21,0001,0001,0101,-4.732505476567894e-05,-10.000051498413086,10.00000417335832,0.999954519789876,1,0
49,7,s12,0001,0001,0100,-0.0002316015015821904,-8.500229835510254,8.499998234008672,0.9997775383140394,1,0
49,8,c30,1001,1001,1000,-2.980229965032777e-06,-13.12500286102295,13.124999880792984,0.999997864064719,1,0
50,1,t302,0100,0100,0110,-0.00010180108074564487,-9.375176429748535,9.37507462866779,0.9999015354700694,1,0
50,2,t012,0100,0100,0110,-6.306071009021252e-05,-10.1250638961792,10.125000835469109,0.9999576321153548,1,0
50,3,c13,0101,0101,0100,-0.0001057357294484973,-9.625105857849121,9.625000122119673,0.9999327796548749,1,0
50,4,c03,0101,0101,0100,-9.77513445832301e-06,-13.750008583068848,13.74999880793439,0.9999984737260814,1,0
50,5,x3,0100,0100,0101,-1.9431041437201202e-05,-11.625019073486328,11.624999642444891,0.9999899807232012,1,0
50,6,c13,0101,0101,0100,-0.00016950549616012722,-8.87516975402832,8.87500024853216,0.9998574340651397,1,0
50,7,t201,0101,0101,0001,-0.00022361402807291597,-8.500243186950684,8.50001957292261,0.99979594464553,1,0
50,8,x3,0100,0100,0101,-1.0967229172820225e-05,-13.37501049041748,13.374999523188308,0.999997738316192,1,0
51,1,t130,1001,1001,0001,-0.0028235390782356262,-6.003129482269287,6.0003059431910515,0.9971925753825033,1,0
51,2,x1,1101,1101,1100,-1.2755360330629628e-05,-12.812512397766113,12.812499642405783,0.9999946731438274,1,0
51,3,x0,0101,0101,1101,-3.337856014695717e-06,-14.875167846679688,14.875164508823673,0.9999993852232594,1,0
51,4,c02,0101,0101,1111,-3.302052209619433e-05,-13.125706672668457,13.12567365214636,0.999995966735216,1,0
51,5,t302,0101,0101,0001,-2.2053638531360775e-05,-11.812517166137695,11.812495112499164,0.9999868817035121,1,0
51,6,s30,1100,1100,1101,-0.00015294017794076353,-10.625152587890625,10.624999647712684,0.9999612645935908,1,0
51,7,x1,1000,1000,1110,-0.00011872895993292332,-14.125605583190918,14.125486854230985,0.9999988010369234,1,0
51,8,c31,1000,1000,1100,-0.00014602471492253244,-10.25014591217041,10.249999887455488,0.9999638889661523,1,0
52,1,c32,1010,1010,1000,-0.007922244258224964,-5.006770133972168,4.998847889713943,0.9921162421317282,1,0
52,2,t312,1010,1010,1110,-1.4543477846018504e-05,-12.87502384185791,12.875009298380064,0.9999965243956839,1,0
52,3,x0,0010,0010,1010,-7.152556236178498e-07,-15.0,14.999999284744376,0.9999995249331565,1,0
52,4,c12,0010,0010,0000,-1.3470607882482e-05,-12.126099586486816,12.126086115878934,0.9999935006500199,1,0
52,5,c30,0010,0010,1010,-5.960462772236497e-07,-16.0,15.999999403953723,0.9999998494427698,1,0
52,6,t203,0010,0010,0011,-3.0398106900975108e-05,-10.750030517578125,10.750000119471224,0.9999783524663781,1,0
52,7,x0,1010,1010,1000,-1.4305104514278355e-06,-13.500001907348633,13.500000476838181,0.9999985469732461,1,0
52,8,t310,1010,1010,1110,-9.298310942540411e-06,-12.75001335144043,12.750004053129487,0.9999968388618611,1,0
53,1,t021,1101,1101,1001,-0.4871053695678711,-1.1369192600250244,0.6498138904571533,0.6144100329688162,1,0
53,2,s03,1101,1101,1100,-0.0029057192150503397,-5.87790584564209,5.8750001264270395,0.9971083607949993,1,0
53,3,c31,1001,1001,1011,-1.0490395652595907e-05,-13.12501049041748,13.125000000021828,0.9999962108697692,1,0
53,4,t213,1001,1001,1101,-0.00014030185411684215,-9.250267028808594,9.250126726954477,0.999902184898597,1,0
53,5,x1,1101,1101,1100,-6.198866685735993e-06,-15.500005722045898,15.499999523179213,0.9999996445697559,1,0
53,6,t312,1111,1111,1110,-0.00011729961261153221,-10.000117301940918,10.000000002328306,0.9999269332717977,1,0
53,7,t321,1011,1011,1111,-0.0005005588172934949,-7.785765647888184,7.78526508907089,0.9995117795634149,1,0
53,8,c23,1010,1010,1011,-6.47298656986095e-05,-10.875064849853516,10.875000119987817,0.9999709856628114,1,0
54,1,x1,0001,0001,1101,-4.291486766305752e-05,-10.937301635742188,10.937258720874524,0.9999761242604105,1,0
54,2,s21,0001,0001,0100,-0.001188539550639689,-6.751206398010254,6.750017858459614,0.9988225241099695,1,0
54,3,c20,0001,0001,0101,-5.960463909104874e-07,-16.000003814697266,16.000003218650875,0.9999998331241257,1,0
54,4,x2,0011,0011,0010,-9.202608634950593e-05,-11.687591552734375,11.687499526648025,0.9999914698736213,1,0
54,5,x3,0010,0010,0011,-0.0003146672679577023,-11.500314712524414,11.500000045256456,0.999987380931963,1,0
54,6,t103,0010,0010,0011,-1.323216019954998e-05,-13.62501335144043,13.62500011928023,0.9999983498081773,1,0
54,7,x0,1010,1010,1000,-3.576278118089249e-07,-14.750000953674316,14.750000596046505,0.9999995195858121,1,0
54,8,s12,1100,1100,1110,-1.9669450921355747e-05,-11.375041007995605,11.375021338544684,0.9999843881671201,1,0
55,1,x1,0111,0111,0110,-5.257019802229479e-05,-10.000052452087402,9.99999988188938,0.9999489922433916,1,0
55,2,x1,0011,0011,1011,-2.2053540305932984e-05,-12.250028610229492,12.250006556689186,0.9999935487402033,1,0
55,3,x3,0010,0010,0001,-1.6808458894956857e-05,-13.437531471252441,13.437514662793546,0.9999971182086236,1,0
55,4,x1,0110,0110,0100,-1.335139404545771e-05,-11.625019073486328,11.625005722092283,0.9999899963228193,1,0
55,5,c31,0110,0110,1110,-0.00013720159768126905,-12.37519645690918,12.375059255311498,0.9999938166824671,1,0
55,6,c30,0110,0110,0111,-1.192092668134137e-06,-15.437500953674316,15.437499761581648,0.9999996709463054,1,0
55,7,x3,0111,0111,0110,-2.6106732548214495e-05,-13.125025749206543,13.124999642473995,0.9999964656644496,1,0
55,8,s10,1011,1011,0111,-0.0013455228181555867,-6.7513203620910645,6.749974839272909,0.9986646043068765,1,0
56,1,x0,1101,1101,1001,-5.24515489814803e-05,-10.500041007995605,10.499988556446624,0.9999479680895139,1,0
56,2,t201,1101,1101,1111,-0.026973973959684372,-4.0269856452941895,4.000011671334505,0.9735902041856506,1,0
56,3,c21,1101,1101,1111,-0.06209195777773857,-2.812100410461426,2.750008452683687,0.9398228484770846,1,0
56,4,x1,1001,1001,1111,-4.54177352366969e-05,-14.875052452087402,14.875007034352166,0.9999992913347898,1,0
56,5,c10,1001,1001,1101,-9.417512046638876e-06,-13.250008583068848,13.249999165556801,0.999997917931505,1,0
56,6,c30,0001,0001,1001,-6.675497570540756e-05,-9.762582778930664,9.762516023954959,0.999941674560366,1,0
56,7,t320,0001,0001,1001,-1.8954106053570285e-05,-11.750096321105957,11.750077366999903,0.9999917945889746,1,0
56,8,c10,0001,0001,1001,-1.9073472685704473e-06,-16.1250057220459,16.12500381469863,0.9999997568348037,1,0
57,1,t210,1010,1010,1110,-0.006728104315698147,-5.006906986236572,5.000178881920874,0.9932958195792921,1,0
57,2,s01,0110,0110,1100,-0.006987925618886948,-5.358292102813721,5.351304177194834,0.993302843621711,1,0
57,3,t301,0110,0110,1110,-8.70225721882889e-06,-13.375136375427246,13.375127673170027,0.9999974556548148,1,0
57,4,x0,1110,1110,1100,-2.8610211302293465e-06,-13.562503814697266,13.562500953676135,0.9999979721933512,1,0
57,5,t312,1110,1110,1100,-0.0682673454284668,-2.8155319690704346,2.7472646236419678,0.9369310648502953,1,0
57,6,t203,1111,1111,1110,-0.0004588956362567842,-8.000458717346191,7.999999821709935,0.999652781770853,1,0
57,7,t210,0111,0111,0110,-1.3113017303112429e-06,-15.875000953674316,15.874999642372586,0.9999997922192866,1,0
57,8,x2,0101,0101,0100,-6.318082341749687e-06,-15.000005722045898,14.999999403963557,0.9999992541678964,1,0
58,1,x2,1001,1001,1011,-4.815978172700852e-05,-12.444988250732422,12.444940090950695,0.9999900498344518,1,0
58,2,t120,1001,1001,1101,-0.00010168321750825271,-10.000121116638184,10.000019433420675,0.9999449723489879,1,0
58,3,s31,1100,1100,0101,-0.0002757029142230749,-8.375275611877441,8.374999908963218,0.9997281515592967,1,0
58,4,s31,1001,1001,1100,-0.0016916048480197787,-6.62639856338501,6.62470695853699,0.9983134263993833,1,0
58,5,x1,1101,1101,1100,-6.234549800865352e-05,-10.312561988830566,10.312499643332558,0.9999661878517591,1,0
58,6,x1,1001,1001,1101,-1.060958493326325e-05,-11.713949203491211,11.713938593906278,0.999990534683659,1,0
58,7,t312,1001,1001,1101,-0.0003476992133073509,-9.253849029541016,9.253501330327708,0.9998289004435511,1,0
58,8,x2,1011,1011,1010,-3.874231697409414e-05,-13.625038146972656,13.624999404655682,0.99999846845827,1,0
59,1,c12,0101,0101,1101,-0.0009148123790509999,-7.3854451179504395,7.3845303055713885,0.9991038906946687,1,0
59,2,s02,0101,0101,1101,-0.04445519670844078,-3.489570379257202,3.4451151825487614,0.9565994097635679,1,0
59,3,s21,0011,0011,0101,-0.012518811970949173,-4.387612819671631,4.375094007700682,0.9875661701728946,1,0
59,4,c30,1011,1011,1010,-1.931181213876698e-05,-11.250020027160645,11.250000715348506,0.999982676294072,1,0
59,5,s21,1101,1101,1011,-0.0001500766957178712,-9.021140098571777,9.02099002187606,0.9998692868218358,1,0
59,6,s31,1101,1101,1110,-0.00019347126362845302,-9.750178337097168,9.74998486583354,0.9998152859481623,1,0
59,7,c31,1001,1001,1111,-8.8928070908878e-05,-9.75031566619873,9.750226738127822,0.999936237582193,1,0
59,8,s01,0101,0101,1001,-0.008423950523138046,-4.882647514343262,4.874223563820124,0.9916239254469265,1,0
60,1,s20,1101,1101,1110,-0.10182218998670578,-2.3513941764831543,2.2495719864964485,0.9031906047883265,1,0
60,2,c20,1101,1101,1111,-0.0007462360663339496,-7.250767707824707,7.250021471758373,0.9992638803630961,1,0
60,3,x1,1001,1001,1111,-5.6384498748229817e-05,-13.687591552734375,13.687535168235627,0.9999986360012474,1,0
60,4,x1,1101,1101,1001,-5.1259926294733305e-06,-12.625004768371582,12.624999642378953,0.9999960126999252,1,0
60,5,c31,1001,1001,1111,-8.296773739857599e-05,-9.750874519348145,9.750791551610746,0.9999269170106542,1,0
60,6,s32,1010,1010,1011,-0.00010072962322738022,-9.875100135803223,9.874999406179995,0.9999015211228042,1,0
60,7,s32,1001,1001,1010,-0.00553546380251646,-5.380559921264648,5.375024457462132,0.99448027797991,1,0
60,8,t013,1001,1001,1101,-0.00015150987019296736,-9.376821517944336,9.376670008074143,0.9998688519615115,1,0
61,1,s02,1110,1110,0110,-0.05219508707523346,-3.074904680252075,3.0227095931768417,0.9491456882337092,1,0
61,2,c03,1111,1111,1110,-0.00010180301615037024,-10.250102043151855,10.250000240135705,0.9999475717371342,1,0
61,3,c31,1011,1011,1101,-1.8119690139428712e-05,-13.223464012145996,13.223445892455857,0.999996979238751,1,0
61,4,t321,1111,1111,1011,-0.00072716292925179,-7.250722408294678,7.249995245365426,0.9992839595733736,1,0
61,5,c03,1110,1110,1111,-4.076931509189308e-05,-11.125041007995605,11.125000238680514,0.9999756079721914,1,0
61,6,s02,1110,1110,0111,-0.004628339782357216,-5.379623889923096,5.3749955501407385,0.995382420736324,1,0
61,7,s23,1101,1101,1110,-0.009840046986937523,-4.658082962036133,4.648242915049195,0.9902142660499936,1,0
61,8,s12,1011,1011,1111,-0.0031873704865574837,-5.769388675689697,5.76620130520314,0.996818892793593,1,0
62,1,t230,1001,1001,0001,-0.0028477669693529606,-6.252002716064453,6.2491549490951,0.9971632474373618,1,0
62,2,x0,0001,0001,1001,-8.106202585622668e-06,-12.750239372253418,12.750231266050832,0.9999969796422467,1,0
62,3,x0,1001,1001,1000,-1.21593029689393e-05,-13.000012397766113,13.000000238463144,0.9999960813495689,1,0
62,4,t021,1001,1001,1101,-0.004152522422373295,-5.504537582397461,5.500385059975088,0.995894906315612,1,0
62,5,t132,1001,1001,1011,-0.00039153173565864563,-8.00050163269043,8.000110100954771,0.9996590547289474,1,0
62,6,t103,1001,1001,1000,-6.580274202860892e-05,-10.375064849853516,10.374999047111487,0.9999493780467746,1,0
62,7,x1,1101,1101,1100,-9.894330105453264e-06,-15.312509536743164,15.312499642413059,0.9999994974127787,1,0
62,8,x0,0101,0101,1101,-1.0251955245621502e-05,-15.174741744995117,15.174731493039872,0.9999996241694362,1,0
63,1,s12,0001,0100,0100,-1.5019779205322266,-0.25193536281585693,-1.2500425577163696,0.22269024357031314,0,0
63,2,x1,0101,0101,0001,-1.6450807379442267e-05,-11.37501335144043,11.37499690063305,0.9999860803463381,1,0
63,3,t301,0101,0101,1001,-5.638450966216624e-05,-13.37698745727539,13.376931072765728,0.9999970575161787,1,0
63,4,t231,0101,0101,0001,-0.0026908123400062323,-7.252668857574463,7.249978045234457,0.9992713332706403,1,0
63,5,t301,0101,0101,0001,-1.788138433767017e-06,-13.875001907348633,13.875000119210199,0.9999989232351502,1,0
63,6,x3,0100,0100,0101,-2.0503906853264198e-05,-13.125020980834961,13.125000476928108,0.9999966133309796,1,0
63,7,t321,0100,0100,0101,-1.8954193365061656e-05,-12.750019073486328,12.750000119292963,0.9999938141007334,1,0
63,8,c20,0100,0100,1100,-2.145766529793036e-06,-13.875017166137695,13.875015020371166,0.9999983918615507,1,0
64,1,s10,0000,0000,1000,-5.8412379075889476e-06,-12.750005722045898,12.74999988080799,0.9999970738639219,1,0
64,2,s03,0000,0000,1000,-0.00033885519951581955,-8.000338554382324,7.999999699182808,0.9996628071972541,1,0
64,3,s30,0000,0000,1000,-0.00012516192509792745,-9.12512493133545,9.124999769410351,0.9998910326626398,1,0
64,4,c01,0000,0000,0100,-9.536740890325746e-07,-15.37500286102295,15.37500190734886,0.9999997491722553,1,0
64,5,c03,0000,0000,0001,-2.706023406062741e-05,-13.00002670288086,12.999999642646799,0.9999970386055768,1,0
64,6,c30,0000,0000,1000,-3.2186455882765586e-06,-14.50000286102295,14.499999642377361,0.9999994798362476,1,0
64,7,t031,0000,0000,0100,-5.9604485613817815e-06,-14.750006675720215,14.750000715271653,0.9999995012671605,1,0
64,8,t013,0000,0000,0001,-6.198866685735993e-06,-15.000005722045898,14.999999523179213,0.9999994068184982,1,0
65,1,s23,1010,1010,1001,-0.0009730631718412042,-7.25287389755249,7.251900834380649,0.9990428612170322,1,0
65,2,t203,1011,1011,1010,-0.0019523367518559098,-6.251952648162842,6.250000311410986,0.9980713172505232,1,0
65,3,x1,1111,1111,1011,-3.4093536669388413e-05,-10.625027656555176,10.624993563018506,0.9999702977880949,1,0
65,4,t321,1011,1011,1111,-0.00010394566197646782,-9.304988861083984,9.304884915422008,0.9999037741236417,1,0
65,5,s32,1011,1011,1001,-0.0003067006473429501,-8.500306129455566,8.499999428808223,0.9996987476604701,1,0
65,6,c12,1011,1011,1111,-0.0003312469052616507,-8.251108169555664,8.250776922650402,0.9997187893970076,1,0
65,7,c12,1011,1011,1111,-0.006749918218702078,-5.008100509643555,5.001350591424853,0.9932872231275763,1,0
65,8,x0,0011,0011,0111,-1.1920928244535389e-07,-15.9375,15.937499880790718,0.9999998325705657,1,0
66,1,x0,1010,1010,0010,-7.664877193747088e-05,-9.50007438659668,9.499997737824742,0.9999236590833377,1,0
66,2,t120,1010,1010,1110,-0.00423300638794899,-5.504234313964844,5.500001307576895,0.9958065166779368,1,0
66,3,s32,1001,1001,1010,-0.005307537503540516,-5.255486965179443,5.250179427675903,0.9947103334958111,1,0
66,4,c21,1001,1001,1101,-0.003218243829905987,-5.7532196044921875,5.7500013606622815,0.9968231895602443,1,0
66,5,x2,1011,1011,1010,-0.0026124909054487944,-9.377612113952637,9.374999623047188,0.9999103368120427,1,0
66,6,s02,1011,1011,0011,-0.0019304018933326006,-6.251933574676514,6.250003172783181,0.9980718045588439,1,0
66,7,t310,1011,1011,1111,-2.1815185391460545e-05,-11.375027656555176,11.375005841369784,0.9999834221410107,1,0
66,8,t301,1111,1111,1011,-2.9921322493464686e-05,-10.87502670288086,10.874996781558366,0.9999764973585942,1,0
67,1,s30,1010,1010,1001,-0.005345687735825777,-5.255282402038574,5.249936714302748,0.9946686635395422,1,0
67,2,t120,1010,1010,1110,-0.00047058286145329475,-8.25047779083252,8.250007207971066,0.9995348627010687,1,0
67,3,c13,1010,1010,1011,-0.00014018540969118476,-9.375140190124512,9.37500000471482,0.9999113335372538,1,0
67,4,x3,1011,1011,1001,-2.7894662707694806e-05,-15.374496459960938,15.37446856529823,0.9999993849279727,1,0
67,5,c03,1010,1010,1011,-0.00016723790031392127,-8.750166893005371,8.749999655105057,0.9998398182300399,1,0
67,6,s30,0011,0011,1010,-0.0009542002808302641,-7.000931262969971,6.99997706268914,0.9990826374556124,1,0
67,7,x0,1011,1011,1010,-0.0013284231536090374,-6.626328468322754,6.625000045169145,0.9986731378883352,1,0
67,8,c20,0011,0011,1011,-2.6226011868857313e-06,-16.750017166137695,16.75001454353651,0.9999998843427464,1,0
68,1,t023,0101,0101,0111,-4.339186125434935e-05,-11.501744270324707,11.501700878463453,0.9999809735902218,1,0
68,2,x1,0001,0001,0101,-2.562980807852e-05,-14.000025749206543,14.000000119398464,0.9999986752431899,1,0
68,3,x1,0101,0101,0100,-2.2172796889208257e-05,-11.187522888183594,11.187500715386705,0.999978234141364,1,0
68,4,s21,0011,0011,0101,-0.03378819301724434,-3.408872127532959,3.3750839345157146,0.966904704347208,1,0
68,5,c23,0010,0010,0011,-0.0007387203513644636,-7.250738620758057,7.249999900406692,0.9992892766451098,1,0
68,6,s12,0100,0100,0010,-0.002252190373837948,-6.3791823387146,6.376930148340762,0.9980730160537246,1,0
68,7,t213,0100,0100,0101,-0.00024221096828114241,-8.500242233276367,8.500000022308086,0.9997796984598224,1,0
68,8,t013,0100,0100,0101,-3.8861595385242254e-05,-10.250038146972656,10.249999285377271,0.9999641508857258,1,0
69,1,s20,1101,1101,1110,-0.00697946734726429,-5.506649494171143,5.499670026823878,0.9930452879596302,1,0
69,2,c30,0101,0101,1111,-9.846212196862325e-05,-9.88272762298584,9.882629160863871,0.9999030293348559,1,0
69,3,x1,0001,0001,0101,-3.4689601307036355e-05,-13.125035285949707,13.1250005963484,0.9999977773644829,1,0
69,4,c13,0001,0001,0011,-7.784251647535712e-05,-10.276373863220215,10.27629602070374,0.9999554939740035,1,0
69,5,c01,0001,0001,0101,-3.5762750485446304e-06,-12.875020980834961,12.875017404559912,0.9999971863811149,1,0
69,6,x3,0000,0000,0001,-2.2530428395839408e-05,-12.125022888183594,12.125000357755198,0.9999943449742446,1,0
69,7,s03,0000,0000,1000,-0.0004329936346039176,-7.750432968139648,7.7499999745050445,0.9995693229315293,1,0
69,8,x0,1000,1000,1100,-2.3841855067985307e-07,-16.5,16.49999976158145,0.9999999204866442,1,0
70,1,x1,0100,0100,0000,-1.1801654181908816e-05,-11.375011444091797,11.374999642437615,0.9999883555748501,1,0
70,2,t230,0100,0100,1100,-2.78946081380127e-05,-11.500031471252441,11.500003576644303,0.999989574689499,1,0
70,3,x2,0110,0110,0010,-0.00020359565678518265,-13.625204086303711,13.625000490646926,0.9999985989891493,1,0
70,4,c23,0111,0111,0110,-7.390857354039326e-05,-10.625073432922363,10.624999524348823,0.9999740283501385,1,0
70,5,t013,0111,0111,0110,-0.00017176775145344436,-8.750171661376953,8.7499998936255,0.9998381172076631,1,0
70,6,t312,0101,0101,0111,-0.00013565504923462868,-9.6788330078125,9.678697352763265,0.9999011277869655,1,0
70,7,s02,0101,0101,1100,-0.06469081342220306,-3.508962392807007,3.4442715793848038,0.9398955776741617,1,0
70,8,s12,0011,0011,0101,-0.022925354540348053,-3.91208815574646,3.889162801206112,0.9796669865422434,1,0
71,1,s10,1111,1111,0111,-0.012865234166383743,-4.387509346008301,4.374644111841917,0.9872215762022636,1,0
71,2,x2,1101,1101,1001,-3.0159555535647087e-05,-13.625208854675293,13.625178695119757,0.9999983100267983,1,0
71,3,t013,1100,1100,1101,-0.008708813227713108,-4.758708477020264,4.749999663792551,0.9914017477088503,1,0
71,4,c32,1100,1100,1110,-3.123244459857233e-05,-13.250033378601074,13.250002146156476,0.9999970826748542,1,0
71,5,t023,1100,1100,1101,-0.02631271257996559,-3.6513125896453857,3.62499987706542,0.9740416433258594,1,0
71,6,c32,1100,1100,1110,-9.655937901698053e-06,-12.625012397766113,12.625002741828212,0.9999945008950123,1,0
71,7,s10,1100,1100,0110,-0.0003334937209729105,-8.258942604064941,8.258609110343968,0.9997337833251999,1,0
71,8,s01,1100,1100,0110,-0.09027102589607239,-2.5026028156280518,2.4123317897319794,0.9142516665067885,1,0
72,1,t132,0101,0101,0111,-0.03171852231025696,-3.534176826477051,3.502458304166794,0.9688008336911255,1,0
72,2,c21,0101,0101,0001,-2.408015643595718e-05,-11.625020980834961,11.624996900678525,0.9999861173510486,1,0
72,3,s02,0101,0101,1100,-0.0384359285235405,-3.3613040447235107,3.3228681161999702,0.9625238709849662,1,0
72,4,c13,0100,0100,0101,-4.374900527182035e-05,-10.125043869018555,10.125000120013283,0.999959393928422,1,0
72,5,x3,0101,0101,0001,-5.614674955722876e-05,-13.437569618225098,13.43751347147554,0.9999978468292802,1,0
72,6,t102,0101,0101,0111,-2.1099907826283015e-05,-13.625072479248047,13.62505137934022,0.9999975128035945,1,0
72,7,s30,1100,1100,0101,-9.870307985693216e-05,-10.750103950500488,10.750005247420631,0.999972184931271,1,0
72,8,x1,1000,1000,1110,-9.679490904090926e-05,-13.473540306091309,13.473443511182268,0.9999973514801727,1,0
73,1,x0,1100,1100,0100,-0.0008237700094468892,-7.125804901123047,7.1249811311136,0.9991769251939476,1,0
73,2,c21,1100,1100,1110,-0.0010459645418450236,-7.001047611236572,7.000001646694727,0.9990297514806197,1,0
73,3,x1,1000,1000,1010,-7.784082117723301e-05,-13.125077247619629,13.124999406798452,0.9999975696240274,1,0
73,4,x0,0000,0000,0100,-3.576278118089249e-07,-16.0625,16.062499642372188,0.9999997923076372,1,0
73,5,s21,0000,0000,0100,-1.811969923437573e-05,-11.312516212463379,11.312498092764145,0.999986714443488,1,0
73,6,c32,0000,0000,1000,-3.1470757676288486e-05,-16.250032424926758,16.25000095416908,0.999999863106983,1,0
73,7,x3,0001,0001,0000,-7.629373158124508e-06,-14.625007629394531,14.625000000021373,0.9999994437828766,1,0
73,8,s13,0100,0100,0001,-1.4543479665007908e-05,-13.375420570373535,13.37540602689387,0.9999975106088097,1,0
74,1,c01,0000,0000,0100,-7.748588359390851e-06,-12.125014305114746,12.125006556526387,0.9999931156578328,1,0
74,2,c13,0000,0000,0001,-2.372238850512076e-05,-14.500022888183594,14.499999165795089,0.999998906644563,1,0
74,3,s32,0000,0000,0010,-0.00028296318487264216,-8.250282287597656,8.249999324412784,0.999737494284032,1,0
74,4,t203,0000,0000,0001,-7.748579264443833e-06,-14.625006675720215,14.62499892714095,0.9999993747947279,1,0
74,5,c01,0000,0000,0100,-1.6689293715899112e-06,-13.87500286102295,13.875001192093578,0.9999990315127467,1,0
74,6,x2,0010,0010,1010,-0.000126473096315749,-15.375462532043457,15.375336058947141,0.9999997147076308,1,0
74,7,x3,0011,0011,0010,-1.347061333945021e-05,-12.62501335144043,12.62499988082709,0.9999962871355463,1,0
74,8,t302,0011,0011,0010,-2.741811840678565e-06,-13.50000286102295,13.500000119211109,0.9999982306516575,1,0
75,1,x3,1100,1100,1101,-0.0001224237057613209,-9.3751220703125,9.374999646606739,0.9999092355031292,1,0
75,2,c32,1100,1100,1110,-0.0032007209956645966,-5.753201007843018,5.750000286847353,0.9968242951946249,1,0
75,3,x0,0100,0100,0101,-2.14576584767201e-06,-14.500001907348633,14.499999761582785,0.9999994064874905,1,0
75,4,s23,0100,0100,0110,-0.015013712458312511,-4.264978408813477,4.249964696355164,0.9859008088775595,1,0
75,5,c12,0110,0110,0100,-3.457038474152796e-05,-10.75003433227539,10.749999761890649,0.9999779338837862,1,0
75,6,c20,1110,1110,1100,-5.328522820491344e-05,-9.875053405761719,9.875000120533514,0.9999476687830174,1,0
75,7,s31,1011,1011,1110,-0.3491022288799286,-1.225395917892456,0.8762936890125275,0.7054022597386459,1,0
75,8,x2,1001,1001,1101,-3.147099050693214e-05,-13.000077247619629,13.000045776629122,0.9999970340377167,1,0
76,1,t213,1000,1000,1100,-7.39086972316727e-05,-11.000104904174805,11.000030995477573,0.9999592797096812,1,0
76,2,t203,1000,1000,1001,-2.0623114323825575e-05,-11.625020027160645,11.62499940404632,0.9999899479275733,1,0
76,3,s23,1000,1000,1001,-0.0004050334100611508,-8.375405311584473,8.375000278174412,0.9996106027014329,1,0
76,4,s10,0100,0100,1000,-0.0022355036344379187,-6.127214431762695,6.124978928128257,0.9977772699524721,1,0
76,5,x3,0101,0101,1101,-0.00016759514983277768,-11.687735557556152,11.68756796240632,0.9999902315773321,1,0
76,6,c21,0101,0101,0001,-8.797357440926135e-05,-9.50008487701416,9.499996903439751,0.9999211293728146,1,0
76,7,s12,0011,0011,0111,-0.008720770478248596,-4.867543697357178,4.858822926878929,0.991421954740438,1,0
76,8,x3,0010,0010,0001,-2.264962859044317e-05,-13.187529563903809,13.187506914275218,0.9999957151225924,1,0
77,1,s21,0001,0001,0100,-0.28121498227119446,-1.4061565399169922,1.1249415576457977,0.7548720583070945,1,0
77,2,s02,0001,0001,1000,-0.016393596306443214,-4.1414079666137695,4.125014370307326,0.9840804583751959,1,0
77,3,t132,0001,0001,0011,-0.00021193311840761453,-8.500417709350586,8.500205776232178,0.9997961842209493,1,0
77,4,t302,0001,0001,0000,-2.5033937163243536e-06,-16.375003814697266,16.37500131130355,0.9999997746090452,1,0
77,5,t203,0001,0001,0101,-9.05988781596534e-06,-15.562578201293945,15.56256914140613,0.9999994412039285,1,0
77,6,c23,0001,0001,0011,-0.00021265781833790243,-9.376618385314941,9.376405727496604,0.9999131460792452,1,0
77,7,x3,0000,0000,0001,-1.3470594240061473e-05,-12.12501335144043,12.12499988084619,0.9999944006358884,1,0
77,8,c01,0000,0000,0100,-7.867800377425738e-06,-12.625019073486328,12.62501120568595,0.9999960180099886,1,0
78,1,t023,1000,1000,1001,-0.0002932308125309646,-8.500292778015137,8.499999547202606,0.9997480927076685,1,0
78,2,c21,1000,1000,1100,-0.001191645977087319,-6.751193046569824,6.750001400592737,0.9988278932207904,1,0
78,3,t302,1000,1000,1010,-1.895419518405106e-05,-11.750021934509277,11.750002980314093,0.9999917672851905,1,0
78,4,x2,1010,1010,0010,-0.00023433809110429138,-15.37523365020752,15.374999312116415,0.9999996477352129,1,0
78,5,s31,1010,1010,1110,-0.036986179649829865,-3.414013624191284,3.3770274445414543,0.9637113605896322,1,0
78,6,c03,1011,1011,1010,-2.4795361241558567e-05,-12.00002384185791,11.999999046496669,0.9999932872449327,1,0
78,7,s31,1110,1110,1101,-0.004168761428445578,-5.50424337387085,5.500074612442404,0.9958405838167057,1,0
78,8,t230,1110,1110,1111,-9.05988781596534e-06,-12.250008583068848,12.249999523181032,0.9999946528305844,1,0
79,1,c30,1101,1101,0101,-0.07907974720001221,-2.578890800476074,2.499811053276062,0.9239666318563243,1,0
79,2,c01,1001,1001,1111,-0.0006611631833948195,-7.648909091949463,7.648247928766068,0.9995082676377287,1,0
79,3,c23,1001,1001,1000,-0.000489615835249424,-10.250490188598633,10.250000572763383,0.9999419004884557,1,0
79,4,s02,0011,0011,1001,-0.03368484228849411,-3.4786012172698975,3.4449163749814034,0.9668838123708293,1,0
79,5,x1,0111,0111,0011,-2.9801909477100708e-05,-10.500028610229492,10.499998808320015,0.9999715436041822,1,0
79,6,c02,0111,0111,1101,-5.626533675240353e-05,-12.000092506408691,12.000036241071939,0.9999933954254239,1,0
79,7,t130,1111,1111,1110,-2.1934349206276238e-05,-11.000020980834961,10.999999046485755,0.999981542028606,1,0
79,8,c01,1011,1011,1101,-9.107305959332734e-05,-10.125872611999512,10.125781538939918,0.9999443629496657,1,0
80,1,x3,1110,1110,1111,-3.218635538360104e-05,-11.750031471252441,11.749999284897058,0.9999781220991549,1,0
80,2,c20,0110,0110,0111,-0.0001243276783498004,-9.000123977661133,8.999999649982783,0.9998764446781846,1,0
80,3,x2,0100,0100,0101,-0.0001914327876875177,-12.250190734863281,12.249999302075594,0.9999945428672333,1,0
80,4,t031,0100,0100,0101,-1.0728794222814031e-05,-13.87501049041748,13.874999761623258,0.999998299213683,1,0
80,5,s30,0100,0100,1100,-0.00018881018331740052,-8.625252723693848,8.62506391351053,0.9998193096557403,1,0
80,6,s20,0100,0100,1100,-0.004086650442332029,-5.753952503204346,5.749865852762014,0.9965322145704724,1,0
80,7,t320,0100,0100,0101,-1.192092668134137e-06,-15.250000953674316,15.249999761581648,0.9999994851751607,1,0
80,8,c32,0100,0100,0101,-3.8980742829153314e-05,-14.875038146972656,14.874999166229827,0.9999993102620316,1,0
81,1,c12,1001,1001,1011,-0.04888874292373657,-3.049190044403076,3.0003013014793396,0.9523726002996614,1,0
81,2,s10,0101,0101,1001,-0.0034099051263183355,-5.753219127655029,5.749809222528711,0.9965967064370714,1,0
81,3,s13,0101,0101,0100,-0.0020618843846023083,-6.252061367034912,6.24999948265031,0.997948350556717,1,0
81,4,x1,0001,0001,1001,-0.00032264876062981784,-9.875322341918945,9.874999693158315,0.9999475056121178,1,0
81,5,c30,1001,1001,0001,-0.04859072342514992,-3.048588991165161,2.999998267740011,0.9525731264428193,1,0
81,6,x3,1000,1000,1001,-5.733822763431817e-05,-13.250057220458984,13.24999988223135,0.9999979665758439,1,0
81,7,s31,1000,1000,1100,-0.02655661292374134,-3.651556968688965,3.6250003557652235,0.9738155769078314,1,0
81,8,s01,0100,0100,1000,-0.0017599653219804168,-6.501559257507324,6.499799292185344,0.9982956704869995,1,0
82,1,c23,1001,1001,1011,-0.004558351822197437,-5.854840278625488,5.850281926803291,0.9967812662846696,1,0
82,2,t021,1001,1001,1101,-0.38689324259757996,-1.1369128227233887,0.7500195801258087,0.6791709786906704,1,0
82,3,s21,1001,1001,1100,-0.005972178187221289,-5.130965709686279,5.124993531499058,0.9940721645248793,1,0
82,4,s10,0101,0101,1001,-0.0005602480378001928,-7.5005598068237305,7.49999955878593,0.9994434273785097,1,0
82,5,c02,0101,0101,1111,-0.16213743388652802,-1.9133987426757812,1.7512613087892532,0.8519534222012912,1,0
82,6,s31,0101,0101,0011,-2.741789103311021e-05,-10.750105857849121,10.750078439958088,0.9999736033652559,1,0
82,7,t012,0101,0101,1111,-1.335139950242592e-05,-13.197165489196777,13.197152137797275,0.9999969609076288,1,0
82,8,c31,0001,0001,0101,-2.0265473722247407e-05,-12.000020027160645,11.999999761686922,0.9999934977907671,1,0
83,1,t103,1101,1101,1100,-0.16029320657253265,-1.9102932214736938,1.7500000149011612,0.8519113679101509,1,0
83,2,s32,1110,1110,1011,-6.210737774381414e-05,-10.378358840942383,10.378296733564639,0.999941840146512,1,0
83,3,s01,1110,1110,0111,-3.254362309235148e-05,-10.75009822845459,10.750065684831497,0.9999781002308825,1,0
83,4,x2,1100,1100,1001,-2.4437740648863837e-05,-12.82596206665039,12.825937628909742,0.9999942475308563,1,0
83,5,s20,0110,0110,1100,-0.0010931130964308977,-7.125956058502197,7.124862945405766,0.9989598226986043,1,0
83,6,s10,1010,1010,1001,-0.0002075310330837965,-10.063470840454102,10.063263309421018,0.9999173692501632,1,0
83,7,s01,0110,0110,1010,-0.007693732623010874,-4.920712947845459,4.913019215222448,0.9923831031162228,1,0
83,8,t120,1110,1110,1100,-0.0001643796422285959,-8.875165939331055,8.875001559688826,0.9998364346884983,1,0
84,1,x2,0000,0000,0010,-0.0001540073280921206,-8.875163078308105,8.875009070980013,0.9998570841942436,1,0
84,2,c01,0000,0000,0100,-2.1338277292670682e-05,-13.125021934509277,13.125000596231985,0.9999978837534435,1,0
84,3,c30,0000,0000,1000,-6.318072337307967e-06,-14.125007629394531,14.125001311322194,0.9999992321164449,1,0
84,4,c31,0000,0000,0100,-6.162987847346812e-05,-11.375061988830566,11.375000358952093,0.9999883916108324,1,0
84,5,c12,0000,0000,0010,-9.298286386183463e-06,-14.625008583068848,14.624999284782461,0.9999992544471451,1,0
84,6,c31,0000,0000,0100,-3.945775461033918e-05,-10.375040054321289,10.375000596566679,0.9999687680024814,1,0
84,7,c23,0000,0000,0001,-8.344634807144757e-06,-12.625007629394531,12.624999284759724,0.9999962535419352,1,0
84,8,t201,0000,0000,0100,-2.7418113859312143e-06,-13.125003814697266,13.12500107288588,0.9999978621963933,1,0
85,1,x2,1001,1001,0001,-2.670268077054061e-05,-12.000150680541992,12.000123977861222,0.9999891996795737,1,0
85,2,c12,1001,1001,1011,-0.00042647047666832805,-8.00046443939209,8.000037968915422,0.9996585392111933,1,0
85,3,s32,1010,1010,1001,-0.00037726503796875477,-8.375296592712402,8.374919327674434,0.9996319056870048,1,0
85,4,t310,1010,1010,1110,-4.649157290259609e-06,-14.375014305114746,14.375009655957456,0.9999992461452133,1,0
85,5,c21,1110,1110,1100,-0.00011503310815896839,-11.00011920928955,11.000004176181392,0.9999700920927944,1,0
85,6,x0,0110,0110,0111,-9.536740890325746e-07,-14.125000953674316,14.125000000000227,0.9999992104679761,1,0
85,7,x3,0111,0111,0110,-1.0132774150406476e-05,-13.375009536743164,13.374999403969014,0.9999975230707926,1,0
85,8,x1,0011,0011,0111,-1.3589776244771201e-05,-13.438020706176758,13.438007116400513,0.9999982932138388,1,0
86,1,t301,1000,1000,1100,-0.2014474868774414,-1.7014503479003906,1.5000028610229492,0.8175513462761349,1,0
86,2,x1,1100,1100,1010,-2.1099906007293612e-05,-12.285245895385742,12.285224795479735,0.9999945121308697,1,0
86,3,c32,1100,1100,1110,-4.875609738519415e-05,-10.875051498413086,10.8750027423157,0.9999775475618268,1,0
86,4,c12,1110,1110,1100,-3.683528120745905e-05,-11.625102043151855,11.625065207870648,0.9999905079675704,1,0
86,5,c21,1010,1010,1100,-1.096722644433612e-05,-12.048628807067871,12.048617839841427,0.9999927403955768,1,0
86,6,x1,1110,1110,1010,-5.245201464276761e-06,-13.37505054473877,13.375045299537305,0.9999977534826994,1,0
86,7,s23,1101,1101,1110,-0.01655748300254345,-4.196425437927246,4.179867954924703,0.9835862265557757,1,0
86,8,t023,1101,1101,1100,-0.04100684076547623,-3.2910068035125732,3.249999962747097,0.9623494394852716,1,0
87,1,s13,1111,1111,1110,-0.0016611850587651134,-6.6266608238220215,6.624999638763256,0.9983763927162864,1,0
87,2,s20,1111,1111,0111,-0.0002052574564004317,-8.500205039978027,8.499999782521627,0.9997959013176647,1,0
87,3,c10,0111,0111,0110,-7.152545094868401e-06,-16.12500762939453,16.125000476849436,0.9999998768631989,1,0
87,4,s02,1101,1101,0111,-0.004107367713004351,-5.504080295562744,5.49997292784974,0.9959181997170432,1,0
87,5,c21,1101,1101,1111,-0.005278333090245724,-5.255289077758789,5.250010744668543,0.9947668371797582,1,0
87,6,c13,1100,1100,1101,-0.00028392221429385245,-8.250284194946289,8.250000272731995,0.9997363854947232,1,0
87,7,s21,1010,1010,1100,-0.00864444300532341,-4.758761882781982,4.750117439776659,0.991397172292391,1,0
87,8,s32,1001,1001,1010,-0.009781279601156712,-4.6351165771484375,4.625335297547281,0.9902738449277704,1,0
88,1,s30,0011,0011,1010,-0.1271897256374359,-2.1295816898345947,2.002391964197159,0.8807674080642705,1,0
88,2,s20,1001,1001,0011,-0.0010073798475787044,-7.251218795776367,7.2502114159287885,0.9989937347682707,1,0
88,3,c32,1011,1011,1010,-7.29545863578096e-05,-9.875072479248047,9.874999524661689,0.9999441872765736,1,0
88,4,s01,0111,0111,1011,-0.01106652244925499,-4.637999534606934,4.626933012157679,0.989010059943011,1,0
88,5,c20,1111,1111,1110,-4.053050361108035e-05,-10.250040054321289,10.249999523817678,0.9999613978530142,1,0
88,6,s20,1111,1111,0111,-0.0005665680509991944,-7.500553131103516,7.499986563052516,0.9994345594820256,1,0
88,7,x3,1110,1110,1010,-9.107422374654561e-05,-11.750550270080566,11.75045919585682,0.9999820999872113,1,0
88,8,x3,1111,1111,1110,-5.650460298056714e-05,-10.375056266784668,10.374999762181687,0.9999501319519226,1,0
89,1,c21,0000,0000,0100,-6.270238372962922e-05,-9.750082015991211,9.750019313607481,0.9999399421732338,1,0
89,2,x2,0010,0010,1010,-0.0004457437607925385,-14.500467300415039,14.500021556654247,0.9999994313263828,1,0
89,3,t302,0010,0010,0011,-1.406663068337366e-05,-15.625014305114746,15.625000238484063,0.9999996422673877,1,0
89,4,c30,0010,0010,1010,-5.960463909104874e-07,-15.375000953674316,15.375000357627925,0.9999997210766226,1,0
89,5,s23,0001,0001,0010,-0.0052389949560165405,-5.255947589874268,5.250708594918251,0.9947776992528398,1,0
89,6,x2,0011,0011,0010,-0.0004742403980344534,-7.750473976135254,7.7499997357372195,0.9995564146220234,1,0
89,7,s12,0101,0101,0110,-0.002140483120456338,-8.814620971679688,8.812480488559231,0.9996867599899056,1,0
89,8,s30,1100,1100,1001,-3.528567322064191e-05,-10.750042915344238,10.750007629671018,0.9999750792687288,1,0
90,1,t231,0100,0100,0000,-0.0019348128698766232,-6.252004623413086,6.250069810543209,0.9980704307560799,1,0
90,2,t120,0100,0100,1100,-1.978856380446814e-05,-11.125033378601074,11.12501359003727,0.9999848001746926,1,0
90,3,x1,0000,0000,0100,-2.2291973436949775e-05,-15.187521934509277,15.18749964253584,0.999999542320292,1,0
90,4,x3,0001,0001,1001,-2.0027020582347177e-05,-15.188228607177734,15.188208580157152,0.999999499367253,1,0
90,5,c31,0101,0101,0001,-3.373598519829102e-05,-11.000030517578125,10.999996781592927,0.9999802423771483,1,0
90,6,c10,1101,1101,0101,-3.0278777558123693e-05,-10.500086784362793,10.500056505585235,0.9999699343807562,1,0
90,7,c31,1001,1001,1111,-0.00013756108819507062,-9.12605094909668,9.125913388008485,0.9998888191822858,1,0
90,8,s20,0011,0011,1001,-0.0008521252311766148,-7.1258463859558105,7.124994260724634,0.9991682340424161,1,0
91,1,c02,1101,1101,0111,-0.00028144140378572047,-9.125136375427246,9.12485493402346,0.9997236744901191,1,0
91,2,x3,1100,1100,1110,-0.00030536926351487637,-13.2019681930542,13.201662823790684,0.9999966677372494,1,0
91,3,c10,0100,0100,0101,-1.8358088709646836e-05,-11.000018119812012,10.999999761723302,0.9999832042532439,1,0
91,4,t012,0100,0100,0110,-0.0006668974529020488,-7.375669956207275,7.375003058754373,0.999371222067877,1,0
91,5,t021,0100,0100,0000,-7.867802196415141e-06,-12.750020980834961,12.750013113032765,0.9999958372038541,1,0
91,6,t302,0100,0100,0101,-3.8146949918882456e-06,-14.000003814697266,14.000000000002274,0.9999987380444717,1,0
91,7,t031,0100,0100,0101,-3.337856469443068e-06,-14.75000286102295,14.74999952316648,0.9999993120192784,1,0
91,8,x1,0000,0000,0001,-6.675702934444416e-06,-14.625005722045898,14.624999046342964,0.9999991924699043,1,0
92,1,s32,1110,1110,0110,-0.000521364388987422,-8.5023193359375,8.501797971548513,0.9994894101722835,1,0
92,2,x1,1010,1010,1011,-1.9550179786165245e-05,-11.000019073486328,10.999999523306542,0.9999822191303002,1,0
92,3,t310,1010,1010,1110,-7.271755293913884e-06,-12.50001049041748,12.500003218662187,0.9999955946696818,1,0
92,4,t012,1010,1010,1110,-0.00041028528357855976,-8.75349235534668,8.753082070063101,0.9997758120264392,1,0
92,5,s01,0110,0110,1010,-0.0022449323441833258,-6.37917423248291,6.376929300138727,0.9978167873886562,1,0
92,6,t023,0110,0110,0111,-0.0008455839124508202,-7.125845432281494,7.124999848369043,0.9991922261803845,1,0
92,7,t120,1110,1110,1100,-1.3828211194777396e-05,-11.375015258789062,11.375001430577868,0.9999865343854888,1,0
92,8,t023,1111,1111,1110,-0.0005016911891289055,-8.50050163269043,8.4999999415013,0.9997560480321928,1,0
93,1,t130,0101,0101,1101,-0.6931595802307129,-0.6931992769241333,3.9696693420410156e-05,0.4999994277395013,1,0
93,2,c12,0111,0111,0110,-0.0014064681017771363,-10.126405715942383,10.124999247840606,0.9999393832926398,1,0
93,3,s13,0111,0111,0110,-0.00020324031356722116,-8.875203132629395,8.874999892315827,0.9998004274034779,1,0
93,4,t103,0111,0111,0110,-0.0001439970947103575,-9.000144004821777,9.000000007727067,0.9998723927583614,1,0
93,5,s13,0111,0111,0011,-0.0001575848291395232,-8.875149726867676,8.874992142038536,0.9998508102162047,1,0
93,6,s01,1011,1011,0111,-0.0015334415948018432,-6.5015177726745605,6.499984331079759,0.9984760314459973,1,0
93,7,x0,0011,0011,1011,-2.1457651655509835e-06,-13.125396728515625,13.12539458275046,0.9999979037920889,1,0
93,8,x0,1011,1011,0011,-8.260922186309472e-05,-9.50007438659668,9.499991777374817,0.999918651448592,1,0
94,1,c03,0110,0110,0111,-0.0020250524394214153,-6.252025127410889,6.250000074971467,0.9979812248531398,1,0
94,2,x1,0010,0010,0011,-1.060960585164139e-05,-13.125009536743164,13.124998927137312,0.9999964898872428,1,0
94,3,t321,0010,0010,0110,-0.0005592961679212749,-7.5005598068237305,7.500000510655809,0.9994470355444478,1,0
94,4,x2,0000,0000,0001,-4.1722840251168236e-05,-12.625041961669922,12.62500023882967,0.9999943464453906,1,0
94,5,c30,0000,0000,0001,-4.768370445162873e-07,-16.9375,16.937499523162955,0.9999998971416982,1,0
94,6,x2,0010,0010,0000,-6.24638341832906e-05,-16.1876220703125,16.187559606478317,0.999999813925637,1,0
94,7,t103,0010,0010,0011,-1.5974001144059002e-05,-12.250015258789062,12.249999284787918,0.9999949720629001,1,0
94,8,t310,0010,0010,1010,-3.2186467251449358e-06,-14.125005722045898,14.125002503399173,0.9999990678380276,1,0
95,1,t031,0100,0100,0000,-0.00010358819417888299,-9.25018310546875,9.250079517274571,0.9998987046312522,1,0
95,2,t320,0100,0100,1100,-3.7311838241294026e-05,-10.500053405761719,10.500016093923477,0.9999719536841569,1,0
95,3,s10,1000,1000,1100,-2.3960796170285903e-05,-12.25002384185791,12.24999988106174,0.999994801064813,1,0
95,4,t013,1000,1000,1100,-8.105995220830664e-05,-12.375096321105957,12.375015261153749,0.9999926583038539,1,0
95,5,x2,1010,1010,1000,-0.00020573440997395664,-13.750364303588867,13.750158569178893,0.9999988124644443,1,0
95,6,x2,1000,1000,1010,-5.960457201581448e-06,-14.913046836853027,14.913040876395826,0.9999991287572466,1,0
95,7,c30,1000,1000,0000,-2.1099824152770452e-05,-13.250020980834961,13.249999881010808,0.9999980715680334,1,0
95,8,c30,1000,1000,0000,-1.1324826118652709e-05,-14.25001049041748,14.249999165591362,0.9999986043130566,1,0
96,1,x3,1101,1101,1100,-0.0001339866139460355,-9.375134468078613,9.375000481464667,0.9999099031521481,1,0
96,2,s31,1101,1101,1110,-0.00210609775967896,-6.377109527587891,6.375003429828212,0.9979017290721589,1,0
96,3,t213,1101,1101,1100,-0.0021377080120146275,-6.502137660980225,6.49999995296821,0.9984927451995789,1,0
96,4,c20,1101,1101,1111,-0.0019431572873145342,-6.251956939697266,6.250013782409951,0.998065843974434,1,0
96,5,t130,0101,0101,1101,-2.312633478140924e-05,-10.75002384185791,10.750000715523129,0.9999785010502656,1,0
96,6,s10,1001,1001,0101,-0.001188898691907525,-6.8821120262146,6.880923127522692,0.9989561091984497,1,0
96,7,t231,1001,1001,1101,-0.16025760769844055,-1.9103941917419434,1.7501365840435028,0.851950888154845,1,0
96,8,x0,0001,0001,1001,-5.960462772236497e-07,-14.250006675720215,14.250006079673938,0.9999992895948961,1,0
97,1,c32,1010,1010,1000,-0.0656156837940216,-2.8120551109313965,2.746439427137375,0.9364981006189727,1,0
97,2,x2,1000,1000,1001,-5.662287003360689e-05,-14.000056266784668,13.999999643914634,0.9999987492995044,1,0
97,3,s12,1000,1000,1100,-0.002356036566197872,-6.127329349517822,6.124973312951624,0.9976810997158404,1,0
97,4,t123,1000,1000,1001,-5.0901249778689817e-05,-13.87505054473877,13.87499964348899,0.9999981471147842,1,0
97,5,s21,1000,1000,1100,-0.000779135967604816,-7.2507805824279785,7.250001446460374,0.999238601560421,1,0
97,6,x1,1100,1100,0100,-4.088794958079234e-05,-16.43816566467285,16.43812477672327,0.9999998735868201,1,0
97,7,s31,1001,1001,1100,-0.016987213864922523,-4.141302585601807,4.124315371736884,0.9832697241881556,1,0
97,8,s03,1001,1001,1000,-8.583048838772811e-06,-12.000007629394531,11.999999046345692,0.9999923694463558,1,0
98,1,c31,0000,0000,0100,-0.5759409666061401,-0.8259414434432983,0.2500004768371582,0.5621762759501191,1,0
98,2,x1,0100,0100,0000,-1.1205635018995963e-05,-12.750011444091797,12.750000238456778,0.9999970043123023,1,0
98,3,x0,1100,1100,1000,-8.344647994817933e-07,-14.500000953674316,14.500000119209517,0.9999993687993328,1,0
98,4,x0,0100,0100,1100,-1.3113018439980806e-06,-14.262537002563477,14.262535691261633,0.9999987073635968,1,0
98,5,c23,0100,0100,0101,-0.001743634813465178,-6.376743316650391,6.3749996818369254,0.9982985808354887,1,0
98,6,c10,1100,1100,1000,-5.960462772236497e-07,-14.625000953674316,14.62500035762804,0.9999995194875628,1,0
98,7,x1,1000,1000,1110,-3.802721403189935e-05,-12.60024356842041,12.600205541206378,0.9999960513657558,1,0
98,8,t301,1000,1000,1100,-0.0009182103676721454,-7.00092077255249,7.000002562184818,0.9990882995744947,1,0
99,1,c30,0100,0100,1100,-0.005235896911472082,-5.2556657791137695,5.2504298822022974,0.9947786224945153,1,0
99,2,x0,1100,1100,1000,-1.0728831512096804e-06,-14.125000953674316,14.124999880791165,0.9999991313152626,1,0
99,3,x0,0100,0100,1100,-7.748581992927939e-06,-12.158705711364746,12.158697962782753,0.9999933503954945,1,0
99,4,s32,0100,0100,0110,-0.0003754569042939693,-8.125324249267578,8.124948792363284,0.999649888279308,1,0
99,5,s10,1000,1000,0100,-1.8954182451125234e-05,-11.95423412322998,11.95421516904753,0.9999904699419313,1,0
99,6,t231,1000,1000,1100,-3.159021434839815e-05,-11.12503719329834,11.125005603083991,0.9999850021743545,1,0
99,7,t231,1000,1000,1100,-3.6954841107217362e-06,-13.875003814697266,13.875000119213155,0.999998971822031,1,0
99,8,c01,1100,1100,1000,-0.0011744798393920064,-6.751174449920654,6.749999970081262,0.9988299022440391,1,0
100,1,s32,1101,1101,1110,-0.030625369399785995,-3.5312118530273438,3.5005864836275578,0.9698411166764004,1,0
100,2,t023,1101,1101,1100,-0.0035774961579591036,-6.00357723236084,5.999999736202881,0.9970399287000926,1,0
100,3,x2,1111,1111,1110,-9.739019151311368e-05,-11.625097274780273,11.62499988458876,0.9999900632279445,1,0
100,4,c13,1110,1110,1100,-0.00012182875798316672,-10.862934112548828,10.862812283790845,0.9999668226550912,1,0
100,5,t021,1010,1010,1110,-0.0017720229225233197,-6.397266864776611,6.395494841854088,0.9982516745954801,1,0
100,6,t203,1011,1011,1010,-0.0012038053246214986,-6.751203536987305,6.749999731662683,0.9988285002600434,1,0
100,7,s03,1011,1011,1110,-3.3378573789377697e-06,-14.000346183776855,14.000342845919477,0.9999986237462588,1,0
100,8,c01,1111,1111,1011,-3.39742582582403e-05,-10.500067710876465,10.500033736618207,0.9999700986139999,1,0
101,1,c20,1100,1100,0100,-8.082199929049239e-05,-9.750141143798828,9.750060321799538,0.9999203398741235,1,0
101,2,t032,1100,1110,1110,-0.6942015290260315,-0.6931811571121216,-0.0010203719139099121,0.4994838044580959,0,0
101,3,x1,1000,1000,1110,-5.3046835091663525e-05,-14.514216423034668,14.514163376199576,0.9999993015356439,1,0
101,4,s20,0010,0010,1000,-0.0007761350134387612,-7.250754356384277,7.249978221370839,0.9992556254929916,1,0
101,5,s03,0010,0010,0011,-0.00024531703093089163,-8.750245094299316,8.749999777268386,0.9998122183471078,1,0
101,6,x3,0011,0011,1011,-3.5762750485446304e-06,-16.23612403869629,16.23612046242124,0.9999997809425067,1,0
101,7,c23,0010,0010,0011,-0.0008992731454782188,-7.500899314880371,7.500000041734893,0.9994471576483213,1,0
101,8,x1,0110,0110,0100,-0.008815486915409565,-4.75881814956665,4.750002662651241,0.9912443037325266,1,0
102,1,s32,1101,1101,1110,-0.03139745816588402,-3.5316379070281982,3.5002404488623142,0.9690920424443207,1,0
102,2,c20,1101,1101,1111,-0.0019430378451943398,-6.251973628997803,6.250030591152608,0.9980633196864739,1,0
102,3,s30,1101,1101,0101,-0.0006781807169318199,-8.12880802154541,8.128129840828478,0.9994423881743841,1,0
102,4,t312,1111,1111,1110,-0.00013934940216131508,-9.125139236450195,9.124999887048034,0.9998719245405642,1,0
102,5,c23,1110,1110,1101,-0.00016688711184542626,-9.500885009765625,9.50071812265378,0.9998885146396284,1,0
102,6,t301,1110,1110,1010,-7.057062612148002e-05,-10.000139236450195,10.000068665824074,0.9999322117331448,1,0
102,7,c23,1111,1111,1110,-4.6729634050279856e-05,-11.750045776367188,11.749999046733137,0.999987665850793,1,0
102,8,c32,1101,1101,1011,-3.0398183298530057e-05,-11.386914253234863,11.386883855051565,0.9999784431156792,1,0
103,1,s20,1001,1001,1010,-0.11955653876066208,-2.2452497482299805,2.1256932094693184,0.8873147244720548,1,0
103,2,t123,1001,1001,1011,-9.643868543207645e-05,-10.755356788635254,10.755260349949822,0.9999759155172808,1,0
103,3,t230,1001,1001,1101,-8.940675797930453e-06,-12.125014305114746,12.125005364438948,0.999993639254407,1,0
103,4,t210,1001,1001,1101,-3.9457747334381565e-05,-10.375046730041504,10.37500727229417,0.9999682667418733,1,0
103,5,t230,1001,1001,1101,-0.0004768707149196416,-9.625478744506836,9.625001873791916,0.999923500742855,1,0
103,6,s31,1100,1100,0101,-0.00010930976714007556,-9.250715255737305,9.250605945970165,0.999896193558542,1,0
103,7,t023,1100,1100,1101,-0.020567046478390694,-3.895566701889038,3.8749996554106474,0.9796639090622722,1,0
103,8,c21,1100,1100,1110,-0.0022448599338531494,-6.502245903015137,6.500001043081284,0.9977799685359294,1,0
104,1,c10,1011,1011,0011,-0.0034115687012672424,-5.754091739654541,5.750680170953274,0.9965969037699908,1,0
104,2,t201,1111,1111,1110,-1.60932195285568e-05,-12.125015258789062,12.124999165569534,0.9999881765961621,1,0
104,3,x3,1110,1110,1101,-7.58157839300111e-05,-11.38031005859375,11.38023424280982,0.9999865016376674,1,0
104,4,s12,1110,1110,1011,-0.018183814361691475,-4.01816463470459,3.9999808203428984,0.981990144562509,1,0
104,5,c03,1111,1111,1110,-0.00021992772235535085,-8.75022029876709,8.750000371044734,0.9998121705069547,1,0
104,6,s12,1111,1111,1011,-0.00034329399932175875,-8.625337600708008,8.624994306708686,0.9996585466287463,1,0
104,7,x3,1110,1110,0110,-3.86235406040214e-05,-11.750019073486328,11.749980449945724,0.9999781103396951,1,0
104,8,s32,1101,1101,1110,-0.01823924109339714,-4.022838592529297,4.0045993514359,0.981934684898769,1,0
105,1,s01,0000,0000,1000,-0.009020666591823101,-5.884018421173096,5.874997754581273,0.997197008173303,1,0
105,2,t123,0000,0000,0001,-4.672913200920448e-05,-12.875046730041504,12.875000000909495,0.9999968412879036,1,0
105,3,c31,0000,0000,1000,-8.583032467868179e-06,-17.12500762939453,17.124999046362063,0.9999999194420104,1,0
105,4,t123,0000,0000,0001,-2.0623001546482556e-05,-15.500020027160645,15.499999404159098,0.9999995217173905,1,0
105,5,c03,0000,0000,0001,-1.7881382063933415e-06,-14.875000953674316,14.87499916553611,0.9999995318215593,1,0
105,6,t013,0000,0000,0001,-2.503392352082301e-06,-15.625001907348633,15.62499940395628,0.9999996735727505,1,0
105,7,t301,0000,0000,0100,-7.986996934050694e-06,-13.875008583068848,13.875000596071914,0.9999989863020375,1,0
105,8,s12,0000,0000,0100,-0.00012730745947919786,-9.000126838684082,8.999999531224603,0.9998764863261855,1,0
106,1,c01,0000,0000,0100,-1.5020283171907067e-05,-11.250019073486328,11.250004053203156,0.9999858360186679,1,0
106,2,s13,0000,0000,0100,-0.578168511390686,-0.8281683921813965,0.24999988079071045,0.562176182819547,1,0
106,3,x1,0100,0100,0000,-6.544472853420302e-05,-10.875065803527832,10.875000358799298,0.9999810270983129,1,0
106,4,s02,0100,0100,1100,-0.021797504276037216,-3.896904468536377,3.8751069642603397,0.9796353432204201,1,0
106,5,c31,0100,0100,0000,-6.0199759900569916e-05,-10.250060081481934,10.249999881722033,0.9999644167178975,1,0
106,6,x2,0110,0110,0010,-4.8159850848605856e-05,-14.375188827514648,14.3751406676638,0.9999991700744537,1,0
106,7,c21,0010,0010,0110,-0.00010931196447927505,-10.250284194946289,10.25017488298181,0.9999643290215077,1,0
106,8,c21,0110,0110,0010,-2.7894730010302737e-05,-10.75002670288086,10.749998808150849,0.9999737510509897,1,0
107,1,x1,0110,0110,0100,-0.0001162230983027257,-9.125117301940918,9.125001078842615,0.9998842171620724,1,0
107,2,t102,0110,0110,1100,-0.00024876100360415876,-12.1682710647583,12.168022303754697,0.9999883565458763,1,0
107,3,s13,0011,0011,0110,-0.005956197623163462,-5.131091117858887,5.125134920235723,0.9940877291908619,1,0
107,4,s32,0011,0011,0001,-0.0036049573682248592,-5.628602504730225,5.624997547362,0.9964017869221965,1,0
107,5,s21,0101,0101,0100,-0.000920856895390898,-7.25092077255249,7.249999915657099,0.9990822627581664,1,0
107,6,c30,1101,1101,0101,-2.0146269889664836e-05,-11.25001335144043,11.24999320517054,0.9999821428536999,1,0
107,7,t123,1101,1101,1100,-0.12767063081264496,-2.6276705265045166,2.4999998956918716,0.8803129077601705,1,0
107,8,c30,0101,0101,1101,-6.007989213685505e-05,-9.87517261505127,9.875112535159133,0.9999484027265274,1,0
108,1,x1,1101,1101,1111,-3.254396142438054e-05,-11.626062393188477,11.626029849227052,0.9999782347386904,1,0
108,2,c13,1100,1100,1101,-0.0001920365175465122,-9.000192642211914,9.000000605694368,0.9998751519100286,1,0
108,3,t132,1100,1100,1110,-0.00011789312702603638,-9.250127792358398,9.250009899231372,0.999892129500564,1,0
108,4,s13,1001,1001,1100,-0.003809066955000162,-5.628758907318115,5.624949840363115,0.9962804670891495,1,0
108,5,x3,1000,1000,1100,-6.413272058125585e-05,-14.625065803527832,14.62500167080725,0.9999991642425404,1,0
108,6,x1,1100,1100,1101,-1.9907769456040114e-05,-15.687520027160645,15.687500119391188,0.9999996481519481,1,0
108,7,x3,1101,1101,1001,-1.1086438462371007e-05,-13.37641716003418,13.376406073595717,0.9999968577632179,1,0
108,8,c30,0101,0101,1101,-9.05987235455541e-06,-12.177062034606934,12.177052974734579,0.9999920112071291,1,0
109,1,c21,0000,0000,0100,-2.1934361939202063e-05,-11.000040054321289,11.00001811995935,0.9999812649555434,1,0
109,2,x0,1000,1000,1100,0.0,-16.875,16.875,0.9999999483432858,1,0
109,3,x3,1001,1001,1000,-0.0004937622579745948,-15.875493049621582,15.874999287363607,0.9999997047213861,1,0
109,4,c20,1001,1001,1101,-0.00020954916544724256,-8.500211715698242,8.500002166532795,0.9997952669810206,1,0
109,5,t210,1001,1001,1101,-3.2543743145652115e-05,-10.50003433227539,10.500001788532245,0.9999723662894363,1,0
109,6,t210,1001,1001,1101,-0.00044241209980100393,-7.750446319580078,7.750003907480277,0.9995691045525067,1,0
109,7,s01,0101,0101,1001,-0.00236188224516809,-6.127251625061035,6.124889742815867,0.9976940778246,1,0
109,8,s32,0110,0110,1110,-0.00033245631493628025,-9.000785827636719,9.000453371321782,0.999681660958592,1,0
110,1,s01,1111,1111,0111,-0.002059518825262785,-6.626326084136963,6.6242665653117,0.9979443996740646,1,0
110,2,t130,0111,0111,1111,-9.059871445060708e-06,-12.125097274780273,12.125088214908828,0.9999944718894038,1,0
110,3,c30,1111,1111,1110,-6.699439109070227e-05,-10.000067710876465,10.000000716485374,0.9999341988487526,1,0
110,4,s13,1111,1111,1011,-0.0002493680512998253,-8.625235557556152,8.624986189504853,0.9997758785334551,1,0
110,5,c32,1101,1101,1001,-2.2411160898627713e-05,-13.500104904174805,13.500082493013906,0.9999975924868466,1,0
110,6,c30,0101,0101,1101,-7.986996934050694e-06,-12.125025749206543,12.125017762209609,0.9999942516691896,1,0
110,7,x2,0111,0111,0110,-3.981522604590282e-05,-13.312540054321289,13.312500239095243,0.9999972231304463,1,0
110,8,t120,1111,1111,1101,-5.304721707943827e-05,-10.125044822692871,10.124991775475792,0.9999496234512348,1,0
111,1,s32,0000,0000,0010,-0.0067752692848443985,-5.006744384765625,4.999969115480781,0.9932719514278479,1,0
111,2,s23,0000,0000,0010,-0.012514764443039894,-4.387514114379883,4.374999349936843,0.9875677091466611,1,0
111,3,s20,0000,0000,1000,-0.00118900160305202,-6.751189231872559,6.750000230269507,0.9988304338700335,1,0
111,4,c02,0000,0000,0100,-1.3113015029375674e-06,-16.500001907348633,16.50000059604713,0.999999877293994,1,0
111,5,s12,0000,0000,0100,-0.0009148710523732007,-7.000914096832275,6.999999225779902,0.9990887339199312,1,0
111,6,s23,0000,0000,0010,-0.001959835411980748,-6.2519354820251465,6.249975646613166,0.9980489581148935,1,0
111,7,t132,0000,0000,0100,-4.684816303779371e-05,-16.25004768371582,16.250000835552783,0.9999997198460132,1,0
111,8,s13,0000,0000,0100,-0.00020668812794610858,-8.500205039978027,8.499998351850081,0.999794143704972,1,0
112,1,s31,1000,1000,1100,-0.6393309831619263,-0.7643289566040039,0.12499797344207764,0.5276504564453103,1,0
112,2,c30,1000,1000,1100,-2.14576584767201e-06,-13.625001907348633,13.624999761582785,0.9999979783801842,1,0
112,3,x3,1001,1001,0001,-0.00023767510720063,-14.000239372253418,14.000001697146217,0.9999989382257,1,0
112,4,s10,0101,0101,1001,-0.00975852832198143,-4.634783744812012,4.62502521649003,0.9902893710901579,1,0
112,5,t201,0101,0101,0001,-9.929764200933278e-05,-11.25009822845459,11.24999893081258,0.999977786520951,1,0
112,6,t210,0101,0101,1101,-1.9073479506914737e-06,-14.25009822845459,14.25009632110664,0.9999990028894704,1,0
112,7,t130,1101,1101,0101,-7.843688945285976e-05,-9.500075340270996,9.499996903381543,0.9999220568152993,1,0
112,8,t231,1101,1101,1111,-0.08109463006258011,-2.581198215484619,2.500103585422039,0.9240266863877976,1,0
113,1,c30,0011,0011,1011,-0.16025686264038086,-2.2234883308410645,2.0632314682006836,0.8519262086968626,1,0
113,2,t210,0011,0011,1011,-1.0728833785833558e-06,-15.125025749206543,15.125024676323164,0.9999994519163986,1,0
113,3,s21,0101,0101,0110,-0.002618907717987895,-6.002626419067383,6.000007511349395,0.9973973230829117,1,0
113,4,s21,0011,0011,0101,-0.011058012023568153,-4.511064052581787,4.500006040558219,0.9890126242307795,1,0
113,5,s02,1001,1001,0011,-0.07895109057426453,-2.579068660736084,2.5001175701618195,0.9240991410871768,1,0
113,6,c20,1001,1001,1101,-1.7642902093939483e-05,-12.000024795532227,12.000007152630133,0.9999927921207782,1,0
113,7,s30,1001,1001,1000,-3.4808876080205664e-05,-10.875035285949707,10.875000477073627,0.9999757871079995,1,0
113,8,s30,1001,1001,0001,-0.0005974227096885443,-8.42542839050293,8.424830967793241,0.9997611439392105,1,0
114,1,t203,0000,0000,0001,-0.00011002433893736452,-9.625109672546387,9.62499964820745,0.9999330291620115,1,0
114,2,s20,0000,0000,1000,-0.0012671073200181127,-6.751266956329346,6.749999849009328,0.9988301197448004,1,0
114,3,s01,0000,0000,1000,-2.622600959512056e-06,-15.00000286102295,15.00000023842199,0.9999996728170859,1,0
114,4,t312,0000,0000,0010,-2.19342782656895e-05,-15.500021934509277,15.500000000231012,0.999999590307018,1,0
114,5,c21,0000,0000,0100,-3.933902917196974e-06,-13.000003814697266,12.999999880794348,0.9999976728493929,1,0
114,6,s12,0000,0000,0100,-0.0003383787698112428,-8.000335693359375,7.999997314589564,0.9996644961866763,1,0
114,7,t301,0000,0000,0100,-1.6689288031557226e-06,-15.625001907348633,15.62500023841983,0.9999997866393848,1,0
114,8,s12,0000,0000,0100,-0.00463055819272995,-5.379630088806152,5.374999530613422,0.9953903922967587,1,0
115,1,x2,0001,0001,0011,-5.0901551730930805e-05,-11.751516342163086,11.751465440611355,0.9999884249584282,1,0
115,2,t123,0001,0001,0011,-3.68352557416074e-05,-12.875134468078613,12.875097632822872,0.9999970338363405,1,0
115,3,x2,0011,0011,0010,-0.0002188451908295974,-12.437718391418457,12.437499546227627,0.9999959260624632,1,0
115,4,s02,1001,1001,0011,-9.917843999573961e-05,-9.375085830688477,9.37498665224848,0.9999017986734872,1,0
115,5,s03,1001,1001,1000,-0.0031919004395604134,-5.7531914710998535,5.749999570660293,0.996817981630994,1,0
115,6,c02,1011,1011,1010,-8.785491809248924e-05,-9.625086784362793,9.6249989294447,0.9999189251273631,1,0
115,7,x2,1001,1001,1010,-5.0186463340651244e-05,-14.381765365600586,14.381715179137245,0.9999992683540888,1,0
115,8,x3,1000,1000,1001,-1.9073358998866752e-05,-13.375018119812012,13.374999046453013,0.9999981673307639,1,0
116,1,x0,0100,0100,1100,-6.961603503441438e-05,-9.625069618225098,9.625000002190063,0.9999305692765628,1,0
116,2,c20,0100,0100,1100,-6.305979331955314e-05,-11.500075340270996,11.500012280477677,0.9999892043063171,1,0
116,3,x0,1100,1100,1000,-9.536739753457368e-07,-14.687500953674316,14.687500000000341,0.9999995122918952,1,0
116,4,c32,1100,1100,1101,-0.0001256388786714524,-14.12512493133545,14.124999292456778,0.9999988578556749,1,0
116,5,x0,0100,0100,0101,-9.536742027194123e-07,-15.0,14.999999046325797,0.9999994369947199,1,0
116,6,c01,0100,0100,0000,-1.3112949091009796e-05,-14.187514305114746,14.187501192165655,0.9999986193387489,1,0
116,7,s21,0010,0010,0100,-0.013266337104141712,-4.511082649230957,4.497816312126815,0.9868537455006879,1,0
116,8,t302,0010,0010,0011,-2.8610211302293465e-06,-15.37500286102295,15.375000000001819,0.9999996155806287,1,0
117,1,s20,0111,1101,1101,-2.127131223678589,-0.6086379289627075,-1.5184932947158813,0.1191792850950586,0,0
117,2,t032,0111,0111,0101,-2.6345125661464408e-05,-11.25003433227539,11.25000798714973,0.9999828086531891,1,0
117,3,x3,0110,0110,0111,-1.096722644433612e-05,-13.375011444091797,13.375000476865353,0.9999974226998858,1,0
117,4,s32,0101,0101,0110,-0.014262375421822071,-4.265680313110352,4.2514179376885295,0.9858504927069329,1,0
117,5,t201,0101,0101,0001,-0.00013350669178180397,-9.000136375427246,9.000002868735464,0.999876194353102,1,0
117,6,s23,0110,0110,0111,-0.00026450614677742124,-8.625264167785645,8.624999661638867,0.9997867095578694,1,0
117,7,t231,0110,0110,0100,-5.8292636822443455e-05,-11.250104904174805,11.250046611537982,0.9999787826801622,1,0
117,8,s32,0101,0101,0110,-0.015209190547466278,-4.203009128570557,4.18779993802309,0.9849506004252955,1,0
118,1,x2,1110,1110,1100,-0.00015293732576537877,-11.134904861450195,11.13475192412443,0.9999717707351199,1,0
118,2,c23,1111,1111,1110,-0.00010108744027093053,-11.375101089477539,11.375000002037268,0.9999850269630951,1,0
118,3,s12,1111,1111,0111,-0.0002943053259514272,-8.625182151794434,8.624887846468482,0.9997114125488148,1,0
118,4,s01,1111,1111,0111,-0.00014280375035014004,-9.000158309936523,9.000015506186173,0.999869779316835,1,0
118,5,c03,1110,1110,1101,-4.422610436449759e-05,-11.017717361450195,11.01767313534583,0.9999715723900262,1,0
118,6,t021,1010,1010,1110,-5.221281389822252e-05,-10.128649711608887,10.128597498794988,0.9999555876411326,1,0
118,7,t032,1010,1010,1000,-0.0006608114927075803,-7.375707626342773,7.375046814850066,0.9993609483803634,1,0
118,8,x2,1000,1000,1001,-3.564326834748499e-05,-13.812535285949707,13.81249964268136,0.9999979249380271,1,0
119,1,c12,1101,1101,1100,-5.328593397280201e-05,-10.375053405761719,10.375000119827746,0.9999503259338589,1,0
119,2,x2,1111,1111,1110,-0.00035518399090506136,-11.875354766845703,11.874999582854798,0.9999898382061568,1,0
119,3,x0,0111,0111,0011,-1.9073477233177982e-06,-16.375001907348633,16.37500000000091,0.999999879510643,1,0
119,4,c21,0011,0011,0111,-9.369631879962981e-05,-10.000094413757324,10.000000717438525,0.9999544975292558,1,0
119,5,c02,0011,0011,0010,-1.907347837004636e-06,-15.312501907348633,15.312500000000796,0.9999996230936523,1,0
119,6,x1,0111,0111,0011,-1.1682451258820947e-05,-11.50001049041748,11.499998807966222,0.999989108884992,1,0
119,7,t032,0111,0111,0101,-1.859659460023977e-05,-12.87502670288086,12.87500810628626,0.9999963786162097,1,0
119,8,x1,0011,0011,0111,-1.585471909493208e-05,-12.758634567260742,12.758618712541647,0.9999969529220815,1,0
120,1,x0,0001,0001,1001,-2.2411160898627713e-05,-10.875038146972656,10.875015735811758,0.9999794980557791,1,0
120,2,c30,1001,0001,0001,-2.1269328594207764,-0.12693020701408386,-2.0000026524066925,0.11920261101762852,0,0
120,3,t321,1001,1001,1101,-0.02334045246243477,-3.7735397815704346,3.750199329108,0.9769886041165737,1,0
120,4,s32,1010,1010,0011,-0.0002220722526544705,-8.750628471374512,8.750406399121857,0.9997811633419048,1,0
120,5,s03,0011,0011,1010,-0.0047216154634952545,-5.379695892333984,5.374974276870489,0.9953548938274318,1,0
120,6,c30,1011,1011,1010,-1.4901099348207936e-05,-11.500014305114746,11.499999404015398,0.9999859689736244,1,0
120,7,t102,1011,1011,1001,-0.18042640388011932,-1.8054240942001343,1.624997690320015,0.8354683936768965,1,0
120,8,c21,1111,1111,1011,-3.886169724864885e-05,-12.500039100646973,12.500000238949724,0.9999939881819007,1,0
121,1,c31,0110,0110,0010,-0.38746869564056396,-1.1369563341140747,0.7494876384735107,0.6787747054573877,1,0
121,2,x0,1110,1110,1100,-1.7881388885143679e-06,-14.125001907348633,14.125000119209744,0.9999982917013275,1,0
121,3,s01,1110,1110,1011,-2.1457493858179078e-05,-12.875021934509277,12.87500047701542,0.9999950947102682,1,0
121,4,c21,1010,1010,1011,-2.896760997828096e-05,-12.500028610229492,12.499999642619514,0.9999933740758628,1,0
121,5,x1,1110,1110,1000,-5.841245183546562e-06,-13.381830215454102,13.381824374208918,0.9999975637811306,1,0
121,6,c32,1110,1110,1111,-6.008080526953563e-05,-11.250060081481934,11.250000000676664,0.9999798464416126,1,0
121,7,s30,0111,0111,1110,-0.0028598536737263203,-6.00286865234375,6.000008798670024,0.9972311241961643,1,0
121,8,t120,1111,1111,1110,-0.038048770278692245,-3.288048505783081,3.249999735504389,0.9626671628457932,1,0
122,1,t120,1011,1011,0011,-0.22789084911346436,-1.6004170179367065,1.3725261688232422,0.7962112405076195,1,0
122,2,c21,1111,1111,1011,-2.050394323305227e-05,-12.0007905960083,12.000770092065068,0.9999864880303738,1,0
122,3,c23,1110,1110,1111,-0.00016807817155495286,-9.125168800354004,9.125000722182449,0.9998717844915489,1,0
122,4,t210,0110,0110,0111,-1.8119697415386327e-05,-11.125017166137695,11.12499904644028,0.9999846568198196,1,0
122,5,x1,0010,0010,0011,-0.00011109713523183018,-15.500110626220703,15.499999529085471,0.9999995177482529,1,0
122,6,c02,0010,0010,0000,-1.3113017303112429e-06,-15.875138282775879,15.875136971474149,0.9999996312392262,1,0
122,7,s31,0010,0010,0110,-0.22649629414081573,-1.604223370552063,1.3777270764112473,0.7981257157354983,1,0
122,8,t312,0010,0010,0011,-7.271756658155937e-06,-12.500007629394531,12.500000357637873,0.9999955325296289,1,0
123,1,s32,0000,0000,0010,-0.02331376075744629,-3.773289918899536,3.74997615814209,0.9769909423238012,1,0
123,2,x1,0100,0100,0000,-5.245197371550603e-06,-12.250004768371582,12.24999952317421,0.9999952015034482,1,0
123,3,t103,0100,0100,0101,-0.00021444739832077175,-9.000214576721191,9.00000012932287,0.9998743066078912,1,0
123,4,s02,0100,0100,1100,-0.010171937756240368,-4.759378910064697,4.749206972308457,0.9899340037174185,1,0
123,5,s21,0010,0010,0100,-0.006005787756294012,-5.130931854248047,5.124926066491753,0.9940139893346938,1,0
123,6,x2,0000,0000,0010,-0.0028725352603942156,-10.628300666809082,10.625428131548688,0.9999727140745694,1,0
123,7,t012,0000,0000,0100,-2.8610202207346447e-06,-15.500011444091797,15.500008583071576,0.9999996084137043,1,0
123,8,x0,1000,1000,0000,-2.3841855067985307e-07,-15.5,15.49999976158145,0.9999997668728349,1,0
124,1,x2,1000,1000,1010,-0.0004887830000370741,-7.7885284423828125,7.788039659382775,0.9995476432351661,1,0
124,2,x1,1100,1100,1000,-5.3881696658208966e-05,-11.517727851867676,11.517673970171018,0.9999868362043003,1,0
124,3,s32,1100,1100,1110,-0.0010437625460326672,-7.50094747543335,7.499903712887317,0.9991317949722723,1,0
124,4,x2,1110,1110,1010,-2.157667768187821e-05,-13.750020980834961,13.749999404157279,0.9999988075227526,1,0
124,5,t213,1111,1111,1110,-0.0034608026035130024,-6.003460884094238,6.000000081490725,0.9975023955637536,1,0
124,6,c23,1110,1110,1111,-0.00015985066420398653,-9.00015926361084,8.999999412946636,0.9998730870263366,1,0
124,7,x0,0110,0110,0111,-1.5497203094128054e-06,-14.250001907348633,14.250000357628323,0.9999986888562808,1,0
124,8,c13,0111,0111,0110,-4.315311525715515e-05,-10.250042915344238,10.249999762228981,0.9999634366898227,1,0
125,1,t032,1001,1001,1011,-0.004128486383706331,-6.143287658691406,6.1391591723077,0.9958907836953808,1,0
125,2,x2,1011,1011,1010,-0.00021574721904471517,-11.750215530395508,11.749999783176463,0.9999912244517805,1,0
125,3,t103,1011,1011,1010,-0.007011772133409977,-5.007011890411377,5.000000118277967,0.9933023040307133,1,0
125,4,c03,1010,1010,1011,-0.0001923874078784138,-8.625191688537598,8.62499930112972,0.9998198598135065,1,0
125,5,x1,1110,1110,1010,-5.6027605751296505e-05,-10.500062942504883,10.500006914899132,0.999971701470243,1,0
125,6,t301,1110,1110,1010,-0.0002716437156777829,-8.250276565551758,8.25000492183608,0.9997383216539686,1,0
125,7,x2,1100,1100,1000,-1.847735620685853e-05,-12.250452041625977,12.25043356426977,0.9999938383467221,1,0
125,8,c31,1100,1100,1000,-2.0384633899084292e-05,-13.125032424926758,13.125012040292859,0.9999970597909784,1,0
126,1,s20,0011,0011,1001,-0.3486316204071045,-1.2241076231002808,0.8754760026931763,0.7056712331019285,1,0
126,2,t302,0011,0011,0010,-2.3841848815209232e-06,-14.625001907348633,14.624999523163751,0.9999991994618318,1,0
126,3,c02,0011,0011,0010,-2.0265565581212286e-06,-15.750001907348633,15.749999880792075,0.9999997469066254,1,0
126,4,t302,0011,0011,0010,-1.7881385474538547e-06,-15.687500953674316,15.687499165535769,0.9999996912811815,1,0
126,5,t031,0011,0011,0111,-4.5299452722247224e-06,-15.500007629394531,15.500003099449259,0.9999996470921331,1,0
126,6,c32,0001,0001,0010,-1.6689235053490847e-05,-11.804900169372559,11.804883480137505,0.9999920650903257,1,0
126,7,x1,0101,0101,0100,-1.6689295989635866e-06,-14.562501907348633,14.562500238419034,0.9999991091613412,1,0
126,8,x0,1101,1101,0101,-2.1576786821242422e-05,-11.625061988830566,11.625040412043745,0.9999872835008822,1,0
127,1,s31,1111,1111,0111,-0.01196340937167406,-4.634853839874268,4.6228904305025935,0.9881152716462442,1,0
127,2,c30,0111,0111,1111,-1.1682450349326245e-05,-11.76800537109375,11.7679936886434,0.9999896889964006,1,0
127,3,t231,0011,0011,0111,-2.6345056539867073e-05,-11.000184059143066,11.000157714086527,0.9999832589469855,1,0
127,4,s32,0011,0011,0001,-0.0015389350010082126,-6.5015387535095215,6.499999818508513,0.998462975637355,1,0
127,5,c13,0011,0011,0010,-4.339135921327397e-05,-10.125042915344238,10.124999523985025,0.9999584779549028,1,0
127,6,c10,0011,0011,0010,-2.264975137222791e-06,-14.93750286102295,14.937500596047812,0.9999993039692738,1,0
127,7,c32,0001,0001,0011,-2.5391322196810506e-05,-14.366241455078125,14.366216063755928,0.9999990317307755,1,0
127,8,s20,0001,0001,1000,-0.0336875356733799,-3.4088449478149414,3.3751574121415615,0.9669128377886471,1,0
128,1,c03,1111,1111,1110,-0.0018800199031829834,-6.376879692077637,6.374999672174454,0.9981274825923285,1,0
128,2,x3,1110,1110,1100,-3.42126477335114e-05,-13.388477325439453,13.38844311279172,0.9999959646875309,1,0
128,3,c23,1111,1111,1110,-3.707373980432749e-05,-10.625038146972656,10.625001073232852,0.999974256497361,1,0
128,4,x0,0111,0111,1111,-9.179077096632682e-06,-15.062511444091797,15.0625022650147,0.9999994078876926,1,0
128,5,s03,1110,1110,1101,-0.0017103932332247496,-6.37671422958374,6.3750038363505155,0.9982926809134334,1,0
128,6,x1,1010,1010,1011,-9.775121725397184e-06,-14.125009536743164,14.124999761621439,0.9999989016702087,1,0
128,7,c10,1010,1010,0010,-2.622602096380433e-06,-14.250004768371582,14.250002145769486,0.9999989330590523,1,0
128,8,s13,1010,1010,1110,-0.20170512795448303,-1.7020703554153442,1.5003652274608612,0.8175062517152698,1,0
129,1,t123,0000,0000,0001,-6.556339212693274e-05,-9.875064849853516,9.874999286461389,0.9999447775003315,1,0
129,2,t013,0000,0000,0001,-3.695482519106008e-06,-15.25000286102295,15.24999916554043,0.9999995488500567,1,0
129,3,c30,0000,0000,1000,-5.960462772236497e-07,-15.000000953674316,15.00000035762804,0.9999996723705583,1,0
129,4,x1,0100,0100,0000,-7.986996934050694e-06,-14.000007629394531,13.999999642397597,0.9999991398263304,1,0
129,5,c10,1100,1100,0100,-2.2649744551017648e-06,-13.125004768371582,13.125002503397127,0.9999978079667704,1,0
129,6,s10,1100,1100,0100,-0.0005006780847907066,-7.88265323638916,7.8821525583043694,0.9995017082971692,1,0
129,7,t320,1100,1100,1000,-1.442425127606839e-05,-11.625016212463379,11.625001788212103,0.9999907894206023,1,0
129,8,s30,0101,0101,0100,-0.03896176815032959,-3.28896164894104,3.2499998807907104,0.9618947346593808,1,0
130,1,t103,1000,1000,1001,-0.00036686923704110086,-8.000367164611816,8.000000295374775,0.9996540618065881,1,0
130,2,t120,1000,1000,1100,-1.0371182725066319e-05,-12.750012397766113,12.750002026583388,0.999996584682681,1,0
130,3,s30,0001,0001,1000,-0.0018401568522676826,-6.501571178436279,6.499731021584012,0.9982327023168907,1,0
130,4,c12,0001,0001,0011,-1.7404465324943885e-05,-11.250503540039062,11.250486135573738,0.999986755532371,1,0
130,5,t021,0001,0001,0101,-2.1457660750456853e-06,-15.125035285949707,15.125033140183632,0.9999995877117777,1,0
130,6,s32,0010,0010,0001,-9.274113108403981e-05,-9.375094413757324,9.37500167262624,0.999908727909415,1,0
130,7,x1,0110,0110,0010,-0.00018690391152631491,-8.6251859664917,8.624999062580173,0.9998142456537222,1,0
130,8,c13,0111,0111,0110,-3.588175604818389e-05,-11.000035285949707,10.999999404193659,0.9999816092513663,1,0
131,1,c12,0010,0010,0000,-0.0002468556631356478,-8.375458717346191,8.375211861683056,0.999755475075539,1,0
131,2,c20,1010,1010,1000,-9.536741458759934e-07,-14.500000953674316,14.50000000000017,0.9999992558357023,1,0
131,3,x0,0010,0010,0011,-7.152556236178498e-07,-15.5,15.499999284744376,0.9999996239528388,1,0
131,4,x1,0110,0110,0100,-7.390965492959367e-06,-12.500007629394531,12.500000238429038,0.999994252187504,1,0
131,5,t031,0110,0110,1110,-4.577541403705254e-05,-12.875962257385254,12.875916481971217,0.9999968560648613,1,0
131,6,c30,0110,0110,0111,-2.622602096380433e-06,-15.250001907348633,15.249999284746536,0.9999995438288094,1,0
131,7,c21,0010,0010,0110,-7.080853538354859e-05,-10.875157356262207,10.875086547726823,0.9999808773701997,1,0
131,8,s30,0010,0010,1010,-0.0005088989855721593,-8.001543998718262,8.00103509973269,0.999655140673218,1,0
132,1,c01,1001,1001,1101,-0.00023745115322526544,-9.100441932678223,9.100204481524997,0.9997644133444018,1,0
132,2,x1,1101,1101,1001,-8.225426427088678e-06,-12.875028610229492,12.875020384803065,0.9999962129524272,1,0
132,3,c23,1101,1101,1111,-0.008954813703894615,-5.030398845672607,5.021444031968713,0.9918138881573768,1,0
132,4,x2,1111,1111,1011,-0.00014173189993016422,-11.500141143798828,11.499999411898898,0.9999842199906874,1,0
132,5,x0,0111,0111,0011,-8.344647994817933e-07,-15.812500953674316,15.812500119209517,0.9999998209682935,1,0
132,6,s23,0111,0111,0110,-0.00014507205924019217,-9.25014591217041,9.25000084011117,0.9998562483958341,1,0
132,7,x0,1111,1111,1101,-7.331195956794545e-05,-9.750065803527832,9.749992491568264,0.9999297054392107,1,0
132,8,t120,0111,0111,0110,-7.39096185498056e-06,-16.5625057220459,16.562498331084043,0.9999998922115841,1,0
133,1,s20,0101,1100,1100,-3.898082733154297,-0.02466309443116188,-3.873419638723135,0.020280853096614915,0,0
133,2,s21,0011,0011,0101,-0.011058010160923004,-4.525221824645996,4.514163814485073,0.9890129095673615,1,0
133,3,s31,0110,0110,0101,-0.026321543380618095,-3.677621603012085,3.651300059631467,0.9740241360757571,1,0
133,4,x1,0010,0010,1010,-6.806731107644737e-05,-12.375061988830566,12.37499392151949,0.9999953101428429,1,0
133,5,t213,0010,0010,0011,-0.0009601322817616165,-7.125960350036621,7.1250002177548595,0.9990998123464451,1,0
133,6,t203,0010,0010,0011,-1.4424236724153161e-05,-11.250014305114746,11.249999880878022,0.9999866578552192,1,0
133,7,t321,0010,0010,0110,-0.00011336328316247091,-9.250115394592285,9.250002031309123,0.9999035612325494,1,0
133,8,s30,0010,0010,1010,-0.0025120144709944725,-7.753875255584717,7.751363241113722,0.9994293936888166,1,0
134,1,t012,0001,0001,0101,-0.062169454991817474,-3.34061861038208,3.2784491553902626,0.9633757787565975,1,0
134,2,s02,0001,0001,1000,-0.011130467057228088,-4.511115550994873,4.499985083937645,0.9889762737848967,1,0
134,3,x3,0000,0000,0001,-1.8834978618542664e-05,-13.125019073486328,13.12500023850771,0.9999978843870237,1,0
134,4,t012,0000,0000,0010,-6.961586041143164e-05,-14.750070571899414,14.750000956039003,0.9999993238019023,1,0
134,5,s10,0000,0000,1000,-1.311301275563892e-06,-15.562500953674316,15.56249964237304,0.9999998182545897,1,0
134,6,t213,0000,0000,0001,-1.5377896488644183e-05,-14.125015258789062,14.124999880892574,0.999998862393703,1,0
134,7,t201,0000,0000,0100,-7.748589268885553e-06,-12.500008583068848,12.500000834479579,0.9999961682912231,1,0
134,8,t310,0000,0000,1000,-1.3113015029375674e-06,-15.750001907348633,15.75000059604713,0.9999997505795115,1,0
135,1,t012,0001,0001,0101,-6.854326056782156e-05,-13.151596069335938,13.15152752607537,0.9999964313864079,1,0
135,2,x0,1001,1001,1000,-3.45701992046088e-05,-10.37503433227539,10.374999762076186,0.9999680210141683,1,0
135,3,x1,1101,1101,1011,-0.00012003957090200856,-9.430002212524414,9.429882172953512,0.9999135664874436,1,0
135,4,c31,1001,1001,1111,-0.00024780919193290174,-8.3762788772583,8.376031068066368,0.9997652284092868,1,0
135,5,s03,1001,1001,1000,-0.000495791551657021,-7.625495910644531,7.625000119092874,0.9995092617904647,1,0
135,6,t320,1001,1001,1101,-0.0002729549305513501,-8.25027847290039,8.25000551796984,0.9997380075551185,1,0
135,7,s32,1010,1010,0011,-3.778895188588649e-05,-10.626431465148926,10.62639367619704,0.9999640136266453,1,0
135,8,s21,1100,1100,1110,-2.908691021730192e-05,-11.500029563903809,11.500000476993591,0.9999741163202672,1,0
136,1,t210,1100,1100,1000,-5.769596100435592e-05,-9.875068664550781,9.875010968589777,0.9999438878927231,1,0
136,2,x0,0100,0100,0101,-1.6689293715899112e-06,-13.750000953674316,13.749999284744945,0.9999985429083039,1,0
136,3,t301,0100,0100,0000,-2.0742259948747233e-05,-12.75002670288086,12.75000596062091,0.9999962530061649,1,0
136,4,s01,1000,1000,1100,-9.429125930182636e-05,-9.500094413757324,9.500000122498022,0.9999196615447384,1,0
136,5,t320,1000,1000,1100,-1.5258719940902665e-05,-11.500016212463379,11.500000953743438,0.999989790497554,1,0
136,6,s23,1000,1000,1010,-0.00139093236066401,-6.751187324523926,6.749796392163262,0.9986226377497356,1,0
136,7,c20,1000,1000,1100,-1.0490390195627697e-05,-12.125011444091797,12.125000953701601,0.9999942430903919,1,0
136,8,s30,0001,0001,1000,-0.012996599078178406,-4.387961387634277,4.374964788556099,0.987533840086437,1,0
137,1,t032,1010,1010,1000,-0.10172087699174881,-2.3505682945251465,2.2488474175333977,0.9032878712085012,1,0
137,2,x3,1011,1011,0011,-0.00011467305739643052,-15.000112533569336,14.99999786051194,0.9999992540874613,1,0
137,3,x3,1010,1010,1011,-1.370901009067893e-05,-13.37501335144043,13.374999642430339,0.9999977408128888,1,0
137,4,c23,1011,1011,1010,-7.867799467931036e-06,-13.500008583068848,13.50000071526938,0.9999978961079982,1,0
137,5,x2,1001,1001,1000,-3.361667404533364e-05,-14.875033378601074,14.874999761927029,0.9999990187210469,1,0
137,6,c23,1001,1001,1011,-0.00016235667862929404,-9.598655700683594,9.598493344004964,0.9999018792330114,1,0
137,7,t210,1001,1001,1101,-1.6689227777533233e-05,-11.500035285949707,11.50001859672193,0.9999890710235708,1,0
137,8,t210,1001,1001,1101,-0.00021229099365882576,-8.500227928161621,8.500015637167962,0.9997954938813354,1,0
138,1,c21,1011,1011,0011,-0.00019930746930185705,-9.070060729980469,9.069861422511167,0.9998013031807778,1,0
138,2,x3,1010,1010,1001,-8.964160224422812e-05,-14.48801326751709,14.487923625914846,0.9999985222855746,1,0
138,3,t321,1010,1010,1110,-0.01816187985241413,-4.018173694610596,4.000011814758182,0.9820130384847648,1,0
138,4,t201,1110,1110,1010,-0.00011336419265717268,-9.37510871887207,9.374995354679413,0.9999067683616316,1,0
138,5,x2,1100,1100,1101,-3.182846194249578e-05,-13.500031471252441,13.499999642790499,0.9999971649697498,1,0
138,6,t023,1100,1100,1101,-0.006814280990511179,-5.006814479827881,5.00000019883737,0.9932614292949884,1,0
138,7,c32,1100,1100,1110,-1.22785213534371e-05,-12.875012397766113,12.87500011924476,0.999995913717608,1,0
138,8,x3,1101,1101,1100,-1.1086436643381603e-05,-12.750011444091797,12.750000357655153,0.9999960560632297,1,0
139,1,s13,1001,1001,1100,-0.1468203216791153,-2.018533706665039,1.8717133849859238,0.8634724600914034,1,0
139,2,t312,1001,1001,1011,-0.003279623342677951,-5.753573894500732,5.7502942711580545,0.9967917378783698,1,0
139,3,s21,1001,1001,1100,-0.001969382166862488,-6.25198221206665,6.250012829899788,0.998056006385762,1,0
139,4,x2,1011,1011,1010,-7.319217547774315e-05,-12.250073432922363,12.250000240746886,0.9999948871995046,1,0
139,5,c23,1010,1010,1011,-0.00016414522542618215,-9.250164031982422,9.249999886756996,0.9999026996553375,1,0
139,6,c30,1010,1010,0010,-2.3841839720262215e-06,-13.875003814697266,13.875001430513294,0.9999985701349371,1,0
139,7,x0,0010,0010,0011,-3.576278118089249e-07,-15.0,14.999999642372188,0.9999996122748007,1,0
139,8,t231,0010,0010,0110,-0.014173820614814758,-4.264177322387695,4.2500035017728806,0.9859359274189401,1,0
140,1,c13,0110,0110,0101,-0.12730862200260162,-2.150259494781494,2.0229508727788925,0.880469273830253,1,0
140,2,x0,1110,1110,1100,-2.384184199399897e-06,-13.250001907348633,13.249999523164433,0.9999976793025454,1,0
140,3,s23,1101,1101,1110,-0.005350455641746521,-5.2594170570373535,5.254066601395607,0.9947327138309096,1,0
140,4,s32,1110,1110,1011,-0.0003691457095555961,-8.12686538696289,8.126496241253335,0.999639711614687,1,0
140,5,t230,1110,1110,1111,-4.5299489102035295e-06,-14.125004768371582,14.125000238422672,0.9999977897748719,1,0
140,6,t231,1110,1110,1010,-0.0008082211134023964,-7.250924587249756,7.2501163661363535,0.999286278095601,1,0
140,7,s03,0111,0111,1110,-0.004664963576942682,-5.380363464355469,5.375698500778526,0.9953659496571681,1,0
140,8,x2,0101,0101,1101,-1.347059787804028e-05,-12.937544822692871,12.937531352094993,0.9999970119343978,1,0
141,1,x2,1000,1000,1010,-0.00011562966392375529,-10.048702239990234,10.04858661032631,0.9999127944806192,1,0
141,2,x2,1010,1010,0010,-3.3378055377397686e-05,-15.50003433227539,15.500000954220013,0.9999996234137033,1,0
141,3,s01,0110,0110,1010,-0.000438118411693722,-8.262358665466309,8.261920547054615,0.9996180322870455,1,0
141,4,s02,1100,1100,0110,-0.000423148216214031,-8.250322341918945,8.249899193702731,0.9996636870135945,1,0
141,5,s31,1001,1001,1100,-0.03952468931674957,-3.2884833812713623,3.2489586919546127,0.9612567491569437,1,0
141,6,t132,1001,1001,1101,-0.0002491306804586202,-8.751493453979492,8.751244323299034,0.9997662309031807,1,0
141,7,t201,1001,1001,1101,-0.0019381504971534014,-6.251941680908203,6.25000353041105,0.9980722659130167,1,0
141,8,s02,0011,0011,1010,-0.015201166272163391,-4.3555707931518555,4.340369626879692,0.9849182067235119,1,0
142,1,x1,0000,0000,0100,-6.282228423515335e-05,-10.250060081481934,10.249997259197698,0.9999502221135129,1,0
142,2,s13,0000,0000,0100,-0.10046713054180145,-2.3504672050476074,2.250000074505806,0.9046503635091392,1,0
142,3,t201,0000,0000,0100,-0.0001257581461686641,-13.125125885009766,13.125000126863597,0.9999979081384934,1,0
142,4,t321,0000,0000,0100,-2.9802297376591014e-06,-13.125003814697266,13.125000834467528,0.9999979010074251,1,0
142,5,s01,0000,0000,1000,-8.344646857949556e-07,-14.125000953674316,14.12500011920963,0.9999992307818033,1,0
142,6,t123,0000,0000,0001,-1.2755326679325663e-05,-14.125012397766113,14.124999642439434,0.999998995295359,1,0
142,7,t012,0000,0000,0100,-2.861020902855671e-06,-14.12501335144043,14.125010490419527,0.9999990657398439,1,0
142,8,s23,0000,0000,0010,-0.2255575805902481,-1.600461483001709,1.3749039024114609,0.7981098489568528,1,0
143,1,s01,0001,0001,1000,-5.97224134253338e-05,-10.000057220458984,9.999997498045559,0.9999483624255264,1,0
143,2,s20,0001,0001,1000,-0.019666969776153564,-4.144786357879639,4.125119388103485,0.9840551201965144,1,0
143,3,t130,0001,0001,1001,-6.079657396185212e-06,-12.375025749206543,12.375019669549147,0.9999956330963845,1,0
143,4,s10,0001,0001,0000,-9.179075277643278e-06,-11.625008583068848,11.62499940399357,0.999991039902531,1,0
143,5,x1,0101,0101,0100,-3.576275958039332e-06,-13.75000286102295,13.749999284746991,0.9999984557947934,1,0
143,6,x2,0111,0111,0110,-0.0002923806896433234,-12.50029182434082,12.499999443651177,0.9999943586458743,1,0
143,7,t021,0111,0111,0101,-2.6464158509043045e-05,-15.000027656555176,15.000001192396667,0.9999991331204722,1,0
143,8,x1,0011,0011,0111,-2.4199243853217922e-05,-11.125322341918945,11.125298142675092,0.9999850927160365,1,0
144,1,c01,0111,0111,1011,-9.286041313316673e-05,-9.37511157989502,9.375018719481886,0.9999076026859399,1,0
144,2,x0,1111,1111,1110,-1.525873267382849e-05,-11.500015258789062,11.500000000056389,0.9999879557851052,1,0
144,3,c23,1110,1110,1111,-5.2928324294043705e-05,-10.750052452087402,10.749999523763108,0.9999764012125915,1,0
144,4,t120,0110,0110,0111,-7.271742560988059e-06,-11.875006675720215,11.874999403977654,0.9999927863662649,1,0
144,5,x3,0111,0111,0110,-3.79080738639459e-05,-12.500038146972656,12.500000238898792,0.9999951524359856,1,0
144,6,s12,0111,0111,0011,-2.5033654310391285e-05,-10.625024795532227,10.624999761877916,0.9999753331093629,1,0
144,7,c21,0011,0011,0111,-9.08334695850499e-05,-11.562592506408691,11.562501672939106,0.9999903509068772,1,0
144,8,s03,1010,1010,1001,-0.00022993781021796167,-8.625222206115723,8.624992268305505,0.999809915315517,1,0
145,1,t203,0110,0110,0111,-0.0026740049943327904,-6.002674102783203,6.00000009778887,0.9973458565854071,1,0
145,2,t102,0110,0110,0100,-2.6464300390216522e-05,-11.75014877319336,11.75012230889297,0.999989499153328,1,0
145,3,t301,0110,0110,0010,-1.7166046745842323e-05,-12.750020980834961,12.750003814788215,0.9999965363395121,1,0
145,4,s31,0011,0011,0110,-0.0028673314955085516,-5.890320777893066,5.887453446397558,0.997160319086546,1,0
145,5,x3,0010,0010,0011,-6.556502285093302e-06,-12.500005722045898,12.499999165543613,0.9999959405016924,1,0
145,6,s21,0100,0100,0110,-0.0015323690604418516,-6.626532077789307,6.624999708728865,0.9984715638052486,1,0
145,7,c20,0100,0100,1100,-1.0847992598428391e-05,-11.500025749206543,11.500014901213945,0.9999894511370391,1,0
145,8,c12,0110,0110,0100,-2.2053554857848212e-05,-13.750043869018555,13.750021815463697,0.999998366173162,1,0
146,1,x1,0111,0111,0110,-9.29795642150566e-05,-9.375092506408691,9.374999526844476,0.9999081348796336,1,0
146,2,t012,0111,0111,0101,-0.0006468453211709857,-8.1256742477417,8.125027402420528,0.9997008582830225,1,0
146,3,x2,0101,0101,1101,-1.49010811583139e-05,-15.250022888183594,15.250007987102435,0.9999993493927056,1,0
146,4,s12,0011,0011,0111,-0.007689766585826874,-5.043825626373291,5.036135859787464,0.9924222369975821,1,0
146,5,x0,1011,1011,0011,-0.0001423296780558303,-9.125109672546387,9.124967342868331,0.999863206684857,1,0
146,6,t123,1011,1011,1010,-0.03171022981405258,-4.031710147857666,3.9999999180436134,0.9818846923465274,1,0
146,7,x0,0011,0011,1011,-1.4305107924883487e-06,-14.875161170959473,14.87515974044868,0.9999995642611548,1,0
146,8,s02,1001,1001,0011,-0.005242667160928249,-5.255260944366455,5.250018277205527,0.9947766031032391,1,0
147,1,x2,1010,1010,1000,-0.00080135278403759,-7.375795841217041,7.374994488433003,0.9993266559855933,1,0
147,2,x3,1011,1011,1001,-4.887514660367742e-05,-14.326461791992188,14.326412916845584,0.9999986623926467,1,0
147,3,x0,0011,0011,1011,-7.629366336914245e-06,-14.750011444091797,14.75000381472546,0.9999994833855343,1,0
147,4,t230,1011,1011,0011,-0.0022132343146950006,-6.127184867858887,6.124971633544192,0.9977896312839525,1,0
147,5,s12,1101,1101,1110,-3.612001091823913e-05,-10.875045776367188,10.87500965635627,0.9999738044707338,1,0
147,6,s13,1101,1101,1011,-0.0012779233511537313,-7.001818656921387,7.000540733570233,0.9987417911001087,1,0
147,7,s31,1101,1101,1011,-0.0006106739747337997,-7.518706798553467,7.518096124578733,0.99939429429683,1,0
147,8,s12,1011,1011,1111,-0.026305101811885834,-3.6765787601470947,3.650273658335209,0.9740409536111728,1,0
148,1,s12,0000,0000,0100,-0.05488963797688484,-2.9298839569091797,2.874994318932295,0.9465907492095055,1,0
148,2,s01,0000,0000,1000,-1.9073468138230965e-06,-15.875001907348633,15.875000000001819,0.9999998189430074,1,0
148,3,t031,0000,0000,0100,-1.0847990779438987e-05,-14.875011444091797,14.875000596101017,0.9999995108094796,1,0
148,4,s01,0000,0000,1000,-1.4305105651146732e-06,-14.312500953674316,14.312499523163751,0.9999993549558328,1,0
148,5,x3,0001,0001,1001,-1.8000491763814352e-05,-15.562639236450195,15.562621235958431,0.9999996266214852,1,0
148,6,s10,0001,0001,0000,-4.768362941831583e-06,-12.375003814697266,12.374999046334324,0.9999956126267048,1,0
148,7,t320,0001,0001,1001,-1.1920924407604616e-06,-15.12503719329834,15.125036001205899,0.9999995197320011,1,0
148,8,t301,0001,0001,0101,-1.3113019576849183e-06,-14.625006675720215,14.625005364418257,0.9999993967610921,1,0
149,1,c30,0100,0100,1100,-0.006717492360621691,-5.006843566894531,5.00012607453391,0.9933054922495502,1,0
149,2,x1,0000,0000,0100,-3.457019556662999e-05,-13.06253433227539,13.062499762079824,0.9999974443056964,1,0
149,3,c21,0000,0000,0100,-3.242443563067354e-05,-10.375045776367188,10.375013351931557,0.9999685922190097,1,0
149,4,t301,0000,0000,0100,-4.7683710135970614e-07,-15.0,14.999999523162899,0.9999996605366614,1,0
149,5,x2,0010,0010,1010,-0.00018976340652443469,-15.750249862670898,15.750060099264374,0.9999997692148919,1,0
149,6,c23,0011,0011,0010,-0.00014042326074559242,-9.250140190124512,9.249999766863766,0.999903766165266,1,0
149,7,x2,0001,0001,0010,-1.9550185243133456e-05,-13.437952041625977,13.437932491440733,0.999998415089455,1,0
149,8,c32,0011,0011,0001,-4.70872619189322e-05,-11.12503719329834,11.124990106036421,0.9999750859452846,1,0
150,1,s20,0011,0011,1001,-0.10057615488767624,-2.350861072540283,2.250284917652607,0.9043370308325004,1,0
150,2,c32,0001,0001,0011,-5.2689476433442906e-05,-10.158706665039062,10.158653975562629,0.9999597316376895,1,0
150,3,t120,0001,0001,0101,-5.722034075006377e-06,-14.375007629394531,14.375001907360456,0.9999992004418219,1,0
150,4,x0,1001,1001,1101,-4.410739165905397e-06,-13.812570571899414,13.812566161160248,0.9999975257272198,1,0
150,5,c30,0001,0001,1001,-0.005717478692531586,-6.148397922515869,6.1426804438233376,0.997527215374609,1,0
150,6,x1,0101,0101,0001,-4.172321496298537e-06,-13.62500286102295,13.624998688701453,0.9999983228040586,1,0
150,7,c20,0101,0101,1101,-1.8000504496740177e-05,-11.625090599060059,11.625072598555562,0.9999894049374661,1,0
150,8,s02,0101,0101,1100,-0.013034907169640064,-4.673269748687744,4.660234841518104,0.987564183005789,1,0
151,1,s31,1110,1110,0111,-0.01002093032002449,-5.131685733795166,5.1216648034751415,0.9900331064986948,1,0
151,2,s32,1101,1101,1110,-0.011396730318665504,-4.512717247009277,4.501320516690612,0.9886728068484422,1,0
151,3,t301,1001,1001,1101,-7.319293945329264e-05,-9.875165939331055,9.875092746391601,0.9999316664456895,1,0
151,4,s20,0011,0011,1001,-0.0008273322600871325,-7.126027584075928,7.125200251815841,0.9991903418588188,1,0
151,5,x3,0010,0010,0001,-9.536716788716149e-06,-14.437535285949707,14.437525749232918,0.9999988749410861,1,0
151,6,s12,0100,0100,0010,-0.0003440984582994133,-8.113166809082031,8.112822710623732,0.9996639748521415,1,0
151,7,t130,0100,0100,0101,-1.192092668134137e-06,-14.5,14.499998807907332,0.9999989008893534,1,0
151,8,c32,0100,0100,0110,-3.015978290932253e-05,-11.375028610229492,11.374998450446583,0.9999853349205405,1,0
152,1,t132,1000,1000,1010,-7.927318074507639e-05,-10.50011157989502,10.500032306714274,0.9999403220166017,1,0
152,2,c03,1001,1001,1000,-0.00010323224705643952,-9.500102996826172,9.499999764579115,0.9999241998305005,1,0
152,3,x1,1101,1101,1001,-6.675712029391434e-06,-13.375385284423828,13.375378608711799,0.9999970591058671,1,0
152,4,t321,1101,1101,1001,-0.006106863263994455,-7.005246639251709,6.9991397759877145,0.9983796308372934,1,0
152,5,c02,1111,1111,1110,-7.653013017261401e-05,-9.625076293945312,9.62499976381514,0.9999322193963514,1,0
152,6,s21,1111,1111,1011,-0.0017149252817034721,-6.376714706420898,6.374999781139195,0.9982877921200916,1,0
152,7,t032,1101,1101,1100,-1.23977406474296e-05,-12.375012397766113,12.375000000025466,0.9999912090869008,1,0
152,8,x3,1100,1100,1000,-3.039803596038837e-05,-12.90478229522705,12.90475189719109,0.9999963146577868,1,0
153,1,s32,0111,0111,0011,-0.01358023565262556,-4.3891706466674805,4.375590411014855,0.9865117373092526,1,0
153,2,s10,1011,1011,0111,-0.00016271078493446112,-8.875700950622559,8.875538239837624,0.9998401680973256,1,0
153,3,s12,1101,1101,1110,-1.1920903489226475e-05,-12.125020980834961,12.125009059931472,0.9999888934983241,1,0
153,4,x3,1100,1100,1001,-3.600088894017972e-05,-12.386961936950684,12.386925936061743,0.9999886664852428,1,0
153,5,t102,1110,1110,1100,-0.0005674021667800844,-7.507277011871338,7.506709609704558,0.9994403043267939,1,0
153,6,s30,0111,0111,1110,-0.0012646786635741591,-6.7512593269348145,6.74999464827124,0.9987718488832453,1,0
153,7,s21,0111,0111,0011,-0.0008312590071000159,-7.125831127166748,7.124999868159648,0.9991958003416819,1,0
153,8,s12,0111,0011,0011,-0.7004129886627197,-0.7003978490829468,-1.5139579772949219e-05,0.49999311395317375,0,0
154,1,x0,1000,1000,0000,-4.529944362730021e-06,-12.375003814697266,12.374999284752903,0.9999955948217684,1,0
154,2,s32,1000,1000,1010,-0.00041671335930004716,-8.500415802001953,8.499999088642653,0.9995898751246499,1,0
154,3,x2,1010,1010,0010,-0.0003965308133047074,-14.500396728515625,14.50000019770232,0.9999992692150235,1,0
154,4,t021,1110,1110,1010,-0.0008559556445106864,-7.126204490661621,7.12534853501711,0.9991604895924387,1,0
154,5,c02,1100,1100,1101,-2.1576783183263615e-05,-11.250021934509277,11.250000357726094,0.9999815920982139,1,0
154,6,t203,1100,1100,1101,-0.009004506282508373,-4.759004592895508,4.750000086612999,0.991264321586692,1,0
154,7,s31,1001,1001,1100,-0.016381749883294106,-4.141211032867432,4.1248292829841375,0.9837690085307266,1,0
154,8,c20,1001,1001,1101,-4.3987558456137776e-05,-10.250061988830566,10.25001800127211,0.9999627397586669,1,0
155,1,c32,1010,1010,1000,-0.07964695990085602,-2.5789482593536377,2.4993012994527817,0.9234509012508593,1,0
155,2,s20,1010,1010,0110,-0.020621826872229576,-4.378243923187256,4.357622096315026,0.979597996886609,1,0
155,3,c12,1010,1010,1110,-7.033237488940358e-05,-10.750494003295898,10.750423670921009,0.9999743492564329,1,0
155,4,x1,1110,1110,1010,-1.0013543942477554e-05,-14.000009536743164,13.999999523199222,0.9999984789248799,1,0
155,5,x1,1010,1010,0010,-6.54438481433317e-05,-10.022170066833496,10.022104622985353,0.999953243200309,1,0
155,6,c23,1011,1011,1111,-0.0001178932361654006,-12.004794120788574,12.004676227552409,0.9999883829831474,1,0
155,7,x3,1010,1010,1011,-1.4543496945407242e-05,-12.125014305114746,12.1249997616178,0.9999929210052064,1,0
155,8,c32,1010,1010,1011,-1.8596598238218576e-05,-11.750018119812012,11.749999523213774,0.9999866353541244,1,0
156,1,s32,0010,0010,0001,-0.00019572555902414024,-9.006896018981934,9.00670029342291,0.9998597166279156,1,0
156,2,c32,0010,0010,0000,-5.936458182986826e-05,-10.250716209411621,10.250656844829791,0.9999637993917092,1,0
156,3,x0,1010,1010,1000,-2.3841855067985307e-07,-15.125000953674316,15.125000715255766,0.9999996650227593,1,0
156,4,c10,1010,1010,1110,-2.002706787607167e-05,-11.375020027160645,11.375000000092768,0.9999880840129698,1,0
156,5,t021,1110,1110,1010,-0.0009650581632740796,-7.000951290130615,6.999986231967341,0.9990661939593408,1,0
156,6,s31,1011,1011,1110,-0.14305394887924194,-2.0185675621032715,1.8755136132240295,0.8669293598247015,1,0
156,7,x3,1010,1010,1110,-6.3299186876975e-05,-13.125350952148438,13.12528765296156,0.9999959876786318,1,0
156,8,x1,1110,1110,1000,-9.53671769821085e-06,-13.375415802001953,13.375406265284255,0.9999975625359561,1,0
157,1,x1,0101,0101,0100,-3.039797411474865e-05,-10.500029563903809,10.499999165929694,0.9999707192227363,1,0
157,2,c12,0111,0111,1111,-0.0022510397247970104,-11.25363540649414,11.251384366769344,0.999971748877674,1,0
157,3,c03,0111,0111,0110,-1.0967238267767243e-05,-12.87501049041748,12.874999523179213,0.9999953408268178,1,0
157,4,x3,0110,0110,0111,-1.192090076074237e-05,-12.375011444091797,12.374999523191036,0.999994458755669,1,0
157,5,c23,0111,0111,0110,-5.0663256843108684e-05,-10.375051498413086,10.375000835156243,0.9999675284640009,1,0
157,6,x2,0101,0101,0011,-1.4543500583386049e-05,-13.576776504516602,13.576761961016018,0.9999976768871862,1,0
157,7,t203,0101,0101,0111,-2.5749097403604537e-05,-12.250256538391113,12.25023078929371,0.999993557136337,1,0
157,8,s30,1100,1100,1001,-4.98289373354055e-05,-10.500048637390137,10.499998808452801,0.999971246306021,1,0
158,1,x0,1101,1101,0101,-0.0003388675395399332,-8.125296592712402,8.124957725172862,0.9996617046271441,1,0
158,2,c01,1001,1001,1111,-0.0009798244573175907,-7.027263641357422,7.026283816900104,0.9990673944470806,1,0
158,3,t201,1001,1001,1101,-0.029787544161081314,-3.529798746109009,3.5000112019479275,0.9706855951644884,1,0
158,4,c30,0001,0001,1001,-0.0012478214921429753,-6.752157688140869,6.750909866648726,0.9988291191609472,1,0
158,5,t213,0001,0001,0011,-1.7881337043945678e-05,-13.001394271850586,13.001376390513542,0.9999955558104314,1,0
158,6,t013,0001,0001,0000,-1.5497203094128054e-06,-15.812501907348633,15.812500357628323,0.9999996624924752,1,0
158,7,x0,1001,1001,0001,-1.454349057894433e-05,-11.750007629394531,11.749993085903952,0.9999884851756483,1,0
158,8,x0,0001,0001,1001,-0.00018511494272388518,-9.788362503051758,9.788177388109034,0.9999416354389763,1,0
159,1,s01,0100,0100,1000,-0.026860326528549194,-3.895939350128174,3.8690790235996246,0.9738765470820243,1,0
159,2,c12,0110,0110,0100,-0.00010359031148254871,-10.125110626220703,10.12500703590922,0.9999588976945756,1,0
159,3,x1,0010,0010,0110,-4.41074053014745e-06,-14.75004768371582,14.75004327297529,0.9999993387807966,1,0
159,4,s10,0010,0010,0000,-0.0019395746057853103,-6.503938674926758,6.5019991003209725,0.9980727762503397,1,0
159,5,c10,0010,0010,1010,-9.536738616588991e-07,-17.000003814697266,17.000002861023404,0.9999999162425218,1,0
159,6,x2,0000,0000,0001,-3.1947889510774985e-05,-12.375032424926758,12.375000477037247,0.9999951007446546,1,0
159,7,t302,0000,0000,0010,-1.54972008203913e-06,-16.500001907348633,16.50000035762855,0.9999997781424349,1,0
159,8,t013,0000,0000,0001,-1.5139480638026726e-05,-14.000015258789062,14.000000119308424,0.9999987344639023,1,0
160,1,t023,1011,1011,1010,-0.11326470971107483,-2.238264799118042,2.125000089406967,0.892968173618046,1,0
160,2,c01,1111,1111,1110,-2.300729465787299e-05,-11.562522888183594,11.562499880888936,0.9999803321526183,1,0
160,3,t032,1101,1101,1110,-2.551059515099041e-05,-11.125164031982422,11.12513852138727,0.9999834782928255,1,0
160,4,s21,1011,1011,1101,-0.009786901995539665,-5.267385959625244,5.2575990576297045,0.9902867817740967,1,0
160,5,s21,1101,1101,1011,-3.588174513424747e-05,-10.87558650970459,10.875550627959456,0.9999731090035806,1,0
160,6,c23,1101,1101,1100,-0.004448414780199528,-6.254447937011719,6.249999522231519,0.9958945269464287,1,0
160,7,s23,1110,1110,1011,-0.00015520263696089387,-9.000227928161621,9.00007272552466,0.999850502491537,1,0
160,8,s02,1110,1110,0111,-0.005287753418087959,-5.2555694580078125,5.2502817045897245,0.9947267113121689,1,0
161,1,s02,0110,0110,1100,-0.23070436716079712,-1.6793853044509888,1.4486809372901917,0.7940078186092407,1,0
161,2,c31,0110,0110,0010,-1.9431052351137623e-05,-11.751726150512695,11.751706719460344,0.9999894866154794,1,0
161,3,c02,0110,0110,0100,-1.0013564860855695e-05,-12.625041007995605,12.625030994430745,0.999994688564895,1,0
161,4,c01,0110,0110,1010,-7.152537364163436e-06,-14.125238418579102,14.125231266041737,0.9999986529612737,1,0
161,5,c32,0110,0110,0111,-0.0004912076401524246,-8.12549114227295,8.124999934632797,0.9996071610240427,1,0
161,6,t023,0110,0110,0111,-0.003618892515078187,-5.6286187171936035,5.624999824678525,0.9964053015899939,1,0
161,7,c12,0100,0100,0101,-3.254394687246531e-05,-11.125032424926758,11.124999880979885,0.9999775814772215,1,0
161,8,t012,0100,0100,0110,-5.722038167732535e-06,-12.500004768371582,12.499999046333414,0.9999949026440154,1,0
162,1,s23,1100,1100,1110,-0.046024736016988754,-3.1682214736938477,3.122196737676859,0.9550480783530366,1,0
162,2,x0,0100,0100,0101,-1.0728833785833558e-06,-14.250000953674316,14.249999880790938,0.9999990208026868,1,0
162,3,s12,0010,0010,0100,-0.002640992635861039,-6.431727409362793,6.429086416726932,0.9973643165392935,1,0
162,4,s10,0010,0010,0001,-0.0006181833450682461,-7.887526512145996,7.886908328800928,0.9994460961783334,1,0
162,5,c13,0010,0010,0011,-0.0017125416779890656,-6.376712322235107,6.374999780557118,0.9982986961091954,1,0
162,6,s01,0010,0010,0000,-2.3841846541472478e-06,-13.751516342163086,13.751513957978432,0.9999985308135282,1,0
162,7,t102,0010,0010,0011,-1.072883264896518e-06,-15.625000953674316,15.624999880791052,0.9999996833419863,1,0
162,8,x0,1010,1010,1000,-1.0728830375228426e-06,-13.750001907348633,13.750000834465595,0.9999988959838773,1,0
163,1,s01,0101,0101,1001,-0.022738343104720116,-3.8956549167633057,3.8729165736585855,0.9775285365554,1,0
163,2,s20,0101,0101,0111,-0.012170222587883472,-4.889974594116211,4.8778043715283275,0.98795949387056,1,0
163,3,t312,0111,0111,0101,-9.894127288134769e-05,-9.750064849853516,9.749965908580634,0.9999060758359738,1,0
163,4,x1,0011,0011,0111,-7.748588359390851e-06,-13.252813339233398,13.252805590645039,0.9999981152522639,1,0
163,5,x2,0001,0001,0010,-3.051725980185438e-05,-14.187613487243652,14.18758296998385,0.9999990704564307,1,0
163,6,c31,0101,0101,0001,-0.00010430338443256915,-9.250103950500488,9.249999647116056,0.9999037079082929,1,0
163,7,x1,0001,0001,0101,-3.302069671917707e-05,-12.375032424926758,12.374999404230039,0.9999954314843184,1,0
163,8,s10,0001,0001,0000,-5.245201919024112e-06,-12.750004768371582,12.749999523169663,0.9999970747684509,1,0
164,1,s01,1010,1010,1001,-0.004079427570104599,-6.004154205322266,6.000074777752161,0.9959317461764735,1,0
164,2,x2,1000,1000,1001,-1.6331558072124608e-05,-14.375016212463379,14.374999880905307,0.9999987251217801,1,0
164,3,s10,0100,0100,0010,-0.010356795974075794,-4.798398017883301,4.788041221909225,0.989736347252548,1,0
164,4,s03,0100,0100,1100,-0.000162590789841488,-8.875219345092773,8.875056754302932,0.9998428102599535,1,0
164,5,c32,0100,0100,0110,-5.54309444851242e-05,-13.500057220458984,13.5000017895145,0.9999975212435479,1,0
164,6,t321,0100,0100,0000,-9.179096196021419e-06,-12.50001049041748,12.500001311321284,0.9999956636818156,1,0
164,7,x2,0110,0110,0010,-2.3722506739431992e-05,-14.313435554504395,14.313411831997655,0.9999992083517316,1,0
164,8,c03,0110,0110,0111,-2.8610069421119988e-05,-12.125028610229492,12.125000000160071,0.9999875027949335,1,0
165,1,c31,0100,0100,0000,-0.5759486556053162,-0.8260108828544617,0.2500622272491455,0.5621749214762807,1,0
165,2,t123,0100,0100,0101,-0.0008391463197767735,-7.1258392333984375,7.125000087078661,0.9991949964980099,1,0
165,3,x1,0000,0000,0100,-0.00018678366905078292,-15.125186920166016,15.125000136496965,0.9999995038835473,1,0
165,4,c01,0000,0000,0100,-4.410737801663345e-06,-12.625005722045898,12.625001311308097,0.9999966550918217,1,0
165,5,s12,0000,0000,0100,-0.0017249088268727064,-6.376719951629639,6.374995042802766,0.9982982971308311,1,0
165,6,t021,0000,0000,0100,-1.1920925544472993e-06,-14.375003814697266,14.375002622604711,0.9999993681892876,1,0
165,7,c02,0000,0000,0100,-4.7683710135970614e-07,-15.625001907348633,15.625001430511531,0.9999997244474654,1,0
165,8,t021,0000,0000,0100,-2.8610202207346447e-06,-13.000016212463379,13.000013351443158,0.9999975939680928,1,0
166,1,c23,1111,1111,1110,-0.012544609606266022,-4.387544631958008,4.375000022351742,0.987560287191187,1,0
166,2,s12,1111,1111,1011,-0.008637290447950363,-4.7586283683776855,4.749991077929735,0.9914051582895345,1,0
166,3,x0,0111,0111,0011,-4.88756995764561e-06,-16.250003814697266,16.249998927127308,0.9999998333468114,1,0
166,4,c12,0101,0101,0100,-4.8398160288343206e-05,-13.625048637390137,13.625000239229848,0.9999978220613107,1,0
166,5,s31,0101,0101,0011,-3.385505260666832e-05,-10.500144958496094,10.500111103443487,0.9999684025569939,1,0
166,6,s03,1100,1100,0101,-7.605456630699337e-05,-10.375520706176758,10.37544465161045,0.9999440394844376,1,0
166,7,s23,1100,1100,1110,-0.14560283720493317,-2.0177977085113525,1.8721948713064194,0.8646036501889561,1,0
166,8,x1,1000,1000,1010,-2.2649579477729276e-05,-14.250022888183594,14.250000238604116,0.9999981639293255,1,0
167,1,c32,0011,0011,0001,-0.000582928245421499,-7.625683784484863,7.625100856239442,0.9994271036190494,1,0
167,2,s23,0011,0011,0001,-0.005929861217737198,-5.130929470062256,5.124999608844519,0.9940883908259739,1,0
167,3,s02,1001,1001,0011,-0.005238394718617201,-5.255239963531494,5.250001568812877,0.9947767871899762,1,0
167,4,t301,1101,1101,1001,-0.0022033376153558493,-6.127203464508057,6.125000126892701,0.997815558730429,1,0
167,5,c02,1111,1111,1011,-7.939201896078885e-05,-10.12509822845459,10.125018836435629,0.9999303657226605,1,0
167,6,s20,1111,1111,0111,-0.002476485911756754,-6.002475738525391,5.999999252613634,0.9975266334629677,1,0
167,7,c13,1110,1110,1111,-8.261066977865994e-05,-10.750082969665527,10.750000358995749,0.9999648715905706,1,0
167,8,s21,1110,1110,0111,-0.00028286335873417556,-8.875168800354004,8.87488593699527,0.9997469968336146,1,0
168,1,c20,0011,0011,1011,-3.778866084758192e-05,-10.500039100646973,10.500001311986125,0.9999715835664761,1,0
168,2,s02,1001,1001,0011,-0.009777316823601723,-4.634788990020752,4.62501167319715,0.9902758293339902,1,0
168,3,t201,1001,1001,1101,-0.0025092673022300005,-6.002522945404053,6.000013678101823,0.9975194494830888,1,0
168,4,t302,1011,1011,1001,-0.0002519905101507902,-8.625198364257812,8.624946373747662,0.9997618227573467,1,0
168,5,c21,1111,1111,1011,-7.736566476523876e-05,-10.75069808959961,10.750620723934844,0.9999671767947393,1,0
168,6,s12,1111,1111,1011,-0.0017905000131577253,-6.376778602600098,6.37498810258694,0.9982206541989045,1,0
168,7,c20,0111,0111,0011,-3.492772520985454e-05,-16.84378433227539,16.84374940455018,0.9999998822632264,1,0
168,8,t012,0111,0111,0101,-5.125995812704787e-06,-14.125016212463379,14.125011086467566,0.9999983133667999,1,0
169,1,x3,0001,0001,0000,-5.912610868108459e-05,-9.750059127807617,9.750000001698936,0.9999415429227834,1,0
169,2,t210,0001,0001,0011,-1.025196434056852e-05,-15.250014305114746,15.250004053150406,0.9999994316365162,1,0
169,3,s01,0001,0001,0000,-8.225415513152257e-06,-11.875007629394531,11.874999403979018,0.9999921780716714,1,0
169,4,c12,0001,0001,0011,-2.4676135581103154e-05,-10.875828742980957,10.875804066845376,0.9999805955534659,1,0
169,5,c23,0001,0001,0011,-8.260920003522187e-05,-12.252548217773438,12.252465608573402,0.9999922490443108,1,0
169,6,t130,0001,0001,1001,-1.1920858923986088e-05,-12.625020027160645,12.62500810630172,0.9999966476063864,1,0
169,7,c31,0101,0101,0001,-4.3272295442875475e-05,-10.250040054321289,10.249996782025846,0.9999616218064906,1,0
169,8,s02,0101,0101,1100,-0.043024830520153046,-3.1791069507598877,3.1360821202397346,0.9579013731024222,1,0
170,1,x1,0011,0011,1011,-0.00018261240620631725,-8.625449180603027,8.625266568196821,0.9998183737629918,1,0
170,2,s13,0110,0110,0101,-0.011080761440098286,-4.513010025024414,4.501929263584316,0.9889836444009033,1,0
170,3,t231,0110,0110,0010,-5.924588185735047e-05,-11.625065803527832,11.625006557645975,0.9999894819265192,1,0
170,4,s20,1100,1100,0110,-0.0005736516905017197,-7.750579833984375,7.750006182293873,0.9994267736949052,1,0
170,5,s20,0110,0110,0101,-0.2548429071903229,-1.511558175086975,1.2567152678966522,0.7751224082912971,1,0
170,6,s30,0110,0110,1110,-0.0019314212258905172,-6.465997219085693,6.464065797859803,0.9982692764567028,1,0
170,7,t210,1110,1110,1100,-2.50337143370416e-05,-10.750024795532227,10.74999976181789,0.9999751157649232,1,0
170,8,s02,1110,1110,0111,-0.009873554110527039,-4.63578987121582,4.625916317105293,0.9902121329220982,1,0
171,1,t032,0001,0001,0000,-3.5643039154820144e-05,-13.750035285949707,13.749999642910552,0.9999977577421795,1,0
171,2,t201,0001,0001,0101,-1.537792559247464e-05,-12.625016212463379,12.625000834537786,0.999996625185397,1,0
171,3,c03,0001,0001,0000,-9.059878721018322e-06,-14.250009536743164,14.250000476864443,0.9999990366346773,1,0
171,4,t301,0001,0001,0101,-9.536715879221447e-06,-11.87501049041748,11.875000953701601,0.9999929326775132,1,0
171,5,s13,0100,0100,0001,-2.3722446712781675e-05,-11.125181198120117,11.125157475673404,0.9999838582387461,1,0
171,6,c20,0100,0100,0000,-8.702250852365978e-06,-12.304762840270996,12.304754138020144,0.9999936535443967,1,0
171,7,t201,0100,0100,0000,-0.00014912015467416495,-8.875200271606445,8.875051151451771,0.9998594602030694,1,0
171,8,c03,0100,0100,0101,-1.8238963093608618e-05,-12.375017166137695,12.374998927174602,0.999994763964719,1,0
172,1,c32,0000,0000,0010,-0.016045546159148216,-4.141081809997559,4.12503626383841,0.9840843852514178,1,0
172,2,t203,0000,0000,0001,-1.0967214620904997e-05,-14.25001049041748,14.24999952320286,0.9999990454532678,1,0
172,3,s12,0000,0000,0100,-4.470249405130744e-05,-10.125044822692871,10.12500012019882,0.9999597340985105,1,0
172,4,c30,0000,0000,1000,-1.1920928244535389e-07,-16.125,16.124999880790718,0.9999998855844123,1,0
172,5,x0,1000,1000,1100,0.0,-17.0,17.0,0.999999954073178,1,0
172,6,x2,1010,1010,1000,-6.735100760124624e-05,-15.125078201293945,15.125010850286344,0.9999995991065376,1,0
172,7,s23,1001,1001,1010,-0.002204411430284381,-6.127239227294922,6.1250348158646375,0.9978133443528723,1,0
172,8,c23,1001,1001,1011,-0.00014078195090405643,-10.179941177368164,10.17980039541726,0.9999495117668824,1,0
173,1,s03,0100,0100,1100,-0.01419933419674635,-4.26467227935791,4.250472945161164,0.9859175080005327,1,0
173,2,s13,0001,0001,0100,-0.011289338581264019,-4.511050701141357,4.499761362560093,0.9887756064602532,1,0
173,3,s03,1000,1000,1001,-2.4556964490329847e-05,-11.250024795532227,11.250000238567736,0.9999777364309517,1,0
173,4,c02,1010,1010,1000,-9.381402196595445e-05,-9.37509822845459,9.375004414432624,0.9999135910148987,1,0
173,5,x1,1110,1110,1010,-3.397414548089728e-05,-13.251152992248535,13.251119018103054,0.9999976374107306,1,0
173,6,s23,1101,1101,1110,-0.008767925202846527,-4.769811630249023,4.761043705046177,0.9912779623504913,1,0
173,7,t301,1001,1001,1101,-0.00023315187718253583,-8.875326156616211,8.875093004739028,0.9998572075906969,1,0
173,8,t013,1001,1001,1011,-0.00019942675135098398,-9.0015230178833,9.00132359113195,0.9998441166187166,1,0
174,1,t203,0010,0010,0011,-2.0265435523469932e-05,-11.000020027160645,10.999999761725121,0.9999804244012279,1,0
174,2,c02,0010,0010,0011,-2.741811158557539e-06,-15.62500286102295,15.62500011921179,0.9999995523857789,1,0
174,3,t230,0010,0010,1010,-1.1920922133867862e-06,-16.625001907348633,16.62500071525642,0.9999998852537494,1,0
174,4,x2,0000,0000,0001,-0.00018475812976248562,-13.625184059143066,13.624999301013304,0.999997897527649,1,0
174,5,s30,0000,0000,1000,-4.255683234077878e-05,-10.125041961669922,10.124999404837581,0.9999593778244062,1,0
174,6,x1,0100,0100,0000,-5.722033165511675e-06,-14.250005722045898,14.250000000012733,0.9999993139856588,1,0
174,7,x0,1100,1100,0100,-1.4305110198620241e-06,-14.125004768371582,14.125003337860562,0.9999987388809396,1,0
174,8,s23,1100,1100,1110,-0.4759237468242645,-0.9745979309082031,0.4986741840839386,0.6216319330288919,1,0
175,1,s20,0001,1000,1000,-0.9754149317741394,-0.47551530599594116,-0.49989962577819824,0.37752559269524305,0,0
175,2,c20,0001,0001,0101,-1.4305109061751864e-06,-16.125001907348633,16.125000476837727,0.9999998404234977,1,0
175,3,t023,0001,0001,0011,-1.4066654330235906e-05,-14.75016975402832,14.75015568737399,0.9999991876220367,1,0
175,4,x1,0101,0101,0001,-2.2649758193438174e-06,-14.250001907348633,14.249999642372813,0.9999987818587017,1,0
175,5,t320,0101,0101,1101,-8.964179869508371e-05,-9.500134468078613,9.500044826279918,0.9999239227956985,1,0
175,6,x2,0111,0111,0110,-9.309864253737032e-05,-13.250093460083008,13.25000036144047,0.9999975943970996,1,0
175,7,c21,0011,0011,0111,-0.00011324427759973332,-9.625117301940918,9.625004057663318,0.9999338303018026,1,0
175,8,t231,0111,0111,0011,-5.2451043302426115e-05,-10.000049591064453,9.99999714002115,0.9999499279427649,1,0
176,1,s02,1010,1010,0011,-0.0449993759393692,-3.1684658527374268,3.1234664767980576,0.9560057137871839,1,0
176,2,x3,1011,1011,1001,-6.007997217238881e-05,-14.475600242614746,14.475540162642574,0.9999988530521257,1,0
176,3,s12,1101,1101,1110,-0.00013112550368532538,-9.375129699707031,9.374998574203346,0.9998760670380785,1,0
176,4,c31,1001,1001,1011,-1.7046870198100805e-05,-12.250018119812012,12.250001072941814,0.9999924139921046,1,0
176,5,c32,1011,1011,1010,-0.00021241768263280392,-8.750211715698242,8.74999929801561,0.9998158802060176,1,0
176,6,x3,1010,1010,1011,-3.886190097546205e-05,-12.625039100646973,12.625000238745997,0.999994994766325,1,0
176,7,t120,1010,1010,0010,-1.7523678252473474e-05,-12.500016212463379,12.499998688785126,0.999991685404703,1,0
176,8,t023,1011,1011,1010,-0.0013061176287010312,-6.751306056976318,6.749999939347617,0.998829671678656,1,0
177,1,c23,0010,0010,0011,-0.013410977087914944,-4.638410568237305,4.62499959114939,0.9902851346964412,1,0
177,2,t123,0010,0010,0011,-3.755042052944191e-05,-10.37503719329834,10.37499964287781,0.999968525877166,1,0
177,3,x0,1010,1010,1000,-2.3841856489070778e-07,-15.625000953674316,15.625000715255752,0.9999997115705456,1,0
177,4,t213,1010,1010,1011,-0.0002395959454588592,-9.750239372253418,9.749999776307959,0.9999374206368773,1,0
177,5,x1,1110,1110,1100,-6.937758007552475e-05,-13.3751859664917,13.375116588911624,0.999997755944485,1,0
177,6,s12,1110,1110,0111,-0.00035092333564534783,-8.625226020812988,8.624875097477343,0.9996513658505515,1,0
177,7,s32,1101,1101,1110,-0.004743609111756086,-5.37984561920166,5.375102010089904,0.9952689910426465,1,0
177,8,t130,0101,0101,1101,-3.695421401062049e-05,-10.750040054321289,10.750003100107278,0.9999783052896871,1,0
178,1,t123,1001,1001,1011,-0.00249069114215672,-6.262198448181152,6.259707757038996,0.9980408093750431,1,0
178,2,t103,1001,1001,1011,-4.3987849494442344e-05,-11.254646301269531,11.254602313420037,0.9999825265936262,1,0
178,3,s01,0101,0101,1001,-0.002256375504657626,-6.127242565155029,6.124986189650372,0.9977511859036372,1,0
178,4,s23,0110,0110,0101,-0.00017761404160410166,-9.576531410217285,9.576353796175681,0.9998548940405175,1,0
178,5,c03,0110,0110,0100,-6.592119461856782e-05,-10.500086784362793,10.500020863168174,0.9999639456116886,1,0
178,6,t103,0110,0110,0111,-0.00016866855730768293,-8.750167846679688,8.74999917812238,0.9998401860938467,1,0
178,7,s01,1010,1010,0110,-0.0003814000519923866,-8.375374794006348,8.374993393954355,0.9997615100175978,1,0
178,8,t310,1010,1010,1110,-1.7046866560121998e-05,-11.625021934509277,11.625004887642717,0.999990497944052,1,0
179,1,x1,0100,0100,0000,-1.1324840670567937e-05,-11.62501049041748,11.62499916557681,0.9999903826667931,1,0
179,2,c13,0101,0101,0100,-0.0005141655565239489,-9.750514030456543,9.749999864900019,0.9999046855934955,1,0
179,3,s03,1100,1100,1110,-1.6689213225618005e-05,-11.500016212463379,11.499999523250153,0.9999871637618758,1,0
179,4,x1,1000,1000,1110,-0.00285957008600235,-12.657609939575195,12.654750369489193,0.9999965767017899,1,0
179,5,t321,1000,1000,1100,-5.030553074902855e-05,-10.250054359436035,10.250004053905286,0.9999631352904184,1,0
179,6,x2,1010,1010,1110,-6.28213383606635e-05,-15.64321231842041,15.64314949708205,0.9999997114304857,1,0
179,7,c30,1010,1010,0010,-7.1525473686051555e-06,-13.750003814697266,13.749996662149897,0.9999986922701003,1,0
179,8,t120,1010,1010,0010,-0.001352749764919281,-6.7513251304626465,6.749972380697727,0.9987989218645587,1,0
180,1,s13,0011,0110,0110,-1.0538783073425293,-0.49073320627212524,-0.563145101070404,0.3485840939184592,0,0
180,2,t023,0011,0011,0010,-6.24647582299076e-05,-10.875062942504883,10.875000477746653,0.9999794715568308,1,0
180,3,x3,0010,0010,0011,-5.245202373771463e-06,-13.625004768371582,13.624999523169208,0.9999984097374831,1,0
180,4,s03,0010,0010,1010,-3.731206015800126e-05,-10.889193534851074,10.889156222790916,0.9999725359973946,1,0
180,5,t302,0010,0010,0011,-4.649153197533451e-06,-15.875004768371582,15.875000119218384,0.999999796136751,1,0
180,6,c20,1010,1010,1000,-7.152556236178498e-07,-14.500001907348633,14.50000119209301,0.9999993060513239,1,0
180,7,c23,1011,1011,1010,-0.0005970845813862979,-11.25059700012207,11.249999915540684,0.9999865248991076,1,0
180,8,t213,1011,1011,1010,-0.0006681403610855341,-7.625668048858643,7.624999908497557,0.999444501589584,1,0
181,1,t201,0111,0111,1011,-2.7537134883459657e-05,-10.887544631958008,10.887517094823124,0.9999729608817679,1,0
181,2,t102,0111,0111,0101,-6.198745541041717e-05,-9.875081062316895,9.875019074861484,0.9999460065501896,1,0
181,3,x3,0110,0110,0111,-6.7949204094475135e-06,-14.125006675720215,14.124999880799805,0.999998234450688,1,0
181,4,s21,0110,0110,0011,-0.0017430587904527783,-6.3767194747924805,6.374976416002028,0.9982738420326313,1,0
181,5,c03,0110,0110,0111,-4.041159263579175e-05,-10.625040054321289,10.624999642728653,0.9999719511775677,1,0
181,6,t102,0110,0110,0111,-9.894354661810212e-06,-13.125009536743164,13.124999642388502,0.9999960799470905,1,0
181,7,c31,0110,0110,0010,-0.0005200373707339168,-8.000534057617188,8.000014020246454,0.9996636549383963,1,0
181,8,x2,0100,0100,0101,-9.655929716245737e-06,-12.37501049041748,12.375000834487764,0.9999953243891597,1,0
182,1,t320,0011,0011,1011,-0.14269095659255981,-2.021760940551758,1.879069983959198,0.8670279850624669,1,0
182,2,x2,0001,0001,0010,-1.633159990888089e-05,-14.189444541931152,14.189428210331243,0.9999991129115215,1,0
182,3,t032,0001,0001,0011,-2.3960821636137553e-05,-14.000029563903809,14.000005603082172,0.9999987904752615,1,0
182,4,s30,1000,1000,1001,-6.592170393560082e-05,-10.500066757202148,10.500000835498213,0.9999702030119354,1,0
182,5,x3,1001,1001,1000,-4.637134770746343e-05,-15.500045776367188,15.49999940501948,0.9999996648713121,1,0
182,6,s03,1001,1001,1010,-0.0007918175542727113,-7.375657558441162,7.374865740886889,0.9992110687292282,1,0
182,7,s30,1001,1001,0011,-8.296671876451e-05,-9.658722877502441,9.658639910783677,0.9999281396412792,1,0
182,8,s01,0101,0101,1001,-0.004212173167616129,-5.504117012023926,5.49990483885631,0.9958204545293666,1,0
183,1,s31,0101,0101,0100,-0.09657912701368332,-2.47157883644104,2.3749997094273567,0.9079418894214503,1,0
183,2,t032,0101,0101,0001,-3.576240487745963e-05,-13.187553405761719,13.187517643356841,0.9999967573250612,1,0
183,3,x1,0001,0001,0101,-2.2291962523013353e-05,-13.937521934509277,13.937499642546754,0.9999989797864001,1,0
183,4,s02,0001,0001,1000,-0.013708443380892277,-4.388697147369385,4.3749887039884925,0.9875552763954251,1,0
183,5,s02,0001,0001,1000,-0.011323465034365654,-4.5113348960876465,4.500011431053281,0.9890040351852517,1,0
183,6,s30,1000,1000,1010,-3.4451168176019564e-05,-12.875033378601074,12.874998927432898,0.9999965223892778,1,0
183,7,s20,0010,0010,1000,-0.0020811890717595816,-6.876073360443115,6.873992171371356,0.9979614121395957,1,0
183,8,x2,0000,0000,0010,-0.009133982472121716,-9.609338760375977,9.600204777903855,0.9999230616979559,1,0
184,1,s01,0110,0110,1010,-0.06269503384828568,-2.9301998615264893,2.8675048276782036,0.939423745463553,1,0
184,2,t231,0110,0110,0010,-0.003197370795533061,-5.753337860107422,5.750140489311889,0.9968246518856907,1,0
184,3,s32,0101,0101,0110,-0.007696653250604868,-4.882689952850342,4.874993299599737,0.9923435027161756,1,0
184,4,x0,1101,1101,1001,-3.2186485441343393e-06,-13.75000286102295,13.749999642374405,0.9999975224300723,1,0
184,5,s13,1101,1101,1011,-0.001632629195228219,-6.502440929412842,6.500808300217614,0.9983751561784486,1,0
184,6,s23,1110,1110,1111,-3.433207893976942e-05,-11.00003433227539,11.00000000019645,0.9999698466805377,1,0
184,7,c03,1111,1111,1110,-0.00017928049783222377,-8.875179290771484,8.875000010273652,0.9998419175551779,1,0
184,8,t132,1101,1101,1011,-4.422633719514124e-05,-11.401326179504395,11.4012819531672,0.9999786549547152,1,0
185,1,s12,0000,0000,0100,-0.061971377581357956,-2.81196928024292,2.749997902661562,0.9399108578278405,1,0
185,2,x2,0010,0010,1010,-0.00027307149139232934,-14.651575088500977,14.651302017009584,0.9999994326974156,1,0
185,3,x3,0011,0011,0001,-9.095334098674357e-05,-14.188352584838867,14.18826163149788,0.9999982569589314,1,0
185,4,c23,0010,0010,0011,-0.00032610504422336817,-8.250326156616211,8.250000051571988,0.9997387485515196,1,0
185,5,s21,0100,0100,0010,-0.0006326849106699228,-7.437598705291748,7.436966020381078,0.9993723526623549,1,0
185,6,s31,0001,0001,0100,-0.0024795858189463615,-6.002475738525391,5.999996152706444,0.9975235253376679,1,0
185,7,x2,0011,0011,0010,-0.00011563084262888879,-10.000115394592285,9.999999763749656,0.999937804688546,1,0
185,8,t120,0011,0011,1011,-0.0011756687890738249,-6.751280784606934,6.75010511581786,0.9988299715373772,1,0
186,1,x2,0101,0101,1101,-5.47161944268737e-05,-10.250469207763672,10.250414491569245,0.9999530044510867,1,0
186,2,c03,0101,0101,1100,-8.761518256505951e-05,-14.62971305847168,14.629625443289115,0.9999988031922983,1,0
186,3,t130,1101,1101,0101,-0.0002628223446663469,-8.250261306762695,8.249998484418029,0.9997375751300329,1,0
186,4,s10,1101,1101,1011,-0.00037320793489925563,-8.375255584716797,8.374882376781898,0.9996268734271753,1,0
186,5,c32,1111,1111,1110,-0.00011896743671968579,-9.50011920928955,9.500000241852831,0.9999143167860037,1,0
186,6,c01,1011,1011,1111,-6.449039210565388e-05,-10.162985801696777,10.162921311304672,0.9999512348185317,1,0
186,7,c13,1011,1011,1001,-0.0010929368436336517,-7.500820159912109,7.499727223068476,0.9991254037068984,1,0
186,8,x0,0011,0011,1011,-4.7683710135970614e-07,-15.375009536743164,15.375009059906063,0.9999997212142111,1,0
187,1,x1,0111,0111,0110,-7.295385148609057e-05,-9.625072479248047,9.62499952539656,0.9999279167703176,1,0
187,2,c32,0101,0101,1101,-0.00045766326365992427,-11.125476837158203,11.125019173894543,0.9999778750877267,1,0
187,3,t310,1101,1101,0101,-2.074226904369425e-05,-11.000016212463379,10.999995470194335,0.9999792584346479,1,0
187,4,t230,1101,1101,1111,-0.0014048846205696464,-6.751446723937988,6.750041839317419,0.9988069894868163,1,0
187,5,c10,0101,0101,0100,-3.8146908991620876e-06,-17.000003814697266,17.000000000006366,0.9999998873102014,1,0
187,6,c02,0101,0101,1111,-3.933838161174208e-05,-14.000334739685059,14.000295401303447,0.9999978036329672,1,0
187,7,s23,0110,0110,0111,-0.00034090623375959694,-8.375340461730957,8.374999555497197,0.9997334572179575,1,0
187,8,x0,1110,1110,1100,-3.719267260748893e-05,-10.250038146972656,10.250000954300049,0.9999628744635419,1,0
188,1,c32,1000,1000,1010,-0.006743480917066336,-5.006775856018066,5.000032375101,0.9932868309052104,1,0
188,2,t103,1000,1000,1001,-2.2888056264491752e-05,-11.250022888183594,11.25000000012733,0.9999864818390594,1,0
188,3,t210,1000,1000,1100,-3.051730163861066e-05,-11.750029563903809,11.74999904660217,0.9999920165479873,1,0
188,4,s30,0001,0001,1000,-0.0020836542826145887,-6.252014636993408,6.249930982710794,0.9980117305370105,1,0
188,5,t013,0001,0001,0000,-2.622602551127784e-06,-15.87500286102295,15.875000238420398,0.9999996820120355,1,0
188,6,c02,0001,0001,1011,-8.583038834331091e-06,-15.513538360595703,15.513529777556869,0.9999995344728307,1,0
188,7,s21,0001,0001,0100,-6.592123827431351e-05,-9.875057220458984,9.87499129922071,0.9999368748419128,1,0
188,8,t210,0001,0001,1001,-2.8610190838662675e-06,-15.125210762023926,15.125207901004842,0.9999996036411188,1,0
189,1,c20,1101,1101,1001,-0.0009278437355533242,-7.500633716583252,7.499705872847699,0.9990762525064634,1,0
189,2,s20,0111,0111,1101,-0.007618734613060951,-5.361308574676514,5.353689840063453,0.99241256449105,1,0
189,3,t210,1111,1111,1101,-0.033745549619197845,-3.408660650253296,3.374915100634098,0.9668177492271163,1,0
189,4,x1,1011,1011,1101,-2.8729065888910554e-05,-14.250033378601074,14.250004649535185,0.9999990332596789,1,0
189,5,t013,1011,1011,1010,-0.001029072911478579,-8.126029968261719,8.12500089535024,0.9994797242289033,1,0
189,6,t031,1111,1111,1101,-5.865033745067194e-05,-10.375069618225098,10.375010967887647,0.9999471376840559,1,0
189,7,c21,1011,1011,1101,-3.075574568356387e-05,-11.703922271728516,11.703891515982832,0.9999900911313205,1,0
189,8,x0,0011,0011,0111,-9.536739753457368e-07,-13.937500953674316,13.937500000000341,0.9999989936763242,1,0
190,1,x2,0001,0001,0011,-1.3947452316642739e-05,-12.259765625,12.259751677547683,0.9999933545802057,1,0
190,2,t013,0001,0001,0101,-0.00010084630775963888,-15.062625885009766,15.062525038702006,0.9999991512832327,1,0
190,3,t120,0001,0001,0101,-3.337857606311445e-06,-14.500020027160645,14.500016689303038,0.9999989742603527,1,0
190,4,t213,0001,0001,0011,-2.5510682462481782e-05,-11.625974655151367,11.625949144468905,0.9999895745538112,1,0
190,5,t321,0001,0001,0101,-0.002481254283338785,-6.002486228942871,6.000004974659532,0.9975271708976808,1,0
190,6,s31,0100,0100,0001,-0.00015043359599076211,-9.938541412353516,9.938390978757525,0.9999348978199557,1,0
190,7,s30,0100,0100,1100,-0.00024518370628356934,-8.375362396240234,8.37511721253395,0.9997688987608581,1,0
190,8,x1,0000,0000,0001,-6.5565000113565475e-06,-13.250005722045898,13.249999165545887,0.9999979957895863,1,0
191,1,t320,0100,0100,1100,-4.8397923819720745e-05,-10.001975059509277,10.001926661585458,0.9999525383528858,1,0
191,2,c23,0100,0100,0101,-0.0003724824055097997,-8.125372886657715,8.125000404252205,0.999703296707554,1,0
191,3,x0,1100,1100,1000,-9.536738616588991e-07,-14.250000953674316,14.250000000000455,0.9999993397968012,1,0
191,4,x0,0100,0100,1100,-1.1920925544472993e-06,-14.255237579345703,14.255236387253149,0.999998855523853,1,0
191,5,c01,0100,0100,0000,-8.463836820737924e-06,-13.250009536743164,13.250001072906343,0.9999979080179499,1,0
191,6,s23,0100,0100,0110,-0.011899316683411598,-5.007278919219971,4.995379602536559,0.9887276527130889,1,0
191,7,c23,0100,0100,0101,-0.00016235047951340675,-8.750162124633789,8.749999774154276,0.9998413267107565,1,0
191,8,c13,0101,0101,0100,-0.0003207481058780104,-8.125320434570312,8.124999686464434,0.9997031757209371,1,0
192,1,t123,1101,1101,1100,-0.062222205102443695,-3.1872220039367676,3.124999798834324,0.9406610920262465,1,0
192,2,c03,1100,1100,1101,-9.572210547048599e-05,-9.50009536743164,9.49999964532617,0.9999226361504069,1,0
192,3,s20,0110,0110,1100,-0.00776257086545229,-5.256060600280762,5.248298029415309,0.9923128687678994,1,0
192,4,c31,0110,0110,0010,-2.3007301933830604e-05,-12.250041961669922,12.250018954367988,0.9999929653180559,1,0
192,5,x1,0010,0010,0011,-1.5616305972798727e-05,-14.250016212463379,14.250000596157406,0.999999161510411,1,0
192,6,t312,0010,0010,0011,-7.62938407206093e-06,-13.500007629394531,13.50000000001046,0.9999980800393239,1,0
192,7,t123,0010,0010,0011,-0.0006300631794147193,-7.375629901885986,7.374999838706572,0.9993734556027963,1,0
192,8,t123,0010,0010,0011,-8.46383954922203e-06,-12.000007629394531,11.999999165554982,0.9999935022432,1,0
193,1,s23,0010,0010,0011,-0.0003503256884869188,-8.750350952148438,8.75000062645995,0.9996805117560013,1,0
193,2,c01,0010,0010,0011,-1.1920925544472993e-06,-15.937500953674316,15.937499761581762,0.9999996665895349,1,0
193,3,t130,0010,0010,1010,-2.980229055538075e-06,-13.750006675720215,13.75000369549116,0.9999987890052834,1,0
193,4,t230,0010,0010,1010,-1.0728831512096804e-06,-15.875006675720215,15.875005602837064,0.9999998116777099,1,0
193,5,t031,0010,0010,0110,-8.702258128323592e-06,-12.750009536743164,12.750000834485036,0.9999969833479961,1,0
193,6,t032,0010,0010,0011,-4.05310947826365e-06,-14.875003814697266,14.874999761587787,0.999999439763782,1,0
193,7,s21,0100,0100,0010,-0.002325638895854354,-6.306933879852295,6.304608240956441,0.9976776381028037,1,0
193,8,c12,0110,0110,0100,-1.10864348243922e-05,-12.000011444091797,12.000000357656972,0.9999935338639472,1,0
194,1,t231,1001,1101,1101,-1.3132933378219604,-0.31398966908454895,-0.9993036687374115,0.268936197439062,0,0
194,2,c31,1101,1101,1001,-0.0008119665435515344,-7.125825881958008,7.125013915414456,0.9991938511970985,1,0
194,3,t302,1111,1111,1110,-0.0006632028380408883,-7.375662803649902,7.3749996008118615,0.9993420375880994,1,0
194,4,t013,1110,1110,1111,-0.00034364365274086595,-8.250344276428223,8.250000632775482,0.9997105880511143,1,0
194,5,t032,1110,1110,1100,-0.012707889080047607,-4.75906229019165,4.746354401111603,0.9873825644867725,1,0
194,6,s12,1110,1110,1011,-0.014662218280136585,-4.264173984527588,4.249511766247451,0.9854492003030394,1,0
194,7,s31,1011,1011,1110,-0.010101082734763622,-4.636789321899414,4.62668823916465,0.9900032276980715,1,0
194,8,t032,1001,1001,1101,-3.588178151403554e-05,-11.079058647155762,11.079022765374248,0.9999751215462769,1,0
195,1,c01,1000,1000,1100,-0.03806539252400398,-3.317812442779541,3.279747050255537,0.9626592992796122,1,0
195,2,c20,1000,1000,1100,-3.4927910746773705e-05,-10.500035285949707,10.50000035803896,0.9999714837349234,1,0
195,3,t230,1000,1000,1100,-5.841240636073053e-06,-14.750005722045898,14.749999880805262,0.9999995660480792,1,0
195,4,c02,1010,1010,1000,-0.00019107629486825317,-8.625194549560547,8.625003473265679,0.9998199834198215,1,0
195,5,s10,0110,0110,1010,-0.0013323490275070071,-6.628261566162109,6.626929217134602,0.9986748458807053,1,0
195,6,x2,0100,0100,1100,-0.000344694999512285,-12.625357627868652,12.62501293286914,0.9999945119810715,1,0
195,7,x0,1100,1100,1000,-7.5101579568581656e-06,-11.875007629394531,11.875000119236574,0.9999929013023243,1,0
195,8,x2,1110,1110,1010,-5.9126101405126974e-05,-15.000061988830566,15.000002862729161,0.9999993527660432,1,0
196,1,s30,0010,0010,1010,-0.3905106484889984,-1.1554710865020752,0.7649604380130768,0.6770142234373984,1,0
196,2,t321,0010,0010,0110,-0.1602257639169693,-1.9102330207824707,1.7500072568655014,0.851952628916133,1,0
196,3,s23,0001,0001,0010,-0.005930577404797077,-5.192897796630859,5.186967219226062,0.9940884840467961,1,0
196,4,t301,0001,0001,0011,-1.192092668134137e-06,-14.750036239624023,14.750035047531355,0.9999994316228566,1,0
196,5,s03,1000,1000,1001,-1.192087529489072e-05,-13.500011444091797,13.499999523216502,0.9999984318129106,1,0
196,6,c01,1100,1100,1000,-0.016054019331932068,-4.141056537628174,4.125002518296242,0.9840928469273379,1,0
196,7,x2,1110,1110,1100,-1.6808395230327733e-05,-13.750175476074219,13.750158667678988,0.9999985304821625,1,0
196,8,x2,1100,1100,1000,-1.0132763236470055e-05,-11.918445587158203,11.918435454394967,0.9999922635914126,1,0
197,1,s13,0101,0101,0100,-0.008528047241270542,-5.258527755737305,5.249999708496034,0.9915096882319512,1,0
197,2,t120,0101,0101,1101,-3.4570659863675246e-06,-13.875028610229492,13.875025153163506,0.9999986538730881,1,0
197,3,c01,0101,0101,0001,-9.655917892814614e-06,-14.25001049041748,14.250000834499588,0.9999990873062564,1,0
197,4,t103,0101,0101,0100,-4.625273868441582e-05,-10.625045776367188,10.624999523628503,0.9999750932241241,1,0
197,5,t123,0101,0101,0100,-0.02094275876879692,-4.395942687988281,4.374999929219484,0.987540439598396,1,0
197,6,t120,0101,0101,1101,-2.002699147851672e-05,-12.250083923339844,12.250063896348365,0.9999947661043435,1,0
197,7,s02,0101,0101,1100,-0.055000051856040955,-3.2558956146240234,3.2008955627679825,0.9465481779762976,1,0
197,8,c32,0111,0111,0101,-6.139216566225514e-05,-10.750072479248047,10.750011087082385,0.9999615590132845,1,0
198,1,c10,1111,1111,0111,-0.003064720891416073,-5.877808094024658,5.874743373133242,0.9969402142310807,1,0
198,2,t230,0111,0111,1111,-2.0980627596145496e-05,-10.891374588012695,10.8913536073851,0.9999809680660832,1,0
198,3,c21,0011,0011,0111,-0.00011896582145709544,-11.312621116638184,11.312502150816726,0.9999876385543011,1,0
198,4,c21,0111,0111,0011,-0.00011574608652153984,-9.125112533569336,9.124996787482814,0.9998884799112321,1,0
198,5,s10,1011,1011,0111,-0.0002374438481638208,-8.521546363830566,8.521308919982403,0.9997841561615174,1,0
198,6,x2,1001,1001,0001,-8.606557821622118e-05,-12.750088691711426,12.75000262613321,0.9999965289217031,1,0
198,7,x1,1101,1101,1001,-1.4901084796292707e-05,-12.875395774841309,12.875380873756512,0.9999969505122013,1,0
198,8,x1,1001,1001,1111,-0.00010454165021656081,-9.25533676147461,9.255232219824393,0.999899033821719,1,0
199,1,t301,0110,0110,0010,-0.0001752291718730703,-9.000170707702637,8.999995478530764,0.9998253509114803,1,0
199,2,x3,0111,0111,1111,-3.719290907611139e-05,-13.500802040100098,13.500764847191022,0.9999965902068098,1,0
199,3,c02,0111,0111,0110,-7.748596544843167e-06,-13.000007629394531,12.999999880797986,0.9999959245148349,1,0
199,4,c21,0011,0011,0111,-7.056984031805769e-05,-11.500070571899414,11.500000002059096,0.9999897988972827,1,0
199,5,x2,0001,0001,0010,-1.9669394532684237e-05,-14.938844680786133,14.9388250113916,0.9999995686137164,1,0
199,6,c21,0001,0001,0101,-9.727016731631011e-05,-9.250101089477539,9.250003819310223,0.9999038034927824,1,0
199,7,s03,1000,1000,1001,-1.895418608910404e-05,-11.375018119812012,11.374999165625923,0.9999882428533022,1,0
199,8,x1,1100,1100,1000,-5.256997246760875e-05,-13.75108528137207,13.751032711399603,0.9999988990954077,1,0
200,1,x2,0111,0111,0110,-0.0002586643386166543,-8.625258445739746,8.62499978140113,0.9997836434984562,1,0
200,2,x2,0101,0101,0110,-4.434500078787096e-05,-14.035987854003906,14.035943509003118,0.9999980629084009,1,0
200,3,x3,0100,0100,0101,-6.079667855374282e-06,-13.250005722045898,13.249999642378043,0.9999975826885653,1,0
200,4,s30,0100,0100,1100,-0.0009956174762919545,-7.001007556915283,7.000011939438991,0.9990888145312504,1,0
200,5,c32,0100,0100,0110,-0.0002613989927340299,-8.375260353088379,8.374998954095645,0.9997670867638282,1,0
200,6,c01,0100,0100,0000,-0.00026592175709083676,-8.250266075134277,8.250000153377187,0.9997384202652386,1,0
200,7,x2,0110,0110,0010,-2.026544461841695e-05,-15.187527656555176,15.187507391110557,0.9999995400405663,1,0
200,8,x3,0111,0111,0110,-5.2689490985358134e-05,-13.250052452087402,13.249999762596417,0.9999958192538307,1,0
201,1,x2,0101,0101,1101,-3.814645606325939e-05,-10.875856399536133,10.87581825308007,0.9999760940612449,1,0
201,2,x0,1101,1101,0101,-1.1205631381017156e-05,-11.625009536743164,11.624998331111783,0.9999889235003531,1,0
201,3,x2,1111,1111,1110,-5.924595461692661e-05,-11.125059127807617,11.124999881853,0.9999847037425162,1,0
201,4,x2,1101,1101,1011,-1.788132249203045e-05,-13.203912734985352,13.20389485366286,0.9999958741967078,1,0
201,5,c32,1111,1111,1110,-0.0001608080929145217,-9.375161170959473,9.375000362866558,0.9998927293836554,1,0
201,6,t230,0111,0111,1111,-8.940656698541716e-06,-12.013338088989258,12.01332914833256,0.9999937414531178,1,0
201,7,s20,1101,1101,1110,-0.0020853602327406406,-6.726162433624268,6.724077073391527,0.9979221986326,1,0
201,8,s20,0111,0111,1101,-0.026474615558981895,-3.658836603164673,3.632361987605691,0.9739772071450205,1,0
202,1,t301,1011,1011,0111,-0.022044358775019646,-3.895545482635498,3.8735011238604784,0.978196858867836,1,0
202,2,x3,1010,1010,1110,-4.768281360156834e-05,-14.062597274780273,14.062549591966672,0.9999976416406579,1,0
202,3,s10,0110,0110,1010,-0.008629653602838516,-4.837520122528076,4.828890468925238,0.9914219314286272,1,0
202,4,x3,0111,0111,0011,-2.9563736461568624e-05,-13.129103660583496,13.129074096847035,0.9999948619708751,1,0
202,5,c03,0111,0111,0110,-7.74859290686436e-06,-12.500006675720215,12.499998927127308,0.9999950866840369,1,0
202,6,t312,0101,0101,0111,-0.0001419705367879942,-9.026429176330566,9.026287205793778,0.9998758564346161,1,0
202,7,s02,0101,0101,1101,-0.18256208300590515,-2.0026421546936035,1.8200800716876984,0.8354739720268672,1,0
202,8,c31,0001,0001,0101,-2.205359487561509e-05,-13.937521934509277,13.937499880914402,0.9999989741986866,1,0
203,1,x0,1000,1000,0000,-3.2901276426855475e-05,-10.375031471252441,10.374998569976015,0.999968561062592,1,0
203,2,s20,0010,0010,0001,-0.006921891588717699,-5.257256984710693,5.250335093121976,0.9931883160812475,1,0
203,3,x2,0000,0000,0010,-0.0003131383564323187,-11.88947582244873,11.889162684092298,0.9999924117153239,1,0
203,4,x1,0100,0100,0000,-5.722032710764324e-06,-14.375005722045898,14.375000000013188,0.999999390592973,1,0
203,5,t023,0100,0100,0101,-0.0002022843254962936,-10.875201225280762,10.874998940955265,0.9999790922835993,1,0
203,6,x0,1100,1100,1000,-1.966933996300213e-05,-10.875020027160645,10.875000357820682,0.9999810009717571,1,0
203,7,s31,1001,1001,1100,-0.0037217072676867247,-5.87846040725708,5.874738699989393,0.9963870134389481,1,0
203,8,x3,1000,1000,1001,-4.3272280890960246e-05,-13.875043869018555,13.875000596737664,0.9999978878443346,1,0
204,1,x2,0010,0010,0000,-0.00012707100540865213,-9.125114440917969,9.12498736991256,0.9998741894398504,1,0
204,2,t320,0010,0010,1010,-6.079663762648124e-06,-13.250008583068848,13.250002503405085,0.9999981246245301,1,0
204,3,x0,1010,1010,1000,-2.3841855067985307e-07,-15.125,15.12499976158145,0.9999996992542933,1,0
204,4,x2,1000,1000,1001,-5.2212784794392064e-05,-13.125051498413086,13.124999285628292,0.9999970756737494,1,0
204,5,t301,1000,1000,1100,-0.00010418571037007496,-9.500105857849121,9.500001672138751,0.9999238975053512,1,0
204,6,c32,1000,1000,0000,-9.822367428569123e-05,-15.250099182128906,15.25000095845462,0.9999994684363588,1,0
204,7,c03,1001,1001,1000,-0.00024137219588737935,-8.37524127960205,8.374999907406163,0.9997680835380335,1,0
204,8,s02,0011,0011,1001,-0.1128692477941513,-2.286457061767578,2.173587813973427,0.8933082703835122,1,0
205,1,t023,0100,0100,0101,-0.00029512643232010305,-8.25029468536377,8.24999955893145,0.9997329382009216,1,0
205,2,t012,0100,0100,0110,-7.557729259133339e-05,-10.000077247619629,10.000001670327038,0.9999515125146375,1,0
205,3,c03,0100,0100,0101,-6.914010737091303e-05,-10.000068664550781,9.99999952444341,0.9999540780872492,1,0
205,4,t021,0100,0100,0000,-7.700688001932576e-05,-9.625081062316895,9.625004055436875,0.9999331195540878,1,0
205,5,c20,0100,0100,1100,-1.7881383200801793e-06,-13.500017166137695,13.500015377999375,0.9999984241254416,1,0
205,6,s01,1000,1000,0100,-7.211965566966683e-05,-12.626580238342285,12.626508118686615,0.999994447537264,1,0
205,7,t320,1000,1000,1100,-4.529947545961477e-06,-13.000005722045898,13.000001192098352,0.9999976502683446,1,0
205,8,t132,1000,1000,1100,-1.0728816960181575e-05,-12.50007152557373,12.50006079675677,0.9999944116780859,1,0
206,1,t102,0000,0000,0001,-1.4543491488439031e-05,-12.250014305114746,12.249999761623258,0.9999891246120756,1,0
206,2,s01,0000,0000,1000,-1.6689286894688848e-06,-15.750001907348633,15.750000238419943,0.9999998415262923,1,0
206,3,t210,0000,0000,1000,-5.996048275846988e-05,-15.500066757202148,15.50000679671939,0.9999996990936779,1,0
206,4,t103,0000,0000,0001,-4.053111297253054e-06,-14.875003814697266,14.874999761585968,0.9999994791874461,1,0
206,5,t203,0000,0000,0001,-4.29152669312316e-06,-15.125003814697266,15.124999523170573,0.9999995801750903,1,0
206,6,t321,0000,0000,0100,-4.291529421607265e-06,-13.375005722045898,13.375001430516477,0.999998365620109,1,0
206,7,x2,0010,0010,1010,-7.962877862155437e-05,-16.562782287597656,16.562702658819035,0.9999998421734917,1,0
206,8,x0,1010,1010,1000,-5.960463909104874e-07,-15.625,15.624999403953609,0.9999996945355516,1,0
207,1,x0,1101,1101,0101,-4.351103780209087e-05,-10.750021934509277,10.749978423471475,0.9999569381603618,1,0
207,2,x3,1100,1100,1000,-7.1761678555049e-05,-13.884830474853516,13.88475871317496,0.9999987403171761,1,0
207,3,s32,1100,1100,1110,-0.0006278636283241212,-7.750582218170166,7.749954354541842,0.9994588377844534,1,0
207,4,c30,1100,1100,0100,-3.409339115023613e-05,-10.50003433227539,10.50000023888424,0.999970069835825,1,0
207,5,s10,1100,1100,0110,-0.0003715111524797976,-8.023603439331055,8.023231928178575,0.999651367483289,1,0
207,6,s03,0101,0101,1100,-0.001066979835741222,-6.883651256561279,6.882584276725538,0.9989391102731388,1,0
207,7,s30,1100,1100,1101,-0.00010156198550248519,-12.500101089477539,12.499999527492037,0.9999908814148314,1,0
207,8,x0,0100,0100,0101,-1.4305107924883487e-06,-13.625000953674316,13.624999523163524,0.9999985223847025,1,0
208,1,s23,0000,0000,0010,-0.014664484187960625,-4.264177322387695,4.249512838199735,0.9854514094483927,1,0
208,2,t213,0000,0000,0001,-3.8146924907778157e-06,-14.87500286102295,14.874999046330458,0.9999995059576847,1,0
208,3,t203,0000,0000,0001,-4.2915285121125635e-06,-14.125003814697266,14.124999523168754,0.9999991109008628,1,0
208,4,t312,0000,0000,0001,-1.907331170514226e-05,-16.000019073486328,16.000000000174623,0.9999997005348973,1,0
208,5,s21,0000,0000,0100,-0.0028082041535526514,-5.877806663513184,5.874998459359631,0.9971989487423222,1,0
208,6,c20,0000,0000,1000,-3.576278118089249e-07,-16.875001907348633,16.87500154972082,0.999999926285377,1,0
208,7,x2,0010,0010,0000,-8.892639743862674e-05,-15.750198364257812,15.750109437860374,0.9999998078482847,1,0
208,8,s30,0010,0010,1010,-9.858149860519916e-05,-10.006024360656738,10.005925779158133,0.9999516791171023,1,0
209,1,c20,1111,1111,0111,-0.006103418301790953,-5.130929470062256,5.124826051760465,0.993915235708902,1,0
209,2,s01,1111,1111,1011,-0.0036683576181530952,-5.628668308258057,5.6249999506399035,0.996378670315506,1,0
209,3,s20,1111,1111,0111,-0.0010342031018808484,-6.876032829284668,6.874998626182787,0.9989663645984854,1,0
209,4,x1,1011,1011,0011,-2.598729042802006e-05,-14.500268936157227,14.500242948866799,0.9999994111224025,1,0
209,5,c10,1011,1011,1111,-6.675709300907329e-06,-12.62501049041748,12.62500381470818,0.9999954958135222,1,0
209,6,c10,1011,1011,1111,-1.44242567330366e-05,-11.375019073486328,11.375004649229595,0.9999876881697193,1,0
209,7,t310,1011,1011,1111,-6.0557329561561346e-05,-10.7500638961792,10.750003338849638,0.9999682703168761,1,0
209,8,s12,1101,1101,1011,-0.00014173213276080787,-9.023184776306152,9.023043044173392,0.9998720137992968,1,0
210,1,t230,1011,1011,0011,-0.3133498430252075,-1.3132743835449219,0.9999245405197144,0.7310029148815236,1,0
210,2,s30,1011,1011,1110,-0.0009031530935317278,-7.1259684562683105,7.125065303174779,0.999120163671453,1,0
210,3,t032,1001,1001,1011,-0.0001381558831781149,-9.1270751953125,9.126937039429322,0.9998749505314944,1,0
210,4,x3,1000,1000,1010,-5.5788470490369946e-05,-14.250068664550781,14.25001287608029,0.999998601079859,1,0
210,5,s20,0010,0010,0100,-0.002596369944512844,-6.503110408782959,6.500514038838446,0.9978986687472646,1,0
210,6,t230,0010,0010,1010,-7.152556236178498e-07,-15.750210762023926,15.750210046768302,0.9999998020321038,1,0
210,7,s01,0010,0010,0000,-0.00020002158998977393,-8.876704216003418,8.876504194413428,0.9998521905172512,1,0
210,8,s03,0010,0010,1010,-0.01217913068830967,-5.149555206298828,5.1373760756105185,0.9880566285152391,1,0
211,1,s02,1011,1011,1101,-0.006449460983276367,-5.6110944747924805,5.604645013809204,0.9935719856444083,1,0
211,2,t021,1111,1111,1101,-0.0001935871405294165,-9.000195503234863,9.000001916094334,0.9998382761410178,1,0
211,3,s30,1111,1111,1110,-0.00048461082042194903,-7.750484466552734,7.749999855732312,0.9995561183788196,1,0
211,4,t321,1011,1011,1111,-1.966938543773722e-05,-13.398147583007812,13.398127913622375,0.9999973603569858,1,0
211,5,t023,1010,1010,1011,-0.014557558111846447,-4.264557361602783,4.249999803490937,0.9859063569233452,1,0
211,6,c21,1110,1110,1100,-4.780243034474552e-05,-10.50006103515625,10.500013232725905,0.9999671592635001,1,0
211,7,x3,1111,1111,1101,-7.772297249175608e-05,-12.089016914367676,12.088939191395184,0.9999894150415408,1,0
211,8,t310,0111,0111,0110,-1.5497195136049413e-06,-17.250001907348633,17.25000035762912,0.9999999343210996,1,0
212,1,t031,0111,0111,1011,-5.2093833801336586e-05,-10.56206226348877,10.562010169654968,0.9999487078924268,1,0
212,2,t310,1111,1111,1110,-4.601397449732758e-05,-10.125045776367188,10.12499976239269,0.9999541348585346,1,0
212,3,t130,0111,0111,1111,-0.000927495420910418,-7.001020908355713,7.0000934129348025,0.9990888076339447,1,0
212,4,c01,0111,0111,0011,-2.8610215849766973e-06,-13.625001907348633,13.624999046327048,0.9999983956195994,1,0
212,5,s20,1101,1101,0111,-0.0007945033139549196,-7.875389575958252,7.874595072644297,0.9992351044370545,1,0
212,6,t312,1111,1111,1110,-6.04384476901032e-05,-10.500060081481934,10.499999643034243,0.9999554929050697,1,0
212,7,x2,1101,1101,1001,-2.4318491341546178e-05,-13.000102043151855,13.000077724660514,0.9999970610086072,1,0
212,8,t023,1101,1101,1100,-0.07168886810541153,-2.6966888904571533,2.625000022351742,0.93179081899479,1,0
213,1,t301,0001,0001,0101,-7.867794010962825e-06,-13.250007629394531,13.24999976160052,0.9999977416341833,1,0
213,2,t103,0001,0001,1001,-1.3470610610966105e-05,-14.6255521774292,14.625538706818588,0.999998851279976,1,0
213,3,c13,0001,0001,0011,-5.006785613659304e-06,-14.12520694732666,14.125201940541046,0.9999989999869249,1,0
213,4,x3,0000,0000,0001,-1.5497147614951245e-05,-12.625015258789062,12.624999761641448,0.9999965866364915,1,0
213,5,x1,0100,0100,0000,-7.760225707897916e-05,-16.250078201293945,16.250000599036866,0.9999997800253517,1,0
213,6,x0,1100,1100,1000,-1.788137979019666e-06,-14.125001907348633,14.125000119210654,0.9999990810845572,1,0
213,7,t120,1100,1100,1000,-0.00022873863053973764,-9.12523078918457,9.12500205055403,0.9998888569615508,1,0
213,8,t231,1100,1100,1000,-9.047743515111506e-05,-11.250099182128906,11.250008704693755,0.9999840215469317,1,0
214,1,t320,0110,0110,1110,-0.0019335011020302773,-6.252596855163574,6.250663354061544,0.9980689246539187,1,0
214,2,c31,0110,0110,0010,-0.00043728615855798125,-7.750574588775635,7.750137302617077,0.9995678198203882,1,0
214,3,x0,1110,1110,1100,-2.0265570128685795e-06,-13.625001907348633,13.62499988079162,0.9999981052409518,1,0
214,4,s02,1110,1110,0111,-0.004099145065993071,-5.504374980926514,5.500275835860521,0.9959100002287811,1,0
214,5,t031,1110,1110,1010,-8.403972606174648e-05,-9.500138282775879,9.500054243049817,0.9999228718498037,1,0
214,6,c10,0110,0110,0111,-3.004035352205392e-05,-13.125029563903809,13.124999523550287,0.9999979447275054,1,0
214,7,c21,0010,0010,0110,-0.00018643002840690315,-11.125251770019531,11.125065339991124,0.9999832298615899,1,0
214,8,c20,1010,1010,1000,-9.536738616588991e-07,-14.000007629394531,14.00000667572067,0.9999990855932835,1,0
215,1,t021,0011,0011,0111,-4.649158654501662e-06,-13.625051498413086,13.625046849254431,0.999997621534774,1,0
215,2,s03,1010,1010,1011,-0.00014375864702742547,-9.000144004821777,9.00000024617475,0.9998567659926421,1,0
215,3,c12,1010,1010,1110,-0.0026064205449074507,-6.002720832824707,6.0001144122798,0.9975166233617437,1,0
215,4,c10,1010,1010,1110,-9.775126272870693e-06,-14.12501049041748,14.125000715291208,0.999998501752214,1,0
215,5,t123,1010,1010,1011,-0.005982761271297932,-5.130982875823975,5.125000114552677,0.9940867851748706,1,0
215,6,t213,1010,1010,1110,-8.320642518810928e-05,-11.000112533569336,11.000029327144148,0.999971508734977,1,0
215,7,x0,0010,0010,0011,-9.536739753457368e-07,-14.000000953674316,14.000000000000341,0.9999990986554392,1,0
215,8,t032,0010,0010,0011,-1.0251955245621502e-05,-14.00001049041748,14.000000238462235,0.9999988398494625,1,0
216,1,s10,1010,1010,0110,-0.004257334396243095,-5.753185272216797,5.748927937820554,0.9957525100255766,1,0
216,2,s30,0011,0011,1010,-0.002363841515034437,-6.751501560211182,6.749137718696147,0.9976615071101248,1,0
216,3,t320,1011,1011,1010,-0.01967180147767067,-4.51967191696167,4.500000115483999,0.980520446161145,1,0
216,4,s12,1101,1101,1110,-4.3987423850921914e-05,-10.250049591064453,10.250005603640602,0.9999612029796254,1,0
216,5,x1,1001,1001,1011,-2.717953611863777e-05,-12.875029563903809,12.87500238436769,0.9999958017411019,1,0
216,6,t123,1001,1001,1011,-0.0004067039117217064,-9.005117416381836,9.004710712470114,0.9997667505159726,1,0
216,7,c13,1001,1001,1011,-3.8623522414127365e-05,-10.759794235229492,10.759755611707078,0.9999697742962133,1,0
216,8,t023,1001,1001,1011,-0.011270842514932156,-4.516463756561279,4.505192914046347,0.9889984114506857,1,0
217,1,s10,1101,1101,0111,-0.005304559599608183,-5.568699359893799,5.563394800294191,0.9947100255436632,1,0
217,2,c32,1111,1111,1110,-7.724657916696742e-05,-10.500077247619629,10.500000001040462,0.9999552719609952,1,0
217,3,t320,0111,0111,1011,-4.768370445162873e-07,-16.15393829345703,16.153937816619987,0.9999998519319123,1,0
217,4,x1,0011,0011,0111,-8.463837730232626e-06,-13.000031471252441,13.000023007414711,0.9999976503780015,1,0
217,5,c21,0111,0111,0011,-1.4066639778320678e-05,-11.500011444091797,11.499997377452019,0.9999886462675187,1,0
217,6,s20,1101,1101,1110,-0.00038655713433399796,-8.598832130432129,8.598445573297795,0.9996532432941344,1,0
217,7,x1,1001,1001,1101,-2.0861420125584118e-05,-14.88245677947998,14.882435918059855,0.9999994053841227,1,0
217,8,x0,0001,0001,0101,-1.192092668134137e-06,-15.500000953674316,15.499999761581648,0.9999996285790952,1,0
218,1,s03,1010,1010,1001,-0.0005404179682955146,-8.000337600708008,7.999797182739712,0.9994597933064697,1,0
218,2,x0,0010,0010,0011,-3.576278402306343e-07,-15.625,15.62499964237216,0.9999996370098226,1,0
218,3,t123,0010,0010,0011,-0.00864684209227562,-4.7586469650268555,4.75000012293458,0.9914220836019149,1,0
218,4,c01,0010,0010,0110,-2.2649744551017648e-06,-16.50001335144043,16.500011086465975,0.9999998492386145,1,0
218,5,s02,1000,1000,0010,-0.0036820662207901478,-5.628808498382568,5.625126432161778,0.9963302171722573,1,0
218,6,s01,0100,0100,1000,-0.05576437711715698,-2.9300544261932373,2.8742900490760803,0.94592487091986,1,0
218,7,s20,0100,0100,1100,-0.0013746739132329822,-6.63495397567749,6.633579301764257,0.9986286999925661,1,0
218,8,c31,0100,0100,0000,-7.283467130037025e-05,-9.625082969665527,9.625010134994227,0.9999336175688036,1,0
219,1,t310,0010,0010,1010,-6.914117420819821e-06,-12.000008583068848,12.000001668951427,0.9999935737942148,1,0
219,2,x2,0000,0000,0011,-0.00014912249753251672,-12.127076148986816,12.126927026489284,0.9999920645545902,1,0
219,3,x1,0100,0100,0000,-7.510161594836973e-06,-14.125007629394531,14.125000119232936,0.9999992096523713,1,0
219,4,s32,0100,0100,0110,-0.00011538968101376668,-9.375112533569336,9.374997143888322,0.9999076275888472,1,0
219,5,c23,0100,0100,0101,-0.0004990097950212657,-7.6254987716674805,7.624999761872459,0.9995116552965089,1,0
219,6,x2,0110,0110,0010,-6.472870154539123e-05,-13.750109672546387,13.750044943844841,0.9999987244877251,1,0
219,7,c30,0110,0110,1110,-9.536715879221447e-06,-13.625025749206543,13.625016212490664,0.999998280125817,1,0
219,8,s21,0110,0110,0011,-2.479534305166453e-05,-10.875030517578125,10.875005722235073,0.9999776620086053,1,0
220,1,s30,1100,1100,0101,-0.0007417557644657791,-7.3832926750183105,7.382550919253845,0.9992601131762832,1,0
220,2,x1,1000,1000,1110,-7.867613021517172e-05,-13.762588500976562,13.762509824846347,0.9999983032763314,1,0
220,3,x1,1100,1100,0100,-5.125991265231278e-06,-13.75091552734375,13.750910401352485,0.9999978396796644,1,0
220,4,x2,1110,1110,1010,-1.2755343050230294e-05,-13.375012397766113,13.374999642423063,0.999997652330751,1,0
220,5,c02,1100,1100,1101,-2.264958129671868e-05,-10.875021934509277,10.87499928492798,0.9999789221856125,1,0
220,6,x2,1110,1110,1010,-2.3007254640106112e-05,-14.000019073486328,13.999996066231688,0.9999988383877707,1,0
220,7,c30,1110,1110,1100,-6.198869414220098e-06,-13.875007629394531,13.875001430525117,0.99999846477541,1,0
220,8,t301,1110,1110,1010,-0.005249965004622936,-5.255248069763184,5.249998104758561,0.9947743708263965,1,0
221,1,c21,0111,0111,0011,-0.00013350995141081512,-9.375086784362793,9.374953274411382,0.9998677221955601,1,0
221,2,s02,1101,1101,1110,-0.00047973290202207863,-7.905238151550293,7.904758418648271,0.9995485360868259,1,0
221,3,c32,1111,1111,1110,-0.0002051459305221215,-8.750205993652344,8.750000847721822,0.999827483177472,1,0
221,4,c02,1101,1101,1100,-1.7285283320234157e-05,-12.500017166137695,12.499999880854375,0.9999922372321496,1,0
221,5,t130,0101,0101,1101,-0.0005673945415765047,-7.500570774078369,7.500003379536793,0.9994470294652217,1,0
221,6,x3,0100,0100,0101,-4.613316559698433e-05,-12.625046730041504,12.625000596875907,0.9999958729457912,1,0
221,7,c31,0100,0100,0000,-0.0022017897572368383,-6.127213478088379,6.125011688331142,0.9978155851253497,1,0
221,8,x2,0110,0110,0010,-5.483553832164034e-05,-14.33885669708252,14.338801861544198,0.999998374189824,1,0
222,1,x0,0100,0100,1100,-0.0005556007381528616,-7.500555515289307,7.499999914551154,0.9994449296969196,1,0
222,2,x0,1100,1100,1000,-5.960462772236497e-07,-15.000000953674316,15.00000035762804,0.9999996369285015,1,0
222,3,t302,1100,1100,1110,-0.03812376409769058,-3.2881016731262207,3.24997790902853,0.9626298548405174,1,0
222,4,t130,1100,1100,0100,-7.211905904114246e-05,-9.750072479248047,9.750000360189006,0.9999412724065768,1,0
222,5,s23,1100,1100,1110,-0.03880082070827484,-3.2881741523742676,3.2493733316659927,0.9620478795452122,1,0
222,6,x3,1101,1101,1100,-2.0503901396295987e-05,-12.250020027160645,12.249999523259248,0.9999933169911319,1,0
222,7,x2,1111,1111,1110,-3.457029743003659e-05,-10.50003433227539,10.49999976197796,0.9999700456677107,1,0
222,8,c23,1110,1110,1111,-6.365690933307633e-05,-10.500062942504883,10.49999928559555,0.9999697437680497,1,0
223,1,c32,1101,1101,1110,-0.0016266696620732546,-7.194733142852783,7.19310647319071,0.9983793048086302,1,0
223,2,t130,0101,0101,1101,-0.0019345685141161084,-6.251935958862305,6.250001390348189,0.9980706306793029,1,0
223,3,s31,0101,0101,0011,-8.892819460015744e-05,-9.750073432922363,9.749984504727763,0.9999153185300975,1,0
223,4,x2,0111,0111,0110,-0.0004767283098772168,-11.937975883483887,11.93749915517401,0.9999889227044341,1,0
223,5,x0,1111,1111,0111,-4.7683060984127223e-05,-10.250035285949707,10.249987602888723,0.9999548098444412,1,0
223,6,s03,1111,1111,1110,-0.00014292687410488725,-9.500142097473145,9.49999917059904,0.9998581947020359,1,0
223,7,t312,1101,1101,1110,-1.2397744285408407e-05,-13.443194389343262,13.443181991598976,0.9999950409797859,1,0
223,8,c23,1101,1101,1100,-0.004748511593788862,-5.379748821258545,5.375000309664756,0.9953753790738349,1,0
224,1,t230,1011,1011,0011,-0.12699945271015167,-2.1269354820251465,1.9999360293149948,0.8807404378049287,1,0
224,2,t123,1011,1011,1010,-0.0195756908506155,-4.019575595855713,3.9999999050050974,0.9819818244650813,1,0
224,3,x0,0011,0011,1011,-8.344646857949556e-07,-14.90870475769043,14.908703923225744,0.9999996075632086,1,0
224,4,t123,0011,0011,0010,-0.003872946370393038,-5.628872871398926,5.624999925028533,0.9964045013629762,1,0
224,5,x3,0010,0010,0011,-1.4424274013435934e-05,-11.750014305114746,11.749999880840733,0.9999918943936615,1,0
224,6,t230,0010,0010,0011,-1.4305107924883487e-06,-15.062500953674316,15.062499523163524,0.9999995898969275,1,0
224,7,t301,0010,0010,0011,-5.722031346522272e-06,-15.312505722045898,15.312500000014552,0.9999995726218437,1,0
224,8,t012,0010,0010,0011,-5.6028293329291046e-06,-13.250005722045898,13.250000119216566,0.9999979045896255,1,0
225,1,c03,1010,1010,1011,-0.0007685066666454077,-7.625768184661865,7.62499967799522,0.9992373486937898,1,0
225,2,t230,1010,1010,0010,-2.8610206754819956e-06,-13.625007629394531,13.625004768373856,0.9999980762163313,1,0
225,3,s10,0110,0110,1010,-0.00220128009095788,-6.138250350952148,6.136049070861191,0.9978165567908222,1,0
225,4,s32,0101,0101,0110,-0.01818806678056717,-4.019676208496094,4.001488141715527,0.9819798164563757,1,0
225,5,c23,0101,0101,0100,-0.00013541663065552711,-9.37513542175293,9.375000005122274,0.9998907166874753,1,0
225,6,x0,1101,1101,0101,-5.483620952873025e-06,-12.87500286102295,12.874997377401996,0.9999945956254509,1,0
225,7,s10,1101,1101,1011,-0.004190206993371248,-5.512821197509766,5.508630990516394,0.9958844452317077,1,0
225,8,s10,1101,1101,0101,-0.35055914521217346,-1.9172040224075317,1.5666448771953583,0.704725423370969,1,0
226,1,c32,1100,1100,1110,-0.20336417853832245,-1.7015451192855835,1.498180940747261,0.8159885807398756,1,0
226,2,t201,1100,1100,1000,-8.141888247337192e-05,-10.501385688781738,10.501304269899265,0.9999463680368784,1,0
226,3,s02,0110,0110,1100,-0.020588194951415062,-3.897135019302368,3.876546824350953,0.9796596310604931,1,0
226,4,x1,0010,0010,0110,-0.00010656742961145937,-16.534534454345703,16.53442788691609,0.9999998162055297,1,0
226,5,c32,0010,0010,0011,-1.1920899851247668e-05,-14.625012397766113,14.625000476866262,0.9999992557375484,1,0
226,6,s12,0100,0100,0010,-0.0004145349084865302,-7.9090423583984375,7.908627823489951,0.9996196799179069,1,0
226,7,s23,0100,0100,0110,-0.0019943243823945522,-6.251979351043701,6.249985026661307,0.9980572192105832,1,0
226,8,s30,0100,0100,1100,-0.0022770557552576065,-6.377383232116699,6.375106176361442,0.9982958974975304,1,0
227,1,x0,0010,0010,1010,-1.621237061044667e-05,-11.375018119812012,11.375001907441401,0.999985774476391,1,0
227,2,s20,1000,1000,0010,-0.0032056965865194798,-5.753742694854736,5.750536998268217,0.9968097257482718,1,0
227,3,c10,1000,1000,1100,-0.00020764171495102346,-12.750207901000977,12.750000259286026,0.999996552957307,1,0
227,4,c10,1000,1000,1100,-2.0265453713363968e-05,-12.250020980834961,12.250000715381248,0.9999949526253344,1,0
227,5,s30,0001,0001,1000,-0.0038082869723439217,-5.753422737121582,5.749614450149238,0.996446427276473,1,0
227,6,c21,0001,0001,0101,-6.437129923142493e-05,-9.750083923339844,9.750019552040612,0.999941532780237,1,0
227,7,x0,1001,1001,1000,-5.888768282602541e-05,-9.7500581741333,9.749999286450475,0.9999412861305768,1,0
227,8,t210,1001,1001,1101,-2.7298772693029605e-05,-11.250041961669922,11.250014662897229,0.9999862936085833,1,0
228,1,x1,1110,1110,1100,-4.744485704577528e-05,-10.750048637390137,10.750001192533091,0.999955317278221,1,0
228,2,c10,0110,0110,0111,-2.038466845988296e-05,-11.125020027160645,11.124999642492185,0.9999852103822525,1,0
228,3,c02,0110,0110,1100,-0.00010299298446625471,-10.500112533569336,10.50000954058487,0.9999561605178019,1,0
228,4,t302,0110,0110,0111,-1.0251971616526134e-05,-14.000009536743164,13.999999284771548,0.9999985629323395,1,0
228,5,s20,1100,1100,1110,-0.0002759523631539196,-8.750251770019531,8.749975817656377,0.9997291977428978,1,0
228,6,s13,1001,1001,1100,-0.004794859793037176,-5.379699230194092,5.374904370401055,0.9952345135348806,1,0
228,7,c10,1001,1001,1101,-9.202562796417624e-05,-9.375096321105957,9.375004295477993,0.9999149409320558,1,0
228,8,t321,1001,1001,1101,-0.018167119473218918,-4.018214225769043,4.000047106295824,0.9820109517422233,1,0
229,1,c32,1110,1110,1100,-0.20363591611385345,-1.7016842365264893,1.4980483204126358,0.8157681812338397,1,0
229,2,t201,1010,1010,1110,-0.004182347096502781,-5.510025978088379,5.505843630991876,0.9958435145441936,1,0
229,3,x0,0010,0010,0011,-4.7683712978141557e-07,-15.875,15.87499952316287,0.9999996967991209,1,0
229,4,t203,0010,0010,0011,-5.8530946262180805e-05,-10.3750581741333,10.374999643187039,0.9999683535078565,1,0
229,5,s02,1000,1000,0010,-0.023340318351984024,-3.7733070850372314,3.7499667666852474,0.9769819980466558,1,0
229,6,t210,1000,1000,1100,-0.00012528503430075943,-9.625126838684082,9.625001553649781,0.9999336724584064,1,0
229,7,c03,1001,1001,1000,-0.00013696377573069185,-9.000136375427246,8.999999411651515,0.9998757257243418,1,0
229,8,c10,1001,1001,1101,-1.3709029190067668e-05,-13.125020027160645,13.125006318131454,0.9999973038932631,1,0
230,1,c02,1001,1001,0011,-0.0007973718456923962,-7.250720024108887,7.249922652263194,0.9992097775586507,1,0
230,2,s12,1001,1001,1100,-0.0048983111046254635,-5.379641532897949,5.374743221793324,0.9951250372591303,1,0
230,3,s21,1001,1001,1100,-0.00022361577430274338,-8.500223159790039,8.499999544015736,0.999792723605784,1,0
230,4,t032,1011,1011,1001,-0.0002477042726241052,-9.000153541564941,8.999905837292317,0.9997802999878576,1,0
230,5,t012,1011,1011,1001,-0.0047851321287453175,-5.754770278930664,5.749985146801919,0.9967417223178021,1,0
230,6,t302,1001,1001,1011,-0.0005662103067152202,-7.543569087982178,7.5430028776754625,0.9994465779546672,1,0
230,7,x0,0001,0001,1001,-2.0265558760002023e-06,-13.250077247619629,13.250075221063753,0.9999981396864956,1,0
230,8,c12,0001,0001,0011,-3.194770761183463e-05,-10.50016975402832,10.500137806320708,0.9999718250708101,1,0
231,1,x0,1011,1011,0011,-3.612006548792124e-05,-10.62502384185791,10.624987721792422,0.9999652604190814,1,0
231,2,c31,1111,1111,1011,-5.447804505820386e-05,-10.501246452331543,10.501191974286485,0.999966553972938,1,0
231,3,s02,1111,1111,0111,-0.0017932421760633588,-6.376702308654785,6.374909066478722,0.9982124557436144,1,0
231,4,c23,1110,1110,1111,-6.341858534142375e-05,-10.375062942504883,10.374999523919541,0.9999654273130753,1,0
231,5,s01,1110,1110,0111,-2.4318504074472003e-05,-11.751051902770996,11.751027584266922,0.9999866415637767,1,0
231,6,c03,1111,1111,1110,-0.00018714828183874488,-8.875187873840332,8.875000725558493,0.9998380975866907,1,0
231,7,x0,0111,0111,0011,-1.0728833785833558e-06,-15.812500953674316,15.812499880790938,0.9999997528566378,1,0
231,8,s03,1110,1110,1101,-0.001393740763887763,-6.626392364501953,6.624998623738065,0.9986132472886015,1,0
232,1,s31,1101,1101,1001,-0.0055357408709824085,-5.831724166870117,5.826188425999135,0.9944881025973411,1,0
232,2,c32,1111,1111,1110,-7.212042692117393e-05,-10.00007152557373,9.99999940514681,0.9999415674508106,1,0
232,3,x3,1110,1110,1101,-6.63985701976344e-05,-11.487887382507324,11.487820983937127,0.9999826426064569,1,0
232,4,c13,1111,1111,1110,-5.185550980968401e-05,-10.500051498413086,10.499999642903276,0.9999598333956432,1,0
232,5,c12,1101,1101,1100,-3.13518030452542e-05,-12.250031471252441,12.250000119449396,0.9999916752536152,1,0
232,6,x3,1100,1100,1001,-6.46098269498907e-05,-12.563324928283691,12.563260318456742,0.9999906677092677,1,0
232,7,s10,1100,1100,0110,-1.7523623682791367e-05,-11.876519203186035,11.876501679562352,0.9999925528761062,1,0
232,8,c02,1110,1110,1010,-7.510173873015447e-06,-13.418006896972656,13.417999386798783,0.9999970880261759,1,0
233,1,c23,1100,1100,1101,-0.16027919948101044,-1.9102791547775269,1.7499999552965164,0.8519429439580678,1,0
233,2,t301,1100,1100,1000,-3.564307917258702e-05,-10.375144004821777,10.375108361742605,0.9999682093014413,1,0
233,3,t130,1100,1100,0100,-7.033327165117953e-06,-12.500011444091797,12.500004410764632,0.999995928564034,1,0
233,4,c13,1101,1101,1100,-0.0006506314966827631,-7.625650405883789,7.624999774387106,0.999511158104638,1,0
233,5,c02,1111,1111,1110,-0.0028288315515965223,-5.877828598022461,5.874999766470864,0.9971882721424947,1,0
233,6,s20,1111,1111,0111,-0.0017041967948898673,-6.376702308654785,6.374998111859895,0.9982974591749225,1,0
233,7,t012,1101,1101,1100,-3.981528789154254e-05,-10.875040054321289,10.875000239033398,0.9999797569734896,1,0
233,8,c32,1111,1111,1101,-0.00026426432305015624,-8.500272750854492,8.500008486531442,0.9997859964287772,1,0
234,1,c20,1011,1011,0011,-0.0007425405783578753,-7.250710487365723,7.249967946787365,0.9992580297410959,1,0
234,2,s20,1011,1011,0011,-0.0008126837201416492,-7.351226329803467,7.350413646083325,0.9991880923251434,1,0
234,3,t021,1111,1111,1101,-0.0001302931341342628,-9.87512493133545,9.874994638201315,0.9999119230623743,1,0
234,4,c32,1101,1101,1001,-1.537793650641106e-05,-12.875053405761719,12.875038027825212,0.9999961963939129,1,0
234,5,t201,1101,1101,1001,-0.0012217983603477478,-6.751227855682373,6.750006057322025,0.9988088698383726,1,0
234,6,t203,1101,1101,1100,-0.16097913682460785,-1.910979151725769,1.7500000149011612,0.8519288122273038,1,0
234,7,x2,1111,1111,1011,-1.5735553461126983e-05,-13.41801643371582,13.41800069816236,0.9999972759251671,1,0
234,8,c12,1101,1101,1100,-3.6716061003971845e-05,-12.125036239624023,12.12499952356302,0.9999934967692631,1,0
235,1,c23,1100,1100,1101,-0.2254723459482193,-1.600472331047058,1.3749999850988388,0.7981775061214288,1,0
235,2,t012,1110,1110,1100,-0.033660996705293655,-3.40903377532959,3.375372778624296,0.9669070698923387,1,0
235,3,t123,1111,1111,1110,-0.0010039187036454678,-7.001003742218018,6.999999823514372,0.9990719879211515,1,0
235,4,c32,1101,1101,1001,-3.2663156162016094e-05,-11.38753604888916,11.387503385732998,0.9999823239699085,1,0
235,5,x3,1100,1100,1000,-7.378821464953944e-05,-12.75678825378418,12.75671446556953,0.9999949819648714,1,0
235,6,t301,1100,1100,1000,-6.604020745726302e-05,-9.750079154968262,9.750013114760804,0.9999408178662849,1,0
235,7,c23,1100,1100,1101,-0.05496952310204506,-2.929969549179077,2.875000026077032,0.9465857688072274,1,0
235,8,c03,1101,1101,1100,-4.923275992041454e-05,-10.250049591064453,10.250000358304533,0.9999565536016914,1,0
236,1,c31,0110,0010,0010,-0.8268900513648987,-0.5760380029678345,-0.2508520483970642,0.43740853907040345,0,0
236,2,x2,0100,0100,1100,-0.00021336304780561477,-12.000212669372559,11.999999306324753,0.9999903195266121,1,0
236,3,s03,0100,0100,1100,-2.634498378029093e-05,-10.87523078918457,10.87520444420079,0.999977827860489,1,0
236,4,x1,0000,0000,0100,-0.00034588814014568925,-14.625346183776855,14.62500029563671,0.999999370282864,1,0
236,5,s01,0000,0000,1000,-1.7881383200801793e-06,-14.125001907348633,14.125000119210313,0.9999989457759498,1,0
236,6,c21,0000,0000,0100,-1.3232182027422823e-05,-11.62502384185791,11.625010609675883,0.9999909270942635,1,0
236,7,c01,0000,0000,0100,-4.7683710135970614e-07,-14.875000953674316,14.875000476837215,0.9999996085300753,1,0
236,8,t203,0000,0000,0001,-5.841243364557158e-06,-14.750004768371582,14.749998927128217,0.999999170042128,1,0
237,1,c21,0001,0001,0101,-0.011080523021519184,-4.511079788208008,4.499999265186489,0.9890114014808544,1,0
237,2,t132,0001,0001,0011,-6.163007492432371e-05,-10.000103950500488,10.000042320425564,0.9999540725841396,1,0
237,3,c23,0001,0001,0011,-0.00011681936302920803,-12.376215934753418,12.376099115390389,0.9999936412109934,1,0
237,4,c20,0001,0001,0101,-2.145765392924659e-06,-17.000001907348633,16.99999976158324,0.9999998922210723,1,0
237,5,x2,0011,0011,0010,-8.403961692238227e-05,-12.125083923339844,12.124999883722921,0.9999925487147452,1,0
237,6,x0,1011,1011,1010,-0.00012552393309306353,-10.000125885009766,10.000000361076673,0.9999428170688782,1,0
237,7,x2,1001,1001,1010,-4.1007340769283473e-05,-13.825048446655273,13.825007439314504,0.9999984224109651,1,0
237,8,t301,1101,1101,1001,-0.018184250220656395,-4.018183708190918,3.9999994579702616,0.9820098392221043,1,0
238,1,x2,0000,0000,0010,-0.00011276643635937944,-9.2501220703125,9.25000930387614,0.9998999382072034,1,0
238,2,t203,0000,0000,0001,-6.079494778532535e-05,-14.750060081481934,14.749999286534148,0.9999991800757922,1,0
238,3,c13,0000,0000,0001,-1.0490364729776047e-05,-15.87501049041748,15.87500000005275,0.9999996880678856,1,0
238,4,c21,0000,0000,0100,-1.2278506801521871e-05,-12.875015258789062,12.875002980282261,0.9999973515424614,1,0
238,5,x0,1000,1000,1100,0.0,-18.75,18.75,0.9999999886678373,1,0
238,6,x1,1100,1100,1010,-4.839812027057633e-05,-11.762557983398438,11.762509585278167,0.9999920598848601,1,0
238,7,c03,1101,1101,1100,-7.879511395003647e-05,-9.625079154968262,9.625000359854312,0.9999323158626312,1,0
238,8,x1,1001,1001,1111,-2.0742310880450532e-05,-13.00029468536377,13.000273943052889,0.9999972508663755,1,0
239,1,x1,0011,0011,1011,-0.00026735197752714157,-8.251777648925781,8.251510296948254,0.9997348408994227,1,0
239,2,s31,0110,0110,0101,-0.008625607937574387,-4.76180362701416,4.753178019076586,0.9914115041025187,1,0
239,3,c32,0110,0110,0111,-0.00038154926733113825,-8.250381469726562,8.249999920459231,0.99972227995868,1,0
239,4,c01,0110,0110,0010,-4.529948455456179e-06,-13.250008583068848,13.250004053120392,0.9999977694280792,1,0
239,5,x3,0111,0111,0110,-6.842528819106519e-05,-10.250068664550781,10.25000023926259,0.9999627543437625,1,0
239,6,x0,1111,1111,1110,-0.0001299305004067719,-9.000128746032715,8.999998815532308,0.9998746220901731,1,0
239,7,x1,1011,1011,1101,-7.2717539296718314e-06,-12.439481735229492,12.439474463475563,0.9999951924105714,1,0
239,8,c31,1111,1111,1011,-6.914022378623486e-05,-10.250067710876465,10.249998570652679,0.9999629879566582,1,0
240,1,s23,0001,0001,0010,-0.07889341562986374,-2.739116907119751,2.6602234914898872,0.9241398035185774,1,0
240,2,x0,1001,1001,0001,-3.3378573789377697e-06,-13.000001907348633,12.999998569491254,0.9999968946819343,1,0
240,3,c03,1000,1000,1001,-0.00029548301245085895,-8.250295639038086,8.250000156025635,0.9997381600328789,1,0
240,4,x0,0000,0000,0001,-9.536740890325746e-07,-14.625,14.624999046325911,0.9999992938170288,1,0
240,5,s01,0000,0000,1000,-1.430506381439045e-05,-13.125007629394531,13.124993324330717,0.9999977704096785,1,0
240,6,t012,0000,0000,0001,-2.6821739083970897e-05,-15.75002670288086,15.749999881141775,0.999999542794516,1,0
240,7,c03,0000,0000,0001,-5.006779701943742e-06,-14.625004768371582,14.62499976159188,0.9999992805021171,1,0
240,8,t132,0000,0000,0010,-1.7762040442903526e-05,-14.750020980834961,14.750003218794518,0.999999016467168,1,0
241,1,s32,1001,1001,1010,-0.0495557077229023,-3.1764795780181885,3.126923870295286,0.9516542348412312,1,0
241,2,c20,1001,1001,1101,-5.686175427399576e-05,-10.00006103515625,10.000004173401976,0.9999494577000059,1,0
241,3,t203,1001,1001,1000,-0.00024292711168527603,-12.000242233276367,11.999999306164682,0.9999874223110422,1,0
241,4,x2,1011,1011,1010,-9.572124690748751e-05,-11.750096321105957,11.75000059985905,0.999991856428593,1,0
241,5,t103,1011,1011,1010,-0.004139643628150225,-5.504139423370361,5.499999779742211,0.9959079860053299,1,0
241,6,t132,1011,1011,1001,-0.004710306413471699,-5.504703521728516,5.499993215315044,0.9957143053401687,1,0
241,7,t321,1111,1111,1011,-0.00040419099968858063,-8.125310897827148,8.12490670682746,0.9996044781748469,1,0
241,8,t302,1101,1101,1001,-1.4781924619455822e-05,-12.398252487182617,12.398237705257998,0.999990073835097,1,0
242,1,x2,1101,1101,1100,-3.862355515593663e-05,-11.125039100646973,11.125000477091817,0.9999707682997697,1,0
242,2,s23,1110,1110,1101,-0.0008351776632480323,-7.437798976898193,7.436963799234945,0.9992729524514247,1,0
242,3,x1,1010,1010,1011,-9.059875992534216e-06,-14.000008583068848,13.999999523192855,0.9999985905578567,1,0
242,4,s01,0110,0110,1010,-0.0008454440976493061,-7.502573490142822,7.501728046045173,0.9991703394232841,1,0
242,5,c02,0110,0110,0100,-3.373597064637579e-05,-11.625068664550781,11.625034928580135,0.9999848389535586,1,0
242,6,t032,0110,0110,0111,-6.556503194588004e-06,-13.125005722045898,13.124999165542704,0.9999975714921853,1,0
242,7,t032,0110,0110,0111,-6.675711119896732e-06,-13.250006675720215,13.250000000009095,0.99999787292973,1,0
242,8,c23,0111,0111,0110,-0.00011038313823519275,-9.250110626220703,9.250000243082468,0.9999033347301532,1,0
243,1,s30,1101,1101,1100,-0.012659864500164986,-5.012660026550293,5.000000162050128,0.9874214779825167,1,0
243,2,s13,1101,1101,1110,-0.008808674290776253,-4.758818626403809,4.750009952113032,0.9912350394755516,1,0
243,3,x1,1001,1001,1111,-4.446456296136603e-05,-13.50008487701416,13.500040412451199,0.999998351499275,1,0
243,4,x1,1101,1101,1001,-5.4836191338836215e-06,-12.625006675720215,12.625001192101081,0.9999955421054013,1,0
243,5,s13,1101,1101,1011,-0.0029894900508224964,-6.002791404724121,5.999801914673299,0.9970347765004617,1,0
243,6,s02,0111,0111,1111,-0.018156489357352257,-4.021781921386719,4.0036254320293665,0.982008925452299,1,0
243,7,s10,1011,1011,1101,-0.07491683959960938,-2.8261892795562744,2.751272439956665,0.9397411686780696,1,0
243,8,x3,1010,1010,1001,-6.139189645182341e-05,-13.006293296813965,13.006231904917513,0.9999943903280586,1,0
244,1,t031,1100,1100,1000,-0.1291297823190689,-2.12703013420105,1.997900351881981,0.8788624852146502,1,0
244,2,t230,1100,1100,0100,-6.31807870377088e-06,-15.375014305114746,15.375007987036042,0.9999993337387671,1,0
244,3,t031,1100,1100,1000,-7.009325054241344e-05,-9.750273704528809,9.750203611278266,0.999940627715834,1,0
244,4,t201,1100,1100,1110,-0.0002631923998706043,-8.500264167785645,8.500000975385774,0.999774672385243,1,0
244,5,s21,1010,1010,1100,-0.004215251188725233,-5.504131317138672,5.499916065949947,0.9957986832296806,1,0
244,6,c32,1010,1010,1110,-5.817306009703316e-05,-13.125134468078613,13.125076295018516,0.9999947405114435,1,0
244,7,x0,0010,0010,0011,-1.1920928244535389e-07,-15.625,15.624999880790718,0.9999997318302241,1,0
244,8,t032,0010,0010,0011,-1.6689291442162357e-06,-14.750000953674316,14.749999284745172,0.9999994193442202,1,0
245,1,c31,1110,1010,1010,-1.8093911409378052,-0.17990106344223022,-1.629490077495575,0.16375504491261889,0,0
245,2,c31,1110,1110,1010,-2.7417961973696947e-05,-11.048608779907227,11.048581361945253,0.9999807911878,1,0
245,3,c32,1110,1110,1111,-0.0004667475004680455,-7.875466823577881,7.875000076077413,0.9995430598582293,1,0
245,4,s13,1011,1011,1110,-0.001857233582995832,-6.380428314208984,6.3785710806259885,0.9982218959888091,1,0
245,5,s13,1110,1110,1101,-0.0014772422146052122,-6.751482009887695,6.75000476767309,0.9985248645149959,1,0
245,6,c10,0110,0110,0111,-6.627818220295012e-05,-9.625065803527832,9.624999525345629,0.9999339275054027,1,0
245,7,t321,0110,0110,0010,-0.014177868142724037,-4.2643351554870605,4.2501572873443365,0.9859324362805483,1,0
245,8,c30,0110,0110,0111,-2.6226032332488103e-06,-13.625001907348633,13.6249992847454,0.9999981794726155,1,0
246,1,c23,0001,0001,0011,-0.0014076204970479012,-10.812381744384766,10.810974123887718,0.9999717733510745,1,0
246,2,s10,0001,0001,0000,-1.3113018439980806e-06,-14.000000953674316,13.999999642372472,0.9999989138676613,1,0
246,3,t310,0001,0001,0101,-1.5497203094128054e-06,-16.000003814697266,16.000002264976956,0.999999733740372,1,0
246,4,t021,0001,0001,0101,-4.410739620652748e-06,-13.625030517578125,13.625026106838504,0.9999985807004499,1,0
246,5,s13,0100,0100,0001,-3.8504273106809705e-05,-10.875628471374512,10.875589967101405,0.9999748657444205,1,0
246,6,t310,0100,0100,1100,-1.6450812836410478e-05,-11.500020980834961,11.500004530022125,0.9999854014592963,1,0
246,7,t301,0100,0100,0000,-2.7417836463428102e-05,-10.625031471252441,10.625004053415978,0.9999752832812288,1,0
246,8,x2,0110,0110,0010,-3.0755767511436716e-05,-14.750032424926758,14.750001669159246,0.9999993482253011,1,0
247,1,x2,1010,1010,1000,-0.0008021417888812721,-7.250799655914307,7.249997514125425,0.9992659345507428,1,0
247,2,t023,1011,1011,1010,-0.023419242352247238,-3.773419141769409,3.749999899417162,0.9770219013764444,1,0
247,3,t213,1011,1011,1010,-0.0004046804388053715,-8.625405311584473,8.625000631145667,0.9997048259787484,1,0
247,4,s10,0111,0111,1011,-0.005237435922026634,-5.415460586547852,5.410223150625825,0.9947786514659767,1,0
247,5,t320,1111,1111,1110,-0.00011658190487651154,-9.250116348266602,9.249999766361725,0.9998842240277727,1,0
247,6,c13,1110,1110,1111,-0.00010669018229236826,-9.875106811523438,9.875000121341145,0.9999333052042834,1,0
247,7,s02,1110,1110,0111,-0.0021923731546849012,-6.127185344696045,6.12499297154136,0.9978099924072853,1,0
247,8,x0,0110,0110,0111,-8.34464913168631e-07,-14.875,14.874999165535087,0.9999995831987479,1,0
248,1,x0,1000,1000,0000,-8.344619345734827e-06,-11.750007629394531,11.749999284775186,0.9999919547062935,1,0
248,2,x3,1001,1001,1000,-8.701905608177185e-05,-14.875085830688477,14.874998811632395,0.9999994028742658,1,0
248,3,x1,1101,1101,1111,-9.965595381800085e-05,-9.500683784484863,9.500584128531045,0.9999183947567609,1,0
248,4,x1,1001,1001,1111,-0.0001288571220356971,-9.001633644104004,9.001504786981968,0.9998760675834292,1,0
248,5,c12,1001,1001,1101,-0.002092416863888502,-6.502824306488037,6.500731889624149,0.9980114019749191,1,0
248,6,c31,1101,1101,1001,-4.3629941501421854e-05,-10.250043869018555,10.250000239077053,0.9999644408605293,1,0
248,7,x1,1001,1001,1101,-1.0132749594049528e-05,-11.793008804321289,11.792998671571695,0.9999920023803961,1,0
248,8,c23,1001,1001,1011,-0.0011328930268064141,-7.515235900878906,7.5141030078521,0.9994260241943349,1,0
249,1,s12,0000,0000,0100,-0.0036036449018865824,-5.628601551055908,5.624997906154022,0.9964032569882346,1,0
249,2,c31,0000,0000,0100,-5.602826604444999e-06,-13.625005722045898,13.625000119219294,0.9999986066078532,1,0
249,3,x3,0001,0001,1001,-2.3483997210860252e-05,-15.31257438659668,15.312550902599469,0.9999995710748467,1,0
249,4,c20,0001,0001,0011,-5.125988991494523e-06,-15.12501049041748,15.125005364428489,0.9999995010782743,1,0
249,5,x3,0000,0000,0001,-4.6490673412336037e-05,-12.250046730041504,12.250000239368092,0.9999951378757489,1,0
249,6,t021,0000,0000,0100,-1.10864348243922e-05,-12.250027656555176,12.250016570120351,0.9999947934595715,1,0
249,7,c03,0000,0000,0001,-6.7949167714687064e-06,-13.250006675720215,13.249999880803443,0.9999979057053636,1,0
249,8,x0,1000,1000,1100,0.0,-17.5,17.5,0.9999999586425231,1,0
250,1,x0,0100,0100,1100,-0.004082099534571171,-5.5040812492370605,5.499999149702489,0.9959265520810908,1,0
250,2,x1,0000,0000,1000,-0.000293693330604583,-10.625316619873047,10.625022926542442,0.9999597476825695,1,0
250,3,c10,0000,0000,1000,-8.546941535314545e-05,-14.875090599060059,14.875005129644705,0.9999995412576346,1,0
250,4,s03,0000,0000,1000,-0.0036795316264033318,-5.628679275512695,5.624999743886292,0.9964062460844472,1,0
250,5,x0,1000,1000,1100,-1.1920928244535389e-07,-15.875,15.874999880790718,0.999999860526455,1,0
250,6,s03,0001,0001,0000,-0.006197121925652027,-5.506196975708008,5.499999853782356,0.9938322935489736,1,0
250,7,t201,0001,0001,0101,-2.408011096122209e-05,-11.00002670288086,11.000002622769898,0.9999832277595613,1,0
250,8,t023,0001,0001,0011,-1.6331623555743136e-05,-14.625079154968262,14.625062823344706,0.9999987502124897,1,0
251,1,x3,0110,0110,1110,-7.116689084796235e-05,-10.375495910644531,10.375424743753683,0.9999420528790355,1,0
251,2,t213,0111,0111,0110,-0.003683388000354171,-5.628683090209961,5.624999702209607,0.9964045114859391,1,0
251,3,t120,1111,1111,1110,-3.731187098310329e-05,-10.25003719329834,10.249999881427357,0.999963172513167,1,0
251,4,c03,1110,1110,1111,-6.830612983321771e-05,-10.625068664550781,10.625000358420948,0.9999521299579328,1,0
251,5,x1,1010,1010,1011,-2.89675263047684e-05,-12.625028610229492,12.624999642703187,0.9999964641725069,1,0
251,6,c30,1010,1010,0010,-2.264975591970142e-06,-14.125001907348633,14.12499964237304,0.9999988083150667,1,0
251,7,c01,1110,1110,1010,-3.313997876830399e-05,-11.000091552734375,11.000058412755607,0.9999749447978702,1,0
251,8,t032,1110,1100,1100,-1.2267005443572998,-0.35715171694755554,-0.8695488274097443,0.29328411255535164,0,0
252,1,c10,0010,0010,1010,-4.291527147870511e-06,-12.625008583068848,12.6250042915417,0.9999963456698859,1,0
252,2,x2,0000,0000,0010,-0.00013541361840907484,-12.76828384399414,12.768148430375732,0.999995350786051,1,0
252,3,x0,1000,1000,1100,0.0,-16.75,16.75,0.9999998940245535,1,0
252,4,x3,1001,1001,1000,-0.00018225463281851262,-13.625182151794434,13.624999897161615,0.999998618233329,1,0
252,5,t321,1001,1001,1101,-0.023302124813199043,-3.7733771800994873,3.7500750552862883,0.9770174366963705,1,0
252,6,c20,1001,1001,1101,-7.748322968836874e-05,-9.500081062316895,9.500003579087206,0.999924015001695,1,0
252,7,c02,1011,1011,1010,-0.00017605944594834,-8.750175476074219,8.74999941662827,0.9998338459154096,1,0
252,8,s01,0111,0111,1011,-0.005274010822176933,-5.2553253173828125,5.250051306560636,0.9947690696371801,1,0
253,1,t013,1000,1000,0000,-9.751051402417943e-05,-10.012768745422363,10.012671234908339,0.9999294743842935,1,0
253,2,x0,0000,0000,1000,-1.192092668134137e-06,-14.250001907348633,14.250000715255965,0.9999988652790359,1,0
253,3,c13,0000,0000,0001,-2.1219038899289444e-05,-14.750020980834961,14.749999761796062,0.9999992816831882,1,0
253,4,c12,0000,0000,0010,-3.039791772607714e-05,-15.000029563903809,14.999999165986083,0.9999995784095269,1,0
253,5,c30,0000,0000,1000,-1.7881377516459906e-06,-15.250001907348633,15.250000119210881,0.9999997464660665,1,0
253,6,c02,0000,0000,0100,-6.675699296465609e-06,-16.12500762939453,16.125000953695235,0.9999997778952141,1,0
253,7,s20,0000,0000,1000,-0.005236720200628042,-5.2552361488342285,5.2499994286336005,0.9947797584591749,1,0
253,8,x1,0100,0100,0000,-7.152556236178498e-07,-15.25,15.249999284744376,0.9999997445964519,1,0
254,1,t012,0010,0010,0000,-2.324568049516529e-05,-11.790337562561035,11.79031431688054,0.9999858247159599,1,0
254,2,t130,0010,0010,1010,-6.07965648669051e-06,-12.750007629394531,12.750001549738045,0.9999970172810035,1,0
254,3,x0,1010,1010,1000,-3.576278402306343e-07,-15.625000953674316,15.625000596046476,0.9999997082802462,1,0
254,4,t012,1010,1010,1110,-0.0010277149267494678,-8.752814292907715,8.751786577980965,0.9997769136912067,1,0
254,5,x0,0010,0010,0110,-7.271742560988059e-06,-11.875006675720215,11.874999403977654,0.9999927599171603,1,0
254,6,c32,0010,0010,0011,-0.00011050103785237297,-15.375110626220703,15.37500012518285,0.9999994908256306,1,0
254,7,s01,0010,0010,0000,-3.540462421369739e-05,-12.82893180847168,12.828896403847466,0.9999964753007097,1,0
254,8,s03,0010,0010,1010,-0.010643561370670795,-4.664661407470703,4.654017846100032,0.9895646545134062,1,0
255,1,t123,1101,1101,1100,-0.03484014421701431,-3.7848401069641113,3.749999962747097,0.9662777864819244,1,0
255,2,c32,1111,1111,1110,-4.291503137210384e-05,-11.000042915344238,11.000000000312866,0.999972538178313,1,0
255,3,x1,1011,1011,1101,-1.3351364032132551e-05,-15.750015258789062,15.75000190742503,0.9999996202537701,1,0
255,4,t013,1011,1011,1111,-0.00032482240931130946,-8.772790908813477,8.772466086404165,0.9997752453287545,1,0
255,5,c02,1001,1001,1101,-1.835816692619119e-05,-12.838973045349121,12.838954687182195,0.9999957114767035,1,0
255,6,x1,1101,1101,1111,-1.811968832043931e-05,-14.125024795532227,14.125006675843906,0.9999985368113418,1,0
255,7,t120,1101,1101,1001,-0.0003823594015557319,-9.750391006469727,9.75000864706817,0.9999329824652882,1,0
255,8,s23,1110,1110,1011,-8.320673077832907e-05,-10.000081062316895,9.999997855586116,0.9999379380331974,1,0
256,1,x3,1001,1001,1000,-0.00016330985818058252,-9.625163078308105,9.624999768449925,0.9998753539552894,1,0
256,2,c31,1101,1101,1001,-0.00021753617329522967,-8.503023147583008,8.502805611409713,0.9997943247948514,1,0
256,3,s21,1011,1011,1110,-0.009778558276593685,-4.784947395324707,4.775168837048113,0.9902850017034244,1,0
256,4,c20,0011,0011,0111,-2.1576650397037156e-05,-11.000020980834961,10.999999404184564,0.9999832788482131,1,0
256,5,s20,1001,1001,0011,-0.0011792476288974285,-6.7511749267578125,6.749995679128915,0.9988223975745695,1,0
256,6,x2,1011,1011,1010,-4.970918962499127e-05,-12.750049591064453,12.749999881874828,0.9999963443697025,1,0
256,7,t013,1011,1011,1111,-0.00016414615674875677,-10.262346267700195,10.262182121543447,0.9999350856646169,1,0
256,8,s20,1011,1011,0011,-0.0032528135925531387,-5.756355285644531,5.753102472051978,0.9967525077611302,1,0
257,1,t123,0100,0100,0101,-0.126946359872818,-2.126946210861206,1.999999850988388,0.8807890779136204,1,0
257,2,s30,0100,0100,1100,-6.031816519680433e-05,-9.750127792358398,9.750067474193202,0.9999406792435266,1,0
257,3,c12,0110,0110,0100,-9.238463826477528e-05,-11.125143051147461,11.125050666509196,0.9999836549898325,1,0
257,4,x3,0111,0111,0101,-6.1034184909658507e-05,-10.904807090759277,10.904746056574368,0.9999755617211574,1,0
257,5,c21,0011,0011,0111,-0.00012635554594453424,-10.812631607055664,10.81250525150972,0.9999797488978432,1,0
257,6,s12,0101,0101,0011,-0.00019799708388745785,-9.500608444213867,9.50041044712998,0.9998809387250205,1,0
257,7,x0,1101,1101,0101,-1.4543491488439031e-05,-11.875224113464355,11.875209569972867,0.9999861517410399,1,0
257,8,s20,0111,0111,1111,-0.005988358054310083,-5.624027252197266,5.6180388941429555,0.9945178537914694,1,0
258,1,c30,0110,0110,1110,-0.004093663301318884,-5.506146430969238,5.502052767667919,0.9959150207778282,1,0
258,2,t301,0110,0110,0010,-2.5629806259530596e-05,-10.875038146972656,10.875012517166397,0.9999794778674306,1,0
258,3,s10,1010,1010,1001,-6.878226122353226e-05,-11.125164031982422,11.125095249721198,0.9999799340676396,1,0
258,4,s01,0110,0110,1110,-0.004154861904680729,-6.040156841278076,6.036001979373395,0.995871834084233,1,0
258,5,t201,0110,0110,0010,-2.5987430490204133e-05,-11.875028610229492,11.875002622799002,0.9999924787874667,1,0
258,6,s30,0110,0110,1110,-0.0023994077928364277,-6.16567325592041,6.163273848127574,0.9977021987658036,1,0
258,7,t312,0110,0110,0100,-0.16749095916748047,-1.912476897239685,1.7449859380722046,0.8469168847177667,1,0
258,8,t213,0111,0111,0110,-0.006748843006789684,-5.006748676300049,4.999999833293259,0.9933061062560187,1,0
259,1,s13,0110,0110,0101,-0.0008350058924406767,-7.502761363983154,7.501926358090714,0.9991697680303482,1,0
259,2,t302,0110,0110,0111,-1.8119737433153205e-05,-12.500018119812012,12.500000000074579,0.9999928387659824,1,0
259,3,x2,0100,0100,0101,-1.0490381100680679e-05,-13.37501049041748,13.37500000003638,0.9999981478499699,1,0
259,4,t320,0100,0100,0101,-2.3841844267735723e-06,-14.500001907348633,14.499999523164206,0.9999991073446709,1,0
259,5,t301,0100,0100,0000,-5.4834945331094787e-05,-9.875057220458984,9.875002385513653,0.9999480471086185,1,0
259,6,c30,0100,0100,0101,-8.34464913168631e-07,-15.375,15.374999165535087,0.9999996026997915,1,0
259,7,t103,0100,0100,0101,-0.0001731984521029517,-8.75017261505127,8.749999416599167,0.9998411654590481,1,0
259,8,c12,0110,0110,0100,-1.4662660760222934e-05,-13.750016212463379,13.750001549802619,0.999998533504112,1,0
260,1,t102,0001,0001,0011,-0.0001324351178482175,-10.875332832336426,10.875200397218578,0.9999784400048802,1,0
260,2,s21,0001,0001,0100,-0.016114050522446632,-4.141068458557129,4.124954408034682,0.9840483822166943,1,0
260,3,x1,0101,0101,0001,-1.537792013550643e-05,-11.375014305114746,11.37499892719461,0.9999871368271881,1,0
260,4,s32,0110,0110,0111,-0.0001425665832357481,-9.000142097473145,8.999999530889909,0.9998589717490178,1,0
260,5,t032,0110,0110,0100,-1.0967234629788436e-05,-13.000029563903809,13.000018596669179,0.9999947443698257,1,0
260,6,s31,0011,0011,0110,-0.012666666880249977,-4.387922763824463,4.375256096944213,0.9875384077694915,1,0
260,7,c31,0111,0111,0011,-4.315335536375642e-05,-10.62502670288086,10.624983549525496,0.9999604222035307,1,0
260,8,t213,0110,0110,0111,-0.006019037216901779,-5.13101863861084,5.124999601393938,0.9940877450188519,1,0
261,1,t012,0101,0101,0111,-0.0014253429835662246,-9.376727104187012,9.375301761203445,0.9999062956593168,1,0
261,2,x2,0111,0111,0110,-0.00021956169803161174,-11.875219345092773,11.874999783394742,0.9999903468497876,1,0
261,3,x1,0011,0011,0111,-1.1086436643381603e-05,-12.813314437866211,12.813303351429568,0.9999971517556693,1,0
261,4,s31,0110,0110,0101,-0.00977450329810381,-4.640008449554443,4.6302339462563396,0.990274742869524,1,0
261,5,s30,0110,0110,1110,-0.00020847615087404847,-9.0011568069458,9.000948330794927,0.9998732905554437,1,0
261,6,t201,0110,0110,0100,-4.58950235042721e-05,-10.375165939331055,10.37512004430755,0.9999621346920545,1,0
261,7,c10,1110,1110,1100,-5.00677879244904e-06,-12.250006675720215,12.250001668941422,0.9999949849351348,1,0
261,8,s30,0111,0111,1110,-0.0038008070550858974,-6.252249240875244,6.248448433820158,0.9963729620171126,1,0
262,1,c31,0010,0010,0110,-0.5759420394897461,-0.8261717557907104,0.25022971630096436,0.5621752784227029,1,0
262,2,t021,0010,0010,0110,-1.2516905371739995e-05,-14.250014305114746,14.250001788209374,0.9999991611479415,1,0
262,3,c03,0010,0010,0011,-9.333725029136986e-05,-9.375093460083008,9.375000122832716,0.9999146432845958,1,0
262,4,c12,0010,0010,0011,-1.8596581867313944e-05,-13.125018119812012,13.124999523230144,0.9999972925585433,1,0
262,5,t102,0010,0010,0011,-1.5497195136049413e-06,-17.000001907348633,17.00000035762912,0.9999998958073268,1,0
262,6,s03,0010,0010,1010,-0.0012149192625656724,-7.017180919647217,7.015966000384651,0.9990192338119838,1,0
262,7,t213,0010,0010,0011,-0.0021929678041487932,-6.127192974090576,6.125000006286427,0.9978162848438566,1,0
262,8,t032,0010,0010,0011,-1.6331550796166994e-05,-14.250016212463379,14.249999880912583,0.9999992293792713,1,0
263,1,t013,0011,0011,0010,-1.0848014426301233e-05,-12.250011444091797,12.25000059607737,0.9999926874147469,1,0
263,2,c23,0010,0010,0011,-0.00010156252392334864,-9.375102043151855,9.375000480627932,0.9999102627002607,1,0
263,3,t310,0010,0010,0011,-2.2649742277280893e-06,-15.750001907348633,15.749999642374405,0.999999792597006,1,0
263,4,x3,0011,0011,1011,-2.9801902201143093e-05,-16.7681941986084,16.768164396706197,0.9999998391359192,1,0
263,5,x1,0111,0111,0110,-3.731194738065824e-05,-10.31253719329834,10.31249988135096,0.9999645138350676,1,0
263,6,s31,0111,0111,0110,-0.0017452016472816467,-6.376745223999023,6.375000022351742,0.998262626643062,1,0
263,7,x0,1111,1111,0111,-0.0003001342120114714,-8.250286102294922,8.24998596808291,0.9997009704979333,1,0
263,8,c32,1101,1101,1001,-2.5152956368401647e-05,-13.750357627868652,13.750332474912284,0.9999967193538453,1,0
264,1,s23,1110,1110,1011,-0.0004458044422790408,-8.381237983703613,8.380792179261334,0.9995600314668522,1,0
264,2,s12,1110,1110,1011,-0.11288145184516907,-2.2378287315368652,2.124947279691696,0.8932571767429494,1,0
264,3,s12,1110,1110,1011,-0.0014212233945727348,-6.751229286193848,6.749808062799275,0.9986323888274194,1,0
264,4,t210,0110,0110,0111,-5.125993084220681e-06,-12.750004768371582,12.749999642378498,0.9999951848991598,1,0
264,5,c01,0110,0110,0010,-4.41074053014745e-06,-13.875005722045898,13.875001311305368,0.9999978375598634,1,0
264,6,t012,0110,0110,0100,-0.0019396975403651595,-6.252014636993408,6.250074939453043,0.998070195824196,1,0
264,7,c13,0111,0111,0110,-0.0003595979942474514,-8.000359535217285,7.999999937223038,0.9996631130230842,1,0
264,8,c12,0101,0101,0100,-3.731208562385291e-05,-12.62503719329834,12.624999881212716,0.999994900735958,1,0
265,1,s13,0010,0110,0110,-3.29335618019104,-0.21783624589443207,-3.075519934296608,0.037130271137833334,0,0
265,2,t013,0010,0010,0011,-1.871576205303427e-05,-11.250019073486328,11.250000357724275,0.9999864943043395,1,0
265,3,x1,0110,0110,0010,-3.683526301756501e-05,-10.500031471252441,10.499994635989424,0.9999687130255661,1,0
265,4,c20,1110,1110,1100,-4.76836657981039e-06,-13.125006675720215,13.125001907353635,0.9999975960477024,1,0
265,5,t023,1111,1111,1110,-0.0004275696992408484,-8.50042724609375,8.49999967639451,0.9997894527649617,1,0
265,6,x1,1011,1011,1101,-7.510172054026043e-06,-13.230542182922363,13.23053467275031,0.9999978495333104,1,0
265,7,t201,1111,1111,1011,-5.8173500292468816e-05,-10.625048637390137,10.624990463889844,0.99996748442904,1,0
265,8,x3,1110,1110,1101,-0.0001981146342586726,-11.002996444702148,11.00279833006789,0.9999694220027058,1,0
266,1,t032,1011,1011,1001,-0.005463255103677511,-5.878586292266846,5.873123037163168,0.9945695705654914,1,0
266,2,x3,1010,1010,1001,-5.376226908992976e-05,-14.412797927856445,14.412744165587355,0.9999984952656791,1,0
266,3,t231,1010,1010,1110,-0.0011930764885619283,-6.7512006759643555,6.7500075994757935,0.9988294708770435,1,0
266,4,c30,1010,1010,1011,-1.5497203094128054e-06,-14.250001907348633,14.250000357628323,0.9999987467198856,1,0
266,5,s12,1100,1100,1010,-0.0005644222255796194,-7.666018009185791,7.665453586960211,0.9994413369973297,1,0
266,6,t012,1110,1110,1100,-0.000950505374930799,-7.001501083374023,7.000550577999093,0.9990676003670583,1,0
266,7,c01,1010,1010,1110,-4.064962558913976e-05,-10.375079154968262,10.375038505342673,0.9999681051157431,1,0
266,8,s10,0110,0110,1010,-0.0015630107372999191,-6.501766681671143,6.500203670933843,0.998440570742246,1,0
267,1,c32,1101,1101,1111,-0.0006006922340020537,-7.973995685577393,7.9733949933433905,0.9994092095573803,1,0
267,2,t013,1100,1100,1101,-0.026522159576416016,-3.651522159576416,3.625,0.9739575337283293,1,0
267,3,x1,1000,1000,1110,-7.343055767705664e-05,-13.375147819519043,13.375074388961366,0.9999979184940467,1,0
267,4,t130,1000,1000,1100,-2.6225869078189135e-05,-11.37502670288086,11.375000477011781,0.9999836877851513,1,0
267,5,x1,1100,1100,1000,-8.940656698541716e-06,-17.156160354614258,17.15615141395756,0.9999999153038971,1,0
267,6,s23,1100,1100,1110,-0.058196891099214554,-2.9300191402435303,2.8718222491443157,0.9435547171386992,1,0
267,7,t210,1100,1100,1000,-1.3112980013829656e-05,-12.00001335144043,12.000000238460416,0.9999933659434586,1,0
267,8,c21,1100,1100,1110,-0.0002910842013079673,-8.500292778015137,8.500001693813829,0.9997890932068156,1,0
268,1,t120,0100,0100,1100,-2.0265426428522915e-05,-11.000128746032715,11.000108480606286,0.9999817780449591,1,0
268,2,s31,0001,0001,0100,-0.011062371544539928,-4.511051177978516,4.499988806433976,0.9890021181381404,1,0
268,3,x0,1001,1001,1000,-3.743108391063288e-05,-10.25003719329834,10.24999976221443,0.9999642420589743,1,0
268,4,x2,1011,1011,1010,-8.785425598034635e-05,-11.50008773803711,11.499999883781129,0.9999887987376084,1,0
268,5,t301,1111,1111,1011,-3.552416092134081e-05,-11.00002670288086,10.999991178719938,0.9999717812098758,1,0
268,6,x2,1101,1101,1001,-2.1338313672458753e-05,-12.875030517578125,12.875009179264453,0.999996886684496,1,0
268,7,t103,1100,1100,1101,-0.002829548204317689,-5.877829551696777,5.87500000349246,0.9971844913024032,1,0
268,8,s30,0101,0101,0100,-0.031062766909599304,-3.531062602996826,3.499999836087227,0.9698024787367928,1,0
269,1,s30,1101,1101,0101,-0.015383731573820114,-4.767290115356445,4.751906383782625,0.9847363147453325,1,0
269,2,t102,1111,1111,1110,-0.0007290702778846025,-7.250728607177734,7.24999953689985,0.9992761717965702,1,0
269,3,c01,1011,1011,1101,-1.5616320524713956e-05,-11.475223541259766,11.475207924939241,0.9999879714420598,1,0
269,4,t130,1011,1011,0011,-0.15702135860919952,-2.1307179927825928,1.9736966341733932,0.8579311319004502,1,0
269,5,x1,1111,1111,1011,-0.0001146732538472861,-13.156338691711426,13.156224018457578,0.9999963054412232,1,0
269,6,x1,1011,1011,1101,-9.417508408660069e-06,-11.875306129455566,11.875296711947158,0.9999915049772645,1,0
269,7,t312,1011,1011,1001,-0.0003622393705882132,-9.375373840332031,9.375011600961443,0.9998869508274754,1,0
269,8,x3,1010,1010,1011,-6.604097143281251e-05,-12.375064849853516,12.374998808882083,0.9999930366569231,1,0
270,1,s32,0000,0000,0010,-0.01611941121518612,-4.141109466552734,4.124990055337548,0.9840791466218559,1,0
270,2,s01,0000,0000,1000,-2.503392352082301e-06,-16.375001907348633,16.37499940395628,0.9999998526961514,1,0
270,3,s32,0000,0000,0010,-0.0008102960418909788,-7.125809192657471,7.12499889661558,0.9991944257666117,1,0
270,4,x0,1000,1000,1100,0.0,-16.875,16.875,0.9999999498310698,1,0
270,5,s10,0100,0100,1000,-0.006343643646687269,-5.379665851593018,5.37332220794633,0.9936975439378497,1,0
270,6,s23,0100,0100,0110,-0.007962883450090885,-4.882701873779297,4.874738990329206,0.992118385657669,1,0
270,7,t132,0100,0100,0110,-0.06197755038738251,-2.811973810195923,2.7499962598085403,0.9399078674598658,1,0
270,8,s20,0100,0100,1100,-0.0014793846057727933,-7.002974987030029,7.0014956024242565,0.9990759535187496,1,0
271,1,x0,0010,0010,1010,-0.0005560772842727602,-7.500560760498047,7.500004683213774,0.9994447741490757,1,0
271,2,s32,0001,0001,0010,-0.011052979156374931,-4.51255464553833,4.501501666381955,0.9890093592980618,1,0
271,3,x0,1001,1001,1011,-9.894344657368492e-06,-11.929891586303711,11.929881691959054,0.9999908573907037,1,0
271,4,t103,1001,1001,1011,-0.00012576195877045393,-9.520670890808105,9.520545128849335,0.9999212899478399,1,0
271,5,t023,1001,1001,1011,-0.0013340322766453028,-7.555826663970947,7.554492631694302,0.9994191504998448,1,0
271,6,s30,1001,1001,1000,-0.00019072715076617897,-9.125190734863281,9.125000007712515,0.9998866531806715,1,0
271,7,s31,1100,1100,0101,-0.00019346739281900227,-9.126208305358887,9.126014837966068,0.9998129352744397,1,0
271,8,c13,1101,1101,1100,-5.9365422202972695e-05,-10.6250581741333,10.624998808711098,0.9999734703331467,1,0
272,1,t310,0101,0101,1101,-0.0009304724517278373,-7.0009331703186035,7.000002697866876,0.9990887625032951,1,0
272,2,x0,1101,1101,1100,-5.722036803490482e-06,-12.375004768371582,12.374999046334779,0.9999948717853337,1,0
272,3,s21,1011,1011,1111,-0.01605401746928692,-4.4336090087890625,4.417554991319776,0.984078591076283,1,0
272,4,s13,1110,1110,1101,-0.0029123141430318356,-6.127957344055176,6.125045029912144,0.9971077335930452,1,0
272,5,t301,1110,1110,1010,-2.610659612400923e-05,-10.75002670288086,10.750000596284735,0.9999771215255894,1,0
272,6,c30,1110,1110,1010,-9.179093467537314e-06,-13.625030517578125,13.625021338484657,0.9999978269088406,1,0
272,7,t301,1110,1110,1010,-0.03804938122630119,-3.288074016571045,3.2500246353447437,0.9626721463811831,1,0
272,8,t312,1110,1100,1100,-1.1408066749572754,-0.39263951778411865,-0.7481671571731567,0.3199223148377409,0,0
273,1,x1,1000,1000,1100,-9.25037675187923e-05,-9.752019882202148,9.75192737843463,0.9999302273553833,1,0
273,2,x0,0000,0000,0100,-1.7881386611406924e-06,-14.187501907348633,14.187500119209972,0.9999985581303605,1,0
273,3,t123,0000,0000,0001,-0.00030143585172481835,-13.000301361083984,12.99999992523226,0.999997055267865,1,0
273,4,c02,0000,0000,0010,-4.410734163684538e-06,-17.125003814697266,17.124999403963102,0.9999998895083069,1,0
273,5,x2,0010,0010,0001,-6.913915422046557e-05,-15.599145889282227,15.599076750128006,0.9999996235222289,1,0
273,6,t302,0010,0010,0000,-1.2159311154391617e-05,-16.00001335144043,16.000001192129275,0.999999743736921,1,0
273,7,x0,1010,1010,1000,-3.576278402306343e-07,-15.25,15.24999964237216,0.9999996870264249,1,0
273,8,x1,1110,1110,1000,-2.5987419576267712e-05,-11.925570487976074,11.925544500556498,0.9999929941079545,1,0
274,1,t123,0011,0011,0010,-0.02346174046397209,-3.7734615802764893,3.749999839812517,0.9769265971475842,1,0
274,2,x0,1011,1011,1010,-6.198875780683011e-06,-12.625005722045898,12.624999523170118,0.9999946281341794,1,0
274,3,c21,1111,1111,1101,-0.00010585543350316584,-10.625107765197754,10.62500190976425,0.9999612002226174,1,0
274,4,c12,1101,1101,1100,-2.3126494852476753e-05,-12.25002384185791,12.250000715363058,0.9999930558953999,1,0
274,5,c23,1101,1101,1100,-0.018493810668587685,-4.018494129180908,4.0000003185123205,0.9819687730963528,1,0
274,6,x0,0101,0101,0111,-3.099439709330909e-06,-13.50000286102295,13.49999976158324,0.9999982657935077,1,0
274,7,x0,1101,1101,0101,-9.381408744957298e-05,-9.375085830688477,9.374992016601027,0.9999108462983923,1,0
274,8,x2,1111,1111,1110,-1.7762085917638615e-05,-12.812518119812012,12.812500357726094,0.9999965718511002,1,0
275,1,x2,1111,1111,1110,-0.0002951331262011081,-8.37529468536377,8.374999552237568,0.9997612447985482,1,0
275,2,t021,1011,1011,1101,-0.0006666594417765737,-7.898791313171387,7.89812465372961,0.9993729820255681,1,0
275,3,x3,1010,1010,1001,-0.00015115021960809827,-13.127684593200684,13.127533442981075,0.9999958111146456,1,0
275,4,t230,1010,1010,1110,-1.2874548701802269e-05,-13.125016212463379,13.125003337914677,0.9999976387371581,1,0
275,5,c01,1110,1110,1010,-2.586829214124009e-05,-12.00020980834961,12.000183940057468,0.9999876869655979,1,0
275,6,x2,1100,1100,1101,-1.4424276741920039e-05,-11.625014305114746,11.624999880838004,0.9999900131962797,1,0
275,7,t301,1100,1100,1000,-3.802733408519998e-05,-10.500041961669922,10.500003934335837,0.9999717514758355,1,0
275,8,s20,0110,0110,1100,-0.0004338701837696135,-8.375797271728516,8.375363401544746,0.9996250476828491,1,0
276,1,x1,0000,0000,0100,-0.0001401839399477467,-9.250139236450195,9.249999052510248,0.999889902495653,1,0
276,2,s20,0000,0000,1000,-0.00217702379450202,-7.002171993255615,6.999994969461113,0.9990838891970413,1,0
276,3,x2,0010,0010,0000,-0.00014530582120642066,-15.751470565795898,15.751325259974692,0.9999998128965449,1,0
276,4,c10,0010,0010,1010,-5.2689603762701154e-05,-15.12509536743164,15.125042677827878,0.9999996763295604,1,0
276,5,s12,0100,0100,0010,-0.00036247028037905693,-9.877009391784668,9.876646921504289,0.9999337658203779,1,0
276,6,s01,1000,1000,0100,-0.00011169573554070666,-10.132695198059082,10.132583502323541,0.9999598674133001,1,0
276,7,c12,1000,1000,1010,-4.4106891436968e-05,-12.250043869018555,12.249999762127118,0.9999900916401481,1,0
276,8,t132,1000,1000,1100,-7.390963219222613e-06,-12.375055313110352,12.375047922147132,0.9999948529126971,1,0
277,1,s31,0111,0111,0110,-0.1442418098449707,-2.3942418098449707,2.25,0.8656842874174723,1,0
277,2,c32,0101,0101,1101,-4.017284300061874e-05,-11.375435829162598,11.375395656319597,0.9999857852786697,1,0
277,3,s03,1100,1100,1001,-1.406665614922531e-05,-11.875273704528809,11.87525963787266,0.9999868803238418,1,0
277,4,c32,1100,1100,1110,-2.0027018763357773e-05,-13.375021934509277,13.375001907490514,0.9999971034368885,1,0
277,5,x1,1000,1000,1010,-0.0002354112220928073,-13.875234603881836,13.874999192659743,0.9999980718008079,1,0
277,6,x2,1010,1010,0010,-7.629367246408947e-06,-15.500007629394531,15.500000000027285,0.9999996665555243,1,0
277,7,x0,0010,0010,0011,-7.152556236178498e-07,-14.625,14.624999284744376,0.999999314933058,1,0
277,8,t013,0010,0010,0011,-1.2040098226862028e-05,-11.750011444091797,11.74999940399357,0.999991757118931,1,0
278,1,x3,1001,1001,1000,-0.0002472217020113021,-8.62524700164795,8.624999779945938,0.9997800999458263,1,0
278,2,s31,1100,1100,0101,-0.00014423808897845447,-9.500125885009766,9.499981646920787,0.9998584133031176,1,0
278,3,s31,1001,1001,1100,-0.002040666760876775,-6.2520575523376465,6.25001688557677,0.99796372724933,1,0
278,4,t103,1001,1001,1101,-4.720646029454656e-05,-11.88691520690918,11.886868000448885,0.9999851118184176,1,0
278,5,s31,1100,1100,0101,-8.77351121744141e-05,-9.500125885009766,9.500038149897591,0.9999134345788597,1,0
278,6,x0,0100,0100,0101,-0.0013272312935441732,-6.626327037811279,6.624999806517735,0.998673873193111,1,0
278,7,x1,0000,0000,0100,-7.867797648941632e-06,-13.75001049041748,13.750002622619832,0.9999985361650493,1,0
278,8,t123,0000,0000,0001,-1.835813236539252e-05,-12.375018119812012,12.374999761679646,0.9999951245448137,1,0
279,1,c21,1101,1101,1111,-0.10005833208560944,-2.8507726192474365,2.750714287161827,0.9048245818393429,1,0
279,2,t312,1111,1111,1110,-0.00016605043492745608,-9.000165939331055,8.999999888896127,0.9998549655834036,1,0
279,3,t031,1011,1011,1111,-3.087488948949613e-05,-12.825974464416504,12.825943589527014,0.9999938957608399,1,0
279,4,c21,1111,1111,1011,-3.3020711271092296e-05,-11.875076293945312,11.875043273234041,0.999988759139394,1,0
279,5,s23,1111,1111,1101,-0.0004274258390069008,-8.000405311584473,7.999977885745466,0.9995751894125804,1,0
279,6,c30,0111,0111,1111,-5.960447197139729e-06,-14.911432266235352,14.911426305788154,0.9999995821416895,1,0
279,7,t013,0111,0111,0110,-1.8000508134718984e-05,-11.250018119812012,11.250000119303877,0.9999857735022804,1,0
279,8,s03,1110,1110,1101,-0.0002718820469453931,-8.250378608703613,8.250106726656668,0.9997296921566386,1,0
280,1,x0,1011,1011,1010,-3.969632234657183e-05,-10.750040054321289,10.750000357998942,0.9999614581958809,1,0
280,2,t102,1011,1011,1001,-0.28199753165245056,-1.4070197343826294,1.1250222027301788,0.7548925254131991,1,0
280,3,x0,0011,0011,1011,-7.271741196746007e-06,-13.506896018981934,13.506888747240737,0.9999985293389405,1,0
280,4,c20,1011,1011,1010,-9.894329195958562e-06,-11.625009536743164,11.624999642413968,0.9999905922013183,1,0
280,5,x1,1111,1111,1110,-4.672907743952237e-05,-13.500046730041504,13.500000000964064,0.9999976203551136,1,0
280,6,t302,1101,1101,1110,-0.0001002511489787139,-9.393251419067383,9.393151167918404,0.999913166605091,1,0
280,7,s10,1101,1101,0101,-0.016160236671566963,-4.287476539611816,4.271316302940249,0.9840366011504343,1,0
280,8,c12,1111,1111,1110,-6.0557380493264645e-05,-11.50006103515625,11.500000477775757,0.9999846507005719,1,0
281,1,x1,0001,0001,0101,-1.358981171506457e-05,-12.500015258789062,12.500001668977347,0.9999907776224348,1,0
281,2,c10,0001,0001,1001,-2.6225727197015658e-05,-14.250041007995605,14.250014782268408,0.9999991081799124,1,0
281,3,c13,0001,0001,0011,-9.321868856204674e-05,-9.50071907043457,9.500625851746008,0.9999241487155173,1,0
281,4,x3,0000,0000,0001,-1.776209319359623e-05,-12.125018119812012,12.125000357718818,0.9999944724476368,1,0
281,5,s31,0000,0000,0100,-0.0019442056072875857,-6.251955509185791,6.250011303578503,0.998072713299738,1,0
281,6,s02,0000,0000,1000,-0.002823297865688801,-5.877823352813721,5.875000054948032,0.997198979043181,1,0
281,7,s20,0000,0000,1000,-0.0010584949050098658,-6.876058578491211,6.875000083586201,0.9989676978487766,1,0
281,8,s13,0000,0000,0100,-0.0032075471244752407,-5.7532057762146,5.749998229090124,0.9968257199770255,1,0
282,1,s31,0011,0011,0110,-0.5764464139938354,-0.9261634945869446,0.34971708059310913,0.5618974127252298,1,0
282,2,s02,1001,1001,0011,-0.006746930070221424,-5.006771087646484,5.000024157576263,0.9932770646870515,1,0
282,3,t213,1001,1001,1011,-4.291507138987072e-05,-11.252861022949219,11.252818107877829,0.9999784141774287,1,0
282,4,s01,0101,0101,1001,-0.0020596033427864313,-6.251939296722412,6.249879693379626,0.9979498105372707,1,0
282,5,x1,0001,0001,1001,-1.5497145795961842e-05,-15.250064849853516,15.25004935270772,0.9999996006001161,1,0
282,6,s20,0001,0001,1000,-0.002396577736362815,-6.12986946105957,6.1274728833232075,0.9978143516177416,1,0
282,7,c12,0001,0001,0011,-2.622602551127784e-06,-14.250490188598633,14.250487565996082,0.999998596387038,1,0
282,8,x1,0101,0101,0001,-1.4305021068139467e-05,-11.25001335144043,11.249999046419362,0.9999863034836601,1,0
283,1,t123,1100,1100,1101,-0.5231542587280273,-0.8981542587280273,0.375,0.5926622864292767,1,0
283,2,s01,1100,1100,0110,-0.00010835780994966626,-10.00600528717041,10.00589692936046,0.9999230457901389,1,0
283,3,x2,1110,1110,1100,-0.00012611567217390984,-14.000192642211914,14.00006652653974,0.9999984587369642,1,0
283,4,t301,1110,1110,1010,-6.699444202240556e-05,-10.000060081481934,9.999993087039911,0.9999430142236194,1,0
283,5,x0,0110,0110,1110,-5.960463909104874e-07,-15.625296592712402,15.625295996666011,0.9999996570298872,1,0
283,6,c21,0010,0010,0110,-5.9007750678574666e-05,-10.437681198120117,10.437622190369439,0.999970071481737,1,0
283,7,x1,0110,0110,0010,-4.7683710135970614e-07,-15.000000953674316,15.000000476837215,0.9999995413991141,1,0
283,8,s13,0011,0011,0110,-0.0013566589914262295,-6.628833293914795,6.627476634923369,0.9986730202532383,1,0
284,1,t213,0010,0010,0011,-0.00016759563004598022,-8.750166893005371,8.749999297375325,0.9998347240029826,1,0
284,2,c12,0010,0010,0000,-1.490111208113376e-05,-12.750286102294922,12.75027120118284,0.9999958542051196,1,0
284,3,s13,0010,0010,0110,-0.07927297800779343,-2.585984706878662,2.5067117288708687,0.9241381125853138,1,0
284,4,c31,0010,0010,0110,-6.794913133489899e-06,-14.500015258789062,14.500008463875929,0.9999993183183087,1,0
284,5,x1,0110,0110,0100,-5.0067837946699e-06,-13.000008583068848,13.000003576285053,0.9999966489668559,1,0
284,6,c12,0100,0100,0111,-0.0002305381785845384,-9.634968757629395,9.63473821945081,0.9999146530539519,1,0
284,7,t203,0100,0100,0101,-2.3007261916063726e-05,-11.125022888183594,11.124999880921678,0.9999837148396755,1,0
284,8,c32,0100,0100,0101,-1.633156898606103e-05,-14.125016212463379,14.124999880894393,0.9999986414810843,1,0
285,1,t012,0011,0011,0111,-0.00034719944233074784,-8.00704288482666,8.00669568538433,0.999661972188202,1,0
285,2,c13,0011,0011,0010,-0.0002586570626590401,-8.375258445739746,8.374999788677087,0.9997643873878546,1,0
285,3,c01,0011,0011,0010,-1.7881387748275301e-06,-14.875001907348633,14.875000119209858,0.9999994801004105,1,0
285,4,c30,1011,1011,1010,-2.109991510224063e-05,-11.125020980834961,11.124999880919859,0.9999845415256609,1,0
285,5,t032,1001,1001,1011,-0.0002547235053498298,-8.46424388885498,8.46398916534963,0.9997683895291766,1,0
285,6,c13,1001,1001,1011,-0.0004586541326716542,-8.160573959350586,8.160115305217914,0.9995521095191299,1,0
285,7,c20,1001,1001,1101,-3.802739956881851e-05,-10.875056266784668,10.8750182393851,0.9999803661126355,1,0
285,8,c32,1011,1011,1010,-0.00015079307195264846,-10.250150680541992,10.24999988747004,0.9999591201215207,1,0
286,1,t302,0111,0111,1101,-0.0019729179330170155,-6.881226539611816,6.879253621678799,0.9980299851272489,1,0
286,2,c30,1111,1111,1110,-2.0623087038984522e-05,-11.125020027160645,11.124999404073606,0.999980494106793,1,0
286,3,t123,1110,1110,1111,-8.535218512406573e-05,-9.87508487701416,9.874999524829036,0.9999387572356714,1,0
286,4,s03,0111,0111,1110,-0.008694104850292206,-4.760376453399658,4.751682348549366,0.9913770983357931,1,0
286,5,x0,1111,1111,1110,-9.071465319721028e-05,-9.375090599060059,9.374999884406861,0.9999142203846186,1,0
286,6,s10,1111,1111,1011,-0.0011462527327239513,-6.876142978668213,6.874996725935489,0.9988558549295988,1,0
286,7,x3,1110,1110,1010,-3.20671169902198e-05,-11.877087593078613,11.877055525961623,0.999984696935194,1,0
286,8,c32,1110,1110,1111,-0.0005833759787492454,-7.500583171844482,7.499999795865733,0.9994221139819177,1,0
287,1,x3,0011,0011,0010,-1.6808422515168786e-05,-11.250017166137695,11.25000035771518,0.999985164633144,1,0
287,2,t102,0011,0011,0111,-6.437294359784573e-06,-14.00005054473877,14.00004410744441,0.9999985194863868,1,0
287,3,x0,1011,1011,1010,-1.8954135157400742e-05,-11.000019073486328,11.00000011935117,0.999981865769725,1,0
287,4,x2,1001,1001,1000,-3.385496529517695e-05,-14.68753433227539,14.687500477310095,0.9999990109834631,1,0
287,5,x0,0001,0001,1001,-2.264975137222791e-06,-13.750100135803223,13.750097870828085,0.999998440763073,1,0
287,6,x3,0000,0000,0001,-5.1735652959905565e-05,-10.750051498413086,10.749999762760126,0.9999782044826631,1,0
287,7,t231,0000,0000,0001,-1.3232151104602963e-05,-15.250012397766113,15.249999165615009,0.9999994714341489,1,0
287,8,t201,0000,0000,0100,-3.933902917196974e-06,-13.500005722045898,13.500001788142981,0.9999981996397261,1,0
288,1,c23,0000,0000,0001,-6.794746150262654e-05,-9.750067710876465,9.749999763414962,0.999938336594285,1,0
288,2,s23,0000,0000,0010,-0.06997397541999817,-2.694971799850464,2.6249978244304657,0.9324513827673298,1,0
288,3,t102,0000,0000,0001,-2.5033925794559764e-06,-16.375001907348633,16.374999403956053,0.9999997802925039,1,0
288,4,x0,1000,1000,1100,0.0,-17.875,17.875,0.9999999772388651,1,0
288,5,s13,1000,1000,1100,-0.001323956879787147,-6.751323699951172,6.749999743071385,0.9988233309888711,1,0
288,6,t132,1000,1000,1100,-5.030521788285114e-05,-13.000126838684082,13.0000765334662,0.9999967646526501,1,0
288,7,x3,1001,1001,1000,-0.00011658028233796358,-12.625116348266602,12.624999767984264,0.9999962419527666,1,0
288,8,x1,1101,1101,1111,-2.0146269889664836e-05,-12.750043869018555,12.750023722748665,0.9999950569860147,1,0
289,1,s30,0000,0000,1000,-0.01419120840728283,-4.264192581176758,4.250001372769475,0.9859348665087329,1,0
289,2,c20,0000,0000,0100,-7.152555667744309e-07,-15.875000953674316,15.87500023841875,0.9999997838542626,1,0
289,3,s20,0000,0000,1000,-0.00329274102114141,-5.753291130065918,5.749998389044777,0.996827113464675,1,0
289,4,x1,0100,0100,0000,-2.1457651655509835e-06,-16.375001907348633,16.374999761583467,0.9999999164400123,1,0
289,5,x1,0000,0000,0100,-1.0371181815571617e-05,-14.18751335144043,14.187502980258614,0.9999986472297325,1,0
289,6,t132,0000,0000,0100,-1.4543484212481417e-05,-13.125031471252441,13.125016927768229,0.9999974698047239,1,0
289,7,c21,0000,0000,0100,-4.732505476567894e-05,-10.00005054473877,10.000003219684004,0.9999544795618751,1,0
289,8,s32,0000,0000,0010,-0.004658818710595369,-5.3796586990356445,5.374999880325049,0.9953867921956234,1,0
290,1,t312,1100,1100,1110,-0.08414849638938904,-2.579073667526245,2.494925171136856,0.9193053833881886,1,0
290,2,x2,1110,1110,1010,-0.0002096674870699644,-14.37520980834961,14.37500014086254,0.9999989853988664,1,0
290,3,x2,1100,1100,1101,-5.960459930065554e-06,-14.000006675720215,14.000000715260285,0.9999974740440887,1,0
290,4,s13,1001,1001,1100,-0.016935786232352257,-4.141326427459717,4.1243906412273645,0.9832683789460277,1,0
290,5,t321,1001,1001,1101,-0.0015159272588789463,-6.50154447555542,6.500028548296541,0.9984971815711163,1,0
290,6,c31,1101,1101,1001,-3.123255737591535e-05,-10.750033378601074,10.750002146043698,0.9999780114896479,1,0
290,7,s10,1101,1101,0111,-0.0019887625239789486,-6.289999485015869,6.28801072249189,0.9980416734985668,1,0
290,8,c03,1100,1100,1101,-1.5735578926978633e-05,-12.125015258789062,12.124999523210136,0.9999929719604609,1,0
291,1,x1,1001,1001,0001,-1.6689235053490847e-05,-12.625099182128906,12.625082492893853,0.9999948375640424,1,0
291,2,x3,1000,1000,1100,-5.6265314924530685e-05,-13.937577247619629,13.937520982304704,0.9999980010508239,1,0
291,3,x2,1010,1010,0010,-2.837141255440656e-05,-16.375028610229492,16.375000238816938,0.9999997862710296,1,0
291,4,x1,1110,1110,1000,-0.00011371969594620168,-9.149489402770996,9.14937568307505,0.9998925115923674,1,0
291,5,c10,0110,0110,0111,-5.125990810483927e-06,-12.375003814697266,12.374998688706455,0.9999957615220223,1,0
291,6,t321,0110,0110,0010,-0.004139301832765341,-5.504162788391113,5.500023486558348,0.9959165021388459,1,0
291,7,s02,1100,1100,0110,-0.0004213608626741916,-8.375238418579102,8.374817057716427,0.9995873643683104,1,0
291,8,s03,0101,0101,1100,-0.0015039393911138177,-6.726679801940918,6.725175862549804,0.9986387329098203,1,0
292,1,c12,1000,1000,1010,-0.0005483855493366718,-7.750563621520996,7.750015235971659,0.9995054528944407,1,0
292,2,t032,1000,1000,1010,-8.582784357713535e-05,-9.500086784362793,9.500000956519216,0.9999236057931941,1,0
292,3,s10,0100,0100,1000,-0.004426867235451937,-5.504141807556152,5.4997149403207,0.9955948020329948,1,0
292,4,s31,0001,0001,0100,-0.0021878425031900406,-6.127186298370361,6.124998455867171,0.9978159220117422,1,0
292,5,t123,0001,0001,0101,-2.6345120204496197e-05,-12.39559555053711,12.395569205416905,0.9999949253131885,1,0
292,6,c21,0001,0001,0101,-0.00018034754612017423,-8.625192642211914,8.625012294665794,0.9998204091958601,1,0
292,7,c01,0001,0001,0101,-4.7683712978141557e-07,-16.00000762939453,16.0000071525574,0.9999997192687893,1,0
292,8,x3,0000,0000,0001,-3.0398048693314195e-05,-13.000030517578125,13.000000119529432,0.9999972468200956,1,0
293,1,c01,1110,1110,1100,-0.0038187813479453325,-6.253820896148682,6.250002114800736,0.9961953550063012,1,0
293,2,s21,1110,1110,1011,-7.343116885749623e-05,-9.750068664550781,9.749995233381924,0.9999326580032262,1,0
293,3,t120,0110,0110,0111,-9.298293662141077e-06,-11.750008583068848,11.749999284775186,0.9999915324135893,1,0
293,4,s32,0101,0101,0110,-0.011269524693489075,-4.519863605499268,4.5085940808057785,0.9888139631991146,1,0
293,5,x0,1101,1101,1100,-5.72204089621664e-06,-13.125005722045898,13.125000000005002,0.9999954221162993,1,0
293,6,t120,1101,1101,1001,-0.0003916585410479456,-9.000377655029297,8.999985996488249,0.9998553937398529,1,0
293,7,s03,1101,1101,1100,-0.004085676744580269,-5.504085540771484,5.499999864026904,0.9959260664711155,1,0
293,8,x2,1111,1111,1110,-2.181514719268307e-05,-12.687520980834961,12.687499165687768,0.9999956207294095,1,0
294,1,x2,0101,0101,1101,-5.3047020628582686e-05,-10.125874519348145,10.125821472327516,0.9999552992417566,1,0
294,2,x1,0001,0001,0101,-5.5669792345725e-05,-13.562555313110352,13.562499643318006,0.9999985035312734,1,0
294,3,s01,0001,0001,1000,-0.00014423295215237886,-13.188131332397461,13.187987099445309,0.9999973163230941,1,0
294,4,c31,0101,0101,0001,-7.593374175485224e-05,-9.625075340270996,9.624999406529241,0.9999334363948309,1,0
294,5,s12,0011,0011,0111,-0.003181170206516981,-6.145978927612305,6.142797757405788,0.9968246864125059,1,0
294,6,x3,0010,0010,0001,-9.834449156187475e-05,-12.687705993652344,12.687607649160782,0.999993345871909,1,0
294,7,s12,0100,0100,0001,-0.0009764453279785812,-7.367455005645752,7.366478560317773,0.9991957464084885,1,0
294,8,c01,0100,0100,0000,-1.3589802620117553e-05,-13.00003719329834,13.00002360349572,0.9999957357576771,1,0
295,1,c20,1011,1011,0011,-0.00042228546226397157,-7.875380516052246,7.874958230589982,0.9995783670817014,1,0
295,2,x0,0011,0011,1011,-2.622602551127784e-06,-13.625579833984375,13.625577211381824,0.9999982343441443,1,0
295,3,t123,0011,0011,0010,-0.023290392011404037,-3.8982901573181152,3.874999765306711,0.9796651538455127,1,0
295,4,c21,0111,0111,0011,-0.00013696331006940454,-9.250133514404297,9.249996551094227,0.9999015029954812,1,0
295,5,t312,0101,0101,0110,-0.00014983963046688586,-9.818293571472168,9.818143731841701,0.9998902366419511,1,0
295,6,s03,1100,1100,1001,-7.390965947706718e-06,-12.500008583068848,12.5000011921029,0.9999942858161472,1,0
295,7,s03,0101,0101,0100,-0.023359375074505806,-3.8983592987060547,3.874999923631549,0.9769228639370513,1,0
295,8,s12,0011,0011,0101,-0.016183583065867424,-4.393111228942871,4.376927645877004,0.9840921416223675,1,0
296,1,c03,0000,0000,0001,-2.169590698031243e-05,-10.875021934509277,10.875000238602297,0.9999801192118885,1,0
296,2,s13,0000,0000,0100,-0.11298463493585587,-2.2379841804504395,2.1249995455145836,0.8933088805510504,1,0
296,3,s31,0000,0000,0100,-0.007662550546228886,-4.882662773132324,4.875000222586095,0.9924224053183319,1,0
296,4,s03,0000,0000,1000,-6.294106424320489e-05,-9.875053405761719,9.874990464697476,0.9999383787603379,1,0
296,5,s30,0000,0000,1000,-0.00013827322982251644,-9.125138282775879,9.125000009546056,0.9998910072262249,1,0
296,6,t310,0000,0000,1000,-8.22540732769994e-06,-18.000009536743164,18.000001311335836,0.9999999598124202,1,0
296,7,c01,0000,0000,0100,-3.576278402306343e-07,-15.875000953674316,15.875000596046476,0.9999998337140844,1,0
296,8,x2,0010,0010,1010,-2.002696055569686e-05,-15.000251770019531,15.000231743058976,0.9999996083877097,1,0
297,1,t120,1010,1010,0010,-0.0004268284246791154,-8.000356674194336,7.999929845769657,0.99957387596019,1,0
297,2,x2,1000,1000,1001,-5.4358089982997626e-05,-13.375054359436035,13.375000001346052,0.9999974610415742,1,0
297,3,t012,1000,1000,1010,-5.71004202356562e-05,-11.2500581741333,11.250001073713065,0.9999839409119847,1,0
297,4,c13,1000,1000,1100,-2.4795344870653935e-05,-13.000041007995605,13.000016212650735,0.9999943384364014,1,0
297,5,t312,1000,1000,1100,-1.8477287085261196e-05,-14.500042915344238,14.500024438057153,0.9999991521780038,1,0
297,6,t102,1000,1000,1010,-2.479534305166453e-05,-10.87502670288086,10.875001907537808,0.9999781208717847,1,0
297,7,c03,1001,1001,1000,-7.879592885728925e-05,-10.375079154968262,10.375000359039404,0.9999633540380828,1,0
297,8,x0,0001,0001,0011,-5.960463909104874e-07,-15.437500953674316,15.437500357627925,0.99999964342991,1,0
298,1,s01,1100,1100,0101,-0.03737759217619896,-4.109311580657959,4.07193398848176,0.9633326014372152,1,0
298,2,c12,1110,1110,1100,-5.471615440910682e-05,-11.328944206237793,11.328889490083384,0.9999862076400932,1,0
298,3,x2,1100,1100,1000,-2.5033725250978023e-05,-13.257633209228516,13.257608175503265,0.9999966879167128,1,0
298,4,s12,1010,1010,1110,-0.002652315190061927,-6.945793151855469,6.943140836665407,0.9973578972705099,1,0
298,5,c02,1000,1000,1110,-2.717952520470135e-05,-10.908670425415039,10.908643245889834,0.9999764312897583,1,0
298,6,c23,1000,1000,1001,-5.9603946283459663e-05,-11.375060081481934,11.37500047753565,0.9999798822541313,1,0
298,7,s30,0001,0001,1000,-0.0022412301041185856,-6.127193927764893,6.124952697660774,0.9977700545094044,1,0
298,8,x2,0011,0011,0010,-1.3709027371078264e-05,-11.87501335144043,11.874999642413059,0.9999928753587429,1,0
299,1,c12,0011,0011,0001,-0.0001509149733465165,-9.500484466552734,9.500333551579388,0.999853691136902,1,0
299,2,c30,1011,1011,1010,-3.4570402931421995e-05,-10.87503433227539,10.87499976187246,0.9999658857426611,1,0
299,3,s03,1011,1011,0011,-1.9192615582142025e-05,-12.62501049041748,12.624991297801898,0.9999933839583488,1,0
299,4,t201,1111,1111,1011,-3.552407360984944e-05,-12.001562118530273,12.001526594456664,0.9999866323244538,1,0
299,5,s32,1111,1111,1101,-0.0011430190643295646,-7.001134872436523,6.999991853372194,0.9988589226363411,1,0
299,6,s01,1111,1111,0111,-6.222569936653599e-05,-9.875055313110352,9.874993087410985,0.999941560253122,1,0
299,7,s10,1111,1111,0111,-0.0003329069586470723,-8.125297546386719,8.124964639428072,0.9996676049733052,1,0
299,8,x2,1101,1101,1001,-3.2663141610100865e-05,-11.375032424926758,11.374999761785148,0.999987799173423,1,0
