example_id,step,gate,gold_state,best_state,best_wrong_state,gold_logprob,best_wrong_logprob,margin,gold_prob16,local_correct,tie
0,1,s30,0110,0110,0101,-2.2021403312683105,-2.6106483936309814,0.4085080623626709,0.11059170164400138,1,0
0,2,c13,0111,0111,0110,-0.5785098075866699,-1.57850980758667,1.0,0.560932278206548,1,0
0,3,t132,0101,0101,0111,-0.5962191224098206,-0.850195050239563,0.25397592782974243,0.5509454723532505,1,0
0,4,x2,0111,0111,0101,-0.008473435416817665,-5.141058921813965,5.132585486397147,0.9923722337945466,1,0
0,5,c10,1111,1111,0111,-0.25363853573799133,-1.5023753643035889,1.2487368285655975,0.7760937848410947,1,0
0,6,t201,1011,1111,1111,-0.7577482461929321,-0.6342805027961731,-0.12346774339675903,0.4687221784292768,0,0
0,7,s12,1101,1101,1011,-0.8260613679885864,-0.9616293907165527,0.1355680227279663,0.437777204567392,1,0
0,8,t302,1111,1111,1101,-0.391210675239563,-1.1382372379302979,0.7470265626907349,0.6763403590870123,1,0
1,1,s31,1010,1010,1100,-1.887467384338379,-2.4216036796569824,0.5341362953186035,0.15149879306216302,1,0
1,2,c30,1010,1010,0010,-1.0971436500549316,-1.86378812789917,0.7666444778442383,0.3339120732692525,1,0
1,3,t301,1010,1010,1110,-0.3151605725288391,-1.3474334478378296,1.0322728753089905,0.729722113801709,1,0
1,4,c01,1110,1110,1010,-0.2524314522743225,-1.502347469329834,1.2499160170555115,0.7769474298251714,1,0
1,5,x2,1100,1100,1110,-0.011896118521690369,-4.706677436828613,4.694781318306923,0.9883476826643169,1,0
1,6,s01,1100,1100,0100,-0.31811076402664185,-1.4146615266799927,1.0965507626533508,0.7275302337066527,1,0
1,7,c01,1000,1000,1100,-0.16078875958919525,-1.9103721380233765,1.7495833784341812,0.8514769994360829,1,0
1,8,c20,1000,1000,0000,-0.6327455043792725,-0.76494300365448,0.13219749927520752,0.5311619680676458,1,0
2,1,c32,1101,1101,1110,-1.232953429222107,-1.9729101657867432,0.7399567365646362,0.2916682018767077,1,0
2,2,s12,1011,1101,1101,-1.7985668182373047,-0.5765438079833984,-1.2220230102539062,0.16555360654961593,0,0
2,3,x0,0011,0011,1111,-0.10366986691951752,-3.031846523284912,2.9281766563653946,0.9015905673873001,1,0
2,4,x0,1011,1011,0011,-0.03489907085895538,-3.4168381690979004,3.381939098238945,0.9657173709811223,1,0
2,5,s30,1011,1011,0011,-0.7474236488342285,-0.9235097169876099,0.17608606815338135,0.4736175437681011,1,0
2,6,t120,1011,1011,0011,-0.20215950906276703,-1.7028460502624512,1.5006865411996841,0.8169827611902334,1,0
2,7,c30,0011,0011,1011,-0.5761803388595581,-0.8265358805656433,0.2503555417060852,0.5620732224877784,1,0
2,8,x1,0111,0111,0011,-0.008810654282569885,-5.333815574645996,5.325004920363426,0.992621287962365,1,0
3,1,t031,1111,1011,1011,-2.2973976135253906,-1.911178469657898,-0.3862191438674927,0.10055466466133364,0,0
3,2,s01,1111,0111,0111,-1.4690773487091064,-0.911090612411499,-0.5579867362976074,0.23016374574176007,0,0
3,3,c21,1011,1011,1111,-0.20378074049949646,-1.9328950643539429,1.7291143238544464,0.8156921878617289,1,0
3,4,c30,0011,0011,1011,-0.6404014229774475,-0.7690891027450562,0.12868767976760864,0.527143017949314,1,0
3,5,s10,0011,0011,1011,-0.3929276168346405,-1.3338685035705566,0.9409408867359161,0.675082504865111,1,0
3,6,s10,0011,0011,1011,-0.2522773742675781,-1.9421707391738892,1.689893364906311,0.7770356273615249,1,0
3,7,x3,0010,0010,0011,-0.011827044188976288,-4.449326515197754,4.437499471008778,0.9882607224115241,1,0
3,8,t013,0010,0010,0011,-0.07021673768758774,-2.695216417312622,2.6249996796250343,0.9322051552088804,1,0
4,1,s03,0011,1010,1010,-2.5657365322113037,-2.0698723793029785,-0.4958641529083252,0.07689736917864025,0,0
4,2,s23,0011,0001,0001,-2.399365186691284,-2.1003098487854004,-0.2990553379058838,0.09082098938026241,0,0
4,3,s31,0110,0011,0011,-1.7087435722351074,-1.0348447561264038,-0.6738988161087036,0.1811069170437584,0,0
4,4,x1,0010,0010,0011,-0.5884772539138794,-1.3384772539138794,0.75,0.5552372795352685,1,0
4,5,x1,0110,0110,0010,-0.07912231981754303,-2.6107585430145264,2.5316362231969833,0.9239565124403459,1,0
4,6,c03,0110,0111,0111,-1.502718210220337,-0.2527181804180145,-1.2500000298023224,0.22252902758854018,0,0
4,7,s01,1010,0110,0110,-1.0781521797180176,-0.474699467420578,-0.6034527122974396,0.3402294113697746,0,0
4,8,x3,1011,1011,1010,-0.0126901064068079,-4.76269006729126,4.749999960884452,0.9874068303246143,1,0
5,1,c32,0110,0100,0100,-2.312405586242676,-2.1306943893432617,-0.18171119689941406,0.09913488638836364,0,0
5,2,s23,0101,0110,0110,-1.73495352268219,-0.7750942707061768,-0.9598592519760132,0.1764229666193862,0,0
5,3,s20,0101,1100,1100,-0.9077142477035522,-0.8066644668579102,-0.10104978084564209,0.4035346368570669,0,0
5,4,t132,0111,0101,0101,-1.1546846628189087,-0.3922978937625885,-0.7623867690563202,0.31517484762406484,0,0
5,5,x1,0011,0011,0111,-0.009615731425583363,-5.029476165771484,5.019860434345901,0.9904904526287516,1,0
5,6,x2,0001,0001,0011,-0.002956216689199209,-6.00465726852417,6.001701051834971,0.9971659749634413,1,0
5,7,t320,0001,0001,1001,-0.5763055682182312,-0.8336804509162903,0.2573748826980591,0.5619846683686583,1,0
5,8,s10,0001,0001,1000,-0.2523854672908783,-1.7539477348327637,1.5015622675418854,0.7769500952462093,1,0
6,1,t230,1101,0101,0101,-2.0703372955322266,-2.0444605350494385,-0.025876760482788086,0.12619841429584527,0,0
6,2,t031,1001,1101,1101,-1.1572597026824951,-0.6928995847702026,-0.4643601179122925,0.3143597912392956,0,0
6,3,x0,0001,0001,1001,-0.020791199058294296,-4.028692245483398,4.007901046425104,0.9794494388006348,1,0
6,4,t230,0001,0001,1001,-0.201460063457489,-1.7051104307174683,1.5036503672599792,0.8175494106970003,1,0
6,5,c32,0011,0001,0001,-0.8263134360313416,-0.5760624408721924,-0.25025099515914917,0.4376707341150963,0,0
6,6,t013,0011,0011,0010,-0.002211923012509942,-6.127212047576904,6.125000124564394,0.997791794497076,1,0
6,7,c20,1011,1011,0011,-0.5761661529541016,-0.826033353805542,0.24986720085144043,0.5620690298601126,1,0
6,8,x1,1111,1111,1011,-0.025095419958233833,-4.06096076965332,4.0358653496950865,0.975485830911705,1,0
7,1,t102,0110,0110,0100,-1.824267864227295,-2.210472345352173,0.38620448112487793,0.16149915494082198,1,0
7,2,c02,0110,0100,0100,-0.8474868535995483,-0.7394084930419922,-0.10807836055755615,0.42852308024869484,0,0
7,3,x2,0100,0100,0101,-0.008205697871744633,-5.383205413818359,5.374999715946615,0.9918968005727467,1,0
7,4,c30,0100,1100,1100,-0.8263134360313416,-0.5762766003608704,-0.2500368356704712,0.437735251621027,0,0
7,5,x0,1100,1100,0100,-0.010715709067881107,-4.636063098907471,4.62534738983959,0.9901964022433188,1,0
7,6,x3,1101,1101,1100,-0.002532950136810541,-6.065032482147217,6.062499532010406,0.9974844499245911,1,0
7,7,x2,1111,1111,1110,-0.0014489511959254742,-7.501449108123779,7.500000156927854,0.999190272368054,1,0
7,8,t120,0111,1111,1111,-0.9741278886795044,-0.4741346836090088,-0.4999932050704956,0.37752834411033986,0,0
8,1,c32,0101,0101,0110,-1.6660361289978027,-2.3925044536590576,0.7264683246612549,0.18921900953193008,1,0
8,2,t123,0101,0101,0100,-0.42126601934432983,-1.5462660789489746,1.1250000596046448,0.6563006171741187,1,0
8,3,x1,0001,0001,0111,-0.005479125306010246,-6.067480087280273,6.062000961974263,0.9945936573723002,1,0
8,4,s30,1000,0001,0001,-0.8873245120048523,-0.5776160359382629,-0.30970847606658936,0.4117790909226354,0,0
8,5,t103,1000,1000,1001,-0.062469009310007095,-2.812469005584717,2.7499999962747097,0.9394514491126026,1,0
8,6,c13,1000,1000,1001,-0.160475492477417,-1.910475492477417,1.75,0.8517450517312716,1,0
8,7,t301,1000,1000,1100,-0.02650362066924572,-3.651470899581909,3.6249672789126635,0.9738612282983612,1,0
8,8,x1,1100,1100,1000,-0.01726808398962021,-4.3357744216918945,4.318506337702274,0.9830796544348991,1,0
9,1,c23,1100,1101,1101,-1.525388479232788,-1.400388479232788,-0.125,0.2178900352192824,0,0
9,2,s32,1100,1110,1110,-1.1724921464920044,-0.681155264377594,-0.4913368821144104,0.30963171362397535,0,0
9,3,s01,1100,1100,0100,-0.6718970537185669,-1.560863971710205,0.8889669179916382,0.5108468358897704,1,0
9,4,s03,0101,1100,1100,-1.2005985975265503,-0.8517179489135742,-0.3488806486129761,0.30107266414624106,0,0
9,5,x2,0111,0111,0101,-0.021029556170105934,-5.209052085876465,5.188022529706359,0.9809388373163135,1,0
9,6,t013,0111,0111,0110,-0.2837076783180237,-1.408707618713379,1.1249999403953552,0.7529961118052351,1,0
9,7,s03,1110,1110,0111,-0.48020052909851074,-1.0578796863555908,0.5776791572570801,0.6187074993459672,1,0
9,8,x3,1111,1111,1110,-0.006130516063421965,-5.131130218505859,5.124999702442437,0.9939235543979801,1,0
10,1,t210,1101,1101,0101,-1.5842444896697998,-1.8996025323867798,0.31535804271698,0.20523739998321242,1,0
10,2,s30,1101,1101,0110,-1.0827322006225586,-1.3437403440475464,0.2610081434249878,0.338719582866447,1,0
10,3,c31,1001,1001,1101,-0.6235081553459167,-0.9874515533447266,0.3639433979988098,0.5360772141388853,1,0
10,4,c32,1011,1011,1001,-0.41708964109420776,-1.1753795146942139,0.7582898736000061,0.6589704326996424,1,0
10,5,x0,0011,0011,1011,-0.01821441948413849,-4.542149066925049,4.52393464744091,0.9819920293497787,1,0
10,6,x0,1011,1011,0011,-0.0022568232379853725,-6.252217769622803,6.249960946384817,0.9979661467786297,1,0
10,7,t213,1011,1010,1010,-1.3134225606918335,-0.3134225308895111,-1.0000000298023224,0.26889971044368316,0,0
10,8,s13,1110,1011,1011,-0.8705278038978577,-0.6425613164901733,-0.22796648740768433,0.41873901579213174,0,0
11,1,x3,1101,1101,1100,-1.377196192741394,-1.8771960735321045,0.49999988079071045,0.2527615260729546,1,0
11,2,x0,0101,0101,1001,-0.11796459555625916,-3.4544739723205566,3.3365093767642975,0.888855217912493,1,0
11,3,t213,0101,0101,0100,-0.36663004755973816,-1.2416300773620605,0.8750000298023224,0.6930809883427395,1,0
11,4,c02,0101,0111,0111,-2.0186922550201416,-0.14433901011943817,-1.8743532449007034,0.13284040566384311,0,0
11,5,c32,0111,0111,0101,-0.1611860692501068,-1.9108558893203735,1.7496698200702667,0.8512019962956068,1,0
11,6,t120,1111,0111,0111,-1.313651204109192,-0.31336620450019836,-1.0002849996089935,0.2688447886928864,0,0
11,7,s03,1111,1111,0111,-0.26431262493133545,-1.5451840162277222,1.2808713912963867,0.767738420571516,1,0
11,8,c23,1110,1110,1111,-0.22572185099124908,-1.600721836090088,1.3749999850988388,0.7979445764101037,1,0
12,1,x1,0011,0011,0101,-1.2707538604736328,-2.309311628341675,1.038557767868042,0.28069293132290263,1,0
12,2,c02,0011,0011,0001,-0.7285104393959045,-0.839687168598175,0.11117672920227051,0.4826749400010182,1,0
12,3,c30,1011,0011,0011,-0.694718599319458,-0.6935264468193054,-0.0011921525001525879,0.4992309400568143,0,0
12,4,c31,1111,1111,1011,-0.22940514981746674,-1.6147477626800537,1.385342612862587,0.7950136893605652,1,0
12,5,s10,1111,1111,0111,-0.5817989706993103,-0.8266456723213196,0.24484670162200928,0.5588962174928108,1,0
12,6,c13,1110,1110,1111,-0.20171064138412476,-1.7017107009887695,1.5000000596046448,0.8173602492693958,1,0
12,7,t302,1110,1110,1100,-0.6468520164489746,-0.7701979279518127,0.12334591150283813,0.5237056632689743,1,0
12,8,s02,1110,1110,0110,-0.5777194499969482,-1.4591203927993774,0.8814009428024292,0.5611824425446983,1,0
13,1,c12,1000,1000,1010,-1.5985157489776611,-1.7022603750228882,0.10374462604522705,0.20254114116138205,1,0
13,2,t120,1000,1000,0001,-0.33107319474220276,-2.365394115447998,2.0343209207057953,0.7181814008106068,1,0
13,3,s12,1000,1000,1100,-0.07411044836044312,-2.6976728439331055,2.6235623955726624,0.9286071259214189,1,0
13,4,s23,1000,1000,1010,-0.13931217789649963,-2.2389230728149414,2.0996108949184418,0.8699649267717637,1,0
13,5,t201,1000,1000,1100,-0.0036446331068873405,-5.628653049468994,5.625008416362107,0.9963776915125624,1,0
13,6,s23,1000,1000,1010,-0.09764555096626282,-2.4640822410583496,2.366436690092087,0.9069730862504345,1,0
13,7,t120,1000,1000,0000,-0.00673067569732666,-5.065881252288818,5.059150576591492,0.993299405116364,1,0
13,8,x3,1001,1001,1000,-0.003520144149661064,-5.6910200119018555,5.687499867752194,0.9965869679359193,1,0
14,1,c31,1000,1000,1100,-1.7510310411453247,-1.9556617736816406,0.20463073253631592,0.17376869114282434,1,0
14,2,c10,1000,1000,0000,-0.8323211669921875,-1.0708507299423218,0.23852956295013428,0.43507883608741627,1,0
14,3,x3,1001,1001,1000,-0.015447691082954407,-4.265447616577148,4.249999925494194,0.985207034906927,1,0
14,4,t013,1001,1001,1000,-0.043239448219537735,-3.1682393550872803,3.1249999068677425,0.9577012253761203,1,0
14,5,c30,0001,1001,1001,-0.8624323606491089,-0.5760555267333984,-0.28637683391571045,0.42214997769377693,0,0
14,6,s02,0001,0001,1000,-0.1613282710313797,-1.9133464097976685,1.7520181387662888,0.8510252048834451,1,0
14,7,c12,0001,0001,0011,-0.4740988314151764,-0.9741023778915405,0.5000035464763641,0.6224517172335455,1,0
14,8,s03,1000,0001,0001,-1.1394190788269043,-0.39014047384262085,-0.7492786049842834,0.32000893855502616,0,0
15,1,c13,1110,1110,1111,-1.136465311050415,-1.761465311050415,0.625,0.32118349335194196,1,0
15,2,c01,1010,1010,1110,-0.5616378784179688,-1.126404047012329,0.5647661685943604,0.5702961792497896,1,0
15,3,t132,1010,1010,1000,-0.1911517232656479,-1.9363657236099243,1.7452140003442764,0.8260177709542976,1,0
15,4,s01,0110,1010,1010,-1.7428393363952637,-0.25216928124427795,-1.4906700551509857,0.17502398014442366,0,0
15,5,t230,0110,0110,1110,-0.2017170488834381,-1.70357346534729,1.501856416463852,0.817334149326755,1,0
15,6,s30,0110,0110,1100,-0.8342889547348022,-1.2744886875152588,0.44019973278045654,0.4341934729326396,1,0
15,7,x2,0100,0100,0110,-0.0019112543668597937,-6.575029373168945,6.5731181188020855,0.9981001525825663,1,0
15,8,s20,0100,1100,1100,-0.6958780288696289,-0.6955305933952332,-0.00034743547439575195,0.49863944952872763,0,0
16,1,c12,1000,1010,1010,-1.8178858757019043,-1.5544133186340332,-0.2634725570678711,0.16270219152780066,0,0
16,2,c12,1000,1000,1010,-0.279527485370636,-1.731722116470337,1.452194631099701,0.7561950802612679,1,0
16,3,s23,1000,1000,1010,-0.10620439052581787,-2.5802836418151855,2.4740792512893677,0.8992882108197651,1,0
16,4,x1,1100,1100,1000,-0.055061470717191696,-3.021458625793457,2.9663971550762653,0.9465222493500253,1,0
16,5,s03,0101,1100,1100,-1.7311159372329712,-0.5858044624328613,-1.1453114748001099,0.1771119184311645,0,0
16,6,t231,0101,0101,0011,-0.22587017714977264,-2.3579163551330566,2.132046177983284,0.7978799290078722,1,0
16,7,s23,0110,0101,0101,-0.9383149743080139,-0.5485194325447083,-0.38979554176330566,0.39129358342390935,0,0
16,8,c32,0110,0110,0100,-0.48433953523635864,-1.1359485387802124,0.6516090035438538,0.6161623851193172,1,0
17,1,s10,0101,0101,1001,-2.1267027854919434,-2.2137022018432617,0.08699941635131836,0.11926141770144609,1,0
17,2,s10,1001,0101,0101,-1.6655995845794678,-0.9900622367858887,-0.6755373477935791,0.18909150080882944,0,0
17,3,s01,0101,1001,1001,-1.6418325901031494,-0.5487048625946045,-1.093127727508545,0.19362994319776008,0,0
17,4,s13,0101,0101,0011,-0.7828660011291504,-1.6713619232177734,0.888495922088623,0.45713975281374836,1,0
17,5,x1,0001,0001,1001,-0.08815500140190125,-3.637657403945923,3.5495024025440216,0.9156828564385925,1,0
17,6,c02,0001,0001,0011,-0.2522379457950592,-1.502272605895996,1.250034660100937,0.7770722618020875,1,0
17,7,x2,0011,0011,0001,-0.005517932586371899,-5.568390369415283,5.562872436828911,0.9961247688788365,1,0
17,8,t012,0011,0011,0001,-0.0011985396267846227,-7.001206874847412,7.0000083352206275,0.9988231137417994,1,0
18,1,t023,1011,1010,1010,-1.8581182956695557,-1.8581182956695557,0.0,0.15615138895807296,0,1
18,2,s23,1011,1011,1001,-1.0866117477416992,-1.2135791778564453,0.1269674301147461,0.33738108793175214,1,0
18,3,t013,1011,1011,1010,-0.5864933729171753,-0.8364933729171753,0.25,0.5562788294278473,1,0
18,4,c03,1010,1010,1011,-0.20322728157043457,-1.7032274007797241,1.5000001192092896,0.8160976792002803,1,0
18,5,t102,1010,1010,1000,-0.1862993687391281,-1.8753072023391724,1.6890078336000443,0.8300374942270593,1,0
18,6,c20,0010,1010,1010,-0.7056816816329956,-0.6942792534828186,-0.011402428150177002,0.49380385427836476,0,0
18,7,t302,0010,0010,0000,-0.006108779460191727,-5.1858954429626465,5.179786663502455,0.9939111778012287,1,0
18,8,s23,0001,0010,0010,-0.9890217781066895,-0.6175332069396973,-0.3714885711669922,0.37194230936701234,0,0
19,1,x1,1100,1100,1010,-1.3606493473052979,-2.445692777633667,1.0850434303283691,0.25658984700225407,1,0
19,2,s01,1100,1100,0100,-0.9226630926132202,-1.2316093444824219,0.30894625186920166,0.3974975461545969,1,0
19,3,x1,1000,1000,1010,-0.06089554727077484,-3.3005712032318115,3.2396756559610367,0.9409551874280304,1,0
19,4,t023,1000,1000,1001,-0.16229559481143951,-1.9122955799102783,1.7499999850988388,0.8501981771700836,1,0
19,5,c13,1000,1000,1001,-0.17985333502292633,-1.8048533201217651,1.6249999850988388,0.8353982826794166,1,0
19,6,x3,1001,1001,1000,-0.0023811403661966324,-6.064880847930908,6.062499707564712,0.997666122454937,1,0
19,7,c30,0001,1001,1001,-0.7981775403022766,-0.6953477263450623,-0.10282981395721436,0.4501717734817403,0,0
19,8,t230,0001,0001,1001,-0.018187614157795906,-4.018799304962158,4.000611690804362,0.9819779348459003,1,0
20,1,c23,1111,1111,1110,-1.3108148574829102,-1.6858148574829102,0.375,0.26994715020070026,1,0
20,2,t032,1101,1101,1111,-0.724590539932251,-0.7670409679412842,0.0424504280090332,0.4845484482912746,1,0
20,3,t102,1111,1111,1101,-0.2880566716194153,-1.4192135334014893,1.131156861782074,0.7497400610730142,1,0
20,4,x0,0111,0111,1111,-0.012803986668586731,-4.40070104598999,4.3878970593214035,0.9874950866384594,1,0
20,5,c20,1111,1111,0111,-0.25283899903297424,-1.5024040937423706,1.2495650947093964,0.7766324760331579,1,0
20,6,s13,1111,1111,1011,-0.6164740324020386,-1.0329431295394897,0.41646909713745117,0.5398480839010358,1,0
20,7,x0,0111,0111,1111,-0.0007561157108284533,-7.251714706420898,7.25095859071007,0.9992659619877227,1,0
20,8,x1,0011,0011,1101,-0.008948752656579018,-5.4100518226623535,5.4011030700057745,0.9911345233670916,1,0
21,1,s03,1010,0010,0010,-2.861055374145508,-2.4214155673980713,-0.4396398067474365,0.057240958998343965,0,0
21,2,s20,1010,1010,0001,-2.332474946975708,-2.4779434204101562,0.14546847343444824,0.097087104215083,1,0
21,3,x3,1011,1011,1010,-0.7862060070037842,-2.661205768585205,1.874999761581421,0.45594366326859426,1,0
21,4,c23,1010,1010,1011,-0.14431774616241455,-2.144317865371704,2.0000001192092896,0.8656907311926179,1,0
21,5,x0,0010,0010,1010,-0.06742820888757706,-2.9586098194122314,2.8911816105246544,0.9348379888583658,1,0
21,6,x0,1010,1010,0010,-0.08942805230617523,-2.464425802230835,2.3749977499246597,0.9144930722243815,1,0
21,7,x0,0010,0010,1010,-0.47435328364372253,-0.9781532883644104,0.5038000047206879,0.6222930501321493,1,0
21,8,c31,0010,0010,0110,-0.5805136561393738,-0.8393650054931641,0.2588513493537903,0.5596226331498596,1,0
22,1,x3,0101,0101,0100,-1.6115480661392212,-1.9865480661392212,0.375,0.2000288471969027,1,0
22,2,t201,0101,0101,0001,-0.2552104890346527,-2.1955461502075195,1.9403356611728668,0.7748339595976219,1,0
22,3,s12,0011,0101,0101,-1.0591691732406616,-0.8968964219093323,-0.16227275133132935,0.34675714677660435,0,0
22,4,s32,0011,0001,0001,-0.8398878574371338,-0.6446135640144348,-0.19527429342269897,0.4317672421768964,0,0
22,5,c23,0010,0010,0011,-0.4745102822780609,-0.9745102524757385,0.4999999701976776,0.6221952121879747,1,0
22,6,c12,0010,0010,0000,-0.703219473361969,-0.7364644408226013,0.033244967460632324,0.4950138747864497,1,0
22,7,t321,0010,0010,0110,-0.0487152524292469,-3.054943799972534,3.0062285475432873,0.952467408045612,1,0
22,8,x1,0110,0110,0010,-0.0033276306930929422,-5.816122055053711,5.812794424360618,0.9969950355741245,1,0
23,1,x3,1000,1000,1001,-1.1969456672668457,-1.8219456672668457,0.625,0.3027562656010894,1,0
23,2,s21,1000,1000,1100,-0.35230231285095215,-1.5930063724517822,1.24070405960083,0.7030965823839351,1,0
23,3,s30,0001,1000,1000,-2.972844123840332,-0.34057438373565674,-2.6322697401046753,0.05115954158914477,0,0
23,4,t201,0001,0001,0101,-0.014660622924566269,-4.56816291809082,4.553502295166254,0.9854560343043164,1,0
23,5,x1,0101,0101,0100,-0.006800553761422634,-6.131800174713135,6.124999620951712,0.9945547507399489,1,0
23,6,s10,1001,0101,0101,-0.730836033821106,-0.6940448880195618,-0.03679114580154419,0.48151493292467795,0,0
23,7,t301,1101,1001,1001,-1.7016834020614624,-0.2016262710094452,-1.5000571310520172,0.18237941640206143,0,0
23,8,s12,1011,1101,1101,-1.7899513244628906,-0.5337574481964111,-1.2561938762664795,0.16697569427908251,0,0
24,1,s13,0110,0011,0011,-2.4215750694274902,-2.062100887298584,-0.35947418212890625,0.08880335952424351,0,0
24,2,x2,0100,0100,0101,-1.0499489307403564,-1.7999489307403564,0.75,0.3503196507157967,1,0
24,3,c32,0100,0100,0110,-0.2647867202758789,-1.751249074935913,1.4864623546600342,0.767478859522684,1,0
24,4,s02,0100,0100,1100,-0.2048233449459076,-1.8053992986679077,1.6005759537220001,0.8148434976947199,1,0
24,5,x2,0110,0110,0100,-0.018531985580921173,-4.219944000244141,4.2014120146632195,0.9819598890967374,1,0
24,6,c03,0110,0111,0111,-0.8986287713050842,-0.5236287713050842,-0.375,0.4071366969692171,0,0
24,7,t032,0110,0110,0100,-0.1017410159111023,-2.3667423725128174,2.265001356601715,0.9032915585701732,1,0
24,8,s21,0110,0110,0011,-0.43246546387672424,-1.1164554357528687,0.6839899718761444,0.6489145780632188,1,0
25,1,c13,1100,1100,1101,-1.3104344606399536,-1.685434341430664,0.37499988079071045,0.2699121172400646,1,0
25,2,t230,1100,1100,0100,-0.42970287799835205,-1.5347552299499512,1.1050523519515991,0.6507394981457784,1,0
25,3,t320,1100,1100,0100,-0.10078223794698715,-2.36907696723938,2.2682947292923927,0.9041403491150015,1,0
25,4,c21,1100,1100,1000,-0.263324499130249,-1.5327244997024536,1.2694000005722046,0.7685140203285014,1,0
25,5,t031,1100,1100,1000,-0.014649496413767338,-4.281565189361572,4.266915692947805,0.9854930411927489,1,0
25,6,t312,1100,1100,1110,-0.12760192155838013,-2.12715482711792,1.9995529055595398,0.8802305828216609,1,0
25,7,t130,1100,1100,0100,-0.16032513976097107,-1.915575385093689,1.755250245332718,0.8518942940036547,1,0
25,8,x2,1110,1110,1100,-0.002653689356520772,-6.578593730926514,6.575940041569993,0.9975143085452056,1,0
26,1,t210,1101,1101,0101,-1.346640944480896,-1.8360116481781006,0.4893707036972046,0.26022524830730615,1,0
26,2,x3,1100,1100,1101,-0.05359012633562088,-3.3035902976989746,3.2500001713633537,0.947977164532509,1,0
26,3,x1,1000,1000,1110,-0.08617373555898666,-2.876295804977417,2.7901220694184303,0.9174750045268484,1,0
26,4,s23,1000,1000,1010,-0.24185791611671448,-1.8051860332489014,1.563328117132187,0.7851714581427883,1,0
26,5,c31,1000,1000,1100,-0.2015688419342041,-1.701472282409668,1.4999034404754639,0.817479328302701,1,0
26,6,s21,1000,1000,1100,-0.043439097702503204,-3.1681790351867676,3.1247399374842644,0.9575172197667694,1,0
26,7,s30,0001,1000,1000,-2.6242294311523438,-0.3135276436805725,-2.3107017874717712,0.07249685827873455,0,0
26,8,s32,0010,0001,0001,-1.5307374000549316,-0.7586501836776733,-0.7720872163772583,0.21637716502567503,0,0
27,1,t213,1100,1100,1101,-1.233729362487793,-1.358729362487793,0.125,0.2915292275841725,1,0
27,2,x0,0100,0100,1000,-0.06763520836830139,-4.343165874481201,4.2755306661129,0.934855458710024,1,0
27,3,x0,1100,1100,0100,-0.00700637511909008,-5.026238918304443,5.019232543185353,0.9931002571430433,1,0
27,4,x1,1000,1000,1001,-0.12084633111953735,-2.8708462715148926,2.7499999403953552,0.8861895412045041,1,0
27,5,t130,1000,1000,0001,-0.16262832283973694,-2.336700439453125,2.174072116613388,0.8499347273985957,1,0
27,6,x0,0000,0000,1000,-0.024892741814255714,-4.2782793045043945,4.253386562690139,0.9754166978307677,1,0
27,7,c03,0000,0000,0001,-0.16218818724155426,-1.912188172340393,1.7499999850988388,0.8502830985245154,1,0
27,8,s31,0000,0100,0100,-1.510467290878296,-0.3197110891342163,-1.1907562017440796,0.22080807320326068,0,0
28,1,x1,1111,1111,1001,-1.401700735092163,-2.467886209487915,1.066185474395752,0.24624381289948954,1,0
28,2,x3,1110,1110,1111,-0.03331940621137619,-3.7833194732666016,3.7500000670552254,0.9673383227593295,1,0
28,3,c01,1010,1010,1110,-0.3352488875389099,-1.7193020582199097,1.3840531706809998,0.715219845271042,1,0
28,4,t320,1010,1010,0010,-0.12759238481521606,-2.1371028423309326,2.0095104575157166,0.8802244389336437,1,0
28,5,x1,1110,1110,1010,-0.01523249689489603,-4.36612606048584,4.350893563590944,0.9858789090327484,1,0
28,6,c02,1100,1100,1110,-0.2829129993915558,-1.414825201034546,1.1319122016429901,0.7535968042500975,1,0
28,7,c23,1100,1101,1101,-1.406279444694519,-0.28127947449684143,-1.1249999701976776,0.24505566776754414,0,0
28,8,c21,1100,1100,1000,-0.16237734258174896,-1.9369221925735474,1.7745448499917984,0.8501365329731223,1,0
29,1,t312,0100,0110,0110,-1.7809563875198364,-1.6751666069030762,-0.10578978061676025,0.16872542418416764,0,0
29,2,s12,0010,0100,0100,-1.6893569231033325,-0.4709051549434662,-1.2184517681598663,0.1846536108386415,0,0
29,3,s21,0100,0010,0010,-1.3484376668930054,-0.625000536441803,-0.7234371304512024,0.2596676689818553,0,0
29,4,t230,0100,0100,1100,-0.10204067081212997,-2.3558127880096436,2.2537721171975136,0.9030949623179232,1,0
29,5,t130,0100,0100,1100,-0.018215274438261986,-4.020411014556885,4.002195740118623,0.9819592442378695,1,0
29,6,t013,0100,0100,0101,-0.062425922602415085,-2.8124258518218994,2.7499999292194843,0.9394901143197291,1,0
29,7,x2,0110,0110,0100,-0.014428224414587021,-4.298072814941406,4.283644590526819,0.9858247835976516,1,0
29,8,t210,1110,0110,0110,-1.9109965562820435,-0.16105379164218903,-1.7499427646398544,0.14793435482395909,0,0
30,1,t120,1110,0110,0110,-2.0247573852539062,-1.4455978870391846,-0.5791594982147217,0.1320747951257532,0,0
30,2,s21,1110,1110,1011,-0.9088543057441711,-1.439782738685608,0.5309284329414368,0.4030161408751744,1,0
30,3,c10,0110,0110,1110,-0.5797238349914551,-0.8269047737121582,0.24718093872070312,0.5600786440517869,1,0
30,4,c01,0110,0110,0010,-0.11375880241394043,-2.2388603687286377,2.1251015663146973,0.8924810463952222,1,0
30,5,x2,0100,0100,0101,-0.005332952365279198,-5.505332946777344,5.4999999944120646,0.9947274575495576,1,0
30,6,s20,0100,0100,1100,-0.694310188293457,-0.6961839199066162,0.0018737316131591797,0.49942909127276264,1,0
30,7,x1,0000,0000,0100,-0.0034217708744108677,-5.771422863006592,5.768001092132181,0.9966072165955159,1,0
30,8,s10,0000,0000,1000,-0.31376275420188904,-1.3132764101028442,0.9995136559009552,0.7306957433364684,1,0
31,1,t012,0011,0011,0001,-1.5232155323028564,-2.3073482513427734,0.784132719039917,0.21820238946784587,1,0
31,2,t310,0011,0011,1011,-0.5791795253753662,-1.0368000268936157,0.4576205015182495,0.5603726273179737,1,0
31,3,t320,1011,0011,0011,-1.0002039670944214,-0.4741477370262146,-0.5260562300682068,0.36781268899652325,0,0
31,4,x1,1111,1111,1001,-0.021353892982006073,-3.970431327819824,3.949077434837818,0.9793917569802641,1,0
31,5,t203,1110,1110,1111,-0.42954716086387634,-1.0545471906661987,0.6250000298023224,0.6508182132243434,1,0
31,6,s01,1110,1110,0110,-0.31970036029815674,-1.5418672561645508,1.222166895866394,0.7263715880312167,1,0
31,7,t230,1110,1110,0110,-0.12720219790935516,-2.134608507156372,2.007406309247017,0.8806036731153175,1,0
31,8,x0,0110,0110,1110,-0.005733192432671785,-5.256370544433594,5.250637352000922,0.9943905951338341,1,0
32,1,x1,1000,1000,1001,-1.865884780883789,-2.115884780883789,0.25,0.15481378190857734,1,0
32,2,x0,0000,0000,1000,-0.06296013295650482,-3.3265252113342285,3.2635650783777237,0.9389958759032795,1,0
32,3,s13,0000,0000,0100,-0.1958484947681427,-1.817732572555542,1.6218840777873993,0.8221429375480629,1,0
32,4,x0,1000,1000,0000,-0.3868740499019623,-1.1369673013687134,0.7500932514667511,0.6791771008187615,1,0
32,5,s23,1000,1000,1010,-0.3526930809020996,-1.4090819358825684,1.0563888549804688,0.7027969168721308,1,0
32,6,t102,1000,1000,1010,-0.02328439988195896,-3.773348808288574,3.7500644084066153,0.9769873110619337,1,0
32,7,x0,0000,0000,1000,-0.07906375825405121,-2.6081643104553223,2.529100552201271,0.9239880515299456,1,0
32,8,c32,0000,0000,0010,-0.12861838936805725,-2.1284432411193848,1.9998248517513275,0.8793138277407466,1,0
33,1,s02,0011,1001,1001,-2.7284128665924072,-2.115387439727783,-0.613025426864624,0.06536741739386999,0,0
33,2,c02,0011,0001,0001,-2.3033864498138428,-1.5037058591842651,-0.7996805906295776,0.10005580615418985,0,0
33,3,t301,0011,0011,0111,-0.5244860053062439,-0.9728737473487854,0.4483877420425415,0.591883927368529,1,0
33,4,s10,0011,0011,1001,-0.6309177875518799,-1.409932255744934,0.7790144681930542,0.5321330145548777,1,0
33,5,c02,0011,0011,0001,-0.17981326580047607,-1.8047733306884766,1.6249600648880005,0.8354417406278761,1,0
33,6,t021,0011,0011,0111,-0.04861721023917198,-3.049440383911133,3.000823173671961,0.9525497252053611,1,0
33,7,x2,0001,0001,0011,-0.001111665740609169,-7.440313339233398,7.439201673492789,0.9993559243331792,1,0
33,8,c32,0011,0001,0001,-0.7042648792266846,-0.6932426691055298,-0.011022210121154785,0.494496737832571,0,0
34,1,s23,1100,1110,1110,-2.0264503955841064,-1.886976718902588,-0.13947367668151855,0.1318864699972106,0,0
34,2,t013,1101,1100,1100,-0.8278805017471313,-0.8278805017471313,0.0,0.4371648969116337,0,1
34,3,t102,1111,1111,1101,-0.37564289569854736,-1.3544294834136963,0.9787865877151489,0.6869107935184527,1,0
34,4,s21,1111,1111,1011,-0.8094574213027954,-0.8247960805892944,0.015338659286499023,0.445150215483844,1,0
34,5,c20,0111,0111,1111,-0.3877352476119995,-1.1389203071594238,0.7511850595474243,0.6786653879809588,1,0
34,6,t012,0111,0111,0101,-0.35189926624298096,-1.225424885749817,0.8735256195068359,0.7033649410000645,1,0
34,7,x2,0101,0101,0111,-0.0009989833924919367,-7.515161037445068,7.514162054052576,0.999061550084563,1,0
34,8,t132,0111,0111,0101,-0.5848946571350098,-0.8350724577903748,0.250177800655365,0.5572136817873704,1,0
35,1,x2,0110,0110,0101,-1.3705112934112549,-2.3985676765441895,1.0280563831329346,0.2543444711887024,1,0
35,2,t312,0110,0110,0100,-0.568920373916626,-1.0972416400909424,0.5283212661743164,0.5662088553901952,1,0
35,3,c30,0110,1110,1110,-0.9797842502593994,-0.47850796580314636,-0.501276284456253,0.3754366622941011,0,0
35,4,t032,0110,0110,0100,-0.20315349102020264,-1.713168978691101,1.5100154876708984,0.8161785567182801,1,0
35,5,x0,1110,1110,0110,-0.05076199769973755,-3.061039447784424,3.0102774500846863,0.9513109858309813,1,0
35,6,s20,1110,1110,0111,-0.32634681463241577,-1.8939727544784546,1.5676259398460388,0.7215635619341466,1,0
35,7,s03,0111,1110,1110,-0.7823628187179565,-0.7032477855682373,-0.07911503314971924,0.45732948197621587,0,0
35,8,c02,0111,0101,0101,-2.3982717990875244,-0.13852275907993317,-2.2597490400075912,0.09088257798975441,0,0
36,1,s20,0001,0001,1000,-1.9532904624938965,-2.361567497253418,0.4082770347595215,0.1418538406232012,1,0
36,2,x1,0101,0101,0011,-0.33634427189826965,-1.8344590663909912,1.4981147944927216,0.7145601815975653,1,0
36,3,c23,0101,0100,0100,-0.9862316250801086,-0.48623162508010864,-0.5,0.3729930182331919,0,0
36,4,s32,0110,0101,0101,-0.7688533067703247,-0.7040342092514038,-0.0648190975189209,0.4635596146745473,0,0
36,5,x0,1110,1110,0110,-0.17115050554275513,-2.2748472690582275,2.1036967635154724,0.8435909716454951,1,0
36,6,c23,1111,1111,1110,-0.03849077597260475,-3.2884907722473145,3.2499999962747097,0.9622460258879879,1,0
36,7,s30,1111,1111,0111,-0.5794071555137634,-0.8974677920341492,0.31806063652038574,0.5602470201473606,1,0
36,8,t132,1101,1101,1111,-0.20146821439266205,-1.7026383876800537,1.5011701732873917,0.8175453343348354,1,0
37,1,x2,1100,1100,1101,-1.397782802581787,-2.272782802581787,0.875,0.24735200965580717,1,0
37,2,c03,1101,1101,1100,-0.40016108751296997,-1.4001611471176147,1.0000000596046448,0.6704332670038818,1,0
37,3,c31,1001,1001,1101,-0.714301586151123,-0.8153364658355713,0.10103487968444824,0.4895549044228263,1,0
37,4,t321,1001,1001,1101,-0.1439957320690155,-2.0196797847747803,1.8756840527057648,0.8659125910130392,1,0
37,5,s21,1001,1001,1100,-0.27084147930145264,-1.505319595336914,1.2344781160354614,0.7627678047419272,1,0
37,6,c23,1001,1000,1000,-0.8982208371162415,-0.5232208371162415,-0.375,0.40729594879495684,0,0
37,7,c31,1101,1101,1001,-0.2813950777053833,-1.4098683595657349,1.1284732818603516,0.754811110952308,1,0
37,8,x3,1100,1100,1101,-0.1798418164253235,-1.8048417568206787,1.6249999403953552,0.8354576147249285,1,0
38,1,s03,1010,0010,0010,-2.8995132446289062,-2.2742953300476074,-0.6252179145812988,0.05507479509141293,0,0
38,2,t103,1010,1010,1011,-1.409857988357544,-1.784857988357544,0.375,0.2444962249382407,1,0
38,3,t031,1010,1010,1110,-0.476972758769989,-0.9779038429260254,0.5009310841560364,0.6206697085278509,1,0
38,4,c03,1011,1011,1010,-0.05502116307616234,-2.930021047592163,2.8749998845160007,0.9464698868569827,1,0
38,5,t102,1011,1011,1001,-0.3496319055557251,-1.224083662033081,0.874451756477356,0.7049830269355067,1,0
38,6,t013,1011,1011,1010,-0.2520083487033844,-1.502008318901062,1.2499999701976776,0.7772422886197727,1,0
38,7,s32,1011,1011,1001,-0.5290000438690186,-1.0597220659255981,0.5307220220565796,0.5892003116788072,1,0
38,8,t201,1111,1011,1011,-0.8261148929595947,-0.576030969619751,-0.25008392333984375,0.4377489667857642,0,0
39,1,c01,0101,0101,0001,-2.0286872386932373,-2.043344259262085,0.014657020568847656,0.13158103779577218,1,0
39,2,x0,1101,1101,0101,-0.5320525169372559,-1.7690790891647339,1.237026572227478,0.5877050426700079,1,0
39,3,t102,1111,1111,1101,-0.5415655970573425,-0.9824024438858032,0.4408368468284607,0.5818527748575242,1,0
39,4,c32,1101,1101,1111,-0.11436688154935837,-2.491291046142578,2.3769241645932198,0.8919519615866737,1,0
39,5,t230,1101,1101,0101,-0.5765247941017151,-0.8337685465812683,0.2572437524795532,0.5619343195578335,1,0
39,6,c31,1001,1101,1101,-0.9772356748580933,-0.5569140911102295,-0.42032158374786377,0.37635991940954616,0,0
39,7,x3,1000,1000,1001,-0.07915089279413223,-2.579150676727295,2.4999997839331627,0.9239549757545286,1,0
39,8,x2,1010,1010,1001,-0.0031503327190876007,-6.0383734703063965,6.035223137587309,0.9971032977222969,1,0
40,1,s21,1010,1100,1100,-2.4482169151306152,-1.9830660820007324,-0.4651508331298828,0.08647166916150255,0,0
40,2,s02,1010,1010,0101,-1.5499885082244873,-2.6184234619140625,1.0684349536895752,0.2123115740813411,1,0
40,3,x2,1000,1000,1010,-0.21727295219898224,-1.956692099571228,1.7394191473722458,0.8048390239399843,1,0
40,4,x3,1001,1001,1000,-0.010407037101686,-4.822907447814941,4.812500410713255,0.9897057820199417,1,0
40,5,s10,0101,1001,1001,-1.254544734954834,-0.5926988124847412,-0.6618459224700928,0.28522841502839696,0,0
40,6,s32,0110,0101,0101,-1.1281263828277588,-0.8679903745651245,-0.2601360082626343,0.3236790351922776,0,0
40,7,x2,0100,0100,0101,-0.12421157956123352,-2.874211549758911,2.7499999701976776,0.8832476130193697,1,0
40,8,x3,0101,0101,0100,-0.006151224952191114,-5.1311516761779785,5.125000451225787,0.9939138039569255,1,0
41,1,t013,0010,0010,0011,-1.5103847980499268,-1.7603847980499268,0.25,0.22102996008581538,1,0
41,2,x1,0110,0110,0010,-0.11700918525457382,-3.073756217956543,2.956747032701969,0.8895966914403255,1,0
41,3,t013,0110,0110,0111,-0.5273271799087524,-0.9023271799087524,0.375,0.5901849335317603,1,0
41,4,s30,0110,0110,1110,-0.8397544622421265,-1.2194112539291382,0.3796567916870117,0.4318503167352482,1,0
41,5,c21,0010,0010,0110,-0.5776156783103943,-0.8262506723403931,0.24863499402999878,0.5612498876369212,1,0
41,6,c31,0010,0110,0110,-0.7577877044677734,-0.6329970955848694,-0.12479060888290405,0.4687208345985144,0,0
41,7,x2,0000,0000,0010,-0.0035108935553580523,-6.192136764526367,6.188625870971009,0.9965238304809436,1,0
41,8,c12,0000,0000,0010,-0.3133193552494049,-1.3133028745651245,0.9999835193157196,0.7310259668321092,1,0
42,1,c20,0010,1010,1010,-2.130363941192627,-1.8669865131378174,-0.26337742805480957,0.11883528067836051,0,0
42,2,c21,0110,0010,0010,-0.797219455242157,-0.6672456860542297,-0.12997376918792725,0.45059042375402547,0,0
42,3,x1,0010,0010,0110,-0.019982175901532173,-4.322468280792236,4.302486104890704,0.9802900577853845,1,0
42,4,x3,0011,0011,0010,-0.0015195263549685478,-6.876519680023193,6.875000153668225,0.9984862289682539,1,0
42,5,t310,0011,0011,1011,-0.3875027596950531,-1.1470311880111694,0.7595284283161163,0.6787687392112339,1,0
42,6,t102,0011,0011,0001,-0.023455917835235596,-3.7734479904174805,3.749992072582245,0.9768424157291398,1,0
42,7,s31,0110,0110,0101,-0.7734489440917969,-1.3979742527008057,0.6245253086090088,0.4614250907844095,1,0
42,8,c20,1110,1110,0110,-0.5762264728546143,-0.8262901306152344,0.2500636577606201,0.5620500009138885,1,0
43,1,x3,1010,1010,1011,-1.2099225521087646,-2.3349223136901855,1.124999761581421,0.29873943488329935,1,0
43,2,c30,1010,1010,0010,-0.6404979228973389,-1.0882658958435059,0.447767972946167,0.5270839823427176,1,0
43,3,t201,1110,1010,1010,-1.7383989095687866,-0.20325376093387604,-1.5351451486349106,0.17580451587660711,0,0
43,4,s13,1011,1110,1110,-1.2462632656097412,-0.5867860913276672,-0.659477174282074,0.2876139866944297,0,0
43,5,t203,1010,1010,1011,-0.5812022686004639,-0.8312022686004639,0.25,0.5592517966447873,1,0
43,6,x0,0010,0010,1010,-0.034405723214149475,-3.840827226638794,3.8064215034246445,0.966216546507246,1,0
43,7,t210,0010,0010,1010,-0.018210504204034805,-4.020008087158203,4.001797582954168,0.9819553276203979,1,0
43,8,t210,0010,0010,1010,-0.02326582372188568,-3.7758374214172363,3.7525715976953506,0.9770036045025929,1,0
44,1,s20,1111,0111,0111,-2.368340492248535,-2.274109363555908,-0.09423112869262695,0.09365837505855368,0,0
44,2,t210,0111,1111,1111,-1.2590444087982178,-1.0251272916793823,-0.23391711711883545,0.2840082557426421,0,0
44,3,s01,1011,0111,0111,-1.2884511947631836,-1.1577683687210083,-0.1306828260421753,0.27570676667958594,0,0
44,4,c20,0011,0011,1011,-0.879642903804779,-1.2265949249267578,0.34695202112197876,0.41499024971921467,1,0
44,5,c23,0010,0010,0011,-0.34931889176368713,-1.3493188619613647,0.9999999701976776,0.7052221881230472,1,0
44,6,s23,0001,0001,0010,-0.862805962562561,-0.9621486067771912,0.09934264421463013,0.4220012026208665,1,0
44,7,s01,0001,0001,1001,-0.5516086220741272,-1.5586676597595215,1.0070590376853943,0.576031422117179,1,0
44,8,x0,1001,1001,0001,-0.07943862676620483,-2.5883326530456543,2.5088940262794495,0.9237333380464069,1,0
45,1,t203,0001,0001,0000,-1.3711161613464355,-2.1211161613464355,0.75,0.25434807575358054,1,0
45,2,x3,0000,0000,0001,-0.028368033468723297,-5.15336799621582,5.124999962747097,0.9720960477505292,1,0
45,3,c32,0000,0000,0010,-0.14897772669792175,-2.025826930999756,1.876849204301834,0.8615988900778222,1,0
45,4,x1,0100,0100,0000,-0.012843281961977482,-4.862351894378662,4.849508612416685,0.9873093189607559,1,0
45,5,t103,0100,0100,0101,-0.013991467654705048,-4.513991832733154,4.500000365078449,0.9861139848957626,1,0
45,6,s02,0100,0100,1100,-0.25318443775177,-1.5101749897003174,1.2569905519485474,0.7763375154609785,1,0
45,7,t012,0100,0100,0110,-0.014267613179981709,-4.264293193817139,4.250025580637157,0.9858394785137916,1,0
45,8,x3,0101,0101,0100,-0.004690675064921379,-5.379690170288086,5.374999495223165,0.9953232254021852,1,0
46,1,s20,0111,1101,1101,-2.720118522644043,-2.277865171432495,-0.44225335121154785,0.06588706762435065,0,0
46,2,t201,0111,0111,0011,-1.2792747020721436,-2.1769845485687256,0.897709846496582,0.27833435017551333,1,0
46,3,t120,1111,0111,0111,-0.7052470445632935,-0.6992694139480591,-0.005977630615234375,0.49401245533104376,0,0
46,4,t132,1101,1101,1111,-0.2833254635334015,-1.4632041454315186,1.179878681898117,0.7533398893834126,1,0
46,5,x2,1111,1111,1101,-0.005970553494989872,-5.478659629821777,5.4726890763267875,0.9944929646055211,1,0
46,6,x3,1110,1110,1111,-0.10170398652553558,-2.3517041206359863,2.2500001341104507,0.9033768005378487,1,0
46,7,c03,1111,1111,1110,-0.043699368834495544,-3.1686995029449463,3.1250001341104507,0.9573198318675332,1,0
46,8,c21,1011,1111,1111,-0.9745392203330994,-0.4934843182563782,-0.4810549020767212,0.3773726223507179,0,0
47,1,c21,1101,1101,1001,-2.070016622543335,-2.0704431533813477,0.0004265308380126953,0.12626153268122856,1,0
47,2,t201,1101,1101,1001,-0.6794474720954895,-1.0945844650268555,0.41513699293136597,0.5069496365228071,1,0
47,3,t310,0101,1101,1101,-1.3192883729934692,-0.3136981725692749,-1.0055902004241943,0.26734731272393375,0,0
47,4,s31,0101,0101,0011,-0.7453140616416931,-1.2021970748901367,0.4568830132484436,0.4745906527575809,1,0
47,5,c10,1101,1101,0101,-0.47420573234558105,-0.9741666316986084,0.49996089935302734,0.6224174649671531,1,0
47,6,c03,1100,1100,1101,-0.42923659086227417,-1.0542365312576294,0.6249999403953552,0.6510209724719656,1,0
47,7,x0,0100,0100,1100,-0.03488339111208916,-3.482597827911377,3.447714436799288,0.9663425044867805,1,0
47,8,s32,0100,0110,0110,-0.9774945378303528,-0.5257889032363892,-0.4517056345939636,0.3762894682506929,0,0
48,1,s13,0000,0000,0100,-1.9113620519638062,-1.9485070705413818,0.037145018577575684,0.14794264569562549,1,0
48,2,s13,0000,0000,0100,-0.20583002269268036,-2.1448423862457275,1.9390123635530472,0.813995984529169,1,0
48,3,x3,0001,0001,0000,-0.0819183886051178,-2.581918239593506,2.499999850988388,0.9214061261611554,1,0
48,4,s13,0100,0001,0001,-1.308300256729126,-0.4078112542629242,-0.9004890024662018,0.27028999292392764,0,0
48,5,s13,0001,0100,0100,-2.287783145904541,-0.6741452217102051,-1.613637924194336,0.1015210525056464,0,0
48,6,c31,0101,0001,0001,-1.4101108312606812,-0.6222816705703735,-0.7878291606903076,0.24420860063411853,0,0
48,7,s03,1100,0101,0101,-0.8240917325019836,-0.6805757284164429,-0.14351600408554077,0.43868164100340445,0,0
48,8,c32,1100,1110,1110,-0.88357013463974,-0.5839094519615173,-0.29966068267822266,0.41335069262449936,0,0
49,1,s12,0001,0100,0100,-2.0570521354675293,-2.0114879608154297,-0.04556417465209961,0.12789279425387096,0,0
49,2,s20,0001,0001,1000,-0.5547423958778381,-1.7315609455108643,1.1768185496330261,0.5742563722894584,1,0
49,3,c20,0001,0001,1001,-0.38802042603492737,-1.148215651512146,0.7601952254772186,0.678445934005419,1,0
49,4,t032,0001,0001,0011,-0.07018452137708664,-2.70111346244812,2.6309289410710335,0.9322473157601363,1,0
49,5,s21,0001,0001,0100,-0.6141989827156067,-0.829541802406311,0.21534281969070435,0.541148082049243,1,0
49,6,c21,0001,0001,0101,-0.4742008447647095,-0.9742035865783691,0.5000027418136597,0.6224059359291341,1,0
49,7,s12,0001,0001,0100,-0.22910822927951813,-1.6012686491012573,1.3721604198217392,0.7952679050310633,1,0
49,8,c30,1001,0001,0001,-0.974169909954071,-0.47412699460983276,-0.5000429153442383,0.3775177234294412,0,0
50,1,t302,0100,0100,0110,-1.779346227645874,-1.8816969394683838,0.10235071182250977,0.16902241598596957,1,0
50,2,t012,0100,0100,0110,-0.05532276630401611,-3.2501633167266846,3.1948405504226685,0.9462008569750919,1,0
50,3,c13,0101,0101,0100,-0.38848668336868286,-1.1384867429733276,0.7500000596046448,0.6780902629099967,1,0
50,4,c03,0101,0100,0100,-0.8999499678611755,-0.5249499678611755,-0.375,0.4066131683114669,0,0
50,5,x3,0100,0100,0101,-0.013341698795557022,-4.450841903686523,4.437500204890966,0.9867813993869115,1,0
50,6,c13,0101,0101,0100,-0.47423696517944336,-0.9742369651794434,0.5,0.6223636249026975,1,0
50,7,t201,0101,0101,0001,-0.0030034389346837997,-6.504950046539307,6.501946607604623,0.9970332595773344,1,0
50,8,x3,0100,0100,0101,-0.019585708156228065,-3.957085609436035,3.937499901279807,0.9807560870356157,1,0
51,1,t130,1001,1001,0001,-1.6823554039001465,-2.5427393913269043,0.8603839874267578,0.1860488026583979,1,0
51,2,x1,1101,1101,1011,-0.05439038574695587,-3.573657989501953,3.5192676037549973,0.9471086695003724,1,0
51,3,x0,0101,0101,1101,-0.004155665636062622,-5.512235641479492,5.50807997584343,0.9958789277702645,1,0
51,4,c02,0101,0111,0111,-1.505364179611206,-0.260547399520874,-1.244816780090332,0.22195159232295605,0,0
51,5,t302,0101,0101,0111,-0.4291011691093445,-1.055428385734558,0.6263272166252136,0.6511067005709041,1,0
51,6,s30,1100,1100,0101,-0.5804353356361389,-0.8364881277084351,0.25605279207229614,0.5596922170129912,1,0
51,7,x1,1000,1000,1100,-0.11044102162122726,-3.1658992767333984,3.055458255112171,0.8955227867724526,1,0
51,8,c31,1000,1000,1100,-0.16071544587612152,-1.9103621244430542,1.7496466785669327,0.8515636638713252,1,0
52,1,c32,1010,1000,1000,-1.9654698371887207,-1.90879225730896,-0.05667757987976074,0.14024712258397753,0,0
52,2,t312,1010,1010,1001,-0.1466883420944214,-2.4860634803771973,2.339375138282776,0.8636059344590941,1,0
52,3,x0,0010,0010,1110,-0.03156092390418053,-3.873845100402832,3.8422841764986515,0.9690862464275438,1,0
52,4,c12,0010,0010,0001,-0.16082854568958282,-2.2589101791381836,2.0980816334486008,0.8514454993117548,1,0
52,5,c30,0010,0010,1010,-0.3870372474193573,-1.137384295463562,0.7503470480442047,0.6791139745777266,1,0
52,6,t203,0010,0010,0011,-0.31345149874687195,-1.3134515285491943,1.0000000298023224,0.7309220084861416,1,0
52,7,x0,1010,1010,0010,-0.008869803510606289,-4.919093132019043,4.910223328508437,0.991243159485817,1,0
52,8,t310,1010,1010,0010,-0.00535342562943697,-5.257469654083252,5.252116228453815,0.994662782286363,1,0
53,1,t021,1101,1001,1001,-2.2176461219787598,-2.092027187347412,-0.12561893463134766,0.10891786360204386,0,0
53,2,s03,1101,1101,0110,-1.077120304107666,-1.6037559509277344,0.5266356468200684,0.3406135592159567,1,0
53,3,c31,1001,1001,1101,-0.7722431421279907,-0.8537909984588623,0.08154785633087158,0.4619878437942651,1,0
53,4,t213,1001,1001,1000,-0.28151994943618774,-1.4065200090408325,1.1250000596046448,0.7546412769478316,1,0
53,5,x1,1101,1101,1011,-0.007868148386478424,-5.4587931632995605,5.450925014913082,0.9923945629507158,1,0
53,6,t312,1111,1101,1101,-0.8987821340560913,-0.5232768654823303,-0.375505268573761,0.40707469965681997,0,0
53,7,t321,1011,1111,1111,-1.6004502773284912,-0.2258947491645813,-1.37455552816391,0.20181124656868446,0,0
53,8,c23,1010,1010,1011,-0.4306824505329132,-1.0556824207305908,0.6249999701976776,0.6500687748708948,1,0
54,1,x1,0001,0001,0111,-1.3609294891357422,-1.9622490406036377,0.6013195514678955,0.25652101170113334,1,0
54,2,s21,0001,0001,0100,-0.3456387221813202,-2.029204845428467,1.6835661232471466,0.7077858042065062,1,0
54,3,c20,0001,1001,1001,-0.8269194960594177,-0.5762375593185425,-0.25068193674087524,0.43740052876364244,0,0
54,4,x2,0011,0011,0001,-0.006613381672650576,-5.912749290466309,5.906135908793658,0.9963372745440258,1,0
54,5,x3,0010,0010,0011,-0.0072559998370707035,-4.944756031036377,4.937500031199306,0.9928172536458569,1,0
54,6,t103,0010,0010,0011,-0.12717555463314056,-2.1271753311157227,1.999999776482582,0.8805968071825004,1,0
54,7,x0,1010,1010,0010,-0.013281460851430893,-4.390192031860352,4.376910571008921,0.9874966979709914,1,0
54,8,s12,1100,1010,1010,-2.0828332901000977,-0.2216303050518036,-1.861202985048294,0.12457842197003426,0,0
55,1,x1,0111,0111,0001,-1.6746655702590942,-2.0775530338287354,0.4028874635696411,0.1874367509298537,1,0
55,2,x1,0011,0011,1000,-0.2900928854942322,-3.2339115142822266,2.9438186287879944,0.7482368194847596,1,0
55,3,x3,0010,0010,0011,-0.013167433440685272,-4.513167858123779,4.500000424683094,0.9869910388754832,1,0
55,4,x1,0110,0110,0000,-0.099874347448349,-2.865962266921997,2.766087919473648,0.9238901685033947,1,0
55,5,c31,0110,0110,0010,-0.060259610414505005,-2.9365012645721436,2.8762416541576385,0.9415697090554362,1,0
55,6,c30,0110,1110,1110,-0.8261106014251709,-0.576154351234436,-0.24995625019073486,0.4378033241276423,0,0
55,7,x3,0111,0111,0110,-0.001845969702117145,-6.314345836639404,6.312499866937287,0.9981635938565662,1,0
55,8,s10,1011,0111,0111,-1.1470978260040283,-0.6980780959129333,-0.44901973009109497,0.3175723732847548,0,0
56,1,x0,1101,1101,1001,-1.7731292247772217,-2.4780216217041016,0.7048923969268799,0.16987515108432283,1,0
56,2,t201,1101,1001,1001,-0.9952993392944336,-0.6723815202713013,-0.3229178190231323,0.3696364296361978,0,0
56,3,c21,1101,1001,1001,-1.3500885963439941,-0.7038612961769104,-0.6462273001670837,0.259229691412872,0,0
56,4,x1,1001,1001,1111,-0.027458861470222473,-3.876868963241577,3.8494101017713547,0.9729875351859238,1,0
56,5,c10,1001,0001,0001,-0.9745170474052429,-0.48912397027015686,-0.48539307713508606,0.37739526632050935,0,0
56,6,c30,0001,1001,1001,-0.7189306616783142,-0.6932802200317383,-0.025650441646575928,0.48729960601137506,0,0
56,7,t320,0001,0001,1001,-0.3132968246936798,-1.313360333442688,1.0000635087490082,0.7310374160014065,1,0
56,8,c10,0001,0001,1001,-0.6931641101837158,-0.6931757926940918,1.1682510375976562e-05,0.49999708025970263,1,0
57,1,t210,1010,1010,0110,-1.7341163158416748,-2.1996302604675293,0.4655139446258545,0.1766428276254832,1,0
57,2,s01,0110,1010,1010,-1.0894293785095215,-0.7290178537368774,-0.36041152477264404,0.33642379295021235,0,0
57,3,t301,0110,0110,0010,-0.024674344807863235,-3.9012248516082764,3.876550506800413,0.9756450692761989,1,0
57,4,x0,1110,1110,0110,-0.020906098186969757,-3.9017515182495117,3.880845420062542,0.9795636125801729,1,0
57,5,t312,1110,1110,1100,-0.3892602324485779,-1.1402565240859985,0.7509962916374207,0.6775686958268416,1,0
57,6,t203,1111,1111,1110,-0.18002285063266754,-1.8050228357315063,1.6249999850988388,0.8352610990984362,1,0
57,7,t210,0111,0111,1111,-0.6931940317153931,-0.6932584047317505,6.437301635742188e-05,0.49998435157666227,1,0
57,8,x2,0101,0101,0111,-0.00075694196857512,-7.877687454223633,7.876930512255058,0.9992924694954142,1,0
58,1,x2,1001,1001,1010,-1.1622322797775269,-2.398573398590088,1.236341118812561,0.31310166269669404,1,0
58,2,t120,1001,1001,0001,-0.46024811267852783,-1.6949942111968994,1.2347460985183716,0.6311873003096867,1,0
58,3,s31,1100,1001,1001,-0.9275611639022827,-0.5826660394668579,-0.3448951244354248,0.39553598540592094,0,0
58,4,s31,1001,1100,1100,-2.891526699066162,-0.3655862510204315,-2.5259404480457306,0.055493675735979416,0,0
58,5,x1,1101,1101,1100,-0.45888131856918335,-1.0838812589645386,0.6249999403953552,0.632019899413024,1,0
58,6,x1,1001,1001,1101,-0.11889522522687912,-2.2540781497955322,2.135182924568653,0.8879178793886315,1,0
58,7,t312,1001,1001,1011,-0.10733385384082794,-2.3597118854522705,2.2523780316114426,0.8982489954988442,1,0
58,8,x2,1011,1011,1001,-0.004888315685093403,-5.792588233947754,5.7876999182626605,0.996355324498337,1,0
59,1,c12,0101,0101,0110,-1.4759602546691895,-2.1750059127807617,0.6990456581115723,0.22886113072813757,1,0
59,2,s02,0101,0101,1101,-0.6552996635437012,-1.5105739831924438,0.8552743196487427,0.5193324969062614,1,0
59,3,s21,0011,0101,0101,-1.1580615043640137,-0.5768553614616394,-0.5812061429023743,0.31410784941160186,0,0
59,4,c30,1011,0011,0011,-0.8422202467918396,-0.6432482004165649,-0.19897204637527466,0.43078999549220537,0,0
59,5,s21,1101,1011,1011,-1.6247782707214355,-0.5966182947158813,-1.0281599760055542,0.196957749215743,0,0
59,6,s31,1101,1101,1001,-0.7047044038772583,-1.8860523700714111,1.1813479661941528,0.4942848012636604,1,0
59,7,c31,1001,1001,1101,-0.6816282868385315,-0.7688071727752686,0.08717888593673706,0.5057979786100136,1,0
59,8,s01,0101,1001,1001,-1.9866983890533447,-0.20613746345043182,-1.780560925602913,0.1371477751216816,0,0
60,1,s20,1101,0011,0011,-2.7844398021698,-2.4931607246398926,-0.2912790775299072,0.06177468859935112,0,0
60,2,c20,1101,0101,0101,-2.158548355102539,-2.0852866172790527,-0.07326173782348633,0.11552877837083288,0,0
60,3,x1,1001,1001,1111,-0.07613665610551834,-3.0455801486968994,2.969443492591381,0.9267616638517501,1,0
60,4,x1,1101,1101,1011,-0.02353915385901928,-3.796642303466797,3.7731031496077776,0.9767704352162557,1,0
60,5,c31,1001,1101,1101,-0.7552985548973083,-0.7005283832550049,-0.05477017164230347,0.4699069159060683,0,0
60,6,s32,1010,1010,1001,-0.6477062702178955,-0.8098366260528564,0.16213035583496094,0.5232531074064888,1,0
60,7,s32,1001,1010,1010,-2.00777530670166,-0.5899019241333008,-1.4178733825683594,0.13429155142472912,0,0
60,8,t013,1001,1001,1000,-0.08925014734268188,-2.464249849319458,2.374999701976776,0.9146236629272805,1,0
61,1,s02,1110,1110,0110,-2.251155376434326,-2.4069395065307617,0.15578413009643555,0.105303216698814,1,0
61,2,c03,1111,1111,1110,-0.5031222105026245,-1.6281222105026245,1.125,0.6051287172422927,1,0
61,3,c31,1011,1011,1111,-0.351467102766037,-1.3270049095153809,0.9755378067493439,0.703706163327411,1,0
61,4,t321,1111,1011,1011,-1.2275651693344116,-0.3493048846721649,-0.8782602846622467,0.29301124155258507,0,0
61,5,c03,1110,1110,1111,-0.16102872788906097,-1.9110287427902222,1.7500000149011612,0.8513126903897004,1,0
61,6,s02,1110,1110,0111,-0.4778931438922882,-1.4987488985061646,1.0208557546138763,0.6201224936506557,1,0
61,7,s23,1101,1110,1110,-2.1075916290283203,-0.5715664029121399,-1.5360252261161804,0.12153160049736225,0,0
61,8,s12,1011,1101,1101,-1.5448483228683472,-0.4525967538356781,-1.092251569032669,0.21334924289257035,0,0
62,1,t230,1001,1001,1101,-1.5240604877471924,-2.4115352630615234,0.887474775314331,0.21797606201292058,1,0
62,2,x0,0001,0001,1101,-0.017131639644503593,-4.682943344116211,4.665811704471707,0.9830501474677502,1,0
62,3,x0,1001,1001,0001,-0.0037367569748312235,-5.629340171813965,5.625603414839134,0.996347663590043,1,0
62,4,t021,1001,1001,1101,-0.16056306660175323,-1.9129388332366943,1.752375766634941,0.851673508943115,1,0
62,5,t132,1001,1001,1011,-0.14291413128376007,-2.021852493286133,1.8789383620023727,0.8668332287399461,1,0
62,6,t103,1001,1001,1000,-0.575971782207489,-0.825971782207489,0.25,0.5621602250359876,1,0
62,7,x1,1101,1101,1011,-0.0299461018294096,-3.8431661128997803,3.8132200110703707,0.9706383686848746,1,0
62,8,x0,0101,0101,1101,-0.0029142838902771473,-5.8780012130737305,5.875086929183453,0.9971392381548443,1,0
63,1,s12,0001,0001,0100,-1.8415648937225342,-2.200843334197998,0.35927844047546387,0.1586333093900002,1,0
63,2,x1,0101,0101,0011,-0.485347181558609,-1.873810052871704,1.388462871313095,0.615644136516467,1,0
63,3,t301,0101,0101,0001,-0.08816003799438477,-2.78318190574646,2.695021867752075,0.9156612693766494,1,0
63,4,t231,0101,0101,0001,-0.14403894543647766,-2.1459033489227295,2.001864403486252,0.8659566029320442,1,0
63,5,t301,0101,0101,0011,-0.0022108459379523993,-6.845278263092041,6.843067417154089,0.9978052163985277,1,0
63,6,x3,0100,0100,0101,-0.017699774354696274,-4.080199718475342,4.0624999441206455,0.9829646142987573,1,0
63,7,t321,0100,0100,0000,-0.027179580181837082,-4.216963768005371,4.189784187823534,0.9733080384779372,1,0
63,8,c20,0100,1100,1100,-0.8260296583175659,-0.5760180950164795,-0.2500115633010864,0.43780887460655354,0,0
64,1,s10,0000,0000,1000,-1.6485159397125244,-2.2221503257751465,0.5736343860626221,0.1923856051944751,1,0
64,2,s03,0000,0000,1000,-0.3501315712928772,-1.4987109899520874,1.1485794186592102,0.704612176906503,1,0
64,3,s30,0000,0000,1000,-0.204132080078125,-1.7665455341339111,1.5624134540557861,0.8153601495735271,1,0
64,4,c01,0000,0000,0100,-0.008970762602984905,-4.759514331817627,4.750543569214642,0.9911475289530765,1,0
64,5,c03,0000,0000,0001,-0.01821528561413288,-4.018215179443359,3.9999998938292265,0.9819523785565378,1,0
64,6,c30,0000,0000,1000,-0.023306675255298615,-3.7735795974731445,3.750272922217846,0.976975072975168,1,0
64,7,t031,0000,0000,0100,-0.0006915720296092331,-7.375808238983154,7.375116666953545,0.9993137981323627,1,0
64,8,t013,0000,0000,0010,-5.245161446509883e-05,-10.67992877960205,10.679876327987586,0.9999481786497193,1,0
65,1,s23,1010,1001,1001,-1.952728509902954,-1.7829370498657227,-0.16979146003723145,0.14209534238398333,0,0
65,2,t203,1011,1010,1010,-1.0674289464950562,-0.8174290060997009,-0.24999994039535522,0.34413615514564216,0,0
65,3,x1,1111,1111,1011,-0.017592335119843483,-4.185698986053467,4.168106650933623,0.9825973171853711,1,0
65,4,t321,1011,1111,1111,-0.8268179893493652,-0.5835952758789062,-0.24322271347045898,0.4374563967837223,0,0
65,5,s32,1011,1011,1001,-0.7651646137237549,-0.9577510952949524,0.1925864815711975,0.4652770449673984,1,0
65,6,c12,1011,1001,1001,-0.8288687467575073,-0.5766868591308594,-0.25218188762664795,0.43654583880869596,0,0
65,7,c12,1011,1001,1001,-0.827159583568573,-0.5762530565261841,-0.2509065270423889,0.4372908432954895,0,0
65,8,x0,0011,0011,1111,-0.033696189522743225,-3.8373970985412598,3.8037009090185165,0.9668826867716802,1,0
66,1,x0,1010,1010,1000,-1.7830129861831665,-2.429281711578369,0.6462687253952026,0.16817896902135349,1,0
66,2,t120,1010,1010,0010,-0.6111307740211487,-0.9430513978004456,0.3319206237792969,0.542751005841722,1,0
66,3,s32,1001,1010,1010,-0.9842559099197388,-0.9210353493690491,-0.0632205605506897,0.37372728033912744,0,0
66,4,c21,1001,1101,1101,-0.8305261731147766,-0.580047070980072,-0.2504791021347046,0.43583117925745174,0,0
66,5,x2,1011,1011,1001,-0.004066995345056057,-6.652156829833984,6.648089834488928,0.9976727697495751,1,0
66,6,s02,1011,1011,0011,-0.5788096785545349,-0.8498613834381104,0.27105170488357544,0.5605794172654786,1,0
66,7,t310,1011,1011,0011,-0.07961598038673401,-2.579172372817993,2.499556392431259,0.9234777781576311,1,0
66,8,t301,1111,1011,1011,-1.2249085903167725,-0.3491005599498749,-0.8758080303668976,0.2937874746992725,0,0
67,1,s30,1010,0011,0011,-2.8683555126190186,-2.3039937019348145,-0.5643618106842041,0.056805577719835285,0,0
67,2,t120,1010,1010,0011,-1.7343226671218872,-2.5911803245544434,0.8568576574325562,0.17658871354423916,1,0
67,3,c13,1010,1011,1011,-1.6069518327713013,-0.23195187747478485,-1.3749999552965164,0.20050171712846482,0,0
67,4,x3,1011,1011,1010,-0.0015957944560796022,-6.501595497131348,6.499999702675268,0.9984135402970242,1,0
67,5,c03,1010,1010,1011,-0.08917002379894257,-2.464169979095459,2.3749999552965164,0.9147044961903802,1,0
67,6,s30,0011,1010,1010,-1.141508936882019,-0.48113811016082764,-0.6603708267211914,0.3193442600440051,0,0
67,7,x0,1011,1011,0011,-0.09325462579727173,-2.5911037921905518,2.49784916639328,0.9109992890052941,1,0
67,8,c20,0011,0011,1011,-0.47424376010894775,-0.9750262498855591,0.5007824897766113,0.6223703557977146,1,0
68,1,t023,0101,0101,0100,-1.6639089584350586,-1.9139089584350586,0.25,0.1897041796231952,1,0
68,2,x1,0001,0001,0111,-0.08215034008026123,-4.345956802368164,4.263806462287903,0.9212155968233329,1,0
68,3,x1,0101,0101,0011,-0.008488294668495655,-5.159769535064697,5.151281240396202,0.9915800097300611,1,0
68,4,s21,0011,0101,0101,-1.6202526092529297,-0.3975794315338135,-1.2226731777191162,0.19785104633266148,0,0
68,5,c23,0010,0010,0011,-0.4389459788799286,-1.0639458894729614,0.6249999105930328,0.6447205206198195,1,0
68,6,s12,0100,0010,0010,-1.5397429466247559,-0.5861376523971558,-0.9536052942276001,0.21444994921007046,0,0
68,7,t213,0100,0100,0101,-0.06281013786792755,-2.812810182571411,2.7500000447034836,0.939162131230896,1,0
68,8,t013,0100,0100,0101,-0.0020661773160099983,-6.252066612243652,6.250000434927642,0.9979403195101509,1,0
69,1,s20,1101,0111,0111,-2.73166561126709,-2.4855730533599854,-0.2460925579071045,0.06512604924616668,0,0
69,2,c30,0101,0101,0111,-1.7410310506820679,-2.179255485534668,0.4382244348526001,0.1753888927525688,1,0
69,3,x1,0001,0001,0101,-0.04457955062389374,-3.7551608085632324,3.7105812579393387,0.9564731314999653,1,0
69,4,c13,0001,0001,0000,-0.2264120876789093,-1.601412057876587,1.3749999701976776,0.7973917391602329,1,0
69,5,c01,0001,0001,0101,-0.033809904009103775,-3.4088001251220703,3.3749902211129665,0.9668509291263834,1,0
69,6,x3,0000,0000,0001,-0.0038600722327828407,-5.753859996795654,5.7499999245628715,0.9967263580752643,1,0
69,7,s03,0000,0000,1000,-0.10703109949827194,-2.3558170795440674,2.2487859800457954,0.8985038934055001,1,0
69,8,x0,1000,1000,0000,-0.009985293261706829,-4.634998321533203,4.625013028271496,0.9902890272669111,1,0
70,1,x1,0100,0100,0010,-1.3498754501342773,-1.9382778406143188,0.5884023904800415,0.2593541054395182,1,0
70,2,t230,0100,0100,1100,-1.0777565240859985,-1.5569828748703003,0.47922635078430176,0.34040221153092365,1,0
70,3,x2,0110,0110,0101,-0.06009563431143761,-3.2834558486938477,3.22336021438241,0.9417003070725887,1,0
70,4,c23,0111,0111,0110,-0.2108686864376068,-1.7108685970306396,1.4999999105930328,0.8098944948038238,1,0
70,5,t013,0111,0111,0110,-0.31359851360321045,-1.3135985136032104,1.0,0.7308207360625034,1,0
70,6,t312,0101,0111,0111,-1.054186463356018,-0.42944616079330444,-0.6247403025627136,0.348484751892147,0,0
70,7,s02,0101,0101,1100,-0.5855602025985718,-0.892520546913147,0.3069603443145752,0.5568075215946269,1,0
70,8,s12,0011,0101,0101,-0.8362314701080322,-0.6624933481216431,-0.17373812198638916,0.4333473290401047,0,0
71,1,s10,1111,0111,0111,-2.2358932495117188,-2.0848312377929688,-0.15106201171875,0.10693013550493911,0,0
71,2,x2,1101,1101,0000,-0.1244632825255394,-4.253190040588379,4.1287267580628395,0.8835973343378173,1,0
71,3,t013,1100,1100,1101,-0.581592321395874,-0.831592321395874,0.25,0.5590240960175014,1,0
71,4,c32,1100,1100,1110,-0.4662807583808899,-1.1414648294448853,0.6751840710639954,0.6273668266359941,1,0
71,5,t023,1100,1100,1101,-0.22550861537456512,-1.6005085706710815,1.3749999552965164,0.7981156547030114,1,0
71,6,c32,1100,1110,1110,-1.550585389137268,-0.2520633637905121,-1.298522025346756,0.21213529332026396,0,0
71,7,s10,1100,1100,0100,-0.6329041719436646,-0.8014436960220337,0.16853952407836914,0.53105362433804,1,0
71,8,s01,1100,1100,0100,-0.3516635000705719,-1.2575339078903198,0.9058704078197479,0.7035472598579421,1,0
72,1,t132,0101,0101,0111,-1.9128443002700806,-1.960601568222046,0.04775726795196533,0.14782172849583275,1,0
72,2,c21,0101,0101,0001,-0.8052895069122314,-0.8665525913238525,0.061263084411621094,0.44701027235284385,1,0
72,3,s02,0101,0101,1100,-0.48287636041641235,-1.0046706199645996,0.5217942595481873,0.6170350381064512,1,0
72,4,c13,0100,0100,0101,-0.3884510099887848,-1.1384509801864624,0.7499999701976776,0.6781126038686304,1,0
72,5,x3,0101,0101,0100,-0.0023044226691126823,-6.252304553985596,6.250000131316483,0.9977161544707857,1,0
72,6,t102,0101,0101,0111,-0.3509625494480133,-1.227064847946167,0.8761022984981537,0.7040383168950985,1,0
72,7,s30,1100,1100,0101,-0.4878469705581665,-0.998591423034668,0.5107444524765015,0.6139731826147098,1,0
72,8,x1,1000,1100,1100,-0.9222316145896912,-0.7818170785903931,-0.1404145359992981,0.39764564632105737,0,0
73,1,x0,1100,1100,1000,-2.0816829204559326,-2.4253015518188477,0.34361863136291504,0.12477895348660087,1,0
73,2,c21,1100,1100,1000,-0.7405431270599365,-1.362726092338562,0.6221829652786255,0.47690695504167646,1,0
73,3,x1,1000,1000,1001,-0.11252064257860184,-2.987520694732666,2.875000052154064,0.8936124411206471,1,0
73,4,x0,0000,0000,1000,-0.020319480448961258,-4.20702600479126,4.1867065243422985,0.9799022199434588,1,0
73,5,s21,0000,0000,0100,-0.25483018159866333,-1.502509355545044,1.2476791739463806,0.7750502436624201,1,0
73,6,c32,0000,0000,0010,-0.22553561627864838,-1.6005916595458984,1.37505604326725,0.798091704231176,1,0
73,7,x3,0001,0001,0000,-0.004190673585981131,-5.504190444946289,5.499999771360308,0.9958238363621881,1,0
73,8,s13,0100,0100,0001,-0.4111151099205017,-1.226301908493042,0.8151867985725403,0.6629345859710747,1,0
74,1,c01,0000,0000,0001,-1.7505457401275635,-2.0005457401275635,0.25,0.17375585658441958,1,0
74,2,c13,0000,0000,0001,-0.638922393321991,-0.763922393321991,0.125,0.5278665095871735,1,0
74,3,s32,0000,0000,0010,-0.6474829912185669,-1.1597154140472412,0.5122324228286743,0.523386138479028,1,0
74,4,t203,0000,0000,0001,-0.000670207547955215,-8.125670433044434,8.125000225496478,0.999348178547969,1,0
74,5,c01,0000,0000,0100,-0.011123201809823513,-4.51113224029541,4.500009038485587,0.9889518206327277,1,0
74,6,x2,0010,0010,0000,-0.004629914183169603,-5.602344989776611,5.597715075593442,0.9956281428262255,1,0
74,7,x3,0011,0011,0010,-0.008737030439078808,-4.758736610412598,4.749999579973519,0.9913075484061198,1,0
74,8,t302,0011,0011,0001,-0.01840975135564804,-4.018439292907715,4.000029541552067,0.9817767218973856,1,0
75,1,x3,1100,1100,1101,-1.248131513595581,-2.248131513595581,1.0,0.2873906942946519,1,0
75,2,c32,1100,1110,1110,-1.0282399654388428,-0.7486138939857483,-0.2796260714530945,0.35765831001298376,0,0
75,3,x0,0100,0100,0101,-0.01957831159234047,-4.519578456878662,4.500000145286322,0.9808393214501877,1,0
75,4,s23,0100,0100,0110,-0.4050788879394531,-1.2374192476272583,0.8323403596878052,0.6669309159998861,1,0
75,5,c12,0110,0110,0100,-0.6936928629875183,-0.6937235593795776,3.069639205932617e-05,0.4997341852293827,1,0
75,6,c20,1110,1110,0110,-0.47555243968963623,-0.9744649529457092,0.498912513256073,0.6216019612589133,1,0
75,7,s31,1011,1110,1110,-1.6976178884506226,-0.4955592453479767,-1.2020586431026459,0.1831209391693957,0,0
75,8,x2,1001,1001,1011,-0.04903138801455498,-3.1618497371673584,3.1128183491528034,0.9521747233935409,1,0
76,1,t213,1000,1000,1001,-1.0293899774551392,-1.7793899774551392,0.75,0.35828342047650336,1,0
76,2,t203,1000,1000,1001,-0.0875241830945015,-2.587524175643921,2.4999999925494194,0.9162206445464948,1,0
76,3,s23,1000,1000,1010,-0.1896194964647293,-2.129152297973633,1.9395328015089035,0.8272841297983153,1,0
76,4,s10,0100,1000,1000,-2.187856912612915,-0.2520003020763397,-1.9358566105365753,0.11215917454442309,0,0
76,5,x3,0101,0101,0100,-0.007465762551873922,-5.132465839385986,5.125000076834112,0.9925688487106273,1,0
76,6,c21,0101,0101,0001,-0.7607951164245605,-0.8353244662284851,0.07452934980392456,0.4673214883292792,1,0
76,7,s12,0011,0101,0101,-1.171821117401123,-0.5363326668739319,-0.6354884505271912,0.30982616659774626,0,0
76,8,x3,0010,0010,0011,-0.015702910721302032,-4.578202247619629,4.562499336898327,0.98442789567913,1,0
77,1,s21,0001,0001,0100,-1.6731876134872437,-2.1759839057922363,0.5027962923049927,0.1877250740618914,1,0
77,2,s02,0001,0001,1000,-0.46404460072517395,-2.1663544178009033,1.7023098170757294,0.6288223923135663,1,0
77,3,t132,0001,0001,0011,-0.28409814834594727,-1.4188400506973267,1.1347419023513794,0.7527399661126534,1,0
77,4,t302,0001,0001,0011,-0.043448835611343384,-3.169074773788452,3.1256259381771088,0.9574929850339082,1,0
77,5,t203,0001,0001,0000,-0.00028632496832869947,-9.250286102294922,9.249999777326593,0.9997330978161548,1,0
77,6,c23,0001,0001,0000,-0.1130446121096611,-2.238044500350952,2.124999888241291,0.8931281580468933,1,0
77,7,x3,0000,0000,0001,-0.028944216668605804,-3.5914440155029297,3.562499798834324,0.9722361225785391,1,0
77,8,c01,0000,0000,0100,-0.11333657056093216,-2.2381510734558105,2.1248145028948784,0.8929456154016586,1,0
78,1,t023,1000,1000,1001,-1.3260164260864258,-1.5760164260864258,0.25,0.26614183465112856,1,0
78,2,c21,1000,1000,1100,-0.3453318178653717,-1.3369370698928833,0.9916052520275116,0.7080369546009218,1,0
78,3,t302,1000,1000,1010,-0.09093568474054337,-2.467376470565796,2.3764407858252525,0.9131176380393605,1,0
78,4,x2,1010,1010,1000,-0.012105690315365791,-7.549788475036621,7.537682784721255,0.9992106782535898,1,0
78,5,s31,1010,1010,1100,-0.07748328894376755,-3.152122974395752,3.0746396854519844,0.9255360486330195,1,0
78,6,c03,1011,1011,1010,-0.14288103580474854,-2.017881155014038,1.8750001192092896,0.8668685516460441,1,0
78,7,s31,1110,1011,1011,-2.3749537467956543,-0.29023364186286926,-2.084720104932785,0.09302295772361668,0,0
78,8,t230,1110,1110,0110,-0.20670796930789948,-2.015225648880005,1.8085176795721054,0.8135293730349608,1,0
79,1,c30,1101,0101,0101,-2.102311372756958,-1.998718500137329,-0.1035928726196289,0.12223366191900922,0,0
79,2,c01,1001,1001,1101,-0.3763219714164734,-1.55685293674469,1.1805309653282166,0.6864523566665899,1,0
79,3,c23,1001,1000,1000,-0.9758354425430298,-0.475835382938385,-0.5000000596046448,0.3768848007165317,0,0
79,4,s02,0011,1001,1001,-1.7511674165725708,-0.2554031312465668,-1.495764285326004,0.17357386810954734,0,0
79,5,x1,0111,0111,0011,-0.001908914651721716,-6.665280342102051,6.663371427450329,0.9982412758079127,1,0
79,6,c02,0111,0101,0101,-0.9744662642478943,-0.4742904305458069,-0.5001758337020874,0.3774003809591623,0,0
79,7,t130,1111,0111,0111,-1.1369913816452026,-0.3870620131492615,-0.7499293684959412,0.32079181418356195,0,0
79,8,c01,1011,1011,1111,-0.3485172390937805,-1.2242156267166138,0.8756983876228333,0.7057392597527388,1,0
80,1,x3,1110,1110,1111,-1.0210154056549072,-2.6460154056549072,1.625,0.3607412467119538,1,0
80,2,c20,0110,0110,1110,-0.45119279623031616,-1.1925663948059082,0.741373598575592,0.636969700863975,1,0
80,3,x2,0100,0100,0011,-0.02237754315137863,-4.91880464553833,4.8964271023869514,0.977914000961695,1,0
80,4,t031,0100,0100,0000,-0.010524790734052658,-4.863194465637207,4.852669674903154,0.9895435824112232,1,0
80,5,s30,0100,0100,1100,-0.47489994764328003,-0.9844402074813843,0.5095402598381042,0.6219613523747874,1,0
80,6,s20,0100,0100,1100,-0.1604394167661667,-1.9113941192626953,1.7509547024965286,0.8517730183011223,1,0
80,7,t320,0100,0100,1100,-0.06199099123477936,-2.8120124340057373,2.750021442770958,0.9398946631497339,1,0
80,8,c32,0100,0100,0110,-0.5237070918083191,-0.8990367650985718,0.3753296732902527,0.5924119494633822,1,0
81,1,c12,1001,1011,1011,-1.9617061614990234,-1.5808041095733643,-0.3809020519256592,0.1408849848105782,0,0
81,2,s10,0101,1001,1001,-0.8581253886222839,-0.7685728669166565,-0.08955252170562744,0.42399509378372663,0,0
81,3,s13,0101,0101,0011,-0.537092387676239,-1.5152153968811035,0.9781230092048645,0.5844975616553957,1,0
81,4,x1,0001,0001,1111,-0.01853981241583824,-5.5516228675842285,5.53308305516839,0.9817898925459729,1,0
81,5,c30,1001,0001,0001,-0.6937854886054993,-0.6934517621994019,-0.0003337264060974121,0.49970043632529776,0,0
81,6,x3,1000,1000,1001,-0.004885538946837187,-5.504885673522949,5.500000134576112,0.9951860827788458,1,0
81,7,s31,1000,1000,1100,-0.21290290355682373,-1.9207974672317505,1.7078945636749268,0.8082836637084918,1,0
81,8,s01,0100,1000,1000,-2.137756586074829,-0.1274271458387375,-2.0103294402360916,0.11791927245169358,0,0
82,1,c23,1001,1000,1000,-1.7295702695846558,-1.4795701503753662,-0.25000011920928955,0.17782706097052597,0,0
82,2,t021,1001,1101,1101,-1.0023962259292603,-0.510778546333313,-0.49161767959594727,0.36701131269463294,0,0
82,3,s21,1001,1001,1100,-0.32648587226867676,-1.3239786624908447,0.997492790222168,0.7215074932803184,1,0
82,4,s10,0101,1001,1001,-2.4989218711853027,-0.10028350353240967,-2.398638367652893,0.08217617062919398,0,0
82,5,c02,0101,0111,0111,-1.5040037631988525,-0.254012793302536,-1.2499909698963165,0.22226503579745077,0,0
82,6,s31,0101,0101,0011,-0.6049917340278625,-1.1001720428466797,0.49518030881881714,0.5460878129809452,1,0
82,7,t012,0101,0101,0111,-0.08909016847610474,-2.4642081260681152,2.3751179575920105,0.9147701893520712,1,0
82,8,c31,0001,0001,0011,-0.7751750946044922,-1.15030837059021,0.3751332759857178,0.4606326583411677,1,0
83,1,t103,1101,1100,1100,-1.5984081029891968,-1.4734081029891968,-0.125,0.20242671091694978,0,0
83,2,s32,1110,1110,1101,-1.3673956394195557,-1.382922649383545,0.015527009963989258,0.25479011519821404,1,0
83,3,s01,1110,1110,0111,-0.8604493141174316,-1.4487791061401367,0.5883297920227051,0.4229980584374124,1,0
83,4,x2,1100,1100,1101,-0.017924372106790543,-4.5179243087768555,4.499999936670065,0.9822641005049102,1,0
83,5,s20,0110,1100,1100,-1.268176555633545,-0.6279013156890869,-0.640275239944458,0.2813631155634395,0,0
83,6,s10,1010,0110,0110,-1.2885041236877441,-1.026997685432434,-0.26150643825531006,0.2756888448048741,0,0
83,7,s01,0110,1010,1010,-1.171864628791809,-0.9084175229072571,-0.263447105884552,0.30979180285004077,0,0
83,8,t120,1110,0110,0110,-0.9971026182174683,-0.4755972921848297,-0.5215053260326385,0.3689572637140209,0,0
84,1,x2,0000,0000,0001,-1.7506974935531616,-2.000697612762451,0.25000011920928955,0.17377838189827463,1,0
84,2,c01,0000,0000,0100,-0.26329898834228516,-1.9263997077941895,1.6631007194519043,0.7685623399038468,1,0
84,3,c30,0000,0000,1000,-0.20151099562644958,-1.70167875289917,1.5001677572727203,0.8175014796240961,1,0
84,4,c31,0000,0000,0100,-0.12707677483558655,-2.1271417140960693,2.000064939260483,0.8806843057519838,1,0
84,5,c12,0000,0000,0010,-0.1426960527896881,-2.017716646194458,1.87502059340477,0.8670214708336587,1,0
84,6,c31,0000,0000,0100,-0.07892822474241257,-2.579054355621338,2.5001261308789253,0.9241096961833323,1,0
84,7,c23,0000,0000,0001,-0.07907922565937042,-2.5790791511535645,2.499999925494194,0.923969391015718,1,0
84,8,t201,0000,0000,0100,-0.00071398273576051,-7.3758039474487305,7.37508996471297,0.9992887289221571,1,0
85,1,x2,1001,1001,1010,-1.3176791667938232,-2.603773593902588,1.2860944271087646,0.2680257397844341,1,0
85,2,c12,1001,1001,1011,-0.5742378830909729,-1.382572889328003,0.80833500623703,0.5631839976227208,1,0
85,3,s32,1010,1001,1001,-1.0082582235336304,-0.7952057123184204,-0.21305251121520996,0.36485869263078563,0,0
85,4,t310,1010,1010,0010,-0.0464310385286808,-3.8049685955047607,3.75853755697608,0.9546691081372017,1,0
85,5,c21,1110,1010,1010,-0.985832691192627,-0.4775042235851288,-0.5083284676074982,0.3731484454073484,0,0
85,6,x0,0110,0110,1110,-0.002989840926602483,-6.130385875701904,6.127396034775302,0.9970823824156236,1,0
85,7,x3,0111,0111,0110,-0.004731028340756893,-5.504731178283691,5.5000001499429345,0.9952836263496782,1,0
85,8,x1,0011,0011,0111,-0.011148374527692795,-4.888988018035889,4.877839643508196,0.9889660779028849,1,0
86,1,t301,1000,1000,1100,-1.7186766862869263,-2.1616196632385254,0.4429429769515991,0.1794607169099898,1,0
86,2,x1,1100,1100,1010,-0.0672842264175415,-3.168172597885132,3.1008883714675903,0.9349763197482873,1,0
86,3,c32,1100,1100,1110,-0.4128231406211853,-1.5045273303985596,1.0917041897773743,0.6617933278267586,1,0
86,4,c12,1110,1110,1100,-0.4755254089832306,-1.007845401763916,0.5323199927806854,0.6215677578752479,1,0
86,5,c21,1010,1110,1110,-1.4131438732147217,-0.28631553053855896,-1.1268283426761627,0.24338525048779086,0,0
86,6,x1,1110,1110,1010,-0.02658757194876671,-3.653578996658325,3.6269914247095585,0.9739783626194025,1,0
86,7,s23,1101,1110,1110,-1.9628733396530151,-0.47587311267852783,-1.4870002269744873,0.14045528216657122,0,0
86,8,t023,1101,1101,1100,-0.3489479720592499,-1.2239480018615723,0.8750000298023224,0.7054410342898803,1,0
87,1,s13,1111,1010,1010,-2.5950889587402344,-2.538483142852783,-0.05660581588745117,0.07466353982653515,0,0
87,2,s20,1111,0111,0111,-1.0722004175186157,-0.7780855298042297,-0.294114887714386,0.34234859823540087,0,0
87,3,c10,0111,0111,1111,-0.58090740442276,-0.8420348167419434,0.26112741231918335,0.5595940034850155,1,0
87,4,s02,1101,1100,1100,-2.4761509895324707,-0.9761508703231812,-1.5000001192092896,0.08407688425099176,0,0
87,5,c21,1101,1001,1001,-0.7963904738426208,-0.6762433052062988,-0.12014716863632202,0.450977722590155,0,0
87,6,c13,1100,1100,1101,-0.47471100091934204,-0.974711000919342,0.5,0.6221000378541637,1,0
87,7,s21,1010,1100,1100,-1.6583547592163086,-0.38263610005378723,-1.2757186591625214,0.19045643015438016,0,0
87,8,s32,1001,1010,1010,-0.9010822772979736,-0.7603359818458557,-0.14074629545211792,0.4061470744199753,0,0
88,1,s30,0011,1010,1010,-2.534515142440796,-2.043048143386841,-0.4914669990539551,0.0793178640183341,0,0
88,2,s20,1001,1000,1000,-2.516429901123047,-2.266429901123047,-0.25,0.08075871076751769,0,0
88,3,c32,1011,1011,1001,-2.077949047088623,-2.502025842666626,0.42407679557800293,0.1253099753937178,1,0
88,4,s01,0111,1011,1011,-1.760242223739624,-1.166677713394165,-0.593564510345459,0.17200939268990215,0,0
88,5,c20,1111,1111,0111,-0.628490686416626,-1.0085574388504028,0.38006675243377686,0.533509366050687,1,0
88,6,s20,1111,1111,0111,-0.7854753732681274,-0.8109503388404846,0.025474965572357178,0.45594529820471896,1,0
88,7,x3,1110,1110,1111,-0.05069031938910484,-3.050690174102783,2.9999998547136784,0.9506976705778838,1,0
88,8,x3,1111,1111,1110,-0.039420321583747864,-3.6019201278686523,3.5624998062849045,0.9615929714920134,1,0
89,1,c21,0000,0000,0100,-1.56163489818573,-1.9880260229110718,0.4263911247253418,0.20993119151834988,1,0
89,2,x2,0010,0010,0001,-0.020603053271770477,-4.313597202301025,4.292994149029255,0.9798897725835427,1,0
89,3,t302,0010,0010,0000,-0.016206514090299606,-4.467602729797363,4.451396215707064,0.9839545367730714,1,0
89,4,c30,0010,0010,1010,-0.10024495422840118,-2.3521153926849365,2.2518704384565353,0.9046242282070727,1,0
89,5,s23,0001,0010,0010,-0.8808593153953552,-0.6057274341583252,-0.27513188123703003,0.4144290027334552,0,0
89,6,x2,0011,0011,0001,-0.004558844491839409,-6.465121269226074,6.460562424734235,0.9972985493415037,1,0
89,7,s12,0101,0011,0011,-2.0767157077789307,-0.9758991599082947,-1.100816547870636,0.12534354975130263,0,0
89,8,s30,1100,0101,0101,-0.9514384865760803,-0.5240597128868103,-0.42737877368927,0.3861925571168822,0,0
90,1,t231,0100,0100,0001,-1.4283860921859741,-2.3483240604400635,0.9199379682540894,0.23986716718164336,1,0
90,2,t120,0100,0100,1100,-0.25477132201194763,-1.5189995765686035,1.2642282545566559,0.7751141748733437,1,0
90,3,x1,0000,0000,0100,-0.007970119826495647,-4.9174323081970215,4.909462188370526,0.9920852717749503,1,0
90,4,x3,0001,0001,0000,-0.00411666464060545,-5.504116535186768,5.499999870546162,0.9958944793939454,1,0
90,5,c31,0101,0001,0001,-0.8276373744010925,-0.5773024559020996,-0.2503349184989929,0.4371369455009094,0,0
90,6,c10,1101,1101,0101,-0.47421351075172424,-0.9741967916488647,0.4999832808971405,0.6224215231692086,1,0
90,7,c31,1001,1001,1101,-0.6023301482200623,-0.8494088053703308,0.24707865715026855,0.547537371953657,1,0
90,8,s20,0011,1001,1001,-1.4521894454956055,-0.3888777494430542,-1.0633116960525513,0.23405812134853707,0,0
91,1,c02,1101,1101,1110,-1.422330617904663,-2.285264730453491,0.8629341125488281,0.24138102930732436,1,0
91,2,x3,1100,1100,1101,-0.07568104565143585,-3.450681209564209,3.375000163912773,0.9271882739478013,1,0
91,3,c10,0100,1100,1100,-0.8342297077178955,-0.5774590373039246,-0.25677067041397095,0.43425282998063547,0,0
91,4,t012,0100,0100,0110,-0.056378789246082306,-2.9313786029815674,2.874999813735485,0.9451887081575577,1,0
91,5,t021,0100,0100,0000,-0.004809447098523378,-5.4276652336120605,5.422855786513537,0.9952223507100718,1,0
91,6,t302,0100,0100,0110,-0.14283356070518494,-2.0178298950195312,1.8749963343143463,0.8669359110141763,1,0
91,7,t031,0100,0100,0000,-0.005356955341994762,-5.290325164794922,5.284968209452927,0.9946684546642186,1,0
91,8,x1,0000,0000,0100,-0.004051412921398878,-5.833815574645996,5.829764161724597,0.9959697968264076,1,0
92,1,s32,1110,1110,1111,-1.784404993057251,-1.784404993057251,0.0,0.16801471844186508,0,1
92,2,x1,1010,1010,1101,-0.6193811297416687,-2.1993188858032227,1.579937756061554,0.5383726859513945,1,0
92,3,t310,1010,1010,0010,-0.17891480028629303,-2.061927318572998,1.883012518286705,0.836242083663106,1,0
92,4,t012,1010,1010,1000,-0.18034106492996216,-1.8840587139129639,1.7037176489830017,0.8349997346962658,1,0
92,5,s01,0110,1010,1010,-1.3400335311889648,-0.3153615891933441,-1.0246719419956207,0.2618397085562996,0,0
92,6,t023,0110,0110,0111,-0.38724035024642944,-1.1372404098510742,0.7500000596046448,0.6789325724954492,1,0
92,7,t120,1110,0110,0110,-2.127267599105835,-0.1269753873348236,-2.0002922117710114,0.11916336252499657,0,0
92,8,t023,1111,1111,1110,-0.16097445785999298,-1.9109745025634766,1.7500000447034836,0.8513213380868658,1,0
93,1,t130,0101,1101,1101,-1.899552583694458,-1.513305902481079,-0.3862466812133789,0.14970788468546403,0,0
93,2,c12,0111,0111,0101,-0.2762315571308136,-1.5365560054779053,1.2603244483470917,0.7586591786215378,1,0
93,3,s13,0111,0011,0011,-0.7666484713554382,-0.6392349004745483,-0.1274135708808899,0.46457896229611817,0,0
93,4,t103,0111,0110,0110,-0.8983250856399536,-0.5233250856399536,-0.375,0.40725378129622414,0,0
93,5,s13,0111,0111,0011,-0.3885270655155182,-1.146791696548462,0.7582646310329437,0.6780906408024806,1,0
93,6,s01,1011,1111,1111,-3.0318970680236816,-0.823686420917511,-2.2082106471061707,0.04822549315770456,0,0
93,7,x0,0011,0011,1001,-0.011358394287526608,-5.400271892547607,5.388913498260081,0.9887146882410245,1,0
93,8,x0,1011,1011,0011,-0.003155728569254279,-5.880753040313721,5.877597311744466,0.9969603214445426,1,0
94,1,c03,0110,0111,0111,-2.0733718872070312,-1.6983720064163208,-0.37499988079071045,0.1259874935388221,0,0
94,2,x1,0010,0010,0011,-0.19549322128295898,-2.320493221282959,2.125,0.8224703125911474,1,0
94,3,t321,0010,0010,0110,-0.0603068545460701,-2.9381039142608643,2.877797059714794,0.9415518591808834,1,0
94,4,x2,0000,0000,0001,-0.08157843351364136,-2.581578254699707,2.4999998211860657,0.9221041948961511,1,0
94,5,c30,0000,0000,1000,-0.5760055780410767,-0.825989842414856,0.2499842643737793,0.562164739254569,1,0
94,6,x2,0010,0010,0001,-0.002646532841026783,-6.254576206207275,6.251929673366249,0.9978114427584368,1,0
94,7,t103,0010,0010,0011,-0.009805498644709587,-4.634805679321289,4.6250001806765795,0.9902453888266498,1,0
94,8,t310,0010,0010,1010,-0.07895837724208832,-2.5790035724639893,2.500045195221901,0.9240808024795308,1,0
95,1,t031,0100,0100,0000,-1.3935822248458862,-2.465555191040039,1.0719729661941528,0.24836892056070295,1,0
95,2,t320,0100,0100,1100,-0.31648242473602295,-1.3306539058685303,1.0141714811325073,0.7287233172990959,1,0
95,3,s10,1000,0100,0100,-0.9881032109260559,-0.4788896143436432,-0.5092135965824127,0.37234621406511115,0,0
95,4,t013,1000,1000,1001,-0.029987866058945656,-3.5299878120422363,3.4999999459832907,0.9704633471037728,1,0
95,5,x2,1010,1010,1000,-0.002284854417666793,-6.503046989440918,6.500762135023251,0.9977510630124982,1,0
95,6,x2,1000,1000,1010,-0.02309122495353222,-4.58905029296875,4.565959068015218,0.9771902414160557,1,0
95,7,c30,1000,1000,0000,-0.5759813189506531,-0.8469515442848206,0.2709702253341675,0.5621596310079049,1,0
95,8,c30,1000,1000,0000,-0.029776398092508316,-3.5334548950195312,3.503678496927023,0.9706628371653616,1,0
96,1,x3,1101,1101,1100,-1.3032429218292236,-1.803242802619934,0.49999988079071045,0.2720571693164685,1,0
96,2,s31,1101,1101,1011,-1.1196351051330566,-1.6486576795578003,0.5290225744247437,0.32644642019782993,1,0
96,3,t213,1101,1100,1100,-0.9012433886528015,-0.5262433886528015,-0.375,0.40607218796871053,0,0
96,4,c20,1101,0101,0101,-1.8088572025299072,-0.1845211386680603,-1.624336063861847,0.16386289743421753,0,0
96,5,t130,0101,1101,1101,-1.1401989459991455,-0.387943834066391,-0.7522551119327545,0.3197649807803588,0,0
96,6,s10,1001,0101,0101,-0.7025073766708374,-0.6942363381385803,-0.00827103853225708,0.4953856153076171,0,0
96,7,t231,1001,1001,1101,-0.0807950422167778,-2.583601951599121,2.5028069093823433,0.9223966862627485,1,0
96,8,x0,0001,0001,1001,-0.007639870047569275,-5.17563533782959,5.167995467782021,0.9924563324362176,1,0
97,1,c32,1010,1000,1000,-1.9147460460662842,-1.7562124729156494,-0.15853357315063477,0.1475074294297559,0,0
97,2,x2,1000,1000,1011,-0.14361798763275146,-3.252972364425659,3.1093543767929077,0.8663047649607631,1,0
97,3,s12,1000,1000,1100,-0.25504910945892334,-1.5066732168197632,1.2516241073608398,0.7749253492169261,1,0
97,4,t123,1000,1000,1001,-0.07957109063863754,-2.579571008682251,2.4999999180436134,0.9235200422079909,1,0
97,5,s21,1000,1000,1100,-0.08054319024085999,-2.579303503036499,2.498760312795639,0.9226702921936523,1,0
97,6,x1,1100,1100,1000,-0.029855087399482727,-3.5363359451293945,3.506480857729912,0.970684478302821,1,0
97,7,s31,1001,1100,1100,-1.9686665534973145,-0.433419406414032,-1.5352471470832825,0.13965062180104973,0,0
97,8,s03,1001,1001,0001,-0.695141613483429,-1.427159309387207,0.7320176959037781,0.49901494907202565,1,0
98,1,c31,0000,0000,0100,-1.8377418518066406,-1.8748908042907715,0.03714895248413086,0.15925259639463732,1,0
98,2,x1,0100,0100,0010,-0.12147636711597443,-2.9732494354248047,2.8517730683088303,0.8856301788442554,1,0
98,3,x0,1100,1100,0100,-0.254936546087265,-1.6063753366470337,1.3514387905597687,0.7750768595720163,1,0
98,4,x0,0100,0100,1100,-0.018324915319681168,-4.039670944213867,4.021346028894186,0.981856884511348,1,0
98,5,c23,0100,0100,0101,-0.34922948479652405,-1.2242294549942017,0.8749999701976776,0.7052329579559539,1,0
98,6,c10,1100,1100,0100,-0.6932492256164551,-0.6933072805404663,5.805492401123047e-05,0.49997870204694017,1,0
98,7,x1,1000,1000,1100,-0.050704047083854675,-3.657095432281494,3.6063913851976395,0.9505781083187247,1,0
98,8,t301,1000,1000,1100,-0.0028822466265410185,-6.377879619598389,6.374997372971848,0.9971275683657116,1,0
99,1,c30,0100,0100,1100,-1.6508325338363647,-2.149052858352661,0.4982203245162964,0.19197978254320522,1,0
99,2,x0,1100,1100,0100,-0.4027325510978699,-1.8609223365783691,1.4581897854804993,0.6686860423847653,1,0
99,3,x0,0100,0100,1100,-0.01835312880575657,-4.0504841804504395,4.032131051644683,0.9818309876056824,1,0
99,4,s32,0100,0100,0110,-0.6147066354751587,-1.1503417491912842,0.5356351137161255,0.5408055353652723,1,0
99,5,s10,1000,0100,0100,-1.2222833633422852,-0.6953965425491333,-0.5268868207931519,0.29479898304285596,0,0
99,6,t231,1000,1000,1100,-0.015668487176299095,-4.265755653381348,4.250087166205049,0.9845170307944112,1,0
99,7,t231,1000,1000,1100,-0.020849741995334625,-3.895878553390503,3.8750288113951683,0.9793780691016696,1,0
99,8,c01,1100,1000,1000,-1.2235121726989746,-0.3486540913581848,-0.8748580813407898,0.2942009899508718,0,0
100,1,s32,1101,1100,1100,-1.9751396179199219,-1.9751396179199219,0.0,0.13882710881743154,0,1
100,2,t023,1101,1100,1100,-1.1148192882537842,-0.739819347858429,-0.3749999403953552,0.328114494447019,0,0
100,3,x2,1111,1111,1101,-0.006170961074531078,-6.4034905433654785,6.397319582290947,0.9943520448114849,1,0
100,4,c13,1110,1110,1111,-0.13293957710266113,-2.132939577102661,2.0,0.875547304672838,1,0
100,5,t021,1010,1110,1110,-1.1633368730545044,-0.3881647288799286,-0.7751721441745758,0.31244791375202563,0,0
100,6,t203,1011,1011,1010,-0.2257842868566513,-1.6007843017578125,1.3750000149011612,0.7978992084761424,1,0
100,7,s03,1011,1011,0011,-0.4040616750717163,-1.2489677667617798,0.8449060916900635,0.6676142791791015,1,0
100,8,c01,1111,1111,1011,-0.02658534049987793,-3.651768684387207,3.625183343887329,0.9737842833083615,1,0
101,1,c20,1100,1100,0100,-1.8294239044189453,-1.8645994663238525,0.03517556190490723,0.16059494451825748,1,0
101,2,t032,1100,1100,1110,-0.7348639965057373,-0.8842331171035767,0.14936912059783936,0.4796483201128796,1,0
101,3,x1,1000,1000,1001,-0.2807456851005554,-2.1557457447052,1.8750000596046448,0.7552770126524974,1,0
101,4,s20,0010,1000,1000,-1.6633201837539673,-0.4771210253238678,-1.1861991584300995,0.18951888115313464,0,0
101,5,s03,0010,0010,1000,-0.4068197011947632,-1.2339986562728882,0.827178955078125,0.6657935276713894,1,0
101,6,x3,0011,0011,0010,-0.0024909048806875944,-6.002490997314453,6.0000000924337655,0.9975152702583021,1,0
101,7,c23,0010,0010,0011,-0.2534225881099701,-1.503422498703003,1.2499999105930328,0.7761804475761986,1,0
101,8,x1,0110,0110,0010,-0.0191037580370903,-4.666835308074951,4.647731550037861,0.990217485201446,1,0
102,1,s32,1101,1100,1100,-2.151486873626709,-2.026486873626709,-0.125,0.11638836132142583,0,0
102,2,c20,1101,0101,0101,-1.379730224609375,-1.187579870223999,-0.19215035438537598,0.2517080907035346,0,0
102,3,s30,1101,1101,0110,-0.7581385374069214,-1.8153009414672852,1.0571624040603638,0.4686334796332449,1,0
102,4,t312,1111,1111,1101,-0.4356664717197418,-1.0606683492660522,0.6250018775463104,0.6468783564718595,1,0
102,5,c23,1110,1110,1111,-0.1636643260717392,-1.9136643409729004,1.7500000149011612,0.8490612938018349,1,0
102,6,t301,1110,1110,1010,-0.3891127109527588,-1.1802717447280884,0.7911590337753296,0.6776867591194324,1,0
102,7,c23,1111,1111,1110,-0.03808574751019478,-3.288085699081421,3.249999951571226,0.9626389674476442,1,0
102,8,c32,1101,1101,1111,-0.34852150082588196,-1.3124592304229736,0.9639377295970917,0.7057585211345968,1,0
103,1,s20,1001,0011,0011,-2.557858467102051,-2.4173645973205566,-0.14049386978149414,0.07749211078899178,0,0
103,2,t123,1001,1001,1000,-1.6699010133743286,-1.7949011325836182,0.12500011920928955,0.1885110816863852,1,0
103,3,t230,1001,1001,0001,-0.49582698941230774,-1.1527787446975708,0.6569517552852631,0.6090891502737369,1,0
103,4,t210,1001,1001,0001,-0.38727426528930664,-1.1778217554092407,0.7905474901199341,0.6789347400676361,1,0
103,5,t230,1001,1001,0001,-0.4743155539035797,-1.0446583032608032,0.5703427493572235,0.6223483340804442,1,0
103,6,s31,1100,1001,1001,-1.4254497289657593,-0.3518041670322418,-1.0736455619335175,0.24041194143032119,0,0
103,7,t023,1100,1100,1101,-0.2262270450592041,-1.601227045059204,1.375,0.7975847529501342,1,0
103,8,c21,1100,1100,1000,-0.43869566917419434,-1.1137008666992188,0.6750051975250244,0.6449081905289604,1,0
104,1,c10,1011,1011,0011,-1.6625237464904785,-2.071110963821411,0.4085872173309326,0.1897322762634062,1,0
104,2,t201,1111,1111,1011,-0.7531363368034363,-0.866317868232727,0.11318153142929077,0.47090463135053645,1,0
104,3,x3,1110,1110,1111,-0.055671870708465576,-2.9306719303131104,2.8750000596046448,0.9459559202857218,1,0
104,4,s12,1110,1011,1011,-0.9145360589027405,-0.776523768901825,-0.13801229000091553,0.40073433952531096,0,0
104,5,c03,1111,1111,1110,-0.020788753405213356,-3.8957886695861816,3.8749999161809683,0.9794453209377408,1,0
104,6,s12,1111,1111,1011,-0.5891595482826233,-1.0588444471359253,0.469684898853302,0.5548560794690716,1,0
104,7,x3,1110,1110,1111,-0.0056069884449243546,-5.1931071281433105,5.187500139698386,0.9944313102466653,1,0
104,8,s32,1101,1110,1110,-1.8300340175628662,-0.9743134379386902,-0.855720579624176,0.16040872735268485,0,0
105,1,s01,0000,0000,0001,-1.6290500164031982,-2.2540500164031982,0.625,0.19619172495438847,1,0
105,2,t123,0000,0000,0001,-0.05586757883429527,-3.1808676719665527,3.1250000931322575,0.9456799231753875,1,0
105,3,c31,0000,0000,0100,-0.12790057063102722,-2.1277358531951904,1.9998352825641632,0.8799622096864743,1,0
105,4,t123,0000,0000,0001,-0.00010513993038330227,-10.500104904174805,10.499999764244421,0.9998960871287702,1,0
105,5,c03,0000,0000,0001,-0.03810757026076317,-3.288107395172119,3.249999824911356,0.9626109444238669,1,0
105,6,t013,0000,0000,1000,-9.40529425861314e-05,-10.255481719970703,10.255387667028117,0.9999105843771442,1,0
105,7,t301,0000,0000,0100,-0.002464843448251486,-6.127481460571289,6.125016617123038,0.997551409521033,1,0
105,8,s12,0000,0000,0100,-0.08177690207958221,-2.5790505409240723,2.49727363884449,0.9214910831417672,1,0
106,1,c01,0000,0000,0100,-1.6249120235443115,-1.9485397338867188,0.3236277103424072,0.19701999856903213,1,0
106,2,s13,0000,0000,0100,-0.33636239171028137,-1.5675252676010132,1.2311628758907318,0.7144325155728884,1,0
106,3,x1,0100,0100,0000,-0.14360423386096954,-2.0837483406066895,1.94014410674572,0.8662442504199791,1,0
106,4,s02,0100,0100,1100,-0.06383364647626877,-3.041918992996216,2.978085346519947,0.938178652011161,1,0
106,5,c31,0100,0100,0000,-0.3140808343887329,-1.367486834526062,1.053406000137329,0.7304998596846232,1,0
106,6,x2,0110,0110,0100,-0.005194070748984814,-5.366265773773193,5.3610717030242085,0.9950437000442962,1,0
106,7,c21,0010,0010,0110,-0.6508424282073975,-0.7577880620956421,0.10694563388824463,0.5216167095633728,1,0
106,8,c21,0110,0010,0010,-1.0544615983963013,-0.42877987027168274,-0.6256817281246185,0.3483835650244223,0,0
107,1,x1,0110,0110,0000,-1.8552777767181396,-2.349349021911621,0.49407124519348145,0.1564486672689369,1,0
107,2,t102,0110,0110,0100,-0.4994357228279114,-1.4166709184646606,0.9172351956367493,0.6069155881823851,1,0
107,3,s13,0011,0011,0110,-0.7179747223854065,-0.8228033185005188,0.1048285961151123,0.487751056345067,1,0
107,4,s32,0011,0001,0001,-0.8382240533828735,-0.7739889025688171,-0.0642351508140564,0.43249222473937343,0,0
107,5,s21,0101,0110,0110,-1.9009244441986084,-0.8141629695892334,-1.086761474609375,0.14943450477368964,0,0
107,6,c30,1101,1101,0101,-0.6434662342071533,-0.7654686570167542,0.12200242280960083,0.5255041194947038,1,0
107,7,t123,1101,1101,1100,-0.4777379333972931,-0.9777379631996155,0.5000000298023224,0.6201895781289237,1,0
107,8,c30,0101,0101,1101,-0.2849474251270294,-1.4150294065475464,1.130081981420517,0.752086317881211,1,0
108,1,x1,1101,1101,1011,-1.5137836933135986,-2.36236572265625,0.8485820293426514,0.22019009570050263,1,0
108,2,c13,1100,1100,1101,-0.30548587441444397,-1.4304859638214111,1.1250000894069672,0.7368142658210288,1,0
108,3,t132,1100,1100,1110,-0.43908149003982544,-1.0569674968719482,0.6178860068321228,0.6446562472611888,1,0
108,4,s13,1001,1100,1100,-2.132315158843994,-0.2974168062210083,-1.8348983526229858,0.11856651428715959,0,0
108,5,x3,1000,1000,1001,-0.009034572169184685,-4.759034633636475,4.75000006146729,0.9910689405809704,1,0
108,6,x1,1100,1100,1010,-0.01822187379002571,-4.2196502685546875,4.201428394764662,0.9819883566119049,1,0
108,7,x3,1101,1101,1100,-0.0011985357850790024,-7.438698768615723,7.437500232830644,0.998848680598217,1,0
108,8,c30,0101,0101,1101,-0.6501464247703552,-0.8984557390213013,0.24830931425094604,0.5219904685620409,1,0
109,1,c21,0000,0000,0100,-1.4879631996154785,-1.9237101078033447,0.4357469081878662,0.22596892254573656,1,0
109,2,x0,1000,1000,0000,-0.4771327078342438,-1.0605570077896118,0.583424299955368,0.6206047528301263,1,0
109,3,x3,1001,1001,1000,-0.014645282179117203,-4.389645099639893,4.374999817460775,0.985483011462874,1,0
109,4,c20,1001,1001,0001,-0.6938257813453674,-0.7097905874252319,0.015964806079864502,0.49967073829463254,1,0
109,5,t210,1001,1001,0001,-0.10026337951421738,-2.357473611831665,2.2572102323174477,0.9046048764332698,1,0
109,6,t210,1001,1001,0001,-0.12695612013339996,-2.130324363708496,2.003368243575096,0.880775307161471,1,0
109,7,s01,0101,1001,1001,-1.1022411584854126,-0.47822824120521545,-0.6240129172801971,0.3321295099561814,0,0
109,8,s32,0110,0110,0101,-0.43542543053627014,-1.160576581954956,0.7251511514186859,0.647006572980032,1,0
110,1,s01,1111,0111,0111,-2.2511186599731445,-2.161179780960083,-0.08993887901306152,0.1053172893123655,0,0
110,2,t130,0111,0111,1111,-0.6907196640968323,-0.8560827374458313,0.16536307334899902,0.5012794668466133,1,0
110,3,c30,1111,1111,0111,-0.3925240933895111,-1.1396857500076294,0.7471616566181183,0.6753906463261319,1,0
110,4,s13,1111,1011,1011,-1.2860230207443237,-0.9387309551239014,-0.34729206562042236,0.2763748677968364,0,0
110,5,c32,1101,1101,1111,-0.1129622831940651,-2.3806357383728027,2.2676734551787376,0.8932046588736215,1,0
110,6,c30,0101,0101,1101,-0.395819753408432,-1.137832522392273,0.7420127689838409,0.6733094244909897,1,0
110,7,x2,0111,0111,0101,-0.006089896894991398,-5.693626403808594,5.687536506913602,0.9960331293724767,1,0
110,8,t120,1111,1111,0111,-0.5761042833328247,-0.8259881734848022,0.24988389015197754,0.5620981745931449,1,0
111,1,s32,0000,0000,0010,-1.6651346683502197,-1.866016149520874,0.2008814811706543,0.18934467065847724,1,0
111,2,s23,0000,0000,0010,-0.5175415277481079,-1.537197232246399,1.019655704498291,0.5960237738214939,1,0
111,3,s20,0000,0000,1000,-0.3150668442249298,-1.3221447467803955,1.0070779025554657,0.7297769930198248,1,0
111,4,c02,0000,0000,0010,-0.14283785223960876,-2.0195231437683105,1.8766852915287018,0.8669262120094773,1,0
111,5,s12,0000,0000,0100,-0.14685183763504028,-2.0179996490478516,1.8711478114128113,0.8634528340932195,1,0
111,6,s23,0000,0000,0010,-0.12829652428627014,-2.1272225379943848,1.9989260137081146,0.8796003824645,1,0
111,7,t132,0000,0000,0010,-0.00041406028321944177,-7.883018970489502,7.8826049102062825,0.9995892988500461,1,0
111,8,s13,0000,0000,0100,-0.47963258624076843,-0.9753479957580566,0.4957154095172882,0.6190244587376145,1,0
112,1,s31,1000,1000,1010,-1.8342251777648926,-2.034524440765381,0.20029926300048828,0.15984131851652933,1,0
112,2,c30,1000,1000,0001,-0.7440164685249329,-2.0114083290100098,1.267391860485077,0.4753302377866138,1,0
112,3,x3,1001,1001,1000,-0.0154349310323596,-4.265434741973877,4.249999810941517,0.9847487508180238,1,0
112,4,s10,0101,1001,1001,-1.2595973014831543,-0.5763444900512695,-0.6832528114318848,0.2837824795734074,0,0
112,5,t201,0101,0101,0001,-0.020988894626498222,-3.996140718460083,3.975151823833585,0.9792735661304333,1,0
112,6,t210,0101,0101,1101,-0.4741552770137787,-0.9742305278778076,0.5000752508640289,0.6224216506785695,1,0
112,7,t130,1101,0101,0101,-0.8263875246047974,-0.5760170817375183,-0.25037044286727905,0.4376441130312668,0,0
112,8,t231,1101,1101,1001,-0.27030450105667114,-1.5451428890228271,1.274838387966156,0.7631784393872666,1,0
113,1,c30,0011,1011,1011,-2.1976804733276367,-2.0284361839294434,-0.16924428939819336,0.11109911538739786,0,0
113,2,t210,0011,0011,1011,-0.6329023241996765,-1.659985899925232,1.0270835757255554,0.5310915350721727,1,0
113,3,s21,0101,0100,0100,-1.600801944732666,-1.225801944732666,-0.375,0.20174822938867082,0,0
113,4,s21,0011,0101,0101,-1.2845947742462158,-0.6600613594055176,-0.6245334148406982,0.2767927164547463,0,0
113,5,s02,1001,0011,0011,-1.1897268295288086,-0.4820292294025421,-0.7076976001262665,0.3043193964395836,0,0
113,6,c20,1001,1001,0001,-0.7150254249572754,-1.044646143913269,0.32962071895599365,0.48927748655850634,1,0
113,7,s30,1001,1001,0011,-0.8268952965736389,-1.5398175716400146,0.7129222750663757,0.43743797845478144,1,0
113,8,s30,1001,1001,0011,-0.6168575286865234,-1.4697632789611816,0.8529057502746582,0.5396472406139481,1,0
114,1,t203,0000,0000,0001,-1.3526287078857422,-1.7276287078857422,0.375,0.25903434184388485,1,0
114,2,s20,0000,0000,1000,-0.36847376823425293,-1.4441235065460205,1.0756497383117676,0.6918177487173957,1,0
114,3,s01,0000,0000,1000,-0.08149509131908417,-2.5809125900268555,2.4994174987077713,0.9217421566692614,1,0
114,4,t312,0000,0000,0010,-0.006386005785316229,-5.131665229797363,5.125279224012047,0.9936437215070252,1,0
114,5,c21,0000,0000,0100,-0.11309482157230377,-2.238018274307251,2.124923452734947,0.893110267219622,1,0
114,6,s12,0000,0000,0100,-0.23546664416790009,-1.60112464427948,1.36565800011158,0.790226239009907,1,0
114,7,t301,0000,0000,0100,-0.001306915539316833,-6.8763885498046875,6.875081634265371,0.9987022039336069,1,0
114,8,s12,0000,0000,0100,-0.014354751445353031,-4.2649760246276855,4.2506212731823325,0.9857501668034971,1,0
115,1,x2,0001,0001,0010,-1.442923665046692,-2.2287707328796387,0.7858470678329468,0.23651475179861,1,0
115,2,t123,0001,0001,0000,-0.15331405401229858,-2.6533141136169434,2.5000000596046448,0.8579521709323938,1,0
115,3,x2,0011,0011,0001,-0.010958364233374596,-5.022809028625488,5.011850664392114,0.9891905730142527,1,0
115,4,s02,1001,0011,0011,-1.3348222970962524,-0.39017316699028015,-0.9446491301059723,0.2632125296280496,0,0
115,5,s03,1001,1001,0101,-0.4471966028213501,-1.96337890625,1.51618230342865,0.639443716547884,1,0
115,6,c02,1011,1011,1001,-0.11305249482393265,-2.2384183406829834,2.1253658458590508,0.8931234342555315,1,0
115,7,x2,1001,1001,1010,-0.010571058839559555,-5.14901065826416,5.138439599424601,0.9896074283300934,1,0
115,8,x3,1000,1000,1001,-0.022063327953219414,-3.8345632553100586,3.812499927356839,0.9782141895763748,1,0
116,1,x0,0100,0100,0101,-2.0549721717834473,-2.3049721717834473,0.25,0.128140711068024,1,0
116,2,c20,0100,1100,1100,-0.8387382626533508,-0.5846676826477051,-0.25407058000564575,0.4322650660670483,0,0
116,3,x0,1100,1100,0100,-0.011734667234122753,-4.520130634307861,4.508395967073739,0.9884610715499121,1,0
116,4,c32,1100,1100,1110,-0.5669394731521606,-1.1439074277877808,0.5769679546356201,0.5672682224787925,1,0
116,5,x0,0100,0100,1100,-0.03006601892411709,-3.8045642375946045,3.7744982186704874,0.9703901076139801,1,0
116,6,c01,0100,0100,0000,-0.022529980167746544,-3.902367115020752,3.8798371348530054,0.9777382129680368,1,0
116,7,s21,0010,0100,0100,-1.2008877992630005,-0.4492712914943695,-0.751616507768631,0.3009295878823624,0,0
116,8,t302,0010,0010,0001,-0.014458793215453625,-4.9430952072143555,4.928636413998902,0.9856562065614274,1,0
117,1,s20,0111,1101,1101,-2.8001034259796143,-2.104020118713379,-0.6960833072662354,0.06082330875410367,0,0
117,2,t032,0111,0101,0101,-1.5305161476135254,-1.3072514533996582,-0.2232646942138672,0.2165892007522407,0,0
117,3,x3,0110,0110,0111,-0.05785141885280609,-2.9328513145446777,2.8749998956918716,0.9438098550247023,1,0
117,4,s32,0101,0110,0110,-1.058140754699707,-0.8081419467926025,-0.2499988079071045,0.34711949629502015,0,0
117,5,t201,0101,0101,0001,-0.027761340141296387,-4.207292556762695,4.179531216621399,0.9726911165625434,1,0
117,6,s23,0110,0101,0101,-0.9772524833679199,-0.49560976028442383,-0.4816427230834961,0.37637761949745463,0,0
117,7,t231,0110,0110,0010,-0.044232435524463654,-3.195218324661255,3.1509858891367912,0.956818912845521,1,0
117,8,s32,0101,0101,0110,-0.6813193559646606,-0.9179564118385315,0.23663705587387085,0.5059828739807686,1,0
118,1,x2,1110,1110,1101,-1.0692834854125977,-2.6500730514526367,1.580789566040039,0.3436425606293342,1,0
118,2,c23,1111,1111,1110,-0.40740036964416504,-1.532400369644165,1.125,0.6656583585347421,1,0
118,3,s12,1111,1011,1011,-0.962232232093811,-0.643473207950592,-0.318759024143219,0.382060872012754,0,0
118,4,s01,1111,1111,0111,-0.5792564153671265,-0.8329111337661743,0.25365471839904785,0.5603328837068313,1,0
118,5,c03,1110,1110,1111,-0.10253492742776871,-2.3525350093841553,2.2500000819563866,0.9025664150639121,1,0
118,6,t021,1010,1110,1110,-1.6118160486221313,-0.23062023520469666,-1.3811958134174347,0.19952769725268418,0,0
118,7,t032,1010,1010,1000,-0.14491909742355347,-2.10693097114563,1.9620118737220764,0.865103247490694,1,0
118,8,x2,1000,1000,1011,-0.04456177353858948,-3.9325621128082275,3.888000339269638,0.9564253870761745,1,0
119,1,c12,1101,1101,1110,-1.169956922531128,-1.7481659650802612,0.5782090425491333,0.3108492600086412,1,0
119,2,x2,1111,1111,1101,-0.017337637022137642,-6.023125648498535,6.0057880114763975,0.9829212651628344,1,0
119,3,x0,0111,0111,1111,-0.010103527456521988,-4.6559834480285645,4.6458799205720425,0.9902126513522135,1,0
119,4,c21,0011,0011,0111,-0.48828554153442383,-0.9884289503097534,0.5001434087753296,0.6136945971586094,1,0
119,5,c02,0011,0011,0001,-0.051344357430934906,-3.0512375831604004,2.9998932257294655,0.94996113982548,1,0
119,6,x1,0111,0111,0011,-0.08829746395349503,-3.284411668777466,3.196114204823971,0.960281753050274,1,0
119,7,t032,0111,0111,0101,-0.11491771042346954,-2.2398245334625244,2.124906823039055,0.8914569450016556,1,0
119,8,x1,0011,0011,0111,-0.0006272434256970882,-7.689118385314941,7.688491141889244,0.9994663050296655,1,0
120,1,x0,0001,0001,0011,-1.7991080284118652,-2.524653911590576,0.7255458831787109,0.1655479292897555,1,0
120,2,c30,1001,0001,0001,-0.8363327383995056,-0.5795246362686157,-0.2568081021308899,0.43330589581101925,0,0
120,3,t321,1001,1001,1101,-0.20478782057762146,-1.7054332494735718,1.5006454288959503,0.8148313438589037,1,0
120,4,s32,1010,1010,1001,-0.28427815437316895,-1.5666977167129517,1.2824195623397827,0.7525652828030169,1,0
120,5,s03,0011,1010,1010,-1.1584168672561646,-0.4783176779747009,-0.6800991892814636,0.31399396842089367,0,0
120,6,c30,1011,0011,0011,-0.6944326758384705,-0.6932846307754517,-0.0011480450630187988,0.49936228098208457,0,0
120,7,t102,1011,1011,1001,-0.38763201236724854,-1.1374359130859375,0.749803900718689,0.6786748899863586,1,0
120,8,c21,1111,1111,1011,-0.25280678272247314,-1.5031527280807495,1.2503459453582764,0.7766464567457044,1,0
121,1,c31,0110,0010,0010,-2.383822441101074,-2.0775678157806396,-0.30625462532043457,0.0922426720760831,0,0
121,2,x0,1110,1110,0110,-0.6329077482223511,-2.4835431575775146,1.8506354093551636,0.5311443228535757,1,0
121,3,s01,1110,1110,0110,-0.7024770379066467,-0.9025822877883911,0.20010524988174438,0.49537123735927363,1,0
121,4,c21,1010,1010,1110,-0.6427398324012756,-0.7947761416435242,0.15203630924224854,0.5258593600715129,1,0
121,5,x1,1110,1110,1010,-0.018323665484786034,-4.447854042053223,4.429530376568437,0.9819036070666758,1,0
121,6,c32,1110,1100,1100,-1.0039235353469849,-0.8226275444030762,-0.1812959909439087,0.3664521170928084,0,0
121,7,s30,0111,1110,1110,-1.226231575012207,-0.4775155186653137,-0.7487160563468933,0.29345114255654564,0,0
121,8,t120,1111,0111,0111,-0.6949362754821777,-0.6935614943504333,-0.0013747811317443848,0.4991175125579324,0,0
122,1,t120,1011,1011,0011,-1.6991159915924072,-2.508547782897949,0.809431791305542,0.18292687273408806,1,0
122,2,c21,1111,1111,1011,-0.2503960132598877,-1.6259973049163818,1.3756012916564941,0.7785231136453445,1,0
122,3,c23,1110,1110,1111,-0.28237053751945496,-1.4073705673217773,1.1250000298023224,0.754023734879478,1,0
122,4,t210,0110,1110,1110,-1.7157539129257202,-0.20212942361831665,-1.5136244893074036,0.17983547075712625,0,0
122,5,x1,0010,0010,0110,-0.0027040771674364805,-6.004034042358398,6.001329965190962,0.9974314000289745,1,0
122,6,c02,0010,0010,0000,-0.06213981285691261,-2.835263252258301,2.773123439401388,0.9397584751883358,1,0
122,7,s31,0010,0110,0110,-1.0122936964035034,-0.6317858099937439,-0.3805078864097595,0.36338728587594893,0,0
122,8,t312,0010,0010,0000,-0.00046208107960410416,-8.13732624053955,8.136864159459947,0.9995395975468832,1,0
123,1,s32,0000,0000,0010,-1.6162257194519043,-1.8661620616912842,0.24993634223937988,0.1988894249280526,1,0
123,2,x1,0100,0100,0010,-0.3466021716594696,-1.8363370895385742,1.4897349178791046,0.7071563986260158,1,0
123,3,t103,0100,0100,0101,-0.06205890700221062,-3.062058687210083,2.9999997802078724,0.9398509491997555,1,0
123,4,s02,0100,0100,1100,-0.28299635648727417,-1.597985029220581,1.3149886727333069,0.7535708984813043,1,0
123,5,s21,0010,0100,0100,-0.9975993633270264,-0.7709099054336548,-0.22668945789337158,0.3687891583922709,0,0
123,6,x2,0000,0000,0011,-0.05474896728992462,-3.7359724044799805,3.681223437190056,0.9468131190403225,1,0
123,7,t012,0000,0000,0010,-0.002266279421746731,-6.127401828765869,6.125135549344122,0.9977382832435521,1,0
123,8,x0,1000,1000,0000,-0.16040904819965363,-1.9163920879364014,1.7559830397367477,0.8519262597226044,1,0
124,1,x2,1000,1000,1011,-1.407476782798767,-2.129007339477539,0.721530556678772,0.24499635617131899,1,0
124,2,x1,1100,1100,1000,-0.2190806269645691,-2.202873706817627,1.9837930798530579,0.8032979507532793,1,0
124,3,s32,1100,1100,1110,-0.6329865455627441,-1.0771147012710571,0.444128155708313,0.5310272599141143,1,0
124,4,x2,1110,1110,1101,-0.014965337701141834,-4.569281578063965,4.554316240362823,0.9851970473373579,1,0
124,5,t213,1111,1111,1110,-0.47663137316703796,-0.9766313433647156,0.4999999701976776,0.6208992639178532,1,0
124,6,c23,1110,1110,1111,-0.1436586230993271,-2.0186586380004883,1.8750000149011612,0.8662075520654975,1,0
124,7,x0,0110,0110,1110,-0.013622218742966652,-4.669803619384766,4.656181400641799,0.9867520389135902,1,0
124,8,c13,0111,0111,0110,-0.11315464973449707,-2.238154649734497,2.125,0.8930140388602541,1,0
125,1,t032,1001,1001,1011,-1.7974733114242554,-1.9352178573608398,0.13774454593658447,0.1658487262556584,1,0
125,2,x2,1011,1011,1000,-0.29068058729171753,-2.565906524658203,2.2752259373664856,0.7478287632213843,1,0
125,3,t103,1011,1011,1010,-0.44357484579086304,-1.0685747861862183,0.6249999403953552,0.6417486567940976,1,0
125,4,c03,1010,1010,1011,-0.12803882360458374,-2.1280388832092285,2.0000000596046448,0.879823322429027,1,0
125,5,x1,1110,1110,1010,-0.012888684868812561,-4.600250244140625,4.587361559271812,0.9872487175287514,1,0
125,6,t301,1110,1110,1010,-0.0268702395260334,-3.6534876823425293,3.626617442816496,0.9735262342272016,1,0
125,7,x2,1100,1100,1111,-0.015140173956751823,-4.824324131011963,4.809183957055211,0.9849811202333392,1,0
125,8,c31,1100,1100,1000,-0.3931870758533478,-1.2135645151138306,0.8203774392604828,0.67493249190817,1,0
126,1,s20,0011,1001,1001,-2.5347070693969727,-2.2139904499053955,-0.32071661949157715,0.07931993049045288,0,0
126,2,t302,0011,0011,0001,-1.6488182544708252,-1.8478238582611084,0.1990056037902832,0.19247220599478693,1,0
126,3,c02,0011,0001,0001,-0.8313971757888794,-0.583315372467041,-0.24808180332183838,0.435458508905498,0,0
126,4,t302,0011,0011,0001,-0.06356187164783478,-2.8142313957214355,2.7506695240736008,0.9384501821309879,1,0
126,5,t031,0011,0011,0111,-0.523421049118042,-0.9003826379776001,0.3769615888595581,0.5925029044862968,1,0
126,6,c32,0001,0001,0011,-0.5234774947166443,-0.8989583849906921,0.37548089027404785,0.5924976337526193,1,0
126,7,x1,0101,0101,0001,-0.002236777450889349,-6.681756973266602,6.679520195815712,0.9981087216224345,1,0
126,8,x0,1101,1101,0101,-0.02342991530895233,-3.90035080909729,3.8769208937883377,0.9794534174507533,1,0
127,1,s31,1111,1111,1011,-2.2664899826049805,-2.2665138244628906,2.384185791015625e-05,0.10369962746950859,1,0
127,2,c30,0111,0111,1111,-0.6795631647109985,-1.302667498588562,0.6231043338775635,0.5069601130715433,1,0
127,3,t231,0011,0111,0111,-1.2324200868606567,-0.35832005739212036,-0.8741000294685364,0.29160066549797686,0,0
127,4,s32,0011,0011,0001,-0.37187445163726807,-1.337534785270691,0.9656603336334229,0.6894510035936822,1,0
127,5,c13,0011,0011,0010,-0.4288264513015747,-1.0538264513015747,0.625,0.6512759392733134,1,0
127,6,c10,0011,1011,1011,-1.223562479019165,-0.3487016558647156,-0.8748608231544495,0.29419679809479626,0,0
127,7,c32,0001,0011,0011,-0.8982264995574951,-0.5237041711807251,-0.37452232837677,0.4073222533736026,0,0
127,8,s20,0001,0001,1000,-0.5772276520729065,-0.8613124489784241,0.2840847969055176,0.5614569284745005,1,0
128,1,c03,1111,1111,1110,-1.3841592073440552,-1.7591592073440552,0.375,0.2507939440098231,1,0
128,2,x3,1110,1110,1111,-0.03653249517083168,-4.911532878875732,4.875000383704901,0.9641652046222717,1,0
128,3,c23,1111,1111,1110,-0.25592854619026184,-1.5059285163879395,1.2499999701976776,0.774204343531571,1,0
128,4,x0,0111,0111,1111,-0.007079963572323322,-5.027832508087158,5.020752544514835,0.9931786262815168,1,0
128,5,s03,1110,0111,0111,-1.3874387741088867,-0.904853880405426,-0.4825848937034607,0.24972348577044853,0,0
128,6,x1,1010,1010,1110,-0.0633278489112854,-3.41503643989563,3.3517085909843445,0.9389003337958804,1,0
128,7,c10,1010,1010,0010,-0.31488025188446045,-1.3240755796432495,1.009195327758789,0.7298833478107486,1,0
128,8,s13,1010,1010,1100,-0.42235836386680603,-1.1632333993911743,0.7408750355243683,0.6555119328425064,1,0
129,1,t123,0000,0000,0001,-1.3312232494354248,-1.9562232494354248,0.625,0.26453936908160713,1,0
129,2,t013,0000,0000,1000,-0.006832936313003302,-6.734414577484131,6.727581641171128,0.9931952867354736,1,0
129,3,c30,0000,0000,1000,-0.10031632333993912,-2.350306272506714,2.2499899491667747,0.904556059469161,1,0
129,4,x1,0100,0100,0000,-0.0029086600989103317,-5.90425968170166,5.90135102160275,0.9971531659815354,1,0
129,5,c10,1100,0100,0100,-0.9748213291168213,-0.47430679202079773,-0.5005145370960236,0.37726766804994166,0,0
129,6,s10,1100,1100,0100,-0.31404539942741394,-1.7240546941757202,1.4100092947483063,0.7304912379588601,1,0
129,7,t320,1100,1100,0100,-0.1602880358695984,-1.9332668781280518,1.7729788422584534,0.8519124226131956,1,0
129,8,s30,0101,1100,1100,-2.2025914192199707,-0.3168536424636841,-1.8857377767562866,0.11051719360318724,0,0
130,1,t103,1000,1000,1001,-1.2961406707763672,-1.6711406707763672,0.375,0.2752010232070986,1,0
130,2,t120,1000,1000,0000,-0.21466006338596344,-2.438965320587158,2.2243052572011948,0.8068258929442584,1,0
130,3,s30,0001,1000,1000,-2.1612982749938965,-0.3884742259979248,-1.7728240489959717,0.11518215646178745,0,0
130,4,c12,0001,0001,0011,-0.5763043165206909,-0.8263329863548279,0.25002866983413696,0.5619744207759136,1,0
130,5,t021,0001,0001,0101,-0.0036925659514963627,-5.717635154724121,5.713942588772625,0.9963180070876015,1,0
130,6,s32,0010,0010,0001,-0.5039658546447754,-0.9782963395118713,0.47433048486709595,0.6041395612035457,1,0
130,7,x1,0110,0110,0010,-0.008447542786598206,-4.952569007873535,4.944121465086937,0.992342954138909,1,0
130,8,c13,0111,0111,0110,-0.28168219327926636,-1.4066821336746216,1.1249999403953552,0.7545218528733192,1,0
131,1,c12,0010,0000,0000,-2.0295534133911133,-1.9045253992080688,-0.12502801418304443,0.1315243064526734,0,0
131,2,c20,1010,0010,0010,-0.7282059192657471,-0.7279572486877441,-0.0002486705780029297,0.48280875586635746,0,0
131,3,x0,0010,0010,1010,-0.08061356842517853,-2.6955432891845703,2.614929720759392,0.9225771296819589,1,0
131,4,x1,0110,0110,0010,-0.00881352461874485,-4.950785160064697,4.941971635445952,0.99213796509801,1,0
131,5,t031,0110,0110,0010,-0.0071619669906795025,-5.165763854980469,5.158601887989789,0.9928765132051152,1,0
131,6,c30,0110,0110,1110,-0.6933544874191284,-0.6938681602478027,0.0005136728286743164,0.4999196756966421,1,0
131,7,c21,0010,0110,0110,-0.7701974511146545,-0.633368194103241,-0.13682925701141357,0.46294119216743107,0,0
131,8,s30,0010,0010,1000,-0.4779268801212311,-1.451478362083435,0.973551481962204,0.6200719705395749,1,0
132,1,c01,1001,1001,1011,-1.9961740970611572,-2.281985282897949,0.285811185836792,0.13590194356268634,1,0
132,2,x1,1101,1101,1011,-0.11131487041711807,-2.5039820671081543,2.3926671966910362,0.8946675400046787,1,0
132,3,c23,1101,1100,1100,-1.4069163799285889,-0.28191637992858887,-1.125,0.24490033075684378,0,0
132,4,x2,1111,1111,1100,-0.005044155288487673,-6.3307671546936035,6.325722999405116,0.9965221647297066,1,0
132,5,x0,0111,0111,1111,-0.0033063010778278112,-5.753759860992432,5.750453559914604,0.9968228163944391,1,0
132,6,s23,0111,0111,0101,-0.563717246055603,-0.9762802720069885,0.4125630259513855,0.5690950621646529,1,0
132,7,x0,1111,1111,0111,-0.005315438844263554,-5.256034851074219,5.250719412229955,0.9947404623116488,1,0
132,8,t120,0111,1111,1111,-1.9102603197097778,-0.16030846536159515,-1.7499518543481827,0.1480440456555214,0,0
133,1,s20,0101,0101,0100,-2.062178134918213,-2.437178134918213,0.375,0.12721012895128278,1,0
133,2,s21,0011,0101,0101,-2.1318578720092773,-0.7868555188179016,-1.3450023531913757,0.1186315762710698,0,0
133,3,s31,0110,0101,0101,-1.6895644664764404,-1.4168522357940674,-0.27271223068237305,0.18464836135627885,0,0
133,4,x1,0010,0010,0011,-0.8372764587402344,-1.0872764587402344,0.25,0.4329675725439582,1,0
133,5,t213,0010,0010,0011,-0.06387828290462494,-2.813878059387207,2.749999776482582,0.9381341983142664,1,0
133,6,t203,0010,0010,0011,-0.029814429581165314,-3.5298142433166504,3.499999813735485,0.9706271613803508,1,0
133,7,t321,0010,0010,0110,-0.14277176558971405,-2.018317699432373,1.875545933842659,0.8669611811245933,1,0
133,8,s30,0010,0010,1000,-0.26180076599121094,-2.1505792140960693,1.8887784481048584,0.7696684653169853,1,0
134,1,t012,0001,0001,0011,-1.4844701290130615,-1.7050087451934814,0.22053861618041992,0.22686909960156862,1,0
134,2,s02,0001,0001,1000,-0.3228461444377899,-1.5258413553237915,1.2029952108860016,0.7241051301104198,1,0
134,3,x3,0000,0000,0001,-0.004969234112650156,-5.504969596862793,5.500000362750143,0.9952224656582456,1,0
134,4,t012,0000,0000,0010,-0.0007410807884298265,-7.523863315582275,7.523122234793846,0.9992602566026038,1,0
134,5,s10,0000,0000,1000,-0.10144872963428497,-2.3502886295318604,2.2488398998975754,0.9035650172204387,1,0
134,6,t213,0000,0000,0001,-0.00018071607337333262,-9.375181198120117,9.375000482046744,0.9998230711564368,1,0
134,7,t201,0000,0000,0100,-0.001505910069681704,-6.626514434814453,6.625008524744771,0.9985341551339747,1,0
134,8,t310,0000,0000,1000,-0.014173693023622036,-4.2641777992248535,4.2500041062012315,0.9859269169772893,1,0
135,1,t012,0001,0001,0011,-1.173865795135498,-1.7614513635635376,0.5875855684280396,0.3095447420351448,1,0
135,2,x0,1001,1001,0001,-0.4753783643245697,-1.1895071268081665,0.7141287624835968,0.6217195751466665,1,0
135,3,x1,1101,1101,1011,-0.021777702495455742,-4.0569748878479,4.035197185352445,0.9784903559749573,1,0
135,4,c31,1001,1001,1101,-0.4316385090351105,-1.0663585662841797,0.6347200572490692,0.6494482041388322,1,0
135,5,s03,1001,1001,0011,-0.48009535670280457,-1.9393000602722168,1.4592047035694122,0.6187412300891679,1,0
135,6,t320,1001,1001,0001,-0.10031220316886902,-2.373889684677124,2.273577481508255,0.9045602742155097,1,0
135,7,s32,1010,1010,1001,-0.6351287961006165,-0.9373977780342102,0.30226898193359375,0.5298693370775502,1,0
135,8,s21,1100,1010,1010,-1.5594202280044556,-0.30482062697410583,-1.2545996010303497,0.21026609323504364,0,0
136,1,t210,1100,1100,0100,-1.3948276042938232,-1.8334455490112305,0.4386179447174072,0.24800589734840817,1,0
136,2,x0,0100,0100,1100,-0.02737472951412201,-4.035741329193115,4.008366599678993,0.9730483885572248,1,0
136,3,t301,0100,0100,0001,-0.012247332371771336,-5.327801704406738,5.315554372034967,0.9878350284061825,1,0
136,4,s01,1000,1000,0100,-0.588205099105835,-0.8267374634742737,0.23853236436843872,0.5553638245848163,1,0
136,5,t320,1000,1000,0001,-0.2024582177400589,-2.3521111011505127,2.149652883410454,0.8167497560012593,1,0
136,6,s23,1000,1000,1010,-0.49163827300071716,-1.0557029247283936,0.5640646517276764,0.6116376869052595,1,0
136,7,c20,1000,1000,0000,-0.4741783142089844,-1.2242118120193481,0.7500334978103638,0.6224103371266226,1,0
136,8,s30,0001,1000,1000,-2.501418113708496,-0.40893983840942383,-2.0924782752990723,0.08197028336980366,0,0
137,1,t032,1010,1010,1000,-1.4634321928024292,-2.12423038482666,0.660798192024231,0.23161219898816246,1,0
137,2,x3,1011,1011,1010,-0.03111341968178749,-4.156113624572754,4.125000204890966,0.9694227897029157,1,0
137,3,x3,1010,1010,1011,-0.007389513775706291,-5.257389545440674,5.2500000316649675,0.9926463716320021,1,0
137,4,c23,1011,1011,1010,-0.2021116018295288,-1.7021116018295288,1.5,0.8170087204334849,1,0
137,5,x2,1001,1001,1011,-0.02330775000154972,-4.247384071350098,4.224076321348548,0.9769787410673741,1,0
137,6,c23,1001,1001,1000,-0.6326507329940796,-0.7576507329940796,0.125,0.5311838982590296,1,0
137,7,t210,1001,1001,0001,-0.01825101301074028,-4.028473377227783,4.010222364217043,0.9819167483122253,1,0
137,8,t210,1001,1001,0001,-0.0485980287194252,-3.0490102767944336,3.0004122480750084,0.9525646818691944,1,0
138,1,c21,1011,1011,1111,-1.6084927320480347,-2.1303176879882812,0.5218249559402466,0.2002561616843233,1,0
138,2,x3,1010,1010,1011,-0.03803307190537453,-4.2880330085754395,4.249999936670065,0.9627470252928555,1,0
138,3,t321,1010,1010,1110,-0.38964322209358215,-1.1460833549499512,0.756440132856369,0.6773203266399521,1,0
138,4,t201,1110,1010,1010,-2.8152904510498047,-0.062110260128974915,-2.7531801909208298,0.05988799886356436,0,0
138,5,x2,1100,1100,1110,-0.009873127564787865,-5.039853572845459,5.029980445280671,0.9902370798200941,1,0
138,6,t023,1100,1100,1101,-0.31333741545677185,-1.3133374452590942,1.0000000298023224,0.7310111357735829,1,0
138,7,c32,1100,1110,1110,-0.9142285585403442,-0.5232294797897339,-0.39099907875061035,0.4008419699196778,0,0
138,8,x3,1101,1101,1100,-0.005338488612323999,-5.255338191986084,5.24999970337376,0.994758928740875,1,0
139,1,s13,1001,1100,1100,-2.478560447692871,-2.1718673706054688,-0.30669307708740234,0.08391086616469091,0,0
139,2,t312,1001,1001,1011,-1.1375391483306885,-1.6243360042572021,0.48679685592651367,0.32097308825303345,1,0
139,3,s21,1001,1001,1100,-0.7193117737770081,-0.9381396770477295,0.21882790327072144,0.4871568564022964,1,0
139,4,x2,1011,1011,1001,-0.003419724525883794,-7.039351940155029,7.0359322156291455,0.9983889675812033,1,0
139,5,c23,1010,1010,1011,-0.22593840956687927,-1.600938320159912,1.3749999105930328,0.7977908987823029,1,0
139,6,c30,1010,1010,0010,-0.5774001479148865,-0.8440556526184082,0.26665550470352173,0.5613817257166372,1,0
139,7,x0,0010,0010,1010,-0.030394112691283226,-3.690681219100952,3.660287106409669,0.9701674321197588,1,0
139,8,t231,0010,0010,0110,-0.0037776827812194824,-5.638817310333252,5.6350396275520325,0.9962301697917885,1,0
140,1,c13,0110,0110,0111,-1.463379979133606,-1.963379979133606,0.5,0.2316882559154101,1,0
140,2,x0,1110,1110,0111,-0.5086700916290283,-2.0557103157043457,1.5470402240753174,0.601405278134086,1,0
140,3,s23,1101,1110,1110,-1.2584586143493652,-1.0084584951400757,-0.25000011920928955,0.2840965585025436,0,0
140,4,s32,1110,1110,1101,-0.636940062046051,-1.0593429803848267,0.42240291833877563,0.5289176344687468,1,0
140,5,t230,1110,1110,0110,-0.31558483839035034,-1.4027340412139893,1.087149202823639,0.7294078070036066,1,0
140,6,t231,1110,1110,1010,-0.20429395139217377,-1.7173186540603638,1.51302470266819,0.8152311341314532,1,0
140,7,s03,0111,1110,1110,-1.1543774604797363,-0.479634165763855,-0.6747432947158813,0.3152592840922202,0,0
140,8,x2,0101,0101,1101,-0.003230821341276169,-6.715213298797607,6.711982477456331,0.9969639457475422,1,0
141,1,x2,1000,1000,1011,-1.4108707904815674,-2.0679900646209717,0.6571192741394043,0.24417353820300866,1,0
141,2,x2,1010,1010,1001,-0.5704008340835571,-1.462389349937439,0.8919885158538818,0.5653513764352843,1,0
141,3,s01,0110,1010,1010,-1.745987892150879,-0.7292505502700806,-1.0167373418807983,0.17447662374576955,0,0
141,4,s02,1100,0110,0110,-1.7947659492492676,-0.9461551904678345,-0.8486107587814331,0.1661714667079737,0,0
141,5,s31,1001,1100,1100,-2.2084078788757324,-1.0802462100982666,-1.1281616687774658,0.10988008621569544,0,0
141,6,t132,1001,1001,1011,-0.8786630630493164,-1.1860711574554443,0.30740809440612793,0.4153747047284379,1,0
141,7,t201,1001,1001,1101,-0.6108887791633606,-0.8648722767829895,0.2539834976196289,0.542879890575541,1,0
141,8,s02,0011,1001,1001,-1.2166666984558105,-0.7677013278007507,-0.4489653706550598,0.29622075442295465,0,0
142,1,x1,0000,0000,0110,-1.9149560928344727,-2.1874098777770996,0.27245378494262695,0.1474035324250084,1,0
142,2,s13,0000,0000,0100,-0.5957626104354858,-1.3859161138534546,0.7901535034179688,0.551168233368811,1,0
142,3,t201,0000,0000,0100,-0.0355990007519722,-3.7182815074920654,3.6826825067400932,0.9650498328636012,1,0
142,4,t321,0000,0000,0100,-0.002647177316248417,-6.002841472625732,6.000194295309484,0.9973585892885074,1,0
142,5,s01,0000,0000,1000,-0.12731340527534485,-2.1273324489593506,2.0000190436840057,0.8804600415184002,1,0
142,6,t123,0000,0000,0001,-0.00024245464010164142,-8.625242233276367,8.624999778636266,0.9997585834204078,1,0
142,7,t012,0000,0000,0010,-0.0025067641399800777,-6.002506732940674,5.999999968800694,0.9974980454706225,1,0
142,8,s23,0000,0000,0010,-0.41666582226753235,-1.1397199630737305,0.7230541408061981,0.6592465438778057,1,0
143,1,s01,0001,0001,0000,-1.6486518383026123,-2.398651599884033,0.7499997615814209,0.19238767790055292,1,0
143,2,s20,0001,0001,1000,-0.4520697295665741,-1.4157052040100098,0.9636354744434357,0.6363716862054375,1,0
143,3,t130,0001,0001,1001,-0.16035637259483337,-1.9690226316452026,1.8086662590503693,0.8518518137966633,1,0
143,4,s10,0001,0001,1000,-0.7187819480895996,-1.0570529699325562,0.33827102184295654,0.4873742876383884,1,0
143,5,x1,0101,0101,0011,-0.0049190158024430275,-5.772569179534912,5.767650163732469,0.9963275772527029,1,0
143,6,x2,0111,0111,0101,-0.004729388747364283,-5.525268077850342,5.5205386891029775,0.9958120287479358,1,0
143,7,t021,0111,0111,0011,-0.028826287016272545,-3.6538259983062744,3.624999711290002,0.9716289805351702,1,0
143,8,x1,0011,0011,0111,-0.0005093979998491704,-7.942091464996338,7.941582066996489,0.9995834075219949,1,0
144,1,c01,0111,0011,0011,-2.61826491355896,-2.0567407608032227,-0.5615241527557373,0.07295764876497676,0,0
144,2,x0,1111,1111,0011,-0.669245183467865,-1.9890400171279907,1.3197948336601257,0.5122776067855134,1,0
144,3,c23,1110,1110,1111,-0.22533589601516724,-1.7253358364105225,1.4999999403953552,0.798338512637441,1,0
144,4,t120,0110,1110,1110,-1.3245291709899902,-0.31376129388809204,-1.0107678771018982,0.2659395583140255,0,0
144,5,x3,0111,0111,0110,-0.002535061677917838,-6.877534866333008,6.87499980465509,0.9974819076090574,1,0
144,6,s12,0111,0011,0011,-0.9830185174942017,-0.480506032705307,-0.5025124847888947,0.37418949382333755,0,0
144,7,c21,0011,0011,0111,-0.47429999709129333,-0.9743274450302124,0.5000274479389191,0.6223266267382322,1,0
144,8,s03,1010,0011,0011,-1.0530718564987183,-0.5763863921165466,-0.47668546438217163,0.34886662020924075,0,0
145,1,t203,0110,0111,0111,-1.9135925769805908,-1.6635925769805908,-0.25,0.14772588342903545,0,0
145,2,t102,0110,0110,0100,-0.4207548201084137,-1.3925427198410034,0.9717878997325897,0.6566194733113075,1,0
145,3,t301,0110,0110,0010,-0.13264250755310059,-2.181140184402466,2.0484976768493652,0.875827109617379,1,0
145,4,s31,0011,0110,0110,-1.0158143043518066,-0.8646435141563416,-0.1511707901954651,0.362125481943525,0,0
145,5,x3,0010,0010,0011,-0.047043073922395706,-3.1095430850982666,3.062500011175871,0.9541765396139991,1,0
145,6,s21,0100,0100,0110,-1.0083013772964478,-1.071959376335144,0.06365799903869629,0.3648880536230037,1,0
145,7,c20,0100,0100,1100,-0.47487708926200867,-0.9747008681297302,0.49982377886772156,0.6220703250156682,1,0
145,8,c12,0110,0100,0100,-0.8262770175933838,-0.5763567686080933,-0.24992024898529053,0.4377565453202005,0,0
146,1,x1,0111,0111,0001,-1.3655831813812256,-2.0774927139282227,0.7119095325469971,0.2553209835225239,1,0
146,2,t012,0111,0101,0101,-1.18699049949646,-0.552496075630188,-0.634494423866272,0.3051801171530096,0,0
146,3,x2,0101,0101,0011,-0.006223663687705994,-7.103902816772461,7.097679153084755,0.9939893250881205,1,0
146,4,s12,0011,0101,0101,-0.8162885308265686,-0.7683707475662231,-0.04791778326034546,0.4420779958135385,0,0
146,5,x0,1011,1011,0011,-0.1831963211297989,-2.3605828285217285,2.1773865073919296,0.8326303307655317,1,0
146,6,t123,1011,1011,1010,-0.38835135102272034,-1.1383514404296875,0.7500000894069672,0.6781778509111724,1,0
146,7,x0,0011,0011,1111,-0.030097680166363716,-3.9586591720581055,3.9285614918917418,0.97035273027431,1,0
146,8,s02,1001,0011,0011,-1.566141963005066,-0.3141540586948395,-1.2519879043102264,0.20885068818158115,0,0
147,1,x2,1010,1010,1001,-1.1599522829055786,-2.3647091388702393,1.2047568559646606,0.31416916098128117,1,0
147,2,x3,1011,1011,1010,-0.23975957930088043,-1.9897595643997192,1.7499999850988388,0.7869494015309555,1,0
147,3,x0,0011,0011,1111,-0.05719555541872978,-3.381725549697876,3.324529994279146,0.9444386189835404,1,0
147,4,t230,1011,0011,0011,-1.1674911975860596,-0.3882747292518616,-0.779216468334198,0.31114990975979545,0,0
147,5,s12,1101,1011,1011,-1.560633897781372,-0.6604117155075073,-0.9002221822738647,0.21001015966680395,0,0
147,6,s13,1101,1101,1001,-0.7557774782180786,-1.7759584188461304,1.0201809406280518,0.46969994220290967,1,0
147,7,s31,1101,1101,1001,-0.39764106273651123,-2.1704235076904297,1.7727824449539185,0.6719287490278368,1,0
147,8,s12,1011,1101,1101,-1.7644699811935425,-0.47663357853889465,-1.2878364026546478,0.1712791881911587,0,0
148,1,s12,0000,0000,0100,-1.776488184928894,-1.852022647857666,0.07553446292877197,0.16931179329842883,1,0
148,2,s01,0000,0000,1000,-0.35202232003211975,-1.7467578649520874,1.3947355449199677,0.7033104074680442,1,0
148,3,t031,0000,0000,0100,-0.003074466250836849,-6.014487266540527,6.0114128002896905,0.9969587235979429,1,0
148,4,s01,0000,0000,1000,-0.0486907996237278,-3.05063533782959,3.001944538205862,0.9524784741018405,1,0
148,5,x3,0001,0001,0000,-0.009912547655403614,-4.634912014007568,4.624999466352165,0.9901508787162618,1,0
148,6,s10,0001,0001,1000,-0.35699307918548584,-1.5667145252227783,1.2097214460372925,0.6997914817939742,1,0
148,7,t320,0001,0001,1001,-0.1269902139902115,-2.1281371116638184,2.001146897673607,0.8807509841989268,1,0
148,8,t301,0001,0001,0101,-0.014307143166661263,-4.265514850616455,4.251207707449794,0.9858089487909374,1,0
149,1,c30,0100,0100,1100,-1.8525056838989258,-2.1811304092407227,0.3286247253417969,0.15691880333769537,1,0
149,2,x1,0000,0000,0101,-0.16496002674102783,-3.1045377254486084,2.9395776987075806,0.8479627078116874,1,0
149,3,c21,0000,0000,0100,-0.12761682271957397,-2.127565383911133,1.9999485611915588,0.8802373892297655,1,0
149,4,t301,0000,0000,0100,-0.0005263593047857285,-8.250741958618164,8.250215599313378,0.9994762095859139,1,0
149,5,x2,0010,0010,0000,-0.006082921288907528,-5.826180458068848,5.82009753677994,0.9944314218243874,1,0
149,6,c23,0011,0011,0010,-0.47434285283088684,-0.9743428826332092,0.5000000298023224,0.6222957979025391,1,0
149,7,x2,0001,0001,0011,-0.014199214987456799,-4.840139389038086,4.825940174050629,0.9859181405103769,1,0
149,8,c32,0011,0001,0001,-1.0541839599609375,-0.42886027693748474,-0.6253236830234528,0.3485122088269511,0,0
150,1,s20,0011,1001,1001,-2.7241828441619873,-2.157198905944824,-0.5669839382171631,0.06562964543809972,0,0
150,2,c32,0001,0001,0011,-1.8095793724060059,-2.377544403076172,0.567965030670166,0.1639413694654354,1,0
150,3,t120,0001,0001,1000,-0.3774319887161255,-2.411715030670166,2.0342830419540405,0.6857006829407677,1,0
150,4,x0,1001,1001,0001,-0.0387667752802372,-3.297905683517456,3.259138908237219,0.9620579276264155,1,0
150,5,c30,0001,1001,1001,-0.8372588157653809,-0.5761798620223999,-0.26107895374298096,0.43292030982971214,0,0
150,6,x1,0101,0101,0001,-0.0025320888962596655,-6.473647117614746,6.471115028718486,0.9982747714927074,1,0
150,7,c20,0101,1101,1101,-0.9742350578308105,-0.4742491543292999,-0.4999859035015106,0.37751923188906317,0,0
150,8,s02,0101,0101,1100,-0.4852582514286041,-0.9888759255409241,0.50361767411232,0.6155443570030452,1,0
151,1,s31,1110,1011,1011,-2.7587785720825195,-2.149327278137207,-0.6094512939453125,0.0633857230479067,0,0
151,2,s32,1101,1110,1110,-1.6018784046173096,-1.5297009944915771,-0.07217741012573242,0.20166685539124174,0,0
151,3,t301,1001,1101,1101,-1.1117510795593262,-0.968654990196228,-0.14309608936309814,0.32904406003047487,0,0
151,4,s20,0011,1001,1001,-2.528975486755371,-0.4887925386428833,-2.040182948112488,0.07974407483729003,0,0
151,5,x3,0010,0010,0011,-0.025721434503793716,-3.963221311569214,3.93749987706542,0.9746485142091916,1,0
151,6,s12,0100,0010,0010,-1.7449594736099243,-0.693022608757019,-1.0519368648529053,0.17465935904346694,0,0
151,7,t130,0100,0100,1100,-0.25261569023132324,-1.5034637451171875,1.2508480548858643,0.776810239081083,1,0
151,8,c32,0100,0100,0110,-0.39226141571998596,-1.1370995044708252,0.7448380887508392,0.6755959449290238,1,0
152,1,t132,1000,1000,1010,-1.2486863136291504,-1.966514229774475,0.7178279161453247,0.2873734086398585,1,0
152,2,c03,1001,1001,1000,-0.4017951786518097,-1.1517951488494873,0.7499999701976776,0.6691560103332853,1,0
152,3,x1,1101,1101,1011,-0.017559073865413666,-4.570893287658691,4.553334213793278,0.9827725023974907,1,0
152,4,t321,1101,1101,1001,-0.20169824361801147,-1.7092150449752808,1.5075168013572693,0.8173663394435913,1,0
152,5,c02,1111,1111,1101,-0.009768000803887844,-4.773018836975098,4.76325083617121,0.990406158636803,1,0
152,6,s21,1111,1111,1011,-0.5868627429008484,-0.8336854577064514,0.24682271480560303,0.5560845241166215,1,0
152,7,t032,1101,1101,1111,-0.5759925842285156,-0.8279187083244324,0.25192612409591675,0.5621531583964052,1,0
152,8,x3,1100,1100,1101,-0.05958811938762665,-2.9345879554748535,2.874999836087227,0.9422088326685741,1,0
153,1,s32,0111,0101,0101,-2.130734443664551,-2.028860569000244,-0.10187387466430664,0.11884588276543195,0,0
153,2,s10,1011,0111,0111,-1.8553401231765747,-0.849445641040802,-1.0058944821357727,0.1564272250339852,0,0
153,3,s12,1101,1101,1011,-1.043271541595459,-1.1259568929672241,0.08268535137176514,0.3523712529695507,1,0
153,4,x3,1100,1100,1101,-0.13535155355930328,-2.5103514194488525,2.3749998658895493,0.8739509433136369,1,0
153,5,t102,1110,1100,1100,-1.0570886135101318,-0.4373093545436859,-0.6197792589664459,0.3475244296625188,0,0
153,6,s30,0111,1110,1110,-1.220015525817871,-0.5897523760795593,-0.6302631497383118,0.29524244409766737,0,0
153,7,s21,0111,0111,0011,-0.674086332321167,-0.801067054271698,0.126980721950531,0.5096344963678867,1,0
153,8,s12,0111,0111,0011,-0.3932499289512634,-1.1418741941452026,0.7486242651939392,0.6748973830338033,1,0
154,1,x0,1000,1000,0100,-1.5867822170257568,-2.334918260574341,0.748136043548584,0.20465192017680056,1,0
154,2,s32,1000,1000,1010,-0.7414345741271973,-1.4264696836471558,0.6850351095199585,0.47653386101176315,1,0
154,3,x2,1010,1010,1001,-0.18440192937850952,-2.344398260116577,2.1599963307380676,0.8316439191672893,1,0
154,4,t021,1110,1010,1010,-1.4593673944473267,-0.3571287989616394,-1.1022385954856873,0.23239316401830112,0,0
154,5,c02,1100,1100,1110,-0.21379412710666656,-1.8842036724090576,1.670409545302391,0.8076042463837914,1,0
154,6,t203,1100,1101,1101,-0.9112914800643921,-0.5362914800643921,-0.375,0.40203238351090087,0,0
154,7,s31,1001,1100,1100,-1.6159521341323853,-0.7840079665184021,-0.8319441676139832,0.19871297644399377,0,0
154,8,c20,1001,1001,0001,-0.7208724617958069,-0.8791347742080688,0.15826231241226196,0.4863562998058441,1,0
155,1,c32,1010,1000,1000,-2.0756900310516357,-1.7766281366348267,-0.2990618944168091,0.1255693644001487,0,0
155,2,s20,1010,1010,0011,-0.6407423615455627,-1.5943007469177246,0.9535583853721619,0.526958425138497,1,0
155,3,c12,1010,1010,1000,-0.5978561639785767,-1.352839708328247,0.7549835443496704,0.550019945805396,1,0
155,4,x1,1110,1110,1010,-0.010141611099243164,-4.716756343841553,4.70661473274231,0.9900101127867722,1,0
155,5,x1,1010,1010,1011,-0.02810828574001789,-4.0281081199646,3.9999998342245817,0.9723212053109479,1,0
155,6,c23,1011,1011,1010,-0.16135334968566895,-1.9113532304763794,1.7499998807907104,0.8510325940749748,1,0
155,7,x3,1010,1010,1011,-0.005796832498162985,-5.193296909332275,5.187500076834112,0.9942280078854289,1,0
155,8,c32,1010,1010,1000,-0.6988891959190369,-1.4268581867218018,0.7279689908027649,0.49715021937873477,1,0
156,1,s32,0010,0001,0001,-2.0345358848571777,-1.8078192472457886,-0.22671663761138916,0.13088511836128588,0,0
156,2,c32,0010,0010,0001,-1.4152350425720215,-1.552924633026123,0.13768959045410156,0.24302077476459158,1,0
156,3,x0,1010,1010,0010,-0.3952538073062897,-1.9524312019348145,1.5571773946285248,0.6736752066903443,1,0
156,4,c10,1010,1010,0010,-0.6974434852600098,-0.7321192026138306,0.0346757173538208,0.49787350895883414,1,0
156,5,t021,1110,1010,1010,-2.3540079593658447,-0.10092876106500626,-2.2530791983008385,0.09498994778249553,0,0
156,6,s31,1011,1110,1110,-1.6336003541946411,-0.559330940246582,-1.074269413948059,0.19523898386561553,0,0
156,7,x3,1010,1010,1011,-0.031252726912498474,-3.53125262260437,3.4999998956918716,0.9695811417033331,1,0
156,8,x1,1110,1110,1000,-0.014506994746625423,-4.424734115600586,4.4102271208539605,0.9857113477246991,1,0
157,1,x1,0101,0101,0011,-1.6189690828323364,-1.9003612995147705,0.2813922166824341,0.19819362120086673,1,0
157,2,c12,0111,0111,0101,-0.7392109036445618,-1.283180594444275,0.5439696907997131,0.47757092756556446,1,0
157,3,c03,0111,0110,0110,-2.598703384399414,-0.09870316833257675,-2.5000002160668373,0.07437516226671115,0,0
157,4,x3,0110,0110,0111,-0.01577405259013176,-4.203274250030518,4.187500197440386,0.9844374510484248,1,0
157,5,c23,0111,0111,0110,-0.11563586443662643,-2.240635871887207,2.1250000074505806,0.8908372691229403,1,0
157,6,x2,0101,0101,0110,-0.005537682678550482,-5.792116641998291,5.7865789593197405,0.9945806303470969,1,0
157,7,t203,0101,0101,0100,-0.10251271724700928,-2.3525125980377197,2.2499998807907104,0.9025892122287349,1,0
157,8,s30,1100,1100,0101,-0.36390361189842224,-1.2260229587554932,0.8621193468570709,0.6950051225271328,1,0
158,1,x0,1101,1101,1001,-2.1862404346466064,-2.5346498489379883,0.34840941429138184,0.1123820842341829,1,0
158,2,c01,1001,1001,1101,-0.4750611186027527,-2.15622878074646,1.6811676621437073,0.6219246710168289,1,0
158,3,t201,1001,1001,1101,-0.22700710594654083,-1.602116346359253,1.375109240412712,0.796927498738365,1,0
158,4,c30,0001,1001,1001,-1.1683235168457031,-0.4303241968154907,-0.7379993200302124,0.31091319316357025,0,0
158,5,t213,0001,0001,0000,-0.0002422202960588038,-8.87524127960205,8.874999059305992,0.9997591475681505,1,0
158,6,t013,0001,0001,0011,-2.5272252969443798e-05,-11.598465919494629,11.59844064724166,0.9999753310017758,1,0
158,7,x0,1001,1001,0001,-0.16047662496566772,-1.94650399684906,1.7860273718833923,0.8519271472226749,1,0
158,8,x0,0001,0001,1001,-0.011134635657072067,-4.5440545082092285,4.5329198725521564,0.9889280660616423,1,0
159,1,s01,0100,1000,1000,-2.194427490234375,-1.9830515384674072,-0.21137595176696777,0.11155424467296737,0,0
159,2,c12,0110,0110,0100,-0.8298153281211853,-1.0266101360321045,0.1967948079109192,0.43624074885747555,1,0
159,3,x1,0010,0010,0110,-0.06197749823331833,-3.0381529331207275,2.976175434887409,0.93992694201715,1,0
159,4,s10,0010,0010,1010,-0.2587381601333618,-1.6451140642166138,1.386375904083252,0.7720376353947594,1,0
159,5,c10,0010,0010,1010,-0.3132954239845276,-1.3139067888259888,1.0006113648414612,0.7310416832315035,1,0
159,6,x2,0000,0000,0001,-0.0025842241011559963,-6.627584457397461,6.625000233296305,0.9975011848155858,1,0
159,7,t302,0000,0000,0010,-0.004113540984690189,-5.504112720489502,5.499999179504812,0.9959030747312797,1,0
159,8,t013,0000,0000,0001,-2.8014035706291907e-05,-11.125027656555176,11.12499964251947,0.9999719386234964,1,0
160,1,t023,1011,1010,1010,-1.7150003910064697,-1.7150003910064697,0.0,0.18014958414759724,0,1
160,2,c01,1111,1111,1011,-0.29672226309776306,-1.6810688972473145,1.3843466341495514,0.7432772180380082,1,0
160,3,t032,1101,1101,1111,-0.6419516205787659,-0.8154540061950684,0.1735023856163025,0.5262812552936675,1,0
160,4,s21,1011,1101,1101,-0.9900280237197876,-0.8995924592018127,-0.09043556451797485,0.3715914087685434,0,0
160,5,s21,1101,1011,1011,-1.1774775981903076,-1.0145440101623535,-0.1629335880279541,0.3080576787150985,0,0
160,6,c23,1101,1100,1100,-1.225335955619812,-0.350335955619812,-0.875,0.2936685968935768,0,0
160,7,s23,1110,1110,1101,-0.759825587272644,-0.7915437817573547,0.03171819448471069,0.4677559375201461,1,0
160,8,s02,1110,1110,0111,-0.5785766243934631,-1.4590978622436523,0.8805212378501892,0.5607131762050148,1,0
161,1,s02,0110,1100,1100,-2.774515151977539,-2.2061119079589844,-0.5684032440185547,0.06240510719179463,0,0
161,2,c31,0110,0110,0010,-1.3139917850494385,-1.5757067203521729,0.2617149353027344,0.26884209841773404,1,0
161,3,c02,0110,0100,0100,-1.413954734802246,-0.3252451419830322,-1.0887095928192139,0.24319166434642453,0,0
161,4,c01,0110,0110,0010,-0.14297454059123993,-2.018338680267334,1.875364139676094,0.8668171129673576,1,0
161,5,c32,0110,0110,0101,-0.3310326933860779,-1.8154293298721313,1.4843966364860535,0.7182356416293699,1,0
161,6,t023,0110,0110,0111,-0.20152045786380768,-1.7015204429626465,1.4999999850988388,0.8174960649098909,1,0
161,7,c12,0100,0110,0110,-1.2855406999588013,-0.35264861583709717,-0.9328920841217041,0.27651126845953206,0,0
161,8,t012,0100,0100,0110,-0.018394142389297485,-4.01854133605957,4.000147193670273,0.9818200451738183,1,0
162,1,s23,1100,1110,1110,-1.8915914297103882,-1.6876730918884277,-0.20391833782196045,0.15094512641880117,0,0
162,2,x0,0100,0100,0101,-0.55098557472229,-1.92598557472229,1.375,0.5765521439737389,1,0
162,3,s12,0010,0100,0100,-1.5479613542556763,-0.5339399576187134,-1.014021396636963,0.21268771530357802,0,0
162,4,s10,0010,0010,1000,-0.6872588992118835,-1.4524242877960205,0.765165388584137,0.5029939168616602,1,0
162,5,c13,0010,0011,0011,-1.4063241481781006,-0.2813241481781006,-1.125,0.24504292672715777,0,0
162,6,s01,0010,0010,1000,-0.13061900436878204,-2.3381283283233643,2.207509323954582,0.8775569790065143,1,0
162,7,t102,0010,0010,0000,-0.006778127979487181,-5.258704662322998,5.251926534343511,0.9932532166417876,1,0
162,8,x0,1010,1010,0010,-0.01660808175802231,-4.528197765350342,4.5115896835923195,0.9837564988360089,1,0
163,1,s01,0101,0101,1001,-2.0923211574554443,-2.2136929035186768,0.12137174606323242,0.1234471515809718,1,0
163,2,s20,0101,0101,1100,-0.6492173671722412,-1.322335958480835,0.6731185913085938,0.5224931227915177,1,0
163,3,t312,0111,0111,0101,-0.43115395307540894,-1.055877685546875,0.6247237324714661,0.6498087978801512,1,0
163,4,x1,0011,0011,0111,-0.004855872131884098,-5.617884635925293,5.613028763793409,0.9952167215221657,1,0
163,5,x2,0001,0001,0011,-0.0011304691433906555,-6.882058143615723,6.880927674472332,0.9989227672370408,1,0
163,6,c31,0101,0101,0001,-0.28166449069976807,-1.4063271284103394,1.1246626377105713,0.7545649189949558,1,0
163,7,x1,0001,0001,0101,-0.018092842772603035,-4.241373062133789,4.223280219361186,0.9821821298629765,1,0
163,8,s10,0001,0001,1001,-0.4751434922218323,-1.134398341178894,0.6592548489570618,0.6218046836626787,1,0
164,1,s01,1010,0110,0110,-2.565408229827881,-2.009152889251709,-0.5562553405761719,0.0769038213312287,0,0
164,2,x2,1000,1000,0000,-1.3962528705596924,-2.728834629058838,1.3325817584991455,0.24774099924102358,1,0
164,3,s10,0100,1000,1000,-2.0030741691589355,-0.870144248008728,-1.1329299211502075,0.13492387448811913,0,0
164,4,s03,0100,0100,1100,-1.1063060760498047,-1.7842432260513306,0.6779371500015259,0.33079673465102766,1,0
164,5,c32,0100,0100,0110,-0.6642411351203918,-0.7838486433029175,0.11960750818252563,0.5146972653360903,1,0
164,6,t321,0100,0100,0000,-0.06584952771663666,-3.5181140899658203,3.4522645622491837,0.9363595915962212,1,0
164,7,x2,0110,0110,0100,-0.005877126008272171,-5.334766387939453,5.328889261931181,0.9947406085511242,1,0
164,8,c03,0110,0111,0111,-1.5025196075439453,-0.25251954793930054,-1.2500000596046448,0.22257161052471902,0,0
165,1,c31,0100,0100,0000,-1.6249721050262451,-2.306899070739746,0.681926965713501,0.19703392963830435,1,0
165,2,t123,0100,0100,0101,-0.21362732350826263,-1.7136273384094238,1.5000000149011612,0.8076691372571915,1,0
165,3,x1,0000,0000,0100,-0.015264533460140228,-4.9885640144348145,4.973299480974674,0.9848761530036094,1,0
165,4,c01,0000,0000,0100,-0.01007186621427536,-4.63506555557251,4.624993689358234,0.990023561709835,1,0
165,5,s12,0000,0000,0100,-0.18751823902130127,-1.805766224861145,1.6182479858398438,0.8290293805813393,1,0
165,6,t021,0000,0000,0100,-0.0009477737476117909,-7.000948905944824,7.000001132197212,0.9990552304840458,1,0
165,7,c02,0000,0000,0010,-0.10023129731416702,-2.350229263305664,2.249997965991497,0.9046315556032488,1,0
165,8,t021,0000,0000,0100,-1.6808433429105207e-05,-11.375091552734375,11.375074744300946,0.9999834478565353,1,0
166,1,c23,1111,1111,1110,-1.4372336864471436,-1.6872336864471436,0.25,0.2378939155263479,1,0
166,2,s12,1111,1011,1011,-0.8515114188194275,-0.6906089186668396,-0.1609025001525879,0.42679510776443064,0,0
166,3,x0,0111,0111,1111,-0.02007320150732994,-4.28623104095459,4.26615783944726,0.9804544783778931,1,0
166,4,c12,0101,0101,0111,-0.323833703994751,-1.3305422067642212,1.0067085027694702,0.7233883995694563,1,0
166,5,s31,0101,0101,0011,-0.836589515209198,-1.2033653259277344,0.3667758107185364,0.43319300856951426,1,0
166,6,s03,1100,0101,0101,-0.7233092188835144,-0.693901538848877,-0.02940768003463745,0.48517069225425297,0,0
166,7,s23,1100,1110,1110,-0.9415985345840454,-0.526400089263916,-0.4151984453201294,0.390008543665413,0,0
166,8,x1,1000,1000,1100,-0.11035067588090897,-2.96714448928833,2.856793813407421,0.8955750771555399,1,0
167,1,c32,0011,0011,0001,-1.9328644275665283,-1.9667288064956665,0.033864378929138184,0.14496209931430495,1,0
167,2,s23,0011,0011,0001,-0.9153048992156982,-1.1179115772247314,0.2026066780090332,0.4004257389044861,1,0
167,3,s02,1001,0011,0011,-1.604174017906189,-0.4031507074832916,-1.2010233104228973,0.20106199695797203,0,0
167,4,t301,1101,1001,1001,-1.1678866147994995,-0.4493142068386078,-0.7185724079608917,0.3110347933120808,0,0
167,5,c02,1111,1111,1101,-0.1627214550971985,-2.2274491786956787,2.0647277235984802,0.8501129927171681,1,0
167,6,s20,1111,1111,0111,-0.6606937646865845,-0.8529809713363647,0.19228720664978027,0.5165311159976874,1,0
167,7,c13,1110,1110,1111,-0.12921656668186188,-2.1292166709899902,2.0000001043081284,0.878823226459796,1,0
167,8,s21,1110,1110,1010,-0.8472107648849487,-1.4614484310150146,0.6142376661300659,0.42862118357015067,1,0
168,1,c20,0011,0011,1011,-2.1976468563079834,-2.485649824142456,0.28800296783447266,0.11110793355770726,1,0
168,2,s02,1001,0011,0011,-1.9639924764633179,-0.5438107848167419,-1.420181691646576,0.1403026392692135,0,0
168,3,t201,1001,1001,1101,-0.4425860047340393,-1.0821155309677124,0.6395295262336731,0.6423924382239234,1,0
168,4,t302,1011,1001,1001,-1.5045921802520752,-0.2535751760005951,-1.25101700425148,0.22211184362372494,0,0
168,5,c21,1111,1111,1011,-0.3517789840698242,-1.2251133918762207,0.8733344078063965,0.7034913379797935,1,0
168,6,s12,1111,1111,1011,-0.5642874240875244,-1.0043011903762817,0.4400137662887573,0.5687775476409491,1,0
168,7,c20,0111,0111,1111,-0.47417259216308594,-0.9742026329040527,0.5000300407409668,0.6224384076059453,1,0
168,8,t012,0111,0111,0101,-0.08309060335159302,-2.583078145980835,2.499987542629242,0.9202776729707145,1,0
169,1,x3,0001,0001,0000,-1.4518736600875854,-1.8268736600875854,0.375,0.2346222028315189,1,0
169,2,t210,0001,0001,1001,-0.4915395677089691,-1.4682791233062744,0.9767395555973053,0.611707042135009,1,0
169,3,s01,0001,0001,1000,-0.31857675313949585,-1.5392441749572754,1.2206674218177795,0.7271913727736137,1,0
169,4,c12,0001,0011,0011,-0.8983528017997742,-0.5233755707740784,-0.3749772310256958,0.4072463945089908,0,0
169,5,c23,0001,0001,0000,-0.6345241665840149,-0.7595241665840149,0.125,0.5301934685406824,1,0
169,6,t130,0001,0001,1001,-0.12698322534561157,-2.1291534900665283,2.0021702647209167,0.880755416220118,1,0
169,7,c31,0101,0101,0001,-0.5242524743080139,-0.8995104432106018,0.3752579689025879,0.5920246376883521,1,0
169,8,s02,0101,0101,1101,-0.22866205871105194,-1.8866345882415771,1.6579725295305252,0.7956053731512015,1,0
170,1,x1,0011,0011,0101,-1.0883140563964844,-2.3113346099853516,1.2230205535888672,0.33689791409266573,1,0
170,2,s13,0110,0011,0011,-1.2469556331634521,-0.8313896656036377,-0.41556596755981445,0.28739579894988304,0,0
170,3,t231,0110,0110,0010,-0.2413991242647171,-1.7246003150939941,1.483201190829277,0.7856188073736695,1,0
170,4,s20,1100,0110,0110,-1.4730743169784546,-0.47777658700942993,-0.9952977299690247,0.22923160938887338,0,0
170,5,s20,0110,1100,1100,-1.1675339937210083,-0.7309744358062744,-0.4365595579147339,0.31114595452302646,0,0
170,6,s30,0110,0110,1110,-0.34755462408065796,-2.3069205284118652,1.9593659043312073,0.7064233826726491,1,0
170,7,t210,1110,0110,0110,-3.529980182647705,-0.029899492859840393,-3.5000806897878647,0.029305648838349692,0,0
170,8,s02,1110,1110,0110,-0.5717541575431824,-1.3495405912399292,0.7777864336967468,0.5645412260188186,1,0
171,1,t032,0001,0001,0011,-1.364392638206482,-1.835672378540039,0.47127974033355713,0.255863593385059,1,0
171,2,t201,0001,0001,0101,-0.10437329858541489,-2.4447693824768066,2.3403960838913918,0.9009101040118149,1,0
171,3,c03,0001,0001,0000,-0.020826492458581924,-3.8958263397216797,3.8749998472630978,0.979393164728725,1,0
171,4,t301,0001,0001,0101,-0.004892811179161072,-5.382739543914795,5.377846732735634,0.99512943557519,1,0
171,5,s13,0100,0001,0001,-0.8993299007415771,-0.523947536945343,-0.37538236379623413,0.4068556997985413,0,0
171,6,c20,0100,0100,1100,-0.25211620330810547,-1.5021429061889648,1.2500267028808594,0.7771836444035999,1,0
171,7,t201,0100,0100,0000,-0.004656677599996328,-5.406111717224121,5.401455039624125,0.9953622437117419,1,0
171,8,c03,0100,0100,0101,-0.6326557993888855,-0.7576557993888855,0.125,0.5311816634784774,1,0
172,1,c32,0000,0010,0010,-1.696142554283142,-1.6953842639923096,-0.0007582902908325195,0.18366267196153294,0,0
172,2,t203,0000,0000,0001,-0.07714782655239105,-3.077147960662842,3.0000001341104507,0.925812366797346,1,0
172,3,s12,0000,0000,0100,-0.15099498629570007,-2.018836498260498,1.867841511964798,0.8598966914511533,1,0
172,4,c30,0000,0000,1000,-0.06202026829123497,-2.8121068477630615,2.7500865794718266,0.9398751647438999,1,0
172,5,x0,1000,1000,0000,-0.16046422719955444,-1.91117525100708,1.7507110238075256,0.8519406209437788,1,0
172,6,x2,1010,1010,1000,-0.0017661226447671652,-6.70318078994751,6.701414667302743,0.9983263757675598,1,0
172,7,s23,1001,1010,1010,-0.9391436576843262,-0.5791256427764893,-0.3600180149078369,0.39096670719753174,0,0
172,8,c23,1001,1000,1000,-0.8261257410049438,-0.5761257410049438,-0.25,0.43774398353559985,0,0
173,1,s03,0100,0100,0101,-1.9606574773788452,-2.3356575965881348,0.37500011920928955,0.1408532524063729,1,0
173,2,s13,0001,0100,0100,-1.8313630819320679,-0.9218237400054932,-0.9095393419265747,0.16021531473897213,0,0
173,3,s03,1000,0001,0001,-1.7056264877319336,-1.1450011730194092,-0.5606253147125244,0.18170204247871005,0,0
173,4,c02,1010,1000,1000,-2.283388376235962,-2.1809632778167725,-0.10242509841918945,0.10224274072179693,0,0
173,5,x1,1110,1110,1000,-0.39239734411239624,-2.295255184173584,1.9028578400611877,0.6755592395400564,1,0
173,6,s23,1101,1110,1110,-1.5764286518096924,-0.9519020915031433,-0.6245265603065491,0.20674537270350912,0,0
173,7,t301,1001,1001,1101,-0.678199052810669,-0.8396353721618652,0.1614363193511963,0.507576018933602,1,0
173,8,t013,1001,1001,1000,-0.24159984290599823,-1.6165997982025146,1.3749999552965164,0.7854064219266071,1,0
174,1,t203,0010,0010,0011,-1.639563798904419,-1.889563798904419,0.25,0.19445552095282295,1,0
174,2,c02,0010,0010,0000,-0.8467403650283813,-1.228840947151184,0.38210058212280273,0.4288762818192267,1,0
174,3,t230,0010,0010,1010,-0.25311100482940674,-1.5212000608444214,1.2680890560150146,0.7764031016943723,1,0
174,4,x2,0000,0000,0001,-0.005259907804429531,-6.2552595138549805,6.249999606050551,0.9952425638791851,1,0
174,5,s30,0000,0000,1000,-0.3137015998363495,-1.3246095180511475,1.010907918214798,0.7307496932803426,1,0
174,6,x1,0100,0100,0000,-0.0053725577890872955,-5.271514415740967,5.2661418579518795,0.994704322568731,1,0
174,7,x0,1100,1100,0100,-0.100662961602211,-2.351172924041748,2.250509962439537,0.9044904702686439,1,0
174,8,s23,1100,1100,1110,-0.1192793995141983,-2.351682186126709,2.2324027866125107,0.8875635744008923,1,0
175,1,s20,0001,0001,1000,-1.866163730621338,-2.410642147064209,0.5444784164428711,0.15477890786894832,1,0
175,2,c20,0001,0001,1001,-0.617072343826294,-1.1859580278396606,0.5688856840133667,0.5395905780645739,1,0
175,3,t023,0001,0001,0000,-0.0033529396168887615,-6.003353118896484,6.000000179279596,0.9966628818635124,1,0
175,4,x1,0101,0101,0001,-0.0043241954408586025,-5.932984352111816,5.928660156670958,0.995809806535817,1,0
175,5,t320,0101,0101,1101,-0.693265438079834,-0.693600594997406,0.0003351569175720215,0.4999617731840737,1,0
175,6,x2,0111,0111,0101,-0.0054619526490569115,-5.323885917663574,5.318423965014517,0.99504105277528,1,0
175,7,c21,0011,0011,0111,-0.2812717854976654,-1.4062824249267578,1.1250106394290924,0.7548384719893102,1,0
175,8,t231,0111,0011,0011,-1.6006416082382202,-0.22545526921749115,-1.375186339020729,0.20176806420160187,0,0
176,1,s02,1010,1010,1000,-2.0850157737731934,-2.2322471141815186,0.1472313404083252,0.12435312480834186,1,0
176,2,x3,1011,1011,1010,-0.13673996925354004,-3.26173996925354,3.125,0.8725025892436218,1,0
176,3,s12,1101,1011,1011,-1.995518445968628,-0.8870030641555786,-1.1085153818130493,0.13595083867632676,0,0
176,4,c31,1001,1001,1101,-0.6025371551513672,-0.9488101601600647,0.3462730050086975,0.5474457607370009,1,0
176,5,c32,1011,1001,1001,-0.9032131433486938,-0.5282154083251953,-0.37499773502349854,0.40527214802571043,0,0
176,6,x3,1010,1010,1011,-0.020661545917391777,-3.8956613540649414,3.8749998081475496,0.9795703014581041,1,0
176,7,t120,1010,1010,0010,-0.06750057637691498,-2.9949965476989746,2.9274959713220596,0.934762487196121,1,0
176,8,t023,1011,1011,1010,-0.5760050415992737,-0.8260050415992737,0.25,0.5621406161469035,1,0
177,1,c23,0010,0010,0011,-1.7314722537994385,-1.9814722537994385,0.25,0.17727142447735045,1,0
177,2,t123,0010,0010,0011,-0.22166010737419128,-1.8466602563858032,1.625000149011612,0.8012129544147094,1,0
177,3,x0,1010,1010,0010,-0.21149247884750366,-2.0992326736450195,1.8877401947975159,0.8094999106471212,1,0
177,4,t213,1010,1010,1011,-0.5251778960227966,-0.9001778960227966,0.375,0.5914522525295962,1,0
177,5,x1,1110,1110,1000,-0.007907642982900143,-5.231306076049805,5.2233984330669045,0.9923045769619214,1,0
177,6,s12,1110,1110,1010,-0.5144678354263306,-1.4626855850219727,0.9482177495956421,0.5978276767112207,1,0
177,7,s32,1101,1110,1110,-0.9601344466209412,-0.5612082481384277,-0.3989261984825134,0.382844463602136,0,0
177,8,t130,0101,1101,1101,-1.8154224157333374,-0.25505879521369934,-1.560363620519638,0.16277368006656556,0,0
178,1,t123,1001,1001,1000,-1.5292836427688599,-1.7792836427688599,0.25,0.2170462748380615,1,0
178,2,t103,1001,1001,1000,-0.2126472294330597,-1.8376471996307373,1.6249999701976776,0.8084679652569045,1,0
178,3,s01,0101,1001,1001,-1.1653200387954712,-0.4132693409919739,-0.7520506978034973,0.3118280223818735,0,0
178,4,s23,0110,0110,0111,-1.0108752250671387,-1.0108752250671387,0.0,0.3639232863722902,0,1
178,5,c03,0110,0111,0111,-1.4095364809036255,-0.28453654050827026,-1.1249999403953552,0.24426330985796035,0,0
178,6,t103,0110,0110,0111,-0.3137780725955963,-1.313778042793274,0.9999999701976776,0.7306876680113176,1,0
178,7,s01,1010,0110,0110,-1.6198652982711792,-0.38988858461380005,-1.2299767136573792,0.19792834914986002,0,0
178,8,t310,1010,1010,0010,-0.17258331179618835,-2.0858774185180664,1.913294106721878,0.8415025396375084,1,0
179,1,x1,0100,0100,0010,-1.4086517095565796,-2.0261712074279785,0.6175194978713989,0.24456258292711452,1,0
179,2,c13,0101,0100,0100,-1.240144968032837,-0.9901449680328369,-0.25,0.28939509333961894,0,0
179,3,s03,1100,0101,0101,-1.5501338243484497,-0.7045652866363525,-0.8455685377120972,0.2122350318528451,0,0
179,4,x1,1000,1000,1001,-0.7949592471122742,-1.544959306716919,0.7500000596046448,0.45161285588360256,1,0
179,5,t321,1000,1000,1100,-0.014174348674714565,-4.388687610626221,4.374513261951506,0.9859379064055708,1,0
179,6,x2,1010,1010,1001,-0.006497093476355076,-5.701595783233643,5.6950986897572875,0.9936750612514116,1,0
179,7,c30,1010,1010,0010,-0.5763018727302551,-0.8408130407333374,0.2645111680030823,0.561991770954609,1,0
179,8,t120,1010,1010,0010,-0.12703505158424377,-2.1415719985961914,2.0145369470119476,0.8807068186113459,1,0
180,1,s13,0011,0110,0110,-2.2359774112701416,-2.1302683353424072,-0.10570907592773438,0.10691236775259187,0,0
180,2,t023,0011,0011,0010,-0.8895996809005737,-1.6395996809005737,0.75,0.4112763224920364,1,0
180,3,x3,0010,0010,0011,-0.009945523925125599,-4.634945392608643,4.624999868683517,0.990157439410578,1,0
180,4,s03,0010,0010,1010,-0.49914175271987915,-1.6708965301513672,1.171754777431488,0.6070756110825118,1,0
180,5,t302,0010,0010,0000,-0.029879385605454445,-3.5408692359924316,3.510989850386977,0.9705794968183353,1,0
180,6,c20,1010,0010,0010,-0.8264185786247253,-0.5760260224342346,-0.2503925561904907,0.4376331852784208,0,0
180,7,c23,1011,1011,1010,-0.3496713638305664,-1.224671483039856,0.8750001192092896,0.7049228271463359,1,0
180,8,t213,1011,1011,1010,-0.38713008165359497,-1.1371301412582397,0.7500000596046448,0.6790077571814035,1,0
181,1,t201,0111,0111,0011,-2.0775086879730225,-2.3120269775390625,0.23451828956604004,0.12529151877081984,1,0
181,2,t102,0111,0111,0101,-0.3823062777519226,-1.2561876773834229,0.8738813996315002,0.6823227142836642,1,0
181,3,x3,0110,0110,0111,-0.015524203889071941,-4.265524387359619,4.250000183470547,0.984640640193146,1,0
181,4,s21,0110,0110,0011,-0.7501442432403564,-0.7827420234680176,0.03259778022766113,0.472315603024226,1,0
181,5,c03,0110,0111,0111,-2.1271417140960693,-0.12714190781116486,-1.9999998062849045,0.11917885128956715,0,0
181,6,t102,0110,0110,0100,-0.014596635475754738,-4.275310039520264,4.260713404044509,0.9855261766955744,1,0
181,7,c31,0110,0010,0010,-0.8996275663375854,-0.5568861365318298,-0.3427414298057556,0.40673924586107396,0,0
181,8,x2,0100,0100,0110,-0.016603844240307808,-4.483752250671387,4.467148406431079,0.9835428508840376,1,0
182,1,t320,0011,1011,1011,-2.4480390548706055,-1.7679154872894287,-0.6801235675811768,0.08649856554417122,0,0
182,2,x2,0001,0001,0110,-0.4004846215248108,-2.222844123840332,1.8223595023155212,0.6702814388957404,1,0
182,3,t032,0001,0001,0011,-0.05540672317147255,-3.05686354637146,3.0014568231999874,0.9461161087854386,1,0
182,4,s30,1000,0001,0001,-0.8808326125144958,-0.579696774482727,-0.3011358380317688,0.414455050084882,0,0
182,5,x3,1001,1001,1000,-0.006226547993719578,-5.131226539611816,5.124999991618097,0.9939378957814046,1,0
182,6,s03,1001,1001,0011,-0.8361765146255493,-1.202919602394104,0.3667430877685547,0.4333710381133425,1,0
182,7,s30,1001,1001,0011,-0.8348752856254578,-1.2131993770599365,0.37832409143447876,0.4339439367950602,1,0
182,8,s01,0101,1001,1001,-1.2129545211791992,-0.39282938838005066,-0.8201251327991486,0.2973179696932907,0,0
183,1,s31,0101,0101,0110,-1.8869001865386963,-2.310929298400879,0.4240291118621826,0.1516190546757535,1,0
183,2,t032,0101,0101,0111,-0.9078502655029297,-0.9807344675064087,0.072884202003479,0.4036184807624269,1,0
183,3,x1,0001,0001,0111,-0.00782008282840252,-5.832659721374512,5.824839638546109,0.9922504758464604,1,0
183,4,s02,0001,0001,1000,-0.3140546679496765,-1.3261510133743286,1.012096345424652,0.7305008674423626,1,0
183,5,s02,0001,0001,1000,-0.16024816036224365,-1.9203442335128784,1.7600960731506348,0.8519407243345772,1,0
183,6,s30,1000,0001,0001,-0.8361968398094177,-0.5774863958358765,-0.25871044397354126,0.43338524315895455,0,0
183,7,s20,0010,1000,1000,-1.9401904344558716,-0.2047864943742752,-1.7354039400815964,0.14367881825305875,0,0
183,8,x2,0000,0000,0010,-0.017411822453141212,-4.800815582275391,4.783403759822249,0.9832202772210635,1,0
184,1,s01,0110,1010,1010,-2.3316826820373535,-2.091775894165039,-0.23990678787231445,0.09715590826791412,0,0
184,2,t231,0110,0110,0010,-0.3393610119819641,-2.2561888694763184,1.9168278574943542,0.7123056853333884,1,0
184,3,s32,0101,0110,0110,-1.0288535356521606,-0.9643116593360901,-0.06454187631607056,0.3574299858262465,0,0
184,4,x0,1101,1101,0101,-0.0572349913418293,-2.941948652267456,2.8847136609256268,0.9458723246530043,1,0
184,5,s13,1101,1101,1010,-0.7345392107963562,-1.3958547115325928,0.6613155007362366,0.4797332647769582,1,0
184,6,s23,1110,1110,1101,-0.5233478546142578,-0.9091922044754028,0.385844349861145,0.5925401916729719,1,0
184,7,c03,1111,1111,1110,-0.007818598300218582,-4.882818698883057,4.875000100582838,0.9922582296919046,1,0
184,8,t132,1101,1101,1111,-0.6933248043060303,-0.6942370533943176,0.0009122490882873535,0.4999319120363192,1,0
185,1,s12,0000,0000,0100,-1.7505419254302979,-1.874855637550354,0.12431371212005615,0.17374779362547263,1,0
185,2,x2,0010,0010,1000,-0.16822661459445953,-3.599111318588257,3.4308847039937973,0.8456247730360659,1,0
185,3,x3,0011,0011,0010,-0.021660827100276947,-4.146660804748535,4.124999977648258,0.978601134779523,1,0
185,4,c23,0010,0010,0011,-0.296850323677063,-1.421850323677063,1.125,0.7432350892792041,1,0
185,5,s21,0100,0010,0010,-1.3975424766540527,-0.9248612523078918,-0.4726812243461609,0.24720982231131516,0,0
185,6,s31,0001,0100,0100,-2.07332706451416,-0.5546388030052185,-1.5186882615089417,0.12577677116132807,0,0
185,7,x2,0011,0011,0010,-0.06036662310361862,-3.185366630554199,3.1250000074505806,0.9417487260279566,1,0
185,8,t120,0011,0011,1011,-0.31614989042282104,-1.4320530891418457,1.1159031987190247,0.7289746955272515,1,0
186,1,x2,0101,0101,1000,-1.5656688213348389,-2.6694276332855225,1.1037588119506836,0.20923580546124707,1,0
186,2,c03,0101,0100,0100,-1.451865553855896,-0.45186561346054077,-0.9999999403953552,0.2341757751831165,0,0
186,3,t130,1101,0101,0101,-0.7031458616256714,-0.6971069574356079,-0.0060389041900634766,0.4950470749276024,0,0
186,4,s10,1101,1101,0101,-0.5876476168632507,-0.9536749720573425,0.3660273551940918,0.5556448525814722,1,0
186,5,c32,1111,1111,1101,-0.04674079269170761,-3.268347978591919,3.2216071859002113,0.9543642139101052,1,0
186,6,c01,1011,1011,1111,-0.5232027769088745,-0.8998720049858093,0.3766692280769348,0.5926236308322071,1,0
186,7,c13,1011,1010,1010,-1.5057638883590698,-0.2557639479637146,-1.2499999403953552,0.22185237530367405,0,0
186,8,x0,0011,0011,1111,-0.03726614639163017,-4.041283130645752,4.004016984254122,0.9634226852976959,1,0
187,1,x1,0111,0111,0001,-1.7298320531845093,-2.2176766395568848,0.4878445863723755,0.17739235170191456,1,0
187,2,c32,0101,0101,0111,-0.4973090589046478,-1.6765663623809814,1.1792573034763336,0.6082659052726169,1,0
187,3,t310,1101,0101,0101,-0.8295585513114929,-0.5802144408226013,-0.2493441104888916,0.436263611168635,0,0
187,4,t230,1101,1101,0101,-0.38803988695144653,-1.1391775608062744,0.7511376738548279,0.6784374024028842,1,0
187,5,c10,0101,0101,1101,-0.2257361263036728,-1.6007816791534424,1.3750455528497696,0.7980022639767446,1,0
187,6,c02,0101,0111,0111,-1.3136546611785889,-0.3136973977088928,-0.999957263469696,0.2688543054157706,0,0
187,7,s23,0110,0110,0101,-0.35026565194129944,-1.3132351636886597,0.9629695117473602,0.7045133653779596,1,0
187,8,x0,1110,1110,0110,-0.4749257564544678,-0.9760417938232422,0.5011160373687744,0.6221843049281442,1,0
188,1,c32,1000,1000,1001,-1.6557191610336304,-1.7807191610336304,0.125,0.1913956260611325,1,0
188,2,t103,1000,1000,1001,-0.19760435819625854,-1.8226044178009033,1.6250000596046448,0.8207422949051273,1,0
188,3,t210,1000,1000,0000,-0.05069882050156593,-3.357625961303711,3.306927140802145,0.9505730670633472,1,0
188,4,s30,0001,1000,1000,-2.7772274017333984,-0.25343459844589233,-2.523792803287506,0.062214239460608826,0,0
188,5,t013,0001,0001,0000,-0.0007332951063290238,-7.375732898712158,7.374999603605829,0.9992688714584704,1,0
188,6,c02,0001,0001,0011,-0.6932270526885986,-0.6932599544525146,3.2901763916015625e-05,0.49997076604351914,1,0
188,7,s21,0001,0001,0100,-0.3814696669578552,-1.4092166423797607,1.0277469754219055,0.6828701734176559,1,0
188,8,t210,0001,0001,1001,-0.0054434216581285,-5.25656270980835,5.251119288150221,0.9945717003613765,1,0
189,1,c20,1101,0101,0101,-2.115767478942871,-1.79770827293396,-0.31805920600891113,0.12059787378854679,0,0
189,2,s20,0111,1101,1101,-3.5272626876831055,-1.061079740524292,-2.4661829471588135,0.029388311415784008,0,0
189,3,t210,1111,0111,0111,-0.9882271885871887,-0.4773963689804077,-0.510830819606781,0.3722430488400743,0,0
189,4,x1,1011,1011,1111,-0.009850036352872849,-5.1890482902526855,5.179198253899813,0.990463824207274,1,0
189,5,t013,1011,1010,1010,-0.8993821740150452,-0.5243821740150452,-0.375,0.406825347271571,0,0
189,6,t031,1111,1111,1011,-0.18264804780483246,-1.805108666419983,1.6224606186151505,0.8332056408986642,1,0
189,7,c21,1011,1111,1111,-1.8047897815704346,-0.1820080280303955,-1.622781753540039,0.16451243816651273,0,0
189,8,x0,0011,0011,1011,-0.009809820912778378,-4.871726989746094,4.861917168833315,0.9902572501794794,1,0
190,1,x2,0001,0001,0010,-1.4747493267059326,-2.385570526123047,0.9108211994171143,0.22912049373183643,1,0
190,2,t013,0001,0001,0000,-0.234460711479187,-2.2344608306884766,2.0000001192092896,0.7911206809574678,1,0
190,3,t120,0001,0001,1001,-0.20293748378753662,-1.7066863775253296,1.503748893737793,0.8163360719497301,1,0
190,4,t213,0001,0001,0000,-0.0003355442895554006,-8.375334739685059,8.374999195395503,0.9996663023221277,1,0
190,5,t321,0001,0001,0101,-0.07916371524333954,-2.579347848892212,2.5001841336488724,0.9238994795077949,1,0
190,6,s31,0100,0100,0001,-0.6632619500160217,-0.7958449721336365,0.13258302211761475,0.515174392660315,1,0
190,7,s30,0100,1100,1100,-0.8290956020355225,-0.5847670435905457,-0.2443285584449768,0.43646242262597085,0,0
190,8,x1,0000,0000,0100,-0.038354162126779556,-3.2890384197235107,3.250684257596731,0.9623775977668003,1,0
191,1,t320,0100,0100,1100,-1.2487800121307373,-2.139711380004883,0.8909313678741455,0.2870451417927679,1,0
191,2,c23,0100,0101,0101,-0.8380727767944336,-0.5880727767944336,-0.25,0.43255392246371493,0,0
191,3,x0,1100,1100,0100,-0.07106059789657593,-2.716799259185791,2.645738661289215,0.9318750772280371,1,0
191,4,x0,0100,0100,1100,-0.009816134348511696,-4.641582012176514,4.631765877828002,0.9902413921017854,1,0
191,5,c01,0100,0100,0000,-0.027067357674241066,-3.669381618499756,3.642314260825515,0.9733047742265748,1,0
191,6,s23,0100,0100,0110,-0.3054642379283905,-1.409146785736084,1.1036825478076935,0.7367984520999104,1,0
191,7,c23,0100,0101,0101,-1.0539534091949463,-0.4289534091949463,-0.625,0.3485587275026188,0,0
191,8,c13,0101,0100,0100,-0.826271653175354,-0.576271653175354,-0.25,0.43768116442376676,0,0
192,1,t123,1101,1100,1100,-1.820566177368164,-1.695566177368164,-0.125,0.16206008191529217,0,0
192,2,c03,1100,1100,1101,-0.34256017208099365,-1.5925602912902832,1.2500001192092896,0.7100489377654755,1,0
192,3,s20,0110,1100,1100,-1.69156014919281,-0.40202003717422485,-1.2895401120185852,0.18423754471472625,0,0
192,4,c31,0110,0110,0010,-0.7070791125297546,-0.82337886095047,0.11629974842071533,0.49310791210303895,1,0
192,5,x1,0010,0010,0110,-0.002969312947243452,-6.2569580078125,6.2539886948652565,0.9970648697927982,1,0
192,6,t312,0010,0010,0000,-0.012139709666371346,-4.797324180603027,4.785184470936656,0.9879584601599238,1,0
192,7,t123,0010,0010,0011,-0.04329425096511841,-3.1682941913604736,3.1249999403953552,0.9576305542626823,1,0
192,8,t123,0010,0010,0011,-0.005574551410973072,-5.2555742263793945,5.2499996749684215,0.994442389949365,1,0
193,1,s23,0010,0001,0001,-2.1518142223358154,-1.762572169303894,-0.3892420530319214,0.11639952169575576,0,0
193,2,c01,0010,0010,0110,-0.650752067565918,-2.079145908355713,1.428393840789795,0.5218629510268886,1,0
193,3,t130,0010,0010,1010,-0.12847161293029785,-2.137755870819092,2.009284257888794,0.8794500202149824,1,0
193,4,t230,0010,0010,1010,-0.16026222705841064,-1.9241079092025757,1.763845682144165,0.8519379247391464,1,0
193,5,t031,0010,0010,0110,-0.043062932789325714,-3.1691036224365234,3.1260406896471977,0.9578829896635851,1,0
193,6,t032,0010,0010,0000,-0.012545674107968807,-4.457472324371338,4.444926650263369,0.9875348631862902,1,0
193,7,s21,0100,0010,0010,-1.561730980873108,-0.3516777753829956,-1.2100532054901123,0.20977718341494925,0,0
193,8,c12,0110,0100,0100,-1.1371335983276367,-0.3872791826725006,-0.7498544156551361,0.3207534945997316,0,0
194,1,t231,1001,1001,1011,-1.7185742855072021,-2.0742135047912598,0.3556392192840576,0.1794435011159348,1,0
194,2,c31,1101,1101,1001,-0.4626564681529999,-1.158286690711975,0.6956302225589752,0.6296491581266307,1,0
194,3,t302,1111,1111,1101,-0.5779967904090881,-0.8284228444099426,0.2504260540008545,0.5610434232968177,1,0
194,4,t013,1110,1110,1111,-0.5234642028808594,-0.8984642028808594,0.375,0.5924727504765556,1,0
194,5,t032,1110,1110,1100,-0.29563194513320923,-1.4162245988845825,1.1205926537513733,0.7440857958626058,1,0
194,6,s12,1110,1110,1010,-0.5707728862762451,-1.5489037036895752,0.9781308174133301,0.5651014667738004,1,0
194,7,s31,1011,1110,1110,-1.6471186876296997,-0.2863416075706482,-1.3607770800590515,0.19260835484562708,0,0
194,8,t032,1001,1011,1011,-3.1702661514282227,-0.04563446342945099,-3.1246316879987717,0.041993467729497566,0,0
195,1,c01,1000,1100,1100,-2.2975339889526367,-2.2022013664245605,-0.09533262252807617,0.1005427941684286,0,0
195,2,c20,1000,1000,0000,-0.5808485746383667,-0.8875721096992493,0.30672353506088257,0.5594357056226781,1,0
195,3,t230,1000,1000,0000,-0.10066623985767365,-2.3738179206848145,2.273151680827141,0.9042373278150473,1,0
195,4,c02,1010,1010,1000,-0.6935172080993652,-0.6952154040336609,0.0016981959342956543,0.4998200556544882,1,0
195,5,s10,0110,1010,1010,-2.061431407928467,-0.3869098722934723,-1.6745215356349945,0.12727436266007325,0,0
195,6,x2,0100,0100,0101,-0.0028789499774575233,-6.752878665924072,6.749999715946615,0.9973245231938386,1,0
195,7,x0,1100,1100,0100,-0.16088543832302094,-1.9114168882369995,1.7505314499139786,0.8519324505490259,1,0
195,8,x2,1110,1110,1101,-0.0009543659398332238,-7.554656505584717,7.553702139644884,0.999111777091445,1,0
196,1,s30,0010,0010,0001,-2.111548900604248,-2.3309974670410156,0.21944856643676758,0.1210779200200437,1,0
196,2,t321,0010,0010,0110,-0.28963610529899597,-2.0318443775177,1.7422082722187042,0.7486155127458293,1,0
196,3,s23,0001,0010,0010,-1.075669527053833,-0.554351806640625,-0.521317720413208,0.3410888339425295,0,0
196,4,t301,0001,0001,0101,-0.04352980852127075,-3.230438232421875,3.1869084239006042,0.9574254732323483,1,0
196,5,s03,1000,0001,0001,-1.3179190158843994,-0.31870236992836,-0.9992166459560394,0.2677036690184485,0,0
196,6,c01,1100,1000,1000,-0.9741600751876831,-0.47738295793533325,-0.49677711725234985,0.3775197390305496,0,0
196,7,x2,1110,1110,1100,-0.006562338210642338,-5.161312580108643,5.154750241898,0.9940519644357523,1,0
196,8,x2,1100,1100,1111,-0.09144459664821625,-2.94014048576355,2.8486958891153336,0.9144402846989409,1,0
197,1,s13,0101,0101,0100,-2.2360949516296387,-2.3610949516296387,0.125,0.10691217964740357,1,0
197,2,t120,0101,0101,1101,-0.6851357817649841,-1.0581433773040771,0.373007595539093,0.5041135415801695,1,0
197,3,c01,0101,0101,0001,-0.2540006935596466,-1.509909987449646,1.2559092938899994,0.7757617754463878,1,0
197,4,t103,0101,0100,0100,-0.8262321949005127,-0.5762321949005127,-0.25,0.4376989777876646,0,0
197,5,t123,0101,0101,0100,-0.04905414581298828,-3.049053907394409,2.999999761581421,0.9521378219452898,1,0
197,6,t120,0101,0101,1101,-0.47414058446884155,-0.9742584824562073,0.5001178979873657,0.6224286735111516,1,0
197,7,s02,0101,0101,1100,-0.39086297154426575,-1.1465799808502197,0.755717009305954,0.6764921009046287,1,0
197,8,c32,0111,0111,0101,-0.34888026118278503,-1.2238240242004395,0.8749437630176544,0.7055734880312513,1,0
198,1,c10,1111,1111,0111,-1.7465219497680664,-2.130183696746826,0.38366174697875977,0.17443011641212233,1,0
198,2,t230,0111,0111,1111,-0.7019509077072144,-0.7095828652381897,0.007631957530975342,0.49564883833610296,1,0
198,3,c21,0011,0011,0111,-0.3896031677722931,-1.139959454536438,0.7503562867641449,0.6773633366597385,1,0
198,4,c21,0111,0111,0011,-0.2814547121524811,-1.4063175916671753,1.1248628795146942,0.7547063901613325,1,0
198,5,s10,1011,1110,1110,-2.722111225128174,-0.7205693125724792,-2.0015419125556946,0.0657377694512655,0,0
198,6,x2,1001,1001,1110,-0.039844051003456116,-4.078310012817383,4.038465961813927,0.9610068904365311,1,0
198,7,x1,1101,1101,1011,-0.009170805104076862,-4.984462261199951,4.975291456095874,0.9912542256176856,1,0
198,8,x1,1001,1001,1101,-0.02354278787970543,-3.7793657779693604,3.755822990089655,0.9767597308825571,1,0
199,1,t301,0110,0110,0010,-1.541850209236145,-2.513150453567505,0.9713002443313599,0.2140645081940323,1,0
199,2,x3,0111,0111,0110,-0.044942706823349,-3.419942855834961,3.375000149011612,0.956113803687447,1,0
199,3,c02,0111,0101,0101,-1.5149211883544922,-0.25972089171409607,-1.2552002966403961,0.21985563534042005,0,0
199,4,c21,0011,0011,0111,-0.22740785777568817,-1.6024737358093262,1.375065878033638,0.7966265253537901,1,0
199,5,x2,0001,0001,0011,-0.0182478167116642,-4.036395072937012,4.0181472562253475,0.9819638483988096,1,0
199,6,c21,0001,0101,0101,-1.9103355407714844,-0.16039025783538818,-1.7499452829360962,0.14803316008400202,0,0
199,7,s03,1000,0001,0001,-1.141083836555481,-0.3879615366458893,-0.7531222999095917,0.3194784889875797,0,0
199,8,x1,1100,1100,1010,-0.01823708415031433,-4.2701640129089355,4.251926928758621,0.9819585840798952,1,0
200,1,x2,0111,0111,0000,-1.3686000108718872,-2.627176284790039,1.2585762739181519,0.2548257716771468,1,0
200,2,x2,0101,0101,1000,-0.07353825867176056,-4.654572486877441,4.581034228205681,0.9292142230128383,1,0
200,3,x3,0100,0100,0101,-0.037234723567962646,-3.7872347831726074,3.7500000596046448,0.9634957391739416,1,0
200,4,s30,0100,0100,1100,-0.7027851939201355,-0.7480272054672241,0.04524201154708862,0.49522676239392927,1,0
200,5,c32,0100,0100,0110,-0.227706179022789,-1.6009351015090942,1.3732289224863052,0.7963885809224373,1,0
200,6,c01,0100,0100,0000,-0.055424049496650696,-2.94470477104187,2.8892807215452194,0.946155073897199,1,0
200,7,x2,0110,0110,0100,-0.02175472490489483,-4.283633232116699,4.261878507211804,0.9796509847151944,1,0
200,8,x3,0111,0111,0110,-0.0067426408641040325,-5.006742477416992,4.999999836552888,0.9932838353984392,1,0
201,1,x2,0101,0101,0000,-1.274750828742981,-2.6576292514801025,1.3828784227371216,0.2798732375112839,1,0
201,2,x0,1101,1101,0101,-0.7181916236877441,-1.0307650566101074,0.3125734329223633,0.4876756691776189,1,0
201,3,x2,1111,1111,0111,-0.0076388209126889706,-6.646634101867676,6.638995280954987,0.9925874409408391,1,0
201,4,x2,1101,1101,1110,-0.002360271755605936,-7.384956359863281,7.382596088107675,0.9976550287270353,1,0
201,5,c32,1111,1111,1110,-0.5208792090415955,-1.1458791494369507,0.6249999403953552,0.5940112448311475,1,0
201,6,t230,0111,0111,1111,-0.6932860612869263,-0.6935628652572632,0.00027680397033691406,0.49996070598488884,1,0
201,7,s20,1101,0111,0111,-1.7476831674575806,-0.8992026448249817,-0.8484805226325989,0.1741813204668451,0,0
201,8,s20,0111,1101,1101,-0.9193992614746094,-0.5997923016548157,-0.3196069598197937,0.39876430701917304,0,0
202,1,t301,1011,1011,1111,-1.9953370094299316,-2.140857458114624,0.14552044868469238,0.1360106632713374,1,0
202,2,x3,1010,1010,1011,-0.06249673664569855,-3.6874966621398926,3.624999925494194,0.9395151091058135,1,0
202,3,s10,0110,1010,1010,-1.1475821733474731,-0.5762381553649902,-0.5713440179824829,0.31741191682058495,0,0
202,4,x3,0111,0111,0110,-0.0030733500607311726,-6.128073692321777,6.125000342261046,0.9969386321822346,1,0
202,5,c03,0111,0110,0110,-1.9106043577194214,-0.1606043130159378,-1.7500000447034836,0.1479921720100707,0,0
202,6,t312,0101,0111,0111,-1.7019717693328857,-0.20207799971103668,-1.499893769621849,0.1823311773399493,0,0
202,7,s02,0101,1100,1100,-0.7618719935417175,-0.6710149645805359,-0.09085702896118164,0.46680899953924543,0,0
202,8,c31,0001,0011,0011,-1.106194019317627,-0.9812225699424744,-0.12497144937515259,0.3308605879120978,0,0
203,1,x0,1000,1000,0100,-1.7099335193634033,-2.334993362426758,0.6250598430633545,0.1809550145368912,1,0
203,2,s20,0010,1000,1000,-2.082624912261963,-1.1210285425186157,-0.9615963697433472,0.12461694351517878,0,0
203,3,x2,0000,0000,0011,-0.5810332298278809,-1.8093838691711426,1.2283506393432617,0.5594776553707885,1,0
203,4,x1,0100,0100,0000,-0.2560935318470001,-1.7190614938735962,1.462967962026596,0.7740891884756792,1,0
203,5,t023,0100,0100,0101,-0.031220469623804092,-4.53122091293335,4.5000004433095455,0.9692998235882512,1,0
203,6,x0,1100,1100,0100,-0.39834630489349365,-1.2873719930648804,0.8890256881713867,0.671517248286774,1,0
203,7,s31,1001,1100,1100,-1.7714723348617554,-0.883065938949585,-0.8884063959121704,0.1700865374417932,0,0
203,8,x3,1000,1000,1001,-0.0425458624958992,-3.417546033859253,3.3750001713633537,0.9584835204425962,1,0
204,1,x2,0010,0010,0001,-1.2516655921936035,-1.7283587455749512,0.47669315338134766,0.2863790629604276,1,0
204,2,t320,0010,0010,1010,-0.579826295375824,-1.6096570491790771,1.0298307538032532,0.5600413191147116,1,0
204,3,x0,1010,1010,0010,-0.12940065562725067,-2.189094305038452,2.0596936494112015,0.8786680498844538,1,0
204,4,x2,1000,1000,1011,-0.021747292950749397,-4.244762420654297,4.2230151277035475,0.9784960528063565,1,0
204,5,t301,1000,1000,1100,-0.023525893688201904,-3.773536443710327,3.7500105500221252,0.976754885252343,1,0
204,6,c32,1000,1000,1010,-0.03422696888446808,-4.018232345581055,3.9840053766965866,0.9663535388262884,1,0
204,7,c03,1001,1001,1000,-0.12695300579071045,-2.126952886581421,1.9999998807907104,0.8807819428017983,1,0
204,8,s02,0011,1001,1001,-1.1897706985473633,-0.4769878089427948,-0.7127828896045685,0.30429200502630604,0,0
205,1,t023,0100,0100,0101,-1.6471920013427734,-1.7721920013427734,0.125,0.19296401393305243,1,0
205,2,t012,0100,0100,0110,-0.23291686177253723,-1.761863112449646,1.5289462506771088,0.7922655960750877,1,0
205,3,c03,0100,0101,0101,-0.9754897952079773,-0.47548985481262207,-0.4999999403953552,0.3770123312790178,0,0
205,4,t021,0100,0100,0000,-0.015208594501018524,-4.401053428649902,4.385844834148884,0.9850153468401612,1,0
205,5,c20,0100,0100,1100,-0.5762428045272827,-0.8261501789093018,0.24990737438201904,0.5620651235905997,1,0
205,6,s01,1000,0100,0100,-1.3170124292373657,-0.31923481822013855,-0.9977776110172272,0.26793809838545596,0,0
205,7,t320,1000,1000,0010,-0.1280185580253601,-2.5859508514404297,2.4579322934150696,0.8798540127176635,1,0
205,8,t132,1000,1000,1010,-0.04913357272744179,-3.0490615367889404,2.9999279640614986,0.9520829944903697,1,0
206,1,t102,0000,0000,0010,-1.2660672664642334,-2.0895981788635254,0.823530912399292,0.2822142224869984,1,0
206,2,s01,0000,0000,1000,-0.20371368527412415,-1.7325117588043213,1.5287980735301971,0.8157073707851964,1,0
206,3,t210,0000,0000,1000,-0.011063560843467712,-4.511141300201416,4.500077739357948,0.9890007571910159,1,0
206,4,t103,0000,0000,0001,-0.00040670239832252264,-8.375406265258789,8.374999562860467,0.9995968902146194,1,0
206,5,t203,0000,0000,0001,-0.0005202778847888112,-8.000520706176758,8.000000428291969,0.9994908579104167,1,0
206,6,t321,0000,0000,0100,-0.003918210510164499,-5.753964900970459,5.7500466904602945,0.9961032894231244,1,0
206,7,x2,0010,0010,0000,-0.007527169305831194,-5.020036220550537,5.012509051244706,0.9932497841692558,1,0
206,8,x0,1010,1010,0010,-0.027828603982925415,-3.652927875518799,3.6250992715358734,0.9727507347513918,1,0
207,1,x0,1101,1101,1001,-2.2734336853027344,-2.481724739074707,0.20829105377197266,0.10299181269435556,1,0
207,2,x3,1100,1100,1101,-0.1602737307548523,-2.785273790359497,2.6250000596046448,0.8520984492339573,1,0
207,3,s32,1100,1110,1110,-0.920282244682312,-0.7059152722358704,-0.21436697244644165,0.3984224492725487,0,0
207,4,c30,1100,1100,0100,-0.5762328505516052,-0.8328567743301392,0.25662392377853394,0.5620542179782408,1,0
207,5,s10,1100,1100,0100,-0.6763171553611755,-0.8742160201072693,0.19789886474609375,0.5084978940567921,1,0
207,6,s03,0101,1100,1100,-1.812190055847168,-0.5787938237190247,-1.2333962321281433,0.1633037344116092,0,0
207,7,s30,1100,1100,0101,-0.5043194890022278,-0.9839991331100464,0.4796796441078186,0.6039491018135079,1,0
207,8,x0,0100,0100,0101,-0.5901839137077332,-0.8401839137077332,0.25,0.5542307487261222,1,0
208,1,s23,0000,0000,0001,-1.8210525512695312,-2.1960525512695312,0.375,0.1620394274501572,1,0
208,2,t213,0000,0000,0001,-0.14683014154434204,-2.8968300819396973,2.7499999403953552,0.8636281038694416,1,0
208,3,t203,0000,0000,0001,-0.0004944151733070612,-9.125494003295898,9.124999588122591,0.999513187893506,1,0
208,4,t312,0000,0000,0010,-0.006946872919797897,-5.007020950317383,5.000074077397585,0.9930965017111847,1,0
208,5,s21,0000,0000,0100,-0.09059400111436844,-2.464176893234253,2.3735828921198845,0.9133995304628996,1,0
208,6,c20,0000,0000,1000,-0.07890795916318893,-2.5789008140563965,2.4999928548932076,0.9241335475677771,1,0
208,7,x2,0010,0010,0000,-0.003521962556988001,-5.943826198577881,5.940304236020893,0.9973537035313406,1,0
208,8,s30,0010,0010,1000,-0.31468018889427185,-1.4836137294769287,1.1689335405826569,0.7300260785876229,1,0
209,1,c20,1111,1111,0111,-1.9309742450714111,-2.534602642059326,0.603628396987915,0.1450595002408108,1,0
209,2,s01,1111,0111,0111,-0.8782947063446045,-0.8353451490402222,-0.042949557304382324,0.415512808496575,0,0
209,3,s20,1111,1111,0111,-0.600964367389679,-0.8573737144470215,0.25640934705734253,0.5483605360254766,1,0
209,4,x1,1011,1011,1101,-0.008797179907560349,-5.187471866607666,5.178674686700106,0.9912717358120913,1,0
209,5,c10,1011,0011,0011,-1.142890214920044,-0.3928445279598236,-0.7500456869602203,0.3189051157853911,0,0
209,6,c10,1011,0011,0011,-0.9744547605514526,-0.4839208126068115,-0.4905339479446411,0.3774057841745727,0,0
209,7,t310,1011,1011,0011,-0.693497359752655,-0.7031106948852539,0.009613335132598877,0.4998381111015258,1,0
209,8,s12,1101,1100,1100,-4.1634955406188965,-0.5384957194328308,-3.6249998211860657,0.015554102085123643,0,0
210,1,t230,1011,0011,0011,-2.8310859203338623,-1.6384317874908447,-1.1926541328430176,0.05897367230327724,0,0
210,2,s30,1011,1011,0011,-1.568812608718872,-2.1868886947631836,0.6180760860443115,0.20833331198412328,1,0
210,3,t032,1001,1011,1011,-1.2476205825805664,-1.1578574180603027,-0.08976316452026367,0.28726697792321776,0,0
210,4,x3,1000,1000,1001,-0.03268038481473923,-4.032680511474609,4.00000012665987,0.9679567697025341,1,0
210,5,s20,0010,1000,1000,-1.697351336479187,-0.535782516002655,-1.161568820476532,0.18317634018361745,0,0
210,6,t230,0010,0010,1010,-0.4121013581752777,-1.442660927772522,1.0305595695972443,0.6622968060860325,1,0
210,7,s01,0010,0010,1000,-0.26529261469841003,-1.7221320867538452,1.4568394720554352,0.7669855155121795,1,0
210,8,s03,0010,0010,1000,-0.6009861826896667,-1.1798561811447144,0.5788699984550476,0.5482810127687467,1,0
211,1,s02,1011,0011,0011,-2.538557767868042,-2.4487335681915283,-0.08982419967651367,0.07901875036217985,0,0
211,2,t021,1111,1111,1011,-0.7729533910751343,-1.2801671028137207,0.5072137117385864,0.4617077178491829,1,0
211,3,s30,1111,1111,0111,-0.6050341129302979,-0.9542845487594604,0.3492504358291626,0.5461322992476668,1,0
211,4,t321,1011,1011,1111,-0.4743107557296753,-0.9795669317245483,0.505256175994873,0.6223604979343907,1,0
211,5,t023,1010,1011,1011,-0.8265290856361389,-0.5765290856361389,-0.25,0.4375734172480744,0,0
211,6,c21,1110,1110,1010,-0.3926350772380829,-1.1439099311828613,0.7512748539447784,0.6753826410682735,1,0
211,7,x3,1111,1111,1110,-0.005321368109434843,-5.255321025848389,5.249999657738954,0.9947165453466777,1,0
211,8,t310,0111,0111,1111,-0.8730025291442871,-1.006655216217041,0.1336526870727539,0.4177200566886651,1,0
212,1,t031,0111,0011,0011,-2.2360177040100098,-2.099781036376953,-0.13623666763305664,0.10692984004327778,0,0
212,2,t310,1111,1111,0111,-0.6999041438102722,-0.7000295519828796,0.00012540817260742188,0.4966633442574416,1,0
212,3,t130,0111,1111,1111,-0.8262264728546143,-0.5761208534240723,-0.250105619430542,0.43772973526831555,0,0
212,4,c01,0111,0111,0011,-0.21009498834609985,-1.7100892066955566,1.4999942183494568,0.8105189777340777,1,0
212,5,s20,1101,1100,1100,-3.56411075592041,-0.5641106963157654,-3.0000000596046448,0.028326319365625244,0,0
212,6,t312,1111,1111,1101,-0.20833104848861694,-1.7029414176940918,1.4946103692054749,0.8119960178278988,1,0
212,7,x2,1101,1101,1111,-0.0029568823520094156,-6.240777969360352,6.237821087008342,0.9971056701149197,1,0
212,8,t023,1101,1101,1100,-0.6363013386726379,-0.7613013386726379,0.125,0.5292525160470221,1,0
213,1,t301,0001,0001,0101,-1.500490427017212,-2.570087432861328,1.0695970058441162,0.22319238539949063,1,0
213,2,t103,0001,0001,0000,-0.011468019336462021,-5.136467933654785,5.124999914318323,0.9886102460218396,1,0
213,3,c13,0001,0001,0000,-0.03867393732070923,-3.2886736392974854,3.249999701976776,0.9620772685272319,1,0
213,4,x3,0000,0000,0001,-0.009708183817565441,-4.822208404541016,4.81250022072345,0.9915011965080042,1,0
213,5,x1,0100,0100,0000,-0.006458200514316559,-5.712654113769531,5.706195913255215,0.9937548987383272,1,0
213,6,x0,1100,1100,0100,-0.02291356958448887,-3.8978593349456787,3.87494576536119,0.9795283361719004,1,0
213,7,t120,1100,1100,0100,-0.07891540974378586,-2.580169200897217,2.501253791153431,0.9241307012468565,1,0
213,8,t231,1100,1100,1000,-0.00463616568595171,-5.6389946937561035,5.634358528070152,0.9953789217510799,1,0
214,1,t320,0110,0110,1110,-1.689150094985962,-2.260204792022705,0.5710546970367432,0.18475495801265993,1,0
214,2,c31,0110,0010,0010,-0.951975405216217,-0.7537051439285278,-0.1982702612876892,0.3860007711887011,0,0
214,3,x0,1110,1110,0110,-0.0248569343239069,-3.7782883644104004,3.7534314300864935,0.9761287474921413,1,0
214,4,s02,1110,1110,0111,-0.5147629380226135,-1.2934991121292114,0.7787361741065979,0.5976593982587625,1,0
214,5,t031,1110,1110,1010,-0.2276846021413803,-1.6186796426773071,1.3909950405359268,0.7963811307514492,1,0
214,6,c10,0110,0110,1110,-0.3894035518169403,-1.137328863143921,0.7479253113269806,0.6774943001603914,1,0
214,7,c21,0010,0110,0110,-1.2288742065429688,-0.34929266571998596,-0.8795815408229828,0.29263114535786694,0,0
214,8,c20,1010,1010,0010,-0.4745098352432251,-0.9741399884223938,0.4996301531791687,0.6222020727673343,1,0
215,1,t021,0011,0011,0111,-2.024489402770996,-2.217743396759033,0.1932539939880371,0.1321290299571549,1,0
215,2,s03,1010,0011,0011,-2.0640597343444824,-0.5252872109413147,-1.5387725234031677,0.12694936357085362,0,0
215,3,c12,1010,1000,1000,-1.2624073028564453,-1.0119290351867676,-0.25047826766967773,0.28298231140882796,0,0
215,4,c10,1010,0010,0010,-0.9749817848205566,-0.5081157088279724,-0.46686607599258423,0.37721316678380906,0,0
215,5,t123,1010,1011,1011,-0.8265662789344788,-0.5765662789344788,-0.25,0.4375539425350332,0,0
215,6,t213,1010,1010,1011,-0.043168019503355026,-3.16816782951355,3.124999810010195,0.9577585011171323,1,0
215,7,x0,0010,0010,0011,-0.02290787734091282,-4.772907733917236,4.7499998565763235,0.9774525107855734,1,0
215,8,t032,0010,0010,0000,-0.0010965541005134583,-7.762935161590576,7.761838607490063,0.998906122395152,1,0
216,1,s10,1010,0110,0110,-2.3780159950256348,-2.0412347316741943,-0.33678126335144043,0.09275030581196755,0,0
216,2,s30,0011,1010,1010,-2.3950204849243164,-1.4331049919128418,-0.9619154930114746,0.09118629439734158,0,0
216,3,t320,1011,0011,0011,-2.084693193435669,-1.0573055744171143,-1.0273876190185547,0.1243539701895237,0,0
216,4,s12,1101,1011,1011,-2.371997356414795,-1.3472111225128174,-1.0247862339019775,0.0933159052393675,0,0
216,5,x1,1001,1001,1011,-0.42125722765922546,-1.5479367971420288,1.1266795694828033,0.6563309096747024,1,0
216,6,t123,1001,1001,1000,-0.5276520252227783,-0.9026520252227783,0.375,0.5899999220021603,1,0
216,7,c13,1001,1000,1000,-1.053783655166626,-0.4287835955619812,-0.6250000596046448,0.3486178514915652,0,0
216,8,t023,1001,1001,1000,-0.0486166812479496,-3.048616647720337,2.9999999664723873,0.9525484878245609,1,0
217,1,s10,1101,1101,0101,-2.073488235473633,-2.210160732269287,0.1366724967956543,0.12577216484687492,1,0
217,2,c32,1111,1111,1110,-0.6908812522888184,-1.5658812522888184,0.875,0.5012480997239679,1,0
217,3,t320,0111,0111,1111,-0.6963843703269958,-0.6986861228942871,0.0023017525672912598,0.49843109232031046,1,0
217,4,x1,0011,0011,1101,-0.019076088443398476,-4.799924850463867,4.780848762020469,0.9813401362101837,1,0
217,5,c21,0111,0111,0011,-0.2020130753517151,-1.7019675970077515,1.4999545216560364,0.8171459504207598,1,0
217,6,s20,1101,0111,0111,-1.20401930809021,-0.826820969581604,-0.37719833850860596,0.3000018524334193,0,0
217,7,x1,1001,1001,1111,-0.10011094808578491,-2.881990432739258,2.781879484653473,0.9047712503290102,1,0
217,8,x0,0001,0001,1001,-0.0084574855864048,-4.8949713706970215,4.886513885110617,0.9916050754464139,1,0
218,1,s03,1010,0011,0011,-2.7516632080078125,-2.308166027069092,-0.4434971809387207,0.06386320974371766,0,0
218,2,x0,0010,0010,0011,-2.2282915115356445,-2.3532915115356445,0.125,0.10776546086162299,1,0
218,3,t123,0010,0010,0011,-0.7448220252990723,-1.3698219060897827,0.6249998807907104,0.474908404435589,1,0
218,4,c01,0010,0010,0110,-0.4339168965816498,-1.05731999874115,0.6234031021595001,0.6479975716548103,1,0
218,5,s02,1000,0010,0010,-1.6482429504394531,-0.27087247371673584,-1.3773704767227173,0.19239150367148367,0,0
218,6,s01,0100,1000,1000,-2.10697078704834,-0.3190460801124573,-1.7879247069358826,0.12160824766736794,0,0
218,7,s20,0100,0100,1100,-0.7208395004272461,-0.9708828926086426,0.2500433921813965,0.48636633190752804,1,0
218,8,c31,0100,0100,0010,-0.3695228099822998,-1.8628605604171753,1.4933377504348755,0.691104915938117,1,0
219,1,t310,0010,0010,1010,-1.3418492078781128,-2.2438511848449707,0.9020019769668579,0.26143910447826174,1,0
219,2,x2,0000,0000,0011,-0.05012773349881172,-3.3765461444854736,3.326418410986662,0.9515862005211777,1,0
219,3,x1,0100,0100,0000,-0.013558819890022278,-4.520111560821533,4.506552740931511,0.9865667507823834,1,0
219,4,s32,0100,0100,0110,-0.19998835027217865,-1.8087669610977173,1.6087786108255386,0.8187502898722857,1,0
219,5,c23,0100,0100,0101,-0.42947760224342346,-1.054477572441101,0.6249999701976776,0.6508502512581514,1,0
219,6,x2,0110,0110,0100,-0.00796952098608017,-5.196243762969971,5.1882742419838905,0.9923303629608115,1,0
219,7,c30,0110,1110,1110,-0.8982540965080261,-0.5241461992263794,-0.37410789728164673,0.40729857400203756,0,0
219,8,s21,0110,0110,0011,-0.38897889852523804,-1.5259974002838135,1.1370185017585754,0.6777514365900212,1,0
220,1,s30,1100,0101,0101,-2.7355408668518066,-2.368405342102051,-0.36713552474975586,0.06487349959073914,0,0
220,2,x1,1000,1110,1110,-2.0283432006835938,-1.8481943607330322,-0.18014883995056152,0.13158686026178865,0,0
220,3,x1,1100,1100,1010,-0.20265324413776398,-1.8809788227081299,1.678325578570366,0.8165777005506655,1,0
220,4,x2,1110,1110,1100,-0.002068344736471772,-6.900174140930176,6.898105796193704,0.9980908378630899,1,0
220,5,c02,1100,1100,1110,-0.2356414645910263,-1.630635380744934,1.3949939161539078,0.790082596343789,1,0
220,6,x2,1110,1110,1101,-0.003624951932579279,-6.267037391662598,6.263412439730018,0.9965129688180785,1,0
220,7,c30,1110,0110,0110,-0.8984554409980774,-0.5394665002822876,-0.3589889407157898,0.40723850579903065,0,0
220,8,t301,1110,1110,1010,-0.2817106544971466,-1.40868079662323,1.1269701421260834,0.7545073633990046,1,0
221,1,c21,0111,0111,0011,-2.0285532474517822,-2.2362160682678223,0.20766282081604004,0.13160173668733746,1,0
221,2,s02,1101,0111,0111,-1.7661621570587158,-0.8050436973571777,-0.9611184597015381,0.17100361995041335,0,0
221,3,c32,1111,1111,1101,-0.2682262659072876,-2.4354641437530518,2.167237877845764,0.7649143195874313,1,0
221,4,c02,1101,1101,1111,-0.03517071157693863,-4.022991180419922,3.9878204688429832,0.965615840002517,1,0
221,5,t130,0101,1101,1101,-1.250112533569336,-0.3887574374675751,-0.8613550961017609,0.28650187732357246,0,0
221,6,x3,0100,0100,0101,-0.07671010494232178,-2.7017099857330322,2.6249998807907104,0.9261771785608036,1,0
221,7,c31,0100,0100,0000,-0.4403975307941437,-1.547141671180725,1.1067441403865814,0.6438459832731913,1,0
221,8,x2,0110,0110,0101,-0.011403948999941349,-4.940104961395264,4.928701012395322,0.9888812915479903,1,0
222,1,x0,0100,0100,0101,-1.9395785331726074,-2.4395785331726074,0.5,0.14382177998126752,1,0
222,2,x0,1100,1100,0100,-0.18384209275245667,-2.066359043121338,1.8825169503688812,0.8320997742176512,1,0
222,3,t302,1100,1100,1110,-0.6223956346511841,-0.8334744572639465,0.21107882261276245,0.5366844400029873,1,0
222,4,t130,1100,1100,0100,-0.10046301782131195,-2.3564064502716064,2.2559434324502945,0.9044461285183806,1,0
222,5,s23,1100,1110,1110,-0.7420122027397156,-0.6945940256118774,-0.047418177127838135,0.4761656087504592,0,0
222,6,x3,1101,1101,1100,-0.002905717585235834,-6.00290584564209,6.000000128056854,0.9973069566587556,1,0
222,7,x2,1111,1111,1110,-0.006802576594054699,-6.256802558898926,6.249999982304871,0.9977491600304293,1,0
222,8,c23,1110,1110,1111,-0.16054710745811462,-1.910547137260437,1.7500000298023224,0.8516920206911378,1,0
223,1,c32,1101,1101,1110,-1.4469881057739258,-1.9792121648788452,0.5322240591049194,0.2354986192199013,1,0
223,2,t130,0101,1101,1101,-1.1024314165115356,-0.5470377802848816,-0.555393636226654,0.332124366716705,0,0
223,3,s31,0101,0101,0001,-0.5582699179649353,-1.6836490631103516,1.1253791451454163,0.5722098789144371,1,0
223,4,x2,0111,0111,0101,-0.017405744642019272,-5.212334156036377,5.194928411394358,0.9871711068556751,1,0
223,5,x0,1111,1111,0111,-0.14454247057437897,-2.0242278575897217,1.8796853870153427,0.8661257913264194,1,0
223,6,s03,1111,0111,0111,-0.7830949425697327,-0.7421522736549377,-0.04094266891479492,0.45699452416451036,0,0
223,7,t312,1101,1101,1111,-0.10050256550312042,-2.3602569103240967,2.2597543448209763,0.9043959840116018,1,0
223,8,c23,1101,1100,1100,-1.8073956966400146,-0.18239574134349823,-1.6249999552965164,0.1640815836466888,0,0
224,1,t230,1011,0011,0011,-2.6828978061676025,-2.2060446739196777,-0.4768531322479248,0.06839138854123875,0,0
224,2,t123,1011,1011,1010,-1.306106448173523,-1.556106448173523,0.25,0.2710248060043648,1,0
224,3,x0,0011,0011,1111,-0.14595510065555573,-2.271111011505127,2.1251559108495712,0.8642164441113991,1,0
224,4,t123,0011,0011,0010,-0.2547282576560974,-1.5047283172607422,1.2500000596046448,0.7751305206855472,1,0
224,5,x3,0010,0010,0011,-0.01518319547176361,-4.202683448791504,4.18750025331974,0.9849472893069267,1,0
224,6,t230,0010,0010,1010,-0.3231828808784485,-1.3264825344085693,1.0032996535301208,0.7238754248412267,1,0
224,7,t301,0010,0010,0110,-0.01181846484541893,-4.5148491859436035,4.503030721098185,0.9882637994657919,1,0
224,8,t012,0010,0010,0000,-0.0010009069228544831,-7.3273186683654785,7.326317761442624,0.9990008687216093,1,0
225,1,c03,1010,1010,1011,-1.4008229970932007,-1.7758228778839111,0.37499988079071045,0.24670902741203887,1,0
225,2,t230,1010,1010,0010,-0.37472307682037354,-1.561600923538208,1.1868778467178345,0.6875033170852507,1,0
225,3,s10,0110,1010,1010,-1.4042959213256836,-0.4749028980731964,-0.9293930232524872,0.2455444984143359,0,0
225,4,s32,0101,0101,0110,-1.0072896480560303,-1.054002046585083,0.046712398529052734,0.36521160381078543,1,0
225,5,c23,0101,0101,0100,-0.47525206208229065,-0.9752520322799683,0.4999999701976776,0.6217344864002103,1,0
225,6,x0,1101,1101,0101,-0.14342498779296875,-2.023273468017578,1.8798484802246094,0.8668707319237672,1,0
225,7,s10,1101,1101,0101,-0.2543719410896301,-2.135315179824829,1.880943238735199,0.7754060106021474,1,0
225,8,s10,1101,1101,0101,-0.38722923398017883,-1.4193825721740723,1.0321533381938934,0.6789382088759092,1,0
226,1,c32,1100,1110,1110,-1.8079001903533936,-1.525684118270874,-0.28221607208251953,0.1641695936783388,0,0
226,2,t201,1100,1100,1000,-0.44006726145744324,-1.675355315208435,1.2352880537509918,0.6440430918852288,1,0
226,3,s02,0110,1100,1100,-1.6795878410339355,-0.4896393418312073,-1.1899484992027283,0.18647941793216746,0,0
226,4,x1,0010,0010,1100,-0.0137204360216856,-5.466502666473389,5.452782230451703,0.9864430146777177,1,0
226,5,c32,0010,0010,0001,-0.20051945745944977,-2.281451940536499,2.0809324830770493,0.818315038308367,1,0
226,6,s12,0100,0010,0010,-1.9770886898040771,-0.5787261724472046,-1.3983625173568726,0.13847424579100964,0,0
226,7,s23,0100,0100,0110,-0.16557398438453674,-2.131610155105591,1.966036170721054,0.8474452388130627,1,0
226,8,s30,0100,1100,1100,-0.9755175113677979,-0.48465895652770996,-0.4908585548400879,0.3770277864244091,0,0
227,1,x0,0010,0010,1000,-1.8868927955627441,-2.569427013397217,0.6825342178344727,0.15161126911596193,1,0
227,2,s20,1000,0010,0010,-1.4451134204864502,-0.5303382873535156,-0.9147751331329346,0.23573110953403645,0,0
227,3,c10,1000,1000,0001,-0.3274758756160736,-1.88291335105896,1.5554374754428864,0.7207549127491382,1,0
227,4,c10,1000,1000,0000,-0.1602579802274704,-1.9199557304382324,1.759697750210762,0.851926230236195,1,0
227,5,s30,0001,1000,1000,-3.305602788925171,-0.2132280468940735,-3.0923747420310974,0.03667788019502004,0,0
227,6,c21,0001,0001,0101,-0.34881436824798584,-1.225472331047058,0.8766579627990723,0.705532541077044,1,0
227,7,x0,1001,1001,0001,-0.043119993060827255,-3.1710503101348877,3.1279303170740604,0.9578798745662478,1,0
227,8,t210,1001,1001,0001,-0.01819285936653614,-4.02108097076416,4.002888111397624,0.9819726424236779,1,0
228,1,x1,1110,1110,1100,-1.934690237045288,-2.2364661693573,0.3017759323120117,0.1444971656382817,1,0
228,2,c10,0110,0110,1110,-0.5451323390007019,-0.9893220663070679,0.44418972730636597,0.5798540763133835,1,0
228,3,c02,0110,0100,0100,-0.7920842170715332,-0.6857808828353882,-0.10630333423614502,0.45292014873899744,0,0
228,4,t302,0110,0110,0100,-0.16122952103614807,-1.9448131322860718,1.7835836112499237,0.8511131016436843,1,0
228,5,s20,1100,0110,0110,-0.8577712774276733,-0.6954872608184814,-0.1622840166091919,0.42412879244680574,0,0
228,6,s13,1001,1100,1100,-2.3717145919799805,-0.5316476821899414,-1.840066909790039,0.09332153918077345,0,0
228,7,c10,1001,1001,0001,-0.4794157147407532,-1.1373648643493652,0.6579491496086121,0.6191580098975732,1,0
228,8,t321,1001,1001,1101,-0.11301611363887787,-2.2425312995910645,2.1295151859521866,0.893146042537347,1,0
229,1,c32,1110,1111,1111,-2.13486909866333,-1.88486909866333,-0.25,0.11838022851587617,0,0
229,2,t201,1010,1110,1110,-0.9200388193130493,-0.7536848783493042,-0.16635394096374512,0.39852398016332463,0,0
229,3,x0,0010,0010,1010,-0.023807423189282417,-3.867471933364868,3.8436645101755857,0.9765103760758372,1,0
229,4,t203,0010,0011,0011,-0.8268455862998962,-0.5768455862998962,-0.25,0.43742927138271626,0,0
229,5,s02,1000,0010,0010,-1.6022332906723022,-0.25346195697784424,-1.348771333694458,0.20144835584285273,0,0
229,6,t210,1000,1000,0000,-0.06365116685628891,-2.93158221244812,2.867931045591831,0.9383419691362437,1,0
229,7,c03,1001,1001,1000,-0.251972496509552,-1.5019725561141968,1.2500000596046448,0.7772675604771961,1,0
229,8,c10,1001,1001,0001,-0.4741401672363281,-0.9881049990653992,0.513964831829071,0.622423673530687,1,0
230,1,c02,1001,1001,1010,-1.62419593334198,-2.26192045211792,0.6377245187759399,0.19721084907186634,1,0
230,2,s12,1001,1001,1100,-0.6740105748176575,-1.284157395362854,0.6101468205451965,0.5096821421647808,1,0
230,3,s21,1001,1001,1100,-0.5487054586410522,-1.4160405397415161,0.8673350811004639,0.5777150084269513,1,0
230,4,t032,1011,1001,1001,-1.4204657077789307,-0.2927136719226837,-1.127752035856247,0.24160418087675936,0,0
230,5,t012,1011,1011,1001,-0.32760533690452576,-1.3151805400848389,0.9875752031803131,0.7206750546998093,1,0
230,6,t302,1001,1011,1011,-1.2239511013031006,-0.35301974415779114,-0.8709313571453094,0.2940755004983278,0,0
230,7,x0,0001,0001,1001,-0.031804125756025314,-4.131619930267334,4.099815804511309,0.9688514213936654,1,0
230,8,c12,0001,0001,0011,-0.693263053894043,-0.6933101415634155,4.7087669372558594e-05,0.4999442431038946,1,0
231,1,x0,1011,1011,1000,-2.1484365463256836,-2.5577049255371094,0.4092683792114258,0.1167247572405633,1,0
231,2,c31,1111,1111,1011,-0.5173672437667847,-1.3000620603561401,0.7826948165893555,0.5961129958141216,1,0
231,3,s02,1111,1111,0111,-0.5517779588699341,-1.0838490724563599,0.5320711135864258,0.5759462800922824,1,0
231,4,c23,1110,1110,1111,-0.20499877631664276,-1.7049988508224487,1.500000074505806,0.8146814700958438,1,0
231,5,s01,1110,1110,0110,-0.4452006220817566,-1.2586575746536255,0.8134569525718689,0.640705687472738,1,0
231,6,c03,1111,1111,1110,-0.014345210045576096,-4.264345169067383,4.249999959021807,0.9857732568722426,1,0
231,7,x0,0111,0111,1011,-0.029894033446907997,-3.811011791229248,3.78111775778234,0.9705742183681879,1,0
231,8,s03,1110,0111,0111,-1.0422732830047607,-0.834284782409668,-0.20798850059509277,0.3526580654845782,0,0
232,1,s31,1101,1101,1110,-2.1188161373138428,-2.3532752990722656,0.23445916175842285,0.12021033253673473,1,0
232,2,c32,1111,1111,1110,-0.44809818267822266,-2.1980981826782227,1.75,0.6393207414895284,1,0
232,3,x3,1110,1110,1111,-0.04991913586854935,-3.1749191284179688,3.1249999925494194,0.951486650665817,1,0
232,4,c13,1111,1111,1110,-0.14507514238357544,-2.0200750827789307,1.8749999403953552,0.8650223068349674,1,0
232,5,c12,1101,1101,1111,-0.2814241349697113,-1.5192415714263916,1.2378174364566803,0.7547359179379698,1,0
232,6,x3,1100,1100,1101,-0.04602173715829849,-3.1085216999053955,3.062499962747097,0.9550984454763666,1,0
232,7,s10,1100,1100,0100,-0.31377333402633667,-1.7627273797988892,1.4489540457725525,0.7306902325458873,1,0
232,8,c02,1110,1110,1100,-0.3488321602344513,-1.3238633871078491,0.9750312268733978,0.7056502603825853,1,0
233,1,c23,1100,1101,1101,-1.711090326309204,-1.586090326309204,-0.125,0.1809793544041757,0,0
233,2,t301,1100,1100,1000,-0.5168590545654297,-1.3671742677688599,0.8503152132034302,0.5964395687719168,1,0
233,3,t130,1100,1100,0100,-0.08064917474985123,-2.6061694622039795,2.5255202874541283,0.9225772658794728,1,0
233,4,c13,1101,1101,1100,-0.20205800235271454,-1.7020580768585205,1.500000074505806,0.8170654056338859,1,0
233,5,c02,1111,1111,1101,-0.009601456113159657,-5.2657575607299805,5.256156104616821,0.9908542716369718,1,0
233,6,s20,1111,1111,0111,-0.5775147676467896,-0.8345641493797302,0.2570493817329407,0.5613133192928659,1,0
233,7,t012,1101,1101,1111,-0.31330209970474243,-1.315773844718933,1.0024717450141907,0.7310402717982383,1,0
233,8,c32,1111,1111,1101,-0.2178821712732315,-1.8445247411727905,1.626642569899559,0.804554489678081,1,0
234,1,c20,1011,1011,0011,-1.7975364923477173,-2.4779396057128906,0.6804031133651733,0.16576353142301864,1,0
234,2,s20,1011,1011,0011,-0.8277115821838379,-1.2951914072036743,0.4674798250198364,0.43707710900612284,1,0
234,3,t021,1111,1111,1011,-0.39326798915863037,-1.1396368741989136,0.7463688850402832,0.6748546288301626,1,0
234,4,c32,1101,1101,1111,-0.20175650715827942,-1.9828733205795288,1.7811168134212494,0.8173394420515456,1,0
234,5,t201,1101,1101,1001,-0.6330587863922119,-0.7689115405082703,0.13585275411605835,0.5309863136601656,1,0
234,6,t203,1101,1100,1100,-1.5023226737976074,-0.25232261419296265,-1.2500000596046448,0.22262047118242215,0,0
234,7,x2,1111,1111,1101,-0.01278828177601099,-4.393688678741455,4.380900396965444,0.9875095329258077,1,0
234,8,c12,1101,1101,1111,-0.08897413313388824,-2.502013921737671,2.4130397886037827,0.9148855159046781,1,0
235,1,c23,1100,1101,1101,-1.6551530361175537,-1.4051530361175537,-0.25,0.1913553328536596,0,0
235,2,t012,1110,1110,1100,-0.6709889769554138,-0.9023813009262085,0.23139232397079468,0.511252626981457,1,0
235,3,t123,1111,1110,1110,-0.7019166946411133,-0.7019166946411133,0.0,0.4956681478987979,0,1
235,4,c32,1101,1101,1111,-0.1282857060432434,-2.198150873184204,2.0698651671409607,0.8796354479911619,1,0
235,5,x3,1100,1100,1101,-0.021785927936434746,-3.8967857360839844,3.8749998081475496,0.9784954505993066,1,0
235,6,t301,1100,1100,1000,-0.2026854008436203,-1.8064690828323364,1.6037836819887161,0.8165574534236871,1,0
235,7,c23,1100,1101,1101,-1.1369386911392212,-0.3869387209415436,-0.7499999701976776,0.32080175635519265,0,0
235,8,c03,1101,1101,1100,-0.055125195533037186,-2.9301249980926514,2.874999802559614,0.9463831147598499,1,0
236,1,c31,0110,0110,0010,-2.171666145324707,-2.175959348678589,0.004293203353881836,0.1140386319662287,1,0
236,2,x2,0100,0100,0101,-0.09289278090000153,-2.96789288520813,2.8750001043081284,0.9115608811347226,1,0
236,3,s03,0100,0100,1100,-0.3896257281303406,-1.190245270729065,0.8006195425987244,0.6773632053960431,1,0
236,4,x1,0000,0000,0100,-0.007337220478802919,-5.5548906326293945,5.547553412150592,0.9927233059906894,1,0
236,5,s01,0000,0000,1000,-0.014179754070937634,-4.26418924331665,4.250009489245713,0.9859220909923501,1,0
236,6,c21,0000,0000,0100,-0.05494764447212219,-2.9299228191375732,2.874975174665451,0.9465554319691463,1,0
236,7,c01,0000,0000,0100,-0.014179849997162819,-4.264179229736328,4.249999379739165,0.9859243330857529,1,0
236,8,t203,0000,0000,0001,-0.000156513910042122,-9.00015640258789,8.999999888677849,0.9998449307177885,1,0
237,1,c21,0001,0001,0101,-1.9224138259887695,-2.2524919509887695,0.330078125,0.1463762241098639,1,0
237,2,t132,0001,0001,0011,-0.26021748781204224,-1.5801087617874146,1.3198912739753723,0.7709068655193521,1,0
237,3,c23,0001,0000,0000,-0.6956202983856201,-0.6956202983856201,0.0,0.49877252110717313,0,1
237,4,c20,0001,1001,1001,-0.6933196783065796,-0.6932979822158813,-2.1696090698242188e-05,0.4999633249957822,0,0
237,5,x2,0011,0011,0001,-0.012789779342710972,-4.388720989227295,4.375931209884584,0.9875034719303905,1,0
237,6,x0,1011,1011,0011,-0.044747672975063324,-3.1708948612213135,3.12614718824625,0.9575406311351979,1,0
237,7,x2,1001,1001,1011,-0.0049922834150493145,-5.430314064025879,5.42532178061083,0.995022514959007,1,0
237,8,t301,1101,1001,1001,-2.8125112056732178,-0.06217404827475548,-2.7503371573984623,0.060054088730378784,0,0
238,1,x2,0000,0000,0001,-1.698011875152588,-2.073011875152588,0.375,0.1832168652848118,1,0
238,2,t203,0000,0000,0001,-0.3470636010169983,-1.5970635414123535,1.2499999403953552,0.7068820097166174,1,0
238,3,c13,0000,0000,0001,-0.6333096027374268,-0.7583096027374268,0.125,0.5308346806938986,1,0
238,4,c21,0000,0000,0100,-0.35017067193984985,-1.2245010137557983,0.8743303418159485,0.7046311487689257,1,0
238,5,x0,1000,1000,0000,-0.07913416624069214,-2.5828874111175537,2.5037532448768616,0.9241249475952692,1,0
238,6,x1,1100,1100,1000,-0.02059643156826496,-4.479130744934082,4.458534313365817,0.9796471875708552,1,0
238,7,c03,1101,1101,1100,-0.2521599233150482,-1.5021599531173706,1.2500000298023224,0.7771345919601604,1,0
238,8,x1,1001,1001,1111,-0.02743770182132721,-4.297034740447998,4.269597038626671,0.9729778648282162,1,0
239,1,x1,0011,0011,0101,-1.0827300548553467,-2.388338565826416,1.3056085109710693,0.33877185781850844,1,0
239,2,s31,0110,0011,0011,-1.8103935718536377,-0.47272253036499023,-1.3376710414886475,0.16359609006627865,0,0
239,3,c32,0110,0110,0100,-0.9570720195770264,-1.2919341325759888,0.3348621129989624,0.3840350534423091,1,0
239,4,c01,0110,0110,0010,-0.10237468779087067,-2.3589584827423096,2.256583794951439,0.9027531685185365,1,0
239,5,x3,0111,0111,0110,-0.0020314636640250683,-6.252031326293945,6.24999986262992,0.9979878881867784,1,0
239,6,x0,1111,1111,0111,-0.03585679456591606,-3.6685986518859863,3.6327418573200703,0.9737400138945324,1,0
239,7,x1,1011,1011,1111,-0.033948224037885666,-3.634366273880005,3.600418049842119,0.9669001787746043,1,0
239,8,c31,1111,1111,1011,-0.20234298706054688,-1.7039387226104736,1.5015957355499268,0.8168234934717243,1,0
240,1,s23,0001,0001,0010,-1.9170411825180054,-1.91706120967865,2.002716064453125e-05,0.14714743296155022,1,0
240,2,x0,1001,1001,1000,-1.7107295989990234,-1.9607295989990234,0.25,0.18081090952419102,1,0
240,3,c03,1000,1000,1001,-0.23629671335220337,-1.6112967729568481,1.3750000596046448,0.7895704469844597,1,0
240,4,x0,0000,0000,1000,-0.4216357171535492,-1.4290040731430054,1.0073683559894562,0.6559761339153408,1,0
240,5,s01,0000,0000,1000,-0.05094468966126442,-3.050288438796997,2.9993437491357327,0.9503360109392681,1,0
240,6,t012,0000,0000,0010,-0.0005292886053211987,-7.625583648681641,7.625054360076319,0.9994713951197425,1,0
240,7,c03,0000,0000,0001,-0.47413116693496704,-0.974131166934967,0.5,0.6224262280202122,1,0
240,8,t132,0000,0000,0010,-0.04864734411239624,-3.0486485958099365,3.0000012516975403,0.9525232973189709,1,0
241,1,s32,1001,1010,1010,-2.090012788772583,-1.8555660247802734,-0.23444676399230957,0.1237487585413075,0,0
241,2,c20,1001,1001,0001,-1.3440767526626587,-1.9148476123809814,0.5707708597183228,0.2608327542362954,1,0
241,3,t203,1001,1000,1000,-0.9036877155303955,-0.5286877155303955,-0.375,0.40508419202428425,0,0
241,4,x2,1011,1011,1001,-0.005343746859580278,-5.543381214141846,5.538037467282265,0.9958056004824273,1,0
241,5,t103,1011,1011,1010,-0.6327129006385803,-0.7577129006385803,0.125,0.5311563789068581,1,0
241,6,t132,1011,1011,1001,-0.08937802910804749,-2.464082717895508,2.3747046887874603,0.9145132614249969,1,0
241,7,t321,1111,1011,1011,-1.7020235061645508,-0.20152278244495392,-1.5005007237195969,0.18231791498654779,0,0
241,8,t302,1101,1111,1111,-0.8259937763214111,-0.5762238502502441,-0.249769926071167,0.4378161292430948,0,0
242,1,x2,1101,1101,0000,-0.976507306098938,-2.7072360515594482,1.7307287454605103,0.37701306401120077,1,0
242,2,s23,1110,1110,1101,-0.8818133473396301,-0.8993632793426514,0.01754993200302124,0.4141194619096546,1,0
242,3,x1,1010,1010,1011,-0.2453872561454773,-2.370387315750122,2.1250000596046448,0.7824199941114645,1,0
242,4,s01,0110,1010,1010,-1.5879749059677124,-0.3368832468986511,-1.2510916590690613,0.20434189541839456,0,0
242,5,c02,0110,0100,0100,-2.0238869190216064,-0.14799116551876068,-1.8758957535028458,0.13214431028324877,0,0
242,6,t032,0110,0110,0100,-0.18138737976551056,-1.8158831596374512,1.6344957798719406,0.8341390054860662,1,0
242,7,t032,0110,0110,0100,-0.019240006804466248,-4.088801860809326,4.06956185400486,0.9809610383477894,1,0
242,8,c23,0111,0111,0110,-0.10066896677017212,-2.3506689071655273,2.2499999403953552,0.9042385351078222,1,0
243,1,s30,1101,1101,1100,-2.372232437133789,-2.497232437133789,0.125,0.09329608306282071,1,0
243,2,s13,1101,1101,1110,-1.4380089044570923,-1.6789476871490479,0.24093878269195557,0.23744779189735346,1,0
243,3,x1,1001,1001,1111,-0.0798783078789711,-2.73443865776062,2.654560349881649,0.9234347888814006,1,0
243,4,x1,1101,1101,1011,-0.02339034341275692,-3.785888910293579,3.762498566880822,0.9769341894584159,1,0
243,5,s13,1101,1101,1010,-0.4616483449935913,-1.547288417816162,1.0856400728225708,0.6302686092338695,1,0
243,6,s02,0111,1101,1101,-2.956848621368408,-0.42941170930862427,-2.527436912059784,0.05199009066352928,0,0
243,7,s10,1011,0111,0111,-1.0121179819107056,-0.8308035135269165,-0.18131446838378906,0.3640469638384989,0,0
243,8,x3,1010,1010,1011,-0.03414749354124069,-3.4716475009918213,3.4375000074505806,0.9664516494026164,1,0
244,1,t031,1100,1100,1110,-2.0621469020843506,-2.312129020690918,0.24998211860656738,0.1272290577542891,1,0
244,2,t230,1100,1100,0100,-0.47985976934432983,-1.3495490550994873,0.8696892857551575,0.6189507772331903,1,0
244,3,t031,1100,1100,1000,-0.22665369510650635,-1.6696417331695557,1.4429880380630493,0.7972164504527394,1,0
244,4,t201,1100,1100,1000,-0.07913242280483246,-2.5932905673980713,2.514158144593239,0.9239297598983474,1,0
244,5,s21,1010,1100,1100,-1.6527315378189087,-0.3673178553581238,-1.285413682460785,0.19153061484239514,0,0
244,6,c32,1010,1010,1001,-0.5727931261062622,-1.180357575416565,0.6075644493103027,0.5639671145842431,1,0
244,7,x0,0010,0010,1010,-0.03052379935979843,-3.5734994411468506,3.542975641787052,0.970032295277198,1,0
244,8,t032,0010,0010,0001,-0.0026424129027873278,-6.04062032699585,6.037977914093062,0.9973634237132767,1,0
245,1,c31,1110,1010,1010,-2.4060702323913574,-1.9831173419952393,-0.42295289039611816,0.09020515509949256,0,0
245,2,c31,1110,1010,1010,-1.006910800933838,-0.8458362221717834,-0.16107457876205444,0.3654278127274645,0,0
245,3,c32,1110,1111,1111,-1.2814207077026367,-1.1564207077026367,-0.125,0.27766762566025205,0,0
245,4,s13,1011,1110,1110,-1.7501212358474731,-0.5315786004066467,-1.2185426354408264,0.1737598639775427,0,0
245,5,s13,1110,1011,1011,-4.195913314819336,-0.5576031804084778,-3.638310134410858,0.015058499542305846,0,0
245,6,c10,0110,1110,1110,-0.8204061985015869,-0.6982327103614807,-0.1221734881401062,0.4403432076533746,0,0
245,7,t321,0110,0110,0010,-0.06470202654600143,-2.8217062950134277,2.7570042684674263,0.9373896593532836,1,0
245,8,c30,0110,1110,1110,-0.8262510895729065,-0.5764926671981812,-0.24975842237472534,0.4377394309353764,0,0
246,1,c23,0001,0000,0000,-1.7201706171035767,-1.7201706171035767,0.0,0.17935800494200416,0,1
246,2,s10,0001,0001,1001,-0.7429550886154175,-1.442307949066162,0.6993528604507446,0.47574987674809044,1,0
246,3,t310,0001,0001,1001,-0.16073043644428253,-1.9136284589767456,1.752898022532463,0.8515312221060632,1,0
246,4,t021,0001,0001,0101,-0.016153529286384583,-4.143110275268555,4.12695674598217,0.9839869101837309,1,0
246,5,s13,0100,0100,0001,-0.3883604109287262,-1.1532694101333618,0.7649089992046356,0.678197721317117,1,0
246,6,t310,0100,0100,1100,-0.03959038481116295,-3.2909812927246094,3.2513909079134464,0.961193810864317,1,0
246,7,t301,0100,0100,0000,-0.01409902423620224,-4.43874454498291,4.424645520746708,0.986050723541381,1,0
246,8,x2,0110,0110,0100,-0.014211542904376984,-4.625303268432617,4.61109172552824,0.9893028266610775,1,0
247,1,x2,1010,1010,1001,-1.340291976928711,-2.146070718765259,0.8057787418365479,0.2623472117702224,1,0
247,2,t023,1011,1010,1010,-1.427939772605896,-0.4279398024082184,-0.9999999701976776,0.2398637300348078,0,0
247,3,t213,1011,1011,1010,-0.48312777280807495,-0.983127772808075,0.5,0.6168683727800316,1,0
247,4,s10,0111,1011,1011,-1.037956714630127,-0.4770498275756836,-0.5609068870544434,0.3541872591416033,0,0
247,5,t320,1111,0111,0111,-0.8282073736190796,-0.5770586729049683,-0.25114870071411133,0.4368351506834268,0,0
247,6,c13,1110,1110,1111,-0.1278829425573349,-2.127882957458496,2.000000014901161,0.8799630397424212,1,0
247,7,s02,1110,1110,0110,-0.5038944482803345,-1.680774450302124,1.1768800020217896,0.6041816827605887,1,0
247,8,x0,0110,0110,1110,-0.03225644305348396,-3.531975030899048,3.499718587845564,0.9682780504379613,1,0
248,1,x0,1000,1000,0100,-1.8844696283340454,-2.3049354553222656,0.4204658269882202,0.1519624547362616,1,0
248,2,x3,1001,1001,1000,-0.3741263151168823,-1.9991264343261719,1.6250001192092896,0.6880179036176508,1,0
248,3,x1,1101,1101,1011,-0.06654662638902664,-2.993626356124878,2.9270797297358513,0.9356626285331965,1,0
248,4,x1,1001,1001,1111,-0.018651360645890236,-4.379556655883789,4.360905295237899,0.9816004622529481,1,0
248,5,c12,1001,1011,1011,-0.6964525580406189,-0.6956615447998047,-0.000791013240814209,0.4983525404787303,0,0
248,6,c31,1101,1001,1001,-1.4068876504898071,-0.2831561267375946,-1.1237315237522125,0.24491010283088657,0,0
248,7,x1,1001,1001,1101,-0.1820090115070343,-1.9051564931869507,1.7231474816799164,0.8336537437888776,1,0
248,8,c23,1001,1000,1000,-1.223480463027954,-0.3484804332256317,-0.8750000298023224,0.29420491921394887,0,0
249,1,s12,0000,0000,0100,-1.5230789184570312,-1.9845938682556152,0.461514949798584,0.21813356427790567,1,0
249,2,c31,0000,0000,0100,-0.415956974029541,-1.1773923635482788,0.7614353895187378,0.6598096666345686,1,0
249,3,x3,0001,0001,0000,-0.01872553862631321,-4.018725395202637,3.9999998565763235,0.9814684987144614,1,0
249,4,c20,0001,0001,1001,-0.5767885446548462,-0.8271612524986267,0.2503727078437805,0.5617397393109934,1,0
249,5,x3,0000,0000,0001,-0.0029160534031689167,-6.440415859222412,6.437499805819243,0.9972235451701168,1,0
249,6,t021,0000,0000,0100,-0.0067969392985105515,-5.006843566894531,5.000046627596021,0.9932397801598484,1,0
249,7,c03,0000,0000,0001,-0.038133908063173294,-3.2881338596343994,3.249999951571226,0.9625883683453762,1,0
249,8,x0,1000,1000,0000,-0.07902651280164719,-2.5793187618255615,2.5002922490239143,0.9241351478213524,1,0
250,1,x0,0100,0100,0101,-2.0131030082702637,-2.2631030082702637,0.25,0.13361510575532376,1,0
250,2,x1,0000,0000,0110,-0.06501691043376923,-3.9995739459991455,3.9345570355653763,0.9371049124860544,1,0
250,3,c10,0000,0000,1000,-0.31335824728012085,-1.3134198188781738,1.000061571598053,0.7310007459757187,1,0
250,4,s03,0000,0000,1000,-0.1612558662891388,-1.9405336380004883,1.7792777717113495,0.851082525558779,1,0
250,5,x0,1000,1000,0000,-0.054915059357881546,-2.9299535751342773,2.875038515776396,0.9465868660443755,1,0
250,6,s03,0001,1000,1000,-3.452514886856079,-0.13035282492637634,-3.3221620619297028,0.03166611613796292,0,0
250,7,t201,0001,0001,0101,-0.008473317138850689,-5.135904788970947,5.127431471832097,0.9915712923152243,1,0
250,8,t023,0001,0001,0011,-0.00011098128015873954,-10.304845809936523,10.304734828656365,0.9998905199368575,1,0
251,1,x3,0110,0110,0111,-1.3078815937042236,-2.4328815937042236,1.125,0.2707937265925263,1,0
251,2,t213,0111,0111,0110,-0.7064759731292725,-0.8314759731292725,0.125,0.49344620979293224,1,0
251,3,t120,1111,1111,0111,-0.5883213877677917,-0.8337964415550232,0.24547505378723145,0.5552915444201202,1,0
251,4,c03,1110,1110,1111,-0.1841127723455429,-1.809112787246704,1.6250000149011612,0.8318577300681583,1,0
251,5,x1,1010,1010,1011,-0.01902651973068714,-4.269026756286621,4.250000236555934,0.9815503680244361,1,0
251,6,c30,1010,1010,0010,-0.6340192556381226,-0.7746206521987915,0.14060139656066895,0.5304857406382519,1,0
251,7,c01,1110,1110,1010,-0.0898863896727562,-2.464517116546631,2.3746307268738747,0.9140703778452498,1,0
251,8,t032,1110,1110,1100,-0.6367740631103516,-0.7758458852767944,0.13907182216644287,0.5290068442404109,1,0
252,1,c10,0010,1010,1010,-1.820042371749878,-1.7987854480743408,-0.02125692367553711,0.16205776926047302,0,0
252,2,x2,0000,0000,0001,-0.1081896498799324,-2.983189821243286,2.8750001713633537,0.8978498963099522,1,0
252,3,x0,1000,1000,0000,-0.07927384972572327,-2.6130897998809814,2.533815950155258,0.9240495498805297,1,0
252,4,x3,1001,1001,1000,-0.005499271675944328,-5.255499362945557,5.250000091269612,0.9945353154164444,1,0
252,5,t321,1001,1001,1101,-0.030723702162504196,-3.5409176349639893,3.510193932801485,0.9697573882503807,1,0
252,6,c20,1001,0001,0001,-0.974137544631958,-0.47899630665779114,-0.49514123797416687,0.37753024871031815,0,0
252,7,c02,1011,1011,1001,-0.1428847759962082,-2.0177714824676514,1.8748867064714432,0.866893104406508,1,0
252,8,s01,0111,1011,1011,-1.316702961921692,-0.3140314221382141,-1.0026715397834778,0.2680202933406573,0,0
253,1,t013,1000,1000,1001,-1.1036654710769653,-1.7286654710769653,0.625,0.3321666766785401,1,0
253,2,x0,0000,0000,1100,-0.07563716918230057,-3.374699831008911,3.2990626618266106,0.927258968691298,1,0
253,3,c13,0000,0000,0001,-0.2815537750720978,-1.406553864479065,1.1250000894069672,0.7546115850048994,1,0
253,4,c12,0000,0000,0010,-0.281520813703537,-1.4066765308380127,1.1251557171344757,0.7546405903269849,1,0
253,5,c30,0000,0000,1000,-0.12699025869369507,-2.126970052719116,1.9999797940254211,0.8807591508577971,1,0
253,6,c02,0000,0000,0010,-0.1270146518945694,-2.127014636993408,1.9999999850988388,0.8807294441261179,1,0
253,7,s20,0000,0000,1000,-0.10045883804559708,-2.3503851890563965,2.2499263510107994,0.9044253648989192,1,0
253,8,x1,0100,0100,0000,-0.0068753557279706,-5.078137397766113,5.071262042038143,0.9932321194100641,1,0
254,1,t012,0010,0010,0001,-1.376173496246338,-2.1218807697296143,0.7457072734832764,0.25276867609498915,1,0
254,2,t130,0010,0010,1010,-0.3150953948497772,-1.562851071357727,1.2477556765079498,0.7297319739131811,1,0
254,3,x0,1010,1010,0010,-0.11500343680381775,-2.6250662803649902,2.5100628435611725,0.8915639854546901,1,0
254,4,t012,1010,1010,1000,-0.2814098596572876,-1.4078277349472046,1.126417875289917,0.754722006767035,1,0
254,5,x0,0010,0010,1010,-0.013049344532191753,-4.473607540130615,4.4605581955984235,0.9870396811348283,1,0
254,6,c32,0010,0010,0000,-0.3938186466693878,-1.180103063583374,0.7862844169139862,0.6744815259343351,1,0
254,7,s01,0010,0010,1000,-0.25329339504241943,-1.644957423210144,1.3916640281677246,0.7762433479410422,1,0
254,8,s03,0010,0010,1000,-0.2524535655975342,-1.8415037393569946,1.5890501737594604,0.7768940475094233,1,0
255,1,t123,1101,1100,1100,-1.6187970638275146,-1.4937970638275146,-0.125,0.19835592788293369,0,0
255,2,c32,1111,1111,1101,-0.16905885934829712,-2.5519754886627197,2.3829166293144226,0.8445267963715581,1,0
255,3,x1,1011,1011,1111,-0.03069842979311943,-3.560523271560669,3.5298248417675495,0.969982099538534,1,0
255,4,t013,1011,1011,1010,-0.48085322976112366,-0.980853259563446,0.5000000298023224,0.618271636771283,1,0
255,5,c02,1001,1001,1011,-0.5763307809829712,-0.8309491276741028,0.2546183466911316,0.5619764184688847,1,0
255,6,x1,1101,1101,1001,-0.006039556581526995,-5.463735103607178,5.457695547025651,0.9952312149538276,1,0
255,7,t120,1101,1101,0101,-0.2520088255405426,-1.5031781196594238,1.2511692941188812,0.7772616564476227,1,0
255,8,s23,1110,1110,1101,-0.6338095664978027,-1.0709013938903809,0.4370918273925781,0.5305708221197821,1,0
256,1,x3,1001,1001,1000,-1.155944585800171,-1.905944585800171,0.75,0.31572510241915164,1,0
256,2,c31,1101,1101,1001,-0.7967240214347839,-0.84665846824646,0.049934446811676025,0.4508214222773092,1,0
256,3,s21,1011,1101,1101,-1.188434362411499,-0.6360873579978943,-0.5523470044136047,0.3047037751435004,0,0
256,4,c20,0011,1011,1011,-0.7894439697265625,-0.6519336700439453,-0.1375102996826172,0.4541279202615271,0,0
256,5,s20,1001,0011,0011,-1.1443136930465698,-0.48301810026168823,-0.6612955927848816,0.3184450529360923,0,0
256,6,x2,1011,1011,1010,-0.016965514048933983,-5.016965389251709,4.999999875202775,0.983712100248086,1,0
256,7,t013,1011,1010,1010,-0.693783700466156,-0.693783700466156,0.0,0.49968327877479746,0,1
256,8,s20,1011,1011,0011,-0.48538827896118164,-1.1691570281982422,0.6837687492370605,0.6154592779851044,1,0
257,1,t123,0100,0100,0101,-1.3816131353378296,-2.006613254547119,0.6250001192092896,0.251607861928661,1,0
257,2,s30,0100,0100,1100,-0.7255026698112488,-1.028469204902649,0.30296653509140015,0.48414554724979064,1,0
257,3,c12,0110,0110,0100,-0.4326363801956177,-1.0579594373703003,0.6253230571746826,0.6488228124415678,1,0
257,4,x3,0111,0111,0110,-0.02426180988550186,-3.774261713027954,3.7499999031424522,0.9760397650436201,1,0
257,5,c21,0011,0011,0111,-0.39234817028045654,-1.1425926685333252,0.7502444982528687,0.6755446318442365,1,0
257,6,s12,0101,0011,0011,-2.3158607482910156,-0.43150198459625244,-1.8843587636947632,0.09868552934723576,0,0
257,7,x0,1101,1101,0101,-0.28394389152526855,-1.4385154247283936,1.154571533203125,0.7537215489178755,1,0
257,8,s20,0111,1101,1101,-1.4678188562393188,-0.3969285488128662,-1.0708903074264526,0.2304287187907119,0,0
258,1,c30,0110,0110,1110,-2.2588253021240234,-2.3479607105255127,0.08913540840148926,0.10450512454774256,1,0
258,2,t301,0110,0110,0010,-0.3368925452232361,-1.5905699729919434,1.2536774277687073,0.7140494508496589,1,0
258,3,s10,1010,1010,0110,-0.6724522113800049,-0.8421408534049988,0.1696886420249939,0.5105300032925713,1,0
258,4,s01,0110,1010,1010,-1.5114096403121948,-0.3244227468967438,-1.186986893415451,0.22060523952950647,0,0
258,5,t201,0110,0110,0010,-0.02119838073849678,-4.3970136642456055,4.375815283507109,0.97906398494338,1,0
258,6,s30,0110,0110,1100,-0.6643852591514587,-1.515488624572754,0.8511033654212952,0.5146023986360553,1,0
258,7,t312,0110,0110,0100,-0.04906236380338669,-3.0513086318969727,3.002246268093586,0.9521605814569555,1,0
258,8,t213,0111,0111,0110,-0.4746676981449127,-0.9746676683425903,0.4999999701976776,0.6221064772302767,1,0
259,1,s13,0110,0011,0011,-2.368748188018799,-2.118765115737915,-0.2499830722808838,0.09361999428909842,0,0
259,2,t302,0110,0110,0101,-1.2095452547073364,-1.7835423946380615,0.5739971399307251,0.2985896418113638,1,0
259,3,x2,0100,0100,0110,-0.022422904148697853,-4.495651721954346,4.473228817805648,0.9778964842862169,1,0
259,4,t320,0100,0100,1100,-0.47476884722709656,-0.9750455021858215,0.500276654958725,0.6220777734005006,1,0
259,5,t301,0100,0100,0000,-0.018931861966848373,-4.073092460632324,4.054160598665476,0.9812896417570419,1,0
259,6,c30,0100,0100,1100,-0.38699275255203247,-1.1370619535446167,0.7500692009925842,0.6791115436649495,1,0
259,7,t103,0100,0100,0101,-0.1798427402973175,-1.8048427104949951,1.6249999701976776,0.8354035711821507,1,0
259,8,c12,0110,0110,0100,-0.693332314491272,-0.6936569809913635,0.00032466650009155273,0.4999743739895782,1,0
260,1,t102,0001,0001,0011,-1.4990884065628052,-1.9540079832077026,0.45491957664489746,0.22356334647810813,1,0
260,2,s21,0001,0001,0100,-0.7567862272262573,-0.8718363046646118,0.11505007743835449,0.4692127677009112,1,0
260,3,x1,0101,0101,0001,-0.01538762729614973,-4.392308712005615,4.3769210847094655,0.9847750485510236,1,0
260,4,s32,0110,0101,0101,-0.9201173782348633,-0.6515036821365356,-0.26861369609832764,0.398480742970947,0,0
260,5,t032,0110,0110,0100,-0.07612365484237671,-2.742194890975952,2.6660712361335754,0.9267694858765797,1,0
260,6,s31,0011,0110,0110,-0.8858447074890137,-0.6401793360710144,-0.24566537141799927,0.41237979177952666,0,0
260,7,c31,0111,0111,0011,-0.2817637324333191,-1.4064208269119263,1.1246570944786072,0.7544790922822467,1,0
260,8,t213,0110,0111,0111,-1.22393000125885,-0.3489300012588501,-0.875,0.29408279262031156,0,0
261,1,t012,0101,0101,0111,-1.4759966135025024,-1.886014461517334,0.41001784801483154,0.22883961494310145,1,0
261,2,x2,0111,0111,0100,-0.02385883405804634,-5.94863224029541,5.924773406237364,0.9773225948877775,1,0
261,3,x1,0011,0011,0111,-0.02854154072701931,-3.7967369556427,3.768195414915681,0.9719134784591293,1,0
261,4,s31,0110,0110,0011,-0.5183194875717163,-1.1412413120269775,0.6229218244552612,0.5955306152446107,1,0
261,5,s30,0110,1110,1110,-1.237053632736206,-0.42281338572502136,-0.8142402470111847,0.2903128346635709,0,0
261,6,t201,0110,0110,0010,-0.007027456071227789,-5.023082256317139,5.016054800245911,0.9930294306178066,1,0
261,7,c10,1110,1110,0110,-0.34875553846359253,-1.2236515283584595,0.8748959898948669,0.7056203973804314,1,0
261,8,s30,0111,1110,1110,-1.1199958324432373,-0.49998393654823303,-0.6200118958950043,0.3262839835826231,0,0
262,1,c31,0010,0010,0110,-2.098034143447876,-2.13667631149292,0.038642168045043945,0.12274207051102913,1,0
262,2,t021,0010,0010,0110,-0.11836010217666626,-2.325150728225708,2.2067906260490417,0.8883970976071165,1,0
262,3,c03,0010,0011,0011,-1.4068124294281006,-0.281812459230423,-1.1249999701976776,0.24492511888964338,0,0
262,4,c12,0010,0010,0000,-0.3872036039829254,-1.5239152908325195,1.1367116868495941,0.67896286247919,1,0
262,5,t102,0010,0010,0001,-0.0006351100746542215,-7.61350679397583,7.612871683901176,0.9993683689990845,1,0
262,6,s03,0010,0010,1000,-0.20415045320987701,-1.8489242792129517,1.6447738260030746,0.8153551438714169,1,0
262,7,t213,0010,0010,0011,-0.001994654769077897,-6.251994609832764,6.249999955063686,0.9980136595605489,1,0
262,8,t032,0010,0010,0000,-0.0041320351883769035,-5.729542255401611,5.725410220213234,0.9958814220738529,1,0
263,1,t013,0011,0011,0010,-1.4782298803329468,-1.7282299995422363,0.25000011920928955,0.2283397021787305,1,0
263,2,c23,0010,0010,0011,-0.48705655336380005,-1.2370564937591553,0.7499999403953552,0.6144980754368721,1,0
263,3,t310,0010,0010,1010,-0.16134893894195557,-1.9189397096633911,1.7575907707214355,0.8510063190172057,1,0
263,4,x3,0011,0011,0010,-0.0031662466935813427,-5.878166198730469,5.874999952036887,0.9968530615780187,1,0
263,5,x1,0111,0111,0011,-0.010849650017917156,-5.456063747406006,5.445214097388089,0.9952480217953725,1,0
263,6,s31,0111,0111,0011,-0.5329392552375793,-0.9180238246917725,0.3850845694541931,0.5868866003702711,1,0
263,7,x0,1111,1111,0111,-0.024866370484232903,-3.774982452392578,3.7501160819083452,0.9768195526893024,1,0
263,8,c32,1101,1101,1111,-0.11292371153831482,-2.7119948863983154,2.5990711748600006,0.8932248495168661,1,0
264,1,s23,1110,1110,1111,-1.952754259109497,-1.952754259109497,0.0,0.14196409155494882,0,1
264,2,s12,1110,1110,1011,-0.9881193041801453,-1.48848295211792,0.5003636479377747,0.37235861677125853,1,0
264,3,s12,1110,1110,1011,-0.5846285820007324,-1.7319656610488892,1.1473370790481567,0.5573864613493004,1,0
264,4,t210,0110,1110,1110,-2.497183084487915,-0.169818714261055,-2.32736437022686,0.08232661156444863,0,0
264,5,c01,0110,0110,0010,-0.201726496219635,-1.9575356245040894,1.7558091282844543,0.8173444745794505,1,0
264,6,t012,0110,0110,0100,-0.06293006986379623,-2.823904037475586,2.7609739676117897,0.9390340936090622,1,0
264,7,c13,0111,0111,0110,-0.1432507038116455,-2.0182507038116455,1.875,0.866547233429433,1,0
264,8,c12,0101,0101,0111,-0.42939212918281555,-1.0807002782821655,0.65130814909935,0.6509611989042873,1,0
265,1,s13,0010,0010,0001,-1.8413116931915283,-2.310718536376953,0.4694068431854248,0.15865923448866548,1,0
265,2,t013,0010,0010,0011,-0.3127809166908264,-1.6877808570861816,1.3749999403953552,0.7315663496693551,1,0
265,3,x1,0110,0110,0010,-0.01189420372247696,-4.65654993057251,4.644655726850033,0.9883757985424957,1,0
265,4,c20,1110,1110,0110,-0.5763759613037109,-0.8263301253318787,0.24995416402816772,0.5619923872747912,1,0
265,5,t023,1111,1110,1110,-0.6935517191886902,-0.6935517191886902,0.0,0.49980137860516105,0,1
265,6,x1,1011,1011,1111,-0.003201592480763793,-6.465742588043213,6.462540995562449,0.9973347658024385,1,0
265,7,t201,1111,1011,1011,-0.6934859752655029,-0.6933293342590332,-0.00015664100646972656,0.49983505422974767,0,0
265,8,x3,1110,1110,1111,-0.08908325433731079,-2.464083194732666,2.3749999403953552,0.9148146161620733,1,0
266,1,t032,1011,1001,1001,-1.6625089645385742,-1.5982465744018555,-0.06426239013671875,0.18990944392921355,0,0
266,2,x3,1010,1010,1011,-0.12060599774122238,-3.495605945587158,3.374999947845936,0.8864898785659946,1,0
266,3,t231,1010,1010,1110,-0.5892584919929504,-1.1158173084259033,0.5265588164329529,0.5547579456577855,1,0
266,4,c30,1010,1010,0010,-0.4760152995586395,-1.0003688335418701,0.5243535339832306,0.6212717695969308,1,0
266,5,s12,1100,1010,1010,-1.489595890045166,-0.40508320927619934,-1.0845126807689667,0.22547560033250535,0,0
266,6,t012,1110,1100,1100,-2.9304981231689453,-0.05644391104578972,-2.8740542121231556,0.053373380853423795,0,0
266,7,c01,1010,1010,1110,-0.4764408469200134,-0.9765356183052063,0.5000947713851929,0.6210174679147253,1,0
266,8,s10,0110,1010,1010,-1.391058087348938,-0.350787878036499,-1.040270209312439,0.2488148825643445,0,0
267,1,c32,1101,1101,1110,-1.394526720046997,-1.9685696363449097,0.5740429162979126,0.2481757861864817,1,0
267,2,t013,1100,1100,1101,-0.5232834815979004,-1.0232834815979004,0.5,0.5926265615073181,1,0
267,3,x1,1000,1000,1001,-0.08839155733585358,-3.3383915424346924,3.249999985098839,0.9154454502004404,1,0
267,4,t130,1000,1000,0000,-0.16225077211856842,-2.111278533935547,1.9490277618169785,0.8502729083966256,1,0
267,5,x1,1100,1100,1000,-0.008865395560860634,-5.0417160987854,5.03285070322454,0.991398082962965,1,0
267,6,s23,1100,1100,1110,-0.15038467943668365,-2.018331527709961,1.8679468482732773,0.8603872943066874,1,0
267,7,t210,1100,1100,0100,-0.038130998611450195,-3.2907323837280273,3.252601385116577,0.9626058581097567,1,0
267,8,c21,1100,1100,1000,-0.47531449794769287,-1.0071865320205688,0.531872034072876,0.6217184657846867,1,0
268,1,t120,0100,0100,1100,-1.3235067129135132,-2.006930351257324,0.683423638343811,0.26639435535174333,1,0
268,2,s31,0001,0100,0100,-1.8845322132110596,-0.5237119793891907,-1.360820233821869,0.15191788106352724,0,0
268,3,x0,1001,1001,0001,-0.12796278297901154,-2.6044108867645264,2.476448103785515,0.8800361236665739,1,0
268,4,x2,1011,1011,1100,-0.0016175743658095598,-7.682570457458496,7.6809528830926865,0.9987546979877658,1,0
268,5,t301,1111,1011,1011,-1.3145984411239624,-0.3135639727115631,-1.0010344684123993,0.26858493464518596,0,0
268,6,x2,1101,1101,1110,-0.0008024618146009743,-7.943948745727539,7.943146283912938,0.9992604003411476,1,0
268,7,t103,1100,1100,1101,-0.3946710228919983,-1.144671082496643,0.7500000596046448,0.6739093958330815,1,0
268,8,s30,0101,1100,1100,-1.6739563941955566,-0.5306810140609741,-1.1432753801345825,0.18750613825370954,0,0
269,1,s30,1101,1101,0101,-2.3684401512145996,-2.4856297969818115,0.11718964576721191,0.09365406995781889,1,0
269,2,t102,1111,1111,1101,-1.0162553787231445,-1.8500945568084717,0.8338391780853271,0.3622798318774226,1,0
269,3,c01,1011,1011,1111,-0.2344137579202652,-1.622759461402893,1.3883457034826279,0.7911316456643075,1,0
269,4,t130,1011,1011,0011,-0.5042636394500732,-0.9926128387451172,0.48834919929504395,0.6040391965401539,1,0
269,5,x1,1111,1111,1001,-0.012261739932000637,-4.826597690582275,4.814335950650275,0.9895202269838521,1,0
269,6,x1,1011,1011,1111,-0.0014843989629298449,-6.572638511657715,6.571154112694785,0.9985686104667957,1,0
269,7,t312,1011,1011,1001,-0.18637090921401978,-2.018404006958008,1.832033097743988,0.829982894160971,1,0
269,8,x3,1010,1010,1011,-0.03368401527404785,-3.4086837768554688,3.374999761581421,0.9668855593553688,1,0
270,1,s32,0000,0000,0010,-1.612152338027954,-1.9870975017547607,0.37494516372680664,0.19962152514956966,1,0
270,2,s01,0000,0000,1000,-0.27092093229293823,-2.1765756607055664,1.9056547284126282,0.7627132692671695,1,0
270,3,s32,0000,0000,0010,-0.21635058522224426,-1.9239777326583862,1.707627147436142,0.8054598406685093,1,0
270,4,x0,1000,1000,0000,-0.3151020407676697,-1.325213074684143,1.0101110339164734,0.7298230588860505,1,0
270,5,s10,0100,1000,1000,-1.1014158725738525,-0.5815408825874329,-0.5198749899864197,0.3324038886039626,0,0
270,6,s23,0100,0100,0110,-0.18564875423908234,-2.038968324661255,1.8533195704221725,0.8305945829250062,1,0
270,7,t132,0100,0100,0110,-0.09115051478147507,-2.4674675464630127,2.3763170316815376,0.9128919964703821,1,0
270,8,s20,0100,0100,1100,-0.4797368347644806,-0.9849282503128052,0.5051914155483246,0.6189731634432973,1,0
271,1,x0,0010,0010,1000,-1.8376858234405518,-2.5089282989501953,0.6712424755096436,0.15924474256028406,1,0
271,2,s32,0001,0001,0010,-0.9125038385391235,-0.9653191566467285,0.05281531810760498,0.40156454058070157,1,0
271,3,x0,1001,1001,0001,-0.2571495473384857,-1.5363826751708984,1.2792331278324127,0.7732857529023796,1,0
271,4,t103,1001,1001,1000,-0.38744932413101196,-1.1374493837356567,0.7500000596046448,0.6787891970866389,1,0
271,5,t023,1001,1001,1000,-0.06205732747912407,-2.8120570182800293,2.7499996908009052,0.9398321636288534,1,0
271,6,s30,1001,1001,0011,-0.39011481404304504,-1.8553783893585205,1.4652635753154755,0.6769926577457341,1,0
271,7,s31,1100,1001,1001,-1.1463314294815063,-0.39960792660713196,-0.7467235028743744,0.3178448059350044,0,0
271,8,c13,1101,1101,1100,-0.5232260227203369,-0.8982260227203369,0.375,0.5926312038917424,1,0
272,1,t310,0101,1101,1101,-1.8705998659133911,-1.777130365371704,-0.09346950054168701,0.15408867923734645,0,0
272,2,x0,1101,1101,0101,-0.18565770983695984,-2.3922736644744873,2.2066159546375275,0.830611381083217,1,0
272,3,s21,1011,1101,1101,-3.002812147140503,-1.0873112678527832,-1.9155008792877197,0.04964799824027902,0,0
272,4,s13,1110,1011,1011,-2.0396106243133545,-0.9941337704658508,-1.0454768538475037,0.13008731585567962,0,0
272,5,t301,1110,1110,1010,-0.35038289427757263,-1.2330394983291626,0.88265660405159,0.7044469566885636,1,0
272,6,c30,1110,1110,0110,-0.3869750499725342,-1.1415410041809082,0.754565954208374,0.6791236648575794,1,0
272,7,t301,1110,1110,1010,-0.6329503059387207,-0.7604920864105225,0.12754178047180176,0.5310321355967493,1,0
272,8,t312,1110,1110,1100,-0.3200424611568451,-1.351373314857483,1.0313308537006378,0.7261520148669137,1,0
273,1,x1,1000,1000,1001,-1.8093966245651245,-2.309396743774414,0.5000001192092896,0.16380724735246685,1,0
273,2,x0,0000,0000,1000,-0.10226201266050339,-2.524960994720459,2.4226989820599556,0.902802953697157,1,0
273,3,t123,0000,0000,0001,-0.03106880560517311,-3.656068801879883,3.6249999962747097,0.9694139556244773,1,0
273,4,c02,0000,0000,0010,-0.4289379119873047,-1.0539592504501343,0.6250213384628296,0.6512099730655876,1,0
273,5,x2,0010,0010,0000,-0.01140278484672308,-4.985478401184082,4.974075616337359,0.9888497503794369,1,0
273,6,t302,0010,0010,0000,-0.007748531177639961,-4.896907329559326,4.889158798381686,0.9922880481622246,1,0
273,7,x0,1010,1010,0010,-0.01638290472328663,-4.142139434814453,4.1257565300911665,0.9837997967039618,1,0
273,8,x1,1110,1110,1010,-0.014293873682618141,-4.4077863693237305,4.393492495641112,0.985840264318983,1,0
274,1,t123,0011,0011,0010,-1.5860536098480225,-1.961053729057312,0.37500011920928955,0.2049573527477468,1,0
274,2,x0,1011,1011,0111,-0.7082230448722839,-1.1126704216003418,0.40444737672805786,0.4926060472914655,1,0
274,3,c21,1111,1111,1011,-0.2849927246570587,-1.4173082113265991,1.1323154866695404,0.7520269918785418,1,0
274,4,c12,1101,1101,1111,-0.08965015411376953,-2.480682849884033,2.3910326957702637,0.9142663556678577,1,0
274,5,c23,1101,1100,1100,-1.3215348720550537,-0.3215348720550537,-1.0,0.26673062388814145,0,0
274,6,x0,0101,0101,1101,-0.009822804480791092,-4.666342258453369,4.656519453972578,0.9902484451557083,1,0
274,7,x0,1101,1101,0101,-0.02638670988380909,-3.6515088081359863,3.6251220982521772,0.9740090324800964,1,0
274,8,x2,1111,1111,1110,-0.0018705790862441063,-7.564370155334473,7.5624995762482285,0.9983196542114928,1,0
275,1,x2,1111,1111,1110,-1.1831073760986328,-2.183107614517212,1.000000238418579,0.3067254216478484,1,0
275,2,t021,1011,1111,1111,-0.9069381356239319,-0.6588768362998962,-0.24806129932403564,0.40378797844614633,0,0
275,3,x3,1010,1010,1011,-0.04079361632466316,-3.7907936573028564,3.7500000409781933,0.9600757480264293,1,0
275,4,t230,1010,1010,0010,-0.40407687425613403,-1.2471907138824463,0.8431138396263123,0.6676259133635865,1,0
275,5,c01,1110,1110,1010,-0.11368006467819214,-2.2388525009155273,2.125172436237335,0.8925679176534945,1,0
275,6,x2,1100,1100,1110,-0.012323726899921894,-5.025276184082031,5.012952457182109,0.9877804106987934,1,0
275,7,t301,1100,1100,1000,-0.07018154859542847,-2.6993823051452637,2.629200756549835,0.9322391813036562,1,0
275,8,s20,0110,1100,1100,-1.7469545602798462,-0.2279091477394104,-1.5190454125404358,0.17430534033548473,0,0
276,1,x1,0000,0000,0110,-1.7050151824951172,-1.9167940616607666,0.21177887916564941,0.1818179314566237,1,0
276,2,s20,0000,0000,1000,-0.42753031849861145,-1.3338134288787842,0.9062831103801727,0.6521341663490257,1,0
276,3,x2,0010,0010,0001,-0.08503429591655731,-2.8104231357574463,2.725388839840889,0.9185226720390312,1,0
276,4,c10,0010,0010,1010,-0.5782046318054199,-0.8693259954452515,0.29112136363983154,0.5609115826773966,1,0
276,5,s12,0100,0010,0010,-1.6951735019683838,-0.3822581171989441,-1.3129153847694397,0.1835698705383475,0,0
276,6,s01,1000,0100,0100,-2.132387161254883,-0.14317192137241364,-1.9892152398824692,0.1185553841117599,0,0
276,7,c12,1000,1000,1010,-0.1651562750339508,-1.9106450080871582,1.7454887330532074,0.8477688471934594,1,0
276,8,t132,1000,1000,1010,-0.05507807433605194,-2.9300925731658936,2.8750144988298416,0.9464146203933346,1,0
277,1,s31,0111,0011,0011,-2.1792922019958496,-2.0774497985839844,-0.10184240341186523,0.1131481115769965,0,0
277,2,c32,0101,0101,0111,-0.6752116680145264,-1.5973613262176514,0.922149658203125,0.5093224304474923,1,0
277,3,s03,1100,0101,0101,-0.8986449837684631,-0.5880886912345886,-0.3105562925338745,0.40715691109838315,0,0
277,4,c32,1100,1110,1110,-1.6931982040405273,-0.2670402228832245,-1.4261579811573029,0.1839471670993367,0,0
277,5,x1,1000,1000,1100,-0.10697746276855469,-2.8051106929779053,2.6981332302093506,0.8985725642727219,1,0
277,6,x2,1010,1010,1000,-0.005523418541997671,-6.2689619064331055,6.263438487891108,0.9945942237444343,1,0
277,7,x0,0010,0010,1010,-0.01902063377201557,-4.346187114715576,4.327166480943561,0.981220815373022,1,0
277,8,t013,0010,0010,0011,-0.05642160400748253,-2.9314217567443848,2.8750001527369022,0.9451423609099618,1,0
278,1,x3,1001,1001,1000,-1.1973427534103394,-1.8223427534103394,0.625,0.30274437337616217,1,0
278,2,s31,1100,1001,1001,-1.6367056369781494,-0.7368450164794922,-0.8998606204986572,0.19463295729939073,0,0
278,3,s31,1001,1100,1100,-3.2005248069763184,-0.6975681185722351,-2.5029566884040833,0.040742974209589965,0,0
278,4,t103,1001,1001,1000,-0.4828140139579773,-0.9828140139579773,0.5,0.6170671627665909,1,0
278,5,s31,1100,1001,1001,-1.1774932146072388,-0.6405901312828064,-0.5369030833244324,0.30805959112969317,0,0
278,6,x0,0100,0100,1100,-0.11819875240325928,-2.870077133178711,2.7518783807754517,0.8885377478303543,1,0
278,7,x1,0000,0000,0100,-0.030449608340859413,-3.6611850261688232,3.630735417827964,0.9700247950393294,1,0
278,8,t123,0000,0000,0001,-0.01491459272801876,-4.264914512634277,4.249999919906259,0.9851970844284826,1,0
279,1,c21,1101,1001,1001,-2.6034579277038574,-1.7911207675933838,-0.8123371601104736,0.07405448862539317,0,0
279,2,t312,1111,1111,1101,-0.5164837837219238,-1.1504404544830322,0.6339566707611084,0.596670611337286,1,0
279,3,t031,1011,1111,1111,-1.0558751821517944,-0.43253815174102783,-0.6233370304107666,0.34790781023311446,0,0
279,4,c21,1111,1111,1011,-0.11462755501270294,-2.2403104305267334,2.1256828755140305,0.8918047688823533,1,0
279,5,s23,1111,1111,1101,-0.5667080283164978,-1.1397682428359985,0.5730602145195007,0.567405072537015,1,0
279,6,c30,0111,0111,1111,-0.34866833686828613,-1.2237292528152466,0.8750609159469604,0.7057504424757822,1,0
279,7,t013,0111,0111,0110,-0.22649329900741577,-1.6014933586120605,1.3750000596046448,0.7973283363687149,1,0
279,8,s03,1110,1110,0111,-0.41897863149642944,-1.223647952079773,0.8046693205833435,0.6577349134108437,1,0
280,1,x0,1011,1011,0000,-1.926253080368042,-2.4858784675598145,0.5596253871917725,0.145746898136237,1,0
280,2,t102,1011,1011,1001,-0.6055380702018738,-0.9545726776123047,0.3490346074104309,0.5458250724841073,1,0
280,3,x0,0011,0011,1111,-0.04998239502310753,-3.5629653930664062,3.5129829980432987,0.9513015844461066,1,0
280,4,c20,1011,1011,0011,-0.4747079610824585,-0.974280834197998,0.49957287311553955,0.622079313509703,1,0
280,5,x1,1111,1111,1011,-0.016401270404458046,-4.653187274932861,4.636786004528403,0.9855676391088142,1,0
280,6,t302,1101,1101,1111,-0.20215849578380585,-1.7080858945846558,1.50592739880085,0.8169871351883605,1,0
280,7,s10,1101,1101,0111,-0.5761893391609192,-1.4611650705337524,0.8849757313728333,0.5620420794300051,1,0
280,8,c12,1111,1111,1101,-0.019094744697213173,-4.023416042327881,4.004321297630668,0.9811010296796349,1,0
281,1,x1,0001,0001,0111,-1.6393132209777832,-1.9363304376602173,0.2970172166824341,0.19420527847751218,1,0
281,2,c10,0001,1001,1001,-0.6986319422721863,-0.69484543800354,-0.0037865042686462402,0.49727265838981327,0,0
281,3,c13,0001,0001,0000,-0.6332921981811523,-0.7582921981811523,0.125,0.5308432396508583,1,0
281,4,x3,0000,0000,0001,-0.0064787291921675205,-5.131478309631348,5.12499958043918,0.99374832477213,1,0
281,5,s31,0000,0000,0100,-0.6970004439353943,-0.760326087474823,0.06332564353942871,0.4980988878247938,1,0
281,6,s02,0000,0000,1000,-0.04897690191864967,-3.0538578033447266,3.004880901426077,0.9522042087995807,1,0
281,7,s20,0000,0000,1000,-0.25196048617362976,-1.5039494037628174,1.2519889175891876,0.7772795305183761,1,0
281,8,s13,0000,0000,0100,-0.2526925206184387,-1.5020184516906738,1.249325931072235,0.776712372930322,1,0
282,1,s31,0011,0110,0110,-2.238589286804199,-1.9961793422698975,-0.24240994453430176,0.10664355362324798,0,0
282,2,s02,1001,0011,0011,-2.4960598945617676,-1.454885482788086,-1.0411744117736816,0.08242345645352729,0,0
282,3,t213,1001,1001,1000,-1.422153353691101,-1.7971534729003906,0.37500011920928955,0.2415081796286296,1,0
282,4,s01,0101,1001,1001,-1.2289307117462158,-0.5944274067878723,-0.6345033049583435,0.29260784127221146,0,0
282,5,x1,0001,0001,0101,-0.006981739774346352,-5.684926986694336,5.67794524691999,0.9930615674155338,1,0
282,6,s20,0001,0001,1000,-0.3137457072734833,-1.3174242973327637,1.0036785900592804,0.7307141360478556,1,0
282,7,c12,0001,0001,0011,-0.5231420993804932,-0.8981587886810303,0.3750166893005371,0.5926589638483071,1,0
282,8,x1,0101,0101,0011,-0.010690118186175823,-5.0019917488098145,4.991301630623639,0.9896603838848799,1,0
283,1,t123,1100,1100,1101,-1.3487114906311035,-1.4737114906311035,0.125,0.25990735858006464,1,0
283,2,s01,1100,0100,0100,-1.0466065406799316,-0.9489745497703552,-0.09763199090957642,0.3511865150190527,0,0
283,3,x2,1110,1110,1101,-0.0048184385523200035,-6.285924911499023,6.281106472946703,0.9954225755590621,1,0
283,4,t301,1110,1110,1010,-0.4356825351715088,-1.0650240182876587,0.6293414831161499,0.6468536762732486,1,0
283,5,x0,0110,0110,1110,-0.007101483643054962,-5.431551456451416,5.424449972808361,0.9931665814821391,1,0
283,6,c21,0010,0010,0110,-0.6427513957023621,-0.7597327828407288,0.1169813871383667,0.5258547176587434,1,0
283,7,x1,0110,0110,0010,-0.01019089762121439,-5.137810707092285,5.127619809471071,0.9925740659973901,1,0
283,8,s13,0011,0110,0110,-0.9273528456687927,-0.5448046922683716,-0.38254815340042114,0.39560864233159526,0,0
284,1,t213,0010,0010,0011,-1.513296127319336,-1.763296127319336,0.25,0.2204111699376557,1,0
284,2,c12,0010,0010,0001,-0.717887818813324,-1.2813273668289185,0.5634395480155945,0.4877940083751098,1,0
284,3,s13,0010,0110,0110,-0.8308398723602295,-0.6669721603393555,-0.16386771202087402,0.4356881719406037,0,0
284,4,c31,0010,0110,0110,-0.8265905976295471,-0.5767278075218201,-0.24986279010772705,0.4375496333806916,0,0
284,5,x1,0110,0110,0010,-0.006601483095437288,-5.13270902633667,5.126107543241233,0.9938225786193882,1,0
284,6,c12,0100,0100,0110,-0.35160696506500244,-1.31472909450531,0.9631221294403076,0.7035708539704213,1,0
284,7,t203,0100,0100,0101,-0.009650325402617455,-4.759650230407715,4.749999905005097,0.990404682507163,1,0
284,8,c32,0100,0100,0110,-0.2034321427345276,-1.7017420530319214,1.4983099102973938,0.8160617103884164,1,0
285,1,t012,0011,0011,0001,-1.6525471210479736,-2.2313780784606934,0.5788309574127197,0.19171357861047403,1,0
285,2,c13,0011,0010,0010,-1.1544731855392456,-0.4044731855392456,-0.75,0.31522977806373476,0,0
285,3,c01,0011,0111,0111,-1.0570719242095947,-0.4320899248123169,-0.6249819993972778,0.34749318408673735,0,0
285,4,c30,1011,1011,0011,-0.5785019993782043,-0.8260349035263062,0.2475329041481018,0.5607708475113428,1,0
285,5,t032,1001,1011,1011,-1.4062299728393555,-0.281936913728714,-1.1242930591106415,0.24506696135861336,0,0
285,6,c13,1001,1000,1000,-1.3136863708496094,-0.31368643045425415,-0.9999999403953552,0.2688277669304215,0,0
285,7,c20,1001,1001,0001,-0.47418880462646484,-0.9790436029434204,0.5048547983169556,0.6223960331970049,1,0
285,8,c32,1011,1001,1001,-1.9154857397079468,-0.16433057188987732,-1.7511551678180695,0.1472730494436408,0,0
286,1,t302,0111,0101,0101,-2.130711078643799,-1.8066492080688477,-0.32406187057495117,0.11889416332415091,0,0
286,2,c30,1111,1111,0111,-0.721443235874176,-0.7402663826942444,0.01882314682006836,0.486114552327005,1,0
286,3,t123,1110,1110,1111,-0.6451399922370911,-0.7701399922370911,0.125,0.5246087060933946,1,0
286,4,s03,0111,1110,1110,-1.2021961212158203,-0.4913836419582367,-0.7108124792575836,0.3005455795412818,0,0
286,5,x0,1111,1111,0111,-0.05284398794174194,-3.076582193374634,3.023738205432892,0.9493758421433948,1,0
286,6,s10,1111,1111,0111,-0.47766926884651184,-0.9799652099609375,0.5022959411144257,0.6202585281997802,1,0
286,7,x3,1110,1110,1111,-0.01517618540674448,-4.202676296234131,4.187500110827386,0.9849728523032713,1,0
286,8,c32,1110,1100,1100,-2.450516939163208,-0.4571901857852936,-1.9933267533779144,0.08625169529994184,0,0
287,1,x3,0011,0011,0010,-1.3769704103469849,-2.0019702911376953,0.6249998807907104,0.2526163191468281,1,0
287,2,t102,0011,0011,0001,-0.27423304319381714,-1.89736807346344,1.6231350302696228,0.7602546108257177,1,0
287,3,x0,1011,1011,0111,-0.18472108244895935,-2.1540465354919434,1.969325453042984,0.8316929334307752,1,0
287,4,x2,1001,1001,1010,-0.004788425751030445,-6.230199337005615,6.225410911254585,0.9952696528168157,1,0
287,5,x0,0001,0001,1001,-0.07936733216047287,-2.5879034996032715,2.5085361674427986,0.9237100738965567,1,0
287,6,x3,0000,0000,0001,-0.008271965198218822,-4.82077169418335,4.812499728985131,0.9918366360726147,1,0
287,7,t231,0000,0000,0100,-0.0025413783732801676,-6.3778533935546875,6.375312015181407,0.997470975292848,1,0
287,8,t201,0000,0000,0100,-0.00019787444034591317,-8.750908851623535,8.75071097718319,0.9998021445612477,1,0
288,1,c23,0000,0000,0001,-1.426002860069275,-1.801002860069275,0.375,0.24073429464976712,1,0
288,2,s23,0000,0000,0010,-0.45476922392845154,-1.4908806085586548,1.0361113846302032,0.6346270156847769,1,0
288,3,t102,0000,0000,0010,-0.012311101891100407,-4.591160774230957,4.578849672339857,0.9877806563400396,1,0
288,4,x0,1000,1000,0000,-0.16073724627494812,-1.9188587665557861,1.758121520280838,0.8518537892908642,1,0
288,5,s13,1000,1000,1100,-0.11390772461891174,-2.6014816761016846,2.487573951482773,0.8923534971451066,1,0
288,6,t132,1000,1000,1010,-0.0488455593585968,-3.0487060546875,2.999860495328903,0.9523314996614236,1,0
288,7,x3,1001,1001,1000,-0.0014334300067275763,-6.813933372497559,6.812499942490831,0.9985880764767837,1,0
288,8,x1,1101,1101,1011,-0.008151015266776085,-5.026177883148193,5.018026867881417,0.991928666307781,1,0
289,1,s30,0000,0000,0100,-1.69045090675354,-2.305866241455078,0.6154153347015381,0.18449405940140495,1,0
289,2,c20,0000,0000,1000,-0.4865104556083679,-1.070283055305481,0.583772599697113,0.6148031361186772,1,0
289,3,s20,0000,0000,1000,-0.1272442638874054,-2.1352057456970215,2.007961481809616,0.8805272802667595,1,0
289,4,x1,0100,0100,0000,-0.033702995628118515,-3.569106340408325,3.5354033447802067,0.9668787660726802,1,0
289,5,x1,0000,0000,0010,-0.019453098997473717,-4.893150806427002,4.873697707429528,0.9808209124671866,1,0
289,6,t132,0000,0000,0010,-0.023317785933613777,-3.773324728012085,3.750006942078471,0.9769540759450864,1,0
289,7,c21,0000,0000,0100,-0.22575810551643372,-1.6005406379699707,1.374782532453537,0.7979594806422032,1,0
289,8,s32,0000,0000,0010,-0.289792001247406,-1.4064733982086182,1.1166813969612122,0.7484219592290403,1,0
290,1,t312,1100,1100,1110,-1.3622314929962158,-1.5678651332855225,0.20563364028930664,0.2562916219830243,1,0
290,2,x2,1110,1110,0110,-0.01719100959599018,-6.166368007659912,6.149176998063922,0.9831046246179265,1,0
290,3,x2,1100,1100,1111,-0.021708572283387184,-4.782674789428711,4.760966217145324,0.9785960508396635,1,0
290,4,s13,1001,1100,1100,-1.676708459854126,-0.4853091239929199,-1.191399335861206,0.18699274022183732,0,0
290,5,t321,1001,1001,1101,-0.3144431412220001,-1.318535566329956,1.004092425107956,0.7302433657142474,1,0
290,6,c31,1101,1101,1001,-0.252526193857193,-1.5022541284561157,1.2497279345989227,0.776934413229951,1,0
290,7,s10,1101,1101,0101,-0.2519880533218384,-1.6154205799102783,1.36343252658844,0.7772599917040169,1,0
290,8,c03,1100,1100,1101,-0.38692352175712585,-1.1369235515594482,0.7500000298023224,0.6791507973933756,1,0
291,1,x1,1001,1001,1011,-1.354209065437317,-1.9263949394226074,0.5721858739852905,0.2582280146528913,1,0
291,2,x3,1000,1000,1001,-0.023931095376610756,-4.023931503295898,4.000000407919288,0.976398772732571,1,0
291,3,x2,1010,1010,1001,-0.01608358696103096,-4.3785719871521,4.362488400191069,0.9840791779044318,1,0
291,4,x1,1110,1110,1010,-0.02181834541261196,-3.9077794551849365,3.8859611097723246,0.9791620891614765,1,0
291,5,c10,0110,0110,1110,-0.5773476958274841,-0.826077938079834,0.24873024225234985,0.5614254450301199,1,0
291,6,t321,0110,0110,0010,-0.03460210934281349,-3.4104907512664795,3.375888641923666,0.966001367184202,1,0
291,7,s02,1100,0110,0110,-1.0642430782318115,-0.47439590096473694,-0.5898471772670746,0.3449952010034917,0,0
291,8,s03,0101,1100,1100,-4.085402011871338,-0.39912694692611694,-3.686275064945221,0.016816648003412104,0,0
292,1,c12,1000,1010,1010,-1.7419474124908447,-1.5956835746765137,-0.14626383781433105,0.17555650745272336,0,0
292,2,t032,1000,1000,1010,-0.11683488637208939,-2.648785352706909,2.53195046633482,0.8898031340129893,1,0
292,3,s10,0100,1000,1000,-1.6457889080047607,-0.3871142268180847,-1.258674681186676,0.1928685964767346,0,0
292,4,s31,0001,0100,0100,-1.7467211484909058,-0.5205816626548767,-1.226139485836029,0.17435499629349438,0,0
292,5,t123,0001,0001,0011,-0.007440587505698204,-6.2788543701171875,6.271413782611489,0.9926144363082464,1,0
292,6,c21,0001,0001,0101,-0.3490934371948242,-1.2248923778533936,0.8757989406585693,0.705371874849887,1,0
292,7,c01,0001,0001,0101,-0.12700358033180237,-2.1277084350585938,2.0007048547267914,0.8807424752467327,1,0
292,8,x3,0000,0000,0001,-0.014063002541661263,-4.639062881469727,4.624999878928065,0.9862442792480384,1,0
293,1,c01,1110,1010,1010,-2.3097591400146484,-2.1302690505981445,-0.1794900894165039,0.09931503983339021,0,0
293,2,s21,1110,1110,1011,-0.8739235401153564,-1.2154000997543335,0.34147655963897705,0.41734534606258955,1,0
293,3,t120,0110,1110,1110,-1.3210424184799194,-0.31593093276023865,-1.0051114857196808,0.2668675684017327,0,0
293,4,s32,0101,0110,0110,-1.3106985092163086,-0.7135498523712158,-0.5971486568450928,0.2696357166257322,0,0
293,5,x0,1101,1101,0101,-0.20449694991111755,-1.755855917930603,1.5513589680194855,0.8152514415708509,1,0
293,6,t120,1101,1101,0101,-0.5760420560836792,-0.8441381454467773,0.26809608936309814,0.56213067081051,1,0
293,7,s03,1101,1101,0101,-0.5855419039726257,-1.4111533164978027,0.825611412525177,0.5568143211643141,1,0
293,8,x2,1111,1111,1100,-0.001113344100303948,-9.194197654724121,9.193084310623817,0.9997307195123768,1,0
294,1,x2,0101,0101,0000,-1.301236867904663,-2.65744948387146,1.3562126159667969,0.27249336708899474,1,0
294,2,x1,0001,0001,0111,-0.16815993189811707,-3.0451769828796387,2.8770170509815216,0.8452463191713537,1,0
294,3,s01,0001,0001,1000,-0.25218257308006287,-1.6151295900344849,1.362947016954422,0.7771142167745152,1,0
294,4,c31,0101,0101,0001,-0.576525092124939,-0.8269537687301636,0.2504286766052246,0.5618655727987888,1,0
294,5,s12,0011,0101,0101,-1.1509509086608887,-0.44498416781425476,-0.7059667408466339,0.31634691874337495,0,0
294,6,x3,0010,0010,0011,-0.006730817258358002,-5.131730556488037,5.124999739229679,0.9933126959849082,1,0
294,7,s12,0100,0010,0010,-2.252707004547119,-0.5873491168022156,-1.6653578877449036,0.10511673620823857,0,0
294,8,c01,0100,0100,0000,-0.01896379329264164,-4.049516201019287,4.0305524077266455,0.9813937875479829,1,0
295,1,c20,1011,1011,0011,-1.734031319618225,-2.1193289756774902,0.38529765605926514,0.17663478338750763,1,0
295,2,x0,0011,0011,1111,-0.16444048285484314,-2.5603599548339844,2.3959194719791412,0.8483907845866958,1,0
295,3,t123,0011,0011,0010,-0.6422855257987976,-0.7672855257987976,0.125,0.5260966240915355,1,0
295,4,c21,0111,0111,0011,-0.1805991679430008,-1.8056000471115112,1.6250008791685104,0.8347904835899358,1,0
295,5,t312,0101,0111,0111,-0.9013622403144836,-0.5264059901237488,-0.37495625019073486,0.40602222632562174,0,0
295,6,s03,1100,0101,0101,-0.6983700394630432,-0.6962668895721436,-0.002103149890899658,0.49740452574567423,0,0
295,7,s03,0101,1100,1100,-1.3844850063323975,-1.1438153982162476,-0.2406696081161499,0.25046151074781253,0,0
295,8,s12,0011,0101,0101,-0.8706399202346802,-0.7815162539482117,-0.0891236662864685,0.418693033625827,0,0
296,1,c03,0000,0000,0001,-1.534822940826416,-1.534822940826416,0.0,0.21598481001643063,0,1
296,2,s13,0000,0000,0100,-0.5587438344955444,-1.2624717950820923,0.7037279605865479,0.5719626536461248,1,0
296,3,s31,0000,0000,0100,-0.41660651564598083,-1.2045410871505737,0.7879345715045929,0.6593039511410165,1,0
296,4,s03,0000,0000,1000,-0.16269758343696594,-1.9171963930130005,1.7544988095760345,0.8498559576857294,1,0
296,5,s30,0000,0000,1000,-0.3877626955509186,-1.1418133974075317,0.7540507018566132,0.6785962769571242,1,0
296,6,t310,0000,0000,1000,-0.0032563877757638693,-5.754784107208252,5.751527719432488,0.9967512768163497,1,0
296,7,c01,0000,0000,0100,-0.05511908233165741,-2.9301528930664062,2.875033810734749,0.946443839253461,1,0
296,8,x2,0010,0010,0000,-0.0026482378598302603,-6.582816123962402,6.580167886102572,0.9983390603387987,1,0
297,1,t120,1010,1010,0010,-1.571420431137085,-2.4252490997314453,0.8538286685943604,0.2078442943492412,1,0
297,2,x2,1000,1000,1011,-0.12958362698554993,-2.6262800693511963,2.4966964423656464,0.8785217834229998,1,0
297,3,t012,1000,1000,1010,-0.010019693523645401,-4.6350998878479,4.625080194324255,0.9900325744668081,1,0
297,4,c13,1000,1000,1001,-0.5232456922531128,-0.8982456922531128,0.375,0.5926015173209733,1,0
297,5,t312,1000,1000,1010,-0.006185768637806177,-5.131443023681641,5.1252572550438344,0.9938369720314157,1,0
297,6,t102,1000,1000,1010,-0.006733582355082035,-5.006742477416992,5.00000889506191,0.9932914177331853,1,0
297,7,c03,1001,1001,1000,-0.28116580843925476,-1.4061658382415771,1.1250000298023224,0.7549048604261175,1,0
297,8,x0,0001,0001,1001,-0.021374531090259552,-4.216633319854736,4.195258788764477,0.978867582585342,1,0
298,1,s01,1100,1100,0100,-1.8273468017578125,-2.035486936569214,0.20814013481140137,0.16087325462221866,1,0
298,2,c12,1110,1110,1101,-0.7469585537910461,-1.4098694324493408,0.6629108786582947,0.47392804008657863,1,0
298,3,x2,1100,1100,1110,-0.04251422733068466,-4.363836765289307,4.321322537958622,0.9585288403377704,1,0
298,4,s12,1010,1100,1100,-1.3707692623138428,-0.5914601683616638,-0.779309093952179,0.253920245867474,0,0
298,5,c02,1000,1000,1010,-0.6428725719451904,-1.108669638633728,0.4657970666885376,0.5258650921876591,1,0
298,6,c23,1000,1001,1001,-0.7600150108337402,-0.6350150108337402,-0.125,0.46767241133271875,0,0
298,7,s30,0001,1000,1000,-1.7898746728897095,-0.523029625415802,-1.2668450474739075,0.1669950294251886,0,0
298,8,x2,0011,0011,0000,-0.01776706986129284,-4.301393508911133,4.28362643904984,0.9824994673408433,1,0
299,1,c12,0011,0001,0001,-2.425063133239746,-1.74725341796875,-0.6778097152709961,0.08860034340089444,0,0
299,2,c30,1011,1011,0011,-0.7447426319122314,-0.7553676962852478,0.010625064373016357,0.47490309863053976,1,0
299,3,s03,1011,1011,0011,-0.32697877287864685,-1.9585247039794922,1.6315459311008453,0.721112157596021,1,0
299,4,t201,1111,1111,1011,-0.3882935047149658,-1.1378719806671143,0.7495784759521484,0.6782208179244839,1,0
299,5,s32,1111,1101,1101,-1.140350580215454,-0.5785911679267883,-0.5617594122886658,0.3197179802731419,0,0
299,6,s01,1111,1111,0111,-0.6057916879653931,-0.8261393308639526,0.22034764289855957,0.5456493409744106,1,0
299,7,s10,1111,1111,0111,-0.6358458399772644,-0.757851243019104,0.1220054030418396,0.5295040249150645,1,0
299,8,x2,1101,1101,1111,-0.0012451749062165618,-7.452183246612549,7.450938071706332,0.9988079255405415,1,0
