example_id,step,gate,gold_state,best_state,best_wrong_state,gold_logprob,best_wrong_logprob,margin,gold_prob16,local_correct,tie
0,1,s30,0110,0110,1110,-1.705058217048645,-2.478273630142212,0.7732154130935669,0.18189786449267792,1,0
0,2,c13,0111,0111,0000,-0.22097823023796082,-3.805363655090332,3.584385424852371,0.8018897975814409,1,0
0,3,t132,0101,0101,0111,-0.26682305335998535,-1.6714316606521606,1.4046086072921753,0.7658520011081816,1,0
0,4,x2,0111,0111,0001,-0.0027548002544790506,-7.487664699554443,7.484909899299964,0.9972551153130826,1,0
0,5,c10,1111,1111,0111,-0.04639577120542526,-3.1697943210601807,3.1233985498547554,0.9553692388373708,1,0
0,6,t201,1011,1011,1111,-0.18111494183540344,-1.8079439401626587,1.6268289983272552,0.8343428626375222,1,0
0,7,s12,1101,1101,1011,-0.6215924024581909,-0.9302467107772827,0.3086543083190918,0.5370901683026533,1,0
0,8,t302,1111,1111,1110,-0.05960085615515709,-2.934600830078125,2.874999973922968,0.942251308579012,1,0
1,1,s31,1010,1010,1100,-1.9409950971603394,-1.9963070154190063,0.05531191825866699,0.14363988638326966,1,0
1,2,c30,1010,0010,0010,-0.9435946345329285,-0.9301639199256897,-0.01343071460723877,0.389274986921132,0,0
1,3,t301,1010,1110,1110,-1.4088667631149292,-0.29070761799812317,-1.118159145116806,0.24442787314453052,0,0
1,4,c01,1110,1110,1010,-0.004580408800393343,-5.547565937042236,5.542985528241843,0.9954369844586934,1,0
1,5,x2,1100,1100,1101,-0.00035808089887723327,-9.250357627868652,9.249999546969775,0.9996690198202195,1,0
1,6,s01,1100,1100,0100,-0.4925241470336914,-0.9955797791481018,0.5030556321144104,0.6112571280194159,1,0
1,7,c01,1000,1000,1100,-0.026424847543239594,-3.903439998626709,3.8770151510834694,0.9739320546195067,1,0
1,8,c20,1000,1000,0000,-0.6932028532028198,-0.6946033835411072,0.0014005303382873535,0.4999790613090567,1,0
2,1,c32,1101,1101,1110,-1.6587846279144287,-1.8256208896636963,0.16683626174926758,0.19059263188290704,1,0
2,2,s12,1011,1101,1101,-1.6060712337493896,-1.0939247608184814,-0.5121464729309082,0.20068083918075852,0,0
2,3,x0,0011,0011,1111,-0.4137256443500519,-2.2264318466186523,1.8127062022686005,0.6623419342532274,1,0
2,4,x0,1011,1011,1001,-0.0160110741853714,-5.194256782531738,5.178245708346367,0.9865312289705481,1,0
2,5,s30,1011,1011,0011,-0.655502200126648,-1.4595500230789185,0.8040478229522705,0.5191937559982085,1,0
2,6,t120,1011,1011,0011,-0.5822667479515076,-0.8811601400375366,0.29889339208602905,0.5586357098903839,1,0
2,7,c30,0011,0011,1011,-0.6329660415649414,-0.7607278823852539,0.1277618408203125,0.5310376898479748,1,0
2,8,x1,0111,0111,0011,-0.019886750727891922,-4.520207405090332,4.50032065436244,0.9804440766258397,1,0
3,1,t031,1111,1011,1011,-1.9149928092956543,-1.8812267780303955,-0.03376603126525879,0.1474417233432127,0,0
3,2,s01,1111,0111,0111,-1.4665815830230713,-0.8701222538948059,-0.5964593291282654,0.23075274481810426,0,0
3,3,c21,1011,1011,1101,-0.20521198213100433,-1.9566822052001953,1.751470223069191,0.8145805995491108,1,0
3,4,c30,0011,0011,1011,-0.6359685063362122,-0.7790546417236328,0.14308613538742065,0.5294362797695887,1,0
3,5,s10,0011,1011,1011,-1.1013998985290527,-1.0642609596252441,-0.037138938903808594,0.3324288046043531,0,0
3,6,s10,0011,1011,1011,-0.8995481133460999,-0.6265618205070496,-0.2729862928390503,0.4067730026298584,0,0
3,7,x3,0010,0010,1010,-0.0006999998586252332,-8.503843307495117,8.503143307636492,0.9993175884041945,1,0
3,8,t013,0010,0010,0011,-0.0011230013333261013,-7.501122951507568,7.499999950174242,0.9988814497625127,1,0
4,1,s03,0011,0011,1010,-2.1310534477233887,-2.2742815017700195,0.14322805404663086,0.11881297764175053,1,0
4,2,s23,0011,0001,0001,-2.6414899826049805,-2.213662624359131,-0.4278273582458496,0.07129097600689814,0,0
4,3,s31,0110,0110,0011,-0.7534895539283752,-1.9348148107528687,1.1813252568244934,0.4707500466091431,1,0
4,4,x1,0010,0010,0011,-0.7237271070480347,-1.2237271070480347,0.5,0.484985659917469,1,0
4,5,x1,0110,0110,0000,-0.12253344058990479,-2.3436412811279297,2.221107840538025,0.8847013089821036,1,0
4,6,c03,0110,0110,0111,-0.11981537193059921,-2.3698155879974365,2.2500002160668373,0.8871137101736528,1,0
4,7,s01,1010,1010,0110,-0.7551292777061462,-0.8335132598876953,0.07838398218154907,0.46998737854135836,1,0
4,8,x3,1011,1011,1010,-0.0767960175871849,-4.326796054840088,4.250000037252903,0.9262563504432052,1,0
5,1,c32,0110,0100,0100,-2.098015069961548,-1.6441035270690918,-0.45391154289245605,0.12288660585985789,0,0
5,2,s23,0101,0101,0110,-0.9891805648803711,-1.0694763660430908,0.08029580116271973,0.3718896890945878,1,0
5,3,s20,0101,1100,1100,-1.5513067245483398,-1.368652582168579,-0.18265414237976074,0.21199687330484765,0,0
5,4,t132,0111,0111,0101,-0.3262612521648407,-1.4246891736984253,1.0984279215335846,0.7216408813984234,1,0
5,5,x1,0011,0011,0101,-0.0052324328571558,-5.730592727661133,5.725360294803977,0.9949263894654337,1,0
5,6,x2,0001,0001,0111,-0.00490388460457325,-5.981817722320557,5.976913837715983,0.995119390719412,1,0
5,7,t320,0001,1001,1001,-0.6944670081138611,-0.6941058039665222,-0.0003612041473388672,0.49934658750134114,0,0
5,8,s10,0001,0001,1001,-0.35393738746643066,-1.3663338422775269,1.0123964548110962,0.7020521722797409,1,0
6,1,t230,1101,1101,0101,-1.7278753519058228,-1.8550033569335938,0.127128005027771,0.17784406514394782,1,0
6,2,t031,1001,1101,1101,-0.7250785827636719,-0.707381010055542,-0.017697572708129883,0.4843105218943637,0,0
6,3,x0,0001,0001,1101,-0.022320793941617012,-4.376547813415527,4.35422701947391,0.9781277474029502,1,0
6,4,t230,0001,0001,1001,-0.6932674646377563,-0.6939464807510376,0.00067901611328125,0.49996966024389683,1,0
6,5,c32,0011,0011,0001,-0.22965553402900696,-1.6020820140838623,1.3724264800548553,0.7948128884597286,1,0
6,6,t013,0011,0011,0010,-0.004749689716845751,-5.879749774932861,5.875000085216016,0.9952670481216048,1,0
6,7,c20,1011,1011,0011,-0.31344354152679443,-1.3134233951568604,0.9999798536300659,0.7309470815559065,1,0
6,8,x1,1111,1111,1011,-0.00011956306116189808,-9.898788452148438,9.898668889087276,0.9998821248643096,1,0
7,1,t102,0110,0110,0100,-1.339540958404541,-2.531018018722534,1.1914770603179932,0.26241862753178874,1,0
7,2,c02,0110,0110,0100,-0.0791388601064682,-4.226675987243652,4.147537127137184,0.9239399677575351,1,0
7,3,x2,0100,0100,1100,-0.00928666815161705,-6.388519287109375,6.379232618957758,0.9907753990054445,1,0
7,4,c30,0100,1100,1100,-0.9742664694786072,-0.4742904305458069,-0.4999760389328003,0.3774946236898556,0,0
7,5,x0,1100,1100,0000,-0.13004299998283386,-2.4115304946899414,2.2814874947071075,0.8807399292425796,1,0
7,6,x3,1101,1101,1100,-0.0004746600752696395,-8.75047492980957,8.7500002697343,0.9995434313115987,1,0
7,7,x2,1111,1111,1110,-0.002459172159433365,-6.5024590492248535,6.49999987706542,0.9975501914271658,1,0
7,8,t120,0111,1111,1111,-0.8261615037918091,-0.5759798288345337,-0.2501816749572754,0.4377296551677153,0,0
8,1,c32,0101,0101,0110,-1.7122853994369507,-2.136963367462158,0.4246779680252075,0.18071669732077422,1,0
8,2,t123,0101,0100,0100,-1.506524682044983,-0.38152462244033813,-1.1250000596046448,0.22169274947807296,0,0
8,3,x1,0001,0001,0111,-0.003135346807539463,-6.704718112945557,6.701582766138017,0.9969358015479645,1,0
8,4,s30,1000,1000,0001,-0.5234174132347107,-0.8982491493225098,0.3748317360877991,0.5925012411043153,1,0
8,5,t103,1000,1000,1001,-0.0310332290828228,-3.5310332775115967,3.500000048428774,0.9694620234112342,1,0
8,6,c13,1000,1000,1001,-0.01628062129020691,-4.141280651092529,4.125000029802322,0.9838572824486015,1,0
8,7,t301,1000,1000,1100,-0.08898831903934479,-2.4639906883239746,2.37500236928463,0.9148582443079556,1,0
8,8,x1,1100,1100,1010,-1.4781883692194242e-05,-11.55475902557373,11.554744243690038,0.9999857666896678,1,0
9,1,c23,1100,1101,1101,-1.3909261226654053,-1.1409261226654053,-0.25,0.24948912234911136,0,0
9,2,s32,1100,1100,1110,-0.6904309391975403,-0.9824192523956299,0.2919883131980896,0.50139119092411,1,0
9,3,s01,1100,1100,0101,-1.117531657218933,-1.3995763063430786,0.2820446491241455,0.3272447962940888,1,0
9,4,s03,0101,1100,1100,-2.597292184829712,-0.8624935150146484,-1.7347986698150635,0.07447813775808686,0,0
9,5,x2,0111,0111,1100,-0.051761578768491745,-4.117198467254639,4.065436888486147,0.9496116049359453,1,0
9,6,t013,0111,0111,0110,-0.059852831065654755,-3.0598528385162354,3.0000000074505806,0.9419105987762899,1,0
9,7,s03,1110,1110,0111,-0.3956058621406555,-1.3190064430236816,0.9234005808830261,0.6732868565043244,1,0
9,8,x3,1111,1111,0111,-0.004828231874853373,-5.609886646270752,5.605058414395899,0.9952352245664527,1,0
10,1,t210,1101,1101,0101,-1.3882185220718384,-2.206925392150879,0.8187068700790405,0.2499185003069193,1,0
10,2,s30,1101,1101,0110,-0.7692877054214478,-1.220685601234436,0.4513978958129883,0.46339710761444514,1,0
10,3,c31,1001,1001,1101,-0.5766164064407349,-0.8405043482780457,0.2638879418373108,0.5618055165901837,1,0
10,4,c32,1011,1011,1001,-0.09752152115106583,-3.05653977394104,2.959018252789974,0.9070925736720891,1,0
10,5,x0,0011,0011,1111,-0.021763022989034653,-4.0398030281066895,4.018040005117655,0.9794782586358762,1,0
10,6,x0,1011,1011,0011,-0.022553756833076477,-7.064916133880615,7.042362377047539,0.9986904223410517,1,0
10,7,t213,1011,1010,1010,-3.6517679691314697,-0.026767952367663383,-3.6250000167638063,0.025945760748492867,0,0
10,8,s13,1110,1110,1011,-0.10120876133441925,-2.350703477859497,2.249494716525078,0.9037469090416359,1,0
11,1,x3,1101,1101,1110,-0.73683762550354,-2.4839065074920654,1.7470688819885254,0.4803076945346802,1,0
11,2,x0,0101,0101,0111,-0.11744192242622375,-3.5961215496063232,3.4786796271800995,0.891408025342526,1,0
11,3,t213,0101,0100,0100,-1.008988857269287,-0.5089889168739319,-0.4999999403953552,0.3645972594807267,0,0
11,4,c02,0101,0101,0111,-0.08083809912204742,-2.8317341804504395,2.750896081328392,0.9223450692413444,1,0
11,5,c32,0111,0111,0101,-0.01714162528514862,-4.271206378936768,4.254064753651619,0.9830157358384202,1,0
11,6,t120,1111,1111,0111,-0.20337305963039398,-1.7021270990371704,1.4987540394067764,0.8159925973500245,1,0
11,7,s03,1111,1111,0111,-0.6340228319168091,-0.7609249949455261,0.12690216302871704,0.530458450993263,1,0
11,8,c23,1110,1110,1111,-0.0013038539327681065,-7.501303672790527,7.499999818857759,0.9987111284842699,1,0
12,1,x1,0011,0011,0100,-1.2277125120162964,-2.498798131942749,1.2710856199264526,0.2932661677940948,1,0
12,2,c02,0011,0011,0000,-0.3925817012786865,-2.264659881591797,1.8720781803131104,0.6753713929224698,1,0
12,3,c30,1011,1011,0011,-0.38792264461517334,-1.1387951374053955,0.7508724927902222,0.678506769697563,1,0
12,4,c31,1111,1111,1011,-0.15273180603981018,-2.0202183723449707,1.8674865663051605,0.8583791946051968,1,0
12,5,s10,1111,1111,0111,-0.5762694478034973,-0.8261830806732178,0.24991363286972046,0.5620007094038707,1,0
12,6,c13,1110,1110,1111,-0.003103004302829504,-6.628103256225586,6.625000251922756,0.9969252410319663,1,0
12,7,t302,1110,1100,1100,-2.9636833667755127,-0.056963399052619934,-2.9067199677228928,0.05162867011964604,0,0
12,8,s02,1110,1110,0110,-0.252420037984848,-1.9308960437774658,1.6784760057926178,0.7769319884436058,1,0
13,1,c12,1000,1000,1010,-0.9283002018928528,-2.1555371284484863,1.2272369265556335,0.3961307000962518,1,0
13,2,t120,1000,1000,0000,-0.06368623673915863,-3.366211414337158,3.3025251775979996,0.9383203191117134,1,0
13,3,s12,1000,1000,1100,-0.018622878938913345,-4.143697261810303,4.125074382871389,0.981553226280052,1,0
13,4,s23,1000,1000,1010,-0.031567905098199844,-3.5304009914398193,3.4988330863416195,0.9689386455586987,1,0
13,5,t201,1000,1000,1100,-0.023330198600888252,-3.7733609676361084,3.75003076903522,0.9769440788910012,1,0
13,6,s23,1000,1000,1010,-0.025255240499973297,-3.7734286785125732,3.7481734380126,0.9750631505209608,1,0
13,7,t120,1000,1000,0000,-0.003185336710885167,-5.756951332092285,5.7537659953814,0.9968219358565539,1,0
13,8,x3,1001,1001,1000,-0.00014113986981101334,-9.750140190124512,9.7499990502547,0.99987909513729,1,0
14,1,c31,1000,1000,1100,-1.5499212741851807,-1.798837661743164,0.2489163875579834,0.21267792614368417,1,0
14,2,c10,1000,1000,0000,-0.38779085874557495,-1.1957621574401855,0.8079712986946106,0.6785774858653858,1,0
14,3,x3,1001,1001,0001,-0.0018719519721344113,-8.184337615966797,8.182465663994662,0.9982335000471008,1,0
14,4,t013,1001,1001,1000,-0.002038830891251564,-6.502038478851318,6.499999647960067,0.9979805262645216,1,0
14,5,c30,0001,1001,1001,-0.8265038132667542,-0.5760442614555359,-0.25045955181121826,0.4375894466585216,0,0
14,6,s02,0001,0001,1000,-0.5796681642532349,-0.8973885178565979,0.31772035360336304,0.5600869210395542,1,0
14,7,c12,0001,0001,0011,-0.14387661218643188,-2.021324872970581,1.8774482607841492,0.8659964554242711,1,0
14,8,s03,1000,1000,0001,-0.5767526030540466,-0.8260239362716675,0.24927133321762085,0.5617268417216216,1,0
15,1,c13,1110,1110,1111,-0.49636417627334595,-2.996364116668701,2.4999999403953552,0.6093454673402082,1,0
15,2,c01,1010,1010,1011,-0.18568840622901917,-2.5606882572174072,2.374999850988388,0.8308582088936808,1,0
15,3,t132,1010,1010,1000,-0.2889610528945923,-1.462915301322937,1.1739542484283447,0.7490432714170058,1,0
15,4,s01,0110,1010,1010,-0.9024965167045593,-0.5235559940338135,-0.37894052267074585,0.40560851595348435,0,0
15,5,t230,0110,1110,1110,-1.5022693872451782,-0.25616729259490967,-1.2461020946502686,0.22263155334608475,0,0
15,6,s30,0110,1110,1110,-1.8054583072662354,-0.3840026557445526,-1.4214556515216827,0.1644091085272663,0,0
15,7,x2,0100,0100,1110,-0.001076752902008593,-7.988182067871094,7.987105314969085,0.9989700040684536,1,0
15,8,s20,0100,1100,1100,-1.601183295249939,-0.2954631745815277,-1.3057201206684113,0.20166551542286756,0,0
16,1,c12,1000,1000,1010,-1.2107374668121338,-1.8163692951202393,0.6056318283081055,0.29883875191395554,1,0
16,2,c12,1000,1000,1010,-0.004703935235738754,-6.066291332244873,6.061587397009134,0.9954235453310519,1,0
16,3,s23,1000,1000,1010,-0.0102808503434062,-4.635095596313477,4.62481474597007,0.989804185571099,1,0
16,4,x1,1100,1100,1000,-0.00020228771609254181,-9.723724365234375,9.723522077518282,0.999818666261419,1,0
16,5,s03,0101,0101,1100,-0.6182956099510193,-1.0553700923919678,0.4370744824409485,0.5388999512027646,1,0
16,6,t231,0101,0101,0001,-0.6447526216506958,-1.0212100744247437,0.37645745277404785,0.5247974099723912,1,0
16,7,s23,0110,0110,0101,-0.38593408465385437,-1.323264241218567,0.9373301565647125,0.6798216868495608,1,0
16,8,c32,0110,0100,0100,-1.326380968093872,-0.33986738324165344,-0.9865135848522186,0.26543802718252224,0,0
17,1,s10,0101,1001,1001,-2.2158849239349365,-1.521791696548462,-0.6940932273864746,0.10918449909502008,0,0
17,2,s10,1001,1001,0101,-1.1422858238220215,-1.2772706747055054,0.1349848508834839,0.31912951558537683,1,0
17,3,s01,0101,0101,1001,-0.8305438160896301,-0.9911907315254211,0.16064691543579102,0.43582804088334476,1,0
17,4,s13,0101,0101,0001,-1.1653801202774048,-1.223433256149292,0.05805313587188721,0.31182048081469826,1,0
17,5,x1,0001,0001,1001,-0.03555513918399811,-4.671921730041504,4.636366590857506,0.965237275477305,1,0
17,6,c02,0001,0001,0011,-0.010513943620026112,-4.916627407073975,4.9061134634539485,0.9895432122808746,1,0
17,7,x2,0011,0011,1000,-0.012270454317331314,-5.399333953857422,5.387063499540091,0.9878333498825931,1,0
17,8,t012,0011,0011,1011,-0.0032814214937388897,-6.071671962738037,6.068390541244298,0.9967258173768845,1,0
18,1,t023,1011,1011,1010,-1.5549800395965576,-1.8049800395965576,0.25,0.21153975903272584,1,0
18,2,s23,1011,1001,1001,-1.6089544296264648,-1.4613995552062988,-0.14755487442016602,0.20012635847308002,0,0
18,3,t013,1011,1010,1010,-1.019167423248291,-0.5191673636436462,-0.5000000596046448,0.36089898423554423,0,0
18,4,c03,1010,1010,1011,-0.02058626338839531,-3.9580862522125244,3.937499988824129,0.9797014510431911,1,0
18,5,t102,1010,1010,1000,-0.04978466406464577,-3.8448967933654785,3.7951121293008327,0.9514395896761745,1,0
18,6,c20,0010,0010,1010,-0.45958390831947327,-1.140329122543335,0.6807452142238617,0.631594170322501,1,0
18,7,t302,0010,0010,0001,-0.006737858988344669,-6.139170169830322,6.132432310841978,0.9932857949011656,1,0
18,8,s23,0001,0001,0010,-0.27080655097961426,-1.9127718210220337,1.6419652700424194,0.7627644314521872,1,0
19,1,x1,1100,1100,1101,-1.2279052734375,-2.1029052734375,0.875,0.2932871767276779,1,0
19,2,s01,1100,1100,0100,-1.4872081279754639,-1.894023060798645,0.40681493282318115,0.22604354473585211,1,0
19,3,x1,1000,1000,1110,-0.02627435326576233,-5.037878513336182,5.011604160070419,0.9741435951486389,1,0
19,4,t023,1000,1000,1001,-0.011621996760368347,-4.636621952056885,4.624999955296516,0.9884676637318619,1,0
19,5,c13,1000,1000,1001,-0.016202785074710846,-4.141202926635742,4.125000141561031,0.9839370870069858,1,0
19,6,x3,1001,1001,1000,-5.5908421927597374e-05,-10.250056266784668,10.25000035836274,0.9999494027912111,1,0
19,7,c30,0001,1001,1001,-0.8322421908378601,-0.5775821208953857,-0.25466006994247437,0.43508143638368074,0,0
19,8,t230,0001,0001,1001,-0.20156148076057434,-1.7040269374847412,1.5024654567241669,0.8174579681042322,1,0
20,1,c23,1111,1111,1110,-1.0306488275527954,-2.030648708343506,0.9999998807907104,0.35750980363005447,1,0
20,2,t032,1101,1101,1111,-0.23660174012184143,-2.1712770462036133,1.9346753060817719,0.7893697877156419,1,0
20,3,t102,1111,1111,1110,-0.1478957086801529,-2.085395574569702,1.9374998658895493,0.8625340017190389,1,0
20,4,x0,0111,0111,1111,-0.037376392632722855,-3.7893495559692383,3.7519731633365154,0.9655302664965797,1,0
20,5,c20,1111,1111,0111,-0.10764756798744202,-2.4745004177093506,2.3668528497219086,0.8980036551162572,1,0
20,6,s13,1111,1011,1011,-0.7942966222763062,-0.7790637612342834,-0.015232861042022705,0.45190548927533836,0,0
20,7,x0,0111,0111,1111,-0.008373275399208069,-4.911577224731445,4.903203949332237,0.9921040929157362,1,0
20,8,x1,0011,0011,1111,-0.03811756521463394,-4.017332553863525,3.9792149886488914,0.9631558575812108,1,0
21,1,s03,1010,0011,0011,-2.7284116744995117,-1.9261646270751953,-0.8022470474243164,0.06537544007441394,0,0
21,2,s20,1010,1010,1110,-2.2811994552612305,-2.4255850315093994,0.14438557624816895,0.10221557964667266,1,0
21,3,x3,1011,1011,0000,-0.16036541759967804,-3.912358283996582,3.751992866396904,0.8523093278263425,1,0
21,4,c23,1010,1010,1011,-0.10445002466440201,-2.479449987411499,2.374999962747097,0.9008808448380671,1,0
21,5,x0,0010,0010,1110,-0.08529888838529587,-3.428391456604004,3.343092568218708,0.9199843044152101,1,0
21,6,x0,1010,1010,1000,-0.014194829389452934,-5.567576885223389,5.553382055833936,0.9912906585927285,1,0
21,7,x0,0010,0010,1010,-0.07960560917854309,-3.471041440963745,3.391435831785202,0.9234953768982374,1,0
21,8,c31,0010,0110,0110,-1.0132644176483154,-0.5166432857513428,-0.49662113189697266,0.363038373688831,0,0
22,1,x3,0101,0101,0110,-1.158764362335205,-2.648726463317871,1.489962100982666,0.3150484386330493,1,0
22,2,t201,0101,0101,0000,-0.15125486254692078,-3.5967531204223633,3.4454982578754425,0.8596934598751433,1,0
22,3,s12,0011,0101,0101,-1.471517562866211,-0.3154120445251465,-1.1561055183410645,0.2295773706360898,0,0
22,4,s32,0011,0011,0001,-0.6142648458480835,-1.035636305809021,0.4213714599609375,0.5410468683296159,1,0
22,5,c23,0010,0010,0011,-0.1293792724609375,-2.1293792724609375,2.0,0.8786474662047355,1,0
22,6,c12,0010,0010,0000,-0.1332947462797165,-2.1822495460510254,2.048954799771309,0.8752130692224155,1,0
22,7,t321,0010,0010,0110,-0.003313489491119981,-5.860178470611572,5.856864981120452,0.9966927842914011,1,0
22,8,x1,0110,0110,0010,-0.0029449351131916046,-5.87797737121582,5.875032436102629,0.997060596693624,1,0
23,1,x3,1000,1000,1011,-0.9107879400253296,-2.22652006149292,1.3157321214675903,0.40468897200152243,1,0
23,2,s21,1000,1000,1100,-0.19428136944770813,-2.071338176727295,1.8770568072795868,0.8234714822939191,1,0
23,3,s30,0001,1000,1000,-1.5899893045425415,-0.6932352781295776,-0.8967540264129639,0.20396565463570182,0,0
23,4,t201,0001,0001,0101,-0.00214981148019433,-6.8517351150512695,6.849585303571075,0.9978558596591656,1,0
23,5,x1,0101,0101,0100,-0.0014747296227142215,-7.751474857330322,7.750000127707608,0.9985294036310041,1,0
23,6,s10,1001,1001,0101,-0.18051931262016296,-1.8059393167495728,1.6254200041294098,0.8349360819367136,1,0
23,7,t301,1101,1101,1001,-0.16073578596115112,-1.9105910062789917,1.7498552203178406,0.8515564622837425,1,0
23,8,s12,1011,1011,1101,-0.8179196119308472,-0.869831919670105,0.05191230773925781,0.44135161151553376,1,0
24,1,s13,0110,0011,0011,-2.085036277770996,-1.7069567441940308,-0.37807953357696533,0.12436451136729428,0,0
24,2,x2,0100,0100,0000,-1.3632726669311523,-2.2919921875,0.9287195205688477,0.25615481414854496,1,0
24,3,c32,0100,0110,0110,-0.8114521503448486,-0.7793079018592834,-0.032144248485565186,0.4442314825667847,0,0
24,4,s02,0100,0100,1100,-0.5797661542892456,-0.9708682298660278,0.3911020755767822,0.5600634397068474,1,0
24,5,x2,0110,0110,0101,-0.005218540783971548,-5.423213005065918,5.417994464281946,0.99479951265796,1,0
24,6,c03,0110,0110,0111,-0.0445990189909935,-3.1695990562438965,3.125000037252903,0.9563827452204111,1,0
24,7,t032,0110,0110,0100,-0.0045954640954732895,-6.333327293395996,6.328731829300523,0.9954168401462539,1,0
24,8,s21,0110,0011,0011,-1.2366276979446411,-0.4540916979312897,-0.7825360000133514,0.2903627215807353,0,0
25,1,c13,1100,1100,1101,-1.1374303102493286,-1.5124303102493286,0.375,0.32099808616809006,1,0
25,2,t230,1100,1100,0100,-0.5298941135406494,-1.4411531686782837,0.9112590551376343,0.5886930892010488,1,0
25,3,t320,1100,1100,0100,-0.2021406590938568,-1.7418421506881714,1.5397014915943146,0.8169840486814741,1,0
25,4,c21,1100,1100,1000,-0.22704081237316132,-1.6272550821304321,1.4002142697572708,0.7968907186343811,1,0
25,5,t031,1100,1100,1000,-0.026396770030260086,-3.654345989227295,3.627949219197035,0.9739507475353606,1,0
25,6,t312,1100,1100,1110,-0.03856854885816574,-3.288115978240967,3.249547429382801,0.9621693853745261,1,0
25,7,t130,1100,1100,0100,-0.16026568412780762,-1.9129619598388672,1.7526962757110596,0.851922801435619,1,0
25,8,x2,1110,1110,1101,-4.756414637085982e-05,-11.002852439880371,11.002804875734,0.999954183033474,1,0
26,1,t210,1101,1101,0101,-1.3297655582427979,-2.187746524810791,0.8579809665679932,0.26482161572308666,1,0
26,2,x3,1100,1100,0000,-0.0420447438955307,-4.964202404022217,4.922157660126686,0.9589599376691602,1,0
26,3,x1,1000,1000,0000,-0.001339932787232101,-8.47909927368164,8.477759340894409,0.9986650416670497,1,0
26,4,s23,1000,1000,1010,-0.008091104216873646,-4.882716178894043,4.874625074677169,0.9919427913746774,1,0
26,5,c31,1000,1000,1100,-0.14268891513347626,-2.0176877975463867,1.8749988824129105,0.8670289583703389,1,0
26,6,s21,1000,1000,1100,-0.014203383587300777,-4.2642035484313965,4.250000164844096,0.9858981438464948,1,0
26,7,s30,0001,0001,1000,-0.5957387089729309,-0.8259861469268799,0.23024743795394897,0.551197802470861,1,0
26,8,s32,0010,0010,0001,-0.3362407982349396,-1.4067387580871582,1.0704979598522186,0.7144512423379873,1,0
27,1,t213,1100,1100,1101,-1.2142703533172607,-1.3392703533172607,0.125,0.29758467230676117,1,0
27,2,x0,0100,0100,1000,-0.14808717370033264,-3.43025541305542,3.2821682393550873,0.8669675309933101,1,0
27,3,x0,1100,1100,0000,-0.002222571289166808,-7.469900608062744,7.467678036773577,0.9981848610777112,1,0
27,4,x1,1000,1000,0100,-0.0009671069565229118,-7.517282962799072,7.516315855842549,0.9990512838811894,1,0
27,5,t130,1000,1000,0000,-0.049232836812734604,-3.0775694847106934,3.0283366478979588,0.9519673750509177,1,0
27,6,x0,0000,0000,1000,-0.003627217374742031,-6.51086950302124,6.507242285646498,0.9968188631583202,1,0
27,7,c03,0000,0000,1000,-0.0012098817387595773,-7.181446552276611,7.180236670537852,0.9987937635667112,1,0
27,8,s31,0000,0000,0100,-0.03651278465986252,-3.5364792346954346,3.499966450035572,0.964148421136646,1,0
28,1,x1,1111,1111,1110,-1.3307275772094727,-1.9557275772094727,0.625,0.26448080378226374,1,0
28,2,x3,1110,1110,0000,-0.017230838537216187,-5.8914570808410645,5.874226242303848,0.9829842972899228,1,0
28,3,c01,1010,1010,1011,-0.11994054168462753,-2.2449405193328857,2.124999977648258,0.8870341782788994,1,0
28,4,t320,1010,1010,0010,-0.31595486402511597,-1.330102562904358,1.014147698879242,0.7290957233477414,1,0
28,5,x1,1110,1110,1010,-0.0005450744065456092,-8.161630630493164,8.161085556086618,0.9994570894899232,1,0
28,6,c02,1100,1100,1110,-0.0016577810747548938,-7.077563285827637,7.075905504752882,0.9983499679202068,1,0
28,7,c23,1100,1100,1101,-0.42924249172210693,-1.0542423725128174,0.6249998807907104,0.6510073472360947,1,0
28,8,c21,1100,1100,1000,-0.22704611718654633,-1.6296343803405762,1.4025882631540298,0.7968859029120878,1,0
29,1,t312,0100,0100,0110,-1.3252860307693481,-1.6961612701416016,0.3708752393722534,0.2664022587414792,1,0
29,2,s12,0010,0100,0100,-1.2823283672332764,-0.5474914908409119,-0.7348368763923645,0.2773924088185734,0,0
29,3,s21,0100,0100,0010,-0.4333899915218353,-1.3184839487075806,0.8850939571857452,0.648323235693152,1,0
29,4,t230,0100,0100,1100,-0.6080620288848877,-0.882611095905304,0.27454906702041626,0.5444985347153671,1,0
29,5,t130,0100,0100,1100,-0.20164401829242706,-1.7093042135238647,1.5076601952314377,0.817411574003499,1,0
29,6,t013,0100,0100,0101,-0.0045714713633060455,-5.754571437835693,5.749999966472387,0.9954460780716468,1,0
29,7,x2,0110,0110,0001,-0.0022979460190981627,-7.551941394805908,7.54964344878681,0.9977258360201532,1,0
29,8,t210,1110,0110,0110,-0.8344835042953491,-0.7029380202293396,-0.13154548406600952,0.43410236860254475,0,0
30,1,t120,1110,0110,0110,-2.1376171112060547,-1.106261968612671,-1.0313551425933838,0.11811619482421779,0,0
30,2,s21,1110,1011,1011,-1.0577822923660278,-0.8181949853897095,-0.23958730697631836,0.34726006568670753,0,0
30,3,c10,0110,0110,1110,-0.31632497906684875,-1.4100172519683838,1.093692272901535,0.7288995557868616,1,0
30,4,c01,0110,0110,0000,-0.023162493482232094,-5.231058597564697,5.207896104082465,0.9771076535292105,1,0
30,5,x2,0100,0100,1111,-0.00341909471899271,-6.821754455566406,6.8183353608474135,0.9965921521072106,1,0
30,6,s20,0100,1100,1100,-0.9745660424232483,-0.4947971999645233,-0.479768842458725,0.37736018785618747,0,0
30,7,x1,0000,0000,1100,-0.001086282660253346,-7.713717460632324,7.712631177972071,0.9989391046798679,1,0
30,8,s10,0000,0000,1000,-0.22737941145896912,-1.6004540920257568,1.3730746805667877,0.7966462850879182,1,0
31,1,t012,0011,0011,0111,-1.1053681373596191,-1.907119631767273,0.8017514944076538,0.3315177700814781,1,0
31,2,t310,0011,0011,1011,-0.6942933201789856,-0.6947979927062988,0.0005046725273132324,0.49942972554852233,1,0
31,3,t320,1011,1011,0011,-0.47669216990470886,-0.9742925763130188,0.49760040640830994,0.6208444409151392,1,0
31,4,x1,1111,1111,0111,-0.002201314549893141,-6.732000350952148,6.729799036402255,0.9978140108427458,1,0
31,5,t203,1110,1110,1101,-0.04128338769078255,-3.5416414737701416,3.500358086079359,0.9595916016761485,1,0
31,6,s01,1110,1110,0110,-0.4299166798591614,-1.0731074810028076,0.6431908011436462,0.6510179022776262,1,0
31,7,t230,1110,0110,0110,-0.8265237808227539,-0.5848388075828552,-0.24168497323989868,0.4375760761648965,0,0
31,8,x0,0110,0110,1010,-0.022298302501440048,-4.786130428314209,4.763832125812769,0.989458120131248,1,0
32,1,x1,1000,1000,1110,-1.6637351512908936,-1.7940609455108643,0.1303257942199707,0.18963226524767612,1,0
32,2,x0,0000,0000,1100,-0.040402092039585114,-3.811988353729248,3.771586261689663,0.9606350422339278,1,0
32,3,s13,0000,0000,0100,-0.3175368309020996,-1.3175125122070312,0.9999756813049316,0.7279493088697492,1,0
32,4,x0,1000,1000,0000,-0.0023480539675801992,-6.7275872230529785,6.725239169085398,0.9986727062383124,1,0
32,5,s23,1000,1000,1010,-0.1464345008134842,-2.0190985202789307,1.8726640194654465,0.8638004329570922,1,0
32,6,t102,1000,1000,1010,-0.002058667130768299,-6.263101100921631,6.261042433790863,0.9979531843752538,1,0
32,7,x0,0000,0000,1100,-0.006756909191608429,-5.639342784881592,5.632585875689983,0.9932898789901643,1,0
32,8,c32,0000,0000,0010,-0.1513454169034958,-2.0263102054595947,1.874964788556099,0.8595562050263189,1,0
33,1,s02,0011,1001,1001,-2.2906551361083984,-1.8068488836288452,-0.4838062524795532,0.10133419581923107,0,0
33,2,c02,0011,0011,0000,-0.6304552555084229,-2.5518579483032227,1.9214026927947998,0.5325916579354083,1,0
33,3,t301,0011,0011,1011,-0.031963322311639786,-4.89323091506958,4.86126759275794,0.9685503594474775,1,0
33,4,s10,0011,1011,1011,-1.005903959274292,-0.8080747723579407,-0.19782918691635132,0.3657463422439743,0,0
33,5,c02,0011,0011,0001,-0.002435648115351796,-6.62937068939209,6.626935041276738,0.9975719614420937,1,0
33,6,t021,0011,0011,1011,-0.0055025299079716206,-5.478896141052246,5.4733936111442745,0.9945141433049591,1,0
33,7,x2,0001,0001,1001,-0.007004437502473593,-5.990841388702393,5.983836951199919,0.9930364733722923,1,0
33,8,c32,0011,0011,0001,-0.28426775336265564,-1.407597303390503,1.1233295500278473,0.75257129595944,1,0
34,1,s23,1100,1110,1110,-2.0500259399414062,-1.6637585163116455,-0.38626742362976074,0.12890297965589956,0,0
34,2,t013,1101,1101,1100,-0.49049821496009827,-1.2404981851577759,0.7499999701976776,0.6124726252740997,1,0
34,3,t102,1111,1111,1110,-0.3984704911708832,-2.148470401763916,1.7499999105930328,0.6714265306369585,1,0
34,4,s21,1111,1011,1011,-0.8046857714653015,-0.7335456013679504,-0.07114017009735107,0.4472401184864911,0,0
34,5,c20,0111,0111,1111,-0.47861334681510925,-0.9802912473678589,0.5016779005527496,0.6196743013210376,1,0
34,6,t012,0111,0111,0110,-0.08024797588586807,-3.0802481174468994,3.0000001415610313,0.9228942233403625,1,0
34,7,x2,0101,0101,1110,-0.07953985780477524,-3.4477591514587402,3.368219293653965,0.9235988275620364,1,0
34,8,t132,0111,0111,0101,-0.2552294135093689,-1.771151065826416,1.5159216523170471,0.7747877382610936,1,0
35,1,x2,0110,0110,0101,-1.1432716846466064,-2.5553669929504395,1.412095308303833,0.3195429797315394,1,0
35,2,t312,0110,0100,0100,-1.446558952331543,-0.43362298607826233,-1.0129359662532806,0.23542643082114284,0,0
35,3,c30,0110,1110,1110,-1.3146637678146362,-0.31531569361686707,-0.9993480741977692,0.26866702019441596,0,0
35,4,t032,0110,0110,0100,-0.007898395881056786,-5.084278583526611,5.0763801876455545,0.992135470138809,1,0
35,5,x0,1110,1110,0110,-0.04394989460706711,-3.189697742462158,3.145747847855091,0.9576487706523857,1,0
35,6,s20,1110,1110,0111,-0.638718843460083,-1.0099451541900635,0.37122631072998047,0.527972018335979,1,0
35,7,s03,0111,0111,1110,-0.5006797909736633,-0.9819779396057129,0.48129814863204956,0.6061385583388771,1,0
35,8,c02,0111,0111,0110,-0.009288867935538292,-5.509288311004639,5.4999994430691,0.9907574687745236,1,0
36,1,s20,0001,0001,1000,-2.0270843505859375,-2.4784469604492188,0.45136260986328125,0.1318723751651119,1,0
36,2,x1,0101,0101,0100,-0.04436058551073074,-5.044360637664795,5.000000052154064,0.9569081409920961,1,0
36,3,c23,0101,0100,0100,-3.3006443977355957,-0.05064423754811287,-3.250000160187483,0.03685972774864924,0,0
36,4,s32,0110,0110,0101,-0.044221241027116776,-3.3613524436950684,3.3171312026679516,0.9567587611640832,1,0
36,5,x0,1110,1110,1100,-0.007204115390777588,-6.259209632873535,6.252005517482758,0.9958968569012078,1,0
36,6,c23,1111,1111,1110,-0.04004267603158951,-3.2900426387786865,3.249999962747097,0.9607542221638655,1,0
36,7,s30,1111,1111,0111,-0.47525981068611145,-0.977981686592102,0.5027218759059906,0.6217327459619928,1,0
36,8,t132,1101,1101,1111,-0.16156195104122162,-1.9729079008102417,1.81134594976902,0.850830979238585,1,0
37,1,x2,1100,1100,1111,-1.2025539875030518,-2.615548610687256,1.412994623184204,0.30078155398099077,1,0
37,2,c03,1101,1101,0000,-0.09693881869316101,-4.205277442932129,4.108338624238968,0.9077051667971584,1,0
37,3,c31,1001,1001,1101,-0.6367427110671997,-0.7672132253646851,0.13047051429748535,0.5290239986259508,1,0
37,4,t321,1001,1001,1101,-0.5817473530769348,-0.9054288268089294,0.32368147373199463,0.5589251216894336,1,0
37,5,s21,1001,1001,1100,-0.2260516881942749,-1.6006200313568115,1.3745683431625366,0.7976785544163066,1,0
37,6,c23,1001,1001,1000,-0.38708868622779846,-1.1370887756347656,0.7500000894069672,0.6790359486596838,1,0
37,7,c31,1101,1101,1001,-0.07029175013303757,-2.6951582431793213,2.6248664930462837,0.9321274183285808,1,0
37,8,x3,1100,1100,1101,-0.00020098037202842534,-10.062700271606445,10.062499291234417,0.9998475542188938,1,0
38,1,s03,1010,0011,0011,-2.5956592559814453,-1.7072645425796509,-0.8883947134017944,0.07466837620795551,0,0
38,2,t103,1010,1010,1011,-1.3166942596435547,-1.9416942596435547,0.625,0.26838074292816777,1,0
38,3,t031,1010,1110,1110,-1.6089787483215332,-0.23726414144039154,-1.3717146068811417,0.20009763652552234,0,0
38,4,c03,1011,1011,1010,-0.001048658275976777,-8.12604808807373,8.124999429797754,0.9989590878714926,1,0
38,5,t102,1011,1011,1001,-0.22917355597019196,-1.7286009788513184,1.4994274228811264,0.7951987773596316,1,0
38,6,t013,1011,1010,1010,-0.7584875822067261,-0.6334875822067261,-0.125,0.4683778003379503,0,0
38,7,s32,1011,1011,1001,-0.45248714089393616,-1.05430006980896,0.6018129289150238,0.6360456499812491,1,0
38,8,t201,1111,1111,1011,-0.07976239174604416,-2.579041004180908,2.499278612434864,0.9233393496912442,1,0
39,1,c01,0101,0101,0000,-1.3904578685760498,-2.539793014526367,1.1493351459503174,0.24930229468496057,1,0
39,2,x0,1101,1101,0101,-0.23179732263088226,-2.6869823932647705,2.4551850706338882,0.793271612168911,1,0
39,3,t102,1111,1111,1110,-0.03304623067378998,-3.658046245574951,3.625000014901161,0.9675442376968347,1,0
39,4,c32,1101,1101,1110,-0.009382830001413822,-4.82905912399292,4.819676293991506,0.990676465932877,1,0
39,5,t230,1101,0101,0101,-1.1372400522232056,-0.38831809163093567,-0.7489219605922699,0.32071704234074805,0,0
39,6,c31,1001,1101,1101,-0.827212929725647,-0.5771504640579224,-0.2500624656677246,0.4372685476860642,0,0
39,7,x3,1000,1000,1011,-0.0006628864211961627,-7.522454738616943,7.521791852195747,0.9993628263972341,1,0
39,8,x2,1010,1010,1001,-0.0010767595376819372,-7.055809020996094,7.054732261458412,0.9989254730059289,1,0
40,1,s21,1010,1100,1100,-2.2890634536743164,-1.668797492980957,-0.6202659606933594,0.10142979616238022,0,0
40,2,s02,1010,1010,0011,-2.0041093826293945,-2.3684825897216797,0.36437320709228516,0.1348250048611317,1,0
40,3,x2,1000,1000,1010,-0.3742266595363617,-2.44671630859375,2.0724896490573883,0.6881217060938477,1,0
40,4,x3,1001,1001,1000,-0.016531869769096375,-5.016531944274902,5.000000074505806,0.9836758022670389,1,0
40,5,s10,0101,0101,1001,-0.7033185362815857,-0.9055279493331909,0.20220941305160522,0.4950006482204464,1,0
40,6,s32,0110,0110,0111,-0.9405127167701721,-2.1905126571655273,1.2499999403953552,0.39046471920122855,1,0
40,7,x2,0100,0100,0000,-0.03020428866147995,-5.553791046142578,5.523586757481098,0.9702788446430407,1,0
40,8,x3,0101,0101,0100,-0.050987761467695236,-3.550987958908081,3.500000197440386,0.9503228808004728,1,0
41,1,t013,0010,0010,0111,-1.0146087408065796,-2.4357240200042725,1.4211152791976929,0.3632438654029249,1,0
41,2,x1,0110,0110,1000,-0.12006843090057373,-3.776226282119751,3.6561578512191772,0.8869144978026114,1,0
41,3,t013,0110,0110,0111,-0.0217262115329504,-4.021726131439209,3.9999999199062586,0.9785101480871609,1,0
41,4,s30,0110,1110,1110,-1.2282464504241943,-0.6402808427810669,-0.5879656076431274,0.29281097389549254,0,0
41,5,c21,0010,0010,0110,-0.35677772760391235,-1.3181027173995972,0.9613249897956848,0.6999294634165333,1,0
41,6,c31,0010,0010,0110,-0.633109986782074,-0.7602736949920654,0.12716370820999146,0.5309407349587005,1,0
41,7,x2,0000,0000,0001,-0.0003873967216350138,-8.500386238098145,8.49999884137651,0.9996145143746873,1,0
41,8,c12,0000,0000,0010,-0.011127368547022343,-4.511096477508545,4.499969108961523,0.9889348527628445,1,0
42,1,c20,0010,1010,1010,-2.206721782684326,-1.6290855407714844,-0.5776362419128418,0.11019084341650967,0,0
42,2,c21,0110,0110,0010,-0.6568277478218079,-1.0416079759597778,0.38478022813796997,0.5185175912695537,1,0
42,3,x1,0010,0010,0100,-0.00835590623319149,-5.325974464416504,5.317618558183312,0.9917148901907704,1,0
42,4,x3,0011,0011,0111,-0.0038307260256260633,-7.352168560028076,7.34833783400245,0.9961821882877869,1,0
42,5,t310,0011,0011,1011,-0.5771728754043579,-0.8308860063552856,0.25371313095092773,0.5614875286606587,1,0
42,6,t102,0011,0011,1001,-0.005086643621325493,-6.145937919616699,6.140851275995374,0.9949384084691362,1,0
42,7,s31,0110,0110,0011,-0.05811522156000137,-3.1849968433380127,3.1268816217780113,0.943546758843553,1,0
42,8,c20,1110,1110,0110,-0.2260471135377884,-1.600975513458252,1.3749283999204636,0.7977109344313675,1,0
43,1,x3,1010,1010,1000,-0.8244990110397339,-2.7015199661254883,1.8770209550857544,0.43956172767936535,1,0
43,2,c30,1010,1010,0010,-0.9001706838607788,-1.4202558994293213,0.5200852155685425,0.4065856802040096,1,0
43,3,t201,1110,1010,1010,-1.0113524198532104,-0.5794360637664795,-0.43191635608673096,0.36373266213370914,0,0
43,4,s13,1011,1011,1110,-0.49028530716896057,-1.1485357284545898,0.6582504212856293,0.6124717481690831,1,0
43,5,t203,1010,1010,1011,-0.26903581619262695,-2.019035816192627,1.75,0.7646663455692144,1,0
43,6,x0,0010,0010,1110,-0.0748516246676445,-3.2500462532043457,3.175194628536701,0.9296912993729785,1,0
43,7,t210,0010,1010,1010,-0.8275540471076965,-0.819176435470581,-0.008377611637115479,0.43714560023362714,0,0
43,8,t210,0010,0010,1010,-0.6964491009712219,-0.7390090227127075,0.042559921741485596,0.498369927768474,1,0
44,1,s20,1111,1111,0111,-1.8523415327072144,-2.305328845977783,0.45298731327056885,0.15698092152798168,1,0
44,2,t210,0111,0111,1111,-0.6089560985565186,-1.0229127407073975,0.4139566421508789,0.5444787424200305,1,0
44,3,s01,1011,1011,0111,-0.49771440029144287,-1.808148980140686,1.3104345798492432,0.6082255818826073,1,0
44,4,c20,0011,0011,1011,-0.5918118953704834,-0.9271822571754456,0.33537036180496216,0.5533705802214357,1,0
44,5,c23,0010,0010,0011,-0.3602149784564972,-1.3602150678634644,1.0000000894069672,0.6976001721974692,1,0
44,6,s23,0001,0001,0010,-0.4006390869617462,-1.2423988580703735,0.8417597711086273,0.669895477078458,1,0
44,7,s01,0001,0001,1001,-0.44814532995224,-1.3908239603042603,0.9426786303520203,0.6388350905604018,1,0
44,8,x0,1001,1001,0001,-0.013577980920672417,-4.639110565185547,4.6255325842648745,0.9887970648723322,1,0
45,1,t203,0001,0001,0000,-0.8787286281585693,-2.6287286281585693,1.75,0.4167249277450847,1,0
45,2,x3,0000,0000,1000,-0.01168451551347971,-5.720513343811035,5.7088288282975554,0.9884279713908608,1,0
45,3,c32,0000,0000,0010,-0.1283140629529953,-2.1275923252105713,1.999278262257576,0.8795808459904907,1,0
45,4,x1,0100,0100,0000,-0.007873555645346642,-4.883399963378906,4.87552640773356,0.99216339998904,1,0
45,5,t103,0100,0100,1100,-0.0010875959414988756,-7.684777736663818,7.6836901407223195,0.9989157207392292,1,0
45,6,s02,0100,0100,1100,-0.25204649567604065,-1.5201371908187866,1.268090695142746,0.7772116953205535,1,0
45,7,t012,0100,0100,1100,-5.4835749324411154e-05,-10.921672821044922,10.921617985295597,0.9999456115212245,1,0
45,8,x3,0101,0101,0100,-0.000542878289707005,-7.625542640686035,7.624999762396328,0.9994577339233294,1,0
46,1,s20,0111,1101,1101,-2.5955541133880615,-1.8064780235290527,-0.7890760898590088,0.07465916105880692,0,0
46,2,t201,0111,0111,0000,-1.8508740663528442,-2.309248924255371,0.45837485790252686,0.1572216483896841,1,0
46,3,t120,1111,1111,0111,-0.45045900344848633,-1.3219038248062134,0.871444821357727,0.6373841336804953,1,0
46,4,t132,1101,1101,1111,-0.046543754637241364,-3.4556005001068115,3.40905674546957,0.954690761414655,1,0
46,5,x2,1111,1111,1110,-0.002276251558214426,-6.877276420593262,6.875000169035047,0.9977766537002618,1,0
46,6,x3,1110,1110,1101,-0.0010396268917247653,-7.8846435546875,7.883603927795775,0.9989904874426262,1,0
46,7,c03,1111,1111,0111,-0.0025232622865587473,-7.009742736816406,7.0072194745298475,0.9974980398811499,1,0
46,8,c21,1011,1111,1111,-0.7580935955047607,-0.6601516604423523,-0.09794193506240845,0.46856126092529754,0,0
47,1,c21,1101,1111,1111,-2.1896026134490967,-1.8786596059799194,-0.31094300746917725,0.11207975405498652,0,0
47,2,t201,1101,1001,1001,-1.2522704601287842,-0.48703858256340027,-0.7652318775653839,0.2858711851503226,0,0
47,3,t310,0101,1101,1101,-0.8753806948661804,-0.5763898491859436,-0.2989908456802368,0.4167535082418329,0,0
47,4,s31,0101,0101,0011,-0.8438529968261719,-1.414452075958252,0.5705990791320801,0.43008939390444767,1,0
47,5,c10,1101,1101,0101,-0.08936367928981781,-2.464392900466919,2.375029221177101,0.9146443336604735,1,0
47,6,c03,1100,1100,1111,-0.0171992015093565,-4.468394756317139,4.451195554807782,0.9830410287446875,1,0
47,7,x0,0100,0100,1100,-0.03931739926338196,-3.6999590396881104,3.6606416404247284,0.9662905487205946,1,0
47,8,s32,0100,0100,0110,-0.17882895469665527,-2.549438714981079,2.370609760284424,0.8362927453488136,1,0
48,1,s13,0000,0000,0100,-1.6022663116455078,-1.987168550491333,0.3849022388458252,0.20160609581212593,1,0
48,2,s13,0000,0000,0100,-0.1720949113368988,-1.9228061437606812,1.7507112324237823,0.8419146323453909,1,0
48,3,x3,0001,0001,1000,-0.0027133116964250803,-7.3377861976623535,7.335072885965928,0.9973517194096021,1,0
48,4,s13,0100,0100,0001,-0.3192961513996124,-1.3220584392547607,1.0027622878551483,0.7266696514549035,1,0
48,5,s13,0001,0001,0100,-1.0886399745941162,-1.2579145431518555,0.16927456855773926,0.3366811250435785,1,0
48,6,c31,0101,0001,0001,-1.772598385810852,-0.9712872505187988,-0.8013111352920532,0.16989784307152966,0,0
48,7,s03,1100,0101,0101,-0.8951420187950134,-0.8711994886398315,-0.023942530155181885,0.408559460035073,0,0
48,8,c32,1100,1110,1110,-0.9495819807052612,-0.7327777743339539,-0.21680420637130737,0.3869783134745585,0,0
49,1,s12,0001,0001,0100,-1.5287957191467285,-2.482456684112549,0.9536609649658203,0.21696375062757503,1,0
49,2,s20,0001,0001,1001,-0.6969519257545471,-1.2180293798446655,0.5210774540901184,0.4981215542102161,1,0
49,3,c20,0001,1001,1001,-0.8260132074356079,-0.5760887861251831,-0.2499244213104248,0.4378124294549567,0,0
49,4,t032,0001,0001,1000,-0.0015361529076471925,-7.936773300170898,7.935237147263251,0.9984700674796005,1,0
49,5,s21,0001,0001,0100,-0.36062270402908325,-1.4069387912750244,1.0463160872459412,0.6972437358132338,1,0
49,6,c21,0001,0001,0101,-0.38722044229507446,-1.1385830640792847,0.7513626217842102,0.6789441487683597,1,0
49,7,s12,0001,0001,0100,-0.22884899377822876,-1.6020818948745728,1.373232901096344,0.7954491637863441,1,0
49,8,c30,1001,0001,0001,-0.9740979671478271,-0.474102646112442,-0.49999532103538513,0.3775387825043638,0,0
50,1,t302,0100,0100,0110,-1.322066068649292,-2.5444440841674805,1.2223780155181885,0.26727791853530014,1,0
50,2,t012,0100,0100,1000,-0.04487285763025284,-5.130121231079102,5.085248373448849,0.95615230576453,1,0
50,3,c13,0101,0101,0100,-0.11924666911363602,-2.2442467212677,2.125000052154064,0.8875922992936579,1,0
50,4,c03,0101,0101,0100,-0.07983684539794922,-2.579836845397949,2.5,0.9232695353648925,1,0
50,5,x3,0100,0100,0111,-0.008565830066800117,-4.9534831047058105,4.94491727463901,0.9914882359458518,1,0
50,6,c13,0101,0101,0100,-0.038758259266614914,-3.2887580394744873,3.2499997802078724,0.9619844781179472,1,0
50,7,t201,0101,0101,0001,-0.0010489406995475292,-7.441420078277588,7.44037113757804,0.9989527234000126,1,0
50,8,x3,0100,0100,0111,-0.00023113825591281056,-10.043216705322266,10.042985567066353,0.9997808740808886,1,0
51,1,t130,1001,1001,0001,-1.3928152322769165,-2.15787410736084,0.7650588750839233,0.24873485947261648,1,0
51,2,x1,1101,1101,1100,-0.042076557874679565,-3.792076587677002,3.7500000298023224,0.9588408990042467,1,0
51,3,x0,0101,0101,1111,-0.0301806703209877,-3.9471426010131836,3.916961930692196,0.9733484107412037,1,0
51,4,c02,0101,0101,0111,-0.1059684157371521,-2.9882729053497314,2.8823044896125793,0.8994547562843187,1,0
51,5,t302,0101,0101,0111,-0.085647352039814,-2.611931324005127,2.526283971965313,0.9179238484739837,1,0
51,6,s30,1100,1100,0101,-0.31574445962905884,-1.3138067722320557,0.9980623126029968,0.7292565001679443,1,0
51,7,x1,1000,1000,1110,-0.0009549206588417292,-7.764301300048828,7.763346379389986,0.9990708845221653,1,0
51,8,c31,1000,1000,1100,-0.5232118964195251,-0.898388683795929,0.3751767873764038,0.5926173869974134,1,0
52,1,c32,1010,1000,1000,-1.7822763919830322,-1.7822704315185547,-5.9604644775390625e-06,0.1684416636811732,0,0
52,2,t312,1010,1010,1000,-0.14766843616962433,-2.6697909832000732,2.522122547030449,0.8627665545035134,1,0
52,3,x0,0010,0010,1110,-0.02066958323121071,-4.348499298095703,4.327829714864492,0.981513031222775,1,0
52,4,c12,0010,0010,0001,-0.3872162997722626,-1.6601603031158447,1.2729440033435822,0.678945090308713,1,0
52,5,c30,0010,0010,1010,-0.693276047706604,-0.6934935450553894,0.0002174973487854004,0.49995901291085876,1,0
52,6,t203,0010,0010,0011,-0.0033568732906132936,-5.753356456756592,5.7499995834659785,0.9966501087736519,1,0
52,7,x0,1010,1010,0010,-0.008353151381015778,-5.485285758972168,5.476932607591152,0.9941099247346943,1,0
52,8,t310,1010,1010,0010,-0.07953789830207825,-2.634071111679077,2.554533213376999,0.923543708705926,1,0
53,1,t021,1101,1101,1001,-1.8524105548858643,-2.4218688011169434,0.5694582462310791,0.15696583739863162,1,0
53,2,s03,1101,1101,0110,-0.7132542729377747,-0.9138288497924805,0.2005745768547058,0.49006675308386777,1,0
53,3,c31,1001,1001,1101,-0.5762417316436768,-0.8285592794418335,0.25231754779815674,0.562015955873834,1,0
53,4,t213,1001,1001,1000,-0.004558630753308535,-5.504558563232422,5.499999932479113,0.995465226212079,1,0
53,5,x1,1101,1101,1011,-0.00027916955878026783,-8.630495071411133,8.630215901852353,0.9997234421085539,1,0
53,6,t312,1111,1111,1101,-0.0019022327614948153,-6.751371383666992,6.749469150905497,0.9981076433742975,1,0
53,7,t321,1011,1011,1111,-0.47413527965545654,-0.9746789336204529,0.5005436539649963,0.6224283298331567,1,0
53,8,c23,1010,1010,1011,-0.0007649785839021206,-8.000764846801758,7.999999868217856,0.9992385580353048,1,0
54,1,x1,0001,0001,0111,-1.4501054286956787,-2.1491589546203613,0.6990535259246826,0.23484797917263714,1,0
54,2,s21,0001,0001,0100,-0.4957159757614136,-1.1017097234725952,0.6059937477111816,0.6091477427788399,1,0
54,3,c20,0001,1001,1001,-0.9745369553565979,-0.4743756949901581,-0.5001612603664398,0.37737755951258534,0,0
54,4,x2,0011,0011,0001,-0.0015709205763414502,-7.724992275238037,7.723421354661696,0.9984357194335137,1,0
54,5,x3,0010,0010,1010,-0.0010344358161091805,-8.464326858520508,8.463292422704399,0.9989928719721163,1,0
54,6,t103,0010,0010,0011,-0.0021416819654405117,-7.00214147567749,6.99999979371205,0.9978650415241987,1,0
54,7,x0,1010,1010,0010,-0.03494444116950035,-5.311243057250977,5.276298616081476,0.9947207552539791,1,0
54,8,s12,1100,1010,1010,-0.8276851773262024,-0.689487099647522,-0.13819807767868042,0.43706019888109904,0,0
55,1,x1,0111,0111,0000,-1.534245491027832,-2.1611571311950684,0.6269116401672363,0.2159771592652771,1,0
55,2,x1,0011,0011,1000,-0.2597086429595947,-3.128767967224121,2.8690593242645264,0.7713601669216248,1,0
55,3,x3,0010,0010,1000,-0.0014505430590361357,-8.426486015319824,8.425035472260788,0.9985691364317798,1,0
55,4,x1,0110,0110,0010,-0.0013022663770243526,-6.9167256355285645,6.91542336915154,0.9987013127503679,1,0
55,5,c31,0110,0010,0010,-1.2239654064178467,-0.35159868001937866,-0.872366726398468,0.2940628732707916,0,0
55,6,c30,0110,1110,1110,-1.8049471378326416,-0.18004578351974487,-1.6249013543128967,0.16449494790263652,0,0
55,7,x3,0111,0111,0011,-0.00014507336891256273,-9.913768768310547,9.913623694941634,0.9998554739829926,1,0
55,8,s10,1011,1011,0111,-0.22918032109737396,-1.6024225950241089,1.373242273926735,0.7953836136999649,1,0
56,1,x0,1101,1101,0101,-1.2231730222702026,-2.600745916366577,1.3775728940963745,0.2946481534765262,1,0
56,2,t201,1101,1001,1001,-1.3207411766052246,-0.4425834119319916,-0.878157764673233,0.26695654763596083,0,0
56,3,c21,1101,1101,1001,-0.6816167235374451,-0.8582212924957275,0.17660456895828247,0.5058132425284139,1,0
56,4,x1,1001,1001,1111,-0.0001295763795496896,-9.835936546325684,9.835806969946134,0.9999044432913533,1,0
56,5,c10,1001,1001,0001,-0.1604696810245514,-1.9127483367919922,1.7522786557674408,0.8517498949687818,1,0
56,6,c30,0001,1001,1001,-0.8262150287628174,-0.5759923458099365,-0.25022268295288086,0.4377217032786909,0,0
56,7,t320,0001,0001,1001,-0.38690847158432007,-1.1369482278823853,0.7500397562980652,0.6791571474290292,1,0
56,8,c10,0001,1001,1001,-0.8259798288345337,-0.5759996175765991,-0.24998021125793457,0.43782021242982105,0,0
57,1,t210,1010,1010,0010,-1.5276336669921875,-2.5354971885681152,1.0078635215759277,0.21739468346447602,1,0
57,2,s01,0110,1010,1010,-0.7915428280830383,-0.6965755820274353,-0.09496724605560303,0.45320937867476707,0,0
57,3,t301,0110,0110,1010,-0.005443294532597065,-7.115824222564697,7.1103809280321,0.9945753616151622,1,0
57,4,x0,1110,1110,0110,-0.045155253261327744,-3.4755706787109375,3.4304154254496098,0.9626239947310812,1,0
57,5,t312,1110,1100,1100,-2.4690101146698,-0.08947458118200302,-2.379535533487797,0.08467023100089725,0,0
57,6,t203,1111,1111,1110,-0.005261994898319244,-5.5052618980407715,5.499999903142452,0.9947879549186598,1,0
57,7,t210,0111,0111,1111,-0.20173482596874237,-1.7015653848648071,1.4998305588960648,0.8173798495779344,1,0
57,8,x2,0101,0101,1101,-0.0026782939676195383,-6.073599338531494,6.070921044563875,0.9973292027793563,1,0
58,1,x2,1001,1001,1000,-1.4846463203430176,-2.1096463203430176,0.625,0.22690661144878183,1,0
58,2,t120,1001,1001,0001,-0.34464031457901,-2.326751708984375,1.982111394405365,0.7085031927705254,1,0
58,3,s31,1100,1100,1001,-0.274109423160553,-1.6532174348831177,1.3791080117225647,0.760254525506617,1,0
58,4,s31,1001,1100,1100,-1.1481573581695557,-0.9204038381576538,-0.22775352001190186,0.3172225186706463,0,0
58,5,x1,1101,1101,1100,-0.2189149111509323,-1.7189148664474487,1.4999999552965164,0.8033980134821278,1,0
58,6,x1,1001,1001,1111,-0.0240413099527359,-4.7109503746032715,4.686909064650536,0.9762597044607624,1,0
58,7,t312,1001,1001,1011,-0.5805010795593262,-0.8380832076072693,0.2575821280479431,0.5596732673464837,1,0
58,8,x2,1011,1011,1000,-0.000722752301953733,-7.738413333892822,7.7376905815908685,0.9992846296049931,1,0
59,1,c12,0101,0101,0110,-1.4460196495056152,-1.9379947185516357,0.4919750690460205,0.23591389007357072,1,0
59,2,s02,0101,0101,1001,-0.8076273202896118,-1.598994493484497,0.7913671731948853,0.44595581502581,1,0
59,3,s21,0011,0101,0101,-0.8816784620285034,-0.7583513855934143,-0.12332707643508911,0.41408991742974505,0,0
59,4,c30,1011,1011,0011,-0.4639109969139099,-1.1623011827468872,0.6983901858329773,0.6288854883778713,1,0
59,5,s21,1101,1101,1011,-0.939333438873291,-1.5676275491714478,0.6282941102981567,0.39089366741170106,1,0
59,6,s31,1101,1101,1001,-1.506933331489563,-2.0487236976623535,0.5417903661727905,0.22160927820836507,1,0
59,7,c31,1001,1001,1101,-0.8034467697143555,-1.005201816558838,0.20175504684448242,0.4477907694626695,1,0
59,8,s01,0101,1001,1001,-1.0052978992462158,-0.8352125287055969,-0.1700853705406189,0.36595704193002443,0,0
60,1,s20,1101,0111,0111,-2.720447540283203,-1.7784312963485718,-0.9420162439346313,0.06588693129408874,0,0
60,2,c20,1101,0000,0000,-2.7022500038146973,-2.4787850379943848,-0.2234649658203125,0.06711298762419134,0,0
60,3,x1,1001,1001,1111,-0.14438879489898682,-2.969667434692383,2.825278639793396,0.8656640543512139,1,0
60,4,x1,1101,1101,1011,-0.0077116833999753,-5.0240983963012695,5.016386712901294,0.9923252822575274,1,0
60,5,c31,1001,1001,1101,-0.5284907817840576,-0.9010924100875854,0.37260162830352783,0.5895033771006049,1,0
60,6,s32,1010,1010,1001,-0.4450521469116211,-1.075861930847168,0.6308097839355469,0.6408060039266503,1,0
60,7,s32,1001,1010,1010,-2.64323091506958,-0.5421094298362732,-2.101121485233307,0.07113318470535547,0,0
60,8,t013,1001,1001,1000,-0.27291417121887207,-1.522914171218872,1.25,0.7611927130439392,1,0
61,1,s02,1110,1110,0110,-1.9398956298828125,-2.28210711479187,0.3422114849090576,0.14387306823678633,1,0
61,2,c03,1111,1111,0000,-0.14133194088935852,-3.8559136390686035,3.714581698179245,0.8684263673712764,1,0
61,3,c31,1011,1111,1111,-0.9017021656036377,-0.5565615296363831,-0.34514063596725464,0.4060254020396401,0,0
61,4,t321,1111,1111,1110,-0.5941911935806274,-0.9691911935806274,0.375,0.5520103919492488,1,0
61,5,c03,1110,1110,0110,-0.004006891045719385,-7.122084617614746,7.118077726569027,0.9962047894862723,1,0
61,6,s02,1110,1110,0111,-0.3504659831523895,-1.65334153175354,1.3028755486011505,0.704371972919127,1,0
61,7,s23,1101,1110,1110,-0.9346799850463867,-0.8392963409423828,-0.0953836441040039,0.39271792569122715,0,0
61,8,s12,1011,1101,1101,-1.6247713565826416,-0.2950945198535919,-1.3296768367290497,0.19695737755902817,0,0
62,1,t230,1001,1001,0001,-1.3860929012298584,-2.320530414581299,0.9344375133514404,0.2504043266736271,1,0
62,2,x0,0001,0001,1101,-0.012147368863224983,-4.60110330581665,4.588955936953425,0.9886391008320646,1,0
62,3,x0,1001,1001,1000,-0.003654593601822853,-7.003654479980469,6.999999886378646,0.9990029685357918,1,0
62,4,t021,1001,1101,1101,-1.3141926527023315,-0.3156697154045105,-0.998522937297821,0.2686955914233468,0,0
62,5,t132,1001,1001,1011,-0.47429096698760986,-0.9794890880584717,0.5051981210708618,0.6223308678907441,1,0
62,6,t103,1001,1001,1000,-0.0008635849226266146,-7.125863552093506,7.124999967170879,0.9991421452426629,1,0
62,7,x1,1101,1101,1011,-8.368297858396545e-05,-9.755327224731445,9.755243541752861,0.9999177697654749,1,0
62,8,x0,0101,0101,1101,-0.019802289083600044,-4.240872859954834,4.221070570871234,0.9848994946135702,1,0
63,1,s12,0001,0001,0101,-1.478173851966858,-2.3651809692382812,0.8870071172714233,0.22821916205452883,1,0
63,2,x1,0101,0101,1000,-0.04973657801747322,-4.812277793884277,4.762541215866804,0.9516056371100344,1,0
63,3,t301,0101,0101,0001,-0.013008824549615383,-5.642642021179199,5.629633196629584,0.9870799427418879,1,0
63,4,t231,0101,0101,0001,-0.1807333528995514,-1.8097681999206543,1.629034847021103,0.8346599516773479,1,0
63,5,t301,0101,0101,1101,-0.01108826044946909,-4.69093656539917,4.679848304949701,0.9889744652640242,1,0
63,6,x3,0100,0100,1100,-0.0005476989899761975,-8.982181549072266,8.98163385008229,0.9995438385807985,1,0
63,7,t321,0100,0100,0000,-0.0028957242611795664,-6.826504707336426,6.823608983075246,0.9971113530507726,1,0
63,8,c20,0100,1100,1100,-2.1269924640655518,-0.12703920900821686,-1.999953255057335,0.11919756926440639,0,0
64,1,s10,0000,0000,1000,-1.27626371383667,-2.450387477874756,1.174123764038086,0.27970203936058075,1,0
64,2,s03,0000,0000,1000,-0.39088454842567444,-1.1498976945877075,0.7590131461620331,0.6765070970345286,1,0
64,3,s30,0000,0000,1000,-0.3870127201080322,-1.137026071548462,0.7500133514404297,0.6791142847729765,1,0
64,4,c01,0000,0000,0100,-0.00035545247374102473,-8.822210311889648,8.821854859415907,0.9996502434975894,1,0
64,5,c03,0000,0000,1000,-0.0010600440436974168,-7.728799343109131,7.727739299065433,0.9989613887024237,1,0
64,6,c30,0000,0000,1000,-0.1602567881345749,-1.9102542400360107,1.7499974519014359,0.8519318491974949,1,0
64,7,t031,0000,0000,1000,-0.00020788003166671842,-8.598684310913086,8.59847643088142,0.9997934812731298,1,0
64,8,t013,0000,0000,1000,-0.002491501858457923,-6.268878936767578,6.26638743490912,0.9975135815992785,1,0
65,1,s23,1010,1001,1001,-1.667794942855835,-1.5938374996185303,-0.07395744323730469,0.18897070882026556,0,0
65,2,t203,1011,1010,1010,-1.1411621570587158,-1.1411621570587158,0.0,0.3197997629240111,0,1
65,3,x1,1111,1111,1001,-0.07911720126867294,-3.7467875480651855,3.6676703467965126,0.924026034968211,1,0
65,4,t321,1011,1011,1111,-0.6363797783851624,-0.7883157730102539,0.15193599462509155,0.5292117255982502,1,0
65,5,s32,1011,1011,1001,-0.49618586897850037,-1.5534336566925049,1.0572477877140045,0.608867337529487,1,0
65,6,c12,1011,1001,1001,-0.7879099249839783,-0.6575236320495605,-0.13038629293441772,0.4548019750206172,0,0
65,7,c12,1011,1011,1001,-0.2891990840435028,-1.4235315322875977,1.1343324482440948,0.7488667757228807,1,0
65,8,x0,0011,0011,1011,-0.01489680539816618,-4.788502216339111,4.773605410940945,0.9858589535203612,1,0
66,1,x0,1010,1010,0010,-1.3755582571029663,-2.453659772872925,1.0781015157699585,0.25306840898623806,1,0
66,2,t120,1010,1010,0010,-0.5951715707778931,-0.9415807723999023,0.3464092016220093,0.5514889258575135,1,0
66,3,s32,1001,1001,1010,-0.3850601315498352,-1.3690893650054932,0.984029233455658,0.6804141814700705,1,0
66,4,c21,1001,1001,1101,-0.5346291661262512,-0.9684743881225586,0.4338452219963074,0.5858945792609032,1,0
66,5,x2,1011,1011,1010,-0.0014502451522275805,-6.626450061798096,6.624999816645868,0.9985574289268034,1,0
66,6,s02,1011,1011,0111,-0.745755136013031,-0.8313669562339783,0.08561182022094727,0.47437932972370245,1,0
66,7,t310,1011,1011,0011,-0.023425420746207237,-3.7733311653137207,3.7499057445675135,0.9768478869690089,1,0
66,8,t301,1111,1111,1011,-0.11333906650543213,-2.2381248474121094,2.1247857809066772,0.8928495878761293,1,0
67,1,s30,1010,0011,0011,-2.5546624660491943,-1.8402230739593506,-0.7144393920898438,0.07780394574787229,0,0
67,2,t120,1010,1010,0000,-1.621840000152588,-2.5352487564086914,0.9134087562561035,0.19768091545603422,1,0
67,3,c13,1010,1011,1011,-1.4278086423873901,-0.3028087317943573,-1.1249999105930328,0.23984540407247998,0,0
67,4,x3,1011,1011,1010,-0.0006180423079058528,-8.250617980957031,8.249999938649125,0.9993910990666667,1,0
67,5,c03,1010,1010,1011,-0.0023616759572178125,-6.50236177444458,6.500000098487362,0.997665951724538,1,0
67,6,s30,0011,1010,1010,-1.435884952545166,-0.38760504126548767,-1.0482799112796783,0.2379064013147165,0,0
67,7,x0,1011,1011,1010,-0.05157797038555145,-3.1765780448913574,3.125000074505806,0.9516283764196274,1,0
67,8,c20,0011,0011,1011,-0.3578757047653198,-1.335162878036499,0.9772871732711792,0.6991717971418309,1,0
68,1,t023,0101,0101,0100,-1.3665475845336914,-2.6165475845336914,1.25,0.25575532757303826,1,0
68,2,x1,0001,0001,1000,-0.06434185057878494,-4.487180233001709,4.422838382422924,0.937787097992323,1,0
68,3,x1,0101,0101,0011,-0.03993051499128342,-3.2993547916412354,3.259424276649952,0.9608646604773362,1,0
68,4,s21,0011,0011,0101,-0.9160406589508057,-1.1406071186065674,0.22456645965576172,0.4001005174451381,1,0
68,5,c23,0010,0010,0011,-0.04003780707716942,-3.5400378704071045,3.500000063329935,0.9607640257934333,1,0
68,6,s12,0100,0010,0010,-0.7729519605636597,-0.6660690307617188,-0.10688292980194092,0.4616498024418104,0,0
68,7,t213,0100,0100,0101,-0.06194579601287842,-3.061945676803589,2.9999998807907104,0.9399738173284053,1,0
68,8,t013,0100,0100,0101,-0.0005477116792462766,-8.250547409057617,8.249999697378371,0.9994532386218593,1,0
69,1,s20,1101,0111,0111,-2.6600005626678467,-1.7279057502746582,-0.9320948123931885,0.06999951089068239,0,0
69,2,c30,0101,0000,0000,-2.62656569480896,-2.418490409851074,-0.20807528495788574,0.0724063274240344,0,0
69,3,x1,0001,0001,0111,-0.3373635411262512,-1.8202223777770996,1.4828588366508484,0.7136971526026911,1,0
69,4,c13,0001,0001,0000,-0.1711731255054474,-2.546173095703125,2.3749999701976776,0.8427040099485896,1,0
69,5,c01,0001,0001,0101,-0.0019300892017781734,-6.880634307861328,6.87870421865955,0.9980757222242387,1,0
69,6,x3,0000,0000,1000,-0.0003734249621629715,-9.215182304382324,9.214808879420161,0.9996362707938125,1,0
69,7,s03,0000,0000,1000,-0.5761345028877258,-0.8263362646102905,0.2502017617225647,0.5620693913879156,1,0
69,8,x0,1000,1000,0000,-0.010049923323094845,-4.8850998878479,4.8750499645248055,0.992405136046362,1,0
70,1,x1,0100,0100,0010,-1.3886582851409912,-2.0575900077819824,0.6689317226409912,0.24981720170627478,1,0
70,2,t230,0100,0100,1100,-0.7798920273780823,-1.4490783214569092,0.6691862940788269,0.4585036739647651,1,0
70,3,x2,0110,0110,0101,-0.008265445940196514,-6.531308174133301,6.523042728193104,0.991776093039345,1,0
70,4,c23,0111,0111,0110,-0.09038214385509491,-2.5903820991516113,2.4999999552965164,0.9135889076434837,1,0
70,5,t013,0111,0111,0110,-0.025408977642655373,-3.775408983230591,3.7500000055879354,0.9749147615875277,1,0
70,6,t312,0101,0101,0111,-0.07145509868860245,-2.716766595840454,2.6453114971518517,0.9310468290082956,1,0
70,7,s02,0101,1100,1100,-1.060166597366333,-0.5060421228408813,-0.5541244745254517,0.3464051224141003,0,0
70,8,s12,0011,0101,0101,-0.7701416611671448,-0.7328102588653564,-0.03733140230178833,0.4629476204654949,0,0
71,1,s10,1111,1111,0111,-1.7010526657104492,-2.0746123790740967,0.37355971336364746,0.18271855982593044,1,0
71,2,x2,1101,1101,0000,-0.1395529955625534,-4.026666641235352,3.887113645672798,0.8701666241152666,1,0
71,3,t013,1100,1100,1101,-0.1856703907251358,-1.8106704950332642,1.6250001043081284,0.8305569128362269,1,0
71,4,c32,1100,1100,1110,-0.10388103127479553,-2.5817980766296387,2.477917045354843,0.9013594252144081,1,0
71,5,t023,1100,1100,1101,-0.07008092105388641,-2.6950807571411133,2.624999836087227,0.932323452493964,1,0
71,6,c32,1100,1100,1110,-0.39363300800323486,-1.1369433403015137,0.7433103322982788,0.6746076091665865,1,0
71,7,s10,1100,1100,0110,-0.3502335846424103,-1.7481255531311035,1.3978919684886932,0.7045595479030557,1,0
71,8,s01,1100,1100,0100,-0.41338416934013367,-1.1478911638259888,0.7345069944858551,0.6615396926150806,1,0
72,1,t132,0101,0111,0111,-2.0139060020446777,-1.674710988998413,-0.33919501304626465,0.1336765825736975,0,0
72,2,c21,0101,0001,0001,-1.075697660446167,-0.6431283950805664,-0.4325692653656006,0.34107680903025617,0,0
72,3,s02,0101,1100,1100,-0.9908857941627502,-0.599016010761261,-0.39186978340148926,0.37126108313210415,0,0
72,4,c13,0100,0100,0101,-0.10548236966133118,-2.355482339859009,2.2499999701976776,0.8998979966020793,1,0
72,5,x3,0101,0101,1100,-0.0003845288883894682,-9.796713829040527,9.796329300152138,0.9996205478885356,1,0
72,6,t102,0101,0101,0111,-0.0454273484647274,-3.3126723766326904,3.267245028167963,0.9555920400693775,1,0
72,7,s30,1100,1100,0101,-0.41034334897994995,-1.137575387954712,0.727232038974762,0.6634318598786747,1,0
72,8,x1,1000,1000,1100,-0.00039752962766215205,-8.480910301208496,8.480512771580834,0.9996104088990951,1,0
73,1,x0,1100,1100,1000,-1.8210923671722412,-2.670017719268799,0.8489253520965576,0.1621463905768144,1,0
73,2,c21,1100,1100,1000,-0.8035735487937927,-1.8149709701538086,1.0113974213600159,0.44781180109043073,1,0
73,3,x1,1000,1000,0000,-0.000987097853794694,-9.03547191619873,9.034484818344936,0.9991087273970486,1,0
73,4,x0,0000,0000,1000,-0.044352103024721146,-3.6005916595458984,3.5562395565211773,0.9568572348006039,1,0
73,5,s21,0000,0000,0100,-0.013070851564407349,-4.387884140014648,4.374813288450241,0.9870151223170497,1,0
73,6,c32,0000,0000,0010,-0.03013143315911293,-3.5304393768310547,3.5003079436719418,0.9703212948504442,1,0
73,7,x3,0001,0001,1000,-0.00023041051463223994,-9.221640586853027,9.221410176338395,0.9997706707262963,1,0
73,8,s13,0100,0100,0001,-0.3879813551902771,-1.139384388923645,0.7514030337333679,0.6784357530543715,1,0
74,1,c01,0000,0000,0100,-0.745191752910614,-2.831540584564209,2.086348831653595,0.4752634133876921,1,0
74,2,c13,0000,0000,0001,-0.10877805948257446,-2.4837779998779297,2.3749999403953552,0.8969608880994807,1,0
74,3,s32,0000,0000,0010,-0.0598602257668972,-2.9331889152526855,2.8733286894857883,0.9418984808751535,1,0
74,4,t203,0000,0000,0001,-0.0030314819887280464,-6.5030317306518555,6.500000248663127,0.9969845681406105,1,0
74,5,c01,0000,0000,1000,-0.0003678223874885589,-8.093457221984863,8.093089399597375,0.9996353592289855,1,0
74,6,x2,0010,0010,1000,-0.001163748325780034,-7.024079322814941,7.022915574489161,0.9988484633032625,1,0
74,7,x3,0011,0011,0010,-0.004317267797887325,-5.754317283630371,5.750000015832484,0.9956952772732998,1,0
74,8,t302,0011,0011,0001,-0.008574526757001877,-5.7593278884887695,5.750753361731768,0.9914638706591877,1,0
75,1,x3,1100,1100,1111,-0.9360870718955994,-2.004943370819092,1.0688562989234924,0.39297369242232727,1,0
75,2,c32,1100,1100,1110,-0.30474403500556946,-1.662091612815857,1.3573475778102875,0.7373571759613641,1,0
75,3,x0,0100,0100,0101,-0.026560304686427116,-4.651560306549072,4.625000001862645,0.9813708401857728,1,0
75,4,s23,0100,0100,0110,-0.1335299015045166,-2.7579784393310547,2.624448537826538,0.8750053030864277,1,0
75,5,c12,0110,0110,0100,-0.5764353275299072,-0.82628333568573,0.24984800815582275,0.5619001506540031,1,0
75,6,c20,1110,1110,0110,-0.3951980769634247,-1.138993263244629,0.7437951862812042,0.673589316860257,1,0
75,7,s31,1011,1011,1110,-0.36189714074134827,-1.2283589839935303,0.866461843252182,0.696355775215806,1,0
75,8,x2,1001,1001,1000,-0.0013461103662848473,-7.376346111297607,7.375000000931323,0.9986604270965687,1,0
76,1,t213,1000,1000,1001,-0.9024785757064819,-1.652478575706482,0.75,0.4073345746864192,1,0
76,2,t203,1000,1000,1001,-0.019396062940359116,-4.3943963050842285,4.375000242143869,0.9808960027586565,1,0
76,3,s23,1000,1000,1010,-0.01928650587797165,-4.018640518188477,3.999354012310505,0.9809035566839477,1,0
76,4,s10,0100,0100,1000,-0.6986953020095825,-0.7577241659164429,0.05902886390686035,0.4972778657318568,1,0
76,5,x3,0101,0101,1101,-0.008592537604272366,-5.91803503036499,5.909442492760718,0.9914637613236471,1,0
76,6,c21,0101,0001,0001,-1.2354530096054077,-0.6626342535018921,-0.5728187561035156,0.29070415301023006,0,0
76,7,s12,0011,0101,0101,-0.8577257990837097,-0.5807734131813049,-0.2769523859024048,0.4241256149085445,0,0
76,8,x3,0010,0010,0011,-0.0023295788560062647,-7.252329349517822,7.249999770661816,0.9977216827922146,1,0
77,1,s21,0001,0001,0100,-1.5656954050064087,-2.3486440181732178,0.7829486131668091,0.20918579471647689,1,0
77,2,s02,0001,0001,1000,-0.48209717869758606,-1.1711324453353882,0.6890352666378021,0.6175340810225246,1,0
77,3,t132,0001,0001,0011,-0.2572396993637085,-1.5232213735580444,1.265981674194336,0.773191832081266,1,0
77,4,t302,0001,0001,0011,-0.003888442413881421,-6.886489391326904,6.882600948913023,0.9961297477053941,1,0
77,5,t203,0001,0001,1000,-0.001393792568705976,-7.539662837982178,7.538269045413472,0.9986195239297594,1,0
77,6,c23,0001,0000,0000,-1.6010301113128662,-0.2260301262140274,-1.3749999850988388,0.20168925272617944,0,0
77,7,x3,0000,0000,1000,-9.858293924480677e-05,-9.770269393920898,9.770170810981654,0.9999195593047823,1,0
77,8,c01,0000,0000,0001,-0.0005317229661159217,-8.000531196594238,7.999999473628122,0.9994695578560466,1,0
78,1,t023,1000,1000,1001,-1.2744442224502563,-1.6494441032409668,0.37499988079071045,0.28064115018509367,1,0
78,2,c21,1000,1000,1100,-0.084102563560009,-3.454720973968506,3.370618410408497,0.91943354265653,1,0
78,3,t302,1000,1000,1010,-0.04338078200817108,-3.1700475215911865,3.1266667395830154,0.9575654686201758,1,0
78,4,x2,1010,1010,1001,-0.0002668915840331465,-8.906386375427246,8.906119483843213,0.999739669539727,1,0
78,5,s31,1010,1010,1110,-0.351091206073761,-1.856462001800537,1.5053707957267761,0.7039226000733967,1,0
78,6,c03,1011,1011,1010,-0.001674816245213151,-6.626674652099609,6.624999835854396,0.9983319430302027,1,0
78,7,s31,1110,1110,1011,-0.5107226371765137,-1.5107150077819824,0.9999923706054688,0.6000664445007863,1,0
78,8,t230,1110,1110,0110,-0.3884064257144928,-1.487287163734436,1.0988807380199432,0.6781620664509769,1,0
79,1,c30,1101,0101,0101,-1.5342260599136353,-1.5219223499298096,-0.012303709983825684,0.21589243095798316,0,0
79,2,c01,1001,1001,0101,-0.13240018486976624,-3.046342372894287,2.913942188024521,0.8761158087339965,1,0
79,3,c23,1001,1001,1000,-0.25645512342453003,-1.5064551830291748,1.2500000596046448,0.7738121208323318,1,0
79,4,s02,0011,1001,1001,-0.763839066028595,-0.6933732032775879,-0.07046586275100708,0.46587799712704264,0,0
79,5,x1,0111,0111,0011,-0.009119284339249134,-4.769639015197754,4.760519730858505,0.9909550406321054,1,0
79,6,c02,0111,0111,1110,-0.0018278289353474975,-7.430721282958984,7.428893454023637,0.9981746104140932,1,0
79,7,t130,1111,1111,0111,-0.4743131399154663,-0.9742499589920044,0.4999368190765381,0.6223173758597336,1,0
79,8,c01,1011,1011,0111,-0.002408441621810198,-6.253020763397217,6.250612321775407,0.9976028122927656,1,0
80,1,x3,1110,1110,1100,-0.8820517063140869,-2.512362241744995,1.6303105354309082,0.414748109206926,1,0
80,2,c20,0110,0110,1110,-0.5056639909744263,-1.111944556236267,0.6062805652618408,0.6037392151994229,1,0
80,3,x2,0100,0100,0000,-0.009137568064033985,-6.481913089752197,6.472775521688163,0.9909097516650233,1,0
80,4,t031,0100,0100,0000,-0.002268122974783182,-7.669486045837402,7.667217922862619,0.9977356174284365,1,0
80,5,s30,0100,1100,1100,-1.137086033821106,-0.4030574858188629,-0.734028548002243,0.32075420278037514,0,0
80,6,s20,0100,1100,1100,-0.9772986769676208,-0.6343511939048767,-0.34294748306274414,0.3763275172990535,0,0
80,7,t320,0100,0100,1100,-0.1602427214384079,-1.9104307889938354,1.7501880675554276,0.8519376641741466,1,0
80,8,c32,0100,0100,0110,-0.34987515211105347,-1.2238633632659912,0.8739882111549377,0.7047776929171088,1,0
81,1,c12,1001,1011,1011,-1.501821517944336,-1.3987715244293213,-0.10304999351501465,0.22305746923176145,0,0
81,2,s10,0101,1001,1001,-0.8451199531555176,-0.5821313261985779,-0.2629886269569397,0.4295169983028043,0,0
81,3,s13,0101,0101,0001,-0.8106099367141724,-1.2044868469238281,0.39387691020965576,0.4445951534109447,1,0
81,4,x1,0001,0001,0111,-0.0038225501775741577,-7.6366167068481445,7.63279415667057,0.9987451448147691,1,0
81,5,c30,1001,1001,0001,-0.38713356852531433,-1.1370892524719238,0.7499556839466095,0.679014029268498,1,0
81,6,x3,1000,1000,1011,-0.002216713735833764,-6.2754340171813965,6.273217303445563,0.9978346753659308,1,0
81,7,s31,1000,1000,1100,-0.1288902461528778,-2.1288650035858154,1.9999747574329376,0.8790753675402684,1,0
81,8,s01,0100,0100,1000,-0.313486784696579,-1.3430460691452026,1.0295592844486237,0.7309112275358054,1,0
82,1,c23,1001,1000,1000,-1.3511433601379395,-1.3511433601379395,0.0,0.25989900363209617,0,1
82,2,t021,1001,1101,1101,-1.723191738128662,-0.2628836929798126,-1.4603080451488495,0.17850062149122986,0,0
82,3,s21,1001,1001,1100,-0.3512091040611267,-1.2257834672927856,0.8745743632316589,0.7038407746325394,1,0
82,4,s10,0101,1001,1001,-0.7296288013458252,-0.6931811571121216,-0.03644764423370361,0.482099057519975,0,0
82,5,c02,0101,0101,0111,-0.08128183335065842,-2.5931646823883057,2.5118828490376472,0.9219364930324777,1,0
82,6,s31,0101,0001,0001,-1.072156548500061,-0.8337986469268799,-0.23835790157318115,0.342278290076773,0,0
82,7,t012,0101,0101,0111,-0.0006755515933036804,-8.09965705871582,8.098981507122517,0.99932656747647,1,0
82,8,c31,0001,0001,0101,-0.23236845433712006,-1.6007755994796753,1.3684071451425552,0.7926683307930313,1,0
83,1,t103,1101,1101,1100,-1.2425336837768555,-1.4925336837768555,0.25,0.2891397527888136,1,0
83,2,s32,1110,1110,1111,-1.2131562232971191,-1.7131562232971191,0.5,0.29736629503181145,1,0
83,3,s01,1110,1110,0111,-0.9157425761222839,-1.3521029949188232,0.4363604187965393,0.4003236186188561,1,0
83,4,x2,1100,1100,1111,-0.03755943104624748,-4.159868240356445,4.122308809310198,0.963167584418717,1,0
83,5,s20,0110,1100,1100,-1.096386194229126,-0.725655198097229,-0.370730996131897,0.33408898345035737,0,0
83,6,s10,1010,1010,0110,-0.47975867986679077,-1.742953896522522,1.2631952166557312,0.6190469595848711,1,0
83,7,s01,0110,0110,1010,-0.8901063203811646,-1.3045636415481567,0.4144573211669922,0.4106281342153834,1,0
83,8,t120,1110,1110,0110,-0.5156028270721436,-0.9781567454338074,0.4625539183616638,0.5971514784456311,1,0
84,1,x2,0000,0000,0011,-1.2218098640441895,-2.3275301456451416,1.1057202816009521,0.29510447432283665,1,0
84,2,c01,0000,0000,0100,-0.09947233647108078,-3.4953885078430176,3.395916171371937,0.9053473719076145,1,0
84,3,c30,0000,0000,1000,-0.16024655103683472,-1.9102925062179565,1.7500459551811218,0.8519381799308762,1,0
84,4,c31,0000,0000,0100,-0.04903770610690117,-3.0490288734436035,2.9999911673367023,0.9521533529319126,1,0
84,5,c12,0000,0000,0010,-0.0007772290264256299,-7.250801086425781,7.250023857399356,0.9992263639395227,1,0
84,6,c31,0000,0000,0100,-0.055045951157808304,-2.930044651031494,2.874998699873686,0.9464452038747949,1,0
84,7,c23,0000,0000,0001,-0.16038644313812256,-1.9103864431381226,1.75,0.8518156631961743,1,0
84,8,t201,0000,0000,1000,-9.941817552316934e-05,-9.783764839172363,9.78366542099684,0.9999012234462007,1,0
85,1,x2,1001,1001,1000,-1.5451855659484863,-1.9201855659484863,0.375,0.21354734505015158,1,0
85,2,c12,1001,1001,1011,-0.8953314423561096,-0.9078559279441833,0.01252448558807373,0.4084915056004114,1,0
85,3,s32,1010,1010,1001,-0.3521827757358551,-1.3842295408248901,1.032046765089035,0.7031562118756317,1,0
85,4,t310,1010,1010,0010,-0.03189112991094589,-4.5132670402526855,4.48137591034174,0.9686249002992368,1,0
85,5,c21,1110,1110,1010,-0.2007218301296234,-1.8079845905303955,1.607262760400772,0.8181430546776651,1,0
85,6,x0,0110,0110,1110,-0.03106098249554634,-3.76672101020813,3.7356600277125835,0.9709800277200796,1,0
85,7,x3,0111,0111,0011,-0.0032047880813479424,-7.609774112701416,7.606569324620068,0.996808203017998,1,0
85,8,x1,0011,0011,1111,-0.010870056226849556,-5.768332481384277,5.757462425157428,0.9892495247732386,1,0
86,1,t301,1000,1000,1100,-1.3638551235198975,-2.186596393585205,0.8227412700653076,0.25613023353166126,1,0
86,2,x1,1100,1100,1010,-0.003299265867099166,-7.210740566253662,7.207441300386563,0.9967212917894048,1,0
86,3,c32,1100,1110,1110,-2.0391414165496826,-0.14383000135421753,-1.895311415195465,0.13014186395997557,0,0
86,4,c12,1110,1110,1100,-0.16061899065971375,-1.913535475730896,1.7529164850711823,0.8516192782906148,1,0
86,5,c21,1010,1110,1110,-1.0811071395874023,-0.7020371556282043,-0.379069983959198,0.33922135095649497,0,0
86,6,x1,1110,1110,1000,-0.007401315961033106,-5.006961822509766,4.9995605065487325,0.9926286569530913,1,0
86,7,s23,1101,1101,1110,-0.4730316996574402,-1.155239224433899,0.6822075247764587,0.62311239144642,1,0
86,8,t023,1101,1101,1100,-0.3878389298915863,-1.1378390789031982,0.7500001490116119,0.6785273284352221,1,0
87,1,s13,1111,1011,1011,-2.300415515899658,-2.0243468284606934,-0.27606868743896484,0.10026296951342475,0,0
87,2,s20,1111,1111,0111,-0.7956032752990723,-1.0146862268447876,0.21908295154571533,0.45140879321267124,1,0
87,3,c10,0111,0111,1111,-0.21916314959526062,-1.7274402379989624,1.5082770884037018,0.8139267697933205,1,0
87,4,s02,1101,1101,0111,-0.3379845917224884,-1.3178492784500122,0.9798646867275238,0.7133037114768059,1,0
87,5,c21,1101,1001,1001,-2.263051986694336,-0.8605163097381592,-1.4025356769561768,0.10404211553357973,0,0
87,6,c13,1100,1100,1101,-0.0068503450602293015,-5.131850242614746,5.124999897554517,0.9931923363518576,1,0
87,7,s21,1010,1100,1100,-1.464943766593933,-0.5776496529579163,-0.8872941136360168,0.23109141639318367,0,0
87,8,s32,1001,1010,1010,-1.2494089603424072,-0.5247330069541931,-0.7246759533882141,0.2866874615122373,0,0
88,1,s30,0011,1010,1010,-2.232438564300537,-1.6822969913482666,-0.5501415729522705,0.10732130246891544,0,0
88,2,s20,1001,1000,1000,-2.5540101528167725,-2.3040101528167725,-0.25,0.07779290012228902,0,0
88,3,c32,1011,1010,1010,-2.433086395263672,-2.308086395263672,-0.125,0.08784091334045356,0,0
88,4,s01,0111,1011,1011,-1.8674336671829224,-1.7496514320373535,-0.11778223514556885,0.154533851042812,0,0
88,5,c20,1111,1111,0111,-0.8266587853431702,-1.3131834268569946,0.48652464151382446,0.43756311371795586,1,0
88,6,s20,1111,0111,0111,-1.625401258468628,-1.3853631019592285,-0.24003815650939941,0.19685066918122873,0,0
88,7,x3,1110,1110,0110,-0.10615763813257217,-3.531790256500244,3.425632618367672,0.8996541572277799,1,0
88,8,x3,1111,1111,0111,-0.01663549616932869,-5.676250457763672,5.659614961594343,0.9835316058879672,1,0
89,1,c21,0000,0000,0100,-1.2749965190887451,-1.854305624961853,0.5793091058731079,0.28007500874385055,1,0
89,2,x2,0010,0010,1000,-0.020677169784903526,-5.266088485717773,5.24541131593287,0.979564062452938,1,0
89,3,t302,0010,0010,0000,-0.01281560305505991,-6.145388603210449,6.132573000155389,0.9872831558350424,1,0
89,4,c30,0010,0010,1010,-0.25214484333992004,-1.5099986791610718,1.2578538358211517,0.7771357323564322,1,0
89,5,s23,0001,0001,0010,-0.1694212704896927,-1.9221129417419434,1.7526916712522507,0.8441534518588029,1,0
89,6,x2,0011,0011,0000,-0.00131701969075948,-7.039000988006592,7.037683968315832,0.9986859047367598,1,0
89,7,s12,0101,0101,0110,-0.8062455654144287,-1.4201171398162842,0.6138715744018555,0.4465370208291943,1,0
89,8,s30,1100,1100,0101,-0.48010262846946716,-0.9745915532112122,0.494488924741745,0.6187263561871363,1,0
90,1,t231,0100,0100,0000,-1.1329014301300049,-2.659970760345459,1.527069330215454,0.32262353299410174,1,0
90,2,t120,0100,0100,1100,-0.08110753446817398,-2.6411526203155518,2.5600450858473778,0.9221010714162824,1,0
90,3,x1,0000,0000,1000,-0.0005834385519847274,-9.971536636352539,9.970953197800554,0.9997584179265245,1,0
90,4,x3,0001,0001,0000,-0.0005956038949079812,-8.375595092773438,8.37499948887853,0.9994105895557455,1,0
90,5,c31,0101,0101,0001,-0.12939032912254333,-2.127371311187744,1.9979809820652008,0.8786445998594681,1,0
90,6,c10,1101,1101,0101,-0.08067771047353745,-2.5801358222961426,2.499458111822605,0.9225557470362288,1,0
90,7,c31,1001,1001,1101,-0.4761255979537964,-0.9815518260002136,0.5054262280464172,0.621191881188975,1,0
90,8,s20,0011,1001,1001,-1.2190650701522827,-0.5236099362373352,-0.6954551339149475,0.2955067487881339,0,0
91,1,c02,1101,1101,1110,-1.4618279933929443,-2.2451629638671875,0.7833349704742432,0.23208854750735403,1,0
91,2,x3,1100,1100,1110,-0.06727245450019836,-4.6998677253723145,4.632595270872116,0.9349908379130293,1,0
91,3,c10,0100,0100,1100,-0.47929254174232483,-0.9758836627006531,0.49659112095832825,0.6193909793136746,1,0
91,4,t012,0100,0100,0000,-0.001924092066474259,-7.801583766937256,7.799659674870782,0.9980788461953523,1,0
91,5,t021,0100,0100,0000,-0.010692713782191277,-5.2652716636657715,5.25457894988358,0.9893652757753663,1,0
91,6,t302,0100,0100,1100,-0.001343509997241199,-6.988744258880615,6.987400748883374,0.9986582883443288,1,0
91,7,t031,0100,0100,1100,-0.0004028693656437099,-8.399445533752441,8.399042664386798,0.9995974294279029,1,0
91,8,x1,0000,0000,1100,-0.00078338518505916,-7.562851905822754,7.562068520637695,0.9993292470747503,1,0
92,1,s32,1110,1110,1101,-1.2043911218643188,-2.339345693588257,1.134954571723938,0.3000792532413132,1,0
92,2,x1,1010,1011,1011,-1.904137372970581,-1.779137372970581,-0.125,0.14898654505024844,0,0
92,3,t310,1010,1010,0010,-0.1860131025314331,-2.077392339706421,1.8913792371749878,0.8302718684381297,1,0
92,4,t012,1010,1010,1000,-0.3184248208999634,-1.3255369663238525,1.0071121454238892,0.7273047346984479,1,0
92,5,s01,0110,1010,1010,-0.7054883241653442,-0.6965892314910889,-0.008899092674255371,0.4941327907497541,0,0
92,6,t023,0110,0110,0111,-0.020044684410095215,-4.020044803619385,4.0000001192092896,0.9801633387438938,1,0
92,7,t120,1110,1110,0110,-0.31665918231010437,-1.3134427070617676,0.9967835247516632,0.728628639376989,1,0
92,8,t023,1111,1111,1110,-0.05552038550376892,-3.1805202960968018,3.124999910593033,0.9460298567164427,1,0
93,1,t130,0101,1101,1101,-2.098097324371338,-1.156663417816162,-0.9414339065551758,0.12282349554329394,0,0
93,2,c12,0111,0111,0101,-0.16064459085464478,-3.294727087020874,3.1340824961662292,0.851637749332086,1,0
93,3,s13,0111,0011,0011,-0.7562767863273621,-0.7089337706565857,-0.04734301567077637,0.4694654695837097,0,0
93,4,t103,0111,0110,0110,-1.2256752252578735,-0.35067519545555115,-0.8750000298023224,0.29356059666156603,0,0
93,5,s13,0111,0011,0011,-0.8012287616729736,-0.6716436147689819,-0.1295851469039917,0.448785566142105,0,0
93,6,s01,1011,1011,1110,-0.3330651819705963,-1.9350810050964355,1.6020158231258392,0.7170345670646456,1,0
93,7,x0,0011,0011,1111,-0.023789506405591965,-4.4668474197387695,4.443057913333178,0.9765742112716311,1,0
93,8,x0,1011,1011,0111,-0.021094636991620064,-5.785244464874268,5.7641498278826475,0.9960293263367694,1,0
94,1,c03,0110,0111,0111,-1.9338998794555664,-1.8088998794555664,-0.125,0.14499613109881668,0,0
94,2,x1,0010,0010,1000,-0.20966987311840057,-3.5429482460021973,3.3332783728837967,0.8109855835005095,1,0
94,3,t321,0010,0010,0110,-0.18604394793510437,-1.922706127166748,1.7366621792316437,0.8302469401826658,1,0
94,4,x2,0000,0000,1000,-0.0012816444505006075,-7.988832473754883,7.987550829304382,0.9987253636239861,1,0
94,5,c30,0000,0000,1000,-0.5761981010437012,-0.8260219097137451,0.24982380867004395,0.5620641501378681,1,0
94,6,x2,0010,0010,0001,-0.0008665640489198267,-7.2860894203186035,7.285222856269684,0.9991347492897972,1,0
94,7,t103,0010,0010,1010,-0.005903466138988733,-5.706730842590332,5.700827376451343,0.9941237722401177,1,0
94,8,t310,0010,0010,1010,-0.06206287071108818,-2.812058925628662,2.749996054917574,0.9398257361073117,1,0
95,1,t031,0100,0100,0000,-0.7274152040481567,-2.8369157314300537,2.109500527381897,0.483904927911641,1,0
95,2,t320,0100,0100,1100,-0.3874676823616028,-1.1511317491531372,0.7636640667915344,0.6787755175786834,1,0
95,3,s10,1000,1000,0100,-0.2832043766975403,-1.412235975265503,1.1290315985679626,0.7548790965636825,1,0
95,4,t013,1000,1000,1001,-0.0015113496920093894,-7.501511573791504,7.5000002240994945,0.9985037673933644,1,0
95,5,x2,1010,1010,1001,-0.00020908292208332568,-9.805091857910156,9.804882774988073,0.9997963447629358,1,0
95,6,x2,1000,1000,1110,-0.00018214486772194505,-9.602823257446289,9.602641112578567,0.9998190529753731,1,0
95,7,c30,1000,1000,0000,-0.5759570598602295,-0.8260585069656372,0.2501014471054077,0.562167913861562,1,0
95,8,c30,1000,1000,0000,-0.16024242341518402,-1.910601258277893,1.750358834862709,0.8519379500544,1,0
96,1,x3,1101,1101,1100,-0.7077640295028687,-2.582764148712158,1.8750001192092896,0.4939072972273784,1,0
96,2,s31,1101,1011,1011,-1.5902931690216064,-1.182904601097107,-0.4073885679244995,0.2038818367912214,0,0
96,3,t213,1101,1101,1100,-0.43242567777633667,-1.057425618171692,0.6249999403953552,0.6489426528908895,1,0
96,4,c20,1101,0101,0101,-1.7034029960632324,-0.515139639377594,-1.1882633566856384,0.182084638662102,0,0
96,5,t130,0101,1101,1101,-0.7009907364845276,-0.6934328079223633,-0.007557928562164307,0.49611989243544063,0,0
96,6,s10,1001,1001,0101,-0.1609896868467331,-1.9111449718475342,1.750155285000801,0.8517102660667328,1,0
96,7,t231,1001,1001,1101,-0.4304845929145813,-1.0815237760543823,0.651039183139801,0.6501991346408025,1,0
96,8,x0,0001,0001,1101,-0.007805962115526199,-5.999149799346924,5.991343837231398,0.9961389737691145,1,0
97,1,c32,1010,1010,1000,-1.7331080436706543,-1.8349578380584717,0.10184979438781738,0.17690389599425607,1,0
97,2,x2,1000,1000,0000,-0.035338014364242554,-5.261923789978027,5.226585775613785,0.9653705422775676,1,0
97,3,s12,1000,1000,1100,-0.12842929363250732,-2.128178119659424,1.9997488260269165,0.8794877705343908,1,0
97,4,t123,1000,1000,1001,-0.0015028159832581878,-6.626502513885498,6.62499969790224,0.9985168984927854,1,0
97,5,s21,1000,1000,1100,-0.008644204586744308,-4.758639812469482,4.749995607882738,0.9913942972881759,1,0
97,6,x1,1100,1100,1000,-0.00012242297816555947,-9.475544929504395,9.475422506526229,0.9998849120867717,1,0
97,7,s31,1001,1001,1100,-0.5095893144607544,-0.9742587804794312,0.46466946601867676,0.6007457560851953,1,0
97,8,s03,1001,0001,0001,-1.2252187728881836,-0.44106611609458923,-0.7841526567935944,0.29370039266389497,0,0
98,1,c31,0000,0000,0100,-1.1062533855438232,-1.9275065660476685,0.8212531805038452,0.33143084467908207,1,0
98,2,x1,0100,0100,0000,-0.01195455715060234,-5.126279354095459,5.114324796944857,0.9881246869727017,1,0
98,3,x0,1100,1100,0100,-0.018098488450050354,-4.21339750289917,4.19529901444912,0.9831928813171537,1,0
98,4,x0,0100,0100,1000,-0.04914133623242378,-3.1841604709625244,3.1350191347301006,0.9521112652614462,1,0
98,5,c23,0100,0101,0101,-1.0628145933151245,-0.4378145635128021,-0.6250000298023224,0.34548884996128865,0,0
98,6,c10,1100,1100,0100,-0.252084881067276,-1.5020698308944702,1.2499849498271942,0.7772113913560287,1,0
98,7,x1,1000,1000,1110,-8.523308497387916e-05,-9.999549865722656,9.999464632637682,0.9999175429572034,1,0
98,8,t301,1000,1000,1100,-0.043437227606773376,-3.168442964553833,3.1250057369470596,0.957496071975144,1,0
99,1,c30,0100,0100,1100,-1.3688280582427979,-1.8825581073760986,0.5137300491333008,0.25477670771001737,1,0
99,2,x0,1100,1100,0100,-0.7676268219947815,-1.3995299339294434,0.6319031119346619,0.4644694872769897,1,0
99,3,x0,0100,0100,1110,-0.017959585413336754,-4.796244144439697,4.7782845590263605,0.9823389252902923,1,0
99,4,s32,0100,0100,0110,-0.38211697340011597,-1.5960042476654053,1.2138872742652893,0.6824338710103683,1,0
99,5,s10,1000,1000,0100,-0.4360325336456299,-1.1577694416046143,0.7217369079589844,0.6467429760246141,1,0
99,6,t231,1000,1000,1100,-0.009990250691771507,-5.242428779602051,5.232438528910279,0.990130936912871,1,0
99,7,t231,1000,1000,1100,-0.018338415771722794,-4.033310413360596,4.014971997588873,0.9818405114751342,1,0
99,8,c01,1100,1100,1000,-0.00039072870276868343,-8.576807022094727,8.576416293391958,0.999610817771069,1,0
100,1,s32,1101,1100,1100,-2.1582517623901367,-1.9082517623901367,-0.25,0.11560100315466475,0,0
100,2,t023,1101,1100,1100,-1.4792494773864746,-0.7292495965957642,-0.7499998807907104,0.22785483322658687,0,0
100,3,x2,1111,1111,1110,-0.1348763257265091,-2.134876251220703,1.999999925494194,0.8738615129302639,1,0
100,4,c13,1110,1110,1111,-0.006744443904608488,-5.444244384765625,5.4374999408610165,0.9932986968772177,1,0
100,5,t021,1010,1110,1110,-1.7433531284332275,-0.22852933406829834,-1.5148237943649292,0.17493344879422712,0,0
100,6,t203,1011,1011,1010,-0.05758708715438843,-2.932587146759033,2.8750000596046448,0.9440594690070996,1,0
100,7,s03,1011,1011,0011,-0.3603368103504181,-1.2398825883865356,0.8795457780361176,0.697455777301959,1,0
100,8,c01,1111,1111,1110,-0.01738467626273632,-4.204885005950928,4.187500329688191,0.9827733839544004,1,0
101,1,c20,1100,1100,0100,-1.5524160861968994,-1.6905797719955444,0.13816368579864502,0.21212447254670375,1,0
101,2,t032,1100,1100,1110,-0.7314650416374207,-0.7378427982330322,0.006377756595611572,0.4812508143709193,1,0
101,3,x1,1000,1000,1110,-0.0012838528491556644,-8.476841926574707,8.475558073725551,0.9987894734831365,1,0
101,4,s20,0010,1000,1000,-1.0748907327651978,-0.7577366828918457,-0.31715404987335205,0.34134566888457774,0,0
101,5,s03,0010,0010,1000,-0.6950470209121704,-1.2825223207473755,0.5874752998352051,0.4991278851476578,1,0
101,6,x3,0011,0011,1010,-0.002068302361294627,-7.615278244018555,7.61320994165726,0.9979449623831692,1,0
101,7,c23,0010,0010,0011,-0.20432819426059723,-1.704328179359436,1.4999999850988388,0.8152031256988277,1,0
101,8,x1,0110,0110,0010,-0.0023626484908163548,-6.502567291259766,6.500204642768949,0.9976428763438772,1,0
102,1,s32,1101,1100,1100,-2.1891703605651855,-1.689170479774475,-0.49999988079071045,0.11207678349916153,0,0
102,2,c20,1101,1101,0101,-1.3478106260299683,-1.4879428148269653,0.14013218879699707,0.2598983103497861,1,0
102,3,s30,1101,1101,0110,-0.649795413017273,-1.6485213041305542,0.9987258911132812,0.5222283409397288,1,0
102,4,t312,1111,1111,1110,-0.07213729619979858,-2.9471371173858643,2.8749998211860657,0.930416304729078,1,0
102,5,c23,1110,1110,1111,-0.02763725072145462,-3.777637004852295,3.7499997541308403,0.9728149561460401,1,0
102,6,t301,1110,1110,1010,-0.5296298861503601,-0.9429628252983093,0.4133329391479492,0.5888249698354407,1,0
102,7,c23,1111,1111,1110,-0.062485113739967346,-2.8124852180480957,2.7500001043081284,0.9394327176356922,1,0
102,8,c32,1101,1101,1111,-0.06388199329376221,-3.126293659210205,3.062411665916443,0.93818366692448,1,0
103,1,s20,1001,0011,0011,-2.7286887168884277,-1.8659330606460571,-0.8627556562423706,0.06538167609762997,0,0
103,2,t123,1001,1000,1000,-2.3846077919006348,-2.2596077919006348,-0.125,0.09226419571002228,0,0
103,3,t230,1001,1001,0001,-0.878023087978363,-0.9763025641441345,0.09827947616577148,0.4156600538344922,1,0
103,4,t210,1001,1001,0001,-0.4754289388656616,-0.9995735883712769,0.5241446495056152,0.6216433830371069,1,0
103,5,t230,1001,0001,0001,-0.8266977667808533,-0.592237651348114,-0.23446011543273926,0.43757938874610314,0,0
103,6,s31,1100,1100,1001,-0.25361162424087524,-1.5138168334960938,1.2602052092552185,0.7759954993256216,1,0
103,7,t023,1100,1100,1101,-0.4778860807418823,-0.9778860807418823,0.5,0.6201328476119732,1,0
103,8,c21,1100,1100,1000,-0.39803415536880493,-1.5402791500091553,1.1422449946403503,0.6716434597437059,1,0
104,1,c10,1011,1011,0011,-1.570811152458191,-1.8087694644927979,0.23795831203460693,0.2081388117199977,1,0
104,2,t201,1111,1110,1110,-2.956106662750244,-0.20610660314559937,-2.7500000596046448,0.05202226616968518,0,0
104,3,x3,1110,1110,0000,-0.005198272410780191,-7.376342296600342,7.371144024189562,0.9949739912697692,1,0
104,4,s12,1110,1110,1011,-0.49146994948387146,-1.1069910526275635,0.615521103143692,0.6117286808366315,1,0
104,5,c03,1111,1111,0111,-0.0008840273367241025,-8.156462669372559,8.155578642035834,0.9991364951679481,1,0
104,6,s12,1111,1111,1011,-0.11970345675945282,-2.2496232986450195,2.1299198418855667,0.8871843809526667,1,0
104,7,x3,1110,1110,1101,-0.00015282297681551427,-10.531253814697266,10.53110099172045,0.9998855993870797,1,0
104,8,s32,1101,1101,1110,-0.6504060626029968,-1.0587024688720703,0.4082964062690735,0.5218384757409497,1,0
105,1,s01,0000,0000,1000,-1.1448465585708618,-2.6127421855926514,1.4678956270217896,0.31909065626581257,1,0
105,2,t123,0000,0000,0001,-0.026028282940387726,-5.026028156280518,4.99999987334013,0.9743442993420574,1,0
105,3,c31,0000,0000,0100,-0.22696059942245483,-1.6019313335418701,1.3749707341194153,0.7969635010478772,1,0
105,4,t123,0000,0000,1000,-0.0002827292773872614,-8.680407524108887,8.6801247948315,0.9997206665475886,1,0
105,5,c03,0000,0000,1000,-9.810610936256126e-05,-9.943554878234863,9.9434567721255,0.9999040207305676,1,0
105,6,t013,0000,0000,1000,-0.003189375391229987,-5.942898750305176,5.939709374913946,0.9968225223700582,1,0
105,7,t301,0000,0000,1000,-0.001954935258254409,-6.364824295043945,6.362869359785691,0.9980594354596966,1,0
105,8,s12,0000,0000,0100,-0.02115316316485405,-3.8960964679718018,3.8749433048069477,0.979069715936975,1,0
106,1,c01,0000,0000,0111,-0.8904056549072266,-2.778068780899048,1.8876631259918213,0.41117285757372507,1,0
106,2,s13,0000,0000,0100,-0.2648114562034607,-1.6390742063522339,1.3742627501487732,0.7674853545581345,1,0
106,3,x1,0100,0100,0010,-0.003102850168943405,-6.26727294921875,6.264170099049807,0.9969060981586867,1,0
106,4,s02,0100,0100,1100,-0.281739741563797,-1.5064398050308228,1.2247000634670258,0.7544895601299652,1,0
106,5,c31,0100,0000,0000,-1.4064359664916992,-0.2817962169647217,-1.1246397495269775,0.24501543593625555,0,0
106,6,x2,0110,0110,0101,-0.00032899249345064163,-8.505562782287598,8.505233789794147,0.9996748061190716,1,0
106,7,c21,0010,0010,0110,-0.30061087012290955,-1.5029160976409912,1.2023052275180817,0.7403664186138996,1,0
106,8,c21,0110,0010,0010,-1.6691679954528809,-0.4769814610481262,-1.1921865344047546,0.1884041324692345,0,0
107,1,x1,0110,0110,0000,-1.8429319858551025,-2.1139965057373047,0.27106451988220215,0.1585214160991913,1,0
107,2,t102,0110,0110,0100,-0.41289690136909485,-2.425021171569824,2.0121242702007294,0.6618260651039275,1,0
107,3,s13,0011,0011,0110,-0.47042468190193176,-1.120711088180542,0.6502864062786102,0.6247459145716716,1,0
107,4,s32,0011,0001,0001,-1.0947924852371216,-0.4826800227165222,-0.6121124625205994,0.3346119458679852,0,0
107,5,s21,0101,0101,0011,-0.36947715282440186,-2.014049530029297,1.644572377204895,0.6911030201822157,1,0
107,6,c30,1101,1101,0101,-0.1494988352060318,-2.02209734916687,1.8725985139608383,0.8612036866497362,1,0
107,7,t123,1101,1101,1100,-0.4391883313655853,-1.0641883611679077,0.6250000298023224,0.6445876353361542,1,0
107,8,c30,0101,0101,1101,-0.5840975046157837,-0.8276797533035278,0.24358224868774414,0.5576292994853354,1,0
108,1,x1,1101,1101,1100,-1.2689423561096191,-2.393942356109619,1.125,0.2813561570414432,1,0
108,2,c13,1100,1100,1101,-0.056529700756073,-3.9315295219421387,3.8749998211860657,0.9451237887964559,1,0
108,3,t132,1100,1100,1110,-0.050905659794807434,-3.1720776557922363,3.121171995997429,0.9503953412009903,1,0
108,4,s13,1001,1001,1100,-0.5077416300773621,-1.143725037574768,0.635983407497406,0.6018571880450426,1,0
108,5,x3,1000,1000,1001,-0.010510534979403019,-4.573010444641113,4.56249990966171,0.9895578994805845,1,0
108,6,x1,1100,1100,1000,-0.0003341122646816075,-8.379264831542969,8.378930719278287,0.9996677253073429,1,0
108,7,x3,1101,1101,1100,-0.0006593624711968005,-9.125659942626953,9.125000580155756,0.9993459009401552,1,0
108,8,c30,0101,0101,1101,-0.5799586772918701,-0.8260984420776367,0.2461397647857666,0.5599327003440769,1,0
109,1,c21,0000,0000,0100,-0.9689254760742188,-1.8943374156951904,0.9254119396209717,0.38032927574845227,1,0
109,2,x0,1000,0000,0000,-0.828040361404419,-0.7702561616897583,-0.057784199714660645,0.43744027060005863,0,0
109,3,x3,1001,1001,0001,-0.002968765329569578,-6.954705715179443,6.951736949849874,0.9971409739108912,1,0
109,4,c20,1001,0001,0001,-0.82878178358078,-0.7268646955490112,-0.1019170880317688,0.436585191619294,0,0
109,5,t210,1001,1001,0001,-0.04876428842544556,-3.2343289852142334,3.185564696788788,0.9524094294615063,1,0
109,6,t210,1001,1001,0001,-0.12706659734249115,-2.136385202407837,2.0093186050653458,0.8806772915193313,1,0
109,7,s01,0101,0101,1001,-0.4296712279319763,-1.0538172721862793,0.624146044254303,0.6507757746590773,1,0
109,8,s32,0110,0110,0111,-0.17190875113010406,-2.7969088554382324,2.6250001043081284,0.8420870921170553,1,0
110,1,s01,1111,1111,0111,-1.584396481513977,-1.7283432483673096,0.14394676685333252,0.20548264125952367,1,0
110,2,t130,0111,0111,1111,-0.5034790635108948,-0.9875349998474121,0.48405593633651733,0.60463210836255,1,0
110,3,c30,1111,1111,0111,-0.06402269005775452,-2.8154001235961914,2.751377433538437,0.9385040990068111,1,0
110,4,s13,1111,1111,1011,-0.7258764505386353,-0.9278995990753174,0.20202314853668213,0.483907386527553,1,0
110,5,c32,1101,1101,1111,-0.07091395556926727,-2.7846927642822266,2.7137788087129593,0.9315829544923948,1,0
110,6,c30,0101,0101,1101,-0.3141407370567322,-1.313991904258728,0.9998511672019958,0.7305159502648367,1,0
110,7,x2,0111,0111,1111,-0.0018959271255880594,-7.325150966644287,7.323255039518699,0.9981394611478636,1,0
110,8,t120,1111,1111,0111,-0.3877643346786499,-1.136973261833191,0.749208927154541,0.6785884842018656,1,0
111,1,s32,0000,0000,0010,-1.2004070281982422,-1.7739365100860596,0.5735294818878174,0.3015075969327203,1,0
111,2,s23,0000,0000,0010,-0.08638574182987213,-3.120769739151001,3.034383997321129,0.9172588007951491,1,0
111,3,s20,0000,0000,1000,-0.20258714258670807,-1.7018299102783203,1.4992427676916122,0.8166517039982198,1,0
111,4,c02,0000,0000,0010,-0.001248171553015709,-7.899227142333984,7.897978970780969,0.998758095348594,1,0
111,5,s12,0000,0000,0100,-0.06461929529905319,-2.8144631385803223,2.749843843281269,0.9374269354362627,1,0
111,6,s23,0000,0000,0010,-0.0031730246264487505,-6.003322601318359,6.000149576691911,0.9968328120611053,1,0
111,7,t132,0000,0000,1000,-0.00042670854600146413,-8.18136978149414,8.18094307294814,0.9995759103836364,1,0
111,8,s13,0000,0000,0100,-0.20354898273944855,-1.7033671140670776,1.499818131327629,0.8158328908631743,1,0
112,1,s31,1000,1100,1100,-2.1159169673919678,-1.672560691833496,-0.4433562755584717,0.12064008760218752,0,0
112,2,c30,1000,1000,0000,-0.47877973318099976,-1.5678443908691406,1.0890646576881409,0.6195873346858537,1,0
112,3,x3,1001,1001,0000,-0.004306435585021973,-7.645310878753662,7.64100444316864,0.9971461912880503,1,0
112,4,s10,0101,0101,1001,-0.6467127799987793,-0.7578743696212769,0.11116158962249756,0.5238175336526474,1,0
112,5,t201,0101,0101,0001,-0.01070515625178814,-5.744082927703857,5.733377771452069,0.9893587629537323,1,0
112,6,t210,0101,1101,1101,-0.9742245674133301,-0.4757748246192932,-0.49844974279403687,0.3774900970380223,0,0
112,7,t130,1101,0101,0101,-0.6944532990455627,-0.6932510137557983,-0.0012022852897644043,0.4993635221808318,0,0
112,8,t231,1101,1101,1001,-0.7032476663589478,-0.9473624229431152,0.24411475658416748,0.49500624889828937,1,0
113,1,c30,0011,1011,1011,-1.774289846420288,-1.5950595140457153,-0.17923033237457275,0.1698605014849488,0,0
113,2,t210,0011,1011,1011,-0.8399831056594849,-0.6047486066818237,-0.23523449897766113,0.4317278548319809,0,0
113,3,s21,0101,0101,0011,-0.8817278146743774,-0.8889950513839722,0.0072672367095947266,0.4140740386974328,1,0
113,4,s21,0011,0101,0101,-1.3027623891830444,-1.0092593431472778,-0.2935030460357666,0.27178523942121263,0,0
113,5,s02,1001,0011,0011,-1.2125440835952759,-0.8490170836448669,-0.36352699995040894,0.2974517899973332,0,0
113,6,c20,1001,1001,0001,-0.7195473909378052,-0.8057696223258972,0.08622223138809204,0.48699986524004607,1,0
113,7,s30,1001,1001,0100,-0.8159263730049133,-1.66231107711792,0.8463847041130066,0.44226025372417077,1,0
113,8,s30,1001,1001,0100,-0.8187744617462158,-1.622501015663147,0.8037265539169312,0.4409859496571267,1,0
114,1,t203,0000,0000,0001,-0.8457338809967041,-2.345733880996704,1.5,0.4309709944641915,1,0
114,2,s20,0000,0000,1000,-0.2644224762916565,-1.5064935684204102,1.2420710921287537,0.76765480810948,1,0
114,3,s01,0000,0000,1000,-0.2023058384656906,-1.7018437385559082,1.4995379000902176,0.8170195413969125,1,0
114,4,t312,0000,0000,0010,-0.0022453174460679293,-6.253923416137695,6.251678098691627,0.9977608699246089,1,0
114,5,c21,0000,0000,0100,-0.079099640250206,-2.579059600830078,2.499959960579872,0.9239544650054536,1,0
114,6,s12,0000,0000,0100,-0.023619819432497025,-3.7735836505889893,3.7499638311564922,0.9766576175373107,1,0
114,7,t301,0000,0000,1000,-0.00017295974248554558,-8.757855415344238,8.757682455601753,0.9998291226940995,1,0
114,8,s12,0000,0000,0100,-0.02360564097762108,-3.7735931873321533,3.7499875463545322,0.9766708210507936,1,0
115,1,x2,0001,0001,0000,-1.4622793197631836,-2.3372793197631836,0.875,0.23209948759732218,1,0
115,2,t123,0001,0001,0000,-0.08250118792057037,-3.457501173019409,3.374999985098839,0.9208481761098364,1,0
115,3,x2,0011,0011,0000,-0.0011721604969352484,-7.1558942794799805,7.154722118983045,0.9988315792093388,1,0
115,4,s02,1001,0011,0011,-0.7615004777908325,-0.633171558380127,-0.12832891941070557,0.46700311799799493,0,0
115,5,s03,1001,1001,0001,-0.8284562230110168,-1.1055558919906616,0.2770996689796448,0.43672482271013546,1,0
115,6,c02,1011,1011,1001,-0.0017896658973768353,-6.376923084259033,6.375133418361656,0.998213845362357,1,0
115,7,x2,1001,1001,1000,-5.876945215277374e-05,-11.8750581741333,11.874999404681148,0.9999458412695135,1,0
115,8,x3,1000,1000,1011,-4.076924597029574e-05,-10.923625946044922,10.923585176798952,0.9999614779345853,1,0
116,1,x0,0100,0100,0110,-1.3278865814208984,-2.2160532474517822,0.8881666660308838,0.2654212144380822,1,0
116,2,c20,0100,1100,1100,-1.1626414060592651,-0.3982742130756378,-0.7643671929836273,0.31268371801184136,0,0
116,3,x0,1100,1100,0000,-0.008033093065023422,-5.817102432250977,5.809069339185953,0.993041121926187,1,0
116,4,c32,1100,1100,1110,-0.24235428869724274,-1.604124665260315,1.3617703765630722,0.7847932864196887,1,0
116,5,x0,0100,0100,1100,-0.0034635220654308796,-6.003367900848389,5.999904378782958,0.9965535630056515,1,0
116,6,c01,0100,0100,0000,-0.0053822798654437065,-5.47810173034668,5.472719450481236,0.994632680795889,1,0
116,7,s21,0010,0010,0100,-0.3267640471458435,-1.4072792530059814,1.080515205860138,0.7212548809403639,1,0
116,8,t302,0010,0010,0000,-0.011198400519788265,-5.148013591766357,5.136815191246569,0.9888691010799127,1,0
117,1,s20,0111,1101,1101,-2.320103168487549,-2.0879085063934326,-0.2321946620941162,0.0983512583681235,0,0
117,2,t032,0111,0111,0100,-1.4243133068084717,-2.709899425506592,1.2855861186981201,0.24111103593267322,1,0
117,3,x3,0110,0110,1100,-0.032996900379657745,-5.432044506072998,5.39904760569334,0.9676300560638048,1,0
117,4,s32,0101,0101,0110,-0.5478729009628296,-1.3270807266235352,0.7792078256607056,0.57818321706771,1,0
117,5,t201,0101,0101,0011,-0.013755740597844124,-5.258693218231201,5.244937477633357,0.9863496858379868,1,0
117,6,s23,0110,0110,0101,-0.38673135638237,-1.5078364610671997,1.1211051046848297,0.6793076053818896,1,0
117,7,t231,0110,0110,0010,-0.05775004252791405,-3.093555212020874,3.03580516949296,0.9439079178153387,1,0
117,8,s32,0101,0101,0110,-0.5658177137374878,-1.2204341888427734,0.6546164751052856,0.5678978276586936,1,0
118,1,x2,1110,1110,1000,-0.8816840648651123,-2.8370914459228516,1.9554073810577393,0.41477895590170055,1,0
118,2,c23,1111,1111,1110,-0.182705819606781,-2.307705879211426,2.1250000596046448,0.8331460578707021,1,0
118,3,s12,1111,1111,1011,-0.4788264334201813,-1.0834548473358154,0.6046284139156342,0.6195132651676024,1,0
118,4,s01,1111,1111,0111,-0.5315942764282227,-0.899103045463562,0.36750876903533936,0.5880099858811717,1,0
118,5,c03,1110,1110,0110,-0.005998331122100353,-6.710906028747559,6.704907697625458,0.9943826375615475,1,0
118,6,t021,1010,1110,1110,-1.3204768896102905,-0.31636783480644226,-1.0041090548038483,0.2670087519280012,0,0
118,7,t032,1010,1010,1000,-0.18236598372459412,-1.8134697675704956,1.6311037838459015,0.8332997792911883,1,0
118,8,x2,1000,1000,1011,-0.0020695084240287542,-6.53313684463501,6.531067336210981,0.9979366699964726,1,0
119,1,c12,1101,1101,1110,-1.337620496749878,-1.8760532140731812,0.5384327173233032,0.26273287139011636,1,0
119,2,x2,1111,1111,0000,-0.11257650703191757,-4.254640579223633,4.142064072191715,0.8936094725067633,1,0
119,3,x0,0111,0111,1110,-0.06192038953304291,-3.6504671573638916,3.5885467678308487,0.945383544708783,1,0
119,4,c21,0011,0011,0111,-0.290330708026886,-1.4304792881011963,1.1401485800743103,0.7480369115086944,1,0
119,5,c02,0011,0011,0001,-0.017259003594517708,-4.665098667144775,4.647839663550258,0.9828899212982752,1,0
119,6,x1,0111,0111,0011,-0.02219751663506031,-4.076869964599609,4.054672447964549,0.9780776257136913,1,0
119,7,t032,0111,0111,0101,-0.15132489800453186,-2.526029586791992,2.3747046887874603,0.8595715484053741,1,0
119,8,x1,0011,0011,0101,-0.001234601833857596,-7.1933488845825195,7.192114282748662,0.9988026325337139,1,0
120,1,x0,0001,0001,0011,-0.9480215311050415,-2.3109591007232666,1.362937569618225,0.38799346353448516,1,0
120,2,c30,1001,1001,0001,-0.5814909934997559,-0.8327469229698181,0.25125592947006226,0.5590959874854826,1,0
120,3,t321,1001,1001,1101,-0.08229875564575195,-2.7444188594818115,2.6621201038360596,0.9210369185799367,1,0
120,4,s32,1010,1010,1001,-0.2017950862646103,-1.7502734661102295,1.5484783798456192,0.8172669265657813,1,0
120,5,s03,0011,1010,1010,-1.108848214149475,-0.9026092886924744,-0.20623892545700073,0.32994184788709807,0,0
120,6,c30,1011,1011,0011,-0.38863620162010193,-1.1370760202407837,0.7484398186206818,0.6779913246534957,1,0
120,7,t102,1011,1011,1111,-0.36316055059432983,-1.9076322317123413,1.5444716811180115,0.6954875513492923,1,0
120,8,c21,1111,1111,1011,-0.08157656341791153,-3.0492630004882812,2.9676864370703697,0.9216646835690868,1,0
121,1,c31,0110,0010,0010,-2.0571470260620117,-1.7491791248321533,-0.3079679012298584,0.12796852188497762,0,0
121,2,x0,1110,0110,0110,-1.6313389539718628,-0.9433555603027344,-0.6879833936691284,0.19592112269315032,0,0
121,3,s01,1110,1110,0110,-0.8646893501281738,-1.1010768413543701,0.2363874912261963,0.4212165707443596,1,0
121,4,c21,1010,1010,1110,-0.5480924844741821,-1.3414082527160645,0.7933157682418823,0.5780673327571497,1,0
121,5,x1,1110,1110,1000,-0.00023912350297905505,-9.250284194946289,9.25004507144331,0.9997640259516899,1,0
121,6,c32,1110,1100,1100,-2.4509096145629883,-0.1188516616821289,-2.3320579528808594,0.08621861455524181,0,0
121,7,s30,0111,1110,1110,-0.882450520992279,-0.5772706866264343,-0.3051798343658447,0.4137713490251821,0,0
121,8,t120,1111,1111,0111,-0.18362729251384735,-1.9125590324401855,1.7289317399263382,0.8323534584983366,1,0
122,1,t120,1011,1011,0011,-1.3352210521697998,-2.5428638458251953,1.2076427936553955,0.263404459863692,1,0
122,2,c21,1111,1110,1110,-4.695006370544434,-0.13250677287578583,-4.562499597668648,0.009141201390002423,0,0
122,3,c23,1110,1110,1111,-0.002874078694730997,-6.31537389755249,6.312499818857759,0.9971651080951902,1,0
122,4,t210,0110,1110,1110,-1.0255213975906372,-0.47497549653053284,-0.5505459010601044,0.358621826892832,0,0
122,5,x1,0010,0010,0110,-0.002340814098715782,-7.011794090270996,7.00945327617228,0.997727160347597,1,0
122,6,c02,0010,0010,0000,-0.006211056839674711,-5.559790134429932,5.553579077590257,0.9938081855844416,1,0
122,7,s31,0010,0010,0110,-0.24708466231822968,-1.6483864784240723,1.4013018161058426,0.7810802200731339,1,0
122,8,t312,0010,0010,0001,-0.0015766045544296503,-6.753472805023193,6.751896200468764,0.9984253234025712,1,0
123,1,s32,0000,0000,0010,-1.1747874021530151,-2.0855133533477783,0.9107259511947632,0.30943634614058874,1,0
123,2,x1,0100,0100,0010,-0.08855617046356201,-3.907228469848633,3.818672299385071,0.9153855021951737,1,0
123,3,t103,0100,0100,1100,-0.015955068171024323,-6.095867156982422,6.0799120888113976,0.9841911227940277,1,0
123,4,s02,0100,0100,1100,-0.47563448548316956,-1.0135524272918701,0.5379179418087006,0.6215044870199582,1,0
123,5,s21,0010,0010,0100,-0.9160831570625305,-1.1373308897018433,0.22124773263931274,0.40008385977607674,1,0
123,6,x2,0000,0000,0001,-0.0019325597677379847,-7.376932621002197,7.375000061234459,0.9980735071716207,1,0
123,7,t012,0000,0000,1000,-0.00047915722825564444,-8.82237434387207,8.821895186643815,0.9995213553548867,1,0
123,8,x0,1000,1000,0000,-0.015409296378493309,-4.278032302856445,4.262623006477952,0.9859170934912083,1,0
124,1,x2,1000,1000,1011,-1.2161731719970703,-2.2959179878234863,1.079744815826416,0.2968502320782258,1,0
124,2,x1,1100,1100,1010,-0.10054480284452438,-2.972607374191284,2.87206257134676,0.9043698239719409,1,0
124,3,s32,1100,1100,1110,-0.5568631291389465,-0.9042978286743164,0.3474346995353699,0.5730121695434286,1,0
124,4,x2,1110,1110,1101,-0.00514216860756278,-5.903052806854248,5.897910638246685,0.9948866646567114,1,0
124,5,t213,1111,1111,1110,-0.20772899687290192,-1.7077289819717407,1.4999999850988388,0.8124599451830258,1,0
124,6,c23,1110,1110,1111,-0.017036814242601395,-4.8920369148254395,4.875000100582838,0.9831346861587913,1,0
124,7,x0,0110,0110,1110,-0.063982754945755,-2.9912450313568115,2.9272622764110565,0.9391493149845088,1,0
124,8,c13,0111,0111,0011,-0.023014988750219345,-5.359248638153076,5.336233649402857,0.9772503431077846,1,0
125,1,t032,1001,1011,1011,-2.172456741333008,-1.6879384517669678,-0.48451828956604004,0.11399450244997375,0,0
125,2,x2,1011,1011,1000,-1.4981868267059326,-2.4237117767333984,0.9255249500274658,0.22362168366740862,1,0
125,3,t103,1011,1010,1010,-1.5870808362960815,-0.7120807766914368,-0.8750000596046448,0.20453857346446327,0,0
125,4,c03,1010,1010,1110,-0.01109052263200283,-6.0123090744018555,6.001218551769853,0.9889886643824791,1,0
125,5,x1,1110,1110,1000,-0.023433594033122063,-4.0286054611206055,4.005171867087483,0.9768429500536853,1,0
125,6,t301,1110,1010,1010,-0.8267701864242554,-0.5772454142570496,-0.2495247721672058,0.43746131317826,0,0
125,7,x2,1100,1100,1111,-0.0012366699520498514,-7.439322471618652,7.4380858016666025,0.9987789808707208,1,0
125,8,c31,1100,1000,1000,-0.7589999437332153,-0.6354981660842896,-0.12350177764892578,0.46813595035354316,0,0
126,1,s20,0011,1001,1001,-2.4940309524536133,-1.595441460609436,-0.8985894918441772,0.08266210463166367,0,0
126,2,t302,0011,0011,0000,-0.8578020334243774,-2.404238224029541,1.5464361906051636,0.4243792923214097,1,0
126,3,c02,0011,0011,0000,-0.015040826052427292,-5.715587139129639,5.700546313077211,0.985082943053707,1,0
126,4,t302,0011,0011,1000,-0.006798522546887398,-6.968372821807861,6.961574299260974,0.9932352073073832,1,0
126,5,t031,0011,0011,1011,-0.0022417304571717978,-7.000443935394287,6.998202204937115,0.99776240540542,1,0
126,6,c32,0001,0001,0011,-0.5248217582702637,-0.9029639363288879,0.37814217805862427,0.5916638713117035,1,0
126,7,x1,0101,0101,0100,-0.0012986117508262396,-7.938798427581787,7.937499815830961,0.9987106210094278,1,0
126,8,x0,1101,1101,0101,-0.014544520527124405,-4.770568370819092,4.756023850291967,0.9912385303841279,1,0
127,1,s31,1111,1011,1011,-2.2820279598236084,-1.8489779233932495,-0.4330500364303589,0.10213007032222635,0,0
127,2,c30,0111,0111,1111,-0.5258164405822754,-1.241926908493042,0.7161104679107666,0.5913847815838849,1,0
127,3,t231,0011,0011,0111,-0.5948952436447144,-0.8449336290359497,0.25003838539123535,0.5516334354065283,1,0
127,4,s32,0011,0011,0001,-0.39318981766700745,-1.2385977506637573,0.8454079329967499,0.6749044848417723,1,0
127,5,c13,0011,0010,0010,-1.4075489044189453,-0.2825489640235901,-1.1249999403953552,0.2447437581843461,0,0
127,6,c10,0011,1011,1011,-1.7018977403640747,-0.20164592564105988,-1.5002518147230148,0.18235960640444285,0,0
127,7,c32,0001,0001,0011,-0.4289684593677521,-1.0591168403625488,0.6301483809947968,0.6511816685088443,1,0
127,8,s20,0001,1000,1000,-0.9765356779098511,-0.70067298412323,-0.2758626937866211,0.3766163096915712,0,0
128,1,c03,1111,1111,1100,-1.1875022649765015,-2.3532474040985107,1.1657451391220093,0.3056496818802288,1,0
128,2,x3,1110,1110,0000,-0.04012884572148323,-4.972649574279785,4.932520728558302,0.9607539656729575,1,0
128,3,c23,1111,1111,1110,-0.10357978194952011,-2.3535797595977783,2.249999977648258,0.9016122085259137,1,0
128,4,x0,0111,0111,1111,-0.0646979808807373,-4.223225116729736,4.158527135848999,0.9837508687226887,1,0
128,5,s03,1110,1110,1101,-0.4469837546348572,-1.5077282190322876,1.0607444643974304,0.6397245575322955,1,0
128,6,x1,1010,1010,1011,-0.0013795096892863512,-7.376379489898682,7.374999980209395,0.9986556136570169,1,0
128,7,c10,1010,1010,0010,-0.5246931910514832,-0.9069743752479553,0.38228118419647217,0.5917373207879999,1,0
128,8,s13,1010,1010,1110,-0.7991427183151245,-0.9470800161361694,0.14793729782104492,0.449715614355384,1,0
129,1,t123,0000,0000,0001,-0.8977333903312683,-2.522733449935913,1.6250000596046448,0.4087754659072186,1,0
129,2,t013,0000,0000,1000,-0.04273241385817528,-4.66510534286499,4.622372929006815,0.9581917760139943,1,0
129,3,c30,0000,0000,1000,-0.16039958596229553,-1.910263180732727,1.7498635947704315,0.8518049944789,1,0
129,4,x1,0100,0100,0000,-0.002389405155554414,-6.161045074462891,6.158655669307336,0.9976141715237272,1,0
129,5,c10,1100,1100,0100,-0.09072691202163696,-2.46520733833313,2.374480426311493,0.9133429144263095,1,0
129,6,s10,1100,1100,0100,-0.7215628623962402,-0.8343515396118164,0.11278867721557617,0.48599788349473644,1,0
129,7,t320,1100,1100,0100,-0.31367185711860657,-1.335607886314392,1.0219360291957855,0.7307643322255764,1,0
129,8,s30,0101,0101,1100,-0.7356151342391968,-0.9782084226608276,0.24259328842163086,0.4792141658981158,1,0
130,1,t103,1000,1000,1001,-0.7041995525360107,-2.4541995525360107,1.75,0.5087328175355231,1,0
130,2,t120,1000,1000,0000,-0.1079675629734993,-2.4399185180664062,2.331950955092907,0.8976695635384042,1,0
130,3,s30,0001,0001,1000,-0.4698909521102905,-1.1369943618774414,0.6671034097671509,0.6250843401634847,1,0
130,4,c12,0001,0001,0011,-0.4753762185573578,-0.9885064959526062,0.5131302773952484,0.6216523174718527,1,0
130,5,t021,0001,0001,1001,-0.0004891405696980655,-8.233846664428711,8.233357523859013,0.9995132378325885,1,0
130,6,s32,0010,0010,0001,-0.13253746926784515,-2.1609621047973633,2.028424635529518,0.8758716968144851,1,0
130,7,x1,0110,0110,0010,-0.0026788851246237755,-6.135052680969238,6.1323737958446145,0.9973331049185103,1,0
130,8,c13,0111,0111,0110,-0.01592121087014675,-4.265920639038086,4.249999428167939,0.9842087171890227,1,0
131,1,c12,0010,0010,0000,-1.4045450687408447,-1.9740314483642578,0.5694863796234131,0.24583658302677952,1,0
131,2,c20,1010,1010,0010,-0.4907696545124054,-0.9812518954277039,0.49048224091529846,0.6121932626160174,1,0
131,3,x0,0010,0010,1110,-0.0065528033301234245,-5.546492576599121,5.539939773268998,0.9938904158763959,1,0
131,4,x1,0110,0110,0010,-0.029839135706424713,-3.656764507293701,3.6269253715872765,0.9706198469996449,1,0
131,5,t031,0110,0110,1110,-0.0028338187839835882,-7.559607982635498,7.5567741638515145,0.9971711897448895,1,0
131,6,c30,0110,1110,1110,-2.1269848346710205,-0.127031609416008,-1.9999532252550125,0.11919829448928812,0,0
131,7,c21,0010,0010,0110,-0.42088887095451355,-1.139474630355835,0.7185857594013214,0.6564643857873071,1,0
131,8,s30,0010,0010,1000,-0.757709264755249,-0.7850541472434998,0.027344882488250732,0.46874989756761365,1,0
132,1,c01,1001,1001,1111,-1.8057889938354492,-2.285054922103882,0.4792659282684326,0.1645055693488458,1,0
132,2,x1,1101,1101,0000,-0.015536351129412651,-5.939309120178223,5.92377276904881,0.984588924360521,1,0
132,3,c23,1101,1100,1100,-1.502779483795166,-0.25277939438819885,-1.2500000894069672,0.2225128828546734,0,0
132,4,x2,1111,1111,1110,-0.0031711184419691563,-5.940671443939209,5.93750032549724,0.996869790738808,1,0
132,5,x0,0111,0111,1111,-0.011597498320043087,-5.008193016052246,4.996595517732203,0.9923194271173524,1,0
132,6,s23,0111,0111,0101,-0.3762621283531189,-1.4313772916793823,1.0551151633262634,0.6864236195706737,1,0
132,7,x0,1111,1111,0111,-0.0038251997902989388,-6.693548202514648,6.6897230027243495,0.9986429530799499,1,0
132,8,t120,0111,1111,1111,-0.9742134213447571,-0.4744521379470825,-0.49976128339767456,0.3774898940823446,0,0
133,1,s20,0101,0101,1001,-1.8657773733139038,-2.5350210666656494,0.6692436933517456,0.15488773550598692,1,0
133,2,s21,0011,0101,0101,-0.8977100253105164,-0.702459454536438,-0.19525057077407837,0.40750917434649997,0,0
133,3,s31,0110,0011,0011,-1.5872783660888672,-1.3117382526397705,-0.2755401134490967,0.2044925132515513,0,0
133,4,x1,0010,0010,0011,-0.8247545957565308,-1.3247545957565308,0.5,0.4383734848149047,1,0
133,5,t213,0010,0010,0011,-0.2651623487472534,-1.515162467956543,1.2500001192092896,0.7670953409110669,1,0
133,6,t203,0010,0010,0011,-0.0009259170037694275,-7.3759260177612305,7.375000100757461,0.9990769464124292,1,0
133,7,t321,0010,0010,0110,-0.011250865645706654,-4.570178985595703,4.5589281199499965,0.9888131542408537,1,0
133,8,s30,0010,0010,1010,-0.9809920787811279,-1.1709434986114502,0.18995141983032227,0.3749555504225492,1,0
134,1,t012,0001,0001,0101,-1.018376111984253,-2.605788469314575,1.5874123573303223,0.361747081995099,1,0
134,2,s02,0001,0001,1000,-0.3921505808830261,-1.2173879146575928,0.8252373337745667,0.6756160608695856,1,0
134,3,x3,0000,0000,1000,-0.0056229098699986935,-5.888352394104004,5.882729484234005,0.9944042739640998,1,0
134,4,t012,0000,0000,1000,-0.0006822452414780855,-8.132338523864746,8.131656278623268,0.9993188658166152,1,0
134,5,s10,0000,0000,1000,-0.0891733169555664,-2.464031457901001,2.3748581409454346,0.9147681152524042,1,0
134,6,t213,0000,0000,1000,-0.00034399947617202997,-8.62314510345459,8.622801103978418,0.999662286583886,1,0
134,7,t201,0000,0000,1000,-0.0002844134869519621,-8.759937286376953,8.759652872890001,0.999723965862883,1,0
134,8,t310,0000,0000,1000,-0.029759466648101807,-3.529759168624878,3.499999701976776,0.9706792561954126,1,0
135,1,t012,0001,0001,0110,-0.8675611019134521,-2.8922653198242188,2.0247042179107666,0.42066655377617146,1,0
135,2,x0,1001,1001,0001,-0.12959732115268707,-2.294619083404541,2.165021762251854,0.8785804999800306,1,0
135,3,x1,1101,1101,1011,-0.0016875453293323517,-7.6289381980896,7.627250652760267,0.9983239217580191,1,0
135,4,c31,1001,1001,1101,-0.4741920232772827,-1.0122146606445312,0.5380226373672485,0.6223915637506892,1,0
135,5,s03,1001,1001,0001,-1.1369985342025757,-1.3130508661270142,0.17605233192443848,0.3207833565556655,1,0
135,6,t320,1001,1001,0001,-0.25202855467796326,-1.5126025676727295,1.2605740129947662,0.7772233348507304,1,0
135,7,s32,1010,1010,1001,-0.20296402275562286,-1.9282917976379395,1.7253277748823166,0.8163088563300014,1,0
135,8,s21,1100,1100,1010,-0.13114184141159058,-2.1323530673980713,2.0012112259864807,0.8770944995851627,1,0
136,1,t210,1100,1100,0100,-1.2973791360855103,-2.1425294876098633,0.845150351524353,0.2737159144127215,1,0
136,2,x0,0100,0100,1110,-0.02243059128522873,-4.7699875831604,4.747556991875172,0.978002605618567,1,0
136,3,t301,0100,0100,1100,-0.0036665317602455616,-7.306764125823975,7.303097594063729,0.9963488743073914,1,0
136,4,s01,1000,1000,0100,-0.30409106612205505,-1.4085142612457275,1.1044231951236725,0.7390646808562695,1,0
136,5,t320,1000,1000,0000,-0.2527850270271301,-1.5331001281738281,1.280315101146698,0.7766690299037827,1,0
136,6,s23,1000,1000,1010,-0.3887883126735687,-1.137813925743103,0.7490256130695343,0.6778887598920471,1,0
136,7,c20,1000,1000,0000,-0.4740864038467407,-0.9758070707321167,0.501720666885376,0.6224564191640259,1,0
136,8,s30,0001,0001,1000,-0.8028725385665894,-0.974829375743866,0.1719568371772766,0.4480505087569017,1,0
137,1,t032,1010,1010,1000,-1.5134469270706177,-2.047635316848755,0.5341883897781372,0.22038881877618566,1,0
137,2,x3,1011,1011,0000,-0.015083960257470608,-6.137406349182129,6.122322388924658,0.9851256020719498,1,0
137,3,x3,1010,1010,1000,-0.0004900323692709208,-9.576437950134277,9.575947917765006,0.9995230705307916,1,0
137,4,c23,1011,1011,1010,-0.020701630041003227,-3.8957014083862305,3.8749997783452272,0.9795140139211652,1,0
137,5,x2,1001,1001,1110,-0.000251761608524248,-9.609787940979004,9.60953617937048,0.9997836841093356,1,0
137,6,c23,1001,1001,1000,-0.02329789474606514,-3.7732977867126465,3.7499998919665813,0.9769725552737861,1,0
137,7,t210,1001,1001,0001,-0.03814452141523361,-3.289144277572632,3.2509997561573982,0.9625741324212447,1,0
137,8,t210,1001,1001,0001,-0.25202617049217224,-1.502707839012146,1.2506816685199738,0.7772261637069864,1,0
138,1,c21,1011,1011,1111,-1.563750147819519,-2.1774628162384033,0.6137126684188843,0.20951731078527974,1,0
138,2,x3,1010,1010,1110,-0.24563288688659668,-3.5991690158843994,3.3535361289978027,0.7823643625557477,1,0
138,3,t321,1010,1110,1110,-1.318508505821228,-0.4667242169380188,-0.8517842888832092,0.2675357675480151,0,0
138,4,t201,1110,1110,1010,-0.5838937163352966,-0.8262389302253723,0.24234521389007568,0.5577236360698906,1,0
138,5,x2,1100,1100,1101,-0.00025438290322199464,-9.31275463104248,9.312500248139258,0.9997541150849405,1,0
138,6,t023,1100,1100,1101,-0.5235751271247864,-0.8985751271247864,0.375,0.5924118122939621,1,0
138,7,c32,1100,1110,1110,-0.7165242433547974,-0.6933534145355225,-0.023170828819274902,0.488454319169526,0,0
138,8,x3,1101,1101,1100,-0.000390129629522562,-9.25039005279541,9.249999923165888,0.9996263151758994,1,0
139,1,s13,1001,1100,1100,-2.171816110610962,-2.074204206466675,-0.09761190414428711,0.1140520794492969,0,0
139,2,t312,1001,1011,1011,-1.8402146100997925,-1.7508354187011719,-0.0893791913986206,0.1589681109051719,0,0
139,3,s21,1001,1001,1100,-0.7294541597366333,-0.83758145570755,0.10812729597091675,0.4822782245028993,1,0
139,4,x2,1011,1011,1000,-0.0023003872483968735,-6.352326393127441,6.3500260058790445,0.9977230245125944,1,0
139,5,c23,1010,1010,1011,-0.1135028675198555,-2.2385029792785645,2.125000111758709,0.8927211858806867,1,0
139,6,c30,1010,1010,0010,-0.4310154914855957,-1.0639097690582275,0.6328942775726318,0.6498636087827176,1,0
139,7,x0,0010,0010,1110,-0.049653492867946625,-3.683577537536621,3.6339240446686745,0.9524424374416248,1,0
139,8,t231,0010,0010,0110,-0.024248523637652397,-3.8129749298095703,3.788726406171918,0.9760445271084903,1,0
140,1,c13,0110,0110,1100,-0.706053614616394,-3.0411040782928467,2.3350504636764526,0.49442621996972347,1,0
140,2,x0,1110,1110,0110,-0.3122369050979614,-2.2457752227783203,1.9335383176803589,0.7400266962835251,1,0
140,3,s23,1101,1101,1110,-0.4907076358795166,-1.2301274538040161,0.7394198179244995,0.6121979487320396,1,0
140,4,s32,1110,1110,1101,-0.3722798824310303,-1.2667635679244995,0.8944836854934692,0.6891804495078317,1,0
140,5,t230,1110,1110,0110,-0.5816200971603394,-0.9414805769920349,0.35986047983169556,0.5590195534799213,1,0
140,6,t231,1110,1110,1010,-0.16709479689598083,-2.1424200534820557,1.9753252565860748,0.8461243277181938,1,0
140,7,s03,0111,1110,1110,-1.0231207609176636,-0.47759008407592773,-0.5455306768417358,0.3594846233319871,0,0
140,8,x2,0101,0101,1101,-0.011751039884984493,-5.115217685699463,5.103466645814478,0.9883289033816551,1,0
141,1,x2,1000,1000,1011,-1.3540349006652832,-1.8275225162506104,0.47348761558532715,0.2586482941976004,1,0
141,2,x2,1010,1010,1001,-0.14414362609386444,-2.7887895107269287,2.6446458846330643,0.8658091580124545,1,0
141,3,s01,0110,0110,1010,-0.6463665962219238,-0.8532145023345947,0.2068479061126709,0.5240349855623422,1,0
141,4,s02,1100,0110,0110,-1.2456083297729492,-0.7732475399971008,-0.4723607897758484,0.28779013012433685,0,0
141,5,s31,1001,1001,1100,-0.5680156350135803,-1.1566078662872314,0.5885922312736511,0.5666724237808347,1,0
141,6,t132,1001,1011,1011,-1.0724537372589111,-0.6256951093673706,-0.4467586278915405,0.34217753540156676,0,0
141,7,t201,1001,1101,1101,-1.1374398469924927,-0.39495235681533813,-0.7424874901771545,0.3206402604362345,0,0
141,8,s02,0011,1001,1001,-1.2274171113967896,-0.762346088886261,-0.46507102251052856,0.29305092292107426,0,0
142,1,x1,0000,0000,0110,-1.6638967990875244,-2.1164932250976562,0.45259642601013184,0.1896450152198198,1,0
142,2,s13,0000,0000,0100,-0.27832740545272827,-1.6508313417434692,1.372503936290741,0.7570664884728513,1,0
142,3,t201,0000,0000,1000,-0.0015974735142663121,-8.086280822753906,8.08468334923964,0.9984110908148542,1,0
142,4,t321,0000,0000,1000,-0.0007796905701979995,-8.549186706542969,8.54840701597277,0.9992259634652508,1,0
142,5,s01,0000,0000,1000,-0.12811097502708435,-2.126976490020752,1.9988655149936676,0.8797636701699866,1,0
142,6,t123,0000,0000,1000,-0.00022910494590178132,-9.083171844482422,9.08294273953652,0.9997744033115175,1,0
142,7,t012,0000,0000,1000,-8.07017131592147e-05,-9.524580955505371,9.524500253792212,0.9999213360756304,1,0
142,8,s23,0000,0000,0010,-0.01718464121222496,-4.141308307647705,4.12412366643548,0.9829622865146118,1,0
143,1,s01,0001,0001,1000,-1.325438141822815,-2.785449981689453,1.4600118398666382,0.2660602481125667,1,0
143,2,s20,0001,0001,1000,-0.5951324701309204,-0.8675321936607361,0.2723997235298157,0.5515122492975544,1,0
143,3,t130,0001,0001,1001,-0.12694238126277924,-2.12811017036438,2.0011677891016006,0.880789273176487,1,0
143,4,s10,0001,1000,1000,-0.9452645778656006,-0.7315961122512817,-0.21366846561431885,0.3886673472504982,0,0
143,5,x1,0101,0101,0001,-0.0014487525913864374,-7.032506465911865,7.031057713320479,0.9985634890806894,1,0
143,6,x2,0111,0111,0100,-0.0021441648714244366,-7.889642715454102,7.887498550582677,0.9979042849412416,1,0
143,7,t021,0111,0111,1111,-0.0026101116091012955,-6.362939834594727,6.360329722985625,0.997396255819301,1,0
143,8,x1,0011,0011,1111,-0.00936967134475708,-5.305899143218994,5.296529471874237,0.9908642848042215,1,0
144,1,c01,0111,0111,0000,-1.4048843383789062,-2.423679828643799,1.0187954902648926,0.2457352640299771,1,0
144,2,x0,1111,1111,0110,-0.2771948575973511,-3.13631010055542,2.859115242958069,0.7580001411940459,1,0
144,3,c23,1110,1110,1101,-0.0061964355409145355,-6.831325054168701,6.825128618627787,0.9939061725958361,1,0
144,4,t120,0110,1110,1110,-1.1428896188735962,-0.38735106587409973,-0.7555385529994965,0.3188983229825741,0,0
144,5,x3,0111,0111,1111,-0.005499428138136864,-5.628882884979248,5.623383456841111,0.9945224751874017,1,0
144,6,s12,0111,0111,0011,-0.43893805146217346,-1.0627983808517456,0.6238603293895721,0.6447213922094414,1,0
144,7,c21,0011,0011,0111,-0.2823660969734192,-1.4097288846969604,1.1273627877235413,0.7540066106864917,1,0
144,8,s03,1010,1010,0011,-0.45337751507759094,-1.0538444519042969,0.6004669368267059,0.6354927042726858,1,0
145,1,t203,0110,0111,0111,-2.4810614585876465,-1.231061577796936,-1.2499998807907104,0.08388538552345318,0,0
145,2,t102,0110,0110,0100,-0.13385531306266785,-3.388667583465576,3.2548122704029083,0.8747466267324405,1,0
145,3,t301,0110,0110,1010,-0.011374544352293015,-6.336534023284912,6.325159478932619,0.9886948292899788,1,0
145,4,s31,0011,0011,0110,-0.3296073377132416,-1.3311681747436523,1.0015608370304108,0.7192345917322059,1,0
145,5,x3,0010,0010,0011,-0.0012960106832906604,-7.813796043395996,7.812500032712705,0.9987136986741396,1,0
145,6,s21,0100,0100,0010,-0.6354436278343201,-0.8303691148757935,0.1949254870414734,0.529703493410793,1,0
145,7,c20,0100,1100,1100,-1.9116928577423096,-0.1646268665790558,-1.7470659911632538,0.14784804594826462,0,0
145,8,c12,0110,0110,0100,-0.4789871573448181,-0.9794167280197144,0.5004295706748962,0.61941547229067,1,0
146,1,x1,0111,0111,0000,-1.6460416316986084,-2.2483127117156982,0.6022710800170898,0.19308966085656054,1,0
146,2,t012,0111,0111,0100,-0.25777751207351685,-3.27016282081604,3.012385308742523,0.7728631575727443,1,0
146,3,x2,0101,0101,1110,-0.012327063828706741,-6.223826885223389,6.211499821394682,0.9877680341252051,1,0
146,4,s12,0011,0101,0101,-1.164818286895752,-0.43445202708244324,-0.7303662598133087,0.3119799218368713,0,0
146,5,x0,1011,1011,1001,-0.014709549956023693,-4.514336585998535,4.4996270360425115,0.9858843710665208,1,0
146,6,t123,1011,1010,1010,-2.4848551750183105,-0.10985520482063293,-2.3749999701976776,0.08334152821896551,0,0
146,7,x0,0011,0011,1111,-0.012762810103595257,-4.701077461242676,4.6883146511390805,0.9875105383260164,1,0
146,8,s02,1001,1001,0011,-0.3632837235927582,-1.2240365743637085,0.8607528507709503,0.6954117523022905,1,0
147,1,x2,1010,1010,1011,-0.9540961980819702,-2.3290963172912598,1.3750001192092896,0.3866251025628814,1,0
147,2,x3,1011,1011,1100,-0.04628388583660126,-5.553098678588867,5.506814792752266,0.9548480186725387,1,0
147,3,x0,0011,0011,1111,-0.061694055795669556,-3.250399589538574,3.1887055337429047,0.9414415753398999,1,0
147,4,t230,1011,1011,0011,-0.2808816432952881,-1.5069854259490967,1.2261037826538086,0.7551479266934085,1,0
147,5,s12,1101,1101,1100,-0.4975043833255768,-1.8725043535232544,1.3749999701976776,0.6080538148540902,1,0
147,6,s13,1101,1001,1001,-1.2431343793869019,-1.0967010259628296,-0.14643335342407227,0.2884930958353573,0,0
147,7,s31,1101,1101,1001,-0.9267027378082275,-1.3002451658248901,0.3735424280166626,0.39587546415925506,1,0
147,8,s12,1011,1101,1101,-0.9859504699707031,-0.949073076248169,-0.03687739372253418,0.3730857680463731,0,0
148,1,s12,0000,0000,0100,-1.261658787727356,-2.110499620437622,0.8488408327102661,0.2834664279202932,1,0
148,2,s01,0000,0000,1000,-0.3939679265022278,-1.1449449062347412,0.7509769797325134,0.6744730703567301,1,0
148,3,t031,0000,0000,1000,-0.0005906448932364583,-8.64278507232666,8.642194427433424,0.9994154206489966,1,0
148,4,s01,0000,0000,1000,-0.12695375084877014,-2.1274354457855225,2.0004816949367523,0.8807769826724603,1,0
148,5,x3,0001,0001,0000,-0.0013799592852592468,-7.12637996673584,7.125000007450581,0.9986350428487129,1,0
148,6,s10,0001,0001,1000,-0.20060282945632935,-2.08601975440979,1.8854169249534607,0.8182489261999194,1,0
148,7,t320,0001,0001,1001,-0.10022137314081192,-2.3503623008728027,2.250140927731991,0.9046393251592266,1,0
148,8,t301,0001,0001,1001,-0.0009326344006694853,-7.009342670440674,7.008410036040004,0.9990693282924897,1,0
149,1,c30,0100,0100,1100,-1.3022186756134033,-2.0155320167541504,0.7133133411407471,0.2723552063172805,1,0
149,2,x1,0000,0000,1000,-0.032456446439027786,-5.205019950866699,5.172563504427671,0.9688484374307611,1,0
149,3,c21,0000,0000,0100,-0.048967622220516205,-3.0489699840545654,3.0000023618340492,0.9522242873018112,1,0
149,4,t301,0000,0000,1000,-0.0002172975946450606,-8.69129753112793,8.691080233533285,0.9997837882915288,1,0
149,5,x2,0010,0010,0001,-0.0009331338224001229,-7.532070159912109,7.531137026089709,0.9990735039096503,1,0
149,6,c23,0011,0011,0010,-0.10913124680519104,-2.359131336212158,2.250000089406967,0.8966239642394,1,0
149,7,x2,0001,0001,0000,-0.00018441083375364542,-10.375184059143066,10.374999648309313,0.9998304454489759,1,0
149,8,c32,0011,0011,0001,-0.16674672067165375,-2.022580146789551,1.855833426117897,0.8464164231623219,1,0
150,1,s20,0011,1001,1001,-2.5354056358337402,-1.6690478324890137,-0.8663578033447266,0.07931446053323113,0,0
150,2,c32,0001,0001,0100,-1.5799219608306885,-2.2889108657836914,0.7089889049530029,0.20613937817272734,1,0
150,3,t120,0001,0001,1001,-0.41770023107528687,-1.514353632926941,1.096653401851654,0.6586210156057135,1,0
150,4,x0,1001,1001,0001,-0.016565416008234024,-4.765735626220703,4.749170210212469,0.9844325366606101,1,0
150,5,c30,0001,1001,1001,-0.7030584216117859,-0.6941322684288025,-0.008926153182983398,0.49509247783995125,0,0
150,6,x1,0101,0101,0001,-0.0025834771804511547,-6.261039733886719,6.258456256706268,0.9974641460536945,1,0
150,7,c20,0101,1101,1101,-1.4067455530166626,-0.2813621163368225,-1.12538343667984,0.2449501985943283,0,0
150,8,s02,0101,1100,1100,-0.8264502286911011,-0.6519582271575928,-0.1744920015335083,0.43760284319354,0,0
151,1,s31,1110,1110,1101,-1.7341716289520264,-2.1303653717041016,0.3961937427520752,0.1766294469173971,1,0
151,2,s32,1101,1101,1110,-1.277307391166687,-1.5691425800323486,0.2918351888656616,0.2788925458407139,1,0
151,3,t301,1001,1001,1101,-1.0454109907150269,-1.360150694847107,0.3147397041320801,0.3515713458313814,1,0
151,4,s20,0011,1001,1001,-1.9157078266143799,-0.7291586995124817,-1.1865491271018982,0.14724093373822386,0,0
151,5,x3,0010,0010,0011,-0.09313718974590302,-4.155636787414551,4.062499597668648,0.9111792395590903,1,0
151,6,s12,0100,0100,0010,-0.739950954914093,-0.8146801590919495,0.07472920417785645,0.477140541194358,1,0
151,7,t130,0100,0100,1100,-0.4778384268283844,-0.9824143052101135,0.5045758783817291,0.620166757023989,1,0
151,8,c32,0100,0110,0110,-1.189199686050415,-0.3919370174407959,-0.7972626686096191,0.3044678822948067,0,0
152,1,t132,1000,1000,1010,-0.8698937892913818,-2.302997589111328,1.4331037998199463,0.4200328869276133,1,0
152,2,c03,1001,1001,1000,-0.014544370584189892,-6.0145440101623535,5.999999639578164,0.9856631394408866,1,0
152,3,x1,1101,1101,1100,-0.002181763295084238,-7.377181529998779,7.374999766703695,0.9978254785423218,1,0
152,4,t321,1101,1101,1001,-0.39287304878234863,-1.1410847902297974,0.7482117414474487,0.6751159204620082,1,0
152,5,c02,1111,1111,1110,-0.0013668176252394915,-7.12636661529541,7.124999797670171,0.9986456156167057,1,0
152,6,s21,1111,1111,1011,-0.4748932719230652,-0.974399983882904,0.49950671195983887,0.6219521506915618,1,0
152,7,t032,1101,1101,1111,-0.04365662857890129,-3.194525718688965,3.1508690901100636,0.9572940502342567,1,0
152,8,x3,1100,1100,1111,-0.0004358013975434005,-9.035524368286133,9.03508856688859,0.9996002830795666,1,0
153,1,s32,0111,0110,0110,-2.148737668991089,-1.6487375497817993,-0.5000001192092896,0.11674581070512759,0,0
153,2,s10,1011,0111,0111,-1.5993667840957642,-1.0583754777908325,-0.5409913063049316,0.2020618567015892,0,0
153,3,s12,1101,1101,1011,-0.7955180406570435,-1.3959318399429321,0.6004137992858887,0.45136629677604195,1,0
153,4,x3,1100,1100,1101,-0.1365010142326355,-2.6365010738372803,2.5000000596046448,0.8730842260979412,1,0
153,5,t102,1110,1110,1100,-0.6390353441238403,-0.766928493976593,0.12789314985275269,0.5278408256976754,1,0
153,6,s30,0111,1110,1110,-1.231187343597412,-0.5712794661521912,-0.659907877445221,0.2919719902540813,0,0
153,7,s21,0111,0011,0011,-1.3093218803405762,-0.5633015632629395,-0.7460203170776367,0.27000581209506963,0,0
153,8,s12,0111,0011,0011,-1.3480825424194336,-1.002321720123291,-0.3457608222961426,0.25974206884510154,0,0
154,1,x0,1000,1000,0000,-1.4455772638320923,-2.2918920516967773,0.8463147878646851,0.2360208453404291,1,0
154,2,s32,1000,1000,1010,-0.29671889543533325,-1.766283392906189,1.4695644974708557,0.7433143372560473,1,0
154,3,x2,1010,1010,1011,-0.014059361070394516,-4.514059543609619,4.500000182539225,0.9860776017063437,1,0
154,4,t021,1110,1110,1010,-0.45049524307250977,-1.0544471740722656,0.6039519309997559,0.6373162432600835,1,0
154,5,c02,1100,1100,1011,-0.00798877701163292,-6.640895843505859,6.6329070664942265,0.9920769239484198,1,0
154,6,t203,1100,1100,1101,-0.697941243648529,-0.697941243648529,0.0,0.4976271627253027,0,1
154,7,s31,1001,1001,1100,-0.43424344062805176,-1.3355587720870972,0.9013153314590454,0.6477562493447814,1,0
154,8,c20,1001,0001,0001,-0.9839758276939392,-0.5359266400337219,-0.4480491876602173,0.3738335606795773,0,0
155,1,c32,1010,1010,1000,-1.7612783908843994,-1.8556866645812988,0.09440827369689941,0.17197361658366447,1,0
155,2,s20,1010,1010,0010,-0.8785988688468933,-1.8016431331634521,0.9230442643165588,0.4153805294828694,1,0
155,3,c12,1010,1010,1000,-0.25317734479904175,-1.5509610176086426,1.2977836728096008,0.7763380395235657,1,0
155,4,x1,1110,1110,1000,-0.00040265818824991584,-8.570382118225098,8.569979460036848,0.999606099890576,1,0
155,5,x1,1010,1010,1011,-0.0013030378613620996,-7.126303195953369,7.125000158092007,0.9987245905067914,1,0
155,6,c23,1011,1011,1010,-0.03426046296954155,-3.4092605113983154,3.375000048428774,0.9663589765058209,1,0
155,7,x3,1010,1010,1110,-0.0004918193444609642,-8.89016056060791,8.88966874126345,0.9996075788271847,1,0
155,8,c32,1010,1010,1000,-0.39176973700523376,-1.5722168684005737,1.18044713139534,0.675861784436472,1,0
156,1,s32,0010,0001,0001,-1.6878606081008911,-1.5724961757659912,-0.1153644323348999,0.1851547491752942,0,0
156,2,c32,0010,0000,0000,-2.1359400749206543,-2.0236475467681885,-0.11229252815246582,0.11821289273266418,0,0
156,3,x0,1010,1010,1000,-0.24312350153923035,-2.5690505504608154,2.325927048921585,0.785399974974933,1,0
156,4,c10,1010,1010,0010,-0.5131301283836365,-1.566967487335205,1.0538373589515686,0.5986227726048382,1,0
156,5,t021,1110,1110,1010,-0.4338648319244385,-1.0551027059555054,0.6212378740310669,0.6480075008377034,1,0
156,6,s31,1011,1011,1110,-0.3216056227684021,-1.3277003765106201,1.006094753742218,0.7249939164377023,1,0
156,7,x3,1010,1010,1011,-0.014200780540704727,-5.201700687408447,5.1874999068677425,0.9861432290568123,1,0
156,8,x1,1110,1110,1000,-0.0028568704146891832,-6.133601188659668,6.130744318244979,0.9971569083714339,1,0
157,1,x1,0101,0101,0010,-1.4398857355117798,-2.295827627182007,0.855941891670227,0.23728971294943965,1,0
157,2,c12,0111,0111,0101,-0.1777614802122116,-3.455328941345215,3.2775674611330032,0.8371767647499959,1,0
157,3,c03,0111,0110,0110,-2.0640981197357178,-0.18909819424152374,-1.874999925494194,0.12693593010190304,0,0
157,4,x3,0110,0110,1110,-0.047701381146907806,-4.970190525054932,4.922489143908024,0.9537538120011348,1,0
157,5,c23,0111,0111,1100,-0.04554068297147751,-4.830860614776611,4.785319931805134,0.9555046031131428,1,0
157,6,x2,0101,0101,1110,-0.011424035765230656,-6.226315975189209,6.214891939423978,0.988685946534671,1,0
157,7,t203,0101,0101,0100,-0.20370274782180786,-1.828702688217163,1.6249999403953552,0.8157292010922669,1,0
157,8,s30,1100,1100,0101,-0.28315025568008423,-1.4066437482833862,1.123493492603302,0.7534669531061053,1,0
158,1,x0,1101,1101,0101,-2.02701997756958,-2.5389580726623535,0.5119380950927734,0.13192157038694347,1,0
158,2,c01,1001,1001,0000,-0.3790176808834076,-3.0418145656585693,2.6627968847751617,0.6848141876906302,1,0
158,3,t201,1001,1101,1101,-1.0541869401931763,-0.43084394931793213,-0.6233429908752441,0.3484781693387461,0,0
158,4,c30,0001,1001,1001,-1.0574290752410889,-0.4288654327392578,-0.628563642501831,0.34735542844447714,0,0
158,5,t213,0001,0001,1000,-0.006156388204544783,-6.499431133270264,6.493274745065719,0.9938791582708537,1,0
158,6,t013,0001,0001,1000,-0.0009297736687585711,-7.66061544418335,7.659685670514591,0.9990717785156406,1,0
158,7,x0,1001,1001,0001,-0.021095750853419304,-4.209041595458984,4.187945844605565,0.9850222501867161,1,0
158,8,x0,0001,0001,1101,-0.02664094604551792,-4.0002827644348145,3.9736418183892965,0.9740091067003562,1,0
159,1,s01,0100,1000,1000,-1.9103277921676636,-1.5137150287628174,-0.3966127634048462,0.14840797442040093,0,0
159,2,c12,0110,0110,0100,-0.27619653940200806,-2.422513484954834,2.146316945552826,0.7587456509674748,1,0
159,3,x1,0010,0010,0100,-0.02104698121547699,-4.832037448883057,4.81099046766758,0.9792763720059785,1,0
159,4,s10,0010,0010,1010,-0.29074692726135254,-2.130232334136963,1.8394854068756104,0.7477625082503273,1,0
159,5,c10,0010,0010,1010,-0.20144818723201752,-1.7020113468170166,1.500563159584999,0.8175503067580316,1,0
159,6,x2,0000,0000,0001,-0.000313626485876739,-9.250313758850098,9.250000132364221,0.9996876140389477,1,0
159,7,t302,0000,0000,1000,-0.0008135418756864965,-7.641178607940674,7.640365066064987,0.9991893794941198,1,0
159,8,t013,0000,0000,1000,-0.00036114713293500245,-8.543092727661133,8.542731580528198,0.9996405317812944,1,0
160,1,t023,1011,1011,1010,-1.3203845024108887,-1.9453845024108887,0.625,0.2674110103730005,1,0
160,2,c01,1111,1111,1011,-0.23354578018188477,-2.9387729167938232,2.7052271366119385,0.791870336922204,1,0
160,3,t032,1101,1101,1110,-0.13695941865444183,-2.8197576999664307,2.682798281311989,0.8721186089298215,1,0
160,4,s21,1011,1011,1101,-0.644263744354248,-0.9935355186462402,0.3492717742919922,0.5250524776854462,1,0
160,5,s21,1101,1101,1110,-0.9738187193870544,-1.230492353439331,0.2566736340522766,0.37764533757221064,1,0
160,6,c23,1101,1100,1100,-0.705200731754303,-0.705200731754303,0.0,0.49404012749592335,0,1
160,7,s23,1110,1110,1101,-0.2339020073413849,-2.2949376106262207,2.061035603284836,0.7914589923387398,1,0
160,8,s02,1110,1110,0111,-0.5942573547363281,-1.2019670009613037,0.6077096462249756,0.551983181108988,1,0
161,1,s02,0110,1100,1100,-2.3364288806915283,-1.9232215881347656,-0.4132072925567627,0.09680893159320321,0,0
161,2,c31,0110,0010,0010,-1.7000465393066406,-0.878261923789978,-0.8217846155166626,0.18275201085925408,0,0
161,3,c02,0110,0110,0100,-0.03258691728115082,-4.379485130310059,4.346898213028908,0.9679463818186587,1,0
161,4,c01,0110,0110,1110,-0.012749280780553818,-5.68278169631958,5.670032415539026,0.9873356712283494,1,0
161,5,c32,0110,0100,0100,-1.0824215412139893,-0.4860028326511383,-0.596418708562851,0.3387770449864677,0,0
161,6,t023,0110,0110,0111,-0.0036529062781482935,-5.878652572631836,5.874999666353688,0.9963599872733453,1,0
161,7,c12,0100,0100,0110,-0.22697603702545166,-1.6028351783752441,1.3758591413497925,0.7969411083015225,1,0
161,8,t012,0100,0100,0110,-0.0004910989082418382,-8.701875686645508,8.701384587737266,0.9995106058292536,1,0
162,1,s23,1100,1110,1110,-1.7333486080169678,-1.6879570484161377,-0.04539155960083008,0.17693586946136786,0,0
162,2,x0,0100,0100,0101,-0.5511299967765808,-1.6761300563812256,1.1250000596046448,0.5806805413797235,1,0
162,3,s12,0010,0010,0100,-0.8538681268692017,-1.1569761037826538,0.30310797691345215,0.4257702351736427,1,0
162,4,s10,0010,1010,1010,-1.278703212738037,-1.1822450160980225,-0.09645819664001465,0.27846207790665567,0,0
162,5,c13,0010,0011,0011,-0.9846533536911011,-0.4846533536911011,-0.5,0.3735755631180029,0,0
162,6,s01,0010,0010,1000,-0.38976356387138367,-1.5282652378082275,1.1385016739368439,0.6772272468003421,1,0
162,7,t102,0010,0010,1010,-0.00026164224254898727,-9.001675605773926,9.001413963531377,0.9997403624225633,1,0
162,8,x0,1010,1010,0110,-0.09016893804073334,-2.8520264625549316,2.7618575245141983,0.914775625620155,1,0
163,1,s01,0101,1001,1001,-1.9533534049987793,-1.7570276260375977,-0.19632577896118164,0.14207717742228107,0,0
163,2,s20,0101,1100,1100,-1.0149931907653809,-0.7938841581344604,-0.2211090326309204,0.3624190530768178,0,0
163,3,t312,0111,0111,0101,-0.04859571531414986,-3.173522710800171,3.124926995486021,0.9525815356266124,1,0
163,4,x1,0011,0011,0101,-0.0015413626097142696,-7.005753517150879,7.004212154541165,0.9985041254308056,1,0
163,5,x2,0001,0001,0111,-0.0006384793668985367,-7.813943862915039,7.8133053835481405,0.999364606303446,1,0
163,6,c31,0101,0101,0001,-0.21132317185401917,-1.7017656564712524,1.4904424846172333,0.8095319765554466,1,0
163,7,x1,0001,0001,0101,-0.007865970022976398,-5.5358781814575195,5.528012211434543,0.992198062877824,1,0
163,8,s10,0001,0001,1001,-0.5768812298774719,-0.8557153940200806,0.27883416414260864,0.5616546656485157,1,0
164,1,s01,1010,0110,0110,-2.6565897464752197,-1.5802452564239502,-1.0763444900512695,0.07027947069347211,0,0
164,2,x2,1000,1000,1100,-1.3789092302322388,-2.6600234508514404,1.2811142206192017,0.25203637165113724,1,0
164,3,s10,0100,1000,1000,-2.375890016555786,-1.391779899597168,-0.9841101169586182,0.0929435037764303,0,0
164,4,s03,0100,0100,1001,-1.6558291912078857,-2.198267936706543,0.5424387454986572,0.1909579379559836,1,0
164,5,c32,0100,0110,0110,-1.6724269390106201,-1.0417850017547607,-0.6306419372558594,0.18785125078020928,0,0
164,6,t321,0100,0100,0000,-0.2435426563024521,-2.883847713470459,2.640305057168007,0.7838900017641927,1,0
164,7,x2,0110,0110,1100,-0.001921543967910111,-7.758269309997559,7.7563477660296485,0.9980854855932797,1,0
164,8,c03,0110,0110,0111,-0.29625558853149414,-1.4212555885314941,1.125,0.7436142638241166,1,0
165,1,c31,0100,0000,0000,-1.8363637924194336,-1.8231545686721802,-0.013209223747253418,0.15964295694557218,0,0
165,2,t123,0100,0100,0101,-0.2092437893152237,-1.8342437744140625,1.6249999850988388,0.8112414017200514,1,0
165,3,x1,0000,0000,1000,-0.0023205142933875322,-8.025666236877441,8.023345722584054,0.9979860173061535,1,0
165,4,c01,0000,0000,1000,-0.00021884740272071213,-8.927267074584961,8.92704822718224,0.9997816666859188,1,0
165,5,s12,0000,0000,0100,-0.02013269066810608,-4.020090579986572,3.999957889318466,0.9800696977938781,1,0
165,6,t021,0000,0000,1000,-4.9947590014198795e-05,-10.210827827453613,10.210777879863599,0.9999515328561196,1,0
165,7,c02,0000,0000,0010,-0.00015246306429617107,-9.516183853149414,9.516031390085118,0.9998476330428621,1,0
165,8,t021,0000,0000,1000,-9.881983714876696e-05,-9.3212890625,9.321190242662851,0.9999016304365036,1,0
166,1,c23,1111,1111,1110,-0.9277387857437134,-1.927738904953003,1.0000001192092896,0.3960813924893486,1,0
166,2,s12,1111,1111,1011,-0.6777979731559753,-1.065194845199585,0.3873968720436096,0.5077519071325689,1,0
166,3,x0,0111,0111,1111,-0.05877203494310379,-3.5342659950256348,3.475493960082531,0.9544992060501448,1,0
166,4,c12,0101,0101,0111,-0.18686966598033905,-1.9245682954788208,1.7376986294984818,0.8296068351709617,1,0
166,5,s31,0101,0101,0001,-0.4415576756000519,-1.0686434507369995,0.6270857751369476,0.643054869854719,1,0
166,6,s03,1100,1100,0101,-0.3872469663619995,-1.1372214555740356,0.7499744892120361,0.678942329162707,1,0
166,7,s23,1100,1100,1110,-0.23621246218681335,-1.605791449546814,1.3695789873600006,0.7896194397756829,1,0
166,8,x1,1000,1000,1100,-0.007078626658767462,-5.394715785980225,5.387637159321457,0.9929501884034678,1,0
167,1,c32,0011,0001,0001,-1.7336536645889282,-1.5732271671295166,-0.16042649745941162,0.17698759803334113,0,0
167,2,s23,0011,0011,0001,-1.321378231048584,-1.5031439065933228,0.18176567554473877,0.2667956007065542,1,0
167,3,s02,1001,0011,0011,-0.9192669987678528,-0.616227388381958,-0.3030396103858948,0.39882891778515184,0,0
167,4,t301,1101,1101,1001,-0.5926238894462585,-0.9109264612197876,0.31830257177352905,0.5528819437382442,1,0
167,5,c02,1111,1111,1110,-0.010053012520074844,-5.760052680969238,5.749999668449163,0.9901353628285412,1,0
167,6,s20,1111,1111,0111,-0.5818644165992737,-0.8332839012145996,0.2514194846153259,0.5588633015022966,1,0
167,7,c13,1110,1110,1101,-0.009927429258823395,-5.175120830535889,5.165193401277065,0.9901430600291282,1,0
167,8,s21,1110,1110,1011,-0.7056978940963745,-1.0686023235321045,0.36290442943573,0.49376469877043616,1,0
168,1,c20,0011,1011,1011,-1.930349349975586,-1.8954483270645142,-0.03490102291107178,0.145323181422706,0,0
168,2,s02,1001,0011,0011,-1.190234899520874,-1.0396431684494019,-0.15059173107147217,0.30417240353482555,0,0
168,3,t201,1001,1001,1101,-0.6626772284507751,-0.8003581762313843,0.13768094778060913,0.5154965592444192,1,0
168,4,t302,1011,1011,1001,-0.09974759817123413,-2.4716360569000244,2.3718884587287903,0.9051091892769542,1,0
168,5,c21,1111,1111,1011,-0.0661918893456459,-3.4096755981445312,3.3434837087988853,0.9359691772705196,1,0
168,6,s12,1111,1111,1011,-0.35849812626838684,-1.2487198114395142,0.8902216851711273,0.6987263474045372,1,0
168,7,c20,0111,0111,1111,-0.38787922263145447,-1.1388840675354004,0.7510048449039459,0.6785176744349836,1,0
168,8,t012,0111,0111,1101,-0.004490031860768795,-6.750030517578125,6.745540485717356,0.995522068384168,1,0
169,1,x3,0001,0001,0000,-0.9605152606964111,-2.210515260696411,1.25,0.38430929148185394,1,0
169,2,t210,0001,0001,1001,-0.18580886721611023,-2.098586082458496,1.9127772152423859,0.8304573211568784,1,0
169,3,s01,0001,0001,1000,-0.579804539680481,-0.9693249464035034,0.38952040672302246,0.5600507683071028,1,0
169,4,c12,0001,0001,0011,-0.6330519318580627,-0.7664011716842651,0.1333492398262024,0.530972599691123,1,0
169,5,c23,0001,0001,0000,-0.35116201639175415,-1.226162075996399,0.8750000596046448,0.7038722654851501,1,0
169,6,t130,0001,0001,1001,-0.2520086169242859,-1.502255916595459,1.250247299671173,0.7772502218235257,1,0
169,7,c31,0101,0101,0001,-0.31932806968688965,-1.4065420627593994,1.0872139930725098,0.7266449610759749,1,0
169,8,s02,0101,0101,1101,-0.7618947625160217,-0.8689490556716919,0.10705429315567017,0.4667850170805342,1,0
170,1,x1,0011,0011,0100,-1.4739015102386475,-2.2803404331207275,0.8064389228820801,0.22933356725547271,1,0
170,2,s13,0110,0011,0011,-1.025869607925415,-0.9401168823242188,-0.08575272560119629,0.3584967329747707,0,0
170,3,t231,0110,0110,0011,-0.3431260585784912,-2.075993776321411,1.73286771774292,0.7095804670534366,1,0
170,4,s20,1100,1100,0110,-0.45579928159713745,-1.3274577856063843,0.8716585040092468,0.6340077127207517,1,0
170,5,s20,0110,1100,1100,-1.6007894277572632,-0.5261027216911316,-1.0746867060661316,0.20173872192963288,0,0
170,6,s30,0110,0110,1010,-1.3467812538146973,-1.8138681650161743,0.46708691120147705,0.26014893773990483,1,0
170,7,t210,1110,1110,0110,-0.33309096097946167,-1.314165472984314,0.9810745120048523,0.7167557849610718,1,0
170,8,s02,1110,1110,0110,-1.0002633333206177,-1.1578807830810547,0.157617449760437,0.3677964837731804,1,0
171,1,t032,0001,0001,0010,-0.8184590339660645,-2.9116768836975098,2.0932178497314453,0.4423572401966408,1,0
171,2,t201,0001,0001,1001,-0.03847081586718559,-3.8303382396698,3.791867423802614,0.9622660246005793,1,0
171,3,c03,0001,0001,1000,-0.0010222496930509806,-8.133727073669434,8.132704823976383,0.9989797012748032,1,0
171,4,t301,0001,0001,1001,-0.004105562809854746,-5.53447151184082,5.530365949030966,0.9959082661451396,1,0
171,5,s13,0100,0100,0001,-0.2366088330745697,-1.6120461225509644,1.3754372894763947,0.7893064964882441,1,0
171,6,c20,0100,1100,1100,-1.1377151012420654,-0.38842424750328064,-0.7492908537387848,0.320554973245948,0,0
171,7,t201,0100,0100,0000,-0.0018469156930223107,-6.505921840667725,6.504074924974702,0.9981553650630935,1,0
171,8,c03,0100,0100,0101,-0.008294031023979187,-4.883293628692627,4.874999597668648,0.9917431996973018,1,0
172,1,c32,0000,0000,0010,-1.5227866172790527,-1.5961289405822754,0.07334232330322266,0.21856259756306362,1,0
172,2,t203,0000,0000,1000,-0.05733202025294304,-4.520385265350342,4.463053245097399,0.9443561191608646,1,0
172,3,s12,0000,0000,0100,-0.057045575231313705,-2.931837558746338,2.874791983515024,0.9445683689989558,1,0
172,4,c30,0000,0000,1000,-0.12694662809371948,-2.1269404888153076,1.9999938607215881,0.8807862915909425,1,0
172,5,x0,1000,1000,0000,-0.06231717765331268,-2.845977306365967,2.783660128712654,0.9399047128671274,1,0
172,6,x2,1010,1010,1001,-0.0009392675128765404,-7.577307224273682,7.576367956760805,0.9990667662175128,1,0
172,7,s23,1001,1010,1010,-0.8423187732696533,-0.5888770222663879,-0.2534417510032654,0.43071136147735434,0,0
172,8,c23,1001,1001,1000,-0.313466340303421,-1.3134663105010986,0.9999999701976776,0.7309197965475781,1,0
173,1,s03,0100,0100,0101,-1.5581966638565063,-2.683196544647217,1.1249998807907104,0.21077835669546097,1,0
173,2,s13,0001,0001,0100,-0.38001585006713867,-1.4503638744354248,1.0703480243682861,0.6838603395844549,1,0
173,3,s03,1000,1000,0001,-0.5661754608154297,-1.0304983854293823,0.46432292461395264,0.56773035356785,1,0
173,4,c02,1010,1010,1000,-1.1093144416809082,-2.460174798965454,1.350860357284546,0.33019300125925233,1,0
173,5,x1,1110,1110,1000,-0.03700036555528641,-3.988863229751587,3.9518628641963005,0.9637236877270671,1,0
173,6,s23,1101,1101,1110,-0.846768856048584,-0.8972833156585693,0.05051445960998535,0.4288265585795304,1,0
173,7,t301,1001,1001,1101,-0.3183259963989258,-1.4100604057312012,1.0917344093322754,0.7273767696688102,1,0
173,8,t013,1001,1001,1000,-0.1692633032798767,-2.0442633628845215,1.8750000596046448,0.844316499550065,1,0
174,1,t203,0010,0010,0011,-1.1779788732528687,-1.9279789924621582,0.7500001192092896,0.3087887912868295,1,0
174,2,c02,0010,0010,0000,-0.24415545165538788,-2.318723440170288,2.0745679885149,0.7834188807743172,1,0
174,3,t230,0010,0010,1010,-0.47473475337028503,-0.9774513840675354,0.5027166306972504,0.6220770847493985,1,0
174,4,x2,0000,0000,0010,-0.0016758819110691547,-7.638526439666748,7.636850557755679,0.998337226990816,1,0
174,5,s30,0000,0000,1000,-0.4741499125957489,-0.9741208553314209,0.499970942735672,0.6224246618739434,1,0
174,6,x1,0100,0100,0000,-0.0017840536311268806,-6.378035068511963,6.376251014880836,0.9982243733359796,1,0
174,7,x0,1100,1100,0100,-0.037437960505485535,-4.555357933044434,4.517919972538948,0.9887690160763521,1,0
174,8,s23,1100,1100,1110,-0.1660185307264328,-1.9128862619400024,1.7468677312135696,0.8470313144552298,1,0
175,1,s20,0001,0001,1001,-1.5221292972564697,-2.4822912216186523,0.9601619243621826,0.21850716548351515,1,0
175,2,c20,0001,1001,1001,-0.9762189984321594,-0.47857603430747986,-0.49764296412467957,0.37674547109772105,0,0
175,3,t023,0001,0001,1000,-0.012385777197778225,-5.769948482513428,5.7575627053156495,0.9877533432052281,1,0
175,4,x1,0101,0101,0001,-0.0014631629455834627,-7.407548904418945,7.406085741473362,0.9985475981870515,1,0
175,5,t320,0101,1101,1101,-1.1370142698287964,-0.3871447741985321,-0.7498694956302643,0.32077879597684833,0,0
175,6,x2,0111,0111,0001,-0.0004548694705590606,-8.880289077758789,8.87983420828823,0.9995530655346307,1,0
175,7,c21,0011,0011,0111,-0.2813703715801239,-1.4065213203430176,1.1251509487628937,0.7547649202578227,1,0
175,8,t231,0111,0111,0011,-0.5925376415252686,-0.8260314464569092,0.23349380493164062,0.552922960125423,1,0
176,1,s02,1010,1010,0010,-1.6022727489471436,-2.2113261222839355,0.609053373336792,0.20166068375230087,1,0
176,2,x3,1011,1011,0000,-0.06923425197601318,-4.597262382507324,4.528028130531311,0.933421187785161,1,0
176,3,s12,1101,1101,1011,-0.12940888106822968,-2.360659599304199,2.2312507182359695,0.8786284462677417,1,0
176,4,c31,1001,1001,1101,-0.49359413981437683,-1.0898959636688232,0.5963018238544464,0.6104613389489869,1,0
176,5,c32,1011,1010,1010,-0.9866397380828857,-0.6116397380828857,-0.375,0.3728620719935131,0,0
176,6,x3,1010,1010,1001,-0.0006914490950293839,-9.034282684326172,9.033591235231142,0.9993673247199056,1,0
176,7,t120,1010,1010,0010,-0.0801769345998764,-2.635214328765869,2.5550373941659927,0.9229594025932705,1,0
176,8,t023,1011,1011,1010,-0.20195430517196655,-1.7019542455673218,1.4999999403953552,0.8171388079405433,1,0
177,1,c23,0010,0010,0011,-1.1162410974502563,-1.9912410974502563,0.875,0.3281340365443504,1,0
177,2,t123,0010,0010,0011,-0.12575800716876984,-2.750757932662964,2.624999925494194,0.8818643701725206,1,0
177,3,x0,1010,1010,0010,-0.14347314834594727,-2.5571398735046387,2.4136667251586914,0.887664940607194,1,0
177,4,t213,1010,1011,1011,-0.7591007947921753,-0.6341007947921753,-0.125,0.46809040063127716,0,0
177,5,x1,1110,1110,1000,-0.0006989557296037674,-8.562520027160645,8.56182107143104,0.999303778147281,1,0
177,6,s12,1110,1110,1011,-0.19475185871124268,-1.9345290660858154,1.7397772073745728,0.8230393121536425,1,0
177,7,s32,1101,1110,1110,-0.9215779304504395,-0.5330881476402283,-0.3884897828102112,0.3978914921133683,0,0
177,8,t130,0101,1101,1101,-0.9914153814315796,-0.47453761100769043,-0.5168777704238892,0.3710559927089232,0,0
178,1,t123,1001,1001,1000,-0.8364962339401245,-2.336496353149414,1.5000001192092896,0.43407295259898104,1,0
178,2,t103,1001,1001,1000,-0.06233423948287964,-3.5623342990875244,3.5000000596046448,0.9395959616825055,1,0
178,3,s01,0101,0101,1001,-0.4297335743904114,-1.0679610967636108,0.6382275223731995,0.6507338363547961,1,0
178,4,s23,0110,0110,0101,-0.12359945476055145,-2.861799955368042,2.7382005006074905,0.8837624594958784,1,0
178,5,c03,0110,0110,0111,-0.0813184455037117,-2.5813183784484863,2.4999999329447746,0.9219030294180475,1,0
178,6,t103,0110,0110,0111,-0.019729839637875557,-4.7697296142578125,4.749999774619937,0.9804729185848269,1,0
178,7,s01,1010,1010,0110,-0.37988805770874023,-1.4241361618041992,1.044248104095459,0.6850926123111315,1,0
178,8,t310,1010,1010,0010,-0.5830663442611694,-1.0438231229782104,0.460756778717041,0.5581851673132784,1,0
179,1,x1,0100,0100,0010,-1.3172634840011597,-2.1451354026794434,0.8278719186782837,0.26836185772706195,1,0
179,2,c13,0101,0101,0100,-0.41978058218955994,-2.419780731201172,2.000000149011612,0.6572579796692138,1,0
179,3,s03,1100,1100,0101,-0.6099390387535095,-0.9284273386001587,0.31848829984664917,0.5434005838219457,1,0
179,4,x1,1000,1000,1110,-0.03389357775449753,-3.845548152923584,3.8116545751690865,0.96671486623402,1,0
179,5,t321,1000,1000,1100,-0.00816868245601654,-5.151731014251709,5.143562331795692,0.9918709623488033,1,0
179,6,x2,1010,1010,1001,-0.00045910116750746965,-8.13732624053955,8.136867139372043,0.9995432858991544,1,0
179,7,c30,1010,1010,0010,-0.6326812505722046,-0.7588844299316406,0.12620317935943604,0.5311733837053548,1,0
179,8,t120,1010,1010,0010,-0.16032058000564575,-1.9137932062149048,1.753472626209259,0.8518729140803,1,0
180,1,s13,0011,0110,0110,-2.13036847114563,-1.8676605224609375,-0.2627079486846924,0.11884194122249414,0,0
180,2,t023,0011,0011,0010,-1.442413330078125,-2.067413330078125,0.625,0.2365462999746072,1,0
180,3,x3,0010,0010,1000,-0.001918087131343782,-8.074914932250977,8.072996845119633,0.9980949612357041,1,0
180,4,s03,0010,1010,1010,-0.8277137279510498,-0.7254328727722168,-0.10228085517883301,0.4370828596619031,0,0
180,5,t302,0010,0010,0000,-0.0015478173736482859,-8.009008407592773,8.007460590219125,0.9984592106976796,1,0
180,6,c20,1010,1010,0010,-0.2871650457382202,-1.4070971012115479,1.1199320554733276,0.7504172518735491,1,0
180,7,c23,1011,1011,1010,-0.14482857286930084,-2.0198285579681396,1.8749999850988388,0.8652091138967297,1,0
180,8,t213,1011,1011,1010,-0.5251017808914185,-0.9001017808914185,0.375,0.5915014360844613,1,0
181,1,t201,0111,0111,0000,-1.5137453079223633,-2.71504807472229,1.2013027667999268,0.22032070099125597,1,0
181,2,t102,0111,0111,0101,-0.1365978717803955,-3.54056453704834,3.4039666652679443,0.8723447485361516,1,0
181,3,x3,0110,0110,1110,-0.005672215949743986,-7.043804168701172,7.038131952751428,0.9943675764216603,1,0
181,4,s21,0110,0110,0011,-0.768464207649231,-1.2092983722686768,0.4408341646194458,0.46372631858571756,1,0
181,5,c03,0110,0110,0111,-0.04244950786232948,-3.292449474334717,3.2499999664723873,0.9584413592333726,1,0
181,6,t102,0110,0110,1110,-0.014952082186937332,-4.877249240875244,4.862297158688307,0.9851618300623378,1,0
181,7,c31,0110,0010,0010,-1.2269214391708374,-0.3513171076774597,-0.8756043314933777,0.29319525258035056,0,0
181,8,x2,0100,0100,1110,-0.006880799774080515,-5.300005912780762,5.293125113006681,0.9931513906110813,1,0
182,1,t320,0011,1011,1011,-2.373042583465576,-1.5122973918914795,-0.8607451915740967,0.09329764573799898,0,0
182,2,x2,0001,0001,0110,-1.4018211364746094,-1.6889243125915527,0.28710317611694336,0.24637047602888523,1,0
182,3,t032,0001,0001,0011,-0.31082606315612793,-3.18481183052063,2.873985767364502,0.7329127191572583,1,0
182,4,s30,1000,1000,0001,-0.3898732364177704,-1.185858130455017,0.7959848940372467,0.6771546553800015,1,0
182,5,x3,1001,1001,0001,-0.00346413254737854,-7.1030659675598145,7.099601835012436,0.9966999563261082,1,0
182,6,s03,1001,0100,0100,-1.1079325675964355,-1.0020473003387451,-0.10588526725769043,0.3302436969856866,0,0
182,7,s30,1001,1001,0011,-0.9142630100250244,-1.2164490222930908,0.3021860122680664,0.4008205548692142,1,0
182,8,s01,0101,0101,1001,-0.5346012115478516,-0.9872309565544128,0.4526297450065613,0.5859950322028482,1,0
183,1,s31,0101,0110,0110,-2.380742073059082,-2.0250110626220703,-0.3557310104370117,0.09257716742693999,0,0
183,2,t032,0101,0101,0111,-0.5897857546806335,-2.054391622543335,1.4646058678627014,0.5545767719633021,1,0
183,3,x1,0001,0001,1000,-0.005757782608270645,-6.828493118286133,6.822735335677862,0.9943349289446113,1,0
183,4,s02,0001,0001,1000,-0.38763466477394104,-1.1426728963851929,0.7550382316112518,0.6786673246570982,1,0
183,5,s02,0001,0001,1000,-0.4741513431072235,-1.0643585920333862,0.5902072489261627,0.6224191804124232,1,0
183,6,s30,1000,1000,0001,-0.4742366671562195,-0.9741876721382141,0.49995100498199463,0.62236435941329,1,0
183,7,s20,0010,1000,1000,-0.9687039256095886,-0.693632960319519,-0.2750709652900696,0.37957523328752113,0,0
183,8,x2,0000,0000,0011,-0.009737236425280571,-5.040712833404541,5.0309755969792604,0.9903174325589447,1,0
184,1,s01,0110,1010,1010,-2.0269126892089844,-1.6834287643432617,-0.34348392486572266,0.13200179222038919,0,0
184,2,t231,0110,0110,0010,-0.4278249740600586,-2.1377429962158203,1.7099180221557617,0.6519587286311852,1,0
184,3,s32,0101,0101,0110,-0.48425349593162537,-1.2264788150787354,0.74222531914711,0.6161595202814822,1,0
184,4,x0,1101,1101,0101,-0.00783563032746315,-5.397609233856201,5.389773603528738,0.9938761263851986,1,0
184,5,s13,1101,1101,1001,-0.6638604402542114,-0.7961093783378601,0.13224893808364868,0.514862716884447,1,0
184,6,s23,1110,1110,1101,-0.05587910860776901,-2.949007511138916,2.893128402531147,0.9456576056132949,1,0
184,7,c03,1111,1111,1110,-0.0050045279785990715,-5.567504405975342,5.562499877996743,0.9950571865986326,1,0
184,8,t132,1101,1101,1111,-0.031339410692453384,-3.5857677459716797,3.5544283352792263,0.9691622799021168,1,0
185,1,s12,0000,0000,0100,-1.1669394969940186,-2.250777244567871,1.0838377475738525,0.3116075558436422,1,0
185,2,x2,0010,0010,0001,-0.023180175572633743,-5.403995037078857,5.380814861506224,0.9771362682279413,1,0
185,3,x3,0011,0011,0010,-0.01909772679209709,-5.769097328186035,5.749999601393938,0.9811124278843872,1,0
185,4,c23,0010,0010,0011,-0.05824095383286476,-3.0582406520843506,2.999999698251486,0.9434294912525835,1,0
185,5,s21,0100,0010,0010,-1.8338578939437866,-0.23516714572906494,-1.5986907482147217,0.15979615230478322,0,0
185,6,s31,0001,0001,0100,-0.573397696018219,-1.329323172569275,0.7559254765510559,0.5636170065234618,1,0
185,7,x2,0011,0011,0000,-0.2685534358024597,-1.8738973140716553,1.6053438782691956,0.7645158911039553,1,0
185,8,t120,0011,0011,1011,-0.41108042001724243,-1.3977031707763672,0.9866227507591248,0.6629654078254392,1,0
186,1,x2,0101,0101,0100,-1.2005233764648438,-2.5755233764648438,1.375,0.3016048506098696,1,0
186,2,c03,0101,0101,0100,-0.6220961809158325,-2.122096061706543,1.4999998807907104,0.5368619544555775,1,0
186,3,t130,1101,1101,0101,-0.5941858887672424,-0.8323302268981934,0.23814433813095093,0.5520229759945415,1,0
186,4,s10,1101,1101,0111,-0.8131393194198608,-1.2246642112731934,0.4115248918533325,0.4434747285014902,1,0
186,5,c32,1111,1111,1110,-0.03967726603150368,-3.664677143096924,3.62499987706542,0.961137246471659,1,0
186,6,c01,1011,1011,0111,-0.01904601790010929,-4.025020599365234,4.005974581465125,0.9813693944124119,1,0
186,7,c13,1011,1010,1010,-2.026151657104492,-0.15115168690681458,-1.8749999701976776,0.13184295927954182,0,0
186,8,x0,0011,0011,1111,-0.019225049763917923,-4.031644821166992,4.012419771403074,0.981907363112231,1,0
187,1,x1,0111,0111,0000,-1.52870774269104,-2.3204541206359863,0.7917463779449463,0.21709419325752022,1,0
187,2,c32,0101,0101,1000,-0.24470274150371552,-3.9694418907165527,3.724739149212837,0.7830409497497488,1,0
187,3,t310,1101,0101,0101,-1.1450766324996948,-0.39027315378189087,-0.754803478717804,0.31820781988569585,0,0
187,4,t230,1101,0101,0101,-0.9755392670631409,-0.537040114402771,-0.4384991526603699,0.37705982935626114,0,0
187,5,c10,0101,0101,1101,-0.11451838910579681,-2.238009214401245,2.1234908252954483,0.8918903554207738,1,0
187,6,c02,0101,0101,0111,-0.015411047264933586,-4.392078399658203,4.3766673523932695,0.9847098870669664,1,0
187,7,s23,0110,0110,0011,-0.09572766721248627,-3.394435167312622,3.298707500100136,0.9087159576044573,1,0
187,8,x0,1110,1110,0110,-0.019879266619682312,-5.717615604400635,5.6977363377809525,0.9962748429937914,1,0
188,1,c32,1000,1000,1010,-1.3039028644561768,-1.9191458225250244,0.6152429580688477,0.27220018316420225,1,0
188,2,t103,1000,1000,1001,-0.03156013414263725,-4.53156042098999,4.500000286847353,0.9690502870623813,1,0
188,3,t210,1000,1000,0000,-0.011339941062033176,-4.645646095275879,4.634306154213846,0.9887304621173234,1,0
188,4,s30,0001,0001,1000,-0.5361567139625549,-0.9742234945297241,0.4380667805671692,0.5850119557965653,1,0
188,5,t013,0001,0001,1000,-0.0016979350475594401,-7.1794352531433105,7.177737318095751,0.9983102608519646,1,0
188,6,c02,0001,0001,0011,-0.08046048879623413,-2.5871095657348633,2.506649076938629,0.9226923315090723,1,0
188,7,s21,0001,0100,0100,-0.728732168674469,-0.6954824924468994,-0.03324967622756958,0.48252122698120903,0,0
188,8,t210,0001,0001,1001,-0.04861259087920189,-3.049626111984253,3.001013521105051,0.9525503974156239,1,0
189,1,c20,1101,0101,0101,-1.8940186500549316,-1.8260542154312134,-0.06796443462371826,0.1506468894730618,0,0
189,2,s20,0111,1101,1101,-2.0269699096679688,-0.7077917456626892,-1.3191781640052795,0.13174484475187057,0,0
189,3,t210,1111,1111,0111,-0.23446783423423767,-1.8100401163101196,1.575572282075882,0.7912453856684774,1,0
189,4,x1,1011,1011,0111,-0.002734539331868291,-6.585330486297607,6.582595946965739,0.9972879026042228,1,0
189,5,t013,1011,1010,1010,-1.9299499988555908,-0.1799500286579132,-1.7499999701976776,0.14515939942381217,0,0
189,6,t031,1111,1111,1110,-0.0637233704328537,-3.188723087310791,3.1249997168779373,0.9382668376061154,1,0
189,7,c21,1011,1011,1111,-0.4741496443748474,-0.9840686321258545,0.5099189877510071,0.6224155932865737,1,0
189,8,x0,0011,0011,1111,-0.015546879731118679,-4.612561225891113,4.597014346159995,0.9875903535285984,1,0
190,1,x2,0001,0001,0110,-1.5288796424865723,-2.429985523223877,0.9011058807373047,0.217203605702767,1,0
190,2,t013,0001,0001,1000,-0.11863479763269424,-4.1522536277771,4.033618830144405,0.8881849462110771,1,0
190,3,t120,0001,0001,1001,-0.1269921064376831,-2.1273269653320312,2.000334858894348,0.8807422758302104,1,0
190,4,t213,0001,0001,0000,-0.0010523074306547642,-8.001051902770996,7.999999595340341,0.9989517195466657,1,0
190,5,t321,0001,0001,0101,-0.10049525648355484,-2.351099967956543,2.250604711472988,0.9043910508431514,1,0
190,6,s31,0100,0100,0001,-0.14331544935703278,-2.018556833267212,1.8752413839101791,0.8664822845980055,1,0
190,7,s30,0100,1100,1100,-1.407469391822815,-0.2825525403022766,-1.1249168515205383,0.2447701419565265,0,0
190,8,x1,0000,0000,0100,-0.003854955779388547,-5.62949275970459,5.625637803925201,0.996340546919806,1,0
191,1,t320,0100,0100,1100,-1.2475953102111816,-2.164203643798828,0.9166083335876465,0.28775939467825407,1,0
191,2,c23,0100,0101,0101,-1.73992121219635,-0.23992107808589935,-1.5000001341104507,0.17554862507703828,0,0
191,3,x0,1100,1100,0100,-0.030647363513708115,-3.6321423053741455,3.6014949418604374,0.9703847007295584,1,0
191,4,x0,0100,0100,1000,-0.02747231349349022,-3.953080415725708,3.925608102232218,0.9730407008217923,1,0
191,5,c01,0100,0100,0000,-0.008725740946829319,-5.038602828979492,5.029877088032663,0.9913127240897538,1,0
191,6,s23,0100,0100,0110,-0.07832838594913483,-3.4475791454315186,3.3692507594823837,0.924663234586952,1,0
191,7,c23,0100,0101,0101,-1.0539400577545166,-0.4289401173591614,-0.6249999403953552,0.34856238257471134,0,0
191,8,c13,0101,0101,0100,-0.012418185360729694,-4.512418746948242,4.5000005615875125,0.987660378239944,1,0
192,1,t123,1101,1100,1100,-1.7331398725509644,-1.7331398725509644,0.0,0.17692517668726446,0,1
192,2,c03,1100,1100,0000,-0.3814995586872101,-2.9361753463745117,2.5546757876873016,0.6831469375863333,1,0
192,3,s20,0110,1100,1100,-0.9912403225898743,-0.5874708294868469,-0.40376949310302734,0.37113592784082694,0,0
192,4,c31,0110,0010,0010,-1.4076635837554932,-0.5707387924194336,-0.8369247913360596,0.24471845420428648,0,0
192,5,x1,0010,0010,1100,-0.031032957136631012,-4.791955947875977,4.7609229907393456,0.9695273520697635,1,0
192,6,t312,0010,0010,0001,-0.09468655288219452,-2.856401205062866,2.7617146521806717,0.9096663084140711,1,0
192,7,t123,0010,0010,0011,-0.20403392612934113,-1.7040339708328247,1.5000000447034836,0.8154383051788285,1,0
192,8,t123,0010,0010,0011,-0.0036896197125315666,-6.878689765930176,6.875000146217644,0.9963189437744476,1,0
193,1,s23,0010,0001,0001,-1.9091837406158447,-1.6466233730316162,-0.2625603675842285,0.1484816743939684,0,0
193,2,c01,0010,0010,0000,-1.3651148080825806,-2.245781898498535,0.8806670904159546,0.25547910596834433,1,0
193,3,t130,0010,0010,1010,-0.39838123321533203,-1.1625136137008667,0.7641323804855347,0.6714365205342537,1,0
193,4,t230,0010,0010,1010,-0.4746723175048828,-0.9972559809684753,0.5225836634635925,0.6221724856866253,1,0
193,5,t031,0010,0010,1000,-0.0007643518620170653,-8.175655364990234,8.174891013128217,0.9992415894401862,1,0
193,6,t032,0010,0010,0000,-0.0022524285595864058,-7.35131311416626,7.349060685606673,0.9977543555703544,1,0
193,7,s21,0100,0010,0010,-1.1558654308319092,-0.4933125972747803,-0.6625528335571289,0.3147868222920768,0,0
193,8,c12,0110,0110,0100,-0.7113383412361145,-0.7147913575172424,0.0034530162811279297,0.491001231863621,1,0
194,1,t231,1001,1001,1010,-1.3890306949615479,-2.4553117752075195,1.0662810802459717,0.2495652340661171,1,0
194,2,c31,1101,1101,1001,-0.21513694524765015,-2.0206551551818848,1.8055182099342346,0.8064635024766807,1,0
194,3,t302,1111,1111,1110,-0.004610281437635422,-6.129610538482666,6.125000257045031,0.9954506719794397,1,0
194,4,t013,1110,1110,1111,-0.004146530758589506,-5.816646575927734,5.812500045169145,0.9958881397947228,1,0
194,5,t032,1110,1100,1100,-1.242560863494873,-0.3561258316040039,-0.8864350318908691,0.28864510187192177,0,0
194,6,s12,1110,1110,1011,-0.4408295750617981,-1.1956183910369873,0.7547888159751892,0.6435024528881382,1,0
194,7,s31,1011,1011,1110,-0.6980075240135193,-0.6991434693336487,0.0011359453201293945,0.49757689121382465,1,0
194,8,t032,1001,1011,1011,-1.2257603406906128,-0.3603067696094513,-0.8654535710811615,0.2935354557934215,0,0
195,1,c01,1000,1000,1110,-1.7789411544799805,-2.210522413253784,0.4315812587738037,0.16897109344368363,1,0
195,2,c20,1000,1000,0000,-0.5881162285804749,-0.8904190063476562,0.3023027777671814,0.5553855552282085,1,0
195,3,t230,1000,1000,0000,-0.06205625832080841,-2.814767360687256,2.7527111023664474,0.9398377421799189,1,0
195,4,c02,1010,1010,1000,-0.006127846427261829,-5.147134304046631,5.141006457619369,0.9938939950352483,1,0
195,5,s10,0110,0110,1010,-0.6647444367408752,-0.7577018141746521,0.09295737743377686,0.5144351516610555,1,0
195,6,x2,0100,0100,1100,-0.00339357927441597,-7.3039164543151855,7.30052287504077,0.9966178320459559,1,0
195,7,x0,1100,1100,0100,-0.0087358383461833,-5.265168190002441,5.256432351656258,0.9947463466365424,1,0
195,8,x2,1110,1110,0110,-0.0008084274595603347,-8.503396987915039,8.502588560455479,0.9991933209779627,1,0
196,1,s30,0010,0010,1010,-1.728149652481079,-2.376410484313965,0.6482608318328857,0.17775136719940626,1,0
196,2,t321,0010,0010,0100,-0.08372870087623596,-4.0317230224609375,3.9479943215847015,0.919733090083731,1,0
196,3,s23,0001,0001,0010,-0.3974696397781372,-1.165826439857483,0.7683568000793457,0.6720247633756495,1,0
196,4,t301,0001,0001,0000,-0.0012069183867424726,-8.126206398010254,8.124999479623511,0.9988010326346453,1,0
196,5,s03,1000,0001,0001,-0.8265360593795776,-0.5761146545410156,-0.250421404838562,0.4375640623327952,0,0
196,6,c01,1100,1100,0000,-0.002178666414692998,-6.549344539642334,6.547165873227641,0.9978355227157861,1,0
196,7,x2,1110,1110,1000,-0.00035855447640642524,-8.831401824951172,8.831043270474765,0.9996536442996798,1,0
196,8,x2,1100,1100,0111,-0.0003792975330725312,-9.980756759643555,9.980377462110482,0.999623458082379,1,0
197,1,s13,0101,0101,0001,-1.969612717628479,-2.24772572517395,0.2781130075454712,0.13958201545882623,1,0
197,2,t120,0101,0101,1101,-0.7138824462890625,-0.842825710773468,0.12894326448440552,0.4897732524129996,1,0
197,3,c01,0101,0101,0001,-0.0411984808743,-3.5854523181915283,3.5442538373172283,0.9596437121230429,1,0
197,4,t103,0101,0101,0100,-0.011214826256036758,-4.761214733123779,4.7499999068677425,0.9888599066774043,1,0
197,5,t123,0101,0101,0100,-0.31393635272979736,-1.3139363527297974,1.0,0.7305676319521103,1,0
197,6,t120,0101,1101,1101,-1.5020453929901123,-0.25298556685447693,-1.2490598261356354,0.22268277718872004,0,0
197,7,s02,0101,1100,1100,-1.0549755096435547,-0.4408765137195587,-0.614098995923996,0.3482184406536767,0,0
197,8,c32,0111,0111,0101,-0.015303250402212143,-4.392448425292969,4.377145174890757,0.9848326837154736,1,0
198,1,c10,1111,1111,0111,-1.4834160804748535,-1.7007954120635986,0.21737933158874512,0.2271173734496571,1,0
198,2,t230,0111,0111,1111,-0.32341572642326355,-1.325947880744934,1.0025321543216705,0.7237338867385908,1,0
198,3,c21,0011,0011,0111,-0.4821721613407135,-0.9869913458824158,0.5048191845417023,0.6174719214335308,1,0
198,4,c21,0111,0111,0110,-0.6440915465354919,-1.1440916061401367,0.5000000596046448,0.5251460537916576,1,0
198,5,s10,1011,1011,1111,-0.2674151062965393,-2.1921937465667725,1.9247786402702332,0.7654235987160823,1,0
198,6,x2,1001,1001,1110,-0.12893447279930115,-2.136014938354492,2.007080465555191,0.879081422895151,1,0
198,7,x1,1101,1101,1011,-0.0017074093921110034,-6.931236267089844,6.929528857697733,0.9982988381256155,1,0
198,8,x1,1001,1001,0101,-0.10348625481128693,-2.8181312084198,2.714644953608513,0.90169965753785,1,0
199,1,t301,0110,0110,0111,-1.0035113096237183,-2.878511428833008,1.8750001192092896,0.36703307128550805,1,0
199,2,x3,0111,0111,1100,-0.025895386934280396,-5.618492603302002,5.592597216367722,0.9744738991210131,1,0
199,3,c02,0111,0111,0101,-0.11663799732923508,-2.3675143718719482,2.250876374542713,0.8899120207861321,1,0
199,4,c21,0011,0011,0111,-0.2528300881385803,-1.5054194927215576,1.2525894045829773,0.7766326045713507,1,0
199,5,x2,0001,0001,1000,-0.0001850000990089029,-10.107324600219727,10.107139600120718,0.9998175567216123,1,0
199,6,c21,0001,0101,0101,-1.1375149488449097,-0.3995594084262848,-0.7379555404186249,0.32061598044115075,0,0
199,7,s03,1000,0001,0001,-0.9742592573165894,-0.47411048412323,-0.5001487731933594,0.3774744277589236,0,0
199,8,x1,1100,1100,1000,-0.000275588157819584,-8.613175392150879,8.61289980399306,0.9997359933969637,1,0
200,1,x2,0111,0111,0000,-1.1922335624694824,-2.7752461433410645,1.583012580871582,0.30415109217333053,1,0
200,2,x2,0101,0101,1100,-0.08391592651605606,-4.435649871826172,4.351733945310116,0.9196193820426023,1,0
200,3,x3,0100,0100,0000,-0.04057012125849724,-4.340590000152588,4.300019878894091,0.9602522743020034,1,0
200,4,s30,0100,0100,1000,-0.8987423181533813,-0.9986380338668823,0.09989571571350098,0.4071028600194307,1,0
200,5,c32,0100,0100,0110,-0.16154611110687256,-1.9112460613250732,1.7496999502182007,0.8508415974695193,1,0
200,6,c01,0100,0100,0000,-0.0031415936537086964,-6.4722490310668945,6.469107437413186,0.9968635407295594,1,0
200,7,x2,0110,0110,0101,-0.00034186773700639606,-8.826748847961426,8.82640698022442,0.9996597699400326,1,0
200,8,x3,0111,0111,0110,-0.006565731950104237,-5.131565570831299,5.124999838881195,0.9934609540362357,1,0
201,1,x2,0101,0101,0100,-1.1314327716827393,-2.5064327716827393,1.375,0.323300841633495,1,0
201,2,x0,1101,1101,0101,-0.44464224576950073,-2.173117160797119,1.7284749150276184,0.641197004965093,1,0
201,3,x2,1111,1111,1110,-0.00642772763967514,-6.381427764892578,6.375000037252903,0.9936069697953323,1,0
201,4,x2,1101,1101,1100,-0.0007993596373125911,-8.500800132751465,8.500000773114152,0.9992091335742834,1,0
201,5,c32,1111,1111,1110,-0.13555094599723816,-2.1355512142181396,2.0000002682209015,0.873242625150184,1,0
201,6,t230,0111,0111,1111,-0.3137490153312683,-1.3142048120498657,1.0004557967185974,0.7307927470596667,1,0
201,7,s20,1101,1111,1111,-3.162076234817505,-0.3651612401008606,-2.7969149947166443,0.042339739797403395,0,0
201,8,s20,0111,1101,1101,-1.2537841796875,-0.45635467767715454,-0.7974295020103455,0.2854238363150072,0,0
202,1,t301,1011,1111,1111,-1.9028581380844116,-1.8156206607818604,-0.08723747730255127,0.14924412030559586,0,0
202,2,x3,1010,1010,1110,-0.07686752080917358,-4.448115348815918,4.371247828006744,0.9260999004867977,1,0
202,3,s10,0110,1010,1010,-1.2028684616088867,-0.3896391689777374,-0.8132292926311493,0.30033739249237507,0,0
202,4,x3,0111,0111,0000,-0.005101592745631933,-7.377278804779053,7.372177212033421,0.9949161085625063,1,0
202,5,c03,0111,0111,0110,-0.03969533368945122,-3.5396955013275146,3.5000001676380634,0.9610905159508194,1,0
202,6,t312,0101,0101,0111,-0.22028224170207977,-1.728695273399353,1.5084130316972733,0.8023184936306631,1,0
202,7,s02,0101,1100,1100,-1.0816432237625122,-0.6864672899246216,-0.3951759338378906,0.33904493136863695,0,0
202,8,c31,0001,0001,0101,-0.2547381520271301,-1.5024508237838745,1.2477126717567444,0.7751511919721965,1,0
203,1,x0,1000,1000,0000,-1.791748046875,-2.5998640060424805,0.8081159591674805,0.16694511348370414,1,0
203,2,s20,0010,1000,1000,-1.657738447189331,-0.8585267066955566,-0.7992117404937744,0.19058022733525665,0,0
203,3,x2,0000,0000,0011,-0.24029891192913055,-2.9292235374450684,2.688924625515938,0.7866025578430753,1,0
203,4,x1,0100,0100,0000,-0.20402678847312927,-1.988302230834961,1.7842754423618317,0.8155101269462413,1,0
203,5,t023,0100,0100,0000,-0.018361657857894897,-5.99076509475708,5.972403436899185,0.9818265588132317,1,0
203,6,x0,1100,1100,0100,-0.014279973693192005,-4.452178955078125,4.437898981384933,0.9866925669635266,1,0
203,7,s31,1001,1001,1100,-0.6090222597122192,-1.226670265197754,0.6176480054855347,0.5438849257042583,1,0
203,8,x3,1000,1000,1001,-0.004737095441669226,-6.254737377166748,6.250000281725079,0.9952893098043539,1,0
204,1,x2,0010,0010,0001,-1.0203901529312134,-2.3823275566101074,1.361937403678894,0.361459264123505,1,0
204,2,t320,0010,0010,1010,-0.5975767374038696,-0.9729272127151489,0.3753504753112793,0.5501654378613726,1,0
204,3,x0,1010,1010,0010,-0.013088795356452465,-5.924182891845703,5.911094096489251,0.9936514450797511,1,0
204,4,x2,1000,1000,0000,-0.004327519331127405,-6.853813648223877,6.8494861288927495,0.9956873235095032,1,0
204,5,t301,1000,1000,1100,-0.07913372665643692,-2.5791070461273193,2.4999733194708824,0.9239190522486856,1,0
204,6,c32,1000,1000,1010,-0.0039030651096254587,-5.628656387329102,5.624753322219476,0.9961081507059509,1,0
204,7,c03,1001,1001,1000,-0.0007897461182437837,-7.250789642333984,7.249999896215741,0.9992190968579413,1,0
204,8,s02,0011,0011,1001,-0.6471579670906067,-0.9743236303329468,0.3271656632423401,0.5235393986378909,1,0
205,1,t023,0100,0100,0101,-1.2292598485946655,-2.729259967803955,1.5000001192092896,0.2935671665519414,1,0
205,2,t012,0100,0100,1100,-0.11441388726234436,-3.669426679611206,3.5550127923488617,0.8919210705371576,1,0
205,3,c03,0100,0100,0101,-0.005095008295029402,-6.6300950050354,6.624999996740371,0.9949210974112255,1,0
205,4,t021,0100,0100,0000,-0.0015156518202275038,-7.698383808135986,7.696868156315759,0.9984884195706212,1,0
205,5,c20,0100,1100,1100,-1.7020589113235474,-0.20193880796432495,-1.5001201033592224,0.18231174195792654,0,0
205,6,s01,1000,1000,0100,-0.49156615138053894,-0.989627480506897,0.49806132912635803,0.612510079796628,1,0
205,7,t320,1000,1000,0000,-0.31424984335899353,-1.560995101928711,1.2467452585697174,0.7303399196984808,1,0
205,8,t132,1000,1000,1010,-0.04016794636845589,-3.2901556491851807,3.2499877028167248,0.9606412794484298,1,0
206,1,t102,0000,0000,0010,-1.006859302520752,-2.573489189147949,1.5666298866271973,0.3663507372174582,1,0
206,2,s01,0000,0000,1000,-0.16502264142036438,-1.9127494096755981,1.7477267682552338,0.8478882762469092,1,0
206,3,t210,0000,0000,1000,-0.008634424768388271,-4.758669853210449,4.750035428442061,0.9914033898649643,1,0
206,4,t103,0000,0000,1000,-0.0012265621917322278,-7.1594133377075195,7.158186775515787,0.9987845059170806,1,0
206,5,t203,0000,0000,1000,-0.0009729222510941327,-7.3485107421875,7.347537819936406,0.9990329657229648,1,0
206,6,t321,0000,0000,0100,-0.00250054313801229,-6.252533912658691,6.250033369520679,0.9975084409297429,1,0
206,7,x2,0010,0010,1000,-0.00048782886005938053,-7.791367053985596,7.790879225125536,0.9995268813586946,1,0
206,8,x0,1010,1010,0010,-0.03252490982413292,-4.241366863250732,4.2088419534265995,0.9709481996441981,1,0
207,1,x0,1101,1101,0111,-1.7822597026824951,-2.728438377380371,0.946178674697876,0.16846321420877633,1,0
207,2,x3,1100,1100,0000,-0.1586288958787918,-3.8567047119140625,3.6980758160352707,0.8535824796698565,1,0
207,3,s32,1100,1100,1110,-0.05423085391521454,-3.175726890563965,3.1214960366487503,0.9472191143958965,1,0
207,4,c30,1100,1100,0100,-0.576303243637085,-0.8294176459312439,0.25311440229415894,0.5620048579291119,1,0
207,5,s10,1100,1000,1000,-3.4773502349853516,-0.5178574323654175,-2.959492802619934,0.030890875952403585,0,0
207,6,s03,0101,0101,1100,-0.8038622736930847,-0.9006855487823486,0.09682327508926392,0.4476022045489427,1,0
207,7,s30,1100,1100,0101,-0.2584986686706543,-1.502808928489685,1.2443102598190308,0.772217362319369,1,0
207,8,x0,0100,0100,0101,-0.0364251546561718,-3.4114253520965576,3.375000197440386,0.9644995991596099,1,0
208,1,s23,0000,0000,0010,-1.2167481184005737,-2.08211612701416,0.8653680086135864,0.2970162205420873,1,0
208,2,t213,0000,0000,1000,-0.07927095890045166,-4.38563346862793,4.306362509727478,0.92395061112704,1,0
208,3,t203,0000,0000,1000,-0.001985568320378661,-7.009110927581787,7.0071253592614084,0.9980309696910271,1,0
208,4,t312,0000,0000,0010,-0.0018962980248034,-6.626949787139893,6.625053489115089,0.9981139647770803,1,0
208,5,s21,0000,0000,0100,-0.018344856798648834,-4.018230438232422,3.999885581433773,0.9818234128398667,1,0
208,6,c20,0000,0000,1000,-0.3868842124938965,-1.1368788480758667,0.7499946355819702,0.6791740886764243,1,0
208,7,x2,0010,0010,0000,-0.0007607773295603693,-7.502687454223633,7.501926676894072,0.9992420125191699,1,0
208,8,s30,0010,0010,1000,-0.7580778002738953,-1.4204072952270508,0.6623294949531555,0.46858410188842253,1,0
209,1,c20,1111,1111,0111,-1.5024256706237793,-1.8401093482971191,0.33768367767333984,0.22289374870946105,1,0
209,2,s01,1111,0111,0111,-0.9768311977386475,-0.6653382778167725,-0.311492919921875,0.37657890487392043,0,0
209,3,s20,1111,1111,0111,-0.6402724385261536,-0.7880288362503052,0.1477563977241516,0.5271826435221371,1,0
209,4,x1,1011,1011,0110,-0.0006132943672128022,-9.4628324508667,9.462219156499486,0.99941248963729,1,0
209,5,c10,1011,0011,0011,-0.9748842716217041,-0.47939959168434143,-0.49548467993736267,0.3772599878789419,0,0
209,6,c10,1011,0011,0011,-1.4062867164611816,-0.29104137420654297,-1.1152453422546387,0.24508030000744047,0,0
209,7,t310,1011,1011,0011,-0.25202476978302,-1.5117206573486328,1.2596958875656128,0.7772368257537886,1,0
209,8,s12,1101,1101,1011,-0.35470280051231384,-1.518074631690979,1.1633718311786652,0.701388742866328,1,0
210,1,t230,1011,0011,0011,-2.2370340824127197,-1.4618836641311646,-0.7751504182815552,0.10696991977669554,0,0
210,2,s30,1011,1011,0011,-1.042253017425537,-1.2680861949920654,0.22583317756652832,0.3526790410669873,1,0
210,3,t032,1001,1001,1011,-0.4402723014354706,-1.2040640115737915,0.7637917101383209,0.6438953551983561,1,0
210,4,x3,1000,1000,1011,-0.009956886991858482,-5.271660327911377,5.2617034409195185,0.9901257607119697,1,0
210,5,s20,0010,1000,1000,-1.5301252603530884,-0.8273390531539917,-0.7027862071990967,0.21651027624378683,0,0
210,6,t230,0010,0010,1000,-0.6973536610603333,-1.131864309310913,0.43451064825057983,0.49793618960858965,1,0
210,7,s01,0010,0010,1000,-0.5295823812484741,-1.2261097431182861,0.696527361869812,0.5888588004267088,1,0
210,8,s03,0010,0010,1000,-0.6936456561088562,-1.1983128786087036,0.5046672224998474,0.4997569731165876,1,0
211,1,s02,1011,1011,0011,-1.8294775485992432,-2.22236967086792,0.39289212226867676,0.16070023807451672,1,0
211,2,t021,1111,1111,1011,-0.12405645847320557,-2.8527443408966064,2.728687882423401,0.8834542389031147,1,0
211,3,s30,1111,1111,0111,-0.6112459301948547,-0.8586457967758179,0.24739986658096313,0.5427026845083699,1,0
211,4,t321,1011,1011,1111,-0.35060155391693115,-1.749072790145874,1.3984712362289429,0.7042784382320513,1,0
211,5,t023,1010,1010,1011,-0.11647862195968628,-2.241478681564331,2.1250000596046448,0.8900711059146028,1,0
211,6,c21,1110,1110,1010,-0.12346237897872925,-2.2449698448181152,2.121507465839386,0.8838576814686497,1,0
211,7,x3,1111,1111,1011,-0.0005956143140792847,-8.907820701599121,8.907225087285042,0.9994364768462741,1,0
211,8,t310,0111,0111,1111,-0.38937613368034363,-1.1392868757247925,0.7499107420444489,0.6778642140017573,1,0
212,1,t031,0111,0111,0000,-1.0884989500045776,-2.571225166320801,1.4827262163162231,0.3370925552532148,1,0
212,2,t310,1111,1111,0111,-0.20549163222312927,-1.7027738094329834,1.4972821772098541,0.814324575900355,1,0
212,3,t130,0111,0111,1111,-0.31359899044036865,-1.3134353160858154,0.9998363256454468,0.7308702165824189,1,0
212,4,c01,0111,0111,1011,-0.08768005669116974,-3.2116384506225586,3.123958393931389,0.9160549395834787,1,0
212,5,s20,1101,1101,0111,-0.18562209606170654,-2.238051414489746,2.0524293184280396,0.8319100019698038,1,0
212,6,t312,1111,1111,1101,-0.010415068827569485,-5.136315822601318,5.125900753773749,0.9897254848304998,1,0
212,7,x2,1101,1101,0101,-0.002060527913272381,-6.982407569885254,6.9803470419719815,0.9980109407993543,1,0
212,8,t023,1101,1101,1100,-0.0256018228828907,-4.025601387023926,3.999999564141035,0.974727298925224,1,0
213,1,t301,0001,0001,1000,-0.8459371328353882,-3.0978264808654785,2.2518893480300903,0.4301148471445352,1,0
213,2,t103,0001,0001,1000,-0.041184745728969574,-4.8123674392700195,4.77118269354105,0.9596952775912194,1,0
213,3,c13,0001,0001,0000,-0.023087143898010254,-3.8980872631073,3.8750001192092896,0.9771824987083705,1,0
213,4,x3,0000,0000,1000,-0.00018857591203413904,-9.090124130249023,9.08993555433699,0.9998335837019218,1,0
213,5,x1,0100,0100,0000,-0.0018419076222926378,-6.644780158996582,6.642938251374289,0.9981636089609482,1,0
213,6,x0,1100,1100,0100,-0.061119262129068375,-2.937148094177246,2.8760288320481777,0.9464542022971647,1,0
213,7,t120,1100,1100,0100,-0.10021847486495972,-2.4053549766540527,2.305136501789093,0.9046411936465881,1,0
213,8,t231,1100,1100,1000,-0.004297977779060602,-5.539092540740967,5.534794562961906,0.9957142563487981,1,0
214,1,t320,0110,0110,1110,-1.438691258430481,-2.1985363960266113,0.7598451375961304,0.2375832736647907,1,0
214,2,c31,0110,0010,0010,-1.4219943284988403,-0.3013671636581421,-1.1206271648406982,0.24124813747879464,0,0
214,3,x0,1110,1110,0110,-0.031184261664748192,-3.537365436553955,3.506181174889207,0.9704713434801192,1,0
214,4,s02,1110,1110,0111,-0.7100581526756287,-0.7488130927085876,0.038754940032958984,0.4916320383569227,1,0
214,5,t031,1110,1110,1010,-0.6333014369010925,-0.7598031759262085,0.12650173902511597,0.5308392310363261,1,0
214,6,c10,0110,0110,1110,-0.1802700161933899,-1.804786205291748,1.6245161890983582,0.8350689859482026,1,0
214,7,c21,0010,0110,0110,-0.9221281409263611,-0.5298243761062622,-0.3923037648200989,0.397673023701102,0,0
214,8,c20,1010,1010,0010,-0.20554354786872864,-1.701876163482666,1.4963326156139374,0.8142311249609681,1,0
215,1,t021,0011,0011,0100,-0.9911400079727173,-2.6599888801574707,1.6688488721847534,0.37161049405353036,1,0
215,2,s03,1010,0011,0011,-0.8476026058197021,-0.697151780128479,-0.15045082569122314,0.42848164486658025,0,0
215,3,c12,1010,1000,1000,-1.9187936782836914,-0.1883784979581833,-1.7304151803255081,0.14678634762318998,0,0
215,4,c10,1010,1010,0010,-0.12714357674121857,-2.129157781600952,2.0020142048597336,0.8806096503383293,1,0
215,5,t123,1010,1011,1011,-1.137507438659668,-0.3875073492527008,-0.7500000894069672,0.3206215356905342,0,0
215,6,t213,1010,1010,1011,-0.10031004250049591,-2.3503098487854004,2.2499998062849045,0.9045639738105258,1,0
215,7,x0,0010,0010,1110,-0.050100184977054596,-3.210296869277954,3.1601966843008995,0.952530959585278,1,0
215,8,t032,0010,0010,0001,-0.0022392000537365675,-7.351281642913818,7.349042442860082,0.9977636360109032,1,0
216,1,s10,1010,0110,0110,-2.3765034675598145,-1.4925987720489502,-0.8839046955108643,0.09294785503654764,0,0
216,2,s30,0011,1010,1010,-1.61330246925354,-1.2600786685943604,-0.3532238006591797,0.1992575213128315,0,0
216,3,t320,1011,0011,0011,-1.1814517974853516,-1.0408302545547485,-0.14062154293060303,0.30685458107770697,0,0
216,4,s12,1101,1101,1011,-1.2384274005889893,-1.464172124862671,0.22574472427368164,0.2898656790862732,1,0
216,5,x1,1001,1001,1111,-0.3273497223854065,-1.5659410953521729,1.2385913729667664,0.7208833486064281,1,0
216,6,t123,1001,1001,1000,-0.06445315480232239,-3.314452886581421,3.2499997317790985,0.9376853341927198,1,0
216,7,c13,1001,1000,1000,-0.8265406489372253,-0.5765406489372253,-0.25,0.43756793956661805,0,0
216,8,t023,1001,1001,1000,-0.008659341372549534,-4.758659362792969,4.750000021420419,0.9913814375532286,1,0
217,1,s10,1101,1101,0101,-1.6741023063659668,-2.2324299812316895,0.5583276748657227,0.18758773865988004,1,0
217,2,c32,1111,1111,1110,-0.4950907826423645,-1.1200908422470093,0.6250000596046448,0.6095750268362697,1,0
217,3,t320,0111,0111,1111,-0.5257530808448792,-0.8999753594398499,0.3742222785949707,0.5911498567363738,1,0
217,4,x1,0011,0011,1101,-0.031132081523537636,-5.169865131378174,5.138733049854636,0.9695537832438105,1,0
217,5,c21,0111,0111,0011,-0.26060324907302856,-1.6009327173233032,1.3403294682502747,0.77059854881632,1,0
217,6,s20,1101,1101,1111,-0.7696192860603333,-1.1570608615875244,0.38744157552719116,0.46322602834871457,1,0
217,7,x1,1001,1001,1111,-0.008283346891403198,-5.169251441955566,5.160968095064163,0.9917677502463362,1,0
217,8,x0,0001,0001,1001,-0.027692414820194244,-4.4700026512146,4.442310236394405,0.9882365002632488,1,0
218,1,s03,1010,0011,0011,-2.6679325103759766,-1.750928521156311,-0.9170039892196655,0.06946129164364291,0,0
218,2,x0,0010,0010,0011,-2.111848831176758,-2.236848831176758,0.125,0.12113657887524232,1,0
218,3,t123,0010,0010,0011,-0.2713199555873871,-2.02131986618042,1.7499999105930328,0.7624246638200373,1,0
218,4,c01,0010,0010,0110,-0.008897198364138603,-6.319389820098877,6.310492621734738,0.9911496180474086,1,0
218,5,s02,1000,0010,0010,-1.143353819847107,-0.3891332745552063,-0.7542205452919006,0.31875228587666676,0,0
218,6,s01,0100,0100,1000,-0.7201300263404846,-0.8523162007331848,0.1321861743927002,0.48669382850809567,1,0
218,7,s20,0100,0100,1100,-0.5885905027389526,-1.212981939315796,0.6243914365768433,0.5551148706567209,1,0
218,8,c31,0100,0000,0000,-1.3135526180267334,-0.3185722827911377,-0.9949803352355957,0.2688644678434881,0,0
219,1,t310,0010,0010,1010,-0.9657473564147949,-2.6495182514190674,1.6837708950042725,0.381223927468656,1,0
219,2,x2,0000,0000,1000,-0.016470205038785934,-5.837528228759766,5.82105802372098,0.9836929795330734,1,0
219,3,x1,0100,0100,0000,-0.0038919958751648664,-6.035138130187988,6.031246134312823,0.9961198804985008,1,0
219,4,s32,0100,0100,0110,-0.0337466336786747,-4.40827751159668,4.374530877918005,0.96681997312002,1,0
219,5,c23,0100,0101,0101,-1.4068284034729004,-0.28182828426361084,-1.1250001192092896,0.24491914276062973,0,0
219,6,x2,0110,0110,0101,-0.00022910987900104374,-9.75173282623291,9.75150371635391,0.9997714770623608,1,0
219,7,c30,0110,1110,1110,-1.1369807720184326,-0.388162225484848,-0.7488185465335846,0.3207987950376588,0,0
219,8,s21,0110,0011,0011,-1.261857271194458,-0.4136258065700531,-0.8482314646244049,0.28312785205949137,0,0
220,1,s30,1100,0101,0101,-2.7125678062438965,-1.8065118789672852,-0.9060559272766113,0.06640661925377733,0,0
220,2,x1,1000,1000,1001,-1.9677149057388306,-2.217714786529541,0.24999988079071045,0.13984655505338464,1,0
220,3,x1,1100,1100,1010,-0.0672498419880867,-3.0710830688476562,3.0038332268595695,0.9349795670506824,1,0
220,4,x2,1110,1110,1101,-0.0015701751690357924,-7.851637840270996,7.85006766510196,0.9984597232599537,1,0
220,5,c02,1100,1100,0110,-0.005756048485636711,-6.425936698913574,6.4201806504279375,0.9942786693483511,1,0
220,6,x2,1110,1110,1101,-0.0004204116412438452,-9.555280685424805,9.55486027378356,0.9995829344808549,1,0
220,7,c30,1110,0110,0110,-0.826562225818634,-0.5899271965026855,-0.2366350293159485,0.43759751036207417,0,0
220,8,t301,1110,1110,1010,-0.5804130434989929,-0.8334954977035522,0.2530824542045593,0.559669629948124,1,0
221,1,c21,0111,0011,0011,-1.7809311151504517,-1.6752381324768066,-0.10569298267364502,0.16868783568584197,0,0
221,2,s02,1101,0111,0111,-1.4551581144332886,-0.9985089302062988,-0.45664918422698975,0.2333780886190597,0,0
221,3,c32,1111,1111,1110,-0.08450941741466522,-3.5845093727111816,3.4999999552965164,0.9191063905791087,1,0
221,4,c02,1101,1101,0111,-0.00861712358891964,-6.207343101501465,6.198725977912545,0.9914503111619588,1,0
221,5,t130,0101,1101,1101,-1.4229201078414917,-0.2818790376186371,-1.1410410702228546,0.24101684317850536,0,0
221,6,x3,0100,0100,1100,-0.016457371413707733,-5.286667823791504,5.270210452377796,0.9838484271745537,1,0
221,7,c31,0100,0000,0000,-1.4073858261108398,-0.3098570704460144,-1.0975287556648254,0.2447838494707933,0,0
221,8,x2,0110,0110,0101,-0.0015852112555876374,-6.794569969177246,6.7929847579216585,0.9984217340204087,1,0
222,1,x0,0100,0100,0110,-1.3660707473754883,-2.565573215484619,1.1995024681091309,0.25549997055255713,1,0
222,2,x0,1100,1100,0100,-0.07133004069328308,-4.057645797729492,3.986315757036209,0.931406403498418,1,0
222,3,t302,1100,1110,1110,-2.139673948287964,-0.13465942442417145,-2.0050145238637924,0.11771103556305232,0,0
222,4,t130,1100,1100,0100,-0.06217258796095848,-2.8299155235290527,2.7677429355680943,0.9397509404004682,1,0
222,5,s23,1100,1110,1110,-0.7680786848068237,-0.6346225738525391,-0.13345611095428467,0.4639056321349506,0,0
222,6,x3,1101,1101,1100,-0.0002749964187387377,-8.875274658203125,8.874999661784386,0.9997972412063166,1,0
222,7,x2,1111,1111,1110,-0.004699173849076033,-6.004699230194092,6.000000056345016,0.9953724657380716,1,0
222,8,c23,1110,1110,1111,-0.0061376066878438,-5.131137371063232,5.124999764375389,0.993891653477894,1,0
223,1,c32,1101,1101,1110,-1.5898289680480957,-1.9760863780975342,0.3862574100494385,0.20416961404102812,1,0
223,2,t130,0101,1101,1101,-1.241042971611023,-0.7113083600997925,-0.5297346115112305,0.2891322901228883,0,0
223,3,s31,0101,0001,0001,-0.9426332116127014,-0.7226238250732422,-0.22000938653945923,0.3896249976050664,0,0
223,4,x2,0111,0111,0100,-0.0063040005043148994,-6.518158435821533,6.511854435317218,0.9937291512740744,1,0
223,5,x0,1111,1111,0111,-0.042561598122119904,-4.154175281524658,4.111613683402538,0.9605675243330379,1,0
223,6,s03,1111,1111,0111,-0.6490430235862732,-0.8198165893554688,0.17077356576919556,0.5225539167224696,1,0
223,7,t312,1101,1101,0111,-0.0025200271047651768,-7.674340724945068,7.671820697840303,0.9975142797775367,1,0
223,8,c23,1101,1101,1100,-0.634414792060852,-0.759414792060852,0.125,0.5302518364492655,1,0
224,1,t230,1011,0011,0011,-2.1197121143341064,-1.5931408405303955,-0.5265712738037109,0.12030866986834764,0,0
224,2,t123,1011,1010,1010,-2.6296944618225098,-0.5671947002410889,-2.062499761581421,0.07212973839787003,0,0
224,3,x0,0011,0011,1111,-0.08015363663434982,-2.680609703063965,2.600456066429615,0.9230191539594927,1,0
224,4,t123,0011,0011,0010,-0.5310407280921936,-0.9060407280921936,0.375,0.5880007614825877,1,0
224,5,x3,0010,0010,1010,-0.0002459074603393674,-8.83777904510498,8.837533137644641,0.9997564564357362,1,0
224,6,t230,0010,0010,1010,-0.5830446481704712,-0.8318590521812439,0.2488144040107727,0.5582164189109072,1,0
224,7,t301,0010,0010,0011,-0.0004782197647728026,-8.37547779083252,8.374999571067747,0.9995229116257116,1,0
224,8,t012,0010,0010,1000,-0.0004652125935535878,-8.495760917663574,8.49529570507002,0.999535361515833,1,0
225,1,c03,1010,1010,1011,-0.984622597694397,-2.8596224784851074,1.8749998807907104,0.37428910161902146,1,0
225,2,t230,1010,1010,0010,-0.6228592395782471,-1.102927327156067,0.4800680875778198,0.536455947215998,1,0
225,3,s10,0110,1010,1010,-0.974985659122467,-0.5258817672729492,-0.4491038918495178,0.3772106449711206,0,0
225,4,s32,0101,0101,0110,-0.5422884225845337,-1.154039978981018,0.6117515563964844,0.5814222115264345,1,0
225,5,c23,0101,0100,0100,-1.7174745798110962,-0.2174745351076126,-1.5000000447034836,0.179526814954528,0,0
225,6,x0,1101,1101,0101,-0.403923898935318,-1.1622252464294434,0.7583013474941254,0.6786581054519033,1,0
225,7,s10,1101,1101,0111,-0.5613488554954529,-1.3696328401565552,0.8082839846611023,0.5704488937554563,1,0
225,8,s10,1101,1101,0101,-0.5994861125946045,-1.7432938814163208,1.1438077688217163,0.5491015782035045,1,0
226,1,c32,1100,1110,1110,-1.8917996883392334,-1.6076127290725708,-0.2841869592666626,0.15101027337932224,0,0
226,2,t201,1100,1100,1000,-0.28604230284690857,-2.528940200805664,2.2428978979587555,0.7512869033328181,1,0
226,3,s02,0110,1100,1100,-0.9111981987953186,-0.5247564911842346,-0.386441707611084,0.4020643172424968,0,0
226,4,x1,0010,0010,1100,-0.009777843952178955,-6.223368167877197,6.213590323925018,0.9910878305421911,1,0
226,5,c32,0010,0001,0001,-0.9004572033882141,-0.804905891418457,-0.09555131196975708,0.40638416793562004,0,0
226,6,s12,0100,0010,0010,-1.241700530052185,-0.3756696581840515,-0.8660308718681335,0.28889347909004487,0,0
226,7,s23,0100,0100,0001,-0.36223259568214417,-2.0525898933410645,1.6903572976589203,0.6961257060643704,1,0
226,8,s30,0100,1100,1100,-1.3150182962417603,-0.34739601612091064,-0.9676222801208496,0.268472614257559,0,0
227,1,x0,0010,0010,0011,-1.1853301525115967,-2.3103301525115967,1.125,0.3065015689176101,1,0
227,2,s20,1000,1000,0010,-0.6009915471076965,-1.0346568822860718,0.43366533517837524,0.5483119853697352,1,0
227,3,c10,1000,1000,0000,-0.27852287888526917,-1.6317272186279297,1.3532043397426605,0.7569285161088719,1,0
227,4,c10,1000,1000,0000,-0.16063830256462097,-1.9147276878356934,1.7540893852710724,0.8516134382275953,1,0
227,5,s30,0001,0001,1000,-0.6647180914878845,-0.9751411080360413,0.31042301654815674,0.514437303925066,1,0
227,6,c21,0001,0001,0101,-0.6419820189476013,-1.043869137763977,0.40188711881637573,0.5262563144419815,1,0
227,7,x0,1001,1001,0001,-0.013118349947035313,-4.8908891677856445,4.877770817838609,0.9920858628668877,1,0
227,8,t210,1001,1001,0001,-0.0629141703248024,-2.8467018604278564,2.783787690103054,0.9390269538419259,1,0
228,1,x1,1110,1110,1100,-1.619120478630066,-2.026355743408203,0.4072352647781372,0.19820388181258622,1,0
228,2,c10,0110,0110,1110,-0.8092364072799683,-1.3434574604034424,0.5342210531234741,0.44528131322430686,1,0
228,3,c02,0110,0110,0100,-0.17799203097820282,-3.0546956062316895,2.8767035752534866,0.8369924269885056,1,0
228,4,t302,0110,0110,0100,-0.07705369591712952,-3.528132200241089,3.4510785043239594,0.9258625075030164,1,0
228,5,s20,1100,1100,0110,-0.5712217688560486,-1.2336455583572388,0.6624237895011902,0.5648543624637636,1,0
228,6,s13,1001,1001,1100,-0.5018702149391174,-1.1620086431503296,0.6601384282112122,0.6054031174922628,1,0
228,7,c10,1001,1001,0001,-0.6971217393875122,-0.9511561989784241,0.25403445959091187,0.4980186926393238,1,0
228,8,t321,1001,1001,1101,-0.5332284569740295,-1.2496860027313232,0.7164575457572937,0.5867158519128266,1,0
229,1,c32,1110,1100,1100,-2.0165910720825195,-1.7330608367919922,-0.28353023529052734,0.13325492922793916,0,0
229,2,t201,1010,1110,1110,-1.1556568145751953,-0.47384974360466003,-0.6818070709705353,0.3148797670950973,0,0
229,3,x0,0010,0010,1110,-0.0450078547000885,-3.3601293563842773,3.315121501684189,0.9564147928228478,1,0
229,4,t203,0010,0010,0011,-0.11544530093669891,-2.240445137023926,2.124999836087227,0.8909887233094743,1,0
229,5,s02,1000,0010,0010,-0.8301069736480713,-0.5920476317405701,-0.23805934190750122,0.4360236741231104,0,0
229,6,t210,1000,1000,0000,-0.03928205743432045,-3.315187692642212,3.2759056352078915,0.9614854241302272,1,0
229,7,c03,1001,1001,1000,-0.002279034350067377,-6.127278804779053,6.124999770428985,0.9977310601165525,1,0
229,8,c10,1001,1001,0001,-0.1609034389257431,-2.0394973754882812,1.8785939365625381,0.8513756341782501,1,0
230,1,c02,1001,1001,1000,-1.8206562995910645,-2.4456562995910645,0.625,0.16207517100988544,1,0
230,2,s12,1001,1001,1100,-0.6928210854530334,-1.1066099405288696,0.4137888550758362,0.5001746892622537,1,0
230,3,s21,1001,1001,1100,-0.27106940746307373,-1.5151431560516357,1.244073748588562,0.7625691443778301,1,0
230,4,t032,1011,1011,1001,-0.39821869134902954,-1.2259575128555298,0.8277388215065002,0.6715176623312089,1,0
230,5,t012,1011,1001,1001,-1.7632726430892944,-0.25253787636756897,-1.5107347667217255,0.1714863028090617,0,0
230,6,t302,1001,1001,1011,-0.07525283098220825,-2.851064682006836,2.7758118510246277,0.9275333656893423,1,0
230,7,x0,0001,0001,1101,-0.05406536906957626,-3.2838973999023438,3.2298320308327675,0.9508308586988495,1,0
230,8,c12,0001,0001,0011,-0.6342020630836487,-0.7674808502197266,0.13327878713607788,0.5303592112869165,1,0
231,1,x0,1011,1011,0011,-1.7627760171890259,-2.5556118488311768,0.7928358316421509,0.17206288559514413,1,0
231,2,c31,1111,1111,1011,-0.3325613737106323,-1.8212307691574097,1.4886693954467773,0.7171643667430033,1,0
231,3,s02,1111,1111,0111,-0.5806397795677185,-0.8406105041503906,0.2599707245826721,0.5595480643950748,1,0
231,4,c23,1110,1110,1111,-0.011076836846768856,-4.636077404022217,4.625000567175448,0.9890247987991938,1,0
231,5,s01,1110,1110,0110,-0.4784899353981018,-1.123868703842163,0.6453787684440613,0.619763768585535,1,0
231,6,c03,1111,1111,1100,-0.004432106390595436,-6.005807399749756,6.00137529335916,0.9955872630758131,1,0
231,7,x0,0111,0111,1111,-0.01676362194120884,-4.689831256866455,4.673067634925246,0.983622292575485,1,0
231,8,s03,1110,1110,0111,-0.5206059217453003,-1.1429598331451416,0.6223539113998413,0.5942194435208344,1,0
232,1,s31,1101,1110,1110,-2.219501495361328,-1.7989057302474976,-0.42059576511383057,0.10871108930892802,0,0
232,2,c32,1111,1111,1110,-0.2322828769683838,-1.8572828769683838,1.625,0.7928109594261744,1,0
232,3,x3,1110,1110,0000,-0.004197923466563225,-7.599243640899658,7.595045717433095,0.9958975568494864,1,0
232,4,c13,1111,1111,1110,-0.009390050545334816,-5.259389877319336,5.249999826774001,0.9906699682011818,1,0
232,5,c12,1101,1101,1111,-0.04409618303179741,-3.31125545501709,3.2671592719852924,0.9570135262213019,1,0
232,6,x3,1100,1100,1111,-0.00035033802851103246,-9.43858528137207,9.43823494334356,0.9996571073650965,1,0
232,7,s10,1100,1100,0100,-0.3875216841697693,-1.18729829788208,0.7997766137123108,0.6787630014983772,1,0
232,8,c02,1110,1110,1101,-0.02104109339416027,-4.471949100494385,4.4509080071002245,0.9791857866149173,1,0
233,1,c23,1100,1101,1101,-1.5944489240646362,-1.3444489240646362,-0.25,0.20353290586240397,0,0
233,2,t301,1100,1100,1000,-0.33722591400146484,-1.5332086086273193,1.1959826946258545,0.7137773564834993,1,0
233,3,t130,1100,1100,0100,-0.062468066811561584,-2.868194103240967,2.805726036429405,0.9394531981172439,1,0
233,4,c13,1101,1101,1100,-0.06327782571315765,-2.8132777214050293,2.7499998956918716,0.9386995762536755,1,0
233,5,c02,1111,1111,1110,-0.012571402825415134,-4.512571334838867,4.499999932013452,0.9875731372049531,1,0
233,6,s20,1111,1111,0111,-0.4747462272644043,-0.9746955633163452,0.4999493360519409,0.6220663802536578,1,0
233,7,t012,1101,1101,1100,-0.0016002077609300613,-7.12660026550293,7.125000057742,0.9984115623398181,1,0
233,8,c32,1111,1111,1110,-0.10633357614278793,-2.3563334941864014,2.2499999180436134,0.8991493161596955,1,0
234,1,c20,1011,1011,0011,-1.6282203197479248,-1.6668996810913086,0.03867936134338379,0.19656546744235912,1,0
234,2,s20,1011,1011,0011,-0.8761781454086304,-1.2061777114868164,0.32999956607818604,0.41638402555802567,1,0
234,3,t021,1111,1111,1110,-0.10641748458147049,-2.731417655944824,2.6250001713633537,0.8990558437607011,1,0
234,4,c32,1101,1101,1110,-0.01249467022716999,-4.815053939819336,4.802559269592166,0.9876596446330472,1,0
234,5,t201,1101,1001,1001,-1.2241544723510742,-0.3522186577320099,-0.8719358146190643,0.29400709534114344,0,0
234,6,t203,1101,1100,1100,-2.5796337127685547,-0.07963372021913528,-2.4999999925494194,0.07580374389807981,0,0
234,7,x2,1111,1111,1110,-0.000830943463370204,-7.62583065032959,7.62499970686622,0.9993090439828712,1,0
234,8,c12,1101,1101,1111,-0.0018510522786527872,-6.899841785430908,6.897990733152255,0.9981564854295696,1,0
235,1,c23,1100,1101,1101,-1.6253612041473389,-1.2503612041473389,-0.375,0.19730578897822867,0,0
235,2,t012,1110,1110,1100,-0.40645959973335266,-1.4911099672317505,1.0846503674983978,0.666061687694208,1,0
235,3,t123,1111,1111,1110,-0.36432933807373047,-1.23932945728302,0.8750001192092896,0.6947114457737692,1,0
235,4,c32,1101,1101,1100,-0.11401429772377014,-2.9890143871307373,2.875000089406967,0.8923177625552497,1,0
235,5,x3,1100,1100,1111,-0.0019042632775381207,-7.128777027130127,7.126872763852589,0.9981171588602649,1,0
235,6,t301,1100,1100,1000,-0.20253799855709076,-1.751237392425537,1.5486993938684464,0.8166566978205931,1,0
235,7,c23,1100,1100,1101,-0.04884885251522064,-3.0488486289978027,2.999999776482582,0.9523278968650266,1,0
235,8,c03,1101,1101,1100,-0.004602005239576101,-5.44210147857666,5.437499473337084,0.9954195714807436,1,0
236,1,c31,0110,0010,0010,-2.128952741622925,-1.7491352558135986,-0.37981748580932617,0.1190936819765291,0,0
236,2,x2,0100,0100,1000,-0.02571781352162361,-5.919164657592773,5.89344684407115,0.9748691539471429,1,0
236,3,s03,0100,0100,1100,-0.5268409848213196,-1.0907106399536133,0.5638696551322937,0.5905571225941871,1,0
236,4,x1,0000,0000,0100,-0.0018065262120217085,-7.263924598693848,7.262118072481826,0.9984050316503426,1,0
236,5,s01,0000,0000,1000,-0.04860493540763855,-3.048603057861328,2.9999981224536896,0.9525671516706163,1,0
236,6,c21,0000,0000,0100,-0.0036656330339610577,-5.628662109375,5.624996476341039,0.9963423554011059,1,0
236,7,c01,0000,0000,1000,-2.9325103241717443e-05,-10.555002212524414,10.554972887421172,0.9999708071185724,1,0
236,8,t203,0000,0000,1000,-0.0006407541804946959,-8.444206237792969,8.443565483612474,0.9993630873983962,1,0
237,1,c21,0001,0001,0101,-1.4788987636566162,-2.1376798152923584,0.6587810516357422,0.22830628203456688,1,0
237,2,t132,0001,0001,0011,-0.086175337433815,-2.852067232131958,2.765891894698143,0.9174595643687141,1,0
237,3,c23,0001,0001,0000,-0.5791720151901245,-0.8291720151901245,0.25,0.560367741353814,1,0
237,4,c20,0001,1001,1001,-1.1369303464889526,-0.3869244158267975,-0.7500059306621552,0.32081056558868026,0,0
237,5,x2,0011,0011,0001,-0.0005191781674511731,-7.755131721496582,7.754612543329131,0.9994898426654486,1,0
237,6,x0,1011,1011,0111,-0.01494626421481371,-5.216289043426514,5.2013427792117,0.9900229145248406,1,0
237,7,x2,1001,1001,1111,-0.0005825419211760163,-8.076838493347168,8.076255951425992,0.999420357161589,1,0
237,8,t301,1101,1101,1001,-0.5760622024536133,-0.8261555433273315,0.25009334087371826,0.5621077574247212,1,0
238,1,x2,0000,0000,0011,-1.4432108402252197,-2.3861446380615234,0.9429337978363037,0.23667471353327305,1,0
238,2,t203,0000,0000,0001,-0.11334268003702164,-3.988342761993408,3.8750000819563866,0.8929588101911415,1,0
238,3,c13,0000,0000,0001,-0.017042554914951324,-4.142042636871338,4.125000081956387,0.9831078206704482,1,0
238,4,c21,0000,0000,0100,-0.04373994842171669,-3.1687252521514893,3.1249853037297726,0.9572152567191838,1,0
238,5,x0,1000,1000,0000,-0.016646241769194603,-4.516688823699951,4.500042581930757,0.9890095808979041,1,0
238,6,x1,1100,1100,1000,-0.0004540943482425064,-7.762972831726074,7.762518737377832,0.999547407080513,1,0
238,7,c03,1101,1101,1100,-0.007194144185632467,-5.0071940422058105,4.999999898020178,0.9928418430908398,1,0
238,8,x1,1001,1001,1101,-0.005867421627044678,-5.400636196136475,5.39476877450943,0.9941554208425717,1,0
239,1,x1,0011,0011,0100,-1.2737747430801392,-2.3681273460388184,1.0943526029586792,0.28007803040638807,1,0
239,2,s31,0110,0110,0011,-0.5704693794250488,-1.5740025043487549,1.003533124923706,0.5652750588272983,1,0
239,3,c32,0110,0100,0100,-1.1308479309082031,-0.946723222732544,-0.18412470817565918,0.32277218975418936,0,0
239,4,c01,0110,0110,0010,-0.20619480311870575,-1.777016520500183,1.5708217173814774,0.8136771151891864,1,0
239,5,x3,0111,0111,0110,-0.0009397781686857343,-8.62593936920166,8.624999591032974,0.9990643350977826,1,0
239,6,x0,1111,1111,0111,-0.052628710865974426,-3.3100645542144775,3.257435843348503,0.9624337773292234,1,0
239,7,x1,1011,1011,0111,-0.0008964263251982629,-7.267012119293213,7.266115692968015,0.9991111085725327,1,0
239,8,c31,1111,1111,1011,-0.06631466001272202,-2.8129148483276367,2.7466001883149147,0.9358381498176997,1,0
240,1,s23,0001,0010,0010,-1.8440566062927246,-1.6021041870117188,-0.24195241928100586,0.15845832979483238,0,0
240,2,x0,1001,1000,1000,-1.6722133159637451,-1.6722133159637451,0.0,0.18795333137141534,0,1
240,3,c03,1000,1000,1011,-0.20631654560565948,-2.4143569469451904,2.208040401339531,0.8136578539067935,1,0
240,4,x0,0000,0000,1000,-0.048833634704351425,-3.6215908527374268,3.5727572180330753,0.9523572656166308,1,0
240,5,s01,0000,0000,1000,-0.1035376489162445,-2.350627899169922,2.2470902502536774,0.9016476116572973,1,0
240,6,t012,0000,0000,1000,-0.0001817856973502785,-9.121499061584473,9.121317275887122,0.9998190030608463,1,0
240,7,c03,0000,0000,1000,-0.0009643613593652844,-8.005465507507324,8.004501146147959,0.9990382049405699,1,0
240,8,t132,0000,0000,0010,-0.009238741360604763,-4.884195327758789,4.874956586398184,0.9908063195532989,1,0
241,1,s32,1001,1010,1010,-2.047199249267578,-1.445786714553833,-0.6014125347137451,0.12916907501835875,0,0
241,2,c20,1001,1001,0001,-1.5194597244262695,-1.9113051891326904,0.3918454647064209,0.21889475803548072,1,0
241,3,t203,1001,1001,1000,-0.2328762412071228,-1.732876181602478,1.4999999403953552,0.792305877030717,1,0
241,4,x2,1011,1011,1000,-0.001992532517760992,-7.100664138793945,7.098671606276184,0.9980279902328488,1,0
241,5,t103,1011,1010,1010,-1.703962802886963,-0.20396281778812408,-1.4999999850988388,0.18196276323890004,0,0
241,6,t132,1011,1011,1001,-0.319697767496109,-1.3166791200637817,0.9969813525676727,0.7263728723091878,1,0
241,7,t321,1111,1111,1011,-0.13750359416007996,-2.1270949840545654,1.9895913898944855,0.8715330802959256,1,0
241,8,t302,1101,1101,0111,-0.000418629206251353,-8.665642738342285,8.665224109136034,0.9996299281766136,1,0
242,1,x2,1101,1101,1100,-0.8577407598495483,-2.607740640640259,1.7499998807907104,0.42469282944001824,1,0
242,2,s23,1110,1110,1101,-0.47910138964653015,-1.2443015575408936,0.7652001678943634,0.619360520422561,1,0
242,3,x1,1010,1010,1011,-0.17892645299434662,-2.303926467895508,2.125000014901161,0.8362409354466012,1,0
242,4,s01,0110,1010,1010,-0.8368450999259949,-0.6764844059944153,-0.1603606939315796,0.4330991971037579,0,0
242,5,c02,0110,0110,0100,-0.033328860998153687,-3.5506742000579834,3.5173453390598297,0.9672230140960665,1,0
242,6,t032,0110,0110,0100,-0.0109555097296834,-6.086825370788574,6.075869861058891,0.9891091917402637,1,0
242,7,t032,0110,0110,0100,-0.0014485097490251064,-7.600478172302246,7.599029662553221,0.9985538544218373,1,0
242,8,c23,0111,0111,0110,-0.1290436089038849,-2.1290438175201416,2.0000002086162567,0.8789383505670136,1,0
243,1,s30,1101,1101,0101,-1.9684114456176758,-2.2323861122131348,0.263974666595459,0.1397475850537067,1,0
243,2,s13,1101,1110,1110,-2.0644378662109375,-0.9946810603141785,-1.069756805896759,0.1268973232502671,0,0
243,3,x1,1001,1001,1111,-0.0027566906064748764,-7.201787948608398,7.199031258001924,0.9975019915334498,1,0
243,4,x1,1101,1101,1011,-0.003166262526065111,-6.1317644119262695,6.128598149400204,0.9968479042200015,1,0
243,5,s13,1101,1001,1001,-1.2394238710403442,-0.7390973567962646,-0.5003265142440796,0.28955257716182314,0,0
243,6,s02,0111,1101,1101,-0.8346143960952759,-0.7649433612823486,-0.06967103481292725,0.43405747712287607,0,0
243,7,s10,1011,1011,0111,-0.3067517578601837,-1.6047509908676147,1.297999233007431,0.7359250767531633,1,0
243,8,x3,1010,1010,0110,-0.0023377351462841034,-7.942894458770752,7.940556723624468,0.9977284261213595,1,0
244,1,t031,1100,1100,1110,-1.9696650505065918,-2.2323241233825684,0.26265907287597656,0.1396031985745291,1,0
244,2,t230,1100,1100,0100,-0.2543151378631592,-1.7383018732070923,1.483986735343933,0.7754801791248865,1,0
244,3,t031,1100,1100,1000,-0.2016131728887558,-1.7023487091064453,1.5007355362176895,0.8174160570056574,1,0
244,4,t201,1100,1100,1000,-0.20148198306560516,-1.7022308111190796,1.5007488280534744,0.8175232755756883,1,0
244,5,s21,1010,1010,1100,-0.42512017488479614,-1.1377155780792236,0.7125954031944275,0.6536922463003939,1,0
244,6,c32,1010,1000,1000,-0.9287936687469482,-0.6076957583427429,-0.3210979104042053,0.39504743620817656,0,0
244,7,x0,0010,0010,1110,-0.04010922089219093,-3.8551316261291504,3.8150224052369595,0.9615692888398858,1,0
244,8,t032,0010,0010,0001,-0.006768872495740652,-5.779862880706787,5.7730940082110465,0.9932552955069086,1,0
245,1,c31,1110,1010,1010,-2.0622029304504395,-1.843176007270813,-0.21902692317962646,0.12726577620953408,0,0
245,2,c31,1110,1010,1010,-1.3735883235931396,-0.609257161617279,-0.7643311619758606,0.2532096139058195,0,0
245,3,c32,1110,1100,1100,-1.4509327411651611,-0.4766089618206024,-0.9743237793445587,0.23435528156027594,0,0
245,4,s13,1011,1011,1110,-0.4927598237991333,-1.0649027824401855,0.5721429586410522,0.6109442992168136,1,0
245,5,s13,1110,1110,1011,-0.6563539505004883,-1.0900079011917114,0.43365395069122314,0.5187434016568288,1,0
245,6,c10,0110,0110,1110,-0.3439033627510071,-1.40965735912323,1.065753996372223,0.7091015566008646,1,0
245,7,t321,0110,0110,0010,-0.058142729103565216,-3.0429155826568604,2.984772853553295,0.943516877439129,1,0
245,8,c30,0110,1110,1110,-2.6955111026763916,-0.07084765285253525,-2.6246634498238564,0.06752064129603395,0,0
246,1,c23,0001,0001,0000,-1.3162890672683716,-1.8162890672683716,0.5,0.26890792938976954,1,0
246,2,s10,0001,0001,1001,-0.4442955255508423,-1.6615490913391113,1.217253565788269,0.6413438805047279,1,0
246,3,t310,0001,0001,1001,-0.10065895318984985,-2.3599889278411865,2.2593299746513367,0.9042437692303676,1,0
246,4,t021,0001,0001,1001,-0.0006112059345468879,-8.05527114868164,8.054659942747094,0.9993920488659392,1,0
246,5,s13,0100,0100,0001,-0.23406624794006348,-1.6100012063980103,1.3759349584579468,0.7913180945285754,1,0
246,6,t310,0100,0100,1100,-0.06740383058786392,-2.826326608657837,2.758922778069973,0.9348194728342166,1,0
246,7,t301,0100,0100,1100,-0.0024558729492127895,-6.681746006011963,6.67929013306275,0.9975493354609452,1,0
246,8,x2,0110,0110,0000,-0.0009422951843589544,-8.148283958435059,8.1473416632507,0.9990719582089251,1,0
247,1,x2,1010,1010,1001,-1.1064088344573975,-2.383181095123291,1.2767722606658936,0.3317788495912291,1,0
247,2,t023,1011,1011,1010,-0.5902687311172485,-1.2152687311172485,0.625,0.5543165315869839,1,0
247,3,t213,1011,1010,1010,-1.2422317266464233,-0.3672315776348114,-0.8750001490116119,0.2887523058670976,0,0
247,4,s10,0111,1011,1011,-0.921543300151825,-0.5787119269371033,-0.3428313732147217,0.39791459147163805,0,0
247,5,t320,1111,1111,0111,-0.1541128307580948,-2.022275924682617,1.8681630939245224,0.8572768584066266,1,0
247,6,c13,1110,1110,1111,-0.0330996997654438,-3.658099889755249,3.625000189989805,0.9674901877785674,1,0
247,7,s02,1110,1110,0110,-0.5259053707122803,-1.0158416032791138,0.4899362325668335,0.5910298531004424,1,0
247,8,x0,0110,0110,1110,-0.008852055296301842,-5.136699676513672,5.12784762121737,0.9916561009822283,1,0
248,1,x0,1000,1000,0000,-1.463022232055664,-2.2918813228607178,0.8288590908050537,0.2318577698046312,1,0
248,2,x3,1001,1001,0000,-0.05736752599477768,-4.894271373748779,4.836903847754002,0.9444646059260725,1,0
248,3,x1,1101,1101,1011,-0.0019528113771229982,-7.1695756912231445,7.1676228798460215,0.9980556764824846,1,0
248,4,x1,1001,1001,1111,-0.011162370443344116,-4.522263526916504,4.51110115647316,0.9889057664460739,1,0
248,5,c12,1001,1011,1011,-2.350938558578491,-0.10391292721033096,-2.2470256313681602,0.09528059598810078,0,0
248,6,c31,1101,1101,1001,-0.18150228261947632,-1.8049590587615967,1.6234567761421204,0.8340220965386402,1,0
248,7,x1,1001,1001,1111,-0.003632478415966034,-5.909812927246094,5.906180448830128,0.9963818461290369,1,0
248,8,c23,1001,1001,1000,-0.1270740032196045,-2.1270737648010254,1.999999761581421,0.8806746461295594,1,0
249,1,s12,0000,0000,0100,-1.0655999183654785,-2.3607726097106934,1.2951726913452148,0.34486989231644366,1,0
249,2,c31,0000,0000,0100,-0.33721843361854553,-1.3368053436279297,0.9995869100093842,0.7139104481008498,1,0
249,3,x3,0001,0001,1000,-0.0027280014473944902,-7.070163249969482,7.067435248522088,0.9973223706704888,1,0
249,4,c20,0001,0001,1001,-0.6933480501174927,-0.6934568285942078,0.00010877847671508789,0.4999090334681261,1,0
249,5,x3,0000,0000,1000,-0.00016211651382036507,-9.943021774291992,9.942859657778172,0.9998393039081522,1,0
249,6,t021,0000,0000,1000,-0.00037344484007917345,-8.355499267578125,8.355125822738046,0.9996285802694049,1,0
249,7,c03,0000,0000,0001,-0.0011482354020699859,-7.251148223876953,7.249999988474883,0.99885539292354,1,0
249,8,x0,1000,1000,0000,-0.013328447006642818,-4.396988391876221,4.383659944869578,0.98756366783253,1,0
250,1,x0,0100,0100,0110,-1.2418124675750732,-2.491828203201294,1.2500157356262207,0.28926353610490785,1,0
250,2,x1,0000,0000,0110,-0.0348375104367733,-4.189697265625,4.154859755188227,0.9660643730655196,1,0
250,3,c10,0000,0000,1000,-0.04867333173751831,-3.0486128330230713,2.999939501285553,0.9525026657810253,1,0
250,4,s03,0000,0000,1000,-0.38695666193962097,-1.1372095346450806,0.7502528727054596,0.6791603245617687,1,0
250,5,x0,1000,1000,0000,-0.007640318479388952,-5.98814058303833,5.980500264558941,0.9973533154973651,1,0
250,6,s03,0001,0010,0010,-1.3652758598327637,-0.7589784264564514,-0.6062974333763123,0.2553130243190709,0,0
250,7,t201,0001,0001,0101,-0.00967500451952219,-4.907824993133545,4.898149988614023,0.9903845528917826,1,0
250,8,t023,0001,0001,1000,-0.0022694943472743034,-7.18569803237915,7.183428538031876,0.9977423653617924,1,0
251,1,x3,0110,0110,0000,-0.9554868936538696,-2.8577795028686523,1.9022926092147827,0.3857488604367831,1,0
251,2,t213,0111,0110,0110,-0.7803213000297546,-0.7803213000297546,0.0,0.4583052228684501,0,1
251,3,t120,1111,1111,0111,-0.24529045820236206,-1.603527307510376,1.358236849308014,0.7826402440580343,1,0
251,4,c03,1110,1110,1101,-0.012422172352671623,-5.100923538208008,5.088501365855336,0.9876822949377312,1,0
251,5,x1,1010,1010,1011,-0.0015357418451458216,-7.251535892486572,7.250000150641426,0.9984860276066011,1,0
251,6,c30,1010,0010,0010,-0.7030013203620911,-0.6947235465049744,-0.0082777738571167,0.49510366553201307,0,0
251,7,c01,1110,1110,1010,-0.0043958337046206,-5.507172584533691,5.502776750829071,0.9956153964615152,1,0
251,8,t032,1110,1100,1100,-1.1024681329727173,-0.43248045444488525,-0.669987678527832,0.33205218536479386,0,0
252,1,c10,0010,0010,1010,-1.3043837547302246,-2.207350969314575,0.9029672145843506,0.2718258355071192,1,0
252,2,x2,0000,0000,1000,-0.019199537113308907,-5.8337883949279785,5.81458885781467,0.9810210500416985,1,0
252,3,x0,1000,1000,0000,-0.009245941415429115,-5.541752338409424,5.532506396993995,0.9945974850336964,1,0
252,4,x3,1001,1001,0001,-0.0003413874364923686,-9.15434741973877,9.154006032302277,0.9996701184273944,1,0
252,5,t321,1001,1001,1101,-0.08048290014266968,-3.160339832305908,3.0798569321632385,0.9226760459896018,1,0
252,6,c20,1001,0001,0001,-0.8259716033935547,-0.576734185218811,-0.24923741817474365,0.43781657964277404,0,0
252,7,c02,1011,1011,1001,-0.003576825372874737,-5.691165447235107,5.687588621862233,0.9964418606817239,1,0
252,8,s01,0111,0111,1011,-0.9741657376289368,-1.1067613363265991,0.13259559869766235,0.3775371359913457,1,0
253,1,t013,1000,1000,1001,-0.8508301377296448,-2.350830078125,1.4999999403953552,0.4282754012663928,1,0
253,2,x0,0000,0000,1100,-0.01806330494582653,-4.819552421569824,4.801489116623998,0.9828120043988049,1,0
253,3,c13,0000,0000,0001,-0.0022679672110825777,-6.627268314361572,6.62500034715049,0.997740909133508,1,0
253,4,c12,0000,0000,0010,-0.0034616347402334213,-5.754481792449951,5.751020157709718,0.9965497987094843,1,0
253,5,c30,0000,0000,1000,-0.12693919241428375,-2.126936197280884,1.9999970048666,0.8807931205895092,1,0
253,6,c02,0000,0000,1000,-7.11666070856154e-05,-10.007333755493164,10.007262588886078,0.9999290407040874,1,0
253,7,s20,0000,0000,1000,-0.16023966670036316,-1.9102294445037842,1.749989777803421,0.851939807257526,1,0
253,8,x1,0100,0100,0000,-0.003274745075032115,-5.753708839416504,5.750434094341472,0.9967314293764955,1,0
254,1,t012,0010,0010,0110,-0.9108739495277405,-2.488571882247925,1.5776979327201843,0.4027586675938829,1,0
254,2,t130,0010,0010,1010,-0.387283593416214,-1.1402522325515747,0.7529686391353607,0.6789022781661359,1,0
254,3,x0,1010,1010,0110,-0.2843905985355377,-1.6382455825805664,1.3538549840450287,0.7530376050688885,1,0
254,4,t012,1010,1000,1000,-1.7037900686264038,-0.20457985997200012,-1.4992102086544037,0.1819929808436442,0,0
254,5,x0,0010,0010,1110,-0.003989068325608969,-5.707921981811523,5.7039329134859145,0.9962985827499644,1,0
254,6,c32,0010,0000,0000,-1.7116121053695679,-0.3032042384147644,-1.4084078669548035,0.1805757639977724,0,0
254,7,s01,0010,0010,1000,-0.4297304153442383,-1.2623121738433838,0.8325817584991455,0.6509888775023089,1,0
254,8,s03,0010,0010,1001,-0.42877092957496643,-1.6428295373916626,1.2140586078166962,0.6513306134601623,1,0
255,1,t123,1101,1101,1100,-1.3301692008972168,-1.5801692008972168,0.25,0.26478470389801595,1,0
255,2,c32,1111,1111,1110,-0.09346242994070053,-4.0934624671936035,4.000000037252903,0.9108516440237727,1,0
255,3,x1,1011,1011,1001,-0.0035208158660680056,-7.131681442260742,7.128160626394674,0.9966284558311744,1,0
255,4,t013,1011,1010,1010,-1.711071491241455,-0.21107147634029388,-1.5000000149011612,0.18067407817577297,0,0
255,5,c02,1001,1001,0011,-0.001907880650833249,-7.172786235809326,7.170878355158493,0.9981160871310502,1,0
255,6,x1,1101,1101,1011,-0.0018668465781956911,-6.601926803588867,6.6000599570106715,0.998136464866201,1,0
255,7,t120,1101,1101,0101,-0.5233616828918457,-1.0996969938278198,0.5763353109359741,0.5925361352460821,1,0
255,8,s23,1110,1110,1101,-0.039047546684741974,-3.593806266784668,3.554758720099926,0.961711139741318,1,0
256,1,x3,1001,1001,1010,-0.955333948135376,-2.1210412979125977,1.1657073497772217,0.3869975023906071,1,0
256,2,c31,1101,1101,1001,-0.42985615134239197,-1.2006118297576904,0.7707556784152985,0.6506612103545976,1,0
256,3,s21,1011,1101,1101,-1.1091314554214478,-0.5435910224914551,-0.5655404329299927,0.3298489923420157,0,0
256,4,c20,0011,0011,1011,-0.9731777310371399,-1.2096259593963623,0.2364482283592224,0.37792834976876877,1,0
256,5,s20,1001,0011,0011,-1.5566326379776,-1.1938477754592896,-0.36278486251831055,0.2108558191631248,0,0
256,6,x2,1011,1011,1000,-0.1231653243303299,-3.066869020462036,2.9437036961317062,0.884203621201137,1,0
256,7,t013,1011,1010,1010,-1.2374731302261353,-0.36247316002845764,-0.8749999701976776,0.2901215566249802,0,0
256,8,s20,1011,1011,0111,-0.7911887168884277,-1.8429815769195557,1.051792860031128,0.45331425186450536,1,0
257,1,t123,0100,0100,0101,-1.1220917701721191,-1.7470917701721191,0.625,0.32647287571777994,1,0
257,2,s30,0100,1100,1100,-0.8532445430755615,-0.6167216300964355,-0.23652291297912598,0.4260659017411504,0,0
257,3,c12,0110,0110,0100,-0.14915446937084198,-2.0229480266571045,1.8737935572862625,0.8614546837478798,1,0
257,4,x3,0111,0111,0110,-0.011210920289158821,-5.0112104415893555,4.999999521300197,0.9888610380461863,1,0
257,5,c21,0011,0011,0111,-0.2829242944717407,-1.4152965545654297,1.132372260093689,0.7536028238056836,1,0
257,6,s12,0101,0101,0011,-0.680029571056366,-0.8343015909194946,0.15427201986312866,0.5066031933470391,1,0
257,7,x0,1101,1101,1100,-0.05239518731832504,-3.8023951053619385,3.7499999180436134,0.9502755005248388,1,0
257,8,s20,0111,1101,1101,-1.219128966331482,-0.6703370213508606,-0.5487919449806213,0.295489167186247,0,0
258,1,c30,0110,0110,1110,-1.545682430267334,-1.8674132823944092,0.3217308521270752,0.21341350037759158,1,0
258,2,t301,0110,0110,0000,-0.07733908295631409,-3.978747844696045,3.901408761739731,0.9256161551280135,1,0
258,3,s10,1010,1010,0110,-0.1021825522184372,-2.3573899269104004,2.255207374691963,0.9032755374974543,1,0
258,4,s01,0110,0110,1010,-0.6422329545021057,-0.7664662599563599,0.12423330545425415,0.5261384777177979,1,0
258,5,t201,0110,0110,1110,-0.0010772227542474866,-7.304877281188965,7.303800058434717,0.9989254002950582,1,0
258,6,s30,0110,1110,1110,-1.6016169786453247,-0.28368106484413147,-1.3179359138011932,0.2015767630713551,0,0
258,7,t312,0110,0100,0100,-0.9014623165130615,-0.525859534740448,-0.3756027817726135,0.40597994747851257,0,0
258,8,t213,0111,0111,0110,-0.22712132334709167,-1.6021212339401245,1.3749999105930328,0.7968312034457028,1,0
259,1,s13,0110,0011,0011,-2.0849645137786865,-1.6455621719360352,-0.43940234184265137,0.12436696843493578,0,0
259,2,t302,0110,0110,0100,-1.032640814781189,-2.14458966255188,1.111948847770691,0.35632745979291186,1,0
259,3,x2,0100,0100,1000,-0.010644624941051006,-6.601484298706055,6.590839673765004,0.9894302640034461,1,0
259,4,t320,0100,0100,1100,-0.4744991660118103,-0.9747578501701355,0.5002586841583252,0.6222156067142686,1,0
259,5,t301,0100,0100,1100,-0.0011727926321327686,-8.34103775024414,8.339864957612008,0.9988297436177938,1,0
259,6,c30,0100,0100,1100,-0.3869764804840088,-1.137058138847351,0.7500816583633423,0.6791124920090545,1,0
259,7,t103,0100,0100,0101,-0.018590988591313362,-4.018590927124023,3.99999993853271,0.9815836817081924,1,0
259,8,c12,0110,0110,0100,-0.2523860037326813,-1.5032391548156738,1.2508531510829926,0.7769530709552858,1,0
260,1,t102,0001,0001,0010,-0.9797128438949585,-2.572850227355957,1.5931373834609985,0.37615010386818165,1,0
260,2,s21,0001,0100,0100,-0.7915574908256531,-0.7125262022018433,-0.07903128862380981,0.4531594405407047,0,0
260,3,x1,0101,0101,0001,-0.003234473755583167,-6.116036891937256,6.112802418181673,0.996792070914006,1,0
260,4,s32,0110,0110,0101,-0.31894686818122864,-1.347527027130127,1.0285801589488983,0.7270625643172098,1,0
260,5,t032,0110,0110,0100,-0.011792970821261406,-5.408215522766113,5.396422551944852,0.9882804008519385,1,0
260,6,s31,0011,0011,0110,-0.20486664772033691,-1.928810477256775,1.723943829536438,0.8147710274838516,1,0
260,7,c31,0111,0111,0011,-0.14301681518554688,-2.2386016845703125,2.0955848693847656,0.8667688370374225,1,0
260,8,t213,0110,0110,0111,-0.014122696593403816,-4.51412296295166,4.500000266358256,0.9860086187669816,1,0
261,1,t012,0101,0101,0000,-1.2294080257415771,-2.558056354522705,1.328648328781128,0.2930195177839512,1,0
261,2,x2,0111,0111,1100,-0.05333682894706726,-4.758120059967041,4.704783231019974,0.9481051103502094,1,0
261,3,x1,0011,0011,1101,-0.003876866539940238,-7.361185073852539,7.357308207312599,0.9963137612602242,1,0
261,4,s31,0110,0110,0011,-0.3977629542350769,-1.2245533466339111,0.8267903923988342,0.6718318298914446,1,0
261,5,s30,0110,1110,1110,-2.3564558029174805,-0.1550009697675705,-2.20145483314991,0.0947633631012329,0,0
261,6,t201,0110,0110,0010,-0.004556568805128336,-5.507698059082031,5.503141490276903,0.9954570405293625,1,0
261,7,c10,1110,1110,0110,-0.015714824199676514,-4.264683723449707,4.2489688992500305,0.9847673242101678,1,0
261,8,s30,0111,1110,1110,-0.7792595624923706,-0.638702929019928,-0.14055663347244263,0.45875814553014443,0,0
262,1,c31,0010,0010,0110,-1.5287752151489258,-2.088146686553955,0.5593714714050293,0.21706774617154975,1,0
262,2,t021,0010,0010,1000,-0.011355018243193626,-6.282939434051514,6.27158441580832,0.9887162721033586,1,0
262,3,c03,0010,0010,0000,-0.0043106223456561565,-6.652276515960693,6.647965893615037,0.995706506386093,1,0
262,4,c12,0010,0010,0000,-0.14419463276863098,-2.3321609497070312,2.1879663169384003,0.8657210937960517,1,0
262,5,t102,0010,0010,1000,-0.001070308731868863,-7.666802406311035,7.665732097579166,0.9989322643293171,1,0
262,6,s03,0010,0010,1010,-0.5760800838470459,-1.0293554067611694,0.45327532291412354,0.5621036964093983,1,0
262,7,t213,0010,0010,0011,-0.01389940083026886,-4.763899326324463,4.749999925494194,0.9862236341584784,1,0
262,8,t032,0010,0010,0001,-0.0017310341354459524,-7.327672958374023,7.3259419242385775,0.998271907883325,1,0
263,1,t013,0011,0011,0110,-1.1281955242156982,-2.5571510791778564,1.4289555549621582,0.3241354766503197,1,0
263,2,c23,0010,0010,0011,-0.1716432422399521,-2.6716432571411133,2.500000014901161,0.8423376368989849,1,0
263,3,t310,0010,0010,1010,-0.10309959203004837,-2.364811420440674,2.2617118284106255,0.9020438671878491,1,0
263,4,x3,0011,0011,1000,-0.0006147812819108367,-9.134618759155273,9.134003977873363,0.9993880481829535,1,0
263,5,x1,0111,0111,0011,-0.004465887788683176,-5.505308628082275,5.500842740293592,0.9955518455028103,1,0
263,6,s31,0111,0111,0011,-0.6410666704177856,-0.7645785212516785,0.12351185083389282,0.5267353074864424,1,0
263,7,x0,1111,1111,0111,-0.021169215440750122,-5.340512275695801,5.319343060255051,0.9946675741403026,1,0
263,8,c32,1101,1101,1111,-0.03234931081533432,-4.0063862800598145,3.97403696924448,0.9681912847057447,1,0
264,1,s23,1110,1110,1111,-1.3009247779846191,-2.175924777984619,0.875,0.2724966556390049,1,0
264,2,s12,1110,1110,1011,-1.4186673164367676,-1.805279016494751,0.3866117000579834,0.2420677825699603,1,0
264,3,s12,1110,1110,1011,-1.1152769327163696,-1.9641205072402954,0.8488435745239258,0.3278418622379021,1,0
264,4,t210,0110,1110,1110,-1.189375877380371,-0.5922357439994812,-0.5971401333808899,0.3044706170952009,0,0
264,5,c01,0110,0110,0000,-0.16917367279529572,-3.714369773864746,3.5451961010694504,0.8443822499375772,1,0
264,6,t012,0110,0110,1110,-0.004373609554022551,-6.846787452697754,6.842413843143731,0.9956416988575947,1,0
264,7,c13,0111,0111,0110,-0.12181106209754944,-2.2468109130859375,2.124999850988388,0.885324625331801,1,0
264,8,c12,0101,0101,0111,-0.20472069084644318,-1.7658872604370117,1.5611665695905685,0.8148932754476143,1,0
265,1,s13,0010,0010,0110,-1.5516321659088135,-2.3351492881774902,0.7835171222686768,0.21205094540755146,1,0
265,2,t013,0010,0010,0100,-0.16317573189735413,-3.597062349319458,3.433886617422104,0.8495399227525718,1,0
265,3,x1,0110,0110,1000,-0.015652617439627647,-5.508485317230225,5.492832699790597,0.984475851371285,1,0
265,4,c20,1110,1110,0110,-0.1441117525100708,-2.0186963081359863,1.8745845556259155,0.8658528311772797,1,0
265,5,t023,1111,1111,1110,-0.12656550109386444,-2.251565456390381,2.1249999552965164,0.88119058620186,1,0
265,6,x1,1011,1011,0111,-0.00259843235835433,-7.355607032775879,7.353008600417525,0.9974078162904666,1,0
265,7,t201,1111,1111,1011,-0.1832447499036789,-1.8060896396636963,1.6228448897600174,0.8325653013226018,1,0
265,8,x3,1110,1110,1010,-0.007694829721003771,-5.7654032707214355,5.757708441000432,0.9923912847441932,1,0
266,1,t032,1011,1001,1001,-1.7225202322006226,-1.376161813735962,-0.34635841846466064,0.17887908376218703,0,0
266,2,x3,1010,1010,1001,-0.21677038073539734,-3.389507532119751,3.1727371513843536,0.8052488569226969,1,0
266,3,t231,1010,1010,1110,-0.9074866771697998,-1.1718180179595947,0.2643313407897949,0.4035410363200899,1,0
266,4,c30,1010,1010,0010,-0.5765888094902039,-0.8338943719863892,0.2573055624961853,0.5618386166530724,1,0
266,5,s12,1100,1100,1010,-0.21270909905433655,-1.7936197519302368,1.5809106528759003,0.8083948249874708,1,0
266,6,t012,1110,1110,1100,-0.3899136483669281,-1.1401095390319824,0.7501958906650543,0.677142579901034,1,0
266,7,c01,1010,1010,1110,-0.11661016941070557,-2.591177225112915,2.4745670557022095,0.8899472054451488,1,0
266,8,s10,0110,1010,1010,-1.0988073348999023,-0.47736072540283203,-0.6214466094970703,0.33328033912502075,0,0
267,1,c32,1101,1101,1110,-1.5285898447036743,-1.8204267024993896,0.29183685779571533,0.21707335890454388,1,0
267,2,t013,1100,1100,1101,-0.36912137269973755,-2.1191213130950928,1.7499999403953552,0.6914120791233367,1,0
267,3,x1,1000,1000,1001,-0.005068419501185417,-6.130068302154541,6.124999882653356,0.9949548864671677,1,0
267,4,t130,1000,1000,0000,-0.10060542076826096,-2.3999850749969482,2.2993796542286873,0.9042948479209589,1,0
267,5,x1,1100,1100,1010,-0.00042800718802027404,-8.568580627441406,8.568152620253386,0.9995743179248266,1,0
267,6,s23,1100,1100,1110,-0.6405636072158813,-0.7610922455787659,0.12052863836288452,0.5269996320553454,1,0
267,7,t210,1100,1100,0100,-0.029908401891589165,-3.5413477420806885,3.5114393401890993,0.9705425450753369,1,0
267,8,c21,1100,1100,1000,-0.34925785660743713,-1.2565430402755737,0.9072851836681366,0.7052123482463549,1,0
268,1,t120,0100,0100,1100,-0.9840325117111206,-2.423318862915039,1.4392863512039185,0.37462846397940364,1,0
268,2,s31,0001,0001,0100,-0.18869246542453766,-2.2526018619537354,2.0639093965291977,0.8281312794515704,1,0
268,3,x0,1001,1001,1000,-0.03547406569123268,-3.5354738235473633,3.4999997578561306,0.9655779690637297,1,0
268,4,x2,1011,1011,1100,-0.003860822878777981,-7.347532272338867,7.343671449460089,0.9961646875101597,1,0
268,5,t301,1111,1111,1011,-0.12832002341747284,-2.1272196769714355,1.9988996535539627,0.8795738247045043,1,0
268,6,x2,1101,1101,1011,-0.00023924204288050532,-9.228524208068848,9.228284966025967,0.9997655660707286,1,0
268,7,t103,1100,1100,1101,-0.07599389553070068,-3.0134940147399902,2.9375001192092896,0.9268375039071503,1,0
268,8,s30,0101,1100,1100,-1.6099220514297485,-0.5253970623016357,-1.0845249891281128,0.19990734530897628,0,0
269,1,s30,1101,1101,0101,-1.8936867713928223,-2.3915343284606934,0.4978475570678711,0.15060816930149307,1,0
269,2,t102,1111,1111,1110,-0.2480427324771881,-2.3730428218841553,2.125000089406967,0.7804891573953908,1,0
269,3,c01,1011,1011,0111,-0.0380963571369648,-5.053952693939209,5.015856336802244,0.962852814147381,1,0
269,4,t130,1011,1011,0011,-0.48680010437965393,-0.9791086316108704,0.49230852723121643,0.6146083918447564,1,0
269,5,x1,1111,1111,1001,-0.0015078752767294645,-6.878817081451416,6.8773092061746866,0.9985001023473976,1,0
269,6,x1,1011,1011,1101,-0.000810338300652802,-7.688875675201416,7.688065336900763,0.9992001755227978,1,0
269,7,t312,1011,1001,1001,-0.9188499450683594,-0.5274059772491455,-0.39144396781921387,0.39898902167393757,0,0
269,8,x3,1010,1010,1001,-0.00020574522204697132,-10.826498985290527,10.82629324006848,0.9999341238941543,1,0
270,1,s32,0000,0000,0010,-1.3638195991516113,-1.7745481729507446,0.4107285737991333,0.25610348185056836,1,0
270,2,s01,0000,0000,1000,-0.2268177568912506,-1.7844091653823853,1.5575914084911346,0.797095161365261,1,0
270,3,s32,0000,0000,0010,-0.023745009675621986,-4.278648376464844,4.254903366789222,0.9765416360592575,1,0
270,4,x0,1000,1000,0000,-0.03467857465147972,-3.485089063644409,3.4504104889929295,0.9668294949419759,1,0
270,5,s10,0100,1000,1000,-0.717868983745575,-0.69731605052948,-0.02055293321609497,0.487795317300781,0,0
270,6,s23,0100,0100,0001,-0.3657710552215576,-2.3426876068115234,1.9769165515899658,0.6936868992472623,1,0
270,7,t132,0100,0100,0110,-0.05860166996717453,-2.935720920562744,2.8771192505955696,0.9430900018670746,1,0
270,8,s20,0100,0100,1100,-0.6000213027000427,-1.028299331665039,0.42827802896499634,0.5488120929230655,1,0
271,1,x0,0010,0010,0011,-1.1445808410644531,-2.394580841064453,1.25,0.31901324744677545,1,0
271,2,s32,0001,0001,0010,-0.23290954530239105,-1.8579096794128418,1.6250001341104507,0.792254858023573,1,0
271,3,x0,1001,1001,1000,-0.016899369657039642,-4.266899108886719,4.249999739229679,0.9838559765533395,1,0
271,4,t103,1001,1001,1000,-0.011266735382378101,-4.886266708374023,4.874999972991645,0.9888399084627439,1,0
271,5,t023,1001,1001,1000,-0.03832293301820755,-3.288322925567627,3.2499999925494194,0.9624192433100264,1,0
271,6,s30,1001,1001,0001,-0.693540096282959,-1.2872596979141235,0.5937196016311646,0.4998084885636584,1,0
271,7,s31,1100,1100,1001,-0.2527715861797333,-1.50420343875885,1.2514318525791168,0.7766463147088828,1,0
271,8,c13,1101,1101,1100,-0.18077056109905243,-1.8057706356048584,1.625000074505806,0.8347112803778048,1,0
272,1,t310,0101,1101,1101,-1.8480110168457031,-1.6131380796432495,-0.2348729372024536,0.157706045104533,0,0
272,2,x0,1101,1101,1100,-0.11438092589378357,-3.3643808364868164,3.249999910593033,0.8920466246198114,1,0
272,3,s21,1011,1010,1010,-1.4953545331954956,-1.1203545331954956,-0.375,0.22417447245739228,0,0
272,4,s13,1110,1110,1011,-0.5066720247268677,-1.1740071773529053,0.6673351526260376,0.6025230301147538,1,0
272,5,t301,1110,1010,1010,-0.9054719805717468,-0.541476845741272,-0.36399513483047485,0.4043573897330741,0,0
272,6,c30,1110,1110,0110,-0.38708433508872986,-1.1434593200683594,0.7563749849796295,0.6790388936674439,1,0
272,7,t301,1110,1010,1010,-1.054707407951355,-0.4295162856578827,-0.6251911222934723,0.34829726920925386,0,0
272,8,t312,1110,1100,1100,-1.2372385263442993,-0.40119460225105286,-0.8360439240932465,0.2901871974022217,0,0
273,1,x1,1000,1000,1110,-1.5724329948425293,-1.9994282722473145,0.42699527740478516,0.2077324893922397,1,0
273,2,x0,0000,0000,1100,-0.060816869139671326,-3.348665475845337,3.2878486067056656,0.9411619024576321,1,0
273,3,t123,0000,0000,1000,-0.013192946091294289,-5.846195220947266,5.833002274855971,0.986907681053767,1,0
273,4,c02,0000,0000,0010,-0.0013062041252851486,-7.224747657775879,7.223441453650594,0.9986962030486887,1,0
273,5,x2,0010,0010,0001,-0.00359389279037714,-6.262050628662109,6.258456735871732,0.9964163722189838,1,0
273,6,t302,0010,0010,1010,-0.001099499175325036,-8.008793830871582,8.007694331696257,0.998903337053623,1,0
273,7,x0,1010,1010,0010,-0.004012433812022209,-6.604496955871582,6.60048452205956,0.9980352098199895,1,0
273,8,x1,1110,1110,1000,-0.0009602914797142148,-7.161185264587402,7.160224973107688,0.9990411235688939,1,0
274,1,t123,0011,0011,0010,-1.154350757598877,-2.154350757598877,1.0,0.31584609430085425,1,0
274,2,x0,1011,0111,0111,-1.3327285051345825,-0.9057270884513855,-0.427001416683197,0.2643651388546866,0,0
274,3,c21,1111,1111,1110,-0.16734182834625244,-2.417341709136963,2.2499998807907104,0.8459286538485505,1,0
274,4,c12,1101,1101,1011,-0.000810517929494381,-7.918883800506592,7.918073282577097,0.9991970529390088,1,0
274,5,c23,1101,1100,1100,-3.1704204082489014,-0.04542068764567375,-3.1249997206032276,0.041986282970070656,0,0
274,6,x0,0101,0101,1001,-0.008155721239745617,-5.2905097007751465,5.282353979535401,0.9931367707772653,1,0
274,7,x0,1101,1101,0101,-0.012058412656188011,-7.766550064086914,7.754491651430726,0.9994459665307008,1,0
274,8,x2,1111,1111,1110,-0.0009371654014103115,-7.563436985015869,7.562499819614459,0.9990753047891915,1,0
275,1,x2,1111,1111,1110,-0.8765076994895935,-2.6265077590942383,1.7500000596046448,0.41672099840418186,1,0
275,2,t021,1011,1011,1111,-0.4090613126754761,-1.2892322540283203,0.8801709413528442,0.6643338973608607,1,0
275,3,x3,1010,1010,1110,-0.0030713859014213085,-7.374778747558594,7.371707361657172,0.9969619843168459,1,0
275,4,t230,1010,1010,0010,-0.39000484347343445,-1.1589751243591309,0.7689702808856964,0.6770660382957903,1,0
275,5,c01,1110,1110,0010,-0.0018360918620601296,-6.756460666656494,6.754624574794434,0.998168231874464,1,0
275,6,x2,1100,1100,1101,-0.00014543210272677243,-9.625144958496094,9.624999526393367,0.9998560593613051,1,0
275,7,t301,1100,1100,1000,-0.10091376304626465,-2.3509809970855713,2.2500672340393066,0.9040163604114153,1,0
275,8,s20,0110,1100,1100,-0.9541507959365845,-0.5237775444984436,-0.43037325143814087,0.38514689414097597,0,0
276,1,x1,0000,0000,0110,-1.3533307313919067,-2.065256357192993,0.7119256258010864,0.258655843478015,1,0
276,2,s20,0000,0000,1000,-0.39080485701560974,-1.1427170038223267,0.7519121468067169,0.6765220785273823,1,0
276,3,x2,0010,0010,0001,-0.0019253859063610435,-6.641048908233643,6.6391235223272815,0.9980809317997859,1,0
276,4,c10,0010,0010,1010,-0.20163044333457947,-1.7031861543655396,1.50155571103096,0.8174264535155299,1,0
276,5,s12,0100,0010,0010,-1.0697706937789917,-0.49886569380760193,-0.5709049999713898,0.3430875344151125,0,0
276,6,s01,1000,0100,0100,-0.7597007155418396,-0.6487902998924255,-0.11091041564941406,0.4678420055346956,0,0
276,7,c12,1000,1000,1010,-0.42980220913887024,-1.0542505979537964,0.6244483888149261,0.6506738191736265,1,0
276,8,t132,1000,1000,1010,-0.011222378350794315,-4.511541366577148,4.500318988226354,0.9888485395942477,1,0
277,1,s31,0111,0011,0011,-2.1614487171173096,-1.7789061069488525,-0.38254261016845703,0.1152383489932467,0,0
277,2,c32,0101,0101,0111,-0.4023916721343994,-2.0075175762176514,1.605125904083252,0.6688195391357148,1,0
277,3,s03,1100,1100,0101,-0.514998733997345,-0.9885345101356506,0.47353577613830566,0.5975424971475963,1,0
277,4,c32,1100,1110,1110,-1.8575843572616577,-0.22465340793132782,-1.63293094933033,0.15605855555130085,0,0
277,5,x1,1000,1000,1110,-0.0013666125014424324,-7.697847366333008,7.696480753831565,0.9986567704932563,1,0
277,6,x2,1010,1010,1001,-0.00031088379910215735,-9.474349021911621,9.474038138112519,0.9996934775411489,1,0
277,7,x0,0010,0010,1010,-0.010706720873713493,-5.0843071937561035,5.07360047288239,0.9924633164837501,1,0
277,8,t013,0010,0010,1010,-0.001197847886942327,-7.9595818519592285,7.958384004072286,0.9988036704540192,1,0
278,1,x3,1001,1001,1010,-0.996855616569519,-2.1213645935058594,1.1245089769363403,0.37133592910742663,1,0
278,2,s31,1100,1100,1001,-0.3568119406700134,-1.701690673828125,1.3448787331581116,0.6999223533586184,1,0
278,3,s31,1001,1001,1100,-1.6431093215942383,-1.7005847692489624,0.05747544765472412,0.19339852178006184,1,0
278,4,t103,1001,1001,1000,-0.6634281873703003,-0.9134281873703003,0.25,0.5152403785143752,1,0
278,5,s31,1100,1100,1001,-0.820999026298523,-1.1394166946411133,0.31841766834259033,0.4400047438313252,1,0
278,6,x0,0100,0100,1100,-0.12055769562721252,-2.748283863067627,2.6277261674404144,0.8866215786280219,1,0
278,7,x1,0000,0000,0100,-0.07193797826766968,-2.7756032943725586,2.703665316104889,0.9306392869576969,1,0
278,8,t123,0000,0000,0001,-0.00906868651509285,-4.884068965911865,4.875000279396772,0.9909761667572405,1,0
279,1,c21,1101,1001,1001,-2.3939380645751953,-1.9086662530899048,-0.4852718114852905,0.09135619115494428,0,0
279,2,t312,1111,1111,1110,-0.07372824102640152,-3.198728322982788,3.1250000819563866,0.928977707765106,1,0
279,3,t031,1011,1011,1111,-0.39014744758605957,-1.1423370838165283,0.7521896362304688,0.6769766823328859,1,0
279,4,c21,1111,1110,1110,-3.393897294998169,-0.08139727264642715,-3.312500022351742,0.03357774040395127,0,0
279,5,s23,1111,1111,1101,-0.5410476922988892,-1.1492841243743896,0.6082364320755005,0.5821516390932379,1,0
279,6,c30,0111,0111,1111,-0.42902275919914246,-1.0551786422729492,0.6261558830738068,0.6511960375070183,1,0
279,7,t013,0111,0111,0110,-0.13407377898693085,-2.1340737342834473,1.9999999552965164,0.8745283435891001,1,0
279,8,s03,1110,1110,0111,-0.25820982456207275,-1.600581407546997,1.3423715829849243,0.7724469283341134,1,0
280,1,x0,1011,1011,0011,-1.3766599893569946,-2.718438148498535,1.3417781591415405,0.2528855962086197,1,0
280,2,t102,1011,1011,1000,-0.344814658164978,-2.4789857864379883,2.1341711282730103,0.7084232125327046,1,0
280,3,x0,0011,0011,1111,-0.011532098054885864,-4.675200939178467,4.663668841123581,0.988863573339524,1,0
280,4,c20,1011,1011,0011,-0.2028609961271286,-1.7023968696594238,1.4995358735322952,0.8164179402462368,1,0
280,5,x1,1111,1111,1001,-0.0005366227123886347,-8.252071380615234,8.251534757902846,0.9994682593201627,1,0
280,6,t302,1101,1101,0111,-0.0002732047578319907,-8.636197090148926,8.635923885391094,0.9997471286066746,1,0
280,7,s10,1101,1101,0101,-0.5233439207077026,-0.9362987875938416,0.4129548668861389,0.5925622189765736,1,0
280,8,c12,1111,1111,1110,-0.03446338698267937,-3.409463405609131,3.3750000186264515,0.9661303530224175,1,0
281,1,x1,0001,0001,0111,-1.4742225408554077,-2.0717363357543945,0.5975137948989868,0.22927961263902977,1,0
281,2,c10,0001,0001,1001,-0.5875461101531982,-0.8566036224365234,0.2690575122833252,0.5557031795993204,1,0
281,3,c13,0001,0001,0000,-0.020507417619228363,-4.145507335662842,4.124999918043613,0.9797100106022812,1,0
281,4,x3,0000,0000,1000,-0.000471139675937593,-8.851081848144531,8.850610708468594,0.9995473413069085,1,0
281,5,s31,0000,0000,0100,-0.055340249091386795,-2.9303159713745117,2.874975722283125,0.9461648100021649,1,0
281,6,s02,0000,0000,1000,-0.20143234729766846,-1.7014464139938354,1.500014066696167,0.8175610018237592,1,0
281,7,s20,0000,0000,1000,-0.20143666863441467,-1.7014362812042236,1.499999612569809,0.8175563479060068,1,0
281,8,s13,0000,0000,0100,-0.1270289421081543,-2.127012014389038,1.9999830722808838,0.8807102447178551,1,0
282,1,s31,0011,0011,0110,-1.9114928245544434,-2.2633252143859863,0.35183238983154297,0.14796315954737738,1,0
282,2,s02,1001,0011,0011,-2.0930676460266113,-1.3070650100708008,-0.7860026359558105,0.12333685431028965,0,0
282,3,t213,1001,1001,1000,-1.2313017845153809,-1.4813017845153809,0.25,0.2921307730194869,1,0
282,4,s01,0101,0101,1001,-0.6857768893241882,-0.9187135100364685,0.23293662071228027,0.50370412727173,1,0
282,5,x1,0001,0001,0111,-0.024861373007297516,-4.475831985473633,4.450970612466335,0.9755173842843671,1,0
282,6,s20,0001,0001,1000,-0.577663779258728,-0.828924834728241,0.25126105546951294,0.5612109355528999,1,0
282,7,c12,0001,0001,0011,-0.18008898198604584,-1.8056896924972534,1.6256007105112076,0.8351978459329081,1,0
282,8,x1,0101,0101,0001,-0.001739837578497827,-6.414778232574463,6.413038394995965,0.9982637712576482,1,0
283,1,t123,1100,1100,1101,-1.2080751657485962,-1.4580751657485962,0.25,0.29942355385053215,1,0
283,2,s01,1100,0100,0100,-1.3211923837661743,-0.9616587162017822,-0.3595336675643921,0.2669614113859441,0,0
283,3,x2,1110,1110,0000,-0.01211635023355484,-6.239263534545898,6.227147184312344,0.9879935462162308,1,0
283,4,t301,1110,1010,1010,-0.9052502512931824,-0.6416800618171692,-0.2635701894760132,0.4044461445680407,0,0
283,5,x0,0110,0110,0111,-0.029748810455203056,-4.154748439788818,4.124999629333615,0.9717426022386083,1,0
283,6,c21,0010,0010,0110,-0.30229371786117554,-1.4178587198257446,1.115565001964569,0.7391237164982372,1,0
283,7,x1,0110,0110,0010,-0.052755728363990784,-3.1227941513061523,3.0700384229421616,0.948623907610804,1,0
283,8,s13,0011,0011,0110,-0.31150907278060913,-1.672074556350708,1.3605654835700989,0.7323429418951126,1,0
284,1,t213,0010,0010,0011,-1.1552906036376953,-1.7802906036376953,0.625,0.31556394362865403,1,0
284,2,c12,0010,0010,0001,-0.6453941464424133,-1.243441104888916,0.5980469584465027,0.5244628378322902,1,0
284,3,s13,0010,0010,0110,-0.3210173547267914,-1.4613174200057983,1.140300065279007,0.7254152635904205,1,0
284,4,c31,0010,0110,0110,-1.0541201829910278,-0.4309782385826111,-0.6231419444084167,0.34850163977615994,0,0
284,5,x1,0110,0110,0010,-0.005449018906801939,-5.255744934082031,5.250295915175229,0.9945688491347641,1,0
284,6,c12,0100,0100,0110,-0.013229060918092728,-4.388172149658203,4.37494308874011,0.9868617869319621,1,0
284,7,t203,0100,0100,0101,-0.0010969507275149226,-7.376096725463867,7.374999774736352,0.9989057594320048,1,0
284,8,c32,0100,0100,0110,-0.1816251575946808,-1.8049359321594238,1.623310774564743,0.8339230250040605,1,0
285,1,t012,0011,0011,0111,-1.1021559238433838,-2.2851057052612305,1.1829497814178467,0.33256683153332744,1,0
285,2,c13,0011,0010,0010,-1.2740395069122314,-0.39903953671455383,-0.8749999701976776,0.27970340928629783,0,0
285,3,c01,0011,0011,1011,-0.012409955263137817,-5.089221000671387,5.076811045408249,0.9876684639433889,1,0
285,4,c30,1011,1011,0011,-0.3134191334247589,-1.3134161233901978,0.9999969899654388,0.7309705415346684,1,0
285,5,t032,1001,1001,1011,-0.1605660617351532,-1.9120330810546875,1.7514670193195343,0.8516660522347939,1,0
285,6,c13,1001,1001,1000,-0.4757043123245239,-0.9757043123245239,0.5,0.6214491681257361,1,0
285,7,c20,1001,1001,0001,-0.5761517286300659,-0.8264747262001038,0.25032299757003784,0.5620636906908236,1,0
285,8,c32,1011,1011,1001,-0.19393731653690338,-1.912766933441162,1.7188296169042587,0.8237100029811256,1,0
286,1,t302,0111,0111,0110,-1.4360766410827637,-2.3110766410827637,0.875,0.23827342781364053,1,0
286,2,c30,1111,1111,0111,-0.25777140259742737,-1.5121909379959106,1.2544195353984833,0.7728568249441045,1,0
286,3,t123,1110,1110,1111,-0.014214864000678062,-5.139214992523193,5.125000128522515,0.9860057694378995,1,0
286,4,s03,0111,1110,1110,-0.8959517478942871,-0.6980363130569458,-0.1979154348373413,0.4082282556498678,0,0
286,5,x0,1111,1111,1110,-0.017937231808900833,-5.642937183380127,5.624999951571226,0.9912906554231062,1,0
286,6,s10,1111,1111,0111,-0.407920241355896,-1.1376537084579468,0.7297334671020508,0.6650460123169664,1,0
286,7,x3,1110,1110,0110,-0.0009008049382828176,-7.896132946014404,7.8952321410761215,0.9991264460667323,1,0
286,8,c32,1110,1100,1100,-1.1024192571640015,-0.5240758657455444,-0.578343391418457,0.332070726036613,0,0
287,1,x3,0011,0011,0000,-1.0668714046478271,-2.3366947174072266,1.2698233127593994,0.3450263991264916,1,0
287,2,t102,0011,0011,0010,-0.17218521237373352,-3.0471854209899902,2.8750002086162567,0.8419262945820679,1,0
287,3,x0,1011,1011,0111,-0.01582672819495201,-4.973130702972412,4.95730397477746,0.9867375690263038,1,0
287,4,x2,1001,1001,1110,-0.0008930542971938848,-8.750446319580078,8.749553265282884,0.9991696856433234,1,0
287,5,x0,0001,0001,1001,-0.0069375066086649895,-5.063284397125244,5.056346890516579,0.9932331738167688,1,0
287,6,x3,0000,0000,1000,-0.0006032338133081794,-8.229077339172363,8.228474105359055,0.9994014878823047,1,0
287,7,t231,0000,0000,1000,-0.001821963582187891,-7.026214599609375,7.024392636027187,0.9981842637476119,1,0
287,8,t201,0000,0000,1000,-0.0003543816856108606,-8.502861976623535,8.502507594937924,0.9996460943374347,1,0
288,1,c23,0000,0000,0001,-1.1928062438964844,-1.6928062438964844,0.5,0.3045015845292728,1,0
288,2,s23,0000,0000,0010,-0.12066678702831268,-3.2522475719451904,3.1315807849168777,0.8863588124532471,1,0
288,3,t102,0000,0000,1000,-0.005915387999266386,-6.294081211090088,6.2881658230908215,0.9941226480271569,1,0
288,4,x0,1000,1000,0000,-0.02720484510064125,-3.8797483444213867,3.8525434993207455,0.9739614862060735,1,0
288,5,s13,1000,1000,1100,-0.18238914012908936,-1.8072354793548584,1.624846339225769,0.8332807936420342,1,0
288,6,t132,1000,1000,1010,-0.0012698449427261949,-6.751309871673584,6.750040026730858,0.9987419023978623,1,0
288,7,x3,1001,1001,1010,-0.0002083706494886428,-9.445103645324707,9.444895274675218,0.9998079090876185,1,0
288,8,x1,1101,1101,1100,-0.000705721671693027,-7.875705718994141,7.874999997322448,0.9992962612815267,1,0
289,1,s30,0000,0000,1000,-1.4607919454574585,-2.32010555267334,0.8593136072158813,0.2323274673954395,1,0
289,2,c20,0000,0000,1000,-0.38956329226493835,-1.1385256052017212,0.7489623129367828,0.6773631838301097,1,0
289,3,s20,0000,0000,1000,-0.31341537833213806,-1.3139063119888306,1.0004909336566925,0.7309689917753353,1,0
289,4,x1,0100,0100,0000,-0.005397878121584654,-5.2613844871521,5.255986609030515,0.9946219370201272,1,0
289,5,x1,0000,0000,0110,-0.011619100347161293,-4.527621746063232,4.516002645716071,0.9885043910617755,1,0
289,6,t132,0000,0000,0010,-0.0007334788679145277,-7.625752925872803,7.625019447004888,0.9992711157933502,1,0
289,7,c21,0000,0000,0100,-0.0551428347826004,-2.930100679397583,2.8749578446149826,0.9463548291155585,1,0
289,8,s32,0000,0000,0010,-0.002582129556685686,-6.127263069152832,6.124680939596146,0.9974212404679133,1,0
290,1,t312,1100,1110,1110,-1.6670178174972534,-1.4169764518737793,-0.2500413656234741,0.1890865005255218,0,0
290,2,x2,1110,1110,1111,-0.02665681578218937,-4.526656627655029,4.49999981187284,0.973771872193775,1,0
290,3,x2,1100,1100,0000,-0.001460433704778552,-8.536174774169922,8.534714340465143,0.9985550844396558,1,0
290,4,s13,1001,1001,1100,-0.40033087134361267,-1.4636808633804321,1.0633499920368195,0.6701057494172754,1,0
290,5,t321,1001,1001,1100,-0.6100925803184509,-1.1413453817367554,0.5312528014183044,0.5433066119666454,1,0
290,6,c31,1101,1101,1001,-0.057238221168518066,-2.9307689666748047,2.8735307455062866,0.9443799596965764,1,0
290,7,s10,1101,1101,0101,-0.4741967022418976,-1.5500640869140625,1.075867384672165,0.6223945061898765,1,0
290,8,c03,1100,1100,1111,-0.006138901226222515,-5.523126602172852,5.516987700946629,0.9939079958081033,1,0
291,1,x1,1001,1001,1111,-1.5874357223510742,-1.93526291847229,0.3478271961212158,0.204601497001182,1,0
291,2,x3,1000,1000,1011,-0.009921628050506115,-6.210833549499512,6.200911921449006,0.9901607677420079,1,0
291,3,x2,1010,1010,1011,-0.0017796698957681656,-7.751779556274414,7.749999886378646,0.9982227957645161,1,0
291,4,x1,1110,1110,1000,-0.009704222902655602,-5.270127296447754,5.260423073545098,0.9903472156170419,1,0
291,5,c10,0110,0110,1110,-0.19257035851478577,-1.8051010370254517,1.612530678510666,0.8250375669691307,1,0
291,6,t321,0110,0110,0010,-0.074725441634655,-3.2688050270080566,3.1940795853734016,0.9280062889612885,1,0
291,7,s02,1100,1100,0110,-0.40001457929611206,-1.1390138864517212,0.7389993071556091,0.6703217347136063,1,0
291,8,s03,0101,1100,1100,-1.0237551927566528,-0.7383098602294922,-0.28544533252716064,0.3592450937730692,0,0
292,1,c12,1000,1000,1010,-1.0434386730194092,-2.0206544399261475,0.9772157669067383,0.3532291328399238,1,0
292,2,t032,1000,1000,1010,-0.03386937826871872,-4.050374507904053,4.016505129635334,0.9667807908959206,1,0
292,3,s10,0100,1000,1000,-0.7248884439468384,-0.6932095289230347,-0.03167891502380371,0.4844097051102736,0,0
292,4,s31,0001,0001,0100,-0.21081417798995972,-1.8082066774368286,1.597392499446869,0.8099457212037241,1,0
292,5,t123,0001,0001,0000,-0.008563575334846973,-5.383563995361328,5.375000420026481,0.9915119795203701,1,0
292,6,c21,0001,0101,0101,-1.13918137550354,-0.44189566373825073,-0.6972857117652893,0.3200828122833832,0,0
292,7,c01,0001,0001,1001,-4.3630163418129086e-05,-10.581311225891113,10.581267595727695,0.9999565922953452,1,0
292,8,x3,0000,0000,1000,-0.00035580279654823244,-8.6163969039917,8.616041101195151,0.9996895739249011,1,0
293,1,c01,1110,1110,1100,-1.9399160146713257,-2.509290933609009,0.5693749189376831,0.14388024168052077,1,0
293,2,s21,1110,1011,1011,-1.064854383468628,-0.6227219104766846,-0.44213247299194336,0.34480653346427736,0,0
293,3,t120,0110,1110,1110,-1.1827847957611084,-0.3883788585662842,-0.7944059371948242,0.3064372862676178,0,0
293,4,s32,0101,0101,0110,-0.655654788017273,-1.3993761539459229,0.7437213659286499,0.5191111533759314,1,0
293,5,x0,1101,1101,0101,-0.21026496589183807,-1.966572642326355,1.756307676434517,0.8108515959150525,1,0
293,6,t120,1101,1101,0101,-0.8287261724472046,-0.9713632464408875,0.14263707399368286,0.43662022525092564,1,0
293,7,s03,1101,1101,0101,-0.6661224365234375,-1.137617588043213,0.4714951515197754,0.5137216981571457,1,0
293,8,x2,1111,1111,1110,-0.0015926873311400414,-6.814093112945557,6.812500425614417,0.9984367370979178,1,0
294,1,x2,0101,0101,0100,-1.2060766220092773,-2.3310766220092773,1.125,0.3000277556563335,1,0
294,2,x1,0001,0001,0111,-0.06722776591777802,-3.5572593212127686,3.4900315552949905,0.9350879201722638,1,0
294,3,s01,0001,0001,1000,-0.31400159001350403,-1.8893818855285645,1.5753802955150604,0.7305522562789438,1,0
294,4,c31,0101,0101,0001,-0.18035531044006348,-1.8051468133926392,1.6247915029525757,0.8349845683707926,1,0
294,5,s12,0011,0101,0101,-1.0377548933029175,-0.6369168758392334,-0.4008380174636841,0.3542494305761823,0,0
294,6,x3,0010,0010,0110,-0.0014268753584474325,-8.528646469116211,8.527219593757764,0.9986047568552554,1,0
294,7,s12,0100,0100,0010,-0.5660989880561829,-0.9454946517944336,0.37939566373825073,0.5677390601190611,1,0
294,8,c01,0100,0100,0000,-0.16836759448051453,-2.0063834190368652,1.8380158245563507,0.8451004223328515,1,0
295,1,c20,1011,1011,0011,-1.5657415390014648,-1.645285725593567,0.07954418659210205,0.20925047867678184,1,0
295,2,x0,0011,0011,1111,-0.08713506162166595,-3.0524487495422363,2.9653136879205704,0.916679454054122,1,0
295,3,t123,0011,0011,0010,-0.6452462077140808,-0.7702462077140808,0.125,0.5245431843325037,1,0
295,4,c21,0111,0111,0011,-0.270512193441391,-2.129082679748535,1.8585704863071442,0.7630045291968212,1,0
295,5,t312,0101,0101,1110,-0.01311057060956955,-5.601683616638184,5.588573046028614,0.9869825039030931,1,0
295,6,s03,1100,1100,0101,-0.3141822814941406,-1.3142213821411133,1.0000391006469727,0.7303964758966914,1,0
295,7,s03,0101,1100,1100,-1.3835002183914185,-0.5871263742446899,-0.7963738441467285,0.2507011712193695,0,0
295,8,s12,0011,0101,0101,-0.7857774496078491,-0.7615906000137329,-0.02418684959411621,0.4557668794205919,0,0
296,1,c03,0000,0000,0001,-1.033438801765442,-2.0334386825561523,0.9999998807907104,0.3574672479155916,1,0
296,2,s13,0000,0000,0100,-0.3653089702129364,-1.3634893894195557,0.9981804192066193,0.6940039417008024,1,0
296,3,s31,0000,0000,0100,-0.06023988872766495,-2.9351463317871094,2.8749064430594444,0.9415461390116707,1,0
296,4,s03,0000,0000,1000,-0.20153920352458954,-1.7026543617248535,1.501115158200264,0.8174943724587453,1,0
296,5,s30,0000,0000,1000,-0.3133540749549866,-1.3134709596633911,1.0001168847084045,0.7309938135398071,1,0
296,6,t310,0000,0000,1000,-0.008633943274617195,-4.758843421936035,4.750209478661418,0.9914042109826035,1,0
296,7,c01,0000,0000,1000,-0.00027511254302226007,-8.55407428741455,8.553799174871529,0.9997267176433133,1,0
296,8,x2,0010,0010,1000,-0.0026406487450003624,-6.269146919250488,6.266506270505488,0.997388261698195,1,0
297,1,t120,1010,1010,0010,-1.2562570571899414,-2.486698627471924,1.2304415702819824,0.2851928736495907,1,0
297,2,x2,1000,1000,0000,-0.015998290851712227,-6.031702041625977,6.015703750774264,0.9841582194016603,1,0
297,3,t012,1000,1000,1010,-0.004758630413562059,-5.3797807693481445,5.3750221389345825,0.9952544180225894,1,0
297,4,c13,1000,1000,1001,-0.16026975214481354,-1.9102697372436523,1.7499999850988388,0.8519168934704205,1,0
297,5,t312,1000,1000,1010,-1.525875813968014e-05,-12.250052452087402,12.250037193329263,0.9999864629314115,1,0
297,6,t102,1000,1000,1010,-7.259626727318391e-05,-9.62555980682373,9.625487210556457,0.9999278501210241,1,0
297,7,c03,1001,1001,1000,-0.0004917383776046336,-7.625491619110107,7.624999880732503,0.9995099632123423,1,0
297,8,x0,0001,0001,1101,-0.025000857189297676,-4.226731300354004,4.201730443164706,0.9819954441169934,1,0
298,1,s01,1100,0100,0100,-1.7783230543136597,-1.5906405448913574,-0.18768250942230225,0.16916701800754416,0,0
298,2,c12,1110,1110,1100,-0.12340163439512253,-2.7030718326568604,2.579670198261738,0.8839686117096286,1,0
298,3,x2,1100,1100,0000,-0.029000410810112953,-5.566697120666504,5.537696709856391,0.9714824682562847,1,0
298,4,s12,1010,1100,1100,-1.0576386451721191,-0.9059818983078003,-0.15165674686431885,0.347275792501489,0,0
298,5,c02,1000,1000,1010,-0.1138262003660202,-3.7980098724365234,3.6841836720705032,0.8924322356423346,1,0
298,6,c23,1000,1000,1001,-0.18430495262145996,-1.80930495262146,1.625,0.8317022355419189,1,0
298,7,s30,0001,1000,1000,-1.0618268251419067,-0.7285528182983398,-0.3332740068435669,0.34583664745051196,0,0
298,8,x2,0011,0011,0000,-0.21961864829063416,-2.276613235473633,2.0569945871829987,0.8028754417534864,1,0
299,1,c12,0011,0011,0000,-1.6648838520050049,-2.0245258808135986,0.35964202880859375,0.18949201332694884,1,0
299,2,c30,1011,1011,0011,-0.47921615839004517,-0.9853944182395935,0.5061782598495483,0.6193977246855531,1,0
299,3,s03,1011,1011,0110,-0.7619147896766663,-1.1201828718185425,0.3582680821418762,0.4667800704079521,1,0
299,4,t201,1111,1111,1011,-0.03861074522137642,-3.4107298851013184,3.372119139879942,0.962132698928599,1,0
299,5,s32,1111,1101,1101,-1.9832847118377686,-0.82723069190979,-1.1560540199279785,0.13761864194230747,0,0
299,6,s01,1111,1111,0111,-0.6658579707145691,-0.8984495401382446,0.23259156942367554,0.5138488290311043,1,0
299,7,s10,1111,1111,0111,-0.5291107296943665,-0.8990371823310852,0.36992645263671875,0.5891480438413249,1,0
299,8,x2,1101,1101,1011,-0.000366302760085091,-9.319347381591797,9.318981078831712,0.9996880801369319,1,0
