example_id,step,gate,gold_state,best_state,best_wrong_state,gold_logprob,best_wrong_logprob,margin,gold_prob16,local_correct,tie
0,1,s30,0110,0110,0101,-2.319490432739258,-2.4779999256134033,0.1585094928741455,0.09836503026259734,1,0
0,2,c13,0111,0111,0110,-0.5338592529296875,-1.9088592529296875,1.375,0.5864515195458111,1,0
0,3,t132,0101,0101,0111,-0.3969283998012543,-1.4501054286956787,1.0531770288944244,0.6724042900915629,1,0
0,4,x2,0111,0111,0100,-0.030562832951545715,-3.7959096431732178,3.765346810221672,0.9699029218102637,1,0
0,5,c10,1111,1111,0111,-0.32993823289871216,-1.3161240816116333,0.9861858487129211,0.7194271403238469,1,0
0,6,t201,1011,1011,1111,-0.39580419659614563,-1.1520469188690186,0.7562427222728729,0.673142762105733,1,0
0,7,s12,1101,1011,1011,-1.3763567209243774,-0.633696436882019,-0.7426602840423584,0.2524978326031652,0,0
0,8,t302,1111,1111,1101,-0.10256931185722351,-2.5974738597869873,2.494904547929764,0.9025455063705456,1,0
1,1,s31,1010,1010,1100,-1.9696309566497803,-2.288998603820801,0.3193676471710205,0.1395770591763415,1,0
1,2,c30,1010,1010,0010,-1.1740453243255615,-1.5574512481689453,0.3834059238433838,0.3091757778679167,1,0
1,3,t301,1010,1110,1110,-1.1440902948379517,-0.6807644367218018,-0.4633258581161499,0.3185219678006768,0,0
1,4,c01,1110,1110,1010,-0.027394801378250122,-3.7067623138427734,3.6793675124645233,0.9729797761807757,1,0
1,5,x2,1100,1100,1011,-0.0011215815320611,-7.453933238983154,7.452811657451093,0.9989275594766617,1,0
1,6,s01,1100,1100,0100,-0.6940891146659851,-0.7039904594421387,0.009901344776153564,0.4995419949651134,1,0
1,7,c01,1000,1000,1100,-0.019348440691828728,-4.061374187469482,4.042025746777654,0.9808426427833297,1,0
1,8,c20,1000,1000,0000,-0.6932979822158813,-0.6946159601211548,0.0013179779052734375,0.49994485442576925,1,0
2,1,c32,1101,1101,1110,-1.746837854385376,-2.072819232940674,0.32598137855529785,0.17445112258896217,1,0
2,2,s12,1011,1101,1101,-2.1655783653259277,-1.172235369682312,-0.9933429956436157,0.11468735076282788,0,0
2,3,x0,0011,0011,1111,-0.44009995460510254,-2.067214250564575,1.6271142959594727,0.644099596318141,1,0
2,4,x0,1011,1011,0111,-0.06471993774175644,-3.4229092597961426,3.358189322054386,0.9373467890388911,1,0
2,5,s30,1011,1011,0011,-0.9945486187934875,-1.4712245464324951,0.47667592763900757,0.36990687592484406,1,0
2,6,t120,1011,1011,0011,-0.20566733181476593,-1.703169584274292,1.497502252459526,0.8141107110450342,1,0
2,7,c30,0011,1011,1011,-0.8266372680664062,-0.5771464705467224,-0.24949079751968384,0.43753169604913017,0,0
2,8,x1,0111,0111,1110,-0.0067177824676036835,-5.321836471557617,5.3151186890900135,0.9933063223788082,1,0
3,1,t031,1111,1011,1011,-2.376052141189575,-2.1303248405456543,-0.2457273006439209,0.0929638921382616,0,0
3,2,s01,1111,0111,0111,-1.529163122177124,-1.2721182107925415,-0.2570449113845825,0.21673865173355397,0,0
3,3,c21,1011,1011,1101,-0.15481892228126526,-2.657395124435425,2.5025762021541595,0.8565926504308623,1,0
3,4,c30,0011,0011,1011,-0.5294122695922852,-0.9171077013015747,0.38769543170928955,0.5889801110450658,1,0
3,5,s10,0011,0011,1011,-0.8084057569503784,-1.145227313041687,0.3368215560913086,0.44557884926332136,1,0
3,6,s10,0011,1011,1011,-0.8313039541244507,-0.6123946905136108,-0.21890926361083984,0.4354825812902853,0,0
3,7,x3,0010,0010,1010,-0.0006525144563056529,-8.281549453735352,8.280896939279046,0.9993559954548663,1,0
3,8,t013,0010,0010,0011,-0.006854920648038387,-5.006855010986328,5.00000009033829,0.9931715775728556,1,0
4,1,s03,0011,1010,1010,-2.8533124923706055,-2.1949055194854736,-0.6584069728851318,0.057687009716533844,0,0
4,2,s23,0011,0100,0100,-2.9675045013427734,-2.319424629211426,-0.6480798721313477,0.05145103128217901,0,0
4,3,s31,0110,0110,0011,-1.673401117324829,-1.6985236406326294,0.025122523307800293,0.1876197495484683,1,0
4,4,x1,0010,0010,0011,-1.0568939447402954,-1.556894063949585,0.5000001192092896,0.34756211271625864,1,0
4,5,x1,0110,0110,0000,-0.3886895477771759,-1.3077964782714844,0.9191069304943085,0.6779649257871314,1,0
4,6,c03,0110,0110,0111,-0.41718241572380066,-1.167182445526123,0.7500000298023224,0.6589092298175442,1,0
4,7,s01,1010,0110,0110,-1.6360023021697998,-0.7022928595542908,-0.933709442615509,0.19476505000606317,0,0
4,8,x3,1011,1011,1010,-0.006815167609602213,-5.381815433502197,5.375000265892595,0.9932088639030606,1,0
5,1,c32,0110,0100,0100,-2.445122003555298,-1.960632562637329,-0.48448944091796875,0.0867899845626936,0,0
5,2,s23,0101,0101,0110,-1.4172929525375366,-1.4172941446304321,1.1920928955078125e-06,0.2423881315973551,1,0
5,3,s20,0101,0101,1100,-1.4832247495651245,-1.7308419942855835,0.24761724472045898,0.22694955072436837,1,0
5,4,t132,0111,0101,0101,-1.6850008964538574,-0.49856922030448914,-1.1864316761493683,0.18544708405533145,0,0
5,5,x1,0011,0011,0101,-0.06506417691707611,-3.4243969917297363,3.35933281481266,0.937062267651362,1,0
5,6,x2,0001,0001,0111,-0.05085824429988861,-3.1381778717041016,3.087319627404213,0.9504159262041253,1,0
5,7,t320,0001,0001,1001,-0.38776695728302,-1.139933705329895,0.752166748046875,0.6785836625297378,1,0
5,8,s10,0001,0001,1001,-0.48019611835479736,-1.3611657619476318,0.8809696435928345,0.618676012948391,1,0
6,1,t230,1101,1101,0101,-2.032198667526245,-2.323432445526123,0.29123377799987793,0.13111917589172056,1,0
6,2,t031,1001,1101,1101,-0.939899206161499,-0.9315869808197021,-0.008312225341796875,0.3906970001852524,0,0
6,3,x0,0001,0001,1001,-0.0568339079618454,-3.4983041286468506,3.441470220685005,0.9448007844195971,1,0
6,4,t230,0001,0001,1001,-0.6932885646820068,-0.6941075921058655,0.0008190274238586426,0.49994549906888847,1,0
6,5,c32,0011,0011,0001,-0.07645728439092636,-2.6957900524139404,2.619332768023014,0.9263957193741136,1,0
6,6,t013,0011,0011,0010,-0.2256087064743042,-1.6006087064743042,1.375,0.7980316209064263,1,0
6,7,c20,1011,1011,0011,-0.4742681682109833,-0.9742722511291504,0.5000040829181671,0.6223611004988249,1,0
6,8,x1,1111,1111,1110,-0.0006780246621929109,-7.500678062438965,7.500000037776772,0.9993234869394146,1,0
7,1,t102,0110,0110,0100,-1.9031604528427124,-2.077800750732422,0.17464029788970947,0.14924668972424604,1,0
7,2,c02,0110,0100,0100,-1.0707367658615112,-0.8483552932739258,-0.22238147258758545,0.34277981923600354,0,0
7,3,x2,0100,0100,0011,-0.03607051819562912,-4.749405860900879,4.71333534270525,0.9646052503418784,1,0
7,4,c30,0100,1100,1100,-1.1404954195022583,-0.3895442485809326,-0.7509511709213257,0.3197144997754468,0,0
7,5,x0,1100,1100,0000,-0.014311411418020725,-5.1467814445495605,5.13247003313154,0.9862060086163417,1,0
7,6,x3,1101,1101,1110,-0.002487016376107931,-6.774699687957764,6.772212671581656,0.9975183354941218,1,0
7,7,x2,1111,1111,1100,-0.008477305993437767,-4.948238372802734,4.939761066809297,0.9915758032818125,1,0
7,8,t120,0111,1111,1111,-0.8262568116188049,-0.5763106942176819,-0.24994611740112305,0.4376896789701123,0,0
8,1,c32,0101,0101,0110,-2.0477590560913086,-2.2755398750305176,0.22778081893920898,0.12913106714865194,1,0
8,2,t123,0101,0100,0100,-1.2608516216278076,-0.7608516812324524,-0.4999999403953552,0.2834421703832499,0,0
8,3,x1,0001,0001,0111,-0.011562329716980457,-4.877199649810791,4.865637320093811,0.9885711289381873,1,0
8,4,s30,1000,0001,0001,-1.3709867000579834,-0.39555713534355164,-0.9754295647144318,0.2538617997560996,0,0
8,5,t103,1000,1000,1001,-0.1662200391292572,-1.91621994972229,1.7499999105930328,0.8468630252170799,1,0
8,6,c13,1000,1000,1001,-0.4298866093158722,-1.0548865795135498,0.6249999701976776,0.6505834090876925,1,0
8,7,t301,1000,1000,1100,-0.14327429234981537,-2.018413782119751,1.8751394897699356,0.8665168479249299,1,0
8,8,x1,1100,1100,1010,-0.0001866709062596783,-8.87690258026123,8.87671590935497,0.9998137918057871,1,0
9,1,c23,1100,1101,1101,-1.699069857597351,-1.574069857597351,-0.125,0.18322930865859124,0,0
9,2,s32,1100,1110,1110,-1.8478730916976929,-0.5922011137008667,-1.2556719779968262,0.1575832721294521,0,0
9,3,s01,1100,1100,0100,-0.6976660490036011,-1.5951734781265259,0.8975074291229248,0.49787806751325264,1,0
9,4,s03,0101,1100,1100,-1.5116535425186157,-0.8216559290885925,-0.6899976134300232,0.22055961833493642,0,0
9,5,x2,0111,0111,0100,-0.07951677590608597,-3.342625856399536,3.26310908049345,0.9236131134569832,1,0
9,6,t013,0111,0111,0110,-0.5787876844406128,-0.8287876844406128,0.25,0.5605788963439218,1,0
9,7,s03,1110,1110,0111,-0.6587590575218201,-1.015364408493042,0.3566053509712219,0.517507297403961,1,0
9,8,x3,1111,1111,1110,-0.005399128422141075,-5.380398750305176,5.374999621883035,0.994616797953795,1,0
10,1,t210,1101,1101,0101,-1.58974027633667,-2.471630334854126,0.881890058517456,0.2041417956608765,1,0
10,2,s30,1101,1101,0110,-1.0093523263931274,-1.95173978805542,0.9423874616622925,0.3645077066859631,1,0
10,3,c31,1001,1001,1101,-0.5547457933425903,-1.1377476453781128,0.5830018520355225,0.5742272894635257,1,0
10,4,c32,1011,1011,1001,-0.16519668698310852,-2.369263172149658,2.2040664851665497,0.8477391144344449,1,0
10,5,x0,0011,0011,1111,-0.05607494339346886,-3.1380093097686768,3.081934366375208,0.9458909964599398,1,0
10,6,x0,1011,1011,0011,-0.026764612644910812,-3.6529829502105713,3.6262183375656605,0.9739637805298699,1,0
10,7,t213,1011,1010,1010,-1.3222918510437012,-0.3222917914390564,-1.0000000596046448,0.2665281461523765,0,0
10,8,s13,1110,1110,1011,-0.5748476982116699,-1.4255801439285278,0.8507324457168579,0.5627957559190647,1,0
11,1,x3,1101,1101,1110,-1.21605384349823,-2.4887454509735107,1.2726916074752808,0.2968410535173677,1,0
11,2,x0,0101,0101,1001,-0.335104763507843,-2.8938632011413574,2.5587584376335144,0.715576559980375,1,0
11,3,t213,0101,0101,0100,-0.264091432094574,-1.8890914916992188,1.6250000596046448,0.7679104012249959,1,0
11,4,c02,0101,0111,0111,-1.4067119359970093,-0.29392537474632263,-1.1127865612506866,0.24494796752581388,0,0
11,5,c32,0111,0111,0101,-0.032636113464832306,-3.531938314437866,3.499302200973034,0.9679054250946418,1,0
11,6,t120,1111,0111,0111,-1.5065066814422607,-0.2523270845413208,-1.25417959690094,0.22168778411462392,0,0
11,7,s03,1111,1111,0111,-0.7426205277442932,-0.873828649520874,0.1312081217765808,0.4758716707026427,1,0
11,8,c23,1110,1110,1111,-0.029415369033813477,-3.6544153690338135,3.625,0.9710234978656297,1,0
12,1,x1,0011,0011,0101,-2.002182722091675,-2.2031352519989014,0.20095252990722656,0.13511168054043393,1,0
12,2,c02,0011,0001,0001,-1.6545062065124512,-0.9144531488418579,-0.7400530576705933,0.19119949259052438,0,0
12,3,c30,1011,1011,0011,-0.6423035860061646,-0.9385676383972168,0.29626405239105225,0.526108095649658,1,0
12,4,c31,1111,1111,1011,-0.4922280013561249,-1.6443599462509155,1.1521319448947906,0.6112676679041465,1,0
12,5,s10,1111,0111,0111,-1.0871384143829346,-0.5896239876747131,-0.49751442670822144,0.33719051078305234,0,0
12,6,c13,1110,1110,1111,-0.08974897861480713,-2.7147490978240967,2.6250001192092896,0.9141951936261516,1,0
12,7,t302,1110,1100,1100,-1.931065320968628,-0.16509971022605896,-1.765965610742569,0.1450018775213922,0,0
12,8,s02,1110,1110,0110,-0.7048876285552979,-1.1488837003707886,0.4439960718154907,0.49417665888505785,1,0
13,1,c12,1000,1010,1010,-1.8074098825454712,-1.5852512121200562,-0.22215867042541504,0.1643484528328624,0,0
13,2,t120,1000,1000,0000,-0.6109558343887329,-2.1946465969085693,1.5836907625198364,0.542869061870864,1,0
13,3,s12,1000,1000,1100,-0.18539462983608246,-1.9657161235809326,1.7803214937448502,0.8307937704878575,1,0
13,4,s23,1000,1000,1010,-0.20771574974060059,-1.8150300979614258,1.6073143482208252,0.8124458701418725,1,0
13,5,t201,1000,1000,1100,-0.062264736741781235,-2.812546491622925,2.7502817548811436,0.9396385049291491,1,0
13,6,s23,1000,1000,1010,-0.20362088084220886,-1.9147002696990967,1.7110793888568878,0.8157723299785645,1,0
13,7,t120,1000,1000,0000,-0.029757285490632057,-3.5313844680786133,3.5016271825879812,0.9706824737707486,1,0
13,8,x3,1001,1001,1000,-0.0002693973365239799,-9.750268936157227,9.749999538820703,0.9997364805499291,1,0
14,1,c31,1000,1000,1100,-1.733321189880371,-1.7426297664642334,0.009308576583862305,0.17688902374791396,1,0
14,2,c10,1000,1000,0000,-0.9977461099624634,-1.3757758140563965,0.3780297040939331,0.36876256297681537,1,0
14,3,x3,1001,1001,0001,-0.008188534528017044,-6.58772611618042,6.579537581652403,0.9918754369404222,1,0
14,4,t013,1001,1001,1000,-0.024118006229400635,-3.774117946624756,3.7499999403953552,0.9761766057023217,1,0
14,5,c30,0001,0001,1001,-0.5850887894630432,-0.8260970115661621,0.2410082221031189,0.5570738177810918,1,0
14,6,s02,0001,0001,1000,-0.41718780994415283,-1.2290334701538086,0.8118456602096558,0.658905614058492,1,0
14,7,c12,0001,0011,0011,-1.9102472066879272,-0.16155417263507843,-1.7486930340528488,0.14804381227593075,0,0
14,8,s03,1000,0001,0001,-0.8345125317573547,-0.5795131325721741,-0.25499939918518066,0.43408776947280353,0,0
15,1,c13,1110,1110,1111,-1.0188634395599365,-2.2688632011413574,1.249999761581421,0.3612075534978115,1,0
15,2,c01,1010,1010,1011,-0.28642094135284424,-2.1614208221435547,1.8749998807907104,0.7510003464311564,1,0
15,3,t132,1010,1010,1000,-0.3044416010379791,-1.6653364896774292,1.36089488863945,0.7375360125965202,1,0
15,4,s01,0110,1010,1010,-1.3313435316085815,-0.47655755281448364,-0.8547859787940979,0.2641461892971785,0,0
15,5,t230,0110,0110,1110,-0.4746643900871277,-0.9853090047836304,0.5106446146965027,0.6220953014529773,1,0
15,6,s30,0110,1110,1110,-1.1427093744277954,-0.9327809810638428,-0.20992839336395264,0.3189692194657073,0,0
15,7,x2,0100,0100,0010,-0.00022016912407707423,-9.348748207092285,9.348528037968208,0.9997858320910988,1,0
15,8,s20,0100,1100,1100,-1.13822340965271,-0.41590654850006104,-0.7223168611526489,0.32038876365546015,0,0
16,1,c12,1000,1010,1010,-1.9182910919189453,-1.6205555200576782,-0.2977355718612671,0.1471646799100498,0,0
16,2,c12,1000,1000,1010,-0.5810920596122742,-0.953700065612793,0.3726080060005188,0.5593018328795218,1,0
16,3,s23,1000,1000,1010,-0.06378811597824097,-3.058884620666504,2.995096504688263,0.9382215803699229,1,0
16,4,x1,1100,1100,1010,-0.0028605032712221146,-6.678472995758057,6.6756124924868345,0.9971563591375737,1,0
16,5,s03,0101,0101,1100,-0.9934264421463013,-1.0014115571975708,0.007985115051269531,0.370326092254956,1,0
16,6,t231,0101,0101,0001,-0.8502390384674072,-1.0224204063415527,0.1721813678741455,0.4273205458413345,1,0
16,7,s23,0110,0101,0101,-0.9795058965682983,-0.7452528476715088,-0.23425304889678955,0.3754976485075939,0,0
16,8,c32,0110,0100,0100,-1.243097186088562,-0.3762463629245758,-0.8668508231639862,0.28849439573551505,0,0
17,1,s10,0101,1001,1001,-2.2289223670959473,-1.941241979598999,-0.28768038749694824,0.10770630676098092,0,0
17,2,s10,1001,0101,0101,-1.8405230045318604,-1.1686493158340454,-0.6718736886978149,0.1587526819076673,0,0
17,3,s01,0101,1001,1001,-1.734239935874939,-0.9288918972015381,-0.8053480386734009,0.17654213413170441,0,0
17,4,s13,0101,0101,0011,-1.3069612979888916,-1.4412592649459839,0.13429796695709229,0.27065130530387843,1,0
17,5,x1,0001,0001,0111,-0.03857642784714699,-3.8499021530151367,3.8113257251679897,0.9622435005631654,1,0
17,6,c02,0001,0001,0011,-0.22572800517082214,-1.6033930778503418,1.3776650726795197,0.7979354646876169,1,0
17,7,x2,0011,0011,1000,-0.0027822372503578663,-7.205009460449219,7.202227223198861,0.9972264125401263,1,0
17,8,t012,0011,0011,0001,-0.008369388990104198,-4.883129119873047,4.874759730882943,0.9916679940430528,1,0
18,1,t023,1011,1011,1010,-1.93538236618042,-2.06038236618042,0.125,0.1445646466402949,1,0
18,2,s23,1011,1011,1001,-1.127366065979004,-1.2990758419036865,0.17170977592468262,0.323896768758054,1,0
18,3,t013,1011,1010,1010,-0.9040089845657349,-0.5290089845657349,-0.375,0.4049440184150267,0,0
18,4,c03,1010,1010,1011,-0.03518396615982056,-3.410183906555176,3.3749999403953552,0.9654553509684666,1,0
18,5,t102,1010,1010,1000,-0.056265734136104584,-3.1115174293518066,3.055251695215702,0.9452889360074511,1,0
18,6,c20,0010,0010,1010,-0.5794391632080078,-0.8268203139305115,0.24738115072250366,0.560249255118545,1,0
18,7,t302,0010,0010,0000,-0.007746659219264984,-4.9715895652771,4.963842906057835,0.9922835116225887,1,0
18,8,s23,0001,0010,0010,-0.9324031472206116,-0.5419074296951294,-0.3904957175254822,0.3936067252022772,0,0
19,1,x1,1100,1100,1010,-1.5331053733825684,-2.2105515003204346,0.6774461269378662,0.21599105695864573,1,0
19,2,s01,1100,1100,0100,-1.1142964363098145,-1.4776569604873657,0.36336052417755127,0.32819825912704026,1,0
19,3,x1,1000,1000,1110,-0.04918435215950012,-4.01945161819458,3.97026726603508,0.952057166603367,1,0
19,4,t023,1000,1000,1001,-0.09799079596996307,-2.4729909896850586,2.3750001937150955,0.9066665338220555,1,0
19,5,c13,1000,1000,1001,-0.12762168049812317,-2.127621650695801,1.9999999701976776,0.8801887012327896,1,0
19,6,x3,1001,1001,1000,-0.00038392713759094477,-8.125383377075195,8.124999449937604,0.9996173793441105,1,0
19,7,c30,0001,1001,1001,-0.7785468101501465,-0.6968077421188354,-0.08173906803131104,0.4590856727043855,0,0
19,8,t230,0001,0001,1001,-0.25213736295700073,-1.5044323205947876,1.2522949576377869,0.7771457385741517,1,0
20,1,c23,1111,1111,1110,-1.624951720237732,-1.999951720237732,0.375,0.19724210183241697,1,0
20,2,t032,1101,1101,1111,-0.3455222547054291,-2.160414695739746,1.814892441034317,0.7078819351413729,1,0
20,3,t102,1111,1111,1101,-0.5083558559417725,-1.3408873081207275,0.8325314521789551,0.6014887318838791,1,0
20,4,x0,0111,0111,1011,-0.11564086377620697,-3.2920398712158203,3.1763990074396133,0.8909815055831168,1,0
20,5,c20,1111,1111,0111,-0.26773199439048767,-1.5086628198623657,1.240930825471878,0.7651433529127676,1,0
20,6,s13,1111,1011,1011,-1.291153073310852,-0.8883469104766846,-0.4028061628341675,0.2749548302691783,0,0
20,7,x0,0111,0111,1111,-0.016501380130648613,-4.1715474128723145,4.155046032741666,0.9836446883695451,1,0
20,8,x1,0011,0011,1011,-0.0319296196103096,-4.250067710876465,4.218138091266155,0.9687350961954972,1,0
21,1,s03,1010,0001,0001,-2.8200926780700684,-2.3196635246276855,-0.5004291534423828,0.059645088673051856,0,0
21,2,s20,1010,1000,1000,-2.7888343334198,-2.5955259799957275,-0.19330835342407227,0.06153865039552887,0,0
21,3,x3,1011,1011,1010,-1.1643571853637695,-2.0393571853637695,0.875,0.31246318370705695,1,0
21,4,c23,1010,1010,1011,-0.4047105610370636,-1.1547105312347412,0.7499999701976776,0.6671983019198396,1,0
21,5,x0,0010,0010,1010,-0.25329339504241943,-2.4452219009399414,2.191928505897522,0.7763717244195666,1,0
21,6,x0,1010,1010,0010,-0.055264659225940704,-2.934077262878418,2.8788126036524773,0.9462450844874879,1,0
21,7,x0,0010,0010,1010,-0.16044247150421143,-2.3024559020996094,2.142013430595398,0.8517824991615415,1,0
21,8,c31,0010,0110,0110,-1.2322667837142944,-0.3828534185886383,-0.8494133651256561,0.29163187757779613,0,0
22,1,x3,0101,0101,0110,-1.5010178089141846,-2.4732046127319336,0.972186803817749,0.22327800136421977,1,0
22,2,t201,0101,0101,0001,-0.5523883700370789,-2.0570645332336426,1.5046761631965637,0.5756088800344432,1,0
22,3,s12,0011,0101,0101,-1.159240961074829,-0.6583450436592102,-0.5008959174156189,0.31372654073285405,0,0
22,4,s32,0011,0001,0001,-1.2010223865509033,-0.6583693027496338,-0.5426530838012695,0.3008883145167597,0,0
22,5,c23,0010,0010,0011,-0.38785314559936523,-1.1378531455993652,0.75,0.6785164299100728,1,0
22,6,c12,0010,0000,0000,-0.9758894443511963,-0.4809025228023529,-0.4949869215488434,0.3768574309032216,0,0
22,7,t321,0010,0010,0110,-0.12697654962539673,-2.1441545486450195,2.017177999019623,0.8807545977603979,1,0
22,8,x1,0110,0110,0010,-0.0002665300853550434,-8.502223014831543,8.501956484746188,0.9997338884670973,1,0
23,1,x3,1000,1000,1010,-1.0306755304336548,-2.479447841644287,1.4487723112106323,0.35763279897757067,1,0
23,2,s21,1000,1000,1100,-0.42776602506637573,-1.5101032257080078,1.082337200641632,0.6519873563571815,1,0
23,3,s30,0001,1000,1000,-2.9611976146698,-0.610526442527771,-2.350671172142029,0.05175960554091065,0,0
23,4,t201,0001,0001,0101,-0.049335185438394547,-3.803163528442383,3.7538283430039883,0.9518654684685331,1,0
23,5,x1,0101,0101,0100,-0.0017381918150931597,-6.62673807144165,6.624999879626557,0.9982641100684793,1,0
23,6,s10,1001,1001,0101,-0.5685104727745056,-0.9753949046134949,0.40688443183898926,0.5663922800215268,1,0
23,7,t301,1101,1001,1001,-0.9759724140167236,-0.4749886989593506,-0.500983715057373,0.3768270624117108,0,0
23,8,s12,1011,1101,1101,-1.6832542419433594,-0.7851827144622803,-0.8980715274810791,0.18577234746794274,0,0
24,1,s13,0110,0011,0011,-2.439548969268799,-2.1547210216522217,-0.28482794761657715,0.08723467345957824,0,0
24,2,x2,0100,0100,0111,-1.4955273866653442,-2.082742691040039,0.5872153043746948,0.2242151612752639,1,0
24,3,c32,0100,0100,0110,-0.6152294874191284,-0.9553656578063965,0.34013617038726807,0.5405284737200345,1,0
24,4,s02,0100,0100,1100,-0.5600948929786682,-1.5579471588134766,0.9978522658348083,0.5712000030588146,1,0
24,5,x2,0110,0110,0101,-0.015107451938092709,-4.313571929931641,4.298464477993548,0.9850092298965115,1,0
24,6,c03,0110,0110,0111,-0.37521275877952576,-1.2502127885818481,0.8750000298023224,0.6871490065280892,1,0
24,7,t032,0110,0110,0100,-0.12847766280174255,-2.131929636001587,2.0034519731998444,0.879437223057674,1,0
24,8,s21,0110,0011,0011,-1.0260190963745117,-0.6937851309776306,-0.3322339653968811,0.3584389362063243,0,0
25,1,c13,1100,1100,1101,-1.413123369216919,-2.163123369216919,0.75,0.24359638716595217,1,0
25,2,t230,1100,1100,0100,-0.5239745378494263,-1.7310707569122314,1.2070962190628052,0.5921818111572348,1,0
25,3,t320,1100,1100,0100,-0.2526877820491791,-1.5095101594924927,1.2568223774433136,0.7767155070401174,1,0
25,4,c21,1100,1100,1000,-0.5305199027061462,-0.9443432092666626,0.41382330656051636,0.5883017563043774,1,0
25,5,t031,1100,1100,1000,-0.04334466531872749,-3.190058469772339,3.1467138044536114,0.9575818848635421,1,0
25,6,t312,1100,1100,1110,-0.18001745641231537,-1.8049468994140625,1.6249294430017471,0.835257085033823,1,0
25,7,t130,1100,1100,0100,-0.2520103454589844,-1.503524661064148,1.2515143156051636,0.7772425366173261,1,0
25,8,x2,1110,1110,1101,-0.0005208859802223742,-8.159164428710938,8.158643542730715,0.999481974398005,1,0
26,1,t210,1101,1101,0101,-1.4669909477233887,-2.330644130706787,0.8636531829833984,0.23075115604858332,1,0
26,2,x3,1100,1100,1110,-0.12459979951381683,-3.4702165126800537,3.345616713166237,0.8830465819904625,1,0
26,3,x1,1000,1000,1110,-0.012980778701603413,-4.910853385925293,4.89787260722369,0.9871078502930467,1,0
26,4,s23,1000,1000,1010,-0.20795556902885437,-2.1349945068359375,1.9270389378070831,0.8122472576435608,1,0
26,5,c31,1000,1000,1100,-0.5760248899459839,-0.8260809183120728,0.25005602836608887,0.5621294285176422,1,0
26,6,s21,1000,1000,1100,-0.3143577575683594,-1.3178954124450684,1.003537654876709,0.7302599257478001,1,0
26,7,s30,0001,1000,1000,-1.933794379234314,-0.4742045998573303,-1.4595897793769836,0.14459926130508313,0,0
26,8,s32,0010,0001,0001,-1.2691328525543213,-0.8745735287666321,-0.3945593237876892,0.2810754541936389,0,0
27,1,t213,1100,1100,1101,-1.4507871866226196,-1.5757871866226196,0.125,0.2347259468075016,1,0
27,2,x0,0100,0100,1000,-0.2615692615509033,-2.588993787765503,2.3274245262145996,0.7701891686704218,1,0
27,3,x0,1100,1100,0000,-0.012796228751540184,-5.0043416023254395,4.991545373573899,0.9872906417079007,1,0
27,4,x1,1000,1000,1001,-0.005246328189969063,-5.880246639251709,5.87500031106174,0.9947723803555908,1,0
27,5,t130,1000,1000,0000,-0.12978465855121613,-2.2613234519958496,2.1315387934446335,0.8782880341328833,1,0
27,6,x0,0000,0000,1000,-0.028815940022468567,-4.176671028137207,4.1478550881147385,0.9716053776266637,1,0
27,7,c03,0000,0000,1001,-0.004712594207376242,-6.240045070648193,6.235332476440817,0.9952994013127673,1,0
27,8,s31,0000,0100,0100,-0.9292096495628357,-0.6142231225967407,-0.31498652696609497,0.39486620398004674,0,0
28,1,x1,1111,1111,1110,-2.0131564140319824,-2.2631564140319824,0.25,0.13362132143635244,1,0
28,2,x3,1110,1110,1101,-0.07236137241125107,-4.273427486419678,4.201066114008427,0.9302730328090575,1,0
28,3,c01,1010,1010,1011,-0.38665708899497986,-1.3866569995880127,0.9999999105930328,0.679358988361263,1,0
28,4,t320,1010,1010,0010,-0.38904979825019836,-1.1481622457504272,0.7591124475002289,0.6777032702708997,1,0
28,5,x1,1110,1110,1111,-0.0024930580984801054,-6.877492904663086,6.874999846564606,0.9975104316636233,1,0
28,6,c02,1100,1100,1110,-0.014437295496463776,-4.2876081466674805,4.273170851171017,0.9858296490975067,1,0
28,7,c23,1100,1101,1101,-2.127188205718994,-0.1271882802248001,-1.999999925494194,0.11917255623354792,0,0
28,8,c21,1100,1100,1000,-0.5237274169921875,-0.9052843451499939,0.3815569281578064,0.5923127643083405,1,0
29,1,t312,0100,0100,0110,-1.9034173488616943,-1.9836326837539673,0.08021533489227295,0.1492317567728178,1,0
29,2,s12,0010,0100,0100,-1.7512822151184082,-0.7627089023590088,-0.9885733127593994,0.17355561832690536,0,0
29,3,s21,0100,0010,0010,-1.5128755569458008,-1.0513323545455933,-0.4615432024002075,0.22028132652508875,0,0
29,4,t230,0100,0100,1100,-0.3328952491283417,-1.4509408473968506,1.118045598268509,0.7169023731435548,1,0
29,5,t130,0100,0100,1100,-0.048649419099092484,-3.054574728012085,3.0059253089129925,0.9525184914663722,1,0
29,6,t013,0100,0100,0101,-0.0019247482996433973,-6.626924991607666,6.625000243308023,0.9980788922421204,1,0
29,7,x2,0110,0110,0101,-0.0018185527296736836,-6.508547306060791,6.506728753331117,0.9981918970675051,1,0
29,8,t210,1110,0110,0110,-1.9250308275222778,-0.23018263280391693,-1.694848194718361,0.14587192681275096,0,0
30,1,t120,1110,0110,0110,-2.2945632934570312,-1.876804232597351,-0.4177590608596802,0.1008671159268476,0,0
30,2,s21,1110,1110,1011,-1.1480991840362549,-1.5972226858139038,0.4491235017776489,0.31728008290736687,1,0
30,3,c10,0110,0110,1110,-0.49411681294441223,-0.9791899919509888,0.48507317900657654,0.6101733298412346,1,0
30,4,c01,0110,0110,0010,-0.03612741082906723,-3.5652832984924316,3.5291558876633644,0.9645187447495761,1,0
30,5,x2,0100,0100,0011,-0.00293655670247972,-6.876659870147705,6.873723313445225,0.9970975217307211,1,0
30,6,s20,0100,1100,1100,-0.9761727452278137,-0.5063664317131042,-0.4698063135147095,0.37676278287401743,0,0
30,7,x1,0000,0000,0110,-0.0025970544666051865,-6.191788196563721,6.1891911420971155,0.997430666527944,1,0
30,8,s10,0000,0000,1000,-0.5771716237068176,-0.8260438442230225,0.24887222051620483,0.5615070035733702,1,0
31,1,t012,0011,0011,0001,-1.7371363639831543,-2.1762590408325195,0.43912267684936523,0.17617388150073296,1,0
31,2,t310,0011,0011,1011,-0.3969880938529968,-1.14608633518219,0.7490982413291931,0.6723591425643962,1,0
31,3,t320,1011,0011,0011,-0.9748106598854065,-0.4741863012313843,-0.5006243586540222,0.3772699186906593,0,0
31,4,x1,1111,1111,1001,-0.0017804792150855064,-7.128005027770996,7.126224548555911,0.9982273801409998,1,0
31,5,t203,1110,1110,1111,-0.028470709919929504,-3.903470754623413,3.8750000447034836,0.9719445948112424,1,0
31,6,s01,1110,1110,0110,-0.4757455289363861,-0.9916632175445557,0.5159176886081696,0.6214407255344047,1,0
31,7,t230,1110,1110,0110,-0.38721051812171936,-1.1706676483154297,0.7834571301937103,0.6789640274560294,1,0
31,8,x0,0110,0110,1110,-0.010044336318969727,-4.715939521789551,4.705895185470581,0.9900945046280114,1,0
32,1,x1,1000,1110,1110,-1.922637939453125,-1.9199203252792358,-0.00271761417388916,0.1462933570841519,0,0
32,2,x0,0000,0000,1100,-0.25880539417266846,-2.1971845626831055,1.938379168510437,0.7720293502297755,1,0
32,3,s13,0000,0000,0100,-0.2538106441497803,-1.715345025062561,1.4615343809127808,0.775846226866959,1,0
32,4,x0,1000,1000,0000,-0.2014244943857193,-1.8633662462234497,1.6619417518377304,0.8175717381689541,1,0
32,5,s23,1000,1000,1010,-0.28596141934394836,-1.7212350368499756,1.4352736175060272,0.7512957132430169,1,0
32,6,t102,1000,1000,1010,-0.02985186129808426,-3.5299031734466553,3.500051312148571,0.9705901113007482,1,0
32,7,x0,0000,0000,1000,-0.16060224175453186,-2.093609571456909,1.9330073297023773,0.8516406787669857,1,0
32,8,c32,0000,0010,0010,-0.7595970630645752,-0.6345736980438232,-0.12502336502075195,0.4678579557516651,0,0
33,1,s02,0011,1001,1001,-2.7893226146698,-2.0970160961151123,-0.6923065185546875,0.06152089634947049,0,0
33,2,c02,0011,0001,0001,-2.2072319984436035,-1.4572460651397705,-0.749985933303833,0.11004575380359727,0,0
33,3,t301,0011,0011,0111,-0.5343017578125,-1.6420700550079346,1.1077682971954346,0.586088626965093,1,0
33,4,s10,0011,0011,1011,-0.7936656475067139,-1.265841007232666,0.47217535972595215,0.45221548794307415,1,0
33,5,c02,0011,0011,0001,-0.34851276874542236,-1.2235817909240723,0.8750690221786499,0.7057371949082567,1,0
33,6,t021,0011,0011,0111,-0.043093640357255936,-3.1815989017486572,3.1385052613914013,0.9578221749953494,1,0
33,7,x2,0001,0001,0110,-0.005552635528147221,-5.681086540222168,5.675533904694021,0.9944686023658538,1,0
33,8,c32,0011,0011,0001,-0.31548237800598145,-1.3142638206481934,0.9987814426422119,0.7294393412059161,1,0
34,1,s23,1100,1100,1110,-1.9400076866149902,-2.042775869369507,0.1027681827545166,0.1438336796945895,1,0
34,2,t013,1101,1101,1100,-0.8512545228004456,-0.9762545228004456,0.125,0.42695557412175095,1,0
34,3,t102,1111,1111,1110,-0.9623748660087585,-1.4623749256134033,0.5000000596046448,0.3820254319786065,1,0
34,4,s21,1111,1011,1011,-1.418043851852417,-0.9887678623199463,-0.4292759895324707,0.24220763629793968,0,0
34,5,c20,0111,0111,1111,-0.5159672498703003,-0.9996342062950134,0.48366695642471313,0.5970462923677894,1,0
34,6,t012,0111,0111,0101,-0.3080545961856842,-1.4140148162841797,1.1059602200984955,0.7348776195742711,1,0
34,7,x2,0101,0101,0011,-0.004883089568465948,-6.249784469604492,6.244901380036026,0.9952382577125065,1,0
34,8,t132,0111,0111,0101,-0.3931278586387634,-1.1444364786148071,0.7513086199760437,0.6749499664335955,1,0
35,1,x2,0110,0110,0101,-1.6177438497543335,-2.218743324279785,0.6009994745254517,0.19855372562375356,1,0
35,2,t312,0110,0110,0100,-0.7925773859024048,-0.9534679055213928,0.16089051961898804,0.4527140097412323,1,0
35,3,c30,0110,0110,1110,-0.7024180293083191,-0.7111639380455017,0.008745908737182617,0.4954539353017683,1,0
35,4,t032,0110,0110,0100,-0.3496200442314148,-1.2261637449264526,0.8765437006950378,0.7049625865807616,1,0
35,5,x0,1110,1110,0110,-0.03461752459406853,-3.7397818565368652,3.7051643319427967,0.967680236614195,1,0
35,6,s20,1110,0110,0110,-0.8482792973518372,-0.8347386121749878,-0.013540685176849365,0.4281660586668516,0,0
35,7,s03,0111,0111,1110,-0.8359068632125854,-1.0107225179672241,0.17481565475463867,0.4334940090967218,1,0
35,8,c02,0111,0111,0101,-0.405081570148468,-1.138433814048767,0.7333522439002991,0.6669249361576954,1,0
36,1,s20,0001,0001,1000,-1.9114338159561157,-2.5089614391326904,0.5975276231765747,0.1479463684475274,1,0
36,2,x1,0101,0101,0011,-0.2899423837661743,-2.315913677215576,2.025971293449402,0.7483641059395302,1,0
36,3,c23,0101,0100,0100,-1.7243402004241943,-0.22434012591838837,-1.500000074505806,0.1782924803424125,0,0
36,4,s32,0110,0110,0101,-0.3614673614501953,-1.8766589164733887,1.5151915550231934,0.6966561758007209,1,0
36,5,x0,1110,1110,0110,-0.05539210885763168,-3.5909996032714844,3.5356074944138527,0.9465723244354612,1,0
36,6,c23,1111,1111,1110,-0.08920235931873322,-2.714202404022217,2.6250000447034836,0.9146658794017819,1,0
36,7,s30,1111,0111,0111,-0.8433471322059631,-0.6774287819862366,-0.16591835021972656,0.4302747199204055,0,0
36,8,t132,1101,1101,1111,-0.2814785838127136,-1.4245328903198242,1.1430543065071106,0.7546804963736734,1,0
37,1,x2,1100,1100,1111,-1.5873647928237915,-2.222316265106201,0.6349514722824097,0.20457750049430018,1,0
37,2,c03,1101,1101,1100,-0.3456055223941803,-2.5956056118011475,2.250000089406967,0.7078864397525965,1,0
37,3,c31,1001,1001,1101,-0.5279796123504639,-1.0872068405151367,0.5592272281646729,0.5898104708394961,1,0
37,4,t321,1001,1001,1101,-0.6983186602592468,-0.7019445300102234,0.0036258697509765625,0.49742231534683323,1,0
37,5,s21,1001,1100,1100,-0.9869506359100342,-0.5374798774719238,-0.44947075843811035,0.37271264570582674,0,0
37,6,c23,1001,1000,1000,-1.053904414176941,-0.42890435457229614,-0.6250000596046448,0.3485750816745951,0,0
37,7,c31,1101,1101,1001,-0.08114828169345856,-2.5814149379730225,2.500266656279564,0.9220574203399209,1,0
37,8,x3,1100,1100,0100,-0.0001948986464412883,-9.975253105163574,9.975058206517133,0.9998360651656015,1,0
38,1,s03,1010,0011,0011,-2.884408950805664,-2.258997917175293,-0.6254110336303711,0.055924965648861485,0,0
38,2,t103,1010,1010,1011,-1.7128479480743408,-1.8378479480743408,0.125,0.1805780236386653,1,0
38,3,t031,1010,1110,1110,-1.241438388824463,-0.5533769726753235,-0.6880614161491394,0.2889728933076175,0,0
38,4,c03,1011,1011,1010,-0.05571536719799042,-2.930715322494507,2.8749999552965164,0.9458140944802802,1,0
38,5,t102,1011,1001,1001,-1.0869847536087036,-0.4358329176902771,-0.6511518359184265,0.33723842318054936,0,0
38,6,t013,1011,1010,1010,-0.8985601663589478,-0.5235601663589478,-0.375,0.40715649342111826,0,0
38,7,s32,1011,1001,1001,-1.256658911705017,-0.5961065292358398,-0.6605523824691772,0.284614106450586,0,0
38,8,t201,1111,1111,1011,-0.20523372292518616,-1.8068368434906006,1.6016031205654144,0.8144593486668388,1,0
39,1,c01,0101,0001,0001,-2.1305413246154785,-2.0851316452026367,-0.0454096794128418,0.11885740924899879,0,0
39,2,x0,1101,1101,0101,-0.3588006794452667,-2.644655227661133,2.285854548215866,0.6987805970712707,1,0
39,3,t102,1111,1111,1110,-0.2341582179069519,-2.2341580390930176,1.9999998211860657,0.7912808965889092,1,0
39,4,c32,1101,1101,1110,-0.04612936079502106,-3.28352689743042,3.237397536635399,0.9549623821776482,1,0
39,5,t230,1101,1101,0101,-0.577686607837677,-0.833955705165863,0.25626909732818604,0.5612228463500601,1,0
39,6,c31,1001,1001,1101,-0.5425966382026672,-1.0671459436416626,0.5245493054389954,0.581246740016112,1,0
39,7,x3,1000,1000,1011,-0.0032478850334882736,-6.283987045288086,6.280739160254598,0.9967676791653484,1,0
39,8,x2,1010,1010,1001,-0.0003181524807587266,-9.26136589050293,9.261047738022171,0.9996943546738855,1,0
40,1,s21,1010,1100,1100,-2.5469155311584473,-1.7506670951843262,-0.7962484359741211,0.07836845858180315,0,0
40,2,s02,1010,1010,1110,-2.081603527069092,-2.5608649253845215,0.4792613983154297,0.12475454281688718,1,0
40,3,x2,1000,1000,1010,-0.4665089249610901,-1.8876426219940186,1.4211336970329285,0.627301858757299,1,0
40,4,x3,1001,1001,1000,-0.018865013495087624,-4.51886510848999,4.500000094994903,0.9813271564904362,1,0
40,5,s10,0101,1001,1001,-1.1082274913787842,-0.8556404709815979,-0.2525870203971863,0.3301602579264796,0,0
40,6,s32,0110,0101,0101,-1.199845790863037,-1.1786515712738037,-0.0211942195892334,0.30124777931653285,0,0
40,7,x2,0100,0100,0111,-0.053808461874723434,-3.34879994392395,3.2949914820492268,0.9476193750617166,1,0
40,8,x3,0101,0101,0100,-0.006351952441036701,-5.506351470947266,5.499999518506229,0.9936708316705241,1,0
41,1,t013,0010,0010,0011,-1.7844414710998535,-1.7844414710998535,0.0,0.1680590720511576,0,1
41,2,x1,0110,0110,0000,-0.09605313837528229,-3.5916457176208496,3.4955925792455673,0.9084411428236367,1,0
41,3,t013,0110,0110,0111,-0.4770052433013916,-0.9770052433013916,0.5,0.6206403177483554,1,0
41,4,s30,0110,0110,1110,-0.7057034373283386,-1.2190905809402466,0.513387143611908,0.493795283430251,1,0
41,5,c21,0010,0010,0110,-0.2606523036956787,-1.5038050413131714,1.2431527376174927,0.7705526707992175,1,0
41,6,c31,0010,0110,0110,-1.5022156238555908,-0.25369027256965637,-1.2485253512859344,0.22263648258783386,0,0
41,7,x2,0000,0000,0001,-0.00015389287727884948,-9.125153541564941,9.124999648687663,0.9998471408100608,1,0
41,8,c12,0000,0000,0010,-0.17977645993232727,-1.8047597408294678,1.6249832808971405,0.8354572061538079,1,0
42,1,c20,0010,1010,1010,-2.391587495803833,-1.9954872131347656,-0.3961002826690674,0.0915451610608383,0,0
42,2,c21,0110,0010,0010,-1.0532872676849365,-0.9430190324783325,-0.110268235206604,0.34880679541034293,0,0
42,3,x1,0010,0010,0100,-0.05806382745504379,-3.109125852584839,3.051062025129795,0.943628458608603,1,0
42,4,x3,0011,0011,0111,-0.0036235563457012177,-7.219659328460693,7.216035772114992,0.9963849370815998,1,0
42,5,t310,0011,0011,1011,-0.39033809304237366,-1.1471127271652222,0.7567746341228485,0.6768424801508276,1,0
42,6,t102,0011,0011,0001,-0.022163551300764084,-3.897043466567993,3.874879915267229,0.9780855744588034,1,0
42,7,s31,0110,0110,0111,-0.46697360277175903,-2.0919735431671143,1.6249999403953552,0.6268978513713717,1,0
42,8,c20,1110,1110,0110,-0.5773228406906128,-0.8263176679611206,0.2489948272705078,0.5615061631544351,1,0
43,1,x3,1010,1010,1000,-1.1119821071624756,-2.4459681510925293,1.3339860439300537,0.3293838567570065,1,0
43,2,c30,1010,1010,0010,-0.6337305903434753,-1.3000620603561401,0.6663314700126648,0.5306323899782442,1,0
43,3,t201,1110,1010,1010,-1.5180160999298096,-0.401532381772995,-1.1164837181568146,0.2191475704162831,0,0
43,4,s13,1011,1110,1110,-0.9789503216743469,-0.9659563302993774,-0.012993991374969482,0.3757224574468023,0,0
43,5,t203,1010,1010,1011,-0.5360752940177917,-0.9110752940177917,0.375,0.5850545498214427,1,0
43,6,x0,0010,0010,1010,-0.05256929621100426,-3.4861700534820557,3.4336007572710514,0.9488339818259915,1,0
43,7,t210,0010,0010,1010,-0.4745803475379944,-0.9772431254386902,0.5026627779006958,0.6221547219026733,1,0
43,8,t210,0010,0010,1010,-0.3869261145591736,-1.1374367475509644,0.7505106329917908,0.6791457050694794,1,0
44,1,s20,1111,1111,1110,-2.3039917945861816,-2.5539917945861816,0.25,0.09989240711981269,1,0
44,2,t210,0111,1111,1111,-1.3050025701522827,-0.9361090660095215,-0.36889350414276123,0.27124771761029026,0,0
44,3,s01,1011,0111,0111,-1.169244408607483,-0.8793468475341797,-0.2898975610733032,0.3106295256820186,0,0
44,4,c20,0011,0011,1011,-0.6045149564743042,-1.0075715780258179,0.40305662155151367,0.5463822795738182,1,0
44,5,c23,0010,0010,0011,-0.4460371136665344,-1.0710370540618896,0.6249999403953552,0.640178525610647,1,0
44,6,s23,0001,0001,0010,-0.7384054660797119,-1.0535944700241089,0.315189003944397,0.47787761619127295,1,0
44,7,s01,0001,0001,1001,-0.7579416632652283,-1.2783863544464111,0.5204446911811829,0.4686339523878444,1,0
44,8,x0,1001,1001,0001,-0.029939351603388786,-3.642991065979004,3.613051714375615,0.9705122634147028,1,0
45,1,t203,0001,0001,0000,-1.4788012504577637,-1.7288012504577637,0.25,0.2282925687270054,1,0
45,2,x3,0000,0000,0011,-0.04494195431470871,-4.43178653717041,4.3868445828557014,0.9560853959185333,1,0
45,3,c32,0000,0010,0010,-0.7594321370124817,-0.6331335306167603,-0.12629860639572144,0.46793282343633436,0,0
45,4,x1,0100,0100,0010,-0.007056093774735928,-5.040785789489746,5.03372969571501,0.9929727252038084,1,0
45,5,t103,0100,0100,0001,-0.00999508984386921,-6.232508182525635,6.222513092681766,0.9900587982868575,1,0
45,6,s02,0100,0100,1100,-0.33257317543029785,-1.4896111488342285,1.1570379734039307,0.7170853571366395,1,0
45,7,t012,0100,0100,0110,-0.00227366853505373,-6.252650260925293,6.250376592390239,0.9977294341603765,1,0
45,8,x3,0101,0101,0100,-0.0004848805256187916,-8.00048542022705,8.000000539701432,0.9995156672838301,1,0
46,1,s20,0111,1101,1101,-2.9175453186035156,-2.1722421646118164,-0.7453031539916992,0.05409186871586845,0,0
46,2,t201,0111,0011,0011,-2.294476270675659,-2.161698341369629,-0.13277792930603027,0.10085671270605293,0,0
46,3,t120,1111,1111,0111,-0.5248558521270752,-0.9857998490333557,0.4609439969062805,0.591683752716546,1,0
46,4,t132,1101,1101,1111,-0.21712283790111542,-2.0653374195098877,1.8482145816087723,0.804954369773115,1,0
46,5,x2,1111,1111,1110,-0.0031760912388563156,-7.503176212310791,7.500000121071935,0.9968529302949443,1,0
46,6,x3,1110,1110,0110,-0.0013025045627728105,-7.70969295501709,7.708390450454317,0.9987062517629262,1,0
46,7,c03,1111,1111,1110,-0.024653363972902298,-3.774653196334839,3.7499998323619366,0.9756606493128467,1,0
46,8,c21,1011,1011,1111,-0.4791983664035797,-1.0421874523162842,0.5629890859127045,0.6192844076675899,1,0
47,1,c21,1101,1001,1001,-2.2363343238830566,-2.1306498050689697,-0.10568451881408691,0.1069330921183405,0,0
47,2,t201,1101,1001,1001,-1.1578699350357056,-0.9174985289573669,-0.24037140607833862,0.3141773430084729,0,0
47,3,t310,0101,1101,1101,-0.9860089421272278,-0.4755357801914215,-0.5104731619358063,0.3730790909113305,0,0
47,4,s31,0101,0101,0011,-1.1547006368637085,-1.217115879058838,0.062415242195129395,0.3151565885256986,1,0
47,5,c10,1101,1101,0101,-0.3148762583732605,-1.3135725259780884,0.9986962676048279,0.7299187765409957,1,0
47,6,c03,1100,1100,1101,-0.013595612719655037,-5.7635955810546875,5.7499999683350325,0.9865335107021529,1,0
47,7,x0,0100,0100,1000,-0.045260388404130936,-3.1745643615722656,3.1293039731681347,0.9561202348895047,1,0
47,8,s32,0100,0110,0110,-1.5237095355987549,-0.31953299045562744,-1.2041765451431274,0.21790288370048752,0,0
48,1,s13,0000,0000,0010,-2.0131661891937256,-2.074084520339966,0.060918331146240234,0.133629509125631,1,0
48,2,s13,0000,0000,0100,-0.5915741324424744,-1.0921845436096191,0.5006104111671448,0.5534611836723017,1,0
48,3,x3,0001,0001,1000,-0.00146019970998168,-8.37745475769043,8.375994557980448,0.9985521202702338,1,0
48,4,s13,0100,0100,0001,-0.7321584820747375,-1.0602089166641235,0.328050434589386,0.48087340126589445,1,0
48,5,s13,0001,0100,0100,-1.7600783109664917,-0.8185933828353882,-0.9414849281311035,0.17203896556415485,0,0
48,6,c31,0101,0001,0001,-1.4754618406295776,-0.872076153755188,-0.6033856868743896,0.2286862965752946,0,0
48,7,s03,1100,0101,0101,-1.3334593772888184,-1.3193278312683105,-0.014131546020507812,0.26358266939039643,0,0
48,8,c32,1100,1110,1110,-1.5199054479599,-0.5551410913467407,-0.9647643566131592,0.21875575667527117,0,0
49,1,s12,0001,0001,0100,-1.8942408561706543,-2.1367974281311035,0.24255657196044922,0.15050186618384076,1,0
49,2,s20,0001,0001,1000,-0.8073405623435974,-1.4557621479034424,0.648421585559845,0.44606668177459086,1,0
49,3,c20,0001,0001,1001,-0.6935329437255859,-0.7030825018882751,0.009549558162689209,0.4998382352051025,1,0
49,4,t032,0001,0001,0011,-0.026505110785365105,-3.9998672008514404,3.9733620900660753,0.9738456707616545,1,0
49,5,s21,0001,0100,0100,-1.2146055698394775,-0.4357643723487854,-0.7788411974906921,0.29682841044874114,0,0
49,6,c21,0001,0101,0101,-3.0486953258514404,-0.04978373274207115,-2.9989115931093693,0.047420800530590605,0,0
49,7,s12,0001,0100,0100,-0.9265965819358826,-0.5818353295326233,-0.3447612524032593,0.3958992423047562,0,0
49,8,c30,1001,0001,0001,-1.1370713710784912,-0.3869485855102539,-0.7501227855682373,0.3207804024714794,0,0
50,1,t302,0100,0100,0110,-1.7863737344741821,-2.0011096000671387,0.21473586559295654,0.16778742343858033,1,0
50,2,t012,0100,0100,0110,-0.08613185584545135,-3.6239943504333496,3.5378624945878983,0.9174920820738316,1,0
50,3,c13,0101,0101,0100,-0.360969215631485,-1.2359693050384521,0.8750000894069672,0.6970083638427179,1,0
50,4,c03,0101,0100,0100,-0.8284491896629333,-0.5784491896629333,-0.25,0.43672764502484074,0,0
50,5,x3,0100,0100,0111,-0.02204062044620514,-4.076751232147217,4.054710611701012,0.9782201859877429,1,0
50,6,c13,0101,0101,0100,-0.350555419921875,-1.225555419921875,0.875,0.7042979049060061,1,0
50,7,t201,0101,0101,0001,-0.012735193595290184,-4.994176387786865,4.981441194191575,0.9873474527169026,1,0
50,8,x3,0100,0100,0111,-0.001085347612388432,-7.363641262054443,7.362555914442055,0.9991745555749147,1,0
51,1,t130,1001,1001,1101,-1.5544437170028687,-2.373213291168213,0.8187695741653442,0.21150753366652258,1,0
51,2,x1,1101,1101,1100,-0.22423642873764038,-2.474236488342285,2.2500000596046448,0.7991524325785886,1,0
51,3,x0,0101,0101,1001,-0.043310508131980896,-3.4202842712402344,3.3769737631082535,0.9576903729177338,1,0
51,4,c02,0101,0111,0111,-1.9137933254241943,-0.19728045165538788,-1.7165128737688065,0.14752012332517667,0,0
51,5,t302,0101,0111,0111,-1.5025101900100708,-0.2635364532470703,-1.2389737367630005,0.22257202580097857,0,0
51,6,s30,1100,1100,0101,-0.6671430468559265,-0.8278343677520752,0.16069132089614868,0.5131923801751102,1,0
51,7,x1,1000,1000,1001,-0.0021060809958726168,-6.752105712890625,6.749999631894752,0.9979073076369964,1,0
51,8,c31,1000,1100,1100,-0.7581411600112915,-0.6330812573432922,-0.12505990266799927,0.4685368491406823,0,0
52,1,c32,1010,1000,1000,-2.175053834915161,-1.747227430343628,-0.4278264045715332,0.11371978560252478,0,0
52,2,t312,1010,1010,1001,-0.6288235187530518,-1.5969778299331665,0.9681543111801147,0.5332504446279641,1,0
52,3,x0,0010,0010,1110,-0.06813285499811172,-3.649583339691162,3.5814504846930504,0.9342527665145952,1,0
52,4,c12,0010,0000,0000,-1.0544713735580444,-1.0051803588867188,-0.049291014671325684,0.34837702526982417,0,0
52,5,c30,0010,0010,1010,-0.47434568405151367,-0.9745450019836426,0.5001993179321289,0.6223115205991748,1,0
52,6,t203,0010,0010,0011,-0.06225476786494255,-2.8122546672821045,2.749999899417162,0.9396445153857929,1,0
52,7,x0,1010,1010,0110,-0.010039339773356915,-4.720086097717285,4.710046757943928,0.9901102419677347,1,0
52,8,t310,1010,1010,0010,-0.2534642219543457,-1.591079592704773,1.3376153707504272,0.7761101456575571,1,0
53,1,t021,1101,1101,1001,-2.2176570892333984,-2.2667202949523926,0.04906320571899414,0.10892536265973259,1,0
53,2,s03,1101,1100,1100,-1.9692786931991577,-1.8442786931991577,-0.125,0.13957511068703268,0,0
53,3,c31,1001,1001,1101,-0.4111635088920593,-1.2946627140045166,0.8834992051124573,0.662891108370511,1,0
53,4,t213,1001,1001,1000,-0.25404417514801025,-1.5040441751480103,1.25,0.7756622431944085,1,0
53,5,x1,1101,1101,1011,-0.003568084444850683,-5.755532264709473,5.751964180264622,0.9964391591672371,1,0
53,6,t312,1111,1111,1101,-0.13559165596961975,-2.1272730827331543,1.9916814267635345,0.8732020991394868,1,0
53,7,t321,1011,1011,1111,-0.693367600440979,-0.6953142285346985,0.0019466280937194824,0.4998931353971417,1,0
53,8,c23,1010,1010,1011,-0.04902947321534157,-3.0490293502807617,2.99999987706542,0.9521602836185385,1,0
54,1,x1,0001,0001,0011,-1.8730182647705078,-2.3505425453186035,0.4775242805480957,0.15377790898280042,1,0
54,2,s21,0001,0001,0101,-0.5581109523773193,-1.7913217544555664,1.233210802078247,0.5723216492103711,1,0
54,3,c20,0001,1001,1001,-0.8281880617141724,-0.5820095539093018,-0.2461785078048706,0.43685520440115605,0,0
54,4,x2,0011,0011,0010,-0.0009267166024073958,-8.125926971435547,8.12500025483314,0.9990766829537824,1,0
54,5,x3,0010,0010,1010,-0.0005457638180814683,-9.364068031311035,9.363522267492954,0.9994706276797015,1,0
54,6,t103,0010,0010,0011,-0.011193172074854374,-4.511192798614502,4.499999626539648,0.9888729991127234,1,0
54,7,x0,1010,1010,0010,-0.014384728856384754,-4.864426136016846,4.850041407160461,0.9873611889388757,1,0
54,8,s12,1100,1010,1010,-1.0264095067977905,-0.777328372001648,-0.24908113479614258,0.3582920276405774,0,0
55,1,x1,0111,0001,0001,-2.130462408065796,-1.9832546710968018,-0.14720773696899414,0.11886557764259438,0,0
55,2,x1,0011,0011,0101,-0.38350558280944824,-2.472440242767334,2.0889346599578857,0.6814974800302182,1,0
55,3,x3,0010,0010,0110,-0.007113410159945488,-6.998716354370117,6.991602944210172,0.9929466936935428,1,0
55,4,x1,0110,0110,0000,-0.008992372080683708,-5.154191493988037,5.145199121907353,0.9910515189078662,1,0
55,5,c31,0110,0110,0010,-0.26394301652908325,-1.5216093063354492,1.257666289806366,0.7680200038485091,1,0
55,6,c30,0110,1110,1110,-0.8261472582817078,-0.5772448778152466,-0.24890238046646118,0.43775404643970234,0,0
55,7,x3,0111,0111,0011,-0.00023637982667423785,-9.328486442565918,9.328250062739244,0.999764287244739,1,0
55,8,s10,1011,0111,0111,-0.8820676803588867,-0.8412050604820251,-0.04086261987686157,0.4139769255395769,0,0
56,1,x0,1101,1101,1001,-2.0258967876434326,-2.319504737854004,0.2936079502105713,0.1319355150040075,1,0
56,2,t201,1101,1001,1001,-1.2694590091705322,-0.775471568107605,-0.49398744106292725,0.281006611194936,0,0
56,3,c21,1101,1001,1001,-1.4593276977539062,-0.44352442026138306,-1.0158032774925232,0.2324004103490849,0,0
56,4,x1,1001,1001,1111,-0.001511419890448451,-6.897286891937256,6.895775472046807,0.9984939485284452,1,0
56,5,c10,1001,0001,0001,-0.8281615376472473,-0.5805121064186096,-0.2476494312286377,0.4368605208513147,0,0
56,6,c30,0001,0001,1001,-0.5842462778091431,-0.826111376285553,0.2418650984764099,0.5575562271300892,1,0
56,7,t320,0001,0001,1001,-0.38692471385002136,-1.136983036994934,0.7500583231449127,0.6791467366049794,1,0
56,8,c10,0001,1001,1001,-0.8259536623954773,-0.57607501745224,-0.2498786449432373,0.43782173091947973,0,0
57,1,t210,1010,1010,0110,-1.8360869884490967,-2.4561188220977783,0.6200318336486816,0.15957505677297865,1,0
57,2,s01,0110,1010,1010,-1.253455638885498,-0.8691579103469849,-0.3842977285385132,0.2855760584551504,0,0
57,3,t301,0110,0110,0010,-0.06124063581228256,-3.2034945487976074,3.142253912985325,0.9406016396966456,1,0
57,4,x0,1110,1110,0110,-0.014065923169255257,-5.163998603820801,5.1499326806515455,0.9899056330515466,1,0
57,5,t312,1110,1100,1100,-1.7068886756896973,-0.20352011919021606,-1.5033685564994812,0.18143362946206024,0,0
57,6,t203,1111,1111,1110,-0.05621398612856865,-2.931213855743408,2.8749998696148396,0.9453439380361018,1,0
57,7,t210,0111,0111,1111,-0.5761257410049438,-0.8265511393547058,0.25042539834976196,0.5620770013340309,1,0
57,8,x2,0101,0101,0011,-0.002959358971565962,-5.8822760581970215,5.8793166992254555,0.9970523711023448,1,0
58,1,x2,1001,1001,1000,-1.90947687625885,-2.0344767570495605,0.12499988079071045,0.14831538166785493,1,0
58,2,t120,1001,1001,0001,-0.848368227481842,-1.7004001140594482,0.8520318865776062,0.42814148603721247,1,0
58,3,s31,1100,1100,1001,-0.5379884839057922,-1.100011944770813,0.5620234608650208,0.5839296226923907,1,0
58,4,s31,1001,1100,1100,-1.494567632675171,-1.021098256111145,-0.4734693765640259,0.22434997121037398,0,0
58,5,x1,1101,1101,1100,-0.3158351480960846,-1.5658351182937622,1.2499999701976776,0.7291832321453979,1,0
58,6,x1,1001,1001,0101,-0.02381320856511593,-4.5009307861328125,4.477117577567697,0.9764728112336792,1,0
58,7,t312,1001,1001,1011,-0.1548645943403244,-2.0632801055908203,1.908415511250496,0.8565412544740635,1,0
58,8,x2,1011,1011,1000,-0.001498680328950286,-7.388324737548828,7.386826057219878,0.9985054135074998,1,0
59,1,c12,0101,0101,0100,-2.0171988010406494,-2.1421988010406494,0.125,0.13314476764500333,1,0
59,2,s02,0101,0101,1100,-0.9527360796928406,-2.1205344200134277,1.1677983403205872,0.38569913699752983,1,0
59,3,s21,0011,0101,0101,-1.2397241592407227,-0.6417293548583984,-0.5979948043823242,0.28946786092983967,0,0
59,4,c30,1011,1011,0011,-0.7897259593009949,-1.0663340091705322,0.27660804986953735,0.45402967954012546,1,0
59,5,s21,1101,1011,1011,-1.660236120223999,-1.3148114681243896,-0.3454246520996094,0.190095572399668,0,0
59,6,s31,1101,1101,1001,-1.4905809164047241,-1.6631453037261963,0.17256438732147217,0.22524730524195727,1,0
59,7,c31,1001,1001,1101,-0.5327379703521729,-1.1475276947021484,0.6147897243499756,0.5869993381049944,1,0
59,8,s01,0101,1001,1001,-1.0377819538116455,-0.6348039507865906,-0.40297800302505493,0.3542411532568866,0,0
60,1,s20,1101,0111,0111,-2.9702563285827637,-2.3607616424560547,-0.609494686126709,0.05131076692346425,0,0
60,2,c20,1101,0101,0101,-2.1643424034118652,-2.0934524536132812,-0.07088994979858398,0.11487745870102062,0,0
60,3,x1,1001,1001,1111,-0.05368049442768097,-4.515641689300537,4.461961194872856,0.947780005538551,1,0
60,4,x1,1101,1101,1011,-0.07074078172445297,-2.7231194972991943,2.6523787155747414,0.931705274960848,1,0
60,5,c31,1001,1001,1101,-0.3597238063812256,-1.2348719835281372,0.8751481771469116,0.6978834880637285,1,0
60,6,s32,1010,1001,1001,-1.0799009799957275,-0.8764068484306335,-0.203494131565094,0.3396363080630254,0,0
60,7,s32,1001,1010,1010,-3.1985957622528076,-0.3015683591365814,-2.897027403116226,0.04082043431237725,0,0
60,8,t013,1001,1001,1000,-0.12041661143302917,-2.2454166412353516,2.1250000298023224,0.8865635436777918,1,0
61,1,s02,1110,1110,1100,-2.274059295654297,-2.319410562515259,0.045351266860961914,0.10293507211752413,1,0
61,2,c03,1111,1111,1110,-0.41210395097732544,-2.2871038913726807,1.8749999403953552,0.6625003450106254,1,0
61,3,c31,1011,1011,1111,-0.3573184609413147,-1.291091799736023,0.9337733387947083,0.6995683397386784,1,0
61,4,t321,1111,1111,1011,-0.22136905789375305,-1.7034744024276733,1.4821053445339203,0.801422453407841,1,0
61,5,c03,1110,1110,1101,-0.001452556811273098,-8.008728981018066,8.007276424206793,0.9985747658264065,1,0
61,6,s02,1110,1110,0110,-0.48573189973831177,-1.3320651054382324,0.8463332056999207,0.6152549870196493,1,0
61,7,s23,1101,1110,1110,-1.6996632814407349,-0.7374579310417175,-0.9622053503990173,0.1827468998087964,0,0
61,8,s12,1011,1101,1101,-1.6663455963134766,-0.4788404703140259,-1.1875051259994507,0.18893932795917345,0,0
62,1,t230,1001,1001,1101,-1.5893975496292114,-2.4082207679748535,0.8188232183456421,0.2042536615464606,1,0
62,2,x0,0001,0001,1101,-0.10128284990787506,-2.5601985454559326,2.4589156955480576,0.9037915864171685,1,0
62,3,x0,1001,1001,0001,-0.00713645713403821,-5.332638740539551,5.325502283405513,0.9930129110964564,1,0
62,4,t021,1001,1101,1101,-1.2258641719818115,-0.41119176149368286,-0.8146724104881287,0.29350498408637254,0,0
62,5,t132,1001,1011,1011,-1.2238577604293823,-0.3823944926261902,-0.8414632678031921,0.29409381639420923,0,0
62,6,t103,1001,1001,1000,-0.12724177539348602,-2.127241611480713,1.9999998360872269,0.8805228746487382,1,0
62,7,x1,1101,1101,1011,-0.0014410670846700668,-6.626832485198975,6.6253914181143045,0.9985652539164084,1,0
62,8,x0,0101,0101,1101,-0.018560759723186493,-4.5172438621521,4.498683102428913,0.9819833762238642,1,0
63,1,s12,0001,0001,0100,-1.967812418937683,-2.2103400230407715,0.24252760410308838,0.13981890648765644,1,0
63,2,x1,0101,0101,0011,-0.39227038621902466,-2.1155290603637695,1.7232586741447449,0.6755945375813317,1,0
63,3,t301,0101,0101,0001,-0.1074494794011116,-2.7989633083343506,2.691513828933239,0.8981315984196737,1,0
63,4,t231,0101,0101,0001,-0.577146589756012,-0.8696945905685425,0.2925480008125305,0.5615017341526813,1,0
63,5,t301,0101,0101,1101,-0.009174282662570477,-4.8074541091918945,4.798279826529324,0.9908694301229157,1,0
63,6,x3,0100,0100,1100,-0.00026129154139198363,-10.218717575073242,10.21845628353185,0.9997492541333691,1,0
63,7,t321,0100,0100,0000,-0.11312045156955719,-2.6350181102752686,2.5218976587057114,0.8930462370071132,1,0
63,8,c20,0100,1100,1100,-1.1369993686676025,-0.3901195228099823,-0.7468798458576202,0.3207993690189145,0,0
64,1,s10,0000,0000,1000,-1.3210813999176025,-2.4158284664154053,1.0947470664978027,0.26801830908530544,1,0
64,2,s03,0000,0000,1000,-0.33420538902282715,-1.846969723701477,1.51276433467865,0.7159286732338469,1,0
64,3,s30,0000,0000,1000,-0.20331169664859772,-1.8482097387313843,1.6448980420827866,0.8160293908937128,1,0
64,4,c01,0000,0000,0100,-0.000710087304469198,-7.868782043457031,7.868071956152562,0.9992948762426226,1,0
64,5,c03,0000,0000,0001,-0.0007698878180235624,-7.375770092010498,7.3750002041924745,0.9992315134281028,1,0
64,6,c30,0000,0000,1000,-0.06198149919509888,-2.811976671218872,2.749995172023773,0.9399046809778268,1,0
64,7,t031,0000,0000,0100,-6.520606984850019e-05,-9.87518310546875,9.875117899398901,0.9999349743771635,1,0
64,8,t013,0000,0000,1000,-6.353744538500905e-05,-10.757959365844727,10.757895828399342,0.9999365325065989,1,0
65,1,s23,1010,1001,1001,-1.9183807373046875,-1.9183716773986816,-9.059906005859375e-06,0.14716882342164414,0,0
65,2,t203,1011,1010,1010,-1.0595180988311768,-1.0595180988311768,0.0,0.3468110020624215,0,1
65,3,x1,1111,1111,1001,-0.19510063529014587,-2.221357583999634,2.026256948709488,0.8227648088110961,1,0
65,4,t321,1011,1011,1111,-0.4349236488342285,-1.0705753564834595,0.635651707649231,0.6473253356565511,1,0
65,5,s32,1011,1011,1001,-0.6180776953697205,-1.4503087997436523,0.8322311043739319,0.5389905221164216,1,0
65,6,c12,1011,1001,1001,-1.4284342527389526,-0.28538021445274353,-1.143054038286209,0.23968635096817958,0,0
65,7,c12,1011,1001,1001,-1.0602697134017944,-0.43120622634887695,-0.6290634870529175,0.3463629089768208,0,0
65,8,x0,0011,0011,1111,-0.055070023983716965,-3.131640911102295,3.076570887118578,0.9464976100686175,1,0
66,1,x0,1010,1010,0000,-1.8249588012695312,-2.2890570163726807,0.4640982151031494,0.1613149559503029,1,0
66,2,t120,1010,0010,0010,-0.8641859292984009,-0.7545610666275024,-0.10962486267089844,0.42141290044556806,0,0
66,3,s32,1001,1010,1010,-1.134589433670044,-1.0095906257629395,-0.12499880790710449,0.32157661299972123,0,0
66,4,c21,1001,1101,1101,-1.3909209966659546,-0.6129357814788818,-0.7779852151870728,0.2488495936787811,0,0
66,5,x2,1011,1011,1010,-0.02160540595650673,-3.8966052532196045,3.8749998472630978,0.9786277777896419,1,0
66,6,s02,1011,1011,0011,-0.7198475003242493,-1.016789436340332,0.29694193601608276,0.48683883885986656,1,0
66,7,t310,1011,1011,0011,-0.1276918649673462,-2.12815523147583,2.000463366508484,0.8801266228096927,1,0
66,8,t301,1111,1011,1011,-0.8480971455574036,-0.5846430659294128,-0.2634540796279907,0.4282314755541349,0,0
67,1,s30,1010,0011,0011,-2.7396960258483887,-2.2589712142944336,-0.4807248115539551,0.06462231729116487,0,0
67,2,t120,1010,1010,0000,-1.9374297857284546,-2.5349862575531006,0.597556471824646,0.14415756192355628,1,0
67,3,c13,1010,1011,1011,-1.0856919288635254,-0.460691899061203,-0.6250000298023224,0.33769336173224607,0,0
67,4,x3,1011,1011,1010,-0.01854521781206131,-4.018544673919678,3.9999994561076164,0.9816279196725417,1,0
67,5,c03,1010,1010,1011,-0.04946375638246536,-3.0494637489318848,2.9999999925494194,0.9517533505556677,1,0
67,6,s30,0011,1010,1010,-1.3039770126342773,-0.5896289944648743,-0.7143480181694031,0.2714565748831527,0,0
67,7,x0,1011,1011,0011,-0.12299513071775436,-2.381565570831299,2.2585704401135445,0.8842772617997099,1,0
67,8,c20,0011,0011,1011,-0.3875727951526642,-1.1483546495437622,0.760781854391098,0.6787375123652227,1,0
68,1,t023,0101,0100,0100,-1.941840410232544,-1.941840410232544,0.0,0.14363984497304694,0,1
68,2,x1,0001,0001,0111,-0.06217416375875473,-3.9949183464050293,3.9327441826462746,0.9397550185000378,1,0
68,3,x1,0101,0101,0011,-0.021176408976316452,-3.896794080734253,3.8756176717579365,0.9790491669324144,1,0
68,4,s21,0011,0101,0101,-1.8744871616363525,-0.441352903842926,-1.4331342577934265,0.15343383537613095,0,0
68,5,c23,0010,0010,0011,-0.20405374467372894,-1.7040537595748901,1.5000000149011612,0.8154346537053377,1,0
68,6,s12,0100,0010,0010,-1.3052468299865723,-0.9109998345375061,-0.39424699544906616,0.27110600497939735,0,0
68,7,t213,0100,0100,0101,-0.011509974487125874,-4.511509895324707,4.499999920837581,0.9885625366641819,1,0
68,8,t013,0100,0100,0101,-0.0001344644115306437,-9.875134468078613,9.875000003667083,0.9998669627524129,1,0
69,1,s20,1101,0111,0111,-2.9702844619750977,-2.3607728481292725,-0.6095116138458252,0.051310852813474694,0,0
69,2,c30,0101,0101,1101,-2.0131611824035645,-2.069232940673828,0.05607175827026367,0.13361885894392458,1,0
69,3,x1,0001,0001,0111,-0.15948669612407684,-2.390784740447998,2.231298044323921,0.8526447704418167,1,0
69,4,c13,0001,0001,0000,-0.483329176902771,-0.983329176902771,0.5,0.6167281282239924,1,0
69,5,c01,0001,0001,0101,-0.0006772695924155414,-7.3772053718566895,7.376528102264274,0.9993232088628595,1,0
69,6,x3,0000,0000,0011,-9.61998593993485e-05,-9.77983283996582,9.779736640106421,0.9999152830479633,1,0
69,7,s03,0000,0000,1000,-0.3880176246166229,-1.1760139465332031,0.7879963219165802,0.6784076128319447,1,0
69,8,x0,1000,1000,0000,-0.03806435316801071,-3.2881054878234863,3.2500411346554756,0.9626708888222931,1,0
70,1,x1,0100,0100,0010,-1.622131109237671,-1.6669093370437622,0.04477822780609131,0.19760307145149256,1,0
70,2,t230,0100,0100,1100,-1.612334966659546,-2.025214672088623,0.41287970542907715,0.1994501859888356,1,0
70,3,x2,0110,0110,0101,-0.16927814483642578,-2.282015323638916,2.1127371788024902,0.8442803759036315,1,0
70,4,c23,0111,0111,0110,-0.16796931624412537,-1.9179693460464478,1.7500000298023224,0.8453851284664599,1,0
70,5,t013,0111,0110,0110,-0.6945598125457764,-0.6945598125457764,0.0,0.4992956284502276,0,1
70,6,t312,0101,0101,0111,-0.25353601574897766,-1.5069881677627563,1.2534521520137787,0.7760590385401807,1,0
70,7,s02,0101,0101,1100,-0.9020649194717407,-1.3114111423492432,0.40934622287750244,0.40575307399158306,1,0
70,8,s12,0011,0011,0101,-0.8559655547142029,-1.1987426280975342,0.3427770733833313,0.4248761909528736,1,0
71,1,s10,1111,1111,0111,-2.0774521827697754,-2.372321605682373,0.29486942291259766,0.12543419509144865,1,0
71,2,x2,1101,1101,0000,-0.31017643213272095,-3.695358991622925,3.385182559490204,0.7334997739476328,1,0
71,3,t013,1100,1100,1101,-0.4843403995037079,-1.1093404293060303,0.6250000298023224,0.616130922474573,1,0
71,4,c32,1100,1110,1110,-2.1082770824432373,-0.16487789154052734,-1.94339919090271,0.12144938408818362,0,0
71,5,t023,1100,1100,1101,-0.5236302018165588,-0.8986302018165588,0.375,0.5923694678691424,1,0
71,6,c32,1100,1110,1110,-2.8353188037872314,-0.06250299513339996,-2.7728158086538315,0.058700188654011665,0,0
71,7,s10,1100,1100,0100,-0.7426327466964722,-0.8311634063720703,0.08853065967559814,0.475899994552747,1,0
71,8,s01,1100,1100,0100,-0.6006767153739929,-0.9421024322509766,0.34142571687698364,0.5484554414248531,1,0
72,1,t132,0101,0101,0110,-2.055380344390869,-2.3994643688201904,0.3440840244293213,0.1281649425983004,1,0
72,2,c21,0101,0001,0001,-1.2600998878479004,-0.7710031270980835,-0.4890967607498169,0.2836390254815891,0,0
72,3,s02,0101,0101,1100,-0.5143165588378906,-1.6898930072784424,1.1755764484405518,0.5979247736225727,1,0
72,4,c13,0100,0100,0101,-0.2288692742586136,-1.6038693189620972,1.3750000447034836,0.7954347907862673,1,0
72,5,x3,0101,0101,0100,-0.0013043101644143462,-6.8763041496276855,6.874999839463271,0.9986989706849849,1,0
72,6,t102,0101,0101,0111,-0.6954988241195679,-0.7117193341255188,0.016220510005950928,0.49882705719539755,1,0
72,7,s30,1100,1100,0101,-0.6387794017791748,-0.9811722040176392,0.34239280223846436,0.5279642793174104,1,0
72,8,x1,1000,1000,1001,-0.0031784488819539547,-6.128178596496582,6.125000147614628,0.9968348270612423,1,0
73,1,x0,1100,1100,1000,-2.158414363861084,-2.2745933532714844,0.11617898941040039,0.11559489782081936,1,0
73,2,c21,1100,1100,1000,-0.8304574489593506,-1.1275067329406738,0.29704928398132324,0.4359127135849226,1,0
73,3,x1,1000,1000,1110,-0.007341986522078514,-5.732041835784912,5.724699849262834,0.9926952043514728,1,0
73,4,x0,0000,0000,1000,-0.07148651778697968,-3.052112102508545,2.9806255847215652,0.9310635144157142,1,0
73,5,s21,0000,0000,0100,-0.17014053463935852,-1.918570876121521,1.7484303414821625,0.8435476553281194,1,0
73,6,c32,0000,0000,0010,-0.4741895794868469,-0.974194347858429,0.500004768371582,0.6223898485357438,1,0
73,7,x3,0001,0001,0010,-0.00011276938312221318,-10.158744812011719,10.158632042628597,0.9998875810933374,1,0
73,8,s13,0100,0100,0001,-0.4380335509777069,-1.3035154342651367,0.8654818832874298,0.6453094823802963,1,0
74,1,c01,0000,0000,0100,-1.6633646488189697,-2.2463295459747314,0.5829648971557617,0.1896220894606432,1,0
74,2,c13,0000,0001,0001,-1.1522958278656006,-0.4022957682609558,-0.7500000596046448,0.3159141103569614,0,0
74,3,s32,0000,0000,0010,-0.3794776499271393,-1.2452690601348877,0.8657914102077484,0.684221229687588,1,0
74,4,t203,0000,0000,0001,-0.0013131180312484503,-6.876313209533691,6.875000091502443,0.9986900548913533,1,0
74,5,c01,0000,0000,0100,-7.808051304891706e-05,-9.876415252685547,9.876337172172498,0.9999221584878935,1,0
74,6,x2,0010,0010,0001,-0.00011312725837342441,-10.038164138793945,10.038051011535572,0.9998902480922368,1,0
74,7,x3,0011,0011,0010,-0.00035520707024261355,-8.25035572052002,8.250000513449777,0.999647955054955,1,0
74,8,t302,0011,0011,0001,-0.007805990986526012,-5.007805824279785,4.999999833293259,0.9922251145944199,1,0
75,1,x3,1100,1100,1110,-1.381779432296753,-2.1288068294525146,0.7470273971557617,0.2514491431056723,1,0
75,2,c32,1100,1110,1110,-1.4235228300094604,-0.5340752005577087,-0.8894476294517517,0.24087329828378753,0,0
75,3,x0,0100,0100,1100,-0.07930375635623932,-3.195061683654785,3.115757927298546,0.9244762697205006,1,0
75,4,s23,0100,0100,0110,-0.3352941572666168,-1.5956944227218628,1.260400265455246,0.7151304871694436,1,0
75,5,c12,0110,0110,0100,-0.2521730065345764,-1.5021591186523438,1.2499861121177673,0.7771114421319356,1,0
75,6,c20,1110,1110,0110,-0.5875238180160522,-0.8283654451370239,0.24084162712097168,0.555754692536188,1,0
75,7,s31,1011,1110,1110,-0.9249184727668762,-0.7971332669258118,-0.12778520584106445,0.39656654745955056,0,0
75,8,x2,1001,1001,1110,-0.001500974060036242,-7.024950981140137,7.0234500070801005,0.9985088755008317,1,0
76,1,t213,1000,1000,1001,-1.4527983665466309,-1.8277983665466309,0.375,0.23464495242044528,1,0
76,2,t203,1000,1000,1001,-0.14666560292243958,-2.2716658115386963,2.1250002086162567,0.8636419598573649,1,0
76,3,s23,1000,1000,1010,-0.09519995003938675,-2.604694366455078,2.5094944164156914,0.9092042119929367,1,0
76,4,s10,0100,1000,1000,-1.69436776638031,-0.8280278444290161,-0.866339921951294,0.18373144518318574,0,0
76,5,x3,0101,0101,0001,-0.004273775964975357,-6.768179893493652,6.763906117528677,0.9957358230232429,1,0
76,6,c21,0101,0001,0001,-1.8111307621002197,-0.5286120176315308,-1.282518744468689,0.1634696988556741,0,0
76,7,s12,0011,0011,0101,-0.7734977006912231,-0.806715726852417,0.03321802616119385,0.4613970173485695,1,0
76,8,x3,0010,0010,0001,-0.0003661810769699514,-8.562201499938965,8.561835318861995,0.9996509617682567,1,0
77,1,s21,0001,0001,0010,-1.712294101715088,-2.042526960372925,0.3302328586578369,0.18056341774226717,1,0
77,2,s02,0001,0001,1000,-0.6659424901008606,-1.8256185054779053,1.1596760153770447,0.5138185556813634,1,0
77,3,t132,0001,0001,0011,-0.3904072642326355,-1.4203875064849854,1.0299802422523499,0.6767863367194075,1,0
77,4,t302,0001,0001,0011,-0.008024240843951702,-4.944933891296387,4.936909650452435,0.9920109696070318,1,0
77,5,t203,0001,0001,0000,-0.0010028374381363392,-7.626002788543701,7.624999951105565,0.9990022382614027,1,0
77,6,c23,0001,0000,0000,-2.3507211208343506,-0.10072119534015656,-2.249999925494194,0.0953005948825735,0,0
77,7,x3,0000,0000,0011,-9.345808939542621e-05,-9.79867172241211,9.798578264322714,0.9999151623669273,1,0
77,8,c01,0000,0000,0100,-0.033949363976716995,-3.4118738174438477,3.3779244534671307,0.9666237820272638,1,0
78,1,t023,1000,1000,1001,-1.6401230096817017,-1.8901230096817017,0.25,0.1944790768352441,1,0
78,2,c21,1000,1000,1100,-0.5604835748672485,-0.9566622972488403,0.3961787223815918,0.5709524104992533,1,0
78,3,t302,1000,1000,1010,-0.03077251836657524,-3.532616138458252,3.5018436200916767,0.9697004948899154,1,0
78,4,x2,1010,1010,1100,-0.0009720223606564105,-8.456456184387207,8.45548416202655,0.9990310881574712,1,0
78,5,s31,1010,1010,1110,-0.7962071895599365,-1.4608112573623657,0.6646040678024292,0.45103986788820755,1,0
78,6,c03,1011,1011,1010,-0.0621313601732254,-2.812131404876709,2.7500000447034836,0.9397618797913954,1,0
78,7,s31,1110,1011,1011,-1.7674258947372437,-1.0634464025497437,-0.7039794921875,0.1707734298024997,0,0
78,8,t230,1110,1110,0110,-0.26527759432792664,-1.5961828231811523,1.3309052288532257,0.7670418731219137,1,0
79,1,c30,1101,0101,0101,-2.3351340293884277,-2.1005401611328125,-0.23459386825561523,0.09685356341964689,0,0
79,2,c01,1001,1001,1111,-0.4666280746459961,-2.0955452919006348,1.6289172172546387,0.627153147022672,1,0
79,3,c23,1001,1000,1000,-0.9876653552055359,-0.4876653850078583,-0.4999999701976776,0.37245567221723863,0,0
79,4,s02,0011,1001,1001,-1.596577525138855,-0.4061621129512787,-1.1904154121875763,0.2025906556739687,0,0
79,5,x1,0111,0111,0001,-0.018672900274395943,-4.331631660461426,4.31295876018703,0.9815183367466472,1,0
79,6,c02,0111,0101,0101,-2.240126371383667,-0.1130160316824913,-2.1271103397011757,0.1064454657632321,0,0
79,7,t130,1111,0111,0111,-0.6943104863166809,-0.6936087012290955,-0.0007017850875854492,0.4994424237631911,0,0
79,8,c01,1011,1011,0111,-0.004285445436835289,-6.0355072021484375,6.031221756711602,0.9957349648787129,1,0
80,1,x3,1110,1110,1100,-1.3798305988311768,-2.306910514831543,0.9270799160003662,0.25183145674733476,1,0
80,2,c20,0110,0110,1110,-0.9454657435417175,-0.9622762799263,0.01681053638458252,0.38861081833801453,1,0
80,3,x2,0100,0100,0010,-0.04910298436880112,-3.7813518047332764,3.7322488203644753,0.9520909502367159,1,0
80,4,t031,0100,0100,0000,-0.00820546317845583,-5.234246253967285,5.226040790788829,0.9918288123359132,1,0
80,5,s30,0100,0100,1100,-0.6970663666725159,-0.8097498416900635,0.11268347501754761,0.49806272821076547,1,0
80,6,s20,0100,0100,1100,-0.7031787633895874,-0.7516636848449707,0.0484849214553833,0.49501089972095075,1,0
80,7,t320,0100,0100,1100,-0.10027007013559341,-2.351386308670044,2.2511162385344505,0.904594871724772,1,0
80,8,c32,0100,0110,0110,-1.3138632774353027,-0.31374186277389526,-1.0001214146614075,0.2687805328397835,0,0
81,1,c12,1001,1010,1010,-1.9756942987442017,-1.9756722450256348,-2.205371856689453e-05,0.13886266945819822,0,0
81,2,s10,0101,1001,1001,-1.1784487962722778,-1.0683377981185913,-0.11011099815368652,0.3078198164428408,0,0
81,3,s13,0101,0101,0011,-0.7195733785629272,-1.4913430213928223,0.771769642829895,0.4869635620420094,1,0
81,4,x1,0001,0001,0111,-0.02908480167388916,-3.912250280380249,3.88316547870636,0.9728343572249488,1,0
81,5,c30,1001,0001,0001,-0.6951048970222473,-0.6937510967254639,-0.0013538002967834473,0.4990315983480652,0,0
81,6,x3,1000,1000,0100,-0.007435395382344723,-6.587973594665527,6.580538199283183,0.9925976348012941,1,0
81,7,s31,1000,1100,1100,-0.7742002010345459,-0.7623695731163025,-0.011830627918243408,0.46107351585041806,0,0
81,8,s01,0100,1000,1000,-0.9939092993736267,-0.4901660084724426,-0.5037432909011841,0.37012709295155083,0,0
82,1,c23,1001,1000,1000,-1.8174972534179688,-1.3174973726272583,-0.49999988079071045,0.16307451179230803,0,0
82,2,t021,1001,1101,1101,-1.644014835357666,-0.6448558568954468,-0.9991589784622192,0.19320711920081363,0,0
82,3,s21,1001,1100,1100,-1.0649220943450928,-0.47240084409713745,-0.5925212502479553,0.3447565374914278,0,0
82,4,s10,0101,0101,1001,-0.8334265351295471,-0.8523539304733276,0.018927395343780518,0.434567724453713,1,0
82,5,c02,0101,0111,0111,-1.6034132242202759,-0.23873764276504517,-1.3646755814552307,0.201208844485528,0,0
82,6,s31,0101,0011,0011,-0.9966667294502258,-0.7794532179832458,-0.21721351146697998,0.36910823979277946,0,0
82,7,t012,0101,0101,0111,-0.07901456207036972,-2.588718891143799,2.509704329073429,0.9240269169793282,1,0
82,8,c31,0001,0001,0011,-0.15100525319576263,-2.5312113761901855,2.380206122994423,0.8598694754406193,1,0
83,1,t103,1101,1100,1100,-1.7105246782302856,-1.5855247974395752,-0.12499988079071045,0.1810153249101455,0,0
83,2,s32,1110,1110,1111,-1.1751770973205566,-1.4251770973205566,0.25,0.30877662506875436,1,0
83,3,s01,1110,1110,0111,-0.9330861568450928,-1.523409366607666,0.5903232097625732,0.3934348211011348,1,0
83,4,x2,1100,1100,1101,-0.018747609108686447,-5.143747806549072,5.125000197440386,0.9814351412077803,1,0
83,5,s20,0110,1100,1100,-1.818746566772461,-0.6142830848693848,-1.2044634819030762,0.16223530472918782,0,0
83,6,s10,1010,1010,0110,-0.3991020917892456,-1.7561534643173218,1.3570513725280762,0.6709597332521046,1,0
83,7,s01,0110,1010,1010,-1.1927680969238281,-0.9304159879684448,-0.2623521089553833,0.30338150440866574,0,0
83,8,t120,1110,0110,0110,-1.345679521560669,-0.31555357575416565,-1.0301259458065033,0.260363666449176,0,0
84,1,x2,0000,0000,0001,-1.5912065505981445,-1.9662065505981445,0.375,0.20383576279641705,1,0
84,2,c01,0000,0000,0100,-0.1980244219303131,-3.1020469665527344,2.9040225446224213,0.8203968911359566,1,0
84,3,c30,0000,0000,1000,-0.10022658854722977,-2.350224733352661,2.2499981448054314,0.9046367541664426,1,0
84,4,c31,0000,0000,0100,-0.4741789400577545,-0.974166750907898,0.49998781085014343,0.6223973162209973,1,0
84,5,c12,0000,0000,0010,-0.16024017333984375,-1.9102410078048706,1.7500008344650269,0.8519396618191076,1,0
84,6,c31,0000,0000,0100,-0.5759527683258057,-0.8259512186050415,0.24999845027923584,0.5621694132594897,1,0
84,7,c23,0000,0000,0001,-0.22556555271148682,-1.6005655527114868,1.375,0.7980650875839751,1,0
84,8,t201,0000,0000,0100,-0.000728473998606205,-7.250739097595215,7.250010623596609,0.999272352436101,1,0
85,1,x2,1001,1001,1000,-1.6244287490844727,-1.9994287490844727,0.375,0.19721335286948938,1,0
85,2,c12,1001,1011,1011,-1.753461241722107,-1.1364877223968506,-0.6169735193252563,0.17318202848889097,0,0
85,3,s32,1010,1010,1001,-0.7933518290519714,-1.3669612407684326,0.5736094117164612,0.45232903355166376,1,0
85,4,t310,1010,1010,0010,-0.12224706262350082,-2.681380033493042,2.559132970869541,0.8849484085542445,1,0
85,5,c21,1110,1110,1010,-0.4995131492614746,-1.2269924879074097,0.7274793386459351,0.606827759032916,1,0
85,6,x0,0110,0110,1110,-0.03963050618767738,-3.3677620887756348,3.3281315825879574,0.9611808638492336,1,0
85,7,x3,0111,0111,0110,-0.0011889971792697906,-8.501189231872559,8.500000234693289,0.998812853086149,1,0
85,8,x1,0011,0011,0101,-0.0015337024815380573,-6.950090408325195,6.948556705843657,0.9986826438784381,1,0
86,1,t301,1000,1000,1100,-1.3150081634521484,-2.0233852863311768,0.7083771228790283,0.26873542350665847,1,0
86,2,x1,1100,1100,1010,-0.06120613217353821,-3.298351764678955,3.237145632505417,0.9406441541351351,1,0
86,3,c32,1100,1110,1110,-1.8560837507247925,-0.18609656393527985,-1.6699871867895126,0.15628653925305613,0,0
86,4,c12,1110,1110,1100,-0.13568875193595886,-2.133002519607544,1.997313767671585,0.8731184707215333,1,0
86,5,c21,1010,1110,1110,-0.7489045858383179,-0.7105422616004944,-0.038362324237823486,0.4728877146315984,0,0
86,6,x1,1110,1110,1000,-0.02122320793569088,-3.9089789390563965,3.8877557311207056,0.9790108522889184,1,0
86,7,s23,1101,1110,1110,-1.3008301258087158,-0.8021657466888428,-0.49866437911987305,0.2723077419502509,0,0
86,8,t023,1101,1100,1100,-1.138386845588684,-0.38838672637939453,-0.7500001192092896,0.32033766409502057,0,0
87,1,s13,1111,1110,1110,-2.554335594177246,-2.179335594177246,-0.375,0.07777539156952659,0,0
87,2,s20,1111,1111,0111,-1.088964581489563,-1.4926270246505737,0.40366244316101074,0.3366365259710779,1,0
87,3,c10,0111,0111,1111,-0.5890464186668396,-0.8523828387260437,0.2633364200592041,0.5551328556489913,1,0
87,4,s02,1101,0111,0111,-1.2152576446533203,-0.7663713097572327,-0.44888633489608765,0.2966429562059799,0,0
87,5,c21,1101,1001,1001,-1.317063570022583,-0.3714803159236908,-0.9455832540988922,0.26792422277472394,0,0
87,6,c13,1100,1100,1101,-0.14337587356567383,-2.018375873565674,1.875,0.8664469543420632,1,0
87,7,s21,1010,1100,1100,-1.6127963066101074,-0.5464003086090088,-1.0663959980010986,0.19933083187107828,0,0
87,8,s32,1001,1010,1010,-1.3521431684494019,-0.7059488296508789,-0.646194338798523,0.25868912271467454,0,0
88,1,s30,0011,1010,1010,-2.7769784927368164,-2.0246877670288086,-0.7522907257080078,0.062255252934617936,0,0
88,2,s20,1001,1000,1000,-2.7434332370758057,-2.3684332370758057,-0.375,0.0643662905236314,0,0
88,3,c32,1011,1010,1010,-2.2822721004486084,-2.1572721004486084,-0.125,0.1021364199775237,0,0
88,4,s01,0111,1011,1011,-2.447660207748413,-1.5887470245361328,-0.8589131832122803,0.08650175296286451,0,0
88,5,c20,1111,1111,0111,-1.0864616632461548,-1.255791187286377,0.16932952404022217,0.33751213775782224,1,0
88,6,s20,1111,1111,0111,-1.6631789207458496,-1.9094364643096924,0.24625754356384277,0.18957209823119459,1,0
88,7,x3,1110,1110,0110,-0.006756966933608055,-6.371269702911377,6.364512735977769,0.9933022987607667,1,0
88,8,x3,1111,1111,0111,-0.016614433377981186,-5.389069080352783,5.372454646974802,0.9835295628891125,1,0
89,1,c21,0000,0000,0100,-1.7507060766220093,-1.8750683069229126,0.12436223030090332,0.1737712570705259,1,0
89,2,x2,0010,0010,1000,-0.04548688232898712,-4.759404182434082,4.713917300105095,0.9555739703786865,1,0
89,3,t302,0010,0010,0001,-0.027349259704351425,-4.205563068389893,4.178213808685541,0.9730294498242565,1,0
89,4,c30,0010,0010,1010,-0.16047391295433044,-1.9143579006195068,1.7538839876651764,0.8517533148149157,1,0
89,5,s23,0001,0010,0010,-0.8367931246757507,-0.6948710083961487,-0.14192211627960205,0.4330978146623229,0,0
89,6,x2,0011,0011,0000,-0.003979827277362347,-5.88304328918457,5.879063461907208,0.9960288335663086,1,0
89,7,s12,0101,0111,0111,-1.316776156425476,-1.2038521766662598,-0.11292397975921631,0.26799864688379926,0,0
89,8,s30,1100,0101,0101,-0.9506213665008545,-0.6986117362976074,-0.25200963020324707,0.38651858766868213,0,0
90,1,t231,0100,0100,0110,-1.6773171424865723,-2.2508959770202637,0.5735788345336914,0.1870507196171803,1,0
90,2,t120,0100,0100,1100,-0.3294122517108917,-1.4138822555541992,1.0844700038433075,0.7193659563806198,1,0
90,3,x1,0000,0000,0100,-0.012115216813981533,-4.923787593841553,4.911672377027571,0.9880078118032748,1,0
90,4,x3,0001,0001,0010,-0.00043817851110361516,-8.762911796569824,8.76247361805872,0.9995628344114714,1,0
90,5,c31,0101,0101,0001,-0.1939469426870346,-1.8072764873504639,1.6133295446634293,0.823703197315423,1,0
90,6,c10,1101,1101,0101,-0.4768366515636444,-0.9746381640434265,0.4978015124797821,0.6207574020238255,1,0
90,7,c31,1001,1001,1101,-0.39138710498809814,-1.1470903158187866,0.7557032108306885,0.6761225864955225,1,0
90,8,s20,0011,1001,1001,-1.0422825813293457,-0.7030240893363953,-0.33925849199295044,0.35265391608371155,0,0
91,1,c02,1101,1101,1100,-1.953281283378601,-2.2032814025878906,0.25000011920928955,0.14190434325918297,1,0
91,2,x3,1100,1100,0000,-0.16763323545455933,-3.96844482421875,3.8008115887641907,0.8457221641973682,1,0
91,3,c10,0100,0100,1100,-0.6499136686325073,-0.8309446573257446,0.1810309886932373,0.5221549825351898,1,0
91,4,t012,0100,0100,0110,-0.012136932462453842,-4.762389183044434,4.75025225058198,0.9879368445034287,1,0
91,5,t021,0100,0100,0000,-0.0036811300087720156,-5.661696910858154,5.658015780849382,0.9963258674644515,1,0
91,6,t302,0100,0100,0110,-0.07912823557853699,-2.5791354179382324,2.5000071823596954,0.9239223483992407,1,0
91,7,t031,0100,0100,0000,-0.002228610683232546,-6.164569854736328,6.162341244053096,0.9977745748895471,1,0
91,8,x1,0000,0000,0110,-0.0016718748956918716,-6.644743919372559,6.643072044476867,0.9985676678427442,1,0
92,1,s32,1110,1110,1100,-1.8355214595794678,-2.1077451705932617,0.27222371101379395,0.1596191057073941,1,0
92,2,x1,1010,1010,1011,-1.4317474365234375,-2.0567474365234375,0.625,0.23891123491147878,1,0
92,3,t310,1010,1010,0010,-0.18006989359855652,-2.0013427734375,1.8212728798389435,0.835220333079457,1,0
92,4,t012,1010,1010,1000,-0.20840995013713837,-1.7168397903442383,1.5084298402071,0.8118885131350633,1,0
92,5,s01,0110,1010,1010,-1.115602731704712,-0.5777603387832642,-0.5378423929214478,0.3277531896899235,0,0
92,6,t023,0110,0110,0111,-0.04330068826675415,-3.2933006286621094,3.2499999403953552,0.9576247728484447,1,0
92,7,t120,1110,0110,0110,-1.914984941482544,-0.16032792627811432,-1.7546570152044296,0.1473445700622689,0,0
92,8,t023,1111,1111,1110,-0.14587058126926422,-2.0208704471588135,1.8749998658895493,0.8642728732586209,1,0
93,1,t130,0101,1101,1101,-2.2967944145202637,-1.761983871459961,-0.5348105430603027,0.10064512488696276,0,0
93,2,c12,0111,0111,0101,-0.6405230760574341,-2.418349266052246,1.777826189994812,0.5270558484292919,1,0
93,3,s13,0111,0011,0011,-1.6718071699142456,-0.516109049320221,-1.1556981205940247,0.1879089677916261,0,0
93,4,t103,0111,0110,0110,-1.8061493635177612,-0.18114937841892242,-1.6249999850988388,0.16428822986176245,0,0
93,5,s13,0111,0011,0011,-1.4512215852737427,-0.42802414298057556,-1.0231974422931671,0.23428510728430985,0,0
93,6,s01,1011,0111,0111,-2.4112308025360107,-1.1395779848098755,-1.2716528177261353,0.08970942793514806,0,0
93,7,x0,0011,0011,1111,-0.09058117121458054,-2.9914863109588623,2.9009051397442818,0.9134168952718692,1,0
93,8,x0,1011,1011,0011,-0.02343425527215004,-4.161749839782715,4.138315584510565,0.9769477643526715,1,0
94,1,c03,0110,0111,0111,-2.404324531555176,-1.7793245315551758,-0.625,0.09045462105669054,0,0
94,2,x1,0010,0010,0100,-0.23113882541656494,-3.2020139694213867,2.9708751440048218,0.7936644370866548,1,0
94,3,t321,0010,0010,0110,-0.20616646111011505,-1.8869425058364868,1.6807760447263718,0.8137003522661118,1,0
94,4,x2,0000,0000,0001,-0.0005355484317988157,-8.125535011291504,8.124999462859705,0.9994721693557769,1,0
94,5,c30,0000,1000,1000,-0.6932166814804077,-0.6931908130645752,-2.586841583251953e-05,0.4999829678540459,0,0
94,6,x2,0010,0010,0001,-8.248998346971348e-05,-9.562049865722656,9.561967375739187,0.9999179289887109,1,0
94,7,t103,0010,0010,0011,-0.0071974569000303745,-5.007197380065918,4.999999923165888,0.9928297828563674,1,0
94,8,t310,0010,0010,1010,-0.07901792973279953,-2.579021692276001,2.5000037625432014,0.924028602956817,1,0
95,1,t031,0100,0100,0000,-1.5286064147949219,-2.4656152725219727,0.9370088577270508,0.21700978420056724,1,0
95,2,t320,0100,0100,1100,-0.3915899693965912,-1.1993194818496704,0.8077295124530792,0.6759901688997986,1,0
95,3,s10,1000,1000,0100,-0.6003865003585815,-0.8467304110527039,0.24634391069412231,0.5487268296081256,1,0
95,4,t013,1000,1000,1001,-0.02159111388027668,-3.8965911865234375,3.875000072643161,0.978645121134776,1,0
95,5,x2,1010,1010,1100,-0.0004257685213815421,-8.789701461791992,8.78927569327061,0.999576465671884,1,0
95,6,x2,1000,1000,1100,-0.0023247282952070236,-7.095521926879883,7.093197198584676,0.9976955466268117,1,0
95,7,c30,1000,1000,0000,-0.47414711117744446,-0.9825313687324524,0.5083842575550079,0.6224174765660406,1,0
95,8,c30,1000,1000,0000,-0.47410184144973755,-0.9748603105545044,0.5007584691047668,0.6224453687064087,1,0
96,1,x3,1101,1101,1110,-1.105048656463623,-2.3537354469299316,1.2486867904663086,0.33166535302337735,1,0
96,2,s31,1101,1101,1001,-1.3753089904785156,-1.6301944255828857,0.2548854351043701,0.25277539368770197,1,0
96,3,t213,1101,1100,1100,-0.9855794310569763,-0.4855794310569763,-0.5,0.37322626032287953,0,0
96,4,c20,1101,0101,0101,-1.332255482673645,-0.3969639241695404,-0.9352915585041046,0.2639213622065447,0,0
96,5,t130,0101,0101,1101,-0.5813496112823486,-0.8283971548080444,0.2470475435256958,0.5591785255869867,1,0
96,6,s10,1001,1001,0101,-0.4154132604598999,-1.1581461429595947,0.7427328824996948,0.6601281321692345,1,0
96,7,t231,1001,1001,1101,-0.48578768968582153,-1.0057915449142456,0.5200038552284241,0.6152131857363238,1,0
96,8,x0,0001,0001,1101,-0.013111603446304798,-4.640256404876709,4.627144801430404,0.9869834423661858,1,0
97,1,c32,1010,1000,1000,-2.0500152111053467,-1.8528130054473877,-0.19720220565795898,0.12885899794261302,0,0
97,2,x2,1000,1000,1011,-0.3263811469078064,-3.503601312637329,3.1772201657295227,0.7215739033530087,1,0
97,3,s12,1000,1000,1100,-0.4023851156234741,-1.220058560371399,0.8176734447479248,0.668734402364005,1,0
97,4,t123,1000,1000,1001,-0.04450099170207977,-3.1695008277893066,3.124999836087227,0.9564820767093032,1,0
97,5,s21,1000,1000,1100,-0.25387752056121826,-1.5165597200393677,1.2626821994781494,0.7757886378251815,1,0
97,6,x1,1100,1100,1010,-0.0006106736254878342,-7.514883041381836,7.514272367756348,0.99939417550562,1,0
97,7,s31,1001,1100,1100,-1.3136652708053589,-0.6352486610412598,-0.6784166097640991,0.26883473196370455,0,0
97,8,s03,1001,1001,0001,-0.9054847955703735,-1.3734545707702637,0.46796977519989014,0.4043507927818464,1,0
98,1,c31,0000,0000,0010,-1.561617374420166,-2.061584711074829,0.4999673366546631,0.20995298746346477,1,0
98,2,x1,0100,0100,0010,-0.04675541818141937,-3.510050058364868,3.463294640183449,0.9543280742153241,1,0
98,3,x0,1100,1100,0100,-0.11541782319545746,-2.7462124824523926,2.630794659256935,0.8911157412627606,1,0
98,4,x0,0100,0100,1100,-0.22561517357826233,-2.04280161857605,1.8171864449977875,0.7980316501552208,1,0
98,5,c23,0100,0100,0101,-0.35958564281463623,-1.2345856428146362,0.875,0.697970827516237,1,0
98,6,c10,1100,0100,0100,-0.8266012072563171,-0.5761778354644775,-0.2504233717918396,0.4375464360811648,0,0
98,7,x1,1000,1000,0100,-0.001452515833079815,-7.705123424530029,7.7036709086969495,0.9985543162520786,1,0
98,8,t301,1000,1000,1100,-0.03154075890779495,-3.6565439701080322,3.6250032112002373,0.9689518823576161,1,0
99,1,c30,0100,0100,1100,-1.9254605770111084,-1.9794464111328125,0.0539858341217041,0.14589713717459815,1,0
99,2,x0,1100,1100,1000,-0.6375430822372437,-2.063096046447754,1.4255529642105103,0.5289660768715754,1,0
99,3,x0,0100,0100,1100,-0.16079196333885193,-2.1995511054992676,2.0387591421604156,0.8514840370476157,1,0
99,4,s32,0100,0110,0110,-0.9734770059585571,-0.7956605553627014,-0.1778164505958557,0.3777719262461053,0,0
99,5,s10,1000,0100,0100,-0.9739781618118286,-0.8371521830558777,-0.13682597875595093,0.3776058966170476,0,0
99,6,t231,1000,1000,1100,-0.07358808815479279,-2.700086832046509,2.626498743891716,0.9290630340660488,1,0
99,7,t231,1000,1000,1100,-0.07190405577421188,-2.697681188583374,2.625777132809162,0.9306219968655185,1,0
99,8,c01,1100,1100,1000,-0.010189141146838665,-4.814934730529785,4.8047455893829465,0.9898638855436452,1,0
100,1,s32,1101,1100,1100,-2.159146308898926,-1.9091463088989258,-0.25,0.11548752344758245,0,0
100,2,t023,1101,1100,1100,-1.4727238416671753,-0.7227238416671753,-0.75,0.2293508213196167,0,0
100,3,x2,1111,1110,1110,-0.7931914329528809,-0.7931914329528809,0.0,0.4524062492976023,0,1
100,4,c13,1110,1110,1111,-0.18549378216266632,-1.81049382686615,1.6250000447034836,0.8307183640430241,1,0
100,5,t021,1010,1110,1110,-1.6601167917251587,-0.2895749807357788,-1.3705418109893799,0.19011764148232305,0,0
100,6,t203,1011,1011,1010,-0.20285417139530182,-1.7028541564941406,1.4999999850988388,0.8163998673380725,1,0
100,7,s03,1011,1011,0011,-0.7143104076385498,-1.0526540279388428,0.33834362030029297,0.48953786123179777,1,0
100,8,c01,1111,1111,1110,-0.022454528138041496,-4.397454261779785,4.374999733641744,0.977796240861466,1,0
101,1,c20,1100,1100,0100,-1.9376882314682007,-2.23646879196167,0.29878056049346924,0.14415609310727637,1,0
101,2,t032,1100,1110,1110,-1.1314777135849,-0.5906287431716919,-0.540848970413208,0.3226261334138923,0,0
101,3,x1,1000,1000,1110,-0.06130710244178772,-3.177757501602173,3.116450399160385,0.9405868428016684,1,0
101,4,s20,0010,1000,1000,-1.4595541954040527,-0.6984325051307678,-0.7611216902732849,0.23234792191257087,0,0
101,5,s03,0010,0010,1010,-0.8674963712692261,-1.3153202533721924,0.4478238821029663,0.42002420963776493,1,0
101,6,x3,0011,0011,1010,-0.0003834392409771681,-9.426377296447754,9.425993857206777,0.9996177550618318,1,0
101,7,c23,0010,0010,0011,-0.3879697024822235,-1.137969732284546,0.7500000298023224,0.6784373298378747,1,0
101,8,x1,0110,0110,0010,-0.0043842121958732605,-6.172444820404053,6.1680606082081795,0.9956272001230743,1,0
102,1,s32,1101,1100,1100,-2.2463645935058594,-1.996364712715149,-0.24999988079071045,0.10584333059097761,0,0
102,2,c20,1101,1101,0101,-1.5775060653686523,-1.7786979675292969,0.20119190216064453,0.2065570823746955,1,0
102,3,s30,1101,1101,0101,-0.8440686464309692,-2.0092153549194336,1.1651467084884644,0.4300082843615243,1,0
102,4,t312,1111,1110,1110,-1.0481681823730469,-1.0481681823730469,0.0,0.3505877704717698,0,1
102,5,c23,1110,1110,1111,-0.15327517688274384,-2.0282750129699707,1.8749998360872269,0.8579970176012344,1,0
102,6,t301,1110,1110,1010,-0.3308336138725281,-1.466752529144287,1.135918915271759,0.7183413045521113,1,0
102,7,c23,1111,1111,1110,-0.020887447521090508,-3.8958871364593506,3.87499968893826,0.9793308827396598,1,0
102,8,c32,1101,1101,1110,-0.034740861505270004,-4.101980686187744,4.067239824682474,0.9659112554779631,1,0
103,1,s20,1001,0011,0011,-2.728116750717163,-2.10050630569458,-0.627610445022583,0.0653790021151157,0,0
103,2,t123,1001,1000,1000,-1.8137882947921753,-1.5637882947921753,-0.25,0.1631934972271246,0,0
103,3,t230,1001,1001,0001,-0.8746283054351807,-1.2167760133743286,0.34214770793914795,0.4170522807921447,1,0
103,4,t210,1001,1001,0001,-0.3874921500682831,-1.1447205543518066,0.7572284042835236,0.6787840997994373,1,0
103,5,t230,1001,1001,0001,-0.5760291218757629,-0.8435917496681213,0.2675626277923584,0.5621436108634881,1,0
103,6,s31,1100,1100,1001,-0.6813524961471558,-1.088311791419983,0.40695929527282715,0.5059394193178989,1,0
103,7,t023,1100,1100,1101,-0.5780259370803833,-0.8280259370803833,0.25,0.5610275433959215,1,0
103,8,c21,1100,1000,1000,-0.9058374166488647,-0.571366548538208,-0.33447086811065674,0.40420946557167275,0,0
104,1,c10,1011,1011,0011,-2.070305109024048,-2.2744927406311035,0.20418763160705566,0.12622705868330103,1,0
104,2,t201,1111,1011,1011,-1.639685869216919,-1.260516881942749,-0.3791689872741699,0.19405351498466739,0,0
104,3,x3,1110,1110,0000,-0.011869097128510475,-6.491065979003906,6.479196881875396,0.9883121558964899,1,0
104,4,s12,1110,1110,1011,-0.6799701452255249,-1.0397770404815674,0.3598068952560425,0.5066409770203281,1,0
104,5,c03,1111,1111,1110,-0.005697906948626041,-5.505697727203369,5.499999820254743,0.9943318731426948,1,0
104,6,s12,1111,1011,1011,-0.9344356060028076,-0.8335922956466675,-0.10084331035614014,0.39281777935777284,0,0
104,7,x3,1110,1110,0110,-0.0001485268585383892,-10.068831443786621,10.068682916928083,0.9998589372905047,1,0
104,8,s32,1101,1100,1100,-1.3614006042480469,-0.8614006042480469,-0.5,0.25631014394876567,0,0
105,1,s01,0000,0000,0100,-1.3652229309082031,-2.4287121295928955,1.0634891986846924,0.25563931221625336,1,0
105,2,t123,0000,0000,0001,-0.07709749042987823,-3.0770974159240723,2.999999925494194,0.9258285175763267,1,0
105,3,c31,0000,0100,0100,-1.1392393112182617,-0.38882067799568176,-0.75041863322258,0.3200638134228523,0,0
105,4,t123,0000,0000,1000,-0.00010382826440036297,-10.417975425720215,10.417871597455814,0.999897017397427,1,0
105,5,c03,0000,0000,0001,-0.0003642470692284405,-8.000364303588867,8.000000056519639,0.9996360023580486,1,0
105,6,t013,0000,0000,1000,-0.0001029921550070867,-9.951692581176758,9.95158958902175,0.999897419529377,1,0
105,7,t301,0000,0000,0100,-0.0013755654217675328,-6.751423358917236,6.750047793495469,0.9986259056887054,1,0
105,8,s12,0000,0000,0100,-0.2313840687274933,-1.600492238998413,1.3691081702709198,0.7934350937669897,1,0
106,1,c01,0000,0000,0100,-1.677001714706421,-2.144352912902832,0.46735119819641113,0.18706742481800728,1,0
106,2,s13,0000,0000,0100,-0.3722494840621948,-1.6782807111740112,1.3060312271118164,0.6892288191289739,1,0
106,3,x1,0100,0100,0010,-0.0057894685305655,-5.27394437789917,5.268154909368604,0.9942292690017651,1,0
106,4,s02,0100,0100,1100,-0.21034541726112366,-1.8758704662322998,1.6655250489711761,0.8103081781414648,1,0
106,5,c31,0100,0000,0000,-1.502107858657837,-0.2615355849266052,-1.2405722737312317,0.22266099391747923,0,0
106,6,x2,0110,0110,0101,-0.00048022851115092635,-8.007207870483398,8.006727641972248,0.9995256082177058,1,0
106,7,c21,0010,0010,0110,-0.2899094820022583,-1.407219409942627,1.1173099279403687,0.7483338436680994,1,0
106,8,c21,0110,0110,0010,-0.49472370743751526,-0.9752853512763977,0.48056164383888245,0.6097409066728292,1,0
107,1,x1,0110,0000,0000,-2.2195241451263428,-2.1716556549072266,-0.04786849021911621,0.10870847770345005,0,0
107,2,t102,0110,0110,0100,-1.119209885597229,-1.2204773426055908,0.10126745700836182,0.3265716114021604,1,0
107,3,s13,0011,0011,0110,-0.8319511413574219,-1.3690190315246582,0.5370678901672363,0.4352132364090784,1,0
107,4,s32,0011,0001,0001,-1.6469080448150635,-0.7801722288131714,-0.8667358160018921,0.19265318989301533,0,0
107,5,s21,0101,0011,0011,-1.6281869411468506,-1.0555446147918701,-0.5726423263549805,0.19629024644931745,0,0
107,6,c30,1101,1101,0101,-0.6330893635749817,-0.9399545192718506,0.3068651556968689,0.5310066970868429,1,0
107,7,t123,1101,1100,1100,-0.989835798740387,-0.48983582854270935,-0.4999999701976776,0.3716414913969355,0,0
107,8,c30,0101,0101,1101,-0.5371993780136108,-0.9049882292747498,0.3677888512611389,0.5843994766417762,1,0
108,1,x1,1101,1101,1100,-1.761109709739685,-2.2611098289489746,0.5000001192092896,0.1719794600159684,1,0
108,2,c13,1100,1100,1101,-0.31491994857788086,-1.9399199485778809,1.625,0.729944462853014,1,0
108,3,t132,1100,1100,1110,-0.5962039232254028,-0.8354029655456543,0.23919904232025146,0.5509103512057926,1,0
108,4,s13,1001,1100,1100,-1.1809613704681396,-0.7251624464988708,-0.4557989239692688,0.30698868808389224,0,0
108,5,x3,1000,1000,1001,-0.04335760697722435,-3.1683573722839355,3.124999765306711,0.9575789583137376,1,0
108,6,x1,1100,1100,1010,-0.0024818528909236193,-6.308642387390137,6.306160534499213,0.9975273932997861,1,0
108,7,x3,1101,1101,1100,-0.0011190625373274088,-7.001119136810303,7.000000074272975,0.9988818828220721,1,0
108,8,c30,0101,0101,1101,-0.581195592880249,-0.8270238041877747,0.24582821130752563,0.5592437774622658,1,0
109,1,c21,0000,0000,0010,-1.4881136417388916,-2.1035168170928955,0.6154031753540039,0.2259785470852005,1,0
109,2,x0,1000,1000,0000,-0.478685200214386,-1.619175672531128,1.140490472316742,0.6196531437009398,1,0
109,3,x3,1001,1001,0001,-0.0106734037399292,-6.187252998352051,6.176579594612122,0.9894053712258691,1,0
109,4,c20,1001,0001,0001,-0.9750913977622986,-0.5601499676704407,-0.4149414300918579,0.3771656735178647,0,0
109,5,t210,1001,1001,0001,-0.12703028321266174,-2.129397392272949,2.0023671090602875,0.8807105768971368,1,0
109,6,t210,1001,1001,0001,-0.1602635234594345,-1.9112324714660645,1.75096894800663,0.8519207169171042,1,0
109,7,s01,0101,1001,1001,-0.8949714303016663,-0.6939178705215454,-0.20105355978012085,0.4086315670053023,0,0
109,8,s32,0110,0110,0101,-0.6456493735313416,-1.4921650886535645,0.8465157151222229,0.5243275067090747,1,0
110,1,s01,1111,0111,0111,-2.213700771331787,-1.9830354452133179,-0.23066532611846924,0.1093427100288834,0,0
110,2,t130,0111,0111,1111,-0.7328758239746094,-1.0564008951187134,0.323525071144104,0.480640396083487,1,0
110,3,c30,1111,1111,0111,-0.32197296619415283,-1.3209162950515747,0.9989433288574219,0.7247968583408392,1,0
110,4,s13,1111,1011,1011,-2.210514783859253,-1.1816554069519043,-1.0288593769073486,0.10965312140878897,0,0
110,5,c32,1101,1101,1111,-0.1619148701429367,-2.3398118019104004,2.1778969317674637,0.8506242228237206,1,0
110,6,c30,0101,0101,1101,-0.42971736192703247,-1.0550287961959839,0.6253114342689514,0.6507223134887291,1,0
110,7,x2,0111,0111,0001,-0.0014945901930332184,-7.729126930236816,7.727632340043783,0.9985525199119113,1,0
110,8,t120,1111,1111,0111,-0.5804551243782043,-0.8336283564567566,0.25317323207855225,0.5596581750187924,1,0
111,1,s32,0000,0000,0001,-1.8350640535354614,-1.8350640535354614,0.0,0.159746422393579,0,1
111,2,s23,0000,0000,0010,-0.49967658519744873,-1.6404237747192383,1.1407471895217896,0.6067441813149205,1,0
111,3,s20,0000,0000,1000,-0.3172101378440857,-1.385671615600586,1.0684614777565002,0.7281993787136375,1,0
111,4,c02,0000,0000,0010,-0.014222216792404652,-4.307210922241211,4.292988705448806,0.9858791194591854,1,0
111,5,s12,0000,0000,0100,-0.2890711724758148,-1.4077872037887573,1.1187160313129425,0.7489605916802617,1,0
111,6,s23,0000,0000,0010,-0.10221436619758606,-2.351423501968384,2.2492091357707977,0.902836213453429,1,0
111,7,t132,0000,0000,0010,-0.0001957254426088184,-8.65884017944336,8.65864445400075,0.999805083839595,1,0
111,8,s13,0000,0100,0100,-0.7063251733779907,-0.703254222869873,-0.0030709505081176758,0.49345556383814526,0,0
112,1,s31,1000,1100,1100,-1.9836479425430298,-1.9033901691436768,-0.08025777339935303,0.13770054899448167,0,0
112,2,c30,1000,1000,0001,-0.7371858954429626,-1.9447563886642456,1.207570493221283,0.4785234046686669,1,0
112,3,x3,1001,1001,0001,-0.018058348447084427,-5.860130786895752,5.8420724384486675,0.9822650763440091,1,0
112,4,s10,0101,1001,1001,-1.1580686569213867,-0.829035222530365,-0.32903343439102173,0.3141458240761938,0,0
112,5,t201,0101,0101,0001,-0.052336230874061584,-3.213164806365967,3.160828575491905,0.9490147127539286,1,0
112,6,t210,0101,0101,1101,-0.3869616985321045,-1.1384947299957275,0.751533031463623,0.6791225898327408,1,0
112,7,t130,1101,0101,0101,-0.9768648743629456,-0.4741642475128174,-0.5027006268501282,0.37650686124219107,0,0
112,8,t231,1101,1001,1001,-0.7147819399833679,-0.7102736830711365,-0.004508256912231445,0.4893098756161991,0,0
113,1,c30,0011,1011,1011,-2.5015907287597656,-1.9677897691726685,-0.5338009595870972,0.08200091919861417,0,0
113,2,t210,0011,1011,1011,-1.0935859680175781,-0.9179344773292542,-0.17565149068832397,0.3350435682886475,0,0
113,3,s21,0101,0101,0110,-1.0430679321289062,-1.359330415725708,0.31626248359680176,0.35238466738250357,1,0
113,4,s21,0011,0101,0101,-1.861311912536621,-0.7990466356277466,-1.0622652769088745,0.15547247668003622,0,0
113,5,s02,1001,0011,0011,-1.2973461151123047,-0.7816106677055359,-0.5157354474067688,0.2732638182604798,0,0
113,6,c20,1001,0001,0001,-0.8304451107978821,-0.6851447224617004,-0.14530038833618164,0.4358843058415015,0,0
113,7,s30,1001,1001,0011,-0.9018922448158264,-1.8728535175323486,0.9709612727165222,0.40581679767720086,1,0
113,8,s30,1001,1001,0011,-0.8573603630065918,-1.9184118509292603,1.0610514879226685,0.4242889086681954,1,0
114,1,t203,0000,0000,0001,-1.5963249206542969,-1.5963249206542969,0.0,0.20306209197582037,0,1
114,2,s20,0000,0000,1000,-0.6432567834854126,-1.2252283096313477,0.5819715261459351,0.5255969027778998,1,0
114,3,s01,0000,0000,1000,-0.31938451528549194,-1.3204625844955444,1.0010780692100525,0.7266111618743026,1,0
114,4,t312,0000,0000,0010,-0.005849962122738361,-5.256100654602051,5.250250692479312,0.9941674320221611,1,0
114,5,c21,0000,0100,0100,-1.8053122758865356,-0.1798272430896759,-1.6254850327968597,0.16442329999106137,0,0
114,6,s12,0000,0000,0100,-0.20748014748096466,-1.7016663551330566,1.494186207652092,0.8126294743841311,1,0
114,7,t301,0000,0000,0100,-0.0005864754784852266,-7.500638008117676,7.5000515326391906,0.9994142218730306,1,0
114,8,s12,0000,0000,0100,-0.03869472071528435,-3.288640022277832,3.2499453015625477,0.9620443159354186,1,0
115,1,x2,0001,0001,0000,-1.733786702156067,-1.858786702156067,0.125,0.17680132763906067,1,0
115,2,t123,0001,0001,0000,-0.48692435026168823,-1.3619242906570435,0.8749999403953552,0.6145892667020283,1,0
115,3,x2,0011,0011,0000,-0.0024018357507884502,-6.395349025726318,6.39294718997553,0.9976034823665506,1,0
115,4,s02,1001,0011,0011,-1.4767481088638306,-0.3952285349369049,-1.0815195739269257,0.22839124446405865,0,0
115,5,s03,1001,1001,0011,-0.919244647026062,-2.076277732849121,1.157033085823059,0.39882585742155696,1,0
115,6,c02,1011,1011,1001,-0.009847897104918957,-4.760141372680664,4.750293475575745,0.9902028131802568,1,0
115,7,x2,1001,1001,1110,-0.00045115684042684734,-8.880632400512695,8.880181243672268,0.9995636900194765,1,0
115,8,x3,1000,1000,1100,-0.002802138915285468,-7.016852378845215,7.014050239929929,0.9972073614808188,1,0
116,1,x0,0100,0100,0000,-1.9415165185928345,-2.493968963623047,0.5524524450302124,0.1435763462215608,1,0
116,2,c20,0100,1100,1100,-1.1368792057037354,-0.5548973083496094,-0.581981897354126,0.32083396543686576,0,0
116,3,x0,1100,1100,0100,-0.01751091703772545,-5.036585807800293,5.0190748907625675,0.9830892328015434,1,0
116,4,c32,1100,1110,1110,-1.7666494846343994,-0.22283166646957397,-1.5438178181648254,0.17090715998590922,0,0
116,5,x0,0100,0100,1100,-0.04981784522533417,-3.775062084197998,3.725244238972664,0.9514042859924216,1,0
116,6,c01,0100,0100,0000,-0.034094300121068954,-3.424311399459839,3.39021709933877,0.9664807399614075,1,0
116,7,s21,0010,0100,0100,-0.9879904389381409,-0.7896902561187744,-0.19830018281936646,0.37232793499013855,0,0
116,8,t302,0010,0010,0000,-0.022266846150159836,-4.420010089874268,4.397743243724108,0.9779820625035358,1,0
117,1,s20,0111,1101,1101,-2.9859912395477295,-2.1004514694213867,-0.8855397701263428,0.05051513181602597,0,0
117,2,t032,0111,0101,0101,-2.5475945472717285,-1.7371338605880737,-0.8104606866836548,0.07831012152693959,0,0
117,3,x3,0110,0110,0111,-0.024974262341856956,-4.774974346160889,4.750000083819032,0.97538190092656,1,0
117,4,s32,0101,0101,0110,-0.9710553884506226,-1.3082622289657593,0.3372068405151367,0.37869366650956104,1,0
117,5,t201,0101,0101,0001,-0.05611634626984596,-3.6645407676696777,3.6084244213998318,0.9454489779226442,1,0
117,6,s23,0110,0101,0101,-1.0019639730453491,-0.8512862920761108,-0.15067768096923828,0.36716788918204696,0,0
117,7,t231,0110,0110,0010,-0.1140063926577568,-2.2514078617095947,2.137401469051838,0.8922855223008096,1,0
117,8,s32,0101,0101,0110,-0.8395943641662598,-1.4244561195373535,0.5848617553710938,0.43189376841332316,1,0
118,1,x2,1110,1110,1101,-1.450067400932312,-2.250576972961426,0.8005095720291138,0.2347795837516423,1,0
118,2,c23,1111,1111,1110,-0.3962627053260803,-1.771262764930725,1.3750000596046448,0.6729956123553547,1,0
118,3,s12,1111,1011,1011,-1.1536072492599487,-0.7557589411735535,-0.39784830808639526,0.3155042309063312,0,0
118,4,s01,1111,1111,0111,-0.5264682769775391,-1.0017802715301514,0.4753119945526123,0.5907567790607661,1,0
118,5,c03,1110,1110,1111,-0.006231307052075863,-5.75623083114624,5.749999524094164,0.9937975709608563,1,0
118,6,t021,1010,1110,1110,-1.8500516414642334,-0.18592894077301025,-1.6641227006912231,0.1572293529640687,0,0
118,7,t032,1010,1010,1000,-0.25455281138420105,-1.5188841819763184,1.2643313705921173,0.7752652742801536,1,0
118,8,x2,1000,1000,1011,-0.0018216159660369158,-7.056598663330078,7.054777047364041,0.9981977903722431,1,0
119,1,c12,1101,1101,1110,-1.6438183784484863,-1.9392215013504028,0.2954031229019165,0.19335398200457274,1,0
119,2,x2,1111,1111,1110,-0.14447937905788422,-3.769479274749756,3.6249998956918716,0.8654955553864051,1,0
119,3,x0,0111,0111,1110,-0.12441150844097137,-2.895338535308838,2.7709270268678665,0.883392595614535,1,0
119,4,c21,0011,0011,0111,-0.24012820422649384,-1.6181004047393799,1.377972200512886,0.7865375000003372,1,0
119,5,c02,0011,0011,0001,-0.2528635561466217,-1.5029582977294922,1.2500947415828705,0.776573933054357,1,0
119,6,x1,0111,0111,0001,-0.004379978869110346,-5.631124973297119,5.626744994428009,0.9956318153145338,1,0
119,7,t032,0111,0101,0101,-1.4868437051773071,-0.3603813946247101,-1.126462310552597,0.22608688468502544,0,0
119,8,x1,0011,0011,0101,-0.0009836162207648158,-7.004602432250977,7.003618816030212,0.9990604206951704,1,0
120,1,x0,0001,0001,1000,-1.7792021036148071,-2.508898973464966,0.7296968698501587,0.1689152255084135,1,0
120,2,c30,1001,1001,0001,-0.5820485949516296,-0.8315649032592773,0.2495163083076477,0.5587767724619449,1,0
120,3,t321,1001,1101,1101,-0.832736611366272,-0.6299350261688232,-0.20280158519744873,0.43486522541631256,0,0
120,4,s32,1010,1010,1001,-0.4632093012332916,-1.6122581958770752,1.1490488946437836,0.6292669654972202,1,0
120,5,s03,0011,1010,1010,-1.2717876434326172,-0.6118561029434204,-0.6599315404891968,0.2803361303842553,0,0
120,6,c30,1011,0011,0011,-0.8307430148124695,-0.5763980746269226,-0.2543449401855469,0.4357311530454078,0,0
120,7,t102,1011,1011,1001,-0.23223385214805603,-1.6050195693969727,1.3727857172489166,0.7927654074557393,1,0
120,8,c21,1111,1111,1110,-0.348067045211792,-1.7230669260025024,1.3749998807907104,0.7060524572320218,1,0
121,1,c31,0110,0100,0100,-2.349576473236084,-2.349567413330078,-9.059906005859375e-06,0.0954710690738219,0,0
121,2,x0,1110,1110,0000,-0.6779825687408447,-2.630683660507202,1.9527010917663574,0.5078322353297905,1,0
121,3,s01,1110,0110,0110,-0.9284050464630127,-0.6213587522506714,-0.3070462942123413,0.39521549488573193,0,0
121,4,c21,1010,1010,1110,-0.3228197991847992,-1.5335047245025635,1.2106849253177643,0.7241145802154623,1,0
121,5,x1,1110,1110,1000,-0.0009718843502923846,-7.283965587615967,7.282993703265674,0.9990302311775671,1,0
121,6,c32,1110,1100,1100,-2.7806124687194824,-0.1277858316898346,-2.652826637029648,0.06200309305201081,0,0
121,7,s30,0111,1110,1110,-0.9285933375358582,-0.6956946849822998,-0.23289865255355835,0.3951183452495668,0,0
121,8,t120,1111,0111,0111,-0.9946268796920776,-0.4753805994987488,-0.5192462801933289,0.3698657092644519,0,0
122,1,t120,1011,1011,0011,-2.004744529724121,-2.595471143722534,0.5907266139984131,0.13478604943387468,1,0
122,2,c21,1111,1111,1110,-1.05205237865448,-1.17705237865448,0.125,0.34924129029268375,1,0
122,3,c23,1110,1110,1111,-0.11677813529968262,-2.2417781352996826,2.125,0.8898164293256248,1,0
122,4,t210,0110,1110,1110,-1.07712721824646,-0.4776221513748169,-0.5995050668716431,0.34057919035890155,0,0
122,5,x1,0010,0010,0110,-0.0030321814119815826,-6.345327377319336,6.342295195907354,0.9980098046646948,1,0
122,6,c02,0010,0010,0000,-0.25197160243988037,-1.5399727821350098,1.2880011796951294,0.7772668997350726,1,0
122,7,s31,0010,0110,0110,-1.8600609302520752,-0.6171321868896484,-1.2429287433624268,0.15566317724057085,0,0
122,8,t312,0010,0010,0001,-0.0001518628268968314,-9.262015342712402,9.261863479885506,0.9998482697772859,1,0
123,1,s32,0000,0001,0001,-1.9678239822387695,-1.7178239822387695,-0.25,0.13988518778125003,0,0
123,2,x1,0100,0100,0010,-0.3660001754760742,-1.6649060249328613,1.298905849456787,0.6935502233623451,1,0
123,3,t103,0100,0100,0101,-0.061124153435230255,-3.561124086380005,3.4999999329447746,0.9407185059271362,1,0
123,4,s02,0100,0100,1100,-0.4995632767677307,-1.555340051651001,1.0557767748832703,0.6068059982354197,1,0
123,5,s21,0010,0100,0100,-1.2652555704116821,-0.9207634925842285,-0.3444920778274536,0.2821703912312512,0,0
123,6,x2,0000,0000,0011,-0.0204611923545599,-4.539158821105957,4.518697628751397,0.9797556455396339,1,0
123,7,t012,0000,0000,0010,-0.0009462252492085099,-7.0011982917785645,7.000252066529356,0.9990541554932846,1,0
123,8,x0,1000,1000,0000,-0.055414021015167236,-3.112844228744507,3.0574302077293396,0.9464577108545442,1,0
124,1,x2,1000,1000,1011,-1.6386706829071045,-2.302110433578491,0.6634397506713867,0.1943839828772085,1,0
124,2,x1,1100,1100,1010,-0.24865931272506714,-2.757777690887451,2.509118378162384,0.7798650125973864,1,0
124,3,s32,1100,1100,1110,-0.7784833908081055,-0.9036207795143127,0.12513738870620728,0.45911241345032666,1,0
124,4,x2,1110,1110,1101,-0.03241034597158432,-3.620025634765625,3.5876152887940407,0.9681147067245774,1,0
124,5,t213,1111,1111,1110,-0.3234013617038727,-1.3234013319015503,0.9999999701976776,0.7237032776075886,1,0
124,6,c23,1110,1110,1111,-0.18800149857997894,-1.8130013942718506,1.6249998956918716,0.8286348589417049,1,0
124,7,x0,0110,0110,1110,-0.07522443681955338,-3.255335569381714,3.1801111325621605,0.9276735178689168,1,0
124,8,c13,0111,0111,0110,-0.10489022731781006,-2.3548903465270996,2.2500001192092896,0.9004238274622943,1,0
125,1,t032,1001,1001,1000,-1.939818024635315,-2.1898179054260254,0.24999988079071045,0.14385115524917116,1,0
125,2,x2,1011,1011,1000,-0.5074507594108582,-2.028777599334717,1.5213268399238586,0.6020500275121181,1,0
125,3,t103,1011,1010,1010,-0.9986598491668701,-0.4986598789691925,-0.4999999701976776,0.368380328046006,0,0
125,4,c03,1010,1010,1011,-0.004997641779482365,-5.504997730255127,5.500000088475645,0.9950238274417256,1,0
125,5,x1,1110,1110,1000,-0.018670890480279922,-4.233353614807129,4.214682724326849,0.9815041121717195,1,0
125,6,t301,1110,1110,1010,-0.03063604235649109,-3.5372180938720703,3.5065820515155792,0.9698351871969644,1,0
125,7,x2,1100,1100,1101,-0.0009119251044467092,-7.250912189483643,7.250000264379196,0.9991112111468511,1,0
125,8,c31,1100,1000,1000,-0.8988849520683289,-0.5243987441062927,-0.37448620796203613,0.40702462785009796,0,0
126,1,s20,0011,1001,1001,-2.8457841873168945,-1.8662819862365723,-0.9795022010803223,0.05813900406457139,0,0
126,2,t302,0011,0001,0001,-2.2851181030273438,-1.9459415674209595,-0.3391765356063843,0.10184009177721236,0,0
126,3,c02,0011,0011,0001,-0.6989772915840149,-0.946300745010376,0.24732345342636108,0.49709854613387683,1,0
126,4,t302,0011,0011,0001,-0.21062596142292023,-1.7236214876174927,1.5129955261945724,0.8100823570971769,1,0
126,5,t031,0011,0011,0111,-0.16041964292526245,-2.1359758377075195,1.975556194782257,0.8517892918965398,1,0
126,6,c32,0001,0001,0011,-0.3153897225856781,-1.341201901435852,1.025812178850174,0.7295150020892321,1,0
126,7,x1,0101,0101,0100,-0.0033845826983451843,-6.253384590148926,6.250000007450581,0.9966249178698735,1,0
126,8,x0,1101,1101,0101,-0.25294461846351624,-1.5268930196762085,1.2739484012126923,0.7767579510734244,1,0
127,1,s31,1111,1010,1010,-2.5388121604919434,-2.288832187652588,-0.24997997283935547,0.0789866142850615,0,0
127,2,c30,0111,0111,1111,-1.0649960041046143,-1.2931108474731445,0.22811484336853027,0.3448294124588865,1,0
127,3,t231,0011,0011,0111,-0.6017032861709595,-0.8563591241836548,0.2546558380126953,0.5478851045612815,1,0
127,4,s32,0011,0011,0001,-0.8103100061416626,-0.8509315252304077,0.04062151908874512,0.4447237915577323,1,0
127,5,c13,0011,0010,0010,-1.6005921363830566,-0.22559219598770142,-1.3749999403953552,0.2017786989962648,0,0
127,6,c10,0011,1011,1011,-1.13826322555542,-0.3871341645717621,-0.7511290609836578,0.32038488129737663,0,0
127,7,c32,0001,0001,0011,-0.16061775386333466,-1.9399880170822144,1.7793702632188797,0.8516182725932125,1,0
127,8,s20,0001,1000,1000,-0.8360872268676758,-0.8325833082199097,-0.0035039186477661133,0.4334070605815456,0,0
128,1,c03,1111,1111,1110,-1.629502296447754,-2.254502296447754,0.625,0.19623789558957094,1,0
128,2,x3,1110,1110,0000,-0.05869584530591965,-4.780908584594727,4.722212739288807,0.9430211436047584,1,0
128,3,c23,1111,1111,1110,-0.04692792147397995,-3.1719279289245605,3.1250000074505806,0.9541587476772986,1,0
128,4,x0,0111,0111,1111,-0.07455957680940628,-3.172152042388916,3.0975924655795097,0.930128627980959,1,0
128,5,s03,1110,1110,0111,-0.9686002731323242,-1.3070383071899414,0.3384380340576172,0.37963444988703055,1,0
128,6,x1,1010,1010,1011,-0.001393935875967145,-7.501393795013428,7.499999859137461,0.9986228701513514,1,0
128,7,c10,1010,1010,0010,-0.4766015410423279,-0.9886763095855713,0.5120747685432434,0.6208904874787055,1,0
128,8,s13,1010,1010,1110,-0.83036208152771,-1.1101653575897217,0.2798032760620117,0.4358922458487436,1,0
129,1,t123,0000,0000,0001,-1.4785635471343994,-1.7285635471343994,0.25,0.22829786742647998,1,0
129,2,t013,0000,0000,1000,-0.05359257385134697,-4.686660289764404,4.633067715913057,0.947831171304682,1,0
129,3,c30,0000,0000,1000,-0.20160579681396484,-1.70143461227417,1.499828815460205,0.8174190074361863,1,0
129,4,x1,0100,0100,0010,-0.001627023215405643,-6.535275459289551,6.533648436074145,0.9983752104035897,1,0
129,5,c10,1100,1100,0100,-0.5342280864715576,-0.9002445340156555,0.3660164475440979,0.5861393401260742,1,0
129,6,s10,1100,0100,0100,-1.1396920680999756,-0.6714162230491638,-0.46827584505081177,0.31993257459975794,0,0
129,7,t320,1100,1100,0100,-0.1607101410627365,-1.9509656429290771,1.7902555018663406,0.8515567702001487,1,0
129,8,s30,0101,1100,1100,-1.600033164024353,-0.7107717394828796,-0.8892614245414734,0.20189589321693246,0,0
130,1,t103,1000,1000,1001,-1.2779501676559448,-1.7779501676559448,0.5,0.2798416291112992,1,0
130,2,t120,1000,1000,0000,-0.3475297689437866,-2.1185336112976074,1.7710038423538208,0.7064432576355628,1,0
130,3,s30,0001,1000,1000,-1.8373773097991943,-0.6996851563453674,-1.137692153453827,0.15924259624223985,0,0
130,4,c12,0001,0011,0011,-1.3169255256652832,-0.32437288761138916,-0.992552638053894,0.26795803999929635,0,0
130,5,t021,0001,0001,0101,-0.004666247870773077,-5.506589889526367,5.501923641655594,0.9953454415795249,1,0
130,6,s32,0010,0010,0001,-0.2499895691871643,-2.0712742805480957,1.8212847113609314,0.7788089842041361,1,0
130,7,x1,0110,0110,0010,-0.00034925458021461964,-8.507640838623047,8.507291584042832,0.999652782083887,1,0
130,8,c13,0111,0111,0110,-0.3143393397331238,-1.3143393993377686,1.0000000596046448,0.7302722067501427,1,0
131,1,c12,0010,0000,0000,-2.0629630088806152,-1.7330102920532227,-0.3299527168273926,0.1271771347616839,0,0
131,2,c20,1010,1010,0010,-0.7471086382865906,-0.7914185523986816,0.044309914112091064,0.47377876053157963,1,0
131,3,x0,0010,0010,1110,-0.28899097442626953,-2.0155346393585205,1.726543664932251,0.7490625875680569,1,0
131,4,x1,0110,0110,1010,-0.013807498849928379,-4.992787837982178,4.978980339132249,0.9862885906073141,1,0
131,5,t031,0110,0110,0010,-0.008315631188452244,-6.044965744018555,6.036650112830102,0.9917199807226038,1,0
131,6,c30,0110,1110,1110,-0.9742586612701416,-0.4743901491165161,-0.4998685121536255,0.37749222060095955,0,0
131,7,c21,0010,0010,0110,-0.32985836267471313,-1.4082911014556885,1.0784327387809753,0.7190332739189707,1,0
131,8,s30,0010,0010,1000,-0.3930406868457794,-1.7910528182983398,1.3980121314525604,0.6750078849707806,1,0
132,1,c01,1001,1001,1110,-2.1722254753112793,-2.4933395385742188,0.32111406326293945,0.11398206470748479,1,0
132,2,x1,1101,1101,1011,-0.24492859840393066,-1.9719128608703613,1.7269842624664307,0.7827692215991247,1,0
132,3,c23,1101,1100,1100,-2.0294346809387207,-0.1544346660375595,-1.8750000149011612,0.13141608087205547,0,0
132,4,x2,1111,1111,1110,-0.03614523261785507,-3.536144971847534,3.499999739229679,0.9645189008969272,1,0
132,5,x0,0111,0111,1011,-0.04969053715467453,-3.522921562194824,3.4732310250401497,0.9516963950035792,1,0
132,6,s23,0111,0101,0101,-1.2866722345352173,-0.6617943644523621,-0.6248778700828552,0.27619005834092175,0,0
132,7,x0,1111,1111,0111,-0.0152216712012887,-4.378504753112793,4.363283081911504,0.9850099605057854,1,0
132,8,t120,0111,0111,1111,-0.576438307762146,-0.8285049200057983,0.25206661224365234,0.5619208656184593,1,0
133,1,s20,0101,0101,0110,-2.1041371822357178,-2.5735690593719482,0.46943187713623047,0.12200866782045393,1,0
133,2,s21,0011,0101,0101,-2.0142202377319336,-0.8411641120910645,-1.1730561256408691,0.13343283620447943,0,0
133,3,s31,0110,0110,0101,-1.4790058135986328,-1.5530147552490234,0.07400894165039062,0.22788811714949458,1,0
133,4,x1,0010,0011,0011,-1.2519479990005493,-1.1269479990005493,-0.125,0.28596299464793223,0,0
133,5,t213,0010,0010,0011,-0.05771961808204651,-3.0577197074890137,3.000000089406967,0.9439180214075519,1,0
133,6,t203,0010,0010,0011,-0.0005717655876651406,-7.8755717277526855,7.87499996216502,0.9994285677921441,1,0
133,7,t321,0010,0010,0110,-0.3869296610355377,-1.1513392925262451,0.7644096314907074,0.679140071928018,1,0
133,8,s30,0010,0010,1010,-0.5915839076042175,-1.9045581817626953,1.3129742741584778,0.5534700767882083,1,0
134,1,t012,0001,0001,0011,-1.620527744293213,-2.0296311378479004,0.4091033935546875,0.1979754398059172,1,0
134,2,s02,0001,0001,1000,-0.48283615708351135,-1.4054162502288818,0.9225800931453705,0.6170424480348665,1,0
134,3,x3,0000,0000,1000,-0.0035229141358286142,-7.176844596862793,7.173321682726964,0.9964999571463238,1,0
134,4,t012,0000,0000,0010,-0.0007759692962281406,-7.384338855743408,7.38356288644718,0.9992257903889674,1,0
134,5,s10,0000,0000,1000,-0.2531636357307434,-1.5020197629928589,1.2488561272621155,0.7763927968833557,1,0
134,6,t213,0000,0000,0001,-0.00017058156663551927,-9.625170707702637,9.625000126136001,0.9998305757263029,1,0
134,7,t201,0000,0000,0100,-0.0011895004427060485,-6.751192569732666,6.75000306928996,0.9988117686708542,1,0
134,8,t310,0000,0000,1000,-0.004081622697412968,-5.504080772399902,5.499999149702489,0.9959269248862722,1,0
135,1,t012,0001,0001,0011,-1.3533093929290771,-2.1725687980651855,0.8192594051361084,0.25865186551192565,1,0
135,2,x0,1001,1001,0001,-0.20312663912773132,-2.084209680557251,1.8810830414295197,0.8163129756302441,1,0
135,3,x1,1101,1101,1011,-0.006057782098650932,-5.50971794128418,5.503660159185529,0.993969806543344,1,0
135,4,c31,1001,1001,1101,-0.23031125962734222,-1.8262090682983398,1.5958978086709976,0.7942970374074162,1,0
135,5,s03,1001,1001,0010,-0.8330851197242737,-1.2348101139068604,0.40172499418258667,0.4347102011676422,1,0
135,6,t320,1001,1001,0001,-0.1270592361688614,-2.1758062839508057,2.0487470477819443,0.8806833518699219,1,0
135,7,s32,1010,1010,1001,-0.4428863823413849,-1.4808759689331055,1.0379895865917206,0.6421849223838741,1,0
135,8,s21,1100,1010,1010,-1.3531237840652466,-1.2381300926208496,-0.11499369144439697,0.2584325607065978,0,0
136,1,t210,1100,1100,0100,-1.556989073753357,-2.1270384788513184,0.5700494050979614,0.21090903667279945,1,0
136,2,x0,0100,0100,1100,-0.13418236374855042,-3.097579002380371,2.9633966386318207,0.8745101628126456,1,0
136,3,t301,0100,0100,0001,-0.03844831511378288,-4.5771284103393555,4.538680095225573,0.9622885700902193,1,0
136,4,s01,1000,0100,0100,-0.7736899256706238,-0.6974356174468994,-0.07625430822372437,0.461396847282089,0,0
136,5,t320,1000,1000,0000,-0.25244081020355225,-1.621095895767212,1.3686550855636597,0.7769412974944753,1,0
136,6,s23,1000,1010,1010,-0.9907006025314331,-0.5392706990242004,-0.45142990350723267,0.3713274994711841,0,0
136,7,c20,1000,1000,0000,-0.5759866237640381,-0.8668803572654724,0.2908937335014343,0.5621689165061926,1,0
136,8,s30,0001,1000,1000,-2.337096691131592,-0.9922369718551636,-1.3448597192764282,0.09661305142694489,0,0
137,1,t032,1010,1000,1000,-1.962364912033081,-1.8870182037353516,-0.07534670829772949,0.14064521466215651,0,0
137,2,x3,1011,1011,1010,-0.15148118138313293,-4.0264811515808105,3.8749999701976776,0.8595312521130646,1,0
137,3,x3,1010,1010,1100,-0.0030562439933419228,-7.0491132736206055,7.0460570296272635,0.996951138021681,1,0
137,4,c23,1011,1011,1010,-0.06238981708884239,-2.812389850616455,2.7500000335276127,0.9395187337872105,1,0
137,5,x2,1001,1001,1110,-0.0004136224742978811,-8.946693420410156,8.946279797935858,0.9996634116842873,1,0
137,6,c23,1001,1000,1000,-0.8262479305267334,-0.5762479305267334,-0.25,0.4376889471990014,0,0
137,7,t210,1001,1001,0001,-0.10063441842794418,-2.361751079559326,2.261116661131382,0.9042644833691836,1,0
137,8,t210,1001,1001,0001,-0.47415658831596375,-0.9743138551712036,0.5001572668552399,0.6224125793757828,1,0
138,1,c21,1011,1011,1101,-2.0321719646453857,-2.18637752532959,0.1542055606842041,0.1311046520448553,1,0
138,2,x3,1010,1010,0000,-0.1815204620361328,-3.9685628414154053,3.7870423793792725,0.8340628388117736,1,0
138,3,t321,1010,1110,1110,-1.1419647932052612,-0.6710289716720581,-0.4709358215332031,0.31919225462489653,0,0
138,4,t201,1110,1010,1010,-2.8873157501220703,-0.06609528511762619,-2.821220465004444,0.05572580116035528,0,0
138,5,x2,1100,1100,1101,-0.0007556882337667048,-8.00075626373291,8.000000575499143,0.999260544416677,1,0
138,6,t023,1100,1101,1101,-1.2238129377365112,-0.34881284832954407,-0.8750000894069672,0.294107530140519,0,0
138,7,c32,1100,1110,1110,-3.062816619873047,-0.04877651855349541,-3.0140401013195515,0.046756102063078106,0,0
138,8,x3,1101,1101,1100,-0.0012595695443451405,-7.0012593269348145,6.999999757390469,0.9987440724809125,1,0
139,1,s13,1001,1100,1100,-2.5391640663146973,-2.062419891357422,-0.4767441749572754,0.07898492026453106,0,0
139,2,t312,1001,1001,1010,-1.6217718124389648,-1.9658406972885132,0.34406888484954834,0.1976590131170786,1,0
139,3,s21,1001,1001,1100,-1.0774331092834473,-1.1895045042037964,0.11207139492034912,0.3404935754188554,1,0
139,4,x2,1011,1011,1000,-0.035792574286460876,-4.128599643707275,4.0928070694208145,0.9648577575415409,1,0
139,5,c23,1010,1010,1011,-0.28235918283462524,-1.4073591232299805,1.1249999403953552,0.7540207572840771,1,0
139,6,c30,1010,1010,0010,-0.580373227596283,-0.8590925335884094,0.27871930599212646,0.5597159186751575,1,0
139,7,x0,0010,0010,1010,-0.030283194035291672,-3.7125658988952637,3.682282704859972,0.970204958278666,1,0
139,8,t231,0010,0010,0110,-0.04902762919664383,-3.1236965656280518,3.074668936431408,0.9521564646614499,1,0
140,1,c13,0110,0110,0111,-1.4744322299957275,-2.4744322299957275,1.0,0.22911253559993303,1,0
140,2,x0,1110,1110,0000,-0.6701889038085938,-2.6650562286376953,1.9948673248291016,0.5118343866851456,1,0
140,3,s23,1101,1110,1110,-1.2115287780761719,-0.97109055519104,-0.24043822288513184,0.29774774717168734,0,0
140,4,s32,1110,1110,1100,-1.1207084655761719,-1.340411901473999,0.21970343589782715,0.32605475663499617,1,0
140,5,t230,1110,1110,0110,-0.39172089099884033,-1.2120791673660278,0.8203582763671875,0.6759102578380874,1,0
140,6,t231,1110,1110,1010,-0.21565110981464386,-1.7579399347305298,1.542288824915886,0.8060203497997666,1,0
140,7,s03,0111,1110,1110,-1.1722334623336792,-0.6114820241928101,-0.5607514381408691,0.3096794951149543,0,0
140,8,x2,0101,0101,1101,-0.002569156466051936,-7.565812110900879,7.563242954434827,0.9974430868026479,1,0
141,1,x2,1000,1000,1011,-1.5492256879806519,-2.049238443374634,0.5000127553939819,0.2125874887147334,1,0
141,2,x2,1010,1010,1001,-0.4221435785293579,-1.7368474006652832,1.3147038221359253,0.6556668683522107,1,0
141,3,s01,0110,1010,1010,-1.5261157751083374,-0.8097880482673645,-0.7163277268409729,0.21740550620233787,0,0
141,4,s02,1100,0110,0110,-2.3537306785583496,-0.9715866446495056,-1.382144033908844,0.09501699567140487,0,0
141,5,s31,1001,1100,1100,-1.7805006504058838,-0.9203197956085205,-0.8601808547973633,0.16855690558161263,0,0
141,6,t132,1001,1011,1011,-1.020954966545105,-0.9155087471008301,-0.1054462194442749,0.36026310421421787,0,0
141,7,t201,1001,1001,1101,-0.7261449098587036,-0.8356188535690308,0.10947394371032715,0.48377274601064657,1,0
141,8,s02,0011,1001,1001,-1.4896550178527832,-0.7876121401786804,-0.7020428776741028,0.22545261978730172,0,0
142,1,x1,0000,0000,0110,-1.960573673248291,-2.2456471920013428,0.28507351875305176,0.140883457242839,1,0
142,2,s13,0000,0000,0100,-1.005831003189087,-1.471878170967102,0.46604716777801514,0.3657678004004634,1,0
142,3,t201,0000,0000,0100,-0.023104975000023842,-4.585293292999268,4.562188317999244,0.9771786621461039,1,0
142,4,t321,0000,0000,0100,-0.00558715034276247,-5.255703926086426,5.250116775743663,0.9944296978089626,1,0
142,5,s01,0000,0000,1000,-0.31445401906967163,-1.3177602291107178,1.0033062100410461,0.7301948351814551,1,0
142,6,t123,0000,0000,0001,-5.8888741477858275e-05,-10.7500581741333,10.749999285391823,0.999941377450341,1,0
142,7,t012,0000,0000,0010,-7.676857057958841e-05,-9.625080108642578,9.625003340071999,0.9999233966322499,1,0
142,8,s23,0000,0000,0010,-0.28565025329589844,-1.5079331398010254,1.222282886505127,0.7515254533829795,1,0
143,1,s01,0001,0001,0100,-1.542860507965088,-2.453603506088257,0.910742998123169,0.21391707340696278,1,0
143,2,s20,0001,0001,1000,-0.6196452975273132,-1.5927455425262451,0.9731002449989319,0.5382239978438664,1,0
143,3,t130,0001,0001,1001,-0.12700413167476654,-2.134612798690796,2.0076086670160294,0.8807379929627924,1,0
143,4,s10,0001,0001,1001,-0.731376051902771,-1.1223756074905396,0.39099955558776855,0.4812873302415588,1,0
143,5,x1,0101,0101,0100,-0.0021080682054162025,-6.752107620239258,6.749999552033842,0.9978961951894103,1,0
143,6,x2,0111,0111,0100,-0.002421780489385128,-6.193990230560303,6.191568450070918,0.9976189893458954,1,0
143,7,t021,0111,0111,0011,-0.003432593774050474,-6.003468036651611,6.000035442877561,0.9965796331525949,1,0
143,8,x1,0011,0011,0101,-0.00037331454223021865,-8.12647819519043,8.1261048806482,0.9996380878721345,1,0
144,1,c01,0111,0011,0011,-2.5956263542175293,-2.2966742515563965,-0.2989521026611328,0.07464790212345278,0,0
144,2,x0,1111,1111,0011,-0.46497857570648193,-2.6110029220581055,2.1460243463516235,0.6283534289299144,1,0
144,3,c23,1110,1110,1111,-0.1578240990638733,-2.1578242778778076,2.0000001788139343,0.8540903429301302,1,0
144,4,t120,0110,1110,1110,-0.985080361366272,-0.4752693474292755,-0.5098110139369965,0.3734135492914133,0,0
144,5,x3,0111,0111,0011,-0.002300738822668791,-7.386662483215332,7.384361744392663,0.9977026495194938,1,0
144,6,s12,0111,0011,0011,-1.0396651029586792,-0.5070732831954956,-0.5325918197631836,0.3535769821903664,0,0
144,7,c21,0011,0011,0111,-0.11302609741687775,-2.238983631134033,2.1259575337171555,0.8931399465729123,1,0
144,8,s03,1010,1010,0011,-0.7508372068405151,-0.8317674994468689,0.08093029260635376,0.4719764256703263,1,0
145,1,t203,0110,0111,0111,-2.350860118865967,-2.100860118865967,-0.25,0.09541336294805244,0,0
145,2,t102,0110,0100,0100,-1.004319429397583,-0.8940014243125916,-0.11031800508499146,0.36632051144697986,0,0
145,3,t301,0110,0110,0010,-0.2251090705394745,-1.8876978158950806,1.662588745355606,0.7984379080166779,1,0
145,4,s31,0011,0011,0110,-0.7576243877410889,-0.8586333394050598,0.10100895166397095,0.4687850521395122,1,0
145,5,x3,0010,0010,0011,-0.005463593173772097,-5.505463600158691,5.500000006984919,0.9945623959538579,1,0
145,6,s21,0100,0100,0110,-0.6359390020370483,-1.384360432624817,0.7484214305877686,0.5294416601120735,1,0
145,7,c20,0100,1100,1100,-0.8276108503341675,-0.5840746760368347,-0.24353617429733276,0.437203009326378,0,0
145,8,c12,0110,0110,0100,-0.20176680386066437,-1.701833963394165,1.5000671595335007,0.8172881945130102,1,0
146,1,x1,0111,0001,0001,-2.232328414916992,-1.9832334518432617,-0.24909496307373047,0.10735717421108572,0,0
146,2,t012,0111,0101,0101,-1.6882069110870361,-0.522487998008728,-1.165718913078308,0.18486326032711964,0,0
146,3,x2,0101,0101,0011,-0.008608289062976837,-5.745143413543701,5.736535124480724,0.9914616512109223,1,0
146,4,s12,0011,0101,0101,-0.7908816933631897,-0.7568448781967163,-0.03403681516647339,0.4534479668203363,0,0
146,5,x0,1011,1011,1001,-0.07609646022319794,-3.088052272796631,3.011955812573433,0.926856367056053,1,0
146,6,t123,1011,1010,1010,-1.057291865348816,-0.43229183554649353,-0.6250000298023224,0.3473973502074466,0,0
146,7,x0,0011,0011,1111,-0.07897362858057022,-3.212848663330078,3.133875034749508,0.9240661122676406,1,0
146,8,s02,1001,0011,0011,-0.776308000087738,-0.6974756121635437,-0.07883238792419434,0.4601031495245335,0,0
147,1,x2,1010,1010,1001,-1.3172553777694702,-2.264455795288086,0.9472004175186157,0.26838146615837255,1,0
147,2,x3,1011,1011,1010,-0.17866936326026917,-3.5536694526672363,3.375000089406967,0.8365268489869283,1,0
147,3,x0,0011,0011,1111,-0.17179730534553528,-3.129102945327759,2.9573056399822235,0.8422772507921202,1,0
147,4,t230,1011,0011,0011,-0.8344216346740723,-0.5775656700134277,-0.25685596466064453,0.4341330350581473,0,0
147,5,s12,1101,1011,1011,-1.257955551147461,-1.027459979057312,-0.23049557209014893,0.2842389803315913,0,0
147,6,s13,1101,1101,1001,-1.0765233039855957,-1.186582326889038,0.11005902290344238,0.34079476004585624,1,0
147,7,s31,1101,1101,1001,-0.6608112454414368,-1.7120052576065063,1.0511940121650696,0.5164512134758522,1,0
147,8,s12,1011,1101,1101,-1.0704283714294434,-0.9885990023612976,-0.08182936906814575,0.34286390995324795,0,0
148,1,s12,0000,0000,0010,-1.7358319759368896,-2.110182285308838,0.37435030937194824,0.17632999973179028,1,0
148,2,s01,0000,0000,1000,-0.6352754831314087,-1.4412736892700195,0.8059982061386108,0.529866562614438,1,0
148,3,t031,0000,0000,0100,-0.0007819778984412551,-7.875761985778809,7.874980007880367,0.9992208189151558,1,0
148,4,s01,0000,0000,1000,-0.2015511393547058,-1.70369291305542,1.5021417737007141,0.8174683310054566,1,0
148,5,x3,0001,0001,0000,-0.00027118605794385076,-8.875271797180176,8.875000611122232,0.9997309521422302,1,0
148,6,s10,0001,0001,1000,-0.592427134513855,-1.1395156383514404,0.5470885038375854,0.5529906514109507,1,0
148,7,t320,0001,0001,1001,-0.018181059509515762,-4.019324779510498,4.001143720000982,0.9819842242629007,1,0
148,8,t301,0001,0001,0101,-0.009924573823809624,-4.638996124267578,4.6290715504437685,0.9901252826883293,1,0
149,1,c30,0100,0100,1100,-1.9376559257507324,-2.0395469665527344,0.10189104080200195,0.14413122125257719,1,0
149,2,x1,0000,0000,0110,-0.17177420854568481,-2.709228515625,2.537454307079315,0.842205325721661,1,0
149,3,c21,0000,0000,0100,-0.14452582597732544,-2.018054485321045,1.8735286593437195,0.8654392390002944,1,0
149,4,t301,0000,0000,0100,-0.0006352850468829274,-8.126481056213379,8.125845771166496,0.9993661427346355,1,0
149,5,x2,0010,0010,0001,-0.0004854622238781303,-7.964425563812256,7.963940101588378,0.9995171956935369,1,0
149,6,c23,0011,0011,0010,-0.14475426077842712,-2.01975417137146,1.8749999105930328,0.8652388152738063,1,0
149,7,x2,0001,0001,0000,-0.0003698802029248327,-8.750370025634766,8.75000014543184,0.999638421681075,1,0
149,8,c32,0011,0011,0001,-0.6368488073348999,-0.7582584619522095,0.12140965461730957,0.5289568786465498,1,0
150,1,s20,0011,1001,1001,-2.777512788772583,-1.941689133644104,-0.835823655128479,0.06225087142124035,0,0
150,2,c32,0001,0001,1100,-2.0675761699676514,-2.53954815864563,0.4719719886779785,0.1266042699724775,1,0
150,3,t120,0001,0001,1001,-0.4031875729560852,-2.062572717666626,1.6593851447105408,0.6682700188506329,1,0
150,4,x0,1001,1001,0001,-0.04505946487188339,-3.188849449157715,3.1437899842858315,0.956062934426181,1,0
150,5,c30,0001,0001,1001,-0.5842291116714478,-0.8263455033302307,0.24211639165878296,0.5575590796940075,1,0
150,6,x1,0101,0101,0011,-0.0012708180584013462,-6.924735069274902,6.923464251216501,0.99873171269526,1,0
150,7,c20,0101,1101,1101,-0.8271198272705078,-0.5765540599822998,-0.250565767288208,0.4373835418990029,0,0
150,8,s02,0101,0101,1100,-0.6343538165092468,-1.151259422302246,0.5169056057929993,0.5302918161623142,1,0
151,1,s31,1110,1011,1011,-2.3350629806518555,-2.1794328689575195,-0.15563011169433594,0.09685027022307187,0,0
151,2,s32,1101,1111,1111,-2.024733066558838,-1.8997379541397095,-0.12499511241912842,0.13206314709682346,0,0
151,3,t301,1001,1101,1101,-1.9806993007659912,-1.5437817573547363,-0.4369175434112549,0.13799411966050665,0,0
151,4,s20,0011,1001,1001,-2.194640636444092,-0.9734094142913818,-1.22123122215271,0.11140555012324639,0,0
151,5,x3,0010,0010,0001,-0.056063055992126465,-4.222906112670898,4.166843056678772,0.9455802685562933,1,0
151,6,s12,0100,0010,0010,-1.369681715965271,-0.9017460942268372,-0.46793562173843384,0.2541897926847082,0,0
151,7,t130,0100,0100,1100,-0.3908325731754303,-1.1634458303451538,0.7726132571697235,0.6765403596561491,1,0
151,8,c32,0100,0110,0110,-1.4093146324157715,-0.281997412443161,-1.1273172199726105,0.24431164692586763,0,0
152,1,t132,1000,1000,1010,-1.5502700805664062,-1.9829466342926025,0.4326765537261963,0.2126309472630576,1,0
152,2,c03,1001,1001,1000,-0.16837653517723083,-2.4183764457702637,2.249999910593033,0.8451186890645953,1,0
152,3,x1,1101,1101,1011,-0.023266861215233803,-4.166359901428223,4.143093040212989,0.9770075787313048,1,0
152,4,t321,1101,1101,1001,-0.6344601511955261,-0.7741740942001343,0.13971394300460815,0.5302226998059806,1,0
152,5,c02,1111,1111,1101,-0.009811952710151672,-5.107175350189209,5.097363397479057,0.9902636569362109,1,0
152,6,s21,1111,1011,1011,-0.841901957988739,-0.597964346408844,-0.24393761157989502,0.4308961689862058,0,0
152,7,t032,1101,1101,1111,-0.38700032234191895,-1.1550755500793457,0.7680752277374268,0.6790938094410084,1,0
152,8,x3,1100,1100,1111,-0.0013130421284586191,-7.827219009399414,7.825905967270955,0.9987137650263567,1,0
153,1,s32,0111,0110,0110,-2.6191511154174805,-2.2441511154174805,-0.375,0.07292101569651045,0,0
153,2,s10,1011,0111,0111,-2.675112724304199,-1.301088809967041,-1.3740239143371582,0.06891996909984285,0,0
153,3,s12,1101,1011,1011,-1.730987310409546,-1.3660619258880615,-0.3649253845214844,0.17711515266225666,0,0
153,4,x3,1100,1100,1101,-0.09433320164680481,-3.9693331718444824,3.8749999701976776,0.9101375272496277,1,0
153,5,t102,1110,1110,1100,-0.646369993686676,-0.7726635932922363,0.1262935996055603,0.5239623760355941,1,0
153,6,s30,0111,1110,1110,-1.4034936428070068,-0.622733473777771,-0.7807601690292358,0.24575084995047886,0,0
153,7,s21,0111,0011,0011,-1.223931908607483,-0.6179366111755371,-0.6059952974319458,0.29407603267909266,0,0
153,8,s12,0111,0011,0011,-0.9250856041908264,-0.7207840085029602,-0.2043015956878662,0.39650014119170635,0,0
154,1,x0,1000,1000,0010,-1.608874797821045,-2.3838346004486084,0.7749598026275635,0.2002628575886529,1,0
154,2,s32,1000,1000,1010,-0.7894095182418823,-1.5727038383483887,0.7832943201065063,0.4541944104368011,1,0
154,3,x2,1010,1010,1001,-0.05097193643450737,-3.754157066345215,3.7031851299107075,0.9503145059568934,1,0
154,4,t021,1110,1010,1010,-0.839808464050293,-0.6992247700691223,-0.14058369398117065,0.43179744628192707,0,0
154,5,c02,1100,1100,1110,-0.050263505429029465,-3.870041608810425,3.8197781033813953,0.9510696147930153,1,0
154,6,t203,1100,1100,1101,-0.706516683101654,-0.706516683101654,0.0,0.4933711466423657,0,1
154,7,s31,1001,1100,1100,-1.4364697933197021,-0.8009165525436401,-0.635553240776062,0.23777592695169764,0,0
154,8,c20,1001,0001,0001,-0.8980108499526978,-0.7811625599861145,-0.11684828996658325,0.40740135788194126,0,0
155,1,c32,1010,1000,1000,-2.137085437774658,-1.8870759010314941,-0.25000953674316406,0.11810429816560142,0,0
155,2,s20,1010,1010,0010,-1.1315343379974365,-2.046550750732422,0.9150164127349854,0.3225681200756486,1,0
155,3,c12,1010,1000,1000,-1.3425142765045166,-0.5353131294250488,-0.8072011470794678,0.2611915681231426,0,0
155,4,x1,1110,1110,1111,-0.00678597018122673,-5.381785869598389,5.374999899417162,0.9932395387565165,1,0
155,5,x1,1010,1010,1100,-0.003609072184190154,-6.5110764503479,6.50746737816371,0.9964135364472888,1,0
155,6,c23,1011,1011,1010,-0.10762696713209152,-2.3576269149780273,2.249999947845936,0.8979751780891587,1,0
155,7,x3,1010,1010,1110,-0.0033412612974643707,-6.44207763671875,6.438736375421286,0.9966891302784369,1,0
155,8,c32,1010,1000,1000,-1.296741247177124,-0.3934191167354584,-0.9033221304416656,0.27342678275168797,0,0
156,1,s32,0010,0010,0001,-1.8068724870681763,-1.9087592363357544,0.10188674926757812,0.16433117595349325,1,0
156,2,c32,0010,0000,0000,-1.9273805618286133,-1.6996259689331055,-0.2277545928955078,0.14557487956809098,0,0
156,3,x0,1010,1010,0010,-0.5817040205001831,-2.3438467979431152,1.7621427774429321,0.5590454307055354,1,0
156,4,c10,1010,0010,0010,-0.9870119690895081,-0.6558113098144531,-0.33120065927505493,0.3726981217862385,0,0
156,5,t021,1110,1110,1010,-0.38122501969337463,-1.2269978523254395,0.8457728326320648,0.6830285481786813,1,0
156,6,s31,1011,1011,1110,-0.9287819266319275,-0.9460019469261169,0.017220020294189453,0.39504919993884335,1,0
156,7,x3,1010,1010,1011,-0.020757010206580162,-4.958256721496582,4.937499711290002,0.9795001625263624,1,0
156,8,x1,1110,1110,1000,-0.002552368678152561,-6.286708354949951,6.284155986271799,0.997452985020902,1,0
157,1,x1,0101,0011,0011,-2.1582751274108887,-2.118910312652588,-0.03936481475830078,0.11561346152049262,0,0
157,2,c12,0111,0111,0100,-1.0788612365722656,-2.156578779220581,1.0777175426483154,0.3400116300868059,1,0
157,3,c03,0111,0101,0101,-2.371978759765625,-0.9617899060249329,-1.4101888537406921,0.09330583347900488,0,0
157,4,x3,0110,0110,0101,-0.6657431125640869,-1.9703552722930908,1.304612159729004,0.5139656402239143,1,0
157,5,c23,0111,0111,1110,-0.6198940873146057,-2.9823694229125977,2.362475335597992,0.5381902448351394,1,0
157,6,x2,0101,0101,1100,-0.1314181387424469,-4.14263916015625,4.011221021413803,0.8769018182686676,1,0
157,7,t203,0101,0100,0100,-0.9226458072662354,-0.6726458072662354,-0.25,0.3975053432065229,0,0
157,8,s30,1100,1100,0101,-0.7255758047103882,-1.1015045642852783,0.37592875957489014,0.4841832159652952,1,0
158,1,x0,1101,1101,1001,-2.3085567951202393,-2.4782958030700684,0.1697390079498291,0.0994710685390015,1,0
158,2,c01,1001,1001,1111,-0.7278122901916504,-2.405467987060547,1.6776556968688965,0.48304575204856004,1,0
158,3,t201,1001,1101,1101,-1.247514009475708,-0.37232282757759094,-0.8751911818981171,0.2872199337803402,0,0
158,4,c30,0001,1001,1001,-0.9511117935180664,-0.6958050727844238,-0.2553067207336426,0.3863221705389243,0,0
158,5,t213,0001,0001,0000,-0.005119434092193842,-6.005119323730469,5.999999889638275,0.9948979871113681,1,0
158,6,t013,0001,0001,0011,-0.00024042767472565174,-8.752117156982422,8.751876729307696,0.9997595988241186,1,0
158,7,x0,1001,1001,0101,-0.018969522789120674,-4.657742023468018,4.638772500678897,0.9829882838145514,1,0
158,8,x0,0001,0001,1101,-0.03846745193004608,-3.8666586875915527,3.8281912356615067,0.9622679720570202,1,0
159,1,s01,0100,1000,1000,-2.0583019256591797,-1.6508077383041382,-0.4074941873550415,0.12774098957653782,0,0
159,2,c12,0110,0110,0100,-0.7623828649520874,-1.6365073919296265,0.8741245269775391,0.46660204194652755,1,0
159,3,x1,0010,0010,0100,-0.11610253900289536,-2.738884210586548,2.6227816715836525,0.8904484236770671,1,0
159,4,s10,0010,0010,1010,-0.4115437865257263,-1.2164784669876099,0.8049346804618835,0.6626596782902031,1,0
159,5,c10,0010,0010,1010,-0.3869556486606598,-1.138635516166687,0.7516798675060272,0.6791449477569844,1,0
159,6,x2,0000,0000,0011,-0.0013641242403537035,-7.066274166107178,7.064910041866824,0.9986400670815827,1,0
159,7,t302,0000,0000,0010,-0.0005786079564131796,-7.500578880310059,7.500000272353645,0.999422133210487,1,0
159,8,t013,0000,0000,0001,-3.802750143222511e-05,-11.00003719329834,10.999999165796908,0.9999620185972617,1,0
160,1,t023,1011,1010,1010,-2.04725980758667,-2.04725980758667,0.0,0.1292650343883189,0,1
160,2,c01,1111,1111,1001,-0.3644600808620453,-2.1558852195739746,1.7914251387119293,0.6945842239204337,1,0
160,3,t032,1101,1101,1111,-0.23145771026611328,-1.9922964572906494,1.7608387470245361,0.7933947113194137,1,0
160,4,s21,1011,1101,1101,-1.7075579166412354,-0.8178897500038147,-0.8896681666374207,0.1813114698328404,0,0
160,5,s21,1101,1011,1011,-1.3020267486572266,-1.2709991931915283,-0.031027555465698242,0.27198122463870317,0,0
160,6,c23,1101,1100,1100,-1.4083670377731323,-0.28336700797080994,-1.1250000298023224,0.24454772111819328,0,0
160,7,s23,1110,1110,1101,-0.6515949368476868,-1.212928295135498,0.5613333582878113,0.5212167438820877,1,0
160,8,s02,1110,1110,0111,-0.631180465221405,-1.3732110261917114,0.7420305609703064,0.5319680478408371,1,0
161,1,s02,0110,1100,1100,-2.7025485038757324,-2.202475070953369,-0.5000734329223633,0.06707693555823653,0,0
161,2,c31,0110,0010,0010,-1.9400558471679688,-1.5835288763046265,-0.3565269708633423,0.14372171003756617,0,0
161,3,c02,0110,0100,0100,-0.9015132188796997,-0.537073016166687,-0.3644402027130127,0.40595783129426855,0,0
161,4,c01,0110,0110,0010,-0.014321514405310154,-4.265302658081055,4.2509811436757445,0.9857811575682902,1,0
161,5,c32,0110,0100,0100,-1.6632921695709229,-0.2299245446920395,-1.4333676248788834,0.1895202112976717,0,0
161,6,t023,0110,0110,0111,-0.006082682870328426,-5.131082534790039,5.124999851919711,0.993938667918615,1,0
161,7,c12,0100,0100,0110,-0.10041782259941101,-2.3555281162261963,2.2551102936267853,0.9044765243279311,1,0
161,8,t012,0100,0100,0110,-0.0008336639730259776,-7.1258416175842285,7.1250079536112025,0.9991681634379828,1,0
162,1,s23,1100,1100,1110,-1.8527302742004395,-1.9554976224899292,0.10276734828948975,0.1569436335350468,1,0
162,2,x0,0100,0100,0101,-0.7215186357498169,-2.7215185165405273,1.9999998807907104,0.4869519456521864,1,0
162,3,s12,0010,0100,0100,-1.4628512859344482,-0.7058469653129578,-0.7570043206214905,0.23157772060561507,0,0
162,4,s10,0010,1010,1010,-0.9529794454574585,-0.794790506362915,-0.15818893909454346,0.3856500391512627,0,0
162,5,c13,0010,0011,0011,-1.6015368700027466,-0.22653688490390778,-1.3749999850988388,0.20158682771238953,0,0
162,6,s01,0010,0010,1010,-0.4763658940792084,-1.1760345697402954,0.699668675661087,0.621039065454843,1,0
162,7,t102,0010,0010,0000,-0.001750568742863834,-6.536967754364014,6.53521718562115,0.9982513987358329,1,0
162,8,x0,1010,1010,0110,-0.007122629322111607,-5.042910575866699,5.035787946544588,0.9930111945133264,1,0
163,1,s01,0101,1001,1001,-2.0407731533050537,-1.9413328170776367,-0.09944033622741699,0.1299899174719548,0,0
163,2,s20,0101,0101,1100,-1.0270909070968628,-1.7767720222473145,0.7496811151504517,0.3580878684054372,1,0
163,3,t312,0111,0111,0101,-0.26956886053085327,-1.5121421813964844,1.242573320865631,0.7637305793762633,1,0
163,4,x1,0011,0011,0101,-0.030909154564142227,-3.60029673576355,3.5693875811994076,0.9696227009994141,1,0
163,5,x2,0001,0001,0111,-0.006944811902940273,-5.102397918701172,5.095453106798232,0.9930800724601491,1,0
163,6,c31,0101,0101,0001,-0.0585513561964035,-2.9302380084991455,2.871686652302742,0.9431312008745025,1,0
163,7,x1,0001,0001,0111,-0.006029161624610424,-5.515162944793701,5.509133783169091,0.9939962112943168,1,0
163,8,s10,0001,0001,1001,-0.6985988616943359,-1.3262317180633545,0.6276328563690186,0.4972915832792126,1,0
164,1,s01,1010,0110,0110,-2.52016544342041,-1.8516446352005005,-0.6685208082199097,0.08047516810546168,0,0
164,2,x2,1000,1000,1011,-1.0278977155685425,-2.7536494731903076,1.7257517576217651,0.3579045531252443,1,0
164,3,s10,0100,1000,1000,-1.9875969886779785,-1.137418508529663,-0.8501784801483154,0.1370370615041613,0,0
164,4,s03,0100,0100,1100,-1.553579568862915,-2.0091824531555176,0.45560288429260254,0.21150687314728742,1,0
164,5,c32,0100,0110,0110,-1.1893739700317383,-0.5655152797698975,-0.6238586902618408,0.30443699210740865,0,0
164,6,t321,0100,0100,0001,-0.3510008156299591,-2.2851545810699463,1.9341537654399872,0.7040302332060497,1,0
164,7,x2,0110,0110,0101,-0.002315569669008255,-6.3898234367370605,6.387507867068052,0.9976973742915441,1,0
164,8,c03,0110,0111,0111,-1.5032047033309937,-0.2532046437263489,-1.2500000596046448,0.22241693057566256,0,0
165,1,c31,0100,0100,0000,-1.867957353591919,-2.2761101722717285,0.40815281867980957,0.15454847572871305,1,0
165,2,t123,0100,0100,0101,-0.2085561752319336,-2.0835561752319336,1.875,0.8118023006733415,1,0
165,3,x1,0000,0000,0110,-0.019356682896614075,-4.447844505310059,4.4284878224134445,0.9808787880589852,1,0
165,4,c01,0000,0000,1000,-0.00011372246808605269,-10.439898490905762,10.439784768437676,0.9998866635989863,1,0
165,5,s12,0000,0000,0100,-0.1962389051914215,-1.8056919574737549,1.6094530522823334,0.8218168893260459,1,0
165,6,t021,0000,0000,0100,-4.6967645175755024e-05,-10.125130653381348,10.125083685736172,0.9999531772315194,1,0
165,7,c02,0000,0000,0010,-0.0548873171210289,-2.9298880100250244,2.8750006929039955,0.946591843708525,1,0
165,8,t021,0000,0000,0100,-2.050387774943374e-05,-11.125105857849121,11.125085353971372,0.9999794723222308,1,0
166,1,c23,1111,1111,1110,-1.6897789239883423,-1.9397789239883423,0.25,0.18481236531698395,1,0
166,2,s12,1111,1011,1011,-1.52907395362854,-0.7923632860183716,-0.7367106676101685,0.2167423460938086,0,0
166,3,x0,0111,0111,1011,-0.22160248458385468,-2.6307544708251953,2.4091519862413406,0.8026898044888883,1,0
166,4,c12,0101,0101,0111,-0.12763123214244843,-2.645010232925415,2.5173790007829666,0.8802048141788169,1,0
166,5,s31,0101,0101,0001,-0.7811896800994873,-0.8036310076713562,0.022441327571868896,0.4578647607766657,1,0
166,6,s03,1100,0101,0101,-0.7643604278564453,-0.6994147896766663,-0.06494563817977905,0.4656548675978378,0,0
166,7,s23,1100,1110,1110,-0.9730243682861328,-0.6592379808425903,-0.3137863874435425,0.37794019032513815,0,0
166,8,x1,1000,1000,1110,-0.0032677254639565945,-6.9024882316589355,6.899220506194979,0.9967612027149625,1,0
167,1,c32,0011,0010,0010,-2.0781478881835938,-1.9531478881835938,-0.125,0.1253047433396491,0,0
167,2,s23,0011,0001,0001,-1.7071285247802734,-1.422973871231079,-0.28415465354919434,0.18139552886586494,0,0
167,3,s02,1001,0011,0011,-1.799484372138977,-0.659517765045166,-1.139966607093811,0.16538806138213585,0,0
167,4,t301,1101,1001,1001,-1.2673510313034058,-0.7064015865325928,-0.560949444770813,0.28158044840189106,0,0
167,5,c02,1111,1111,1100,-0.114216648042202,-3.376197576522827,3.261980928480625,0.8921286987744006,1,0
167,6,s20,1111,1111,0111,-0.7938511371612549,-1.0826548337936401,0.28880369663238525,0.45212044152699143,1,0
167,7,c13,1110,1110,1111,-0.09546000510454178,-2.4704601764678955,2.3750001713633537,0.9089734102220186,1,0
167,8,s21,1110,1011,1011,-1.2056021690368652,-1.0782735347747803,-0.12732863426208496,0.29951591648324916,0,0
168,1,c20,0011,1011,1011,-2.4253673553466797,-2.3194477558135986,-0.10591959953308105,0.08849861000519793,0,0
168,2,s02,1001,0011,0011,-2.0029447078704834,-0.9951725006103516,-1.0077722072601318,0.13494382897697144,0,0
168,3,t201,1001,1101,1101,-0.8993422985076904,-0.6857208609580994,-0.21362143754959106,0.40684773223648085,0,0
168,4,t302,1011,1011,1001,-0.5548639297485352,-0.9009179472923279,0.3460540175437927,0.5741596934278058,1,0
168,5,c21,1111,1111,1011,-0.12228570133447647,-2.466414451599121,2.3441287502646446,0.8849039122531266,1,0
168,6,s12,1111,1111,1011,-0.7657248973846436,-0.8609709143638611,0.09524601697921753,0.4650004014461806,1,0
168,7,c20,0111,0111,1111,-0.5236302614212036,-0.8985966444015503,0.3749663829803467,0.5923941956198013,1,0
168,8,t012,0111,0111,0101,-0.024338003247976303,-3.7741799354553223,3.749841932207346,0.9759565600105505,1,0
169,1,x3,0001,0001,0000,-1.2159128189086914,-2.2159128189086914,1.0,0.29699345742876415,1,0
169,2,t210,0001,0001,1001,-0.3490228056907654,-2.1272168159484863,1.778194010257721,0.7053994369333503,1,0
169,3,s01,0001,0001,1000,-0.48580268025398254,-1.4487966299057007,0.9629939496517181,0.6152221434940152,1,0
169,4,c12,0001,0011,0011,-1.4063429832458496,-0.28367865085601807,-1.1226643323898315,0.2450380095903345,0,0
169,5,c23,0001,0000,0000,-1.2243103981018066,-0.34931042790412903,-0.8749999701976776,0.29396051355387254,0,0
169,6,t130,0001,0001,1001,-0.0619821660220623,-2.8126871585845947,2.7507049925625324,0.9399051427947029,1,0
169,7,c31,0101,0101,0001,-0.1275026500225067,-2.5792553424835205,2.451752692461014,0.8802934947145082,1,0
169,8,s02,0101,0101,1100,-0.3851473927497864,-1.5927016735076904,1.207554280757904,0.6803545892105308,1,0
170,1,x1,0011,0011,0101,-1.9113317728042603,-2.2975900173187256,0.38625824451446533,0.14797619804438164,1,0
170,2,s13,0110,0011,0011,-1.4876691102981567,-1.348746657371521,-0.13892245292663574,0.2259125017486982,0,0
170,3,t231,0110,0110,0010,-0.5836039781570435,-1.1442310810089111,0.5606271028518677,0.557924810319342,1,0
170,4,s20,1100,0110,0110,-2.1328988075256348,-0.7311248183250427,-1.401773989200592,0.1185039562817947,0,0
170,5,s20,0110,1100,1100,-1.7726974487304688,-0.892097532749176,-0.8805999159812927,0.16988838193444566,0,0
170,6,s30,0110,0110,1110,-1.1290184259414673,-1.6719493865966797,0.5429309606552124,0.3233757431712691,1,0
170,7,t210,1110,0110,0110,-1.7111234664916992,-0.20207789540290833,-1.509045571088791,0.1806657554923643,0,0
170,8,s02,1110,0110,0110,-1.308631420135498,-1.0120289325714111,-0.2966024875640869,0.27019452791798054,0,0
171,1,t032,0001,0001,0011,-1.602717399597168,-2.0983529090881348,0.4956355094909668,0.20161862076407422,1,0
171,2,t201,0001,0001,0101,-0.1615525633096695,-2.307866096496582,2.1463135331869125,0.8508279213603245,1,0
171,3,c03,0001,0001,0000,-0.034095097333192825,-3.534095048904419,3.499999951571226,0.9664798986680366,1,0
171,4,t301,0001,0001,0101,-0.0580732524394989,-2.9376842975616455,2.8796110451221466,0.943582519623377,1,0
171,5,s13,0100,0100,0001,-0.14796295762062073,-2.0304598808288574,1.8824969232082367,0.8624633984090436,1,0
171,6,c20,0100,0100,1100,-0.5764117240905762,-0.8288728594779968,0.25246113538742065,0.5619515588660564,1,0
171,7,t201,0100,0100,0000,-0.005984099116176367,-5.137893199920654,5.131909100804478,0.9940339974910406,1,0
171,8,c03,0100,0100,0101,-0.5765432715415955,-0.8265432715415955,0.25,0.5618378214461253,1,0
172,1,c32,0000,0010,0010,-1.7332464456558228,-1.6878160238265991,-0.04543042182922363,0.17688931335127928,0,0
172,2,t203,0000,0000,0001,-0.15167298913002014,-2.901672840118408,2.749999850988388,0.8593386015263932,1,0
172,3,s12,0000,0000,0100,-0.11720232665538788,-2.2400426864624023,2.1228403598070145,0.8894113325311672,1,0
172,4,c30,0000,0000,1000,-0.20144273340702057,-1.7014275789260864,1.4999848455190659,0.8175576302307442,1,0
172,5,x0,1000,1000,0000,-0.05510358139872551,-2.9360532760620117,2.880949694663286,0.9465947619701536,1,0
172,6,x2,1010,1010,1100,-0.0011154187377542257,-7.4487128257751465,7.447597407037392,0.9988877440365292,1,0
172,7,s23,1001,1010,1010,-1.2651307582855225,-0.5484267473220825,-0.7167040109634399,0.28220324788218354,0,0
172,8,c23,1001,1000,1000,-0.9753286838531494,-0.4753286838531494,-0.5,0.37706952632683666,0,0
173,1,s03,0100,0100,0110,-1.9987902641296387,-2.411567449569702,0.4127771854400635,0.13560246527156755,1,0
173,2,s13,0001,0100,0100,-1.430652141571045,-1.275841236114502,-0.15481090545654297,0.23916649667977735,0,0
173,3,s03,1000,0001,0001,-1.6367419958114624,-1.5912749767303467,-0.04546701908111572,0.19465908959786413,0,0
173,4,c02,1010,1010,1000,-1.6023411750793457,-2.0414113998413086,0.4390702247619629,0.20161877823500354,1,0
173,5,x1,1110,1110,1000,-0.5413858890533447,-2.161149740219116,1.6197638511657715,0.581962802863044,1,0
173,6,s23,1101,1100,1100,-1.3651618957519531,-1.3651618957519531,0.0,0.2553613233987378,0,1
173,7,t301,1001,1001,1101,-0.6181508302688599,-1.2918367385864258,0.6736859083175659,0.5389708660797937,1,0
173,8,t013,1001,1001,1000,-0.4257795810699463,-1.3007795810699463,0.875,0.6532766102452595,1,0
174,1,t203,0010,0010,0011,-1.8438565731048584,-1.8438565731048584,0.0,0.15847533434703553,0,1
174,2,c02,0010,0000,0000,-1.181952714920044,-0.8578507900238037,-0.32410192489624023,0.3066888203946984,0,0
174,3,t230,0010,0010,1010,-0.48069486021995544,-0.9891612529754639,0.5084663927555084,0.6183792771561941,1,0
174,4,x2,0000,0000,1000,-0.003628754522651434,-7.364887237548828,7.361258483026177,0.9963836678607313,1,0
174,5,s30,0000,0000,1000,-0.31498005986213684,-1.3630752563476562,1.0480951964855194,0.7298422294105182,1,0
174,6,x1,0100,0100,0010,-0.0011989177437499166,-6.930953025817871,6.929754108074121,0.9988022829656439,1,0
174,7,x0,1100,1100,0100,-0.25335150957107544,-1.5333645343780518,1.2800130248069763,0.7762197075498007,1,0
174,8,s23,1100,1100,1110,-0.6796351671218872,-0.9382602572441101,0.2586250901222229,0.5068032057580704,1,0
175,1,s20,0001,0001,1000,-1.824347734451294,-2.301358699798584,0.47701096534729004,0.16142852198151847,1,0
175,2,c20,0001,0001,1001,-0.7447878122329712,-0.8385985493659973,0.09381073713302612,0.4748900890517713,1,0
175,3,t023,0001,0001,0000,-0.01084938645362854,-5.7608489990234375,5.749999612569809,0.9892394223383365,1,0
175,4,x1,0101,0101,0011,-0.0073070889338850975,-5.13983678817749,5.132529699243605,0.9927240173074439,1,0
175,5,t320,0101,0101,1101,-0.6934510469436646,-0.6949840784072876,0.0015330314636230469,0.4998589479853337,1,0
175,6,x2,0111,0111,0100,-0.004350234754383564,-5.512943744659424,5.50859350990504,0.9956756644334749,1,0
175,7,c21,0011,0011,0111,-0.11293531954288483,-2.23838472366333,2.1254494041204453,0.8932190742571344,1,0
175,8,t231,0111,0011,0011,-0.8278413414955139,-0.5759702324867249,-0.25187110900878906,0.43699171660230895,0,0
176,1,s02,1010,1010,1000,-1.9549978971481323,-2.2176673412323,0.2626694440841675,0.14163686367545356,1,0
176,2,x3,1011,1011,0011,-0.2785961329936981,-3.604094982147217,3.3254988491535187,0.7571698158092293,1,0
176,3,s12,1101,1011,1011,-1.224555253982544,-1.0868549346923828,-0.13770031929016113,0.2938953752843618,0,0
176,4,c31,1001,1001,1101,-0.5061759948730469,-1.0190435647964478,0.5128675699234009,0.6028016202802792,1,0
176,5,c32,1011,1011,1001,-0.3159847855567932,-1.7264080047607422,1.410423219203949,0.7290754658185622,1,0
176,6,x3,1010,1010,0010,-0.000345551990903914,-9.956378936767578,9.956033384776674,0.9996714307570939,1,0
176,7,t120,1010,1010,0010,-0.10345513373613358,-2.4339487552642822,2.3304936215281487,0.9017192260255612,1,0
176,8,t023,1011,1011,1010,-0.47466883063316345,-0.9746688604354858,0.5000000298023224,0.622092036460581,1,0
177,1,c23,0010,0010,0000,-1.5879716873168945,-2.3337810039520264,0.7458093166351318,0.2046432361817272,1,0
177,2,t123,0010,0010,0011,-0.17272262275218964,-2.422722578048706,2.2499999552965164,0.8413938198307888,1,0
177,3,x0,1010,1010,0010,-0.40605878829956055,-2.002279043197632,1.5962202548980713,0.6665340672530509,1,0
177,4,t213,1010,1010,1011,-0.4822724163532257,-0.9822724461555481,0.5000000298023224,0.6173813415329631,1,0
177,5,x1,1110,1110,1000,-0.0008900048560462892,-7.793936729431152,7.793046724575106,0.999111846311547,1,0
177,6,s12,1110,1110,1100,-0.38758301734924316,-2.1507136821746826,1.7631306648254395,0.6786965180114883,1,0
177,7,s32,1101,1100,1100,-1.6980371475219727,-0.8230370879173279,-0.8750000596046448,0.1830440390834894,0,0
177,8,t130,0101,1101,1101,-1.1502368450164795,-0.4017072319984436,-0.7485296130180359,0.3165679338319224,0,0
178,1,t123,1001,1001,1000,-1.6029627323150635,-1.8529627323150635,0.25,0.20167366719106963,1,0
178,2,t103,1001,1001,1000,-0.6492879986763,-0.8992879986763,0.25,0.5224416669732431,1,0
178,3,s01,0101,1001,1001,-0.8947948813438416,-0.6891589164733887,-0.20563596487045288,0.40872419269957266,0,0
178,4,s23,0110,0110,0111,-0.673509955406189,-1.4235098361968994,0.7499998807907104,0.5099181428401385,1,0
178,5,c03,0110,0110,0111,-0.6949154734611511,-0.6949154734611511,0.0,0.4991173947006617,0,1
178,6,t103,0110,0110,0111,-0.08925175666809082,-2.464251756668091,2.375,0.9146164636816345,1,0
178,7,s01,1010,1010,0110,-0.9932234287261963,-1.0566270351409912,0.06340360641479492,0.3703823256540649,1,0
178,8,t310,1010,1010,0010,-0.3214438259601593,-1.481233835220337,1.1597900092601776,0.7251037708487565,1,0
179,1,x1,0100,0010,0010,-1.6434894800186157,-1.6141541004180908,-0.029335379600524902,0.1934328623801214,0,0
179,2,c13,0101,0101,0100,-1.1730483770370483,-1.2980483770370483,0.125,0.3094571907428679,1,0
179,3,s03,1100,0101,0101,-2.1020774841308594,-1.5127372741699219,-0.5893402099609375,0.12221086965174828,0,0
179,4,x1,1000,1000,1001,-0.7195953726768494,-1.7195953130722046,0.9999999403953552,0.48695896279062106,1,0
179,5,t321,1000,1000,1100,-0.1862184703350067,-1.812943935394287,1.6267254650592804,0.8300963663656049,1,0
179,6,x2,1010,1010,1001,-0.003953719511628151,-6.015820503234863,6.011866783723235,0.9960574902017415,1,0
179,7,c30,1010,1010,0010,-0.47437584400177,-0.9835218191146851,0.509145975112915,0.622285819621396,1,0
179,8,t120,1010,1010,0010,-0.201651930809021,-1.7050763368606567,1.5034244060516357,0.8173869409457124,1,0
180,1,s13,0011,0011,0001,-2.2889106273651123,-2.288951873779297,4.124641418457031e-05,0.10141752886778917,1,0
180,2,t023,0011,0010,0010,-1.7871664762496948,-1.5371664762496948,-0.25,0.16751714024297945,0,0
180,3,x3,0010,0010,0011,-0.004260120913386345,-5.629260063171387,5.624999942258,0.9957934722435798,1,0
180,4,s03,0010,0010,1010,-0.3433402180671692,-1.9894624948501587,1.6461222767829895,0.7094525821978341,1,0
180,5,t302,0010,0010,0000,-0.013071679510176182,-4.547999858856201,4.534928179346025,0.9870154087401604,1,0
180,6,c20,1010,0010,0010,-0.6943246722221375,-0.6934143304824829,-0.000910341739654541,0.49947166283174965,0,0
180,7,c23,1011,1011,1010,-0.254515677690506,-1.504515528678894,1.249999850988388,0.7752997143529352,1,0
180,8,t213,1011,1011,1010,-0.3884894847869873,-1.1384894847869873,0.75,0.6780846357293527,1,0
181,1,t201,0111,0111,0011,-2.217524528503418,-2.383805513381958,0.16628098487854004,0.10892985994890184,1,0
181,2,t102,0111,0101,0101,-1.16264009475708,-0.650503396987915,-0.512136697769165,0.31269089255925514,0,0
181,3,x3,0110,0110,0000,-0.01130066066980362,-6.719524383544922,6.708223722875118,0.9887905029606497,1,0
181,4,s21,0110,0011,0011,-0.7929811477661133,-0.7376033067703247,-0.055377840995788574,0.45250631239704203,0,0
181,5,c03,0110,0111,0111,-0.8286317586898804,-0.5786317586898804,-0.25,0.43664724018797246,0,0
181,6,t102,0110,0110,0100,-0.22835096716880798,-1.6058945655822754,1.3775435984134674,0.7958486015786329,1,0
181,7,c31,0110,0010,0010,-1.912825584411621,-0.1731162965297699,-1.7397092878818512,0.1476683654041654,0,0
181,8,x2,0100,0100,0111,-0.0016588091384619474,-7.669638633728027,7.667979824589565,0.9984121284670142,1,0
182,1,t320,0011,1011,1011,-2.4860546588897705,-1.9938244819641113,-0.4922301769256592,0.08329204025450945,0,0
182,2,x2,0001,0001,0110,-1.2796087265014648,-1.8766074180603027,0.5969986915588379,0.27819524468460594,1,0
182,3,t032,0001,0001,0011,-0.2897067666053772,-1.4416370391845703,1.1519302725791931,0.7484860065067876,1,0
182,4,s30,1000,0001,0001,-1.270938515663147,-0.48427003622055054,-0.7866684794425964,0.2805811062625432,0,0
182,5,x3,1001,1001,1000,-0.02680061385035515,-3.7768003940582275,3.7499997802078724,0.9735695356299853,1,0
182,6,s03,1001,1001,0010,-0.960232138633728,-1.943874716758728,0.983642578125,0.38281096167621453,1,0
182,7,s30,1001,1001,0011,-0.7044525742530823,-1.870396614074707,1.1659440398216248,0.4943851542548869,1,0
182,8,s01,0101,1001,1001,-1.1681993007659912,-1.0804414749145508,-0.08775782585144043,0.31093621323677983,0,0
183,1,s31,0101,0101,0110,-2.179705858230591,-2.2934746742248535,0.1137688159942627,0.11315845281855853,1,0
183,2,t032,0101,0111,0111,-1.2535139322280884,-1.127382755279541,-0.12613117694854736,0.2855499350683497,0,0
183,3,x1,0001,0001,0111,-0.01601145602762699,-4.4357829093933105,4.4197714533656836,0.9841979659733228,1,0
183,4,s02,0001,0001,1001,-0.4856075048446655,-1.5932989120483398,1.1076914072036743,0.6153353051838761,1,0
183,5,s02,0001,0001,1000,-0.10035324096679688,-2.949490547180176,2.849137306213379,0.90451873869588,1,0
183,6,s30,1000,0001,0001,-1.2500249147415161,-0.38840150833129883,-0.8616234064102173,0.28651264625860945,0,0
183,7,s20,0010,1000,1000,-1.4382572174072266,-0.49337247014045715,-0.9448847472667694,0.23734369001205322,0,0
183,8,x2,0000,0000,0011,-0.02235538698732853,-3.9088199138641357,3.886464526876807,0.9778963672236666,1,0
184,1,s01,0110,0110,1010,-2.070751667022705,-2.097222328186035,0.026470661163330078,0.1261399860019747,1,0
184,2,t231,0110,0010,0010,-1.08772611618042,-0.9611048102378845,-0.1266213059425354,0.3370104485400592,0,0
184,3,s32,0101,0101,0110,-0.9511657953262329,-1.2814221382141113,0.3302563428878784,0.386310031283521,1,0
184,4,x0,1101,1101,1100,-0.06895239651203156,-2.9439523220062256,2.874999925494194,0.9345842614086345,1,0
184,5,s13,1101,1001,1001,-1.1588752269744873,-0.9850193858146667,-0.17385584115982056,0.31384624396713395,0,0
184,6,s23,1110,1110,1101,-0.35688281059265137,-1.4936281442642212,1.1367453336715698,0.6998619582076362,1,0
184,7,c03,1111,1111,1110,-0.04926365613937378,-3.0492634773254395,2.9999998211860657,0.9519578970405802,1,0
184,8,t132,1101,1101,1111,-0.20250652730464935,-1.757293701171875,1.5547871738672256,0.8167027500991515,1,0
185,1,s12,0000,0000,0100,-1.6768677234649658,-2.0110952854156494,0.3342275619506836,0.18703239100711866,1,0
185,2,x2,0010,0010,1000,-0.08079402148723602,-4.434314250946045,4.353520229458809,0.922460345637613,1,0
185,3,x3,0011,0011,0010,-0.00645039789378643,-6.256450176239014,6.249999778345227,0.9935799557718251,1,0
185,4,c23,0010,0010,0011,-0.31679561734199524,-1.3167957067489624,1.0000000894069672,0.7284834916009246,1,0
185,5,s21,0100,0010,0010,-1.1389858722686768,-1.100976824760437,-0.038009047508239746,0.320144691625649,0,0
185,6,s31,0001,0100,0100,-1.2044785022735596,-0.9287459254264832,-0.2757325768470764,0.29985261143114045,0,0
185,7,x2,0011,0011,0000,-0.13606664538383484,-2.546962022781372,2.4108953773975372,0.8727972694228745,1,0
185,8,t120,0011,0011,1011,-0.10994486510753632,-2.8271737098693848,2.7172288447618484,0.8959067368518935,1,0
186,1,x2,0101,0101,0100,-2.0699574947357178,-2.1949574947357178,0.125,0.12628325060297096,1,0
186,2,c03,0101,0100,0100,-1.445153832435608,-0.9451537132263184,-0.5000001192092896,0.2357391252462602,0,0
186,3,t130,1101,1101,0101,-0.7112511396408081,-0.8743852376937866,0.16313409805297852,0.49104913806938294,1,0
186,4,s10,1101,0101,0101,-1.170936942100525,-0.9144245386123657,-0.2565124034881592,0.31009469981187654,0,0
186,5,c32,1111,1111,1110,-0.12892398238182068,-2.6289238929748535,2.499999910593033,0.8790798116970714,1,0
186,6,c01,1011,1011,0111,-0.006656566169112921,-5.278538227081299,5.271881660912186,0.993376156829624,1,0
186,7,c13,1011,1010,1010,-2.5197696685791016,-0.1447696089744568,-2.3750000596046448,0.0804803179814113,0,0
186,8,x0,0011,0011,1111,-0.043210357427597046,-3.295123338699341,3.2519129812717438,0.9577149224647218,1,0
187,1,x1,0111,0001,0001,-2.365086078643799,-1.9604274034500122,-0.4046586751937866,0.09399915964124617,0,0
187,2,c32,0101,0101,0110,-0.6368770599365234,-2.1155683994293213,1.4786913394927979,0.5289979440281856,1,0
187,3,t310,1101,0101,0101,-0.9083880186080933,-0.5895681977272034,-0.3188198208808899,0.40318762286811205,0,0
187,4,t230,1101,1101,0101,-0.6970674395561218,-0.7294063568115234,0.03233891725540161,0.49809755518772264,1,0
187,5,c10,0101,0101,1101,-0.38830024003982544,-1.1372380256652832,0.7489377856254578,0.6782612308897693,1,0
187,6,c02,0101,0111,0111,-1.137525200843811,-0.39246290922164917,-0.7450622916221619,0.32061176441054196,0,0
187,7,s23,0110,0110,0101,-0.311562716960907,-1.7503479719161987,1.4387852549552917,0.7323049820148019,1,0
187,8,x0,1110,1110,0110,-0.1433349996805191,-2.033806085586548,1.8904710859060287,0.8665586030627837,1,0
188,1,c32,1000,1010,1010,-1.941044569015503,-1.9283719062805176,-0.012672662734985352,0.14387130901827422,0,0
188,2,t103,1000,1000,1001,-0.21690529584884644,-2.091905355453491,1.8750000596046448,0.805116700804996,1,0
188,3,t210,1000,1000,0000,-0.06528235226869583,-3.287421464920044,3.222139112651348,0.9368118797107903,1,0
188,4,s30,0001,1000,1000,-1.9130094051361084,-0.5802056789398193,-1.332803726196289,0.14764362075017323,0,0
188,5,t013,0001,0001,0000,-0.004272348713129759,-5.504271984100342,5.499999635387212,0.9957370844736556,1,0
188,6,c02,0001,0001,0011,-0.4288434386253357,-1.0634757280349731,0.6346322894096375,0.6512619416461645,1,0
188,7,s21,0001,0100,0100,-2.492079257965088,-0.16201072931289673,-2.330068528652191,0.08273777983085778,0,0
188,8,t210,0001,0001,1001,-0.008665898814797401,-4.764544486999512,4.755878588184714,0.991371706485758,1,0
189,1,c20,1101,1101,0101,-2.119422674179077,-2.2292041778564453,0.10978150367736816,0.1201856824939749,1,0
189,2,s20,0111,1101,1101,-2.841216564178467,-1.1952214241027832,-1.6459951400756836,0.058365336569412514,0,0
189,3,t210,1111,1111,0111,-0.6199557185173035,-0.8341066837310791,0.21415096521377563,0.5379976428719901,1,0
189,4,x1,1011,1011,0011,-0.014984977431595325,-4.757479667663574,4.742494690231979,0.9851390597098217,1,0
189,5,t013,1011,1010,1010,-1.145591139793396,-0.3955911695957184,-0.7499999701976776,0.3180397295003929,0,0
189,6,t031,1111,1111,1011,-0.14764255285263062,-2.0182993412017822,1.8706567883491516,0.8627400917957972,1,0
189,7,c21,1011,1011,1111,-0.22632110118865967,-1.8862029314041138,1.659881830215454,0.7974655354033848,1,0
189,8,x0,0011,0011,1111,-0.007968403398990631,-4.961737155914307,4.953768752515316,0.9922748272637529,1,0
190,1,x2,0001,0001,0000,-1.712244987487793,-1.962244987487793,0.25,0.1806524608562078,1,0
190,2,t013,0001,0001,0000,-0.5531297922134399,-1.30312979221344,0.75,0.5752139390319847,1,0
190,3,t120,0001,0001,1001,-0.16037531197071075,-1.9130746126174927,1.752699300646782,0.8518292568212508,1,0
190,4,t213,0001,0001,0000,-0.001023045857436955,-7.751022815704346,7.749999769846909,0.9989789944367705,1,0
190,5,t321,0001,0101,0101,-1.0538723468780518,-0.4296664893627167,-0.6242058575153351,0.34858569715199844,0,0
190,6,s31,0100,0100,0001,-0.2872059941291809,-1.412548303604126,1.125342309474945,0.7503578540486837,1,0
190,7,s30,0100,1100,1100,-1.1473902463912964,-0.47929874062538147,-0.6680915057659149,0.31747664346389576,0,0
190,8,x1,0000,0000,0100,-0.02368302457034588,-3.7803256511688232,3.7566426265984774,0.9769122280971803,1,0
191,1,t320,0100,0100,1100,-1.5242741107940674,-2.1952571868896484,0.670983076095581,0.21795972676737047,1,0
191,2,c23,0100,0101,0101,-1.0377349853515625,-0.5377349853515625,-0.5,0.3542913516435795,0,0
191,3,x0,1100,1100,0100,-0.029966160655021667,-4.474648475646973,4.444682314991951,0.9711446469511449,1,0
191,4,x0,0100,0100,1100,-0.14286233484745026,-2.113321304321289,1.9704589694738388,0.8668839843592054,1,0
191,5,c01,0100,0100,0000,-0.01300982665270567,-4.430180072784424,4.417170246131718,0.9870751443408412,1,0
191,6,s23,0100,0100,0110,-0.4193113446235657,-1.1666077375411987,0.7472963929176331,0.6575021512586204,1,0
191,7,c23,0100,0101,0101,-1.3135432004928589,-0.3135431408882141,-1.0000000596046448,0.26886593963789573,0,0
191,8,c13,0101,0101,0100,-0.22621476650238037,-1.6012147665023804,1.375,0.7975487159284623,1,0
192,1,t123,1101,1100,1100,-1.972874402999878,-1.847874402999878,-0.125,0.13916828032874162,0,0
192,2,c03,1100,1100,1110,-0.16335926949977875,-3.59167742729187,3.4283181577920914,0.8493316794708854,1,0
192,3,s20,0110,1100,1100,-1.4547244310379028,-0.7855019569396973,-0.6692224740982056,0.23349225779261096,0,0
192,4,c31,0110,0010,0010,-1.3833532333374023,-0.5564473271369934,-0.8269059062004089,0.250739018997261,0,0
192,5,x1,0010,0010,0110,-0.008908554911613464,-4.972666263580322,4.963757708668709,0.9911613838494147,1,0
192,6,t312,0010,0010,0001,-0.017138630151748657,-4.718020439147949,4.700881808996201,0.9830081858156491,1,0
192,7,t123,0010,0010,0011,-0.0012763045961037278,-6.876276016235352,6.874999711639248,0.9987245291613325,1,0
192,8,t123,0010,0010,0000,-0.007044228259474039,-5.639533996582031,5.632489768322557,0.9929809885765845,1,0
193,1,s23,0010,0010,0001,-1.8941757678985596,-1.9960602521896362,0.10188448429107666,0.150613476710798,1,0
193,2,c01,0010,0010,0000,-1.1678228378295898,-2.1812405586242676,1.0134177207946777,0.3111276835311314,1,0
193,3,t130,0010,0010,1010,-0.16147328913211823,-1.9114768505096436,1.7500035613775253,0.8508974023005403,1,0
193,4,t230,0010,0010,1010,-0.1269698441028595,-2.1278207302093506,2.000850886106491,0.8807789776341314,1,0
193,5,t031,0010,0010,0110,-0.023301342502236366,-3.7982406616210938,3.7749393191188574,0.9769692591357483,1,0
193,6,t032,0010,0010,0000,-0.00875613559037447,-4.796780586242676,4.788024450652301,0.9912834098745359,1,0
193,7,s21,0100,0010,0010,-1.22114896774292,-0.7667737007141113,-0.4543752670288086,0.29489224702208267,0,0
193,8,c12,0110,0100,0100,-1.1385998725891113,-0.38888683915138245,-0.7497130334377289,0.3202686231264777,0,0
194,1,t231,1001,1001,1100,-1.8380792140960693,-2.422602415084839,0.5845232009887695,0.15928695167278636,1,0
194,2,c31,1101,1101,1100,-0.7796608805656433,-1.2796608209609985,0.4999999403953552,0.4585717547254756,1,0
194,3,t302,1111,1111,1101,-0.13338789343833923,-2.249458074569702,2.116070181131363,0.8751681835987405,1,0
194,4,t013,1110,1110,1111,-0.21082529425621033,-1.7108253240585327,1.5000000298023224,0.8099300939341983,1,0
194,5,t032,1110,1100,1100,-0.9977602362632751,-0.48212018609046936,-0.5156400501728058,0.3687176219134596,0,0
194,6,s12,1110,1110,1011,-0.8744825124740601,-1.1307566165924072,0.25627410411834717,0.41708409176425015,1,0
194,7,s31,1011,1110,1110,-1.1208528280258179,-0.4885348081588745,-0.6323180198669434,0.326005443093672,0,0
194,8,t032,1001,1011,1011,-2.81742787361145,-0.08578531444072723,-2.731642559170723,0.059759572842394054,0,0
195,1,c01,1000,1000,1110,-2.0286483764648438,-2.2737433910369873,0.24509501457214355,0.13159424971385633,1,0
195,2,c20,1000,1000,0000,-0.7068397402763367,-0.8468807339668274,0.14004099369049072,0.4932226742541954,1,0
195,3,t230,1000,1000,0000,-0.20170557498931885,-1.714772343635559,1.5130667686462402,0.8173446865728824,1,0
195,4,c02,1010,1010,1000,-0.07195881754159927,-2.697749614715576,2.625790797173977,0.9305881172772033,1,0
195,5,s10,0110,1010,1010,-1.5246005058288574,-0.8267163634300232,-0.6978841423988342,0.2177371704102245,0,0
195,6,x2,0100,0100,0010,-0.002590716350823641,-6.968798637390137,6.966207921039313,0.9974282019973042,1,0
195,7,x0,1100,1100,0100,-0.03010256588459015,-3.5373952388763428,3.5072926729917526,0.970471861058754,1,0
195,8,x2,1110,1110,0110,-0.005746185313910246,-6.365795612335205,6.360049427021295,0.9942823295147132,1,0
196,1,s30,0010,0010,0001,-1.9748648405075073,-2.3995702266693115,0.4247053861618042,0.13884908809310595,1,0
196,2,t321,0010,0010,0110,-0.6074588894844055,-1.7643365859985352,1.1568776965141296,0.5447813697257904,1,0
196,3,s23,0001,0010,0010,-1.036225438117981,-0.6415672302246094,-0.3946582078933716,0.3548286868829285,0,0
196,4,t301,0001,0001,0101,-0.09064196795225143,-2.8137338161468506,2.723091848194599,0.9133504571521146,1,0
196,5,s03,1000,0001,0001,-0.7853894829750061,-0.6966365575790405,-0.08875292539596558,0.4559629644137139,0,0
196,6,c01,1100,1100,1000,-0.00871215108782053,-4.7687273025512695,4.760015151463449,0.9913281337356432,1,0
196,7,x2,1110,1110,1101,-0.0003939551243092865,-8.600948333740234,8.600554378615925,0.9996204373095247,1,0
196,8,x2,1100,1100,1111,-0.003079646499827504,-6.59528112411499,6.592201477615163,0.9969435477570304,1,0
197,1,s13,0101,0101,0010,-2.213890314102173,-2.4934558868408203,0.27956557273864746,0.10933655723937205,1,0
197,2,t120,0101,0101,1101,-0.7759795784950256,-1.241438865661621,0.46545928716659546,0.46031686353007,1,0
197,3,c01,0101,0101,0001,-0.14638273417949677,-2.0295541286468506,1.8831713944673538,0.8638288837919534,1,0
197,4,t103,0101,0101,0100,-0.3506467044353485,-1.225646734237671,0.8750000298023224,0.7042361253741138,1,0
197,5,t123,0101,0101,0100,-0.08944853395223618,-2.4644486904144287,2.3750001564621925,0.9144374818573565,1,0
197,6,t120,0101,0101,1101,-0.5759731531143188,-0.8279648423194885,0.2519916892051697,0.5621628213165235,1,0
197,7,s02,0101,0101,1100,-0.9089759588241577,-0.946203887462616,0.03722792863845825,0.4029413552190894,1,0
197,8,c32,0111,0111,0101,-0.052262935787439346,-3.0491507053375244,2.996887769550085,0.9490993659164695,1,0
198,1,c10,1111,0111,0111,-2.316190719604492,-2.198334217071533,-0.11785650253295898,0.09868835190057546,0,0
198,2,t230,0111,0111,1111,-0.5046502947807312,-0.9937489628791809,0.4890986680984497,0.6037947273152777,1,0
198,3,c21,0011,0011,0111,-0.33072060346603394,-1.3359071016311646,1.0051864981651306,0.7184622291864533,1,0
198,4,c21,0111,0111,0011,-0.08707313239574432,-2.5835764408111572,2.496503308415413,0.9166120805380051,1,0
198,5,s10,1011,0111,0111,-1.0806188583374023,-0.980087161064148,-0.1005316972732544,0.3394029951492494,0,0
198,6,x2,1001,1001,1110,-0.016795111820101738,-4.378213405609131,4.361418293789029,0.9833568781002124,1,0
198,7,x1,1101,1101,1100,-0.0015272276941686869,-7.251527309417725,7.250000081723556,0.99847452725501,1,0
198,8,x1,1001,1001,0101,-0.0252095814794302,-3.9338552951812744,3.908645713701844,0.9751070667502624,1,0
199,1,t301,0110,0110,0010,-1.6891810894012451,-2.538949966430664,0.849768877029419,0.18476868952452233,1,0
199,2,x3,0111,0111,0000,-0.056111179292201996,-4.8958353996276855,4.8397242203354836,0.945530564615224,1,0
199,3,c02,0111,0101,0101,-1.4683310985565186,-0.30448099970817566,-1.163850098848343,0.2303191389555073,0,0
199,4,c21,0011,0011,0111,-0.13191360235214233,-2.1389033794403076,2.0069897770881653,0.8764511262233536,1,0
199,5,x2,0001,0001,0111,-0.0010672382777556777,-7.566935062408447,7.565867824130692,0.9989337355629597,1,0
199,6,c21,0001,0101,0101,-2.931276798248291,-0.05558887496590614,-2.875687923282385,0.053328967516256744,0,0
199,7,s03,1000,0001,0001,-0.8886573910713196,-0.5789135098457336,-0.30974388122558594,0.41121868307802995,0,0
199,8,x1,1100,1100,1101,-0.0018680505454540253,-6.876867771148682,6.874999720603228,0.9981342847770102,1,0
200,1,x2,0111,0111,0100,-1.907936692237854,-2.356231212615967,0.4482945203781128,0.14854707075674364,1,0
200,2,x2,0101,0101,0110,-0.15339592099189758,-3.1555798053741455,3.002183884382248,0.8578281442509451,1,0
200,3,x3,0100,0100,0000,-0.06238992512226105,-4.0433478355407715,3.9809579104185104,0.9395374528520517,1,0
200,4,s30,0100,0100,1100,-0.7229236364364624,-1.1745312213897705,0.4516075849533081,0.4853730758029681,1,0
200,5,c32,0100,0110,0110,-1.0560128688812256,-0.430938720703125,-0.6250741481781006,0.34784440420253226,0,0
200,6,c01,0100,0100,0000,-0.03850463777780533,-3.546738624572754,3.5082339867949486,0.9622306985777196,1,0
200,7,x2,0110,0110,0101,-0.0016550278523936868,-6.563610553741455,6.561955525889061,0.9983530206119758,1,0
200,8,x3,0111,0111,0110,-0.0007090164581313729,-7.50070858001709,7.4999995635589585,0.9992926753925815,1,0
201,1,x2,0101,0101,0100,-1.9748684167861938,-2.2248682975769043,0.24999988079071045,0.13888972476776262,1,0
201,2,x0,1101,1101,1001,-1.0854034423828125,-2.3853249549865723,1.2999215126037598,0.3378031688437098,1,0
201,3,x2,1111,1111,1110,-0.025082018226385117,-4.775082111358643,4.7500000931322575,0.9752463446491308,1,0
201,4,x2,1101,1101,0101,-0.0010276427492499352,-8.521265029907227,8.520237387157977,0.9989828990297597,1,0
201,5,c32,1111,1111,1110,-0.21870633959770203,-1.8437063694000244,1.6250000298023224,0.8035825427130007,1,0
201,6,t230,0111,0111,1111,-0.6948298215866089,-0.6948330402374268,3.2186508178710938e-06,0.49919404960511876,1,0
201,7,s20,1101,1111,1111,-2.5526552200317383,-0.6265617609024048,-1.9260934591293335,0.07787816779428634,0,0
201,8,s20,0111,1101,1101,-1.5619838237762451,-0.5309228897094727,-1.0310609340667725,0.20972197635061327,0,0
202,1,t301,1011,1111,1111,-2.3615734577178955,-2.047435760498047,-0.31413769721984863,0.09430677514902377,0,0
202,2,x3,1010,1010,1110,-0.24050749838352203,-3.6570160388946533,3.4165085405111313,0.7863096397138619,1,0
202,3,s10,0110,1010,1010,-1.4344611167907715,-0.5834936499595642,-0.8509674668312073,0.23826388840845006,0,0
202,4,x3,0111,0111,0110,-0.004063452128320932,-6.629063606262207,6.625000154133886,0.9959449420541259,1,0
202,5,c03,0111,0110,0110,-1.1388541460037231,-0.38885417580604553,-0.7499999701976776,0.3201863008548078,0,0
202,6,t312,0101,0101,0111,-0.31686127185821533,-1.3219369649887085,1.0050756931304932,0.7284393985406074,1,0
202,7,s02,0101,0101,1100,-1.0756546258926392,-1.1799886226654053,0.10433399677276611,0.3410858786802468,1,0
202,8,c31,0001,0001,0011,-0.4126620888710022,-1.6803241968154907,1.2676621079444885,0.6618956887217733,1,0
203,1,x0,1000,1000,0010,-1.9790631532669067,-2.258981943130493,0.2799187898635864,0.13831542351184198,1,0
203,2,s20,0010,1000,1000,-1.9903123378753662,-0.9406472444534302,-1.049665093421936,0.1366649660272534,0,0
203,3,x2,0000,0000,0011,-0.3583301305770874,-2.077514410018921,1.7191842794418335,0.6988961352076374,1,0
203,4,x1,0100,0100,0000,-0.20264053344726562,-1.9862208366394043,1.7835803031921387,0.8165812647128379,1,0
203,5,t023,0100,0100,0110,-0.007747913710772991,-6.280283451080322,6.272535537369549,0.992287059698498,1,0
203,6,x0,1100,1100,0100,-0.12689290940761566,-2.701967477798462,2.5750745683908463,0.880935343713112,1,0
203,7,s31,1001,1100,1100,-1.420169711112976,-0.7739703059196472,-0.6461994051933289,0.24167541793185726,0,0
203,8,x3,1000,1000,1001,-0.020049424842000008,-4.145049571990967,4.125000147148967,0.9801566320146351,1,0
204,1,x2,0010,0010,0001,-1.2889988422393799,-2.0895192623138428,0.8005204200744629,0.27584271991310727,1,0
204,2,t320,0010,0010,1010,-0.5495586395263672,-1.3202933073043823,0.7707346677780151,0.5772390654572617,1,0
204,3,x0,1010,1010,0010,-0.1282467395067215,-2.8850674629211426,2.756820723414421,0.8798506836083279,1,0
204,4,x2,1000,1000,0000,-0.0015833242796361446,-8.124987602233887,8.12340427795425,0.9984297483912669,1,0
204,5,t301,1000,1000,1100,-0.10066793113946915,-2.3506784439086914,2.2500105127692223,0.9042338265610823,1,0
204,6,c32,1000,1000,1010,-0.3881674110889435,-1.1370161771774292,0.7488487660884857,0.6782992011517684,1,0
204,7,c03,1001,1001,1000,-0.016132691875100136,-4.141132354736328,4.124999662861228,0.983999358823815,1,0
204,8,s02,0011,1001,1001,-0.9989242553710938,-0.8491542339324951,-0.14977002143859863,0.3682777998842775,0,0
205,1,t023,0100,0100,0101,-1.8249716758728027,-2.0749716758728027,0.25,0.16150556261213844,1,0
205,2,t012,0100,0100,0110,-0.17249740660190582,-2.4453125,2.272815093398094,0.8415906482571046,1,0
205,3,c03,0100,0100,0101,-0.030361540615558624,-3.7803614139556885,3.74999987334013,0.9700984074336259,1,0
205,4,t021,0100,0100,0000,-0.021389909088611603,-3.9784882068634033,3.9570982977747917,0.9788404198578676,1,0
205,5,c20,0100,1100,1100,-1.1376891136169434,-0.38865625858306885,-0.7490328550338745,0.32058029067507243,0,0
205,6,s01,1000,0100,0100,-1.1534459590911865,-0.5920469164848328,-0.5613990426063538,0.3155577287854531,0,0
205,7,t320,1000,1000,0000,-0.25418907403945923,-1.840553641319275,1.5863645672798157,0.7755653865296908,1,0
205,8,t132,1000,1000,1010,-0.11449167877435684,-2.2394676208496094,2.1249759420752525,0.8918217022847073,1,0
206,1,t102,0000,0000,0010,-1.2919026613235474,-1.8883976936340332,0.5964950323104858,0.2750223011404329,1,0
206,2,s01,0000,0000,1000,-0.3303214907646179,-1.3623746633529663,1.0320531725883484,0.7187227792599599,1,0
206,3,t210,0000,0000,1000,-0.014203248545527458,-4.264193058013916,4.249989809468389,0.9858983585369065,1,0
206,4,t103,0000,0000,0001,-0.0017550914781168103,-7.126755237579346,7.125000146101229,0.9982499205116557,1,0
206,5,t203,0000,0000,0001,-0.000697928830049932,-7.500697612762451,7.499999683932401,0.9993030849963862,1,0
206,6,t321,0000,0000,0100,-0.009925171732902527,-4.634922504425049,4.624997332692146,0.9901248530061987,1,0
206,7,x2,0010,0010,0100,-0.00012182877981103957,-9.875744819641113,9.875622990861302,0.9998886497793089,1,0
206,8,x0,1010,1010,0110,-0.07062370330095291,-2.738992929458618,2.6683692261576653,0.9320396640323422,1,0
207,1,x0,1101,1101,1001,-2.3803486824035645,-2.421417236328125,0.04106855392456055,0.09256475731065199,1,0
207,2,x3,1100,1100,1110,-0.3853793144226074,-2.4081599712371826,2.022780656814575,0.6803920471787206,1,0
207,3,s32,1100,1110,1110,-1.2842535972595215,-0.45354533195495605,-0.8307082653045654,0.2768648034031869,0,0
207,4,c30,1100,0100,0100,-0.8271896243095398,-0.5907252430915833,-0.23646438121795654,0.4373167409763196,0,0
207,5,s10,1100,0100,0100,-1.216508388519287,-0.7894362807273865,-0.42707210779190063,0.29639732193676327,0,0
207,6,s03,0101,1100,1100,-1.5119292736053467,-0.7109906077384949,-0.8009386658668518,0.22049156979644363,0,0
207,7,s30,1100,1100,0101,-1.0042552947998047,-1.0059783458709717,0.0017230510711669922,0.3663358167522209,1,0
207,8,x0,0100,0100,1100,-0.08169622719287872,-3.139559268951416,3.0578630417585373,0.9215811439096947,1,0
208,1,s23,0000,0000,0001,-1.896594762802124,-1.896594762802124,0.0,0.15024892553531705,0,1
208,2,t213,0000,0000,0001,-0.14306668937206268,-3.268066644668579,3.1249999552965164,0.8667801134653038,1,0
208,3,t203,0000,0000,1000,-0.0011543466243892908,-8.091907501220703,8.090753154596314,0.9988480390320117,1,0
208,4,t312,0000,0000,0010,-0.0008383303647860885,-7.500912666320801,7.500074335956015,0.9991640506862941,1,0
208,5,s21,0000,0000,0100,-0.18262340128421783,-1.806520700454712,1.623897299170494,0.8330826435277822,1,0
208,6,c20,0000,0000,1000,-0.25194206833839417,-1.5019406080245972,1.249998539686203,0.7772977850839672,1,0
208,7,x2,0010,0010,0001,-3.2305408240063116e-05,-11.224109649658203,11.224077344249963,0.9999702198669822,1,0
208,8,s30,0010,0010,1010,-0.3280308246612549,-2.279298782348633,1.951267957687378,0.7203532461879516,1,0
209,1,c20,1111,1111,0111,-2.368556499481201,-2.5346310138702393,0.16607451438903809,0.09366314077140561,1,0
209,2,s01,1111,0111,0111,-1.1471564769744873,-1.0369197130203247,-0.1102367639541626,0.31757904230540157,0,0
209,3,s20,1111,0111,0111,-0.9718940854072571,-0.9155884981155396,-0.05630558729171753,0.37840646349823426,0,0
209,4,x1,1011,1011,0110,-0.004662992432713509,-7.28857421875,7.2839112263172865,0.9953518340366878,1,0
209,5,c10,1011,0011,0011,-1.1457493305206299,-0.43004053831100464,-0.7157087922096252,0.31800281128972463,0,0
209,6,c10,1011,0011,0011,-0.9742281436920166,-0.47637104988098145,-0.49785709381103516,0.37750147330495143,0,0
209,7,t310,1011,1011,0011,-0.47533395886421204,-0.9948182106018066,0.5194842517375946,0.6216917600898936,1,0
209,8,s12,1101,1011,1011,-1.359554648399353,-1.0397801399230957,-0.3197745084762573,0.2567829711172021,0,0
210,1,t230,1011,0011,0011,-2.736053228378296,-1.8244044780731201,-0.9116487503051758,0.06488342606591836,0,0
210,2,s30,1011,1011,0011,-1.6815755367279053,-2.307751178741455,0.6261756420135498,0.1861058836824087,1,0
210,3,t032,1001,1001,1011,-0.6709651947021484,-1.4118459224700928,0.7408807277679443,0.5112849512570898,1,0
210,4,x3,1000,1000,0010,-0.04091503098607063,-5.273383617401123,5.232468586415052,0.9599449671883468,1,0
210,5,s20,0010,1000,1000,-1.671720266342163,-0.9072023630142212,-0.7645179033279419,0.1879265146757786,0,0
210,6,t230,0010,0010,1010,-0.7291805148124695,-0.979951024055481,0.2507705092430115,0.4823809166431539,1,0
210,7,s01,0010,0010,1000,-0.8443231582641602,-0.9746288657188416,0.1303057074546814,0.4298509802705243,1,0
210,8,s03,0010,0010,1000,-0.7817496657371521,-1.7726130485534668,0.9908633828163147,0.4576111834571232,1,0
211,1,s02,1011,1011,1001,-2.4779882431030273,-2.4780197143554688,3.147125244140625e-05,0.08396008741039,1,0
211,2,t021,1111,1011,1011,-1.7746212482452393,-1.3787739276885986,-0.3958473205566406,0.16956760479462119,0,0
211,3,s30,1111,1111,0111,-0.881546139717102,-1.5844759941101074,0.7029298543930054,0.4141887929840808,1,0
211,4,t321,1011,1011,1111,-0.31628647446632385,-1.3502144813537598,1.033928006887436,0.7288709238691723,1,0
211,5,t023,1010,1010,1011,-0.3512580990791321,-1.2262581586837769,0.8750000596046448,0.7038190974727841,1,0
211,6,c21,1110,1110,1010,-0.13847137987613678,-2.1384711265563965,1.9999997466802597,0.8706897274866221,1,0
211,7,x3,1111,1111,1110,-0.0005999984568916261,-7.7505998611450195,7.749999862688128,0.9994032636534076,1,0
211,8,t310,0111,0111,1111,-0.5793830752372742,-0.8330947160720825,0.25371164083480835,0.5602640532068263,1,0
212,1,t031,0111,0111,0101,-2.323256492614746,-2.3992137908935547,0.0759572982788086,0.09801043101364502,1,0
212,2,t310,1111,0111,0111,-0.7219390869140625,-0.7100427150726318,-0.011896371841430664,0.4858458426408974,0,0
212,3,t130,0111,0111,1111,-0.4745747447013855,-0.9753608107566833,0.5007860660552979,0.6221822723354218,1,0
212,4,c01,0111,0111,0011,-0.04492586851119995,-3.6700079441070557,3.6250820755958557,0.9560688891626701,1,0
212,5,s20,1101,0111,0111,-1.7206556797027588,-0.9853754043579102,-0.7352802753448486,0.17895398933062343,0,0
212,6,t312,1111,1111,1101,-0.05417173355817795,-3.0517427921295166,2.9975710585713387,0.9472832234046471,1,0
212,7,x2,1101,1101,0101,-0.015750190243124962,-6.785124778747559,6.769374588504434,0.9979823820586441,1,0
212,8,t023,1101,1100,1100,-1.4154759645462036,-0.2904760241508484,-1.1249999403953552,0.24281099254131383,0,0
213,1,t301,0001,0001,0010,-1.4130866527557373,-2.543755292892456,1.1306686401367188,0.24360463232322843,1,0
213,2,t103,0001,0001,0000,-0.05392784625291824,-3.8039278984069824,3.750000052154064,0.947529046924004,1,0
213,3,c13,0001,0000,0000,-0.9745103716850281,-0.4745103716850281,-0.5,0.37737737764076057,0,0
213,4,x3,0000,0000,0011,-4.303403329686262e-05,-10.626969337463379,10.626926303430082,0.9999587084004015,1,0
213,5,x1,0100,0100,0010,-0.004107129760086536,-5.505211353302002,5.501104223541915,0.9959046206650147,1,0
213,6,x0,1100,1100,0100,-0.039327338337898254,-3.2911527156829834,3.251825377345085,0.9622555649321533,1,0
213,7,t120,1100,1100,0100,-0.2520096004009247,-1.5042649507522583,1.2522553503513336,0.7772512091068206,1,0
213,8,t231,1100,1100,1000,-0.10079251229763031,-2.3537514209747314,2.252958908677101,0.9041250969808321,1,0
214,1,t320,0110,0110,1110,-1.9075875282287598,-2.4401440620422363,0.5325565338134766,0.1485368288132341,1,0
214,2,c31,0110,0010,0010,-1.4204670190811157,-0.5431159734725952,-0.8773510456085205,0.24162956607665056,0,0
214,3,x0,1110,1110,0110,-0.043366532772779465,-3.546675443649292,3.5033089108765125,0.959795100742438,1,0
214,4,s02,1110,1110,0110,-0.9549117684364319,-1.279522180557251,0.3246104121208191,0.3848712301851861,1,0
214,5,t031,1110,1010,1010,-0.8278437256813049,-0.5902543067932129,-0.23758941888809204,0.43699487348090826,0,0
214,6,c10,0110,0110,1110,-0.3139035105705261,-1.313684105873108,0.9997805953025818,0.7306357465576983,1,0
214,7,c21,0010,0010,0110,-0.6671915650367737,-0.7611877918243408,0.09399622678756714,0.5131509939736585,1,0
214,8,c20,1010,1010,0010,-0.4743749499320984,-0.9747177362442017,0.5003427863121033,0.6223249904872001,1,0
215,1,t021,0011,0011,0001,-1.9414337873458862,-2.187309741973877,0.24587595462799072,0.14359985118035137,1,0
215,2,s03,1010,0011,0011,-2.270094156265259,-0.7169215083122253,-1.5531726479530334,0.1033079305952169,0,0
215,3,c12,1010,1000,1000,-1.6532869338989258,-0.5738734006881714,-1.0794135332107544,0.19142718326688465,0,0
215,4,c10,1010,0010,0010,-0.8262765407562256,-0.5777350068092346,-0.24854153394699097,0.4376853365761286,0,0
215,5,t123,1010,1011,1011,-0.7589563727378845,-0.6339563727378845,-0.125,0.4681577017583183,0,0
215,6,t213,1010,1010,1011,-0.011640847660601139,-4.511640548706055,4.4999997010454535,0.9884295042197233,1,0
215,7,x0,0010,0010,1110,-0.0065144686959683895,-5.633683681488037,5.627169212792069,0.9938408392462513,1,0
215,8,t032,0010,0010,0001,-0.005598023999482393,-5.729516506195068,5.723918482195586,0.9944179501761286,1,0
216,1,s10,1010,0110,0110,-2.7294254302978516,-1.9799938201904297,-0.7494316101074219,0.06528661786451065,0,0
216,2,s30,0011,1010,1010,-2.720132350921631,-2.2888243198394775,-0.4313080310821533,0.06588571047018853,0,0
216,3,t320,1011,0011,0011,-2.909478187561035,-2.2887818813323975,-0.6206963062286377,0.05452074825829672,0,0
216,4,s12,1101,1011,1011,-1.926909327507019,-1.7125307321548462,-0.21437859535217285,0.14561931750353316,0,0
216,5,x1,1001,1001,1011,-0.23983775079250336,-2.1509153842926025,1.9110776335000992,0.7867738845681618,1,0
216,6,t123,1001,1001,1000,-0.258527934551239,-1.6335279941558838,1.3750000596046448,0.7722067237561087,1,0
216,7,c13,1001,1000,1000,-1.3143882751464844,-0.31438833475112915,-0.9999999403953552,0.26863975064171075,0,0
216,8,t023,1001,1001,1000,-0.012662151828408241,-4.387661933898926,4.3749997820705175,0.9874178273059218,1,0
217,1,s10,1101,1101,0101,-2.0963315963745117,-2.186953067779541,0.0906214714050293,0.12295870380793573,1,0
217,2,c32,1111,1111,1110,-1.2510967254638672,-1.5010967254638672,0.25,0.28628914321783533,1,0
217,3,t320,0111,0111,1111,-0.5979400277137756,-0.8320986032485962,0.23415857553482056,0.5499920019236088,1,0
217,4,x1,0011,0011,1101,-0.01329418458044529,-5.518879413604736,5.505585229024291,0.9876710564443504,1,0
217,5,c21,0111,0111,0011,-0.09242158383131027,-2.4644176959991455,2.3719961121678352,0.9117215186474711,1,0
217,6,s20,1101,1111,1111,-2.2687149047851562,-0.8785234689712524,-1.3901914358139038,0.10344970534864545,0,0
217,7,x1,1001,1001,1011,-0.0011747527169063687,-7.376338481903076,7.37516372918617,0.9988331209301954,1,0
217,8,x0,0001,0001,1001,-0.058311887085437775,-2.939488649368286,2.8811767622828484,0.9433956723665586,1,0
218,1,s03,1010,0011,0011,-3.0016489028930664,-2.3764586448669434,-0.625190258026123,0.049747803454050596,0,0
218,2,x0,0010,0000,0000,-2.565993309020996,-2.4261159896850586,-0.1398773193359375,0.07693254509890607,0,0
218,3,t123,0010,0010,0011,-0.5026916265487671,-1.6276917457580566,1.1250001192092896,0.6049552303054555,1,0
218,4,c01,0010,0010,0110,-0.010136576369404793,-5.067463397979736,5.0573268216103315,0.9899183692488271,1,0
218,5,s02,1000,0010,0010,-1.3879114389419556,-0.7287687063217163,-0.6591427326202393,0.24960704958962723,0,0
218,6,s01,0100,1000,1000,-1.3318926095962524,-0.627212643623352,-0.7046799659729004,0.26398107499659823,0,0
218,7,s20,0100,0100,1100,-0.6678184866905212,-1.3343446254730225,0.6665261387825012,0.5128720980220232,1,0
218,8,c31,0100,0000,0000,-1.313550353050232,-0.3638763725757599,-0.949673980474472,0.2688652641583715,0,0
219,1,t310,0010,0010,1010,-1.378757357597351,-2.2075035572052,0.8287461996078491,0.2520341126108349,1,0
219,2,x2,0000,0000,0011,-0.08332599699497223,-3.137637138366699,3.054311141371727,0.9201076582940706,1,0
219,3,x1,0100,0100,0010,-0.013433362357318401,-4.736875534057617,4.723442171700299,0.9866662840863565,1,0
219,4,s32,0100,0100,0110,-0.27980825304985046,-1.522597074508667,1.2427888214588165,0.7559304658963438,1,0
219,5,c23,0100,0101,0101,-1.1374956369400024,-0.38749560713768005,-0.7500000298023224,0.3206214084204935,0,0
219,6,x2,0110,0110,0101,-0.001893866341561079,-6.507126331329346,6.505232464987785,0.9981095393502475,1,0
219,7,c30,0110,1110,1110,-0.8261500597000122,-0.5785764455795288,-0.2475736141204834,0.4377625197797882,0,0
219,8,s21,0110,0011,0011,-0.9880757927894592,-0.7072418928146362,-0.280833899974823,0.3722947282536492,0,0
220,1,s30,1100,0101,0101,-2.60679292678833,-2.266622543334961,-0.34017038345336914,0.07379807938861944,0,0
220,2,x1,1000,1000,1001,-1.974592685699463,-2.224592685699463,0.25,0.13885833729358668,1,0
220,3,x1,1100,1100,1010,-0.3433818221092224,-1.8301103115081787,1.4867284893989563,0.709378390128406,1,0
220,4,x2,1110,1110,1101,-0.01652418076992035,-4.393157958984375,4.376633778214455,0.9836244294836749,1,0
220,5,c02,1100,1100,1110,-0.07382862269878387,-3.1724770069122314,3.0986483842134476,0.9289059049162838,1,0
220,6,x2,1110,1110,1101,-0.010177108459174633,-4.79534387588501,4.785166767425835,0.9898777168845803,1,0
220,7,c30,1110,1110,0110,-0.694962739944458,-0.7079718112945557,0.013009071350097656,0.49912776629744915,1,0
220,8,t301,1110,1110,1010,-0.35939347743988037,-1.243839979171753,0.8844465017318726,0.6981177649687643,1,0
221,1,c21,0111,0001,0001,-2.599649429321289,-2.1306092739105225,-0.4690401554107666,0.07435639260171424,0,0
221,2,s02,1101,0111,0111,-2.012876510620117,-1.2135326862335205,-0.7993438243865967,0.13361085559224792,0,0
221,3,c32,1111,1111,1100,-0.36946022510528564,-2.5729568004608154,2.20349657535553,0.6911803302440735,1,0
221,4,c02,1101,1101,0101,-0.006924089044332504,-6.892529487609863,6.885605398565531,0.9931178022520836,1,0
221,5,t130,0101,1101,1101,-1.0047917366027832,-0.4803352952003479,-0.5244564414024353,0.36613982122519095,0,0
221,6,x3,0100,0100,1100,-0.016178172081708908,-5.323441982269287,5.307263810187578,0.9840228668653589,1,0
221,7,c31,0100,0000,0000,-1.0563639402389526,-0.5726500153541565,-0.48371392488479614,0.34771939116930406,0,0
221,8,x2,0110,0110,0101,-0.0021204003132879734,-6.261878967285156,6.259758566971868,0.9978886888493682,1,0
222,1,x0,0100,0100,0000,-2.029294490814209,-2.4183807373046875,0.3890862464904785,0.13153380697960537,1,0
222,2,x0,1100,1100,0100,-0.44998252391815186,-2.0073182582855225,1.5573357343673706,0.6376818703079171,1,0
222,3,t302,1100,1110,1110,-0.9979636073112488,-0.5190994739532471,-0.4788641333580017,0.3686861629121649,0,0
222,4,t130,1100,1100,0100,-0.31422480940818787,-1.322420597076416,1.0081957876682281,0.7303785868502811,1,0
222,5,s23,1100,1100,1110,-0.5577885508537292,-0.9949330687522888,0.43714451789855957,0.5724929982215887,1,0
222,6,x3,1101,1101,1110,-0.0017540421104058623,-7.188011169433594,7.186257127323188,0.9982595200628,1,0
222,7,x2,1111,1111,1100,-0.012484396807849407,-4.514744758605957,4.502260361798108,0.9876055064829151,1,0
222,8,c23,1110,1110,1111,-0.03149613365530968,-3.531496047973633,3.499999914318323,0.9690082651073534,1,0
223,1,c32,1101,1101,1100,-1.8732683658599854,-2.1232683658599854,0.25,0.15372566601267817,1,0
223,2,t130,0101,1101,1101,-1.14561128616333,-0.9209867715835571,-0.22462451457977295,0.3180694064053728,0,0
223,3,s31,0101,0101,0001,-0.8779661655426025,-1.3186378479003906,0.4406716823577881,0.4156296777070931,1,0
223,4,x2,0111,0111,0001,-0.010047122836112976,-5.653301239013672,5.643254116177559,0.9900094366756865,1,0
223,5,x0,1111,1111,1110,-0.07492177933454514,-3.5749216079711914,3.4999998286366463,0.9279868890987498,1,0
223,6,s03,1111,0111,0111,-1.2138890027999878,-1.0532597303390503,-0.1606292724609375,0.29704715142854077,0,0
223,7,t312,1101,1101,1111,-0.06403671205043793,-2.84025239944458,2.776215687394142,0.9380188088400788,1,0
223,8,c23,1101,1100,1100,-3.6598827838897705,-0.0348828062415123,-3.624999977648258,0.025735883083936425,0,0
224,1,t230,1011,0011,0011,-2.485865831375122,-1.9832730293273926,-0.5025928020477295,0.08331809196061596,0,0
224,2,t123,1011,1010,1010,-1.4202920198440552,-1.0452920198440552,-0.375,0.24172277447473461,0,0
224,3,x0,0011,0011,1111,-0.16688469052314758,-2.873565435409546,2.7066807448863983,0.8463196325120234,1,0
224,4,t123,0011,0011,0010,-0.28771305084228516,-1.4127130508422852,1.125,0.7499779459657441,1,0
224,5,x3,0010,0010,1010,-0.00014852953609079123,-9.772050857543945,9.771902328007855,0.9998534585928966,1,0
224,6,t230,0010,0010,1010,-0.5795336365699768,-0.8267667293548584,0.2472330927848816,0.5601951169457409,1,0
224,7,t301,0010,0010,0110,-0.029985476285219193,-3.5950570106506348,3.5650715343654156,0.9704601224051034,1,0
224,8,t012,0010,0010,0000,-0.0007954369066283107,-7.680400371551514,7.679604934644885,0.999205169716041,1,0
225,1,c03,1010,1010,1011,-1.3028006553649902,-2.3028006553649902,1.0,0.27209609742911345,1,0
225,2,t230,1010,1010,0010,-0.6278305649757385,-1.168006420135498,0.5401758551597595,0.5337641930901239,1,0
225,3,s10,0110,1010,1010,-1.3647676706314087,-0.7007543444633484,-0.6640133261680603,0.2554493018463495,0,0
225,4,s32,0101,0101,0110,-0.988136887550354,-1.2952101230621338,0.3070732355117798,0.3722743742568692,1,0
225,5,c23,0101,0100,0100,-1.3166892528533936,-0.31668928265571594,-0.9999999701976776,0.2680218522530622,0,0
225,6,x0,1101,1101,0101,-0.11461091786623001,-2.3116180896759033,2.1970071718096733,0.8918588443439428,1,0
225,7,s10,1101,1101,0101,-0.7939133644104004,-1.1809101104736328,0.3869967460632324,0.4520749065956407,1,0
225,8,s10,1101,1101,0101,-0.6979803442955017,-0.8423116207122803,0.14433127641677856,0.4975926437661918,1,0
226,1,c32,1100,1110,1110,-2.0346267223358154,-1.6148414611816406,-0.4197852611541748,0.1308787207220815,0,0
226,2,t201,1100,1100,1000,-0.8243013024330139,-1.822115421295166,0.9978141188621521,0.4385768576681093,1,0
226,3,s02,0110,1100,1100,-1.4341768026351929,-0.738503634929657,-0.6956731677055359,0.23833893486277563,0,0
226,4,x1,0010,0010,1100,-0.025828242301940918,-5.248204231262207,5.222375988960266,0.9750428486494966,1,0
226,5,c32,0010,0000,0000,-1.2322044372558594,-0.5142507553100586,-0.7179536819458008,0.2916493564263017,0,0
226,6,s12,0100,0010,0010,-1.2635819911956787,-0.8350951671600342,-0.42848682403564453,0.2826405947985234,0,0
226,7,s23,0100,0100,0110,-0.2229309380054474,-1.829228401184082,1.6062974631786346,0.800182035337812,1,0
226,8,s30,0100,1100,1100,-1.1390858888626099,-0.5551227331161499,-0.58396315574646,0.3201341610941477,0,0
227,1,x0,0010,0010,0000,-1.7825754880905151,-2.3844032287597656,0.6018277406692505,0.16836324213353568,1,0
227,2,s20,1000,0010,0010,-1.8743860721588135,-0.81578528881073,-1.0586007833480835,0.15346113121546817,0,0
227,3,c10,1000,1000,0000,-0.48060142993927,-1.0785387754440308,0.5979373455047607,0.6184308265463909,1,0
227,4,c10,1000,1000,0000,-0.3869255781173706,-1.1377270221710205,0.7508014440536499,0.6791447834228226,1,0
227,5,s30,0001,1000,1000,-1.9542593955993652,-0.5835250020027161,-1.3707343935966492,0.1416737731452387,0,0
227,6,c21,0001,0001,0101,-0.828019380569458,-0.8282263278961182,0.00020694732666015625,0.43691553785774756,1,0
227,7,x0,1001,1001,0001,-0.018833553418517113,-4.045480251312256,4.026646697893739,0.9818059721727993,1,0
227,8,t210,1001,1001,0001,-0.3901412785053253,-1.1473846435546875,0.7572433650493622,0.6769707066049165,1,0
228,1,x1,1110,1110,1000,-2.0697288513183594,-2.2102644443511963,0.14053559303283691,0.126258708716365,1,0
228,2,c10,0110,0110,1110,-0.842329204082489,-0.8858823180198669,0.04355311393737793,0.4307689933255874,1,0
228,3,c02,0110,0100,0100,-1.0208073854446411,-0.5340367555618286,-0.4867706298828125,0.3603107482674619,0,0
228,4,t302,0110,0110,0100,-0.5303084850311279,-0.9528630375862122,0.42255455255508423,0.588427765190832,1,0
228,5,s20,1100,0110,0110,-2.1972484588623047,-0.8600851893424988,-1.337163269519806,0.11111443913190748,0,0
228,6,s13,1001,1100,1100,-1.2701802253723145,-0.8109921813011169,-0.4591880440711975,0.28078394072671914,0,0
228,7,c10,1001,1001,0001,-0.8342078924179077,-0.8962882161140442,0.062080323696136475,0.4342233608889297,1,0
228,8,t321,1001,1001,1101,-0.5253174901008606,-0.9623215198516846,0.437004029750824,0.5913704952450201,1,0
229,1,c32,1110,1100,1100,-2.357923984527588,-1.9300941228866577,-0.4278298616409302,0.09469366509506419,0,0
229,2,t201,1010,1110,1110,-1.210526943206787,-1.0485501289367676,-0.16197681427001953,0.2980639208157289,0,0
229,3,x0,0010,0010,1110,-0.12897315621376038,-2.9592156410217285,2.830242484807968,0.8790715018408788,1,0
229,4,t203,0010,0011,0011,-1.1467549800872803,-0.3967549800872803,-0.75,0.3176686198808044,0,0
229,5,s02,1000,0010,0010,-1.4000365734100342,-0.41858237981796265,-0.9814541935920715,0.24659002447535758,0,0
229,6,t210,1000,1000,0000,-0.16304510831832886,-1.95753812789917,1.794493019580841,0.8495591073117215,1,0
229,7,c03,1001,1001,1000,-0.009989882819354534,-4.6349897384643555,4.624999855645001,0.9900625999749603,1,0
229,8,c10,1001,1001,0001,-0.576853334903717,-0.8440661430358887,0.26721280813217163,0.5616647955920793,1,0
230,1,c02,1001,1001,1000,-1.922909140586853,-2.0479092597961426,0.12500011920928955,0.14631123743142707,1,0
230,2,s12,1001,1001,1100,-1.079309344291687,-1.3462319374084473,0.26692259311676025,0.33984553744238866,1,0
230,3,s21,1001,1001,1100,-0.7598147988319397,-0.9951825141906738,0.23536771535873413,0.4677560709176923,1,0
230,4,t032,1011,1001,1001,-0.8954309225082397,-0.703773558139801,-0.19165736436843872,0.4084325211593868,0,0
230,5,t012,1011,1001,1001,-1.0678948163986206,-0.6056572794914246,-0.46223753690719604,0.3437364709850931,0,0
230,6,t302,1001,1001,1011,-0.3932951092720032,-1.1632105112075806,0.7699154019355774,0.6748371237792831,1,0
230,7,x0,0001,0001,1101,-0.08550076186656952,-3.519423484802246,3.4339227229356766,0.9182618465036514,1,0
230,8,c12,0001,0011,0011,-1.912039875984192,-0.16440647840499878,-1.7476333975791931,0.14777876874307838,0,0
231,1,x0,1011,0001,0001,-2.5885708332061768,-2.2063779830932617,-0.38219285011291504,0.07520681333927162,0,0
231,2,c31,1111,1111,1011,-0.8455684185028076,-1.225426435470581,0.37985801696777344,0.4293360976772881,1,0
231,3,s02,1111,1111,0111,-0.823497474193573,-1.2603399753570557,0.43684250116348267,0.4389035312132013,1,0
231,4,c23,1110,1110,1111,-0.16629129648208618,-1.9162912368774414,1.7499999403953552,0.8468335397148945,1,0
231,5,s01,1110,1110,0110,-0.8127298355102539,-0.9860835075378418,0.1733536720275879,0.4436577339018287,1,0
231,6,c03,1111,1111,1110,-0.004086378961801529,-5.629086494445801,5.625000115483999,0.9959240594461046,1,0
231,7,x0,0111,0111,1011,-0.044252909719944,-3.555649995803833,3.511397086083889,0.9568818672247553,1,0
231,8,s03,1110,1110,0111,-0.867319643497467,-1.793906569480896,0.926586925983429,0.42008596001391224,1,0
232,1,s31,1101,1101,1110,-2.1586756706237793,-2.219618082046509,0.06094241142272949,0.11553123258193396,1,0
232,2,c32,1111,1111,1110,-0.8814746141433716,-1.3814746141433716,0.5,0.41425808668203545,1,0
232,3,x3,1110,1110,0110,-0.015566042624413967,-6.125064849853516,6.109498807229102,0.9846007276943831,1,0
232,4,c13,1111,1111,1110,-0.13019461929798126,-2.1301944255828857,1.9999998062849045,0.8779317035342712,1,0
232,5,c12,1101,1101,1110,-0.0038706178311258554,-6.07957649230957,6.0757058744784445,0.9961566041975037,1,0
232,6,x3,1100,1100,0100,-0.0004305245529394597,-9.792804718017578,9.792374193464639,0.9995756206224236,1,0
232,7,s10,1100,1100,0100,-0.579984724521637,-1.0212620496749878,0.44127732515335083,0.5599329532747889,1,0
232,8,c02,1110,1110,1100,-0.003999380394816399,-6.057497978210449,6.053498597815633,0.9960122557629077,1,0
233,1,c23,1100,1101,1101,-1.8463010787963867,-1.7213010787963867,-0.125,0.15815668098613828,0,0
233,2,t301,1100,1100,1000,-0.557410478591919,-1.732556939125061,1.175146460533142,0.5727197405778143,1,0
233,3,t130,1100,1100,0100,-0.31575751304626465,-1.373634934425354,1.0578774213790894,0.7292460469240838,1,0
233,4,c13,1101,1101,1100,-0.129465252161026,-2.129465341567993,2.000000089406967,0.8785690877850955,1,0
233,5,c02,1111,1111,1100,-0.02406296506524086,-4.718288421630859,4.6942254565656185,0.9762455907578499,1,0
233,6,s20,1111,0111,0111,-0.7735738754272461,-0.6548147797584534,-0.11875909566879272,0.4614100764461281,0,0
233,7,t012,1101,1101,1111,-0.07084673643112183,-2.729261875152588,2.658415138721466,0.931612179491544,1,0
233,8,c32,1111,1111,1110,-0.07290711998939514,-3.197906970977783,3.124999850988388,0.9297099589685887,1,0
234,1,c20,1011,1011,0011,-2.2153592109680176,-2.266683578491211,0.05132436752319336,0.10918246090464793,1,0
234,2,s20,1011,1011,0011,-1.036714792251587,-1.599153757095337,0.56243896484375,0.35464991860329104,1,0
234,3,t021,1111,1111,1011,-0.2105567902326584,-1.9223947525024414,1.711837962269783,0.8101374341562528,1,0
234,4,c32,1101,1101,1110,-0.10782528668642044,-2.6065800189971924,2.498754732310772,0.8979023742690828,1,0
234,5,t201,1101,1001,1001,-1.4186686277389526,-0.31285494565963745,-1.1058136820793152,0.24203770951859677,0,0
234,6,t203,1101,1100,1100,-1.8063888549804688,-0.1813887655735016,-1.6250000894069672,0.1642488380220442,0,0
234,7,x2,1111,1111,1100,-0.0016357043059542775,-6.81594705581665,6.814311351510696,0.9983771576726043,1,0
234,8,c12,1101,1101,1110,-0.006882443558424711,-5.085663795471191,5.078781351912767,0.993150956052583,1,0
235,1,c23,1100,1101,1101,-1.7726807594299316,-1.6476807594299316,-0.125,0.17023367366706518,0,0
235,2,t012,1110,1110,1100,-0.5280917286872864,-1.19394052028656,0.6658487915992737,0.5897700842638349,1,0
235,3,t123,1111,1111,1110,-0.4063023626804352,-1.1563023328781128,0.7499999701976776,0.6661276305737289,1,0
235,4,c32,1101,1101,1110,-0.02971068024635315,-4.162982940673828,4.133272260427475,0.970750919373593,1,0
235,5,x3,1100,1100,1111,-0.0018300123047083616,-7.680504322052002,7.678674309747294,0.998176695999436,1,0
235,6,t301,1100,1100,1000,-0.13153937458992004,-2.2288033962249756,2.0972640216350555,0.8767470906360904,1,0
235,7,c23,1100,1101,1101,-1.9105637073516846,-0.16056367754936218,-1.7500000298023224,0.14799711893706893,0,0
235,8,c03,1101,1101,1100,-0.026725493371486664,-3.6517255306243896,3.625000037252903,0.9736352412267647,1,0
236,1,c31,0110,0010,0010,-2.223147392272949,-2.215428352355957,-0.0077190399169921875,0.10833049276117764,0,0
236,2,x2,0100,0100,0111,-0.2210792452096939,-2.7499263286590576,2.5288470834493637,0.8020654014759235,1,0
236,3,s03,0100,0100,1100,-0.44146907329559326,-2.0560662746429443,1.614597201347351,0.6432322547197045,1,0
236,4,x1,0000,0000,0110,-0.019980307668447495,-4.367169380187988,4.347189072519541,0.9802636219525553,1,0
236,5,s01,0000,0000,1000,-0.475014328956604,-0.9742805361747742,0.49926620721817017,0.6218838936676461,1,0
236,6,c21,0000,0000,0100,-0.25220629572868347,-1.5019464492797852,1.2497401535511017,0.7770851641832967,1,0
236,7,c01,0000,0000,0100,-4.112656824872829e-05,-10.250049591064453,10.250008464496204,0.9999590580277986,1,0
236,8,t203,0000,0000,0001,-0.0014391641598194838,-6.626439094543457,6.6249999303836375,0.9985622554929697,1,0
237,1,c21,0001,0001,0100,-1.9263513088226318,-2.3201851844787598,0.39383387565612793,0.14582339419063275,1,0
237,2,t132,0001,0001,0011,-0.555705726146698,-0.999932050704956,0.44422632455825806,0.5736787578269589,1,0
237,3,c23,0001,0000,0000,-0.9015982747077942,-0.5265982747077942,-0.375,0.4059260126161323,0,0
237,4,c20,0001,1001,1001,-0.9741862416267395,-0.47446826100349426,-0.49971798062324524,0.37753480945705975,0,0
237,5,x2,0011,0011,0010,-0.00037833282840438187,-8.250377655029297,8.249999322200892,0.9996234564162177,1,0
237,6,x0,1011,1011,0111,-0.07156462222337723,-2.7459964752197266,2.6744318529963493,0.9318364642892071,1,0
237,7,x2,1001,1001,1110,-0.0019748667255043983,-6.314449310302734,6.31247444357723,0.9980382672424938,1,0
237,8,t301,1101,1001,1001,-0.975929856300354,-0.4746817648410797,-0.5012480914592743,0.3768419026903044,0,0
238,1,x2,0000,0000,0001,-1.7054270505905151,-1.9554270505905151,0.25,0.18185613486931104,1,0
238,2,t203,0000,0000,0001,-0.37018588185310364,-1.7451858520507812,1.3749999701976776,0.6907450761062506,1,0
238,3,c13,0000,0000,0001,-0.22623097896575928,-1.6012309789657593,1.375,0.7975364034645865,1,0
238,4,c21,0000,0000,0100,-0.5763689875602722,-0.8262892365455627,0.24992024898529053,0.561938467532703,1,0
238,5,x0,1000,1000,0000,-0.10083425045013428,-2.3530771732330322,2.252242922782898,0.9046485338194988,1,0
238,6,x1,1100,1100,1010,-0.0017651112284511328,-6.455686569213867,6.453921457985416,0.9982370011356277,1,0
238,7,c03,1101,1101,1100,-0.043909866362810135,-3.168909788131714,3.1249999217689037,0.9570441249943991,1,0
238,8,x1,1001,1001,1011,-0.2846309542655945,-1.4103031158447266,1.125672161579132,0.752294996465939,1,0
239,1,x1,0011,0011,0101,-1.8094593286514282,-2.400341033935547,0.5908817052841187,0.16383602065107258,1,0
239,2,s31,0110,0011,0011,-1.2041000127792358,-1.0994765758514404,-0.10462343692779541,0.2999738268450362,0,0
239,3,c32,0110,0100,0100,-1.488588571548462,-0.9885876178741455,-0.5000009536743164,0.2257074991993237,0,0
239,4,c01,0110,0110,0010,-0.14423762261867523,-2.0243899822235107,1.8801523596048355,0.8656846873758959,1,0
239,5,x3,0111,0111,0110,-0.002336982637643814,-6.2523369789123535,6.24999999627471,0.9976681030011951,1,0
239,6,x0,1111,1111,0111,-0.05952354520559311,-3.0383665561676025,2.9788430109620094,0.9457745472107504,1,0
239,7,x1,1011,1011,0111,-0.0006271718884818256,-7.794071197509766,7.793444025621284,0.9993842271859213,1,0
239,8,c31,1111,1111,1011,-0.13575655221939087,-2.1282248497009277,1.9924682974815369,0.8730558078178798,1,0
240,1,s23,0001,0010,0010,-1.9699499607086182,-1.8680791854858398,-0.10187077522277832,0.13957685578502216,0,0
240,2,x0,1001,1000,1000,-1.9197125434875488,-1.9197125434875488,0.0,0.14672340570894693,0,1
240,3,c03,1000,1000,1001,-0.19140613079071045,-2.191406011581421,1.9999998807907104,0.8258333799064738,1,0
240,4,x0,0000,0000,1000,-0.25406986474990845,-1.5140467882156372,1.2599769234657288,0.7756412025208617,1,0
240,5,s01,0000,0000,1000,-0.3141701817512512,-1.3135100603103638,0.9993398785591125,0.7304044295706174,1,0
240,6,t012,0000,0000,0010,-3.6954483221052215e-05,-10.501204490661621,10.5011675361784,0.9999629306490435,1,0
240,7,c03,0000,0000,0001,-0.001767376554198563,-6.376767158508301,6.374999781954102,0.998234213233236,1,0
240,8,t132,0000,0000,0010,-0.005321846809238195,-5.255318641662598,5.2499967948533595,0.9946923239923068,1,0
241,1,s32,1001,1000,1000,-1.9698731899261475,-1.9698731899261475,0.0,0.13957698896651166,0,1
241,2,c20,1001,1001,0001,-1.5927456617355347,-2.031322479248047,0.4385768175125122,0.2034167219702223,1,0
241,3,t203,1001,1000,1000,-0.8111621737480164,-0.6861621737480164,-0.125,0.44437087882309795,0,0
241,4,x2,1011,1011,1010,-0.01232687197625637,-5.387327194213867,5.375000322237611,0.9877564651152635,1,0
241,5,t103,1011,1010,1010,-1.2239642143249512,-0.348964124917984,-0.8750000894069672,0.29406591672853055,0,0
241,6,t132,1011,1011,1001,-0.11882682144641876,-2.238751173019409,2.1199243515729904,0.8879637995172196,1,0
241,7,t321,1111,1111,1011,-0.6885198950767517,-0.8261830806732178,0.13766318559646606,0.5023225003161508,1,0
241,8,t302,1101,1101,1111,-0.20252971351146698,-1.7164900302886963,1.5139603167772293,0.8167429669520142,1,0
242,1,x2,1101,1101,1100,-1.5642269849777222,-1.9392269849777222,0.375,0.2093766373892416,1,0
242,2,s23,1110,1101,1101,-1.404707431793213,-1.1603779792785645,-0.24432945251464844,0.24545398992115122,0,0
242,3,x1,1010,1010,1011,-0.46494048833847046,-1.0899404287338257,0.6249999403953552,0.6282019311627092,1,0
242,4,s01,0110,1010,1010,-0.9369868636131287,-0.8766538500785828,-0.0603330135345459,0.39182444264877353,0,0
242,5,c02,0110,0110,0100,-0.6967149972915649,-0.6970447897911072,0.00032979249954223633,0.4982204051920942,1,0
242,6,t032,0110,0110,0100,-0.07997176796197891,-2.5958969593048096,2.5159251913428307,0.9231442391314664,1,0
242,7,t032,0110,0110,0100,-0.06335612386465073,-2.8191261291503906,2.75577000528574,0.9386106464278456,1,0
242,8,c23,0111,0111,0110,-0.12862750887870789,-2.1286277770996094,2.0000002682209015,0.8793040082393363,1,0
243,1,s30,1101,1101,1110,-2.198427200317383,-2.5243988037109375,0.3259716033935547,0.11102215726163407,1,0
243,2,s13,1101,1001,1001,-2.286494255065918,-1.8096319437026978,-0.4768623113632202,0.10163506471217938,0,0
243,3,x1,1001,1001,1111,-0.01675266958773136,-5.303274154663086,5.286521485075355,0.9834197625376332,1,0
243,4,x1,1101,1101,1011,-0.06261903792619705,-2.821986436843872,2.759367398917675,0.9393033982739937,1,0
243,5,s13,1101,1101,1100,-0.7177461385726929,-1.4677461385726929,0.75,0.4878557143207326,1,0
243,6,s02,0111,1101,1101,-2.3242106437683105,-0.6109053492546082,-1.7133052945137024,0.09786432597122108,0,0
243,7,s10,1011,1011,0111,-0.9278041124343872,-1.1394855976104736,0.21168148517608643,0.395443352574385,1,0
243,8,x3,1010,1010,0110,-0.003249303437769413,-7.322376251220703,7.319126947782934,0.9967645971843553,1,0
244,1,t031,1100,1100,1110,-2.0431947708129883,-2.254765510559082,0.21157073974609375,0.1296805661780962,1,0
244,2,t230,1100,1100,0100,-0.5976959466934204,-1.5339823961257935,0.936286449432373,0.5501585756638313,1,0
244,3,t031,1100,1100,1000,-0.20432671904563904,-1.7275432348251343,1.5232165157794952,0.8152020227541081,1,0
244,4,t201,1100,1100,1000,-0.47557681798934937,-0.9816173315048218,0.5060405135154724,0.6215356478048589,1,0
244,5,s21,1010,1100,1100,-1.2673413753509521,-0.558033287525177,-0.7093080878257751,0.2815871654900328,0,0
244,6,c32,1010,1000,1000,-0.9471454620361328,-0.7088907361030579,-0.23825472593307495,0.38786057763642634,0,0
244,7,x0,0010,0010,1110,-0.023484649136662483,-4.467419624328613,4.443934975191951,0.9768748415478152,1,0
244,8,t032,0010,0010,0001,-0.018488716334104538,-4.4050984382629395,4.386609721928835,0.9816813038415813,1,0
245,1,c31,1110,1010,1010,-2.3324317932128906,-2.1057515144348145,-0.22668027877807617,0.09709575724704697,0,0
245,2,c31,1110,1010,1010,-1.4516606330871582,-0.7777055501937866,-0.6739550828933716,0.2341966112490188,0,0
245,3,c32,1110,1100,1100,-1.4463086128234863,-0.6358473300933838,-0.8104612827301025,0.23545705202691533,0,0
245,4,s13,1011,1011,1110,-1.0761466026306152,-1.1209851503372192,0.044838547706604004,0.3409236467662649,1,0
245,5,s13,1110,1011,1011,-1.364361047744751,-0.7255356311798096,-0.6388254165649414,0.25554745196880274,0,0
245,6,c10,0110,0110,1110,-0.6317459344863892,-0.8317024111747742,0.199956476688385,0.5316983301630468,1,0
245,7,t321,0110,0110,0010,-0.14476151764392853,-2.0255813598632812,1.8808198422193527,0.86523116021407,1,0
245,8,c30,0110,1110,1110,-0.9743994474411011,-0.47515442967414856,-0.4992450177669525,0.37743904933266736,0,0
246,1,c23,0001,0000,0000,-1.940311074256897,-1.690311074256897,-0.25,0.14392591694914103,0,0
246,2,s10,0001,0001,1000,-0.9739086627960205,-1.6241577863693237,0.6502491235733032,0.3776392624065979,1,0
246,3,t310,0001,0001,1001,-0.25318533182144165,-1.544958472251892,1.2917731404304504,0.776325535543163,1,0
246,4,t021,0001,0001,0101,-0.04374796897172928,-3.1847546100616455,3.1410066410899162,0.9571964263195225,1,0
246,5,s13,0100,0100,0001,-0.16960284113883972,-2.011857032775879,1.8422541916370392,0.8440003060359049,1,0
246,6,t310,0100,0100,1100,-0.014257993549108505,-4.554215431213379,4.53995743766427,0.9858444929258596,1,0
246,7,t301,0100,0100,0000,-0.015007716603577137,-4.403419017791748,4.388411301188171,0.9851077257592575,1,0
246,8,x2,0110,0110,0001,-0.0034384685568511486,-6.904666423797607,6.901227955240756,0.996572400338999,1,0
247,1,x2,1010,1010,1001,-1.3172708749771118,-2.237943172454834,0.9206722974777222,0.2683709756554983,1,0
247,2,t023,1011,1010,1010,-0.9325240850448608,-0.8075240850448608,-0.125,0.39365939439266073,0,0
247,3,t213,1011,1010,1010,-0.8495509028434753,-0.5995509028434753,-0.25,0.42761984906298234,0,0
247,4,s10,0111,1011,1011,-1.0108767747879028,-0.6431127190589905,-0.36776405572891235,0.3639348225580114,0,0
247,5,t320,1111,1111,0111,-0.6425204277038574,-0.8491316437721252,0.20661121606826782,0.5259805266644817,1,0
247,6,c13,1110,1110,1111,-0.15398001670837402,-2.028980016708374,1.875,0.8573072618470586,1,0
247,7,s02,1110,1110,0110,-0.6418960094451904,-1.0249788761138916,0.38308286666870117,0.5262976656884911,1,0
247,8,x0,0110,0110,1110,-0.05145473778247833,-3.0617759227752686,3.0103211849927902,0.949895265109127,1,0
248,1,x0,1000,1000,0010,-1.731308102607727,-2.334868907928467,0.6035608053207397,0.17720857623018044,1,0
248,2,x3,1001,1001,1010,-0.18341512978076935,-3.7598414421081543,3.576426312327385,0.8325420358075756,1,0
248,3,x1,1101,1101,1011,-0.05779661238193512,-3.1042768955230713,3.046480283141136,0.943847053413163,1,0
248,4,x1,1001,1001,1111,-0.03134829178452492,-3.7112619876861572,3.6799136959016323,0.9691407648069904,1,0
248,5,c12,1001,1011,1011,-1.8085325956344604,-0.20507606863975525,-1.6034565269947052,0.1638951794804819,0,0
248,6,c31,1101,1101,1001,-0.43013328313827515,-1.0539615154266357,0.6238282322883606,0.6504241259490071,1,0
248,7,x1,1001,1001,1111,-0.0014117402024567127,-6.753354549407959,6.751942809205502,0.9985967826284741,1,0
248,8,c23,1001,1000,1000,-0.697898805141449,-0.697898805141449,0.0,0.49763046767427505,0,1
249,1,s12,0000,0000,0100,-1.426480770111084,-2.103234052658081,0.6767532825469971,0.24024966067996592,1,0
249,2,c31,0000,0100,0100,-0.8160213232040405,-0.7215906977653503,-0.09443062543869019,0.4422133188364875,0,0
249,3,x3,0001,0001,1000,-0.0011585222091525793,-8.350784301757812,8.34962577954866,0.9988460917252132,1,0
249,4,c20,0001,0001,1001,-0.576256513595581,-0.8296125531196594,0.25335603952407837,0.5620282961908594,1,0
249,5,x3,0000,0000,0011,-0.0010631708428263664,-6.899290084838867,6.898226913996041,0.9989467224973708,1,0
249,6,t021,0000,0000,0100,-0.00045516726095229387,-7.750613212585449,7.750158045324497,0.999545574504454,1,0
249,7,c03,0000,0000,0001,-0.00465563777834177,-5.379655361175537,5.374999723397195,0.9953553835935239,1,0
249,8,x0,1000,1000,0000,-0.011202211491763592,-4.529537677764893,4.518335466273129,0.9890104564391458,1,0
250,1,x0,0100,0100,0000,-1.9698644876480103,-2.478847026824951,0.5089825391769409,0.13957305726054348,1,0
250,2,x1,0000,0000,0110,-0.3480072021484375,-1.7842897176742554,1.4362825155258179,0.706136468455058,1,0
250,3,c10,0000,0000,1000,-0.313377320766449,-1.3132869005203247,0.9999095797538757,0.7309820816270379,1,0
250,4,s03,0000,0000,1000,-0.31560078263282776,-1.4159823656082153,1.1003815829753876,0.7293706575909668,1,0
250,5,x0,1000,1000,0000,-0.018230078741908073,-4.024648666381836,4.006418587639928,0.9820117064438039,1,0
250,6,s03,0001,1000,1000,-2.2863636016845703,-0.7037532329559326,-1.5826103687286377,0.10163571931518435,0,0
250,7,t201,0001,0001,0101,-0.035055920481681824,-3.4433681964874268,3.408312276005745,0.965558173855953,1,0
250,8,t023,0001,0001,0000,-0.0007034835289232433,-8.000703811645508,8.000000328116585,0.999297577812093,1,0
251,1,x3,0110,0110,0100,-1.543916940689087,-2.407498598098755,0.863581657409668,0.21384766232480185,1,0
251,2,t213,0111,0110,0110,-1.0800752639770508,-0.5800752639770508,-0.5,0.3395992255122162,0,0
251,3,t120,1111,1111,0111,-0.8776462078094482,-0.9065458178520203,0.02889961004257202,0.4158348247415971,1,0
251,4,c03,1110,1110,1111,-0.18535517156124115,-2.3103551864624023,2.125000014901161,0.8308341069900369,1,0
251,5,x1,1010,1010,1011,-0.005363993346691132,-5.755363941192627,5.749999947845936,0.9946563289785504,1,0
251,6,c30,1010,1010,0010,-0.47844427824020386,-0.9908174872398376,0.5123732089996338,0.6197506377226885,1,0
251,7,c01,1110,1110,1010,-0.0091015649959445,-4.88882303237915,4.879721467383206,0.9909402206561702,1,0
251,8,t032,1110,1100,1100,-0.9924090504646301,-0.47887930274009705,-0.5135297477245331,0.3706853152243359,0,0
252,1,c10,0010,0010,1010,-1.7624256610870361,-2.2224223613739014,0.45999670028686523,0.17173794249102114,1,0
252,2,x2,0000,0000,0011,-0.09430686384439468,-3.0222840309143066,2.927977167069912,0.9100960723627324,1,0
252,3,x0,1000,1000,0000,-0.038428422063589096,-3.4316000938415527,3.3931716717779636,0.9626189259533362,1,0
252,4,x3,1001,1001,1010,-0.0008602149900980294,-7.889809608459473,7.888949393469375,0.9991551274920129,1,0
252,5,t321,1001,1001,1101,-0.2018376886844635,-1.7199625968933105,1.518124908208847,0.8172319383856752,1,0
252,6,c20,1001,0001,0001,-0.9742574095726013,-0.4872681498527527,-0.48698925971984863,0.3774877676054509,0,0
252,7,c02,1011,1011,1001,-0.06304361671209335,-2.812467336654663,2.7494237199425697,0.9389184798566691,1,0
252,8,s01,0111,1011,1011,-0.9055812954902649,-0.7774883508682251,-0.1280929446220398,0.4043162787797035,0,0
253,1,t013,1000,1000,1001,-1.5123180150985718,-1.8873180150985718,0.375,0.2208215868017291,1,0
253,2,x0,0000,0000,1100,-0.15964002907276154,-2.4147512912750244,2.255111262202263,0.8525466093567264,1,0
253,3,c13,0000,0000,0001,-0.1288197934627533,-2.128819704055786,1.9999999105930328,0.879132859007961,1,0
253,4,c12,0000,0000,0010,-0.22551216185092926,-1.6005198955535889,1.3750077337026596,0.7981082092325616,1,0
253,5,c30,0000,0000,1000,-0.25197237730026245,-1.5019488334655762,1.2499764561653137,0.7772802235364974,1,0
253,6,c02,0000,0000,0010,-0.014169171452522278,-4.2641801834106445,4.250011011958122,0.9859309255450043,1,0
253,7,s20,0000,0000,1000,-0.38865411281585693,-1.1377322673797607,0.7490781545639038,0.6779789783013046,1,0
253,8,x1,0100,0100,0010,-0.00023982774291653186,-8.660476684570312,8.660236856827396,0.9997607564030627,1,0
254,1,t012,0010,0010,0001,-1.6015642881393433,-1.9530019760131836,0.35143768787384033,0.20177037931553407,1,0
254,2,t130,0010,0010,1010,-0.3900116980075836,-1.1491621732711792,0.7591504752635956,0.6770676723959081,1,0
254,3,x0,1010,1010,0110,-0.022303126752376556,-4.304500579833984,4.282197453081608,0.9788828129332635,1,0
254,4,t012,1010,1000,1000,-0.8271018862724304,-0.5792654752731323,-0.2478364109992981,0.43731535735288374,0,0
254,5,x0,0010,0010,1110,-0.03487396240234375,-3.479552984237671,3.444679021835327,0.9657358150377301,1,0
254,6,c32,0010,0000,0000,-1.317347764968872,-0.42656975984573364,-0.8907780051231384,0.2678457559614681,0,0
254,7,s01,0010,0010,1010,-0.38724762201309204,-1.1705427169799805,0.7832950949668884,0.6789355216391338,1,0
254,8,s03,0010,0010,1010,-0.2541448771953583,-1.992781400680542,1.7386365234851837,0.7755823755683047,1,0
255,1,t123,1101,1100,1100,-1.9078996181488037,-1.7828996181488037,-0.125,0.14856019697562176,0,0
255,2,c32,1111,1111,1100,-0.28126704692840576,-2.7335281372070312,2.4522610902786255,0.7548646803974861,1,0
255,3,x1,1011,1011,1101,-0.0036567957140505314,-7.013230323791504,7.009573528077453,0.9963577995740552,1,0
255,4,t013,1011,1010,1010,-0.9379901885986328,-0.5629901885986328,-0.375,0.3914148335976846,0,0
255,5,c02,1001,1001,1110,-0.0014771418645977974,-7.156599998474121,7.155122856609523,0.9985299415266423,1,0
255,6,x1,1101,1101,1100,-0.008254197426140308,-5.508254051208496,5.499999853782356,0.9917801498214107,1,0
255,7,t120,1101,1101,0101,-0.25290367007255554,-1.5133802890777588,1.2604766190052032,0.7765448649076,1,0
255,8,s23,1110,1110,1100,-0.3314318060874939,-1.7022686004638672,1.3708367943763733,0.7178978636001377,1,0
256,1,x3,1001,1001,1010,-1.2585989236831665,-2.1561660766601562,0.8975671529769897,0.2848084447847473,1,0
256,2,c31,1101,1101,1001,-0.8443031907081604,-1.0831737518310547,0.2388705611228943,0.4298633521428804,1,0
256,3,s21,1011,1101,1101,-1.8150553703308105,-0.608815610408783,-1.2062397599220276,0.16282973690098873,0,0
256,4,c20,0011,0011,1011,-0.770386278629303,-1.0084213018417358,0.23803502321243286,0.4628529774283469,1,0
256,5,s20,1001,1001,0011,-1.0717694759368896,-1.1146562099456787,0.04288673400878906,0.3424071205022083,1,0
256,6,x2,1011,1011,1010,-0.01538139395415783,-4.890381336212158,4.874999942258,0.9847426533297632,1,0
256,7,t013,1011,1010,1010,-0.9050118923187256,-0.5300118923187256,-0.375,0.40453792847648506,0,0
256,8,s20,1011,1011,0011,-0.7235245108604431,-1.5638477802276611,0.840323269367218,0.48504186573962743,1,0
257,1,t123,0100,0100,0101,-1.7376067638397217,-1.9876066446304321,0.24999988079071045,0.17619989875900816,1,0
257,2,s30,0100,0100,1100,-0.7614965438842773,-1.7305775880813599,0.9690810441970825,0.4670254508598945,1,0
257,3,c12,0110,0110,0100,-0.19060680270195007,-1.8144208192825317,1.6238140165805817,0.8264660769489954,1,0
257,4,x3,0111,0111,0110,-0.01982637494802475,-4.144826412200928,4.125000037252903,0.9803727524564467,1,0
257,5,c21,0011,0011,0111,-0.1453639566898346,-2.033590078353882,1.8882261216640472,0.8647195870795692,1,0
257,6,s12,0101,0011,0011,-1.9676017761230469,-0.5886107087135315,-1.3789910674095154,0.13979206049040027,0,0
257,7,x0,1101,1101,1100,-0.07135529816150665,-3.3213553428649902,3.2500000447034836,0.931275388263669,1,0
257,8,s20,0111,1101,1101,-1.3365824222564697,-0.7543773651123047,-0.582205057144165,0.26274604184437084,0,0
258,1,c30,0110,0110,1110,-2.2022523880004883,-2.580732822418213,0.3784804344177246,0.11060294307741611,1,0
258,2,t301,0110,0110,0010,-0.8289909958839417,-1.1959341764450073,0.3669431805610657,0.43652841250654323,1,0
258,3,s10,1010,1010,0110,-0.6071298718452454,-0.9975370168685913,0.39040714502334595,0.5449896951768404,1,0
258,4,s01,0110,1010,1010,-1.0764601230621338,-0.5920006632804871,-0.48445945978164673,0.34080560595085313,0,0
258,5,t201,0110,0110,0010,-0.006211800035089254,-5.257409572601318,5.251197772566229,0.9938087281757454,1,0
258,6,s30,0110,0110,1110,-0.8815205693244934,-1.267529845237732,0.3860092759132385,0.41416304450685465,1,0
258,7,t312,0110,0110,0100,-0.3135828971862793,-1.314247488975525,1.0006645917892456,0.7308283252859719,1,0
258,8,t213,0111,0110,0110,-0.8990521430969238,-0.5240521430969238,-0.375,0.4069576024198015,0,0
259,1,s13,0110,0011,0011,-2.562203884124756,-2.1716513633728027,-0.3905525207519531,0.07716400256286945,0,0
259,2,t302,0110,0110,0100,-1.5947363376617432,-1.7341607809066772,0.13942444324493408,0.20305134475716283,1,0
259,3,x2,0100,0100,0110,-0.12670348584651947,-3.1000723838806152,2.9733688980340958,0.8810192488512336,1,0
259,4,t320,0100,0100,1100,-0.3147009313106537,-1.3239136934280396,1.0092127621173859,0.73005935876673,1,0
259,5,t301,0100,0100,0000,-0.03483837470412254,-3.444525957107544,3.4096875824034214,0.965765524153094,1,0
259,6,c30,0100,0100,1100,-0.38713449239730835,-1.138869047164917,0.7517345547676086,0.6790066328046824,1,0
259,7,t103,0100,0100,0101,-0.048994239419698715,-3.0489940643310547,2.999999824911356,0.9521877694209909,1,0
259,8,c12,0110,0110,0100,-0.18032890558242798,-1.805933952331543,1.625605046749115,0.8350021192595257,1,0
260,1,t102,0001,0001,0010,-1.4856817722320557,-1.9552910327911377,0.46960926055908203,0.22656613918414573,1,0
260,2,s21,0001,0001,0100,-0.8739271759986877,-0.9238370060920715,0.04990983009338379,0.4173225135169448,1,0
260,3,x1,0101,0101,0011,-0.010456775315105915,-4.839087963104248,4.828631187789142,0.9896013109876397,1,0
260,4,s32,0110,0110,0101,-0.5753142237663269,-1.3387892246246338,0.7634750008583069,0.5625297761239911,1,0
260,5,t032,0110,0110,0100,-0.12126310914754868,-2.251166582107544,2.1299034729599953,0.885805113968886,1,0
260,6,s31,0011,0011,0110,-0.5461620688438416,-1.0975366830825806,0.551374614238739,0.5791728766146176,1,0
260,7,c31,0111,0111,0011,-0.2587588131427765,-1.5045084953308105,1.245749682188034,0.7720134070708439,1,0
260,8,t213,0110,0110,0111,-0.28234124183654785,-1.4073412418365479,1.125,0.7540242887324365,1,0
261,1,t012,0101,0101,0110,-1.8679492473602295,-2.174197196960449,0.3062479496002197,0.15457742003700914,1,0
261,2,x2,0111,0111,0100,-0.09107274562120438,-3.716773509979248,3.6257007643580437,0.9129921544261231,1,0
261,3,x1,0011,0011,0101,-0.010252263396978378,-4.918790340423584,4.908538077026606,0.9898323300386436,1,0
261,4,s31,0110,0110,0100,-0.6749805808067322,-1.5978971719741821,0.92291659116745,0.5091675571302823,1,0
261,5,s30,0110,1110,1110,-1.1594786643981934,-0.62772136926651,-0.5317572951316833,0.31370022489435284,0,0
261,6,t201,0110,0110,0010,-0.03384124115109444,-3.409872531890869,3.3760312907397747,0.9667300774910614,1,0
261,7,c10,1110,1110,0110,-0.31643179059028625,-1.3136078119277954,0.9971760213375092,0.7288246871026909,1,0
261,8,s30,0111,1110,1110,-0.8808513283729553,-0.7261658310890198,-0.15468549728393555,0.41443360294295906,0,0
262,1,c31,0010,0010,0001,-1.9096591472625732,-2.0569112300872803,0.14725208282470703,0.1482212455000133,1,0
262,2,t021,0010,0010,0110,-0.3003554344177246,-1.75007963180542,1.4497241973876953,0.7405633089256984,1,0
262,3,c03,0010,0010,0001,-0.07994350790977478,-3.524272918701172,3.444329410791397,0.9231737663741612,1,0
262,4,c12,0010,0000,0000,-1.4443984031677246,-0.33110350370407104,-1.1132948994636536,0.23589695561319854,0,0
262,5,t102,0010,0010,0000,-0.024179207161068916,-4.452873229980469,4.4286940228194,0.976126818803091,1,0
262,6,s03,0010,0010,1010,-0.7041240334510803,-1.1713858842849731,0.4672618508338928,0.4945711669449237,1,0
262,7,t213,0010,0010,0011,-0.026012245565652847,-4.151012420654297,4.125000175088644,0.974363794482503,1,0
262,8,t032,0010,0010,0000,-0.03891919180750847,-3.3508718013763428,3.3119526095688343,0.9618301891313787,1,0
263,1,t013,0011,0010,0010,-1.9907901287078857,-1.7407901287078857,-0.25,0.13674202840763838,0,0
263,2,c23,0010,0010,0011,-0.3823223114013672,-1.7573223114013672,1.375,0.6823281194483886,1,0
263,3,t310,0010,0010,1010,-0.16085103154182434,-1.9201949834823608,1.7593439519405365,0.8514324047779657,1,0
263,4,x3,0011,0011,0010,-0.000847951858304441,-8.750847816467285,8.74999986460898,0.9991526807821143,1,0
263,5,x1,0111,0111,0001,-0.006108548026531935,-5.273848056793213,5.267739508766681,0.9939113880476567,1,0
263,6,s31,0111,0011,0011,-0.865303635597229,-0.6167203783988953,-0.24858325719833374,0.42092437534531957,0,0
263,7,x0,1111,1111,0111,-0.03910615295171738,-3.2933268547058105,3.254220701754093,0.9618457072183869,1,0
263,8,c32,1101,1101,1110,-0.07336791604757309,-3.08461594581604,3.011248029768467,0.9293213566304064,1,0
264,1,s23,1110,1110,1100,-1.854426622390747,-2.1001358032226562,0.24570918083190918,0.15666999244273486,1,0
264,2,s12,1110,1110,1011,-1.608537197113037,-1.9641854763031006,0.3556482791900635,0.20020926280767795,1,0
264,3,s12,1110,1110,1011,-0.621139645576477,-2.1523613929748535,1.5312217473983765,0.5373546205579602,1,0
264,4,t210,0110,1110,1110,-2.237032413482666,-0.22873960435390472,-2.0082928091287613,0.10678324184761114,0,0
264,5,c01,0110,0110,0010,-0.06828039884567261,-3.0905542373657227,3.02227383852005,0.9339997006702827,1,0
264,6,t012,0110,0110,0100,-0.01400173269212246,-4.520665645599365,4.506663912907243,0.9860974595997113,1,0
264,7,c13,0111,0111,0110,-0.1633976399898529,-1.9133976697921753,1.7500000298023224,0.8492592434010903,1,0
264,8,c12,0101,0101,0110,-0.06307289004325867,-3.3885247707366943,3.3254518806934357,0.9389068091906879,1,0
265,1,s13,0010,0010,0001,-1.9413560628890991,-2.130420207977295,0.1890641450881958,0.1435749580301946,1,0
265,2,t013,0010,0010,0011,-0.1886669099330902,-2.313667058944702,2.125000149011612,0.8281257194563917,1,0
265,3,x1,0110,0110,0010,-0.006231516133993864,-5.905084133148193,5.8988526170141995,0.9937950657320563,1,0
265,4,c20,1110,1110,0110,-0.6338953971862793,-0.7579242587089539,0.12402886152267456,0.5305664433319877,1,0
265,5,t023,1111,1111,1110,-0.3153234124183655,-1.3153234720230103,1.0000000596046448,0.7295555084225245,1,0
265,6,x1,1011,1011,1101,-0.0005816728807985783,-8.125658988952637,8.125077316071838,0.999422588420616,1,0
265,7,t201,1111,1111,1011,-0.13001452386379242,-2.1294620037078857,1.9994474798440933,0.8780828540230751,1,0
265,8,x3,1110,1110,1010,-0.0002525935706216842,-9.376628875732422,9.3763762821618,0.9997596893589625,1,0
266,1,t032,1011,1001,1001,-2.0981321334838867,-1.9963204860687256,-0.10181164741516113,0.12288884196909533,0,0
266,2,x3,1010,1010,1100,-0.21755626797676086,-3.831151008605957,3.613594740629196,0.804607592392377,1,0
266,3,t231,1010,1110,1110,-1.1469194889068604,-1.08829665184021,-0.05862283706665039,0.3176160931203246,0,0
266,4,c30,1010,1010,0010,-0.5768701434135437,-0.840736985206604,0.2638668417930603,0.561666947690465,1,0
266,5,s12,1100,1010,1010,-1.232546091079712,-0.7586401104927063,-0.4739059805870056,0.2915529907351054,0,0
266,6,t012,1110,1100,1100,-2.3529915809631348,-0.10388746857643127,-2.2491041123867035,0.09508643286321991,0,0
266,7,c01,1010,1010,1110,-0.0809079259634018,-2.707885980606079,2.6269780546426773,0.9222922487052069,1,0
266,8,s10,0110,1010,1010,-1.1320931911468506,-0.717212975025177,-0.4148802161216736,0.3223627500432821,0,0
267,1,c32,1101,1101,1110,-1.7995978593826294,-2.0273914337158203,0.22779357433319092,0.16546444820199266,1,0
267,2,t013,1100,1100,1101,-0.5506441593170166,-1.9256441593170166,1.375,0.5766398643671884,1,0
267,3,x1,1000,1000,1001,-0.08608505874872208,-2.8360848426818848,2.7499997839331627,0.9175290705200154,1,0
267,4,t130,1000,1000,0000,-0.3169291019439697,-1.3639432191848755,1.0470141172409058,0.7283855322900229,1,0
267,5,x1,1100,1100,1010,-0.0033627990633249283,-6.183951377868652,6.180588578805327,0.9966435665103506,1,0
267,6,s23,1100,1100,1110,-0.5076939463615417,-0.9889912605285645,0.4812973141670227,0.601887700056878,1,0
267,7,t210,1100,1100,0100,-0.10070149600505829,-2.358806610107422,2.2581051141023636,0.9042072303775912,1,0
267,8,c21,1100,1100,1000,-0.5789310336112976,-0.8801508545875549,0.3012198209762573,0.5605041728715247,1,0
268,1,t120,0100,0100,1100,-1.4028260707855225,-2.2597227096557617,0.8568966388702393,0.2461201388289994,1,0
268,2,s31,0001,0100,0100,-1.6058636903762817,-0.8436827063560486,-0.7621809840202332,0.20073428936216256,0,0
268,3,x0,1001,1001,1000,-0.18930275738239288,-2.189302682876587,1.999999925494194,0.8276798077296774,1,0
268,4,x2,1011,1011,1100,-0.008395127952098846,-6.138129234313965,6.129734106361866,0.9916507603939336,1,0
268,5,t301,1111,1111,1011,-0.36306965351104736,-1.2256736755371094,0.862604022026062,0.6955405857569922,1,0
268,6,x2,1101,1101,1011,-0.0009153400314971805,-7.818655967712402,7.817740627680905,0.9990948884541204,1,0
268,7,t103,1100,1100,1101,-0.25587671995162964,-1.6308767795562744,1.3750000596046448,0.7742545770920451,1,0
268,8,s30,0101,1100,1100,-1.7778205871582031,-0.7123250365257263,-1.0654955506324768,0.1690121078159851,0,0
269,1,s30,1101,1101,1110,-2.1494483947753906,-2.5735092163085938,0.4240608215332031,0.11659874447585444,1,0
269,2,t102,1111,1111,1110,-1.5702333450317383,-1.8202332258224487,0.24999988079071045,0.20810173423558936,1,0
269,3,c01,1011,1011,1101,-0.18523477017879486,-2.234895944595337,2.049661174416542,0.8310076044977086,1,0
269,4,t130,1011,1011,0011,-0.49785593152046204,-0.9800275564193726,0.4821716248989105,0.6078512012381097,1,0
269,5,x1,1111,1111,1001,-0.0043870992958545685,-5.760786533355713,5.756399434059858,0.9956258715485408,1,0
269,6,x1,1011,1011,0111,-0.005435554776340723,-5.671681880950928,5.666246326174587,0.9945807525219316,1,0
269,7,t312,1011,1011,1001,-0.5066399574279785,-0.9901923537254333,0.48355239629745483,0.602528292292358,1,0
269,8,x3,1010,1010,1011,-0.00043257491779513657,-8.562932014465332,8.562499439547537,0.9995923007993364,1,0
270,1,s32,0000,0010,0010,-1.9522697925567627,-1.7822357416152954,-0.17003405094146729,0.14207739498031896,0,0
270,2,s01,0000,0000,1000,-0.47255104780197144,-2.1775529384613037,1.7050018906593323,0.6234559624654837,1,0
270,3,s32,0000,0000,0010,-0.42904749512672424,-1.3781929016113281,0.9491454064846039,0.6511307084615293,1,0
270,4,x0,1000,1000,0000,-0.0715470090508461,-3.196861505508423,3.1253144964575768,0.9311463412594052,1,0
270,5,s10,0100,0100,1000,-0.7930796146392822,-0.8316176533699036,0.03853803873062134,0.45246679931811445,1,0
270,6,s23,0100,0100,0110,-0.20353642106056213,-2.3004910945892334,2.0969546735286713,0.8158465249672471,1,0
270,7,t132,0100,0100,0110,-0.038523536175489426,-3.28867769241333,3.2501541562378407,0.9622107723529884,1,0
270,8,s20,0100,0100,1100,-0.5097706317901611,-1.0905989408493042,0.5808283090591431,0.6006539157206929,1,0
271,1,x0,0010,0010,0000,-1.752865195274353,-2.383762836456299,0.6308976411819458,0.17337880344318768,1,0
271,2,s32,0001,0001,0010,-0.9816888570785522,-1.168022632598877,0.1863337755203247,0.3747263871879852,1,0
271,3,x0,1001,1001,0101,-0.12965770065784454,-2.8912367820739746,2.76157908141613,0.8785564078754688,1,0
271,4,t103,1001,1001,1000,-0.14795129001140594,-2.022951364517212,1.875000074505806,0.8624891587614717,1,0
271,5,t023,1001,1001,1000,-0.0500374399125576,-3.050037145614624,2.9999997057020664,0.9511989703573753,1,0
271,6,s30,1001,1001,0010,-0.6956278681755066,-1.727965235710144,1.0323373675346375,0.4987697729365495,1,0
271,7,s31,1100,1100,1001,-0.4837585687637329,-1.1862876415252686,0.7025290727615356,0.6164659423244997,1,0
271,8,c13,1101,1101,1100,-0.42920687794685364,-1.0542069673538208,0.6250000894069672,0.6510385984901856,1,0
272,1,t310,0101,1101,1101,-2.061415195465088,-1.8644142150878906,-0.19700098037719727,0.12734150772429312,0,0
272,2,x0,1101,1101,0001,-0.5816060900688171,-1.7455885410308838,1.1639824509620667,0.5590389360832684,1,0
272,3,s21,1011,1101,1101,-1.9105007648468018,-1.171417236328125,-0.7390835285186768,0.14801214675160174,0,0
272,4,s13,1110,1110,1011,-1.3651548624038696,-1.5791596174240112,0.2140047550201416,0.255350099547985,1,0
272,5,t301,1110,1110,1010,-0.5924608707427979,-0.9596818089485168,0.367220938205719,0.5529732644417542,1,0
272,6,c30,1110,1110,0110,-0.3870340585708618,-1.143713116645813,0.7566790580749512,0.6790756934104011,1,0
272,7,t301,1110,1110,1010,-0.22694283723831177,-1.6038320064544678,1.376889169216156,0.7969709092722628,1,0
272,8,t312,1110,1110,1100,-0.47841963171958923,-1.0537089109420776,0.5752892792224884,0.6197743488522786,1,0
273,1,x1,1000,1110,1110,-2.070618152618408,-2.0570521354675293,-0.013566017150878906,0.12619541053914488,0,0
273,2,x0,0000,0000,1100,-0.23816795647144318,-2.179074287414551,1.9409063309431076,0.7881078186853533,1,0
273,3,t123,0000,0000,0001,-0.02990550734102726,-4.154905319213867,4.12499981187284,0.9705477000067113,1,0
273,4,c02,0000,0000,0010,-0.08901668339967728,-2.464066982269287,2.37505029886961,0.914830723465809,1,0
273,5,x2,0010,0010,0001,-0.001022118842229247,-7.140987396240234,7.139965277398005,0.9989827795196514,1,0
273,6,t302,0010,0010,0000,-0.004766257479786873,-5.539944648742676,5.535178391262889,0.9952465666681194,1,0
273,7,x0,1010,1010,0110,-0.007268127519637346,-5.336756706237793,5.329488578718156,0.9930450737078115,1,0
273,8,x1,1110,1110,1000,-0.0026167919859290123,-6.551793575286865,6.549176783300936,0.9973870485649605,1,0
274,1,t123,0011,0010,0010,-1.9225188493728638,-1.7975188493728638,-0.125,0.14639084063606211,0,0
274,2,x0,1011,1011,0111,-0.45180800557136536,-2.000189781188965,1.5483817756175995,0.6366007511087833,1,0
274,3,c21,1111,1111,1011,-0.161529079079628,-2.604552984237671,2.443023905158043,0.8508506035735368,1,0
274,4,c12,1101,1101,1110,-0.0022192441392689943,-7.134709358215332,7.132490114076063,0.9978021090392323,1,0
274,5,c23,1101,1100,1100,-3.653348684310913,-0.02834874764084816,-3.624999936670065,0.025904751236493287,0,0
274,6,x0,0101,0101,1001,-0.038296643644571304,-3.6570818424224854,3.618785198777914,0.9624660241754007,1,0
274,7,x0,1101,1101,0101,-0.003051205538213253,-5.884103775024414,5.881052569486201,0.9969738561957939,1,0
274,8,x2,1111,1111,1110,-0.003708508098497987,-6.628708839416504,6.625000331318006,0.9963203591326408,1,0
275,1,x2,1111,1111,1110,-1.6459141969680786,-2.020914077758789,0.37499988079071045,0.19298064419966487,1,0
275,2,t021,1011,1011,1111,-0.8602839708328247,-0.9895800948143005,0.12929612398147583,0.42308015214690586,1,0
275,3,x3,1010,1010,1110,-0.037723612040281296,-4.773593902587891,4.735870290547609,0.9629998212081293,1,0
275,4,t230,1010,1010,0010,-0.48456868529319763,-1.1352964639663696,0.650727778673172,0.6159718174773199,1,0
275,5,c01,1110,1110,1010,-0.008754261769354343,-5.041689872741699,5.032935610972345,0.9912846235466972,1,0
275,6,x2,1100,1100,1101,-0.000701816868968308,-8.000701904296875,8.000000087427907,0.9993121077340716,1,0
275,7,t301,1100,1100,1000,-0.018333271145820618,-4.145313739776611,4.126980468630791,0.9818448717065996,1,0
275,8,s20,0110,1100,1100,-1.5988132953643799,-0.5906651020050049,-1.008148193359375,0.20214334011317817,0,0
276,1,x1,0000,0000,0110,-1.7505797147750854,-2.0342020988464355,0.2836223840713501,0.17376496803486338,1,0
276,2,s20,0000,0000,1000,-0.7250345945358276,-1.749460220336914,1.0244256258010864,0.48435841865290086,1,0
276,3,x2,0010,0010,0001,-0.027378197759389877,-4.5505781173706055,4.523199919611216,0.9730001318120681,1,0
276,4,c10,0010,0010,1010,-0.5839849710464478,-0.8970591425895691,0.31307417154312134,0.5577087675892594,1,0
276,5,s12,0100,0010,0010,-1.5051823854446411,-0.4664152264595032,-1.038767158985138,0.22197866548379494,0,0
276,6,s01,1000,0100,0100,-1.2040060758590698,-0.47823160886764526,-0.7257744669914246,0.2999966679662347,0,0
276,7,c12,1000,1010,1010,-0.8279716968536377,-0.5760706067085266,-0.2519010901451111,0.4369355649228415,0,0
276,8,t132,1000,1000,1010,-0.01113416813313961,-4.511322498321533,4.500188330188394,0.988927965066524,1,0
277,1,s31,0111,0011,0011,-2.406090021133423,-2.345585346221924,-0.06050467491149902,0.09020406906448604,0,0
277,2,c32,0101,0101,0100,-1.0311105251312256,-2.0311105251312256,1.0,0.35667713116406574,1,0
277,3,s03,1100,0101,0101,-1.59611177444458,-0.8443017601966858,-0.7518100142478943,0.20270267658405952,0,0
277,4,c32,1100,1110,1110,-1.7589656114578247,-0.47293341159820557,-1.2860321998596191,0.17222719607198447,0,0
277,5,x1,1000,1000,1001,-0.02803562581539154,-4.778035640716553,4.750000014901161,0.972362760763724,1,0
277,6,x2,1010,1010,1100,-0.0042263902723789215,-6.380577087402344,6.376350697129965,0.9957866530378076,1,0
277,7,x0,0010,0010,1010,-0.04943840950727463,-3.4860222339630127,3.436583824455738,0.9517971153783301,1,0
277,8,t013,0010,0010,0011,-0.029599379748106003,-4.029599189758301,3.999999810010195,0.9708356271471237,1,0
278,1,x3,1001,1001,1010,-1.1294682025909424,-2.332782506942749,1.2033143043518066,0.324132248676832,1,0
278,2,s31,1100,1001,1001,-1.076502799987793,-1.0763492584228516,-0.00015354156494140625,0.34079672470638966,0,0
278,3,s31,1001,1100,1100,-1.6973636150360107,-1.0807499885559082,-0.6166136264801025,0.18316938974379857,0,0
278,4,t103,1001,1001,1000,-0.5712555050849915,-0.9462555050849915,0.375,0.5648358637887871,1,0
278,5,s31,1100,1100,1001,-0.8656900525093079,-1.225403070449829,0.35971301794052124,0.4207663943741842,1,0
278,6,x0,0100,0100,1100,-0.198666512966156,-2.0891706943511963,1.8905041813850403,0.8199365484755263,1,0
278,7,x1,0000,0000,0100,-0.04470207169651985,-3.239051342010498,3.194349270313978,0.9563493895391052,1,0
278,8,t123,0000,0000,0001,-0.0050975061021745205,-5.380097389221191,5.374999883119017,0.9949154198859559,1,0
279,1,c21,1101,1001,1001,-2.393193244934082,-2.113581895828247,-0.27961134910583496,0.0913925431203397,0,0
279,2,t312,1111,1111,1101,-0.7015002369880676,-1.3573179244995117,0.6558176875114441,0.4958870423831476,1,0
279,3,t031,1011,1011,1111,-0.5888572335243225,-0.8489701747894287,0.2601129412651062,0.5549800839086606,1,0
279,4,c21,1111,1111,1011,-0.11210167407989502,-2.710348606109619,2.598246932029724,0.8939553634379219,1,0
279,5,s23,1111,1101,1101,-1.533562421798706,-0.5958990454673767,-0.9376633763313293,0.21577185387776163,0,0
279,6,c30,0111,0111,1111,-0.5764961838722229,-0.827330470085144,0.25083428621292114,0.5619060708622283,1,0
279,7,t013,0111,0110,0110,-1.0630519390106201,-0.4380519390106201,-0.625,0.3454010882102881,0,0
279,8,s03,1110,1110,0111,-0.43586525321006775,-1.5136600732803345,1.0777948200702667,0.6467106032228225,1,0
280,1,x0,1011,1011,0001,-2.296564817428589,-2.3763198852539062,0.07975506782531738,0.10066929102851177,1,0
280,2,t102,1011,1001,1001,-1.2142635583877563,-0.7663573622703552,-0.4479061961174011,0.2969637785675166,0,0
280,3,x0,0011,0011,1111,-0.13014841079711914,-2.547171115875244,2.417022705078125,0.8780283955233906,1,0
280,4,c20,1011,1011,0011,-0.47919490933418274,-0.9768843650817871,0.49768945574760437,0.6193061338032296,1,0
280,5,x1,1111,1111,0111,-0.00389103963971138,-6.405792713165283,6.401901673525572,0.9961183140237522,1,0
280,6,t302,1101,1101,1111,-0.025466516613960266,-3.8756489753723145,3.850182458758354,0.9749413402943152,1,0
280,7,s10,1101,0101,0101,-0.8292413949966431,-0.5997244715690613,-0.2295169234275818,0.4364052897733638,0,0
280,8,c12,1111,1111,1101,-0.058796197175979614,-3.299302101135254,3.2405059039592743,0.9429063992250213,1,0
281,1,x1,0001,0001,0111,-1.8876864910125732,-2.312358856201172,0.42467236518859863,0.15153335080028377,1,0
281,2,c10,0001,0001,1001,-0.7415444850921631,-0.7893799543380737,0.047835469245910645,0.47639670244672017,1,0
281,3,c13,0001,0000,0000,-0.7012293934822083,-0.7012293934822083,0.0,0.49598112324021054,0,1
281,4,x3,0000,0000,0011,-0.00013303366722539067,-9.60032844543457,9.600195411767345,0.9998748853113157,1,0
281,5,s31,0000,0100,0100,-1.1487010717391968,-0.4103856086730957,-0.7383154630661011,0.31705018345130054,0,0
281,6,s02,0000,0000,1000,-0.20818565785884857,-1.7515519857406616,1.543366327881813,0.8120582791159402,1,0
281,7,s20,0000,0000,1000,-0.47463372349739075,-0.9938439130783081,0.5192101895809174,0.622117630768542,1,0
281,8,s13,0000,0100,0100,-0.8321075439453125,-0.5965321660041809,-0.2355753779411316,0.43513157803288915,0,0
282,1,s31,0011,0110,0110,-2.3325657844543457,-2.2230472564697266,-0.10951852798461914,0.0970889024549242,0,0
282,2,s02,1001,0000,0000,-2.6567938327789307,-2.3154056072235107,-0.3413882255554199,0.0701884446869191,0,0
282,3,t213,1001,1000,1000,-1.9300103187561035,-1.6800103187561035,-0.25,0.14526427801259253,0,0
282,4,s01,0101,1001,1001,-1.2034825086593628,-1.0999935865402222,-0.10348892211914062,0.30015871436310076,0,0
282,5,x1,0001,0001,0111,-0.07376754283905029,-3.059481620788574,2.985714077949524,0.9289067579284751,1,0
282,6,s20,0001,0001,1000,-0.8930602073669434,-0.9231629371643066,0.03010272979736328,0.4094109977449163,1,0
282,7,c12,0001,0011,0011,-2.018019914627075,-0.14427977800369263,-1.8737401366233826,0.13291846465140308,0,0
282,8,x1,0101,0101,0011,-0.02981971576809883,-3.5312910079956055,3.5014712922275066,0.9706312382499434,1,0
283,1,t123,1100,1100,1101,-1.4739278554916382,-1.5989278554916382,0.125,0.2293837061694982,1,0
283,2,s01,1100,1100,0100,-1.3333660364151,-1.4034531116485596,0.07008707523345947,0.26370099210780595,1,0
283,3,x2,1110,1110,1111,-0.010361107997596264,-5.3853607177734375,5.374999609775841,0.9896963079753315,1,0
283,4,t301,1110,1110,1010,-0.5374327898025513,-0.9888714551925659,0.45143866539001465,0.5842504990651977,1,0
283,5,x0,0110,0110,1110,-0.02021663635969162,-4.654749870300293,4.634533233940601,0.9800815975562146,1,0
283,6,c21,0010,0010,0110,-0.18812140822410583,-1.9139262437820435,1.7258048355579376,0.8285223518911662,1,0
283,7,x1,0110,0110,0000,-0.004219540394842625,-6.080580234527588,6.076360694132745,0.9957908916870328,1,0
283,8,s13,0011,0011,0110,-0.35790884494781494,-1.493346929550171,1.135438084602356,0.6991376501502711,1,0
284,1,t213,0010,0010,0000,-1.9088894128799438,-2.0261311531066895,0.1172417402267456,0.14845033045791323,1,0
284,2,c12,0010,0000,0000,-2.065948247909546,-0.5268835425376892,-1.5390647053718567,0.12669992767714125,0,0
284,3,s13,0010,0110,0110,-1.8554551601409912,-0.5466178059577942,-1.308837354183197,0.15638207093800338,0,0
284,4,c31,0010,0110,0110,-2.6955771446228027,-0.10405848920345306,-2.5915186554193497,0.06750344926545179,0,0
284,5,x1,0110,0110,0010,-0.0007615041104145348,-7.78863000869751,7.787868504587095,0.9992392741443639,1,0
284,6,c12,0100,0100,0110,-0.011268305592238903,-4.511849403381348,4.500581097789109,0.9888026495239807,1,0
284,7,t203,0100,0100,0101,-0.003387155942618847,-5.753386974334717,5.749999818392098,0.9966191326811986,1,0
284,8,c32,0100,0110,0110,-1.137682557106018,-0.3871384263038635,-0.7505441308021545,0.3205639500078315,0,0
285,1,t012,0011,0011,0001,-1.9906877279281616,-2.043522834777832,0.05283510684967041,0.13672073491624848,1,0
285,2,c13,0011,0010,0010,-1.5896470546722412,-0.3396470844745636,-1.2499999701976776,0.20400832369857239,0,0
285,3,c01,0011,0111,0111,-2.128570079803467,-0.1883799284696579,-1.940190151333809,0.11900781585651547,0,0
285,4,c30,1011,1011,0011,-0.576488196849823,-0.826117753982544,0.24962955713272095,0.5619087003207228,1,0
285,5,t032,1001,1001,1011,-0.17991924285888672,-1.8124899864196777,1.632570743560791,0.835342771231799,1,0
285,6,c13,1001,1000,1000,-2.0179014205932617,-0.14290156960487366,-1.874999850988388,0.13293452752671225,0,0
285,7,c20,1001,1001,0001,-0.6933572292327881,-0.6978701949119568,0.004512965679168701,0.49990121191487896,1,0
285,8,c32,1011,1011,1001,-0.09358850866556168,-2.4658966064453125,2.372308097779751,0.9106612375303814,1,0
286,1,t302,0111,0101,0101,-2.5658092498779297,-2.1572675704956055,-0.4085416793823242,0.07692970056671893,0,0
286,2,c30,1111,1111,0111,-0.6991930603981018,-0.9712533950805664,0.2720603346824646,0.49705666818885746,1,0
286,3,t123,1110,1110,1111,-0.31874337792396545,-1.4437434673309326,1.1250000894069672,0.727105145973512,1,0
286,4,s03,0111,1110,1110,-1.0364147424697876,-0.7344636917114258,-0.3019510507583618,0.3547399724743604,0,0
286,5,x0,1111,1111,1110,-0.12082286179065704,-2.6208229064941406,2.5000000447034836,0.886290305903168,1,0
286,6,s10,1111,0111,0111,-0.8608424663543701,-0.743025004863739,-0.1178174614906311,0.42282358264557224,0,0
286,7,x3,1110,1110,0110,-0.0007746947812847793,-8.005622863769531,8.004848168988246,0.999228542785432,1,0
286,8,c32,1110,1100,1100,-2.5544254779815674,-0.1002405509352684,-2.454184927046299,0.0777457239131507,0,0
287,1,x3,0011,0011,0000,-1.667018175125122,-1.8582807779312134,0.1912626028060913,0.1890611090371269,1,0
287,2,t102,0011,0011,0001,-0.45300376415252686,-1.8123741149902344,1.3593703508377075,0.6357499850815785,1,0
287,3,x0,1011,1011,0111,-0.15739627182483673,-2.7414088249206543,2.5840125530958176,0.8547726006687933,1,0
287,4,x2,1001,1001,1110,-0.0028395841363817453,-6.739720821380615,6.7368812372442335,0.9972014832905666,1,0
287,5,x0,0001,0001,1001,-0.08954276889562607,-2.8799214363098145,2.7903786674141884,0.9143541895934191,1,0
287,6,x3,0000,0000,0001,-0.0030650440603494644,-6.69056510925293,6.68750006519258,0.997032227479918,1,0
287,7,t231,0000,0000,0100,-0.0019369146320968866,-6.502699375152588,6.500762460520491,0.9980678675298262,1,0
287,8,t201,0000,0000,1000,-0.0002691560657694936,-8.750813484191895,8.750544328126125,0.999730969361333,1,0
288,1,c23,0000,0000,0001,-1.596534252166748,-1.596534252166748,0.0,0.20306739676607205,0,1
288,2,s23,0000,0000,0010,-0.37716880440711975,-1.987114667892456,1.6099458634853363,0.6858182015452021,1,0
288,3,t102,0000,0000,0010,-0.007457919418811798,-5.620205879211426,5.612747959792614,0.992573692796976,1,0
288,4,x0,1000,1000,0000,-0.10067727416753769,-2.670422077178955,2.5697448030114174,0.9045840952125557,1,0
288,5,s13,1000,1000,1100,-0.3332828879356384,-1.496641755104065,1.1633588671684265,0.7165683268537183,1,0
288,6,t132,1000,1000,1010,-0.07901491969823837,-2.5791072845458984,2.50009236484766,0.924026499134203,1,0
288,7,x3,1001,1001,1010,-0.0004012255812995136,-8.430232048034668,8.429830822453368,0.9996005531933555,1,0
288,8,x1,1101,1101,1011,-0.002051771618425846,-6.752708911895752,6.750657140277326,0.9979517219016992,1,0
289,1,s30,0000,0000,1000,-1.9986827373504639,-2.2104885578155518,0.2118058204650879,0.13559021223019596,1,0
289,2,c20,0000,0000,1000,-0.6185369491577148,-0.8669092655181885,0.24837231636047363,0.5387663628572892,1,0
289,3,s20,0000,0000,1000,-0.3873888850212097,-1.1582287549972534,0.7708398699760437,0.6788485771271234,1,0
289,4,x1,0100,0100,0010,-0.00681464234367013,-5.061718463897705,5.054903821554035,0.9932104960239067,1,0
289,5,x1,0000,0000,0110,-0.028439398854970932,-3.8529162406921387,3.8244768418371677,0.9719967557446795,1,0
289,6,t132,0000,0000,0010,-0.018419351428747177,-4.0184197425842285,4.000000391155481,0.9817507758489884,1,0
289,7,c21,0000,0000,0100,-0.38757312297821045,-1.1371046304702759,0.7495315074920654,0.6787050973931834,1,0
289,8,s32,0000,0000,0010,-0.40113380551338196,-1.1384727954864502,0.7373389899730682,0.6695606254625346,1,0
290,1,t312,1100,1110,1110,-1.6459856033325195,-1.5110328197479248,-0.13495278358459473,0.19300826943090074,0,0
290,2,x2,1110,1110,0000,-0.16788654029369354,-3.9721930027008057,3.804306462407112,0.8454926739285358,1,0
290,3,x2,1100,1100,1111,-0.006920322310179472,-6.174539566040039,6.16761924372986,0.9931193284056457,1,0
290,4,s13,1001,1100,1100,-1.2171344757080078,-0.8809906840324402,-0.3361437916755676,0.2960872586264903,0,0
290,5,t321,1001,1001,1101,-0.580958366394043,-1.2574787139892578,0.6765203475952148,0.5593673646578742,1,0
290,6,c31,1101,1101,1001,-0.18672850728034973,-1.8050806522369385,1.6183521449565887,0.8296710523238375,1,0
290,7,s10,1101,1101,0101,-0.6934715509414673,-0.7453859448432922,0.05191439390182495,0.4998404891877625,1,0
290,8,c03,1100,1100,1101,-0.005517769139260054,-5.255517959594727,5.2500001904554665,0.9945312706026874,1,0
291,1,x1,1001,1001,1111,-1.8423125743865967,-2.194821834564209,0.3525092601776123,0.1585172975866093,1,0
291,2,x3,1000,1000,0010,-0.043073974549770355,-5.322425365447998,5.279351390898228,0.9578984383705689,1,0
291,3,x2,1010,1010,1001,-0.007260728161782026,-5.144687175750732,5.13742644758895,0.9927679288670087,1,0
291,4,x1,1110,1110,1010,-0.07337424159049988,-2.915417432785034,2.8420431911945343,0.9292581769941277,1,0
291,5,c10,0110,0110,1110,-0.4869576096534729,-0.9748350977897644,0.4878774881362915,0.614551784879973,1,0
291,6,t321,0110,0110,0010,-0.20464596152305603,-1.727476954460144,1.522830992937088,0.8149416246816131,1,0
291,7,s02,1100,0110,0110,-1.2319300174713135,-0.5918185114860535,-0.64011150598526,0.2917329588905803,0,0
291,8,s03,0101,1100,1100,-1.7386584281921387,-0.547308623790741,-1.1913498044013977,0.1757580537662004,0,0
292,1,c12,1000,1010,1010,-1.8690636157989502,-1.646903395652771,-0.2221602201461792,0.15457589364015825,0,0
292,2,t032,1000,1000,1010,-0.23547177016735077,-2.0238516330718994,1.7883798629045486,0.790274283073879,1,0
292,3,s10,0100,1000,1000,-1.43084716796875,-0.8289357423782349,-0.6019114255905151,0.23913109095258997,0,0
292,4,s31,0001,0100,0100,-1.1958740949630737,-0.748009443283081,-0.4478646516799927,0.3024429733416243,0,0
292,5,t123,0001,0001,0000,-0.04170703887939453,-3.4167070388793945,3.375,0.9591613054516812,1,0
292,6,c21,0001,0101,0101,-2.1315717697143555,-0.13801828026771545,-1.99355348944664,0.1186508346890384,0,0
292,7,c01,0001,0001,0101,-5.2212995797162876e-05,-10.392841339111328,10.392789126115531,0.9999480372220532,1,0
292,8,x3,0000,0000,0011,-0.00028715282678604126,-8.523479461669922,8.523192308843136,0.9997605056898657,1,0
293,1,c01,1110,1110,1000,-2.37546443939209,-2.425175666809082,0.04971122741699219,0.09302045977638926,1,0
293,2,s21,1110,1110,1011,-1.2021397352218628,-1.525510549545288,0.3233708143234253,0.3005868088457569,1,0
293,3,t120,0110,1110,1110,-0.7405025362968445,-0.7063702940940857,-0.03413224220275879,0.4769070302969324,0,0
293,4,s32,0101,0101,0110,-1.0913796424865723,-1.216380000114441,0.12500035762786865,0.33576780225141534,1,0
293,5,x0,1101,1101,1100,-0.2903464436531067,-1.6653465032577515,1.3750000596046448,0.7481076859380805,1,0
293,6,t120,1101,1101,0101,-0.6945260167121887,-0.709460973739624,0.014934957027435303,0.4993199440724551,1,0
293,7,s03,1101,1101,0101,-1.0543553829193115,-1.357506275177002,0.30315089225769043,0.3484306361961239,1,0
293,8,x2,1111,1111,1100,-0.005569511093199253,-5.39227819442749,5.386708683334291,0.994475666296552,1,0
294,1,x2,0101,0100,0100,-2.0920352935791016,-2.0920352935791016,0.0,0.1235257280382442,0,1
294,2,x1,0001,0001,0111,-0.24357903003692627,-2.3654894828796387,2.1219104528427124,0.7838545895632496,1,0
294,3,s01,0001,0001,1001,-0.6061486601829529,-0.9877879619598389,0.381639301776886,0.54546862262735,1,0
294,4,c31,0101,0101,0001,-0.08977171033620834,-2.465195894241333,2.3754241839051247,0.914141603013041,1,0
294,5,s12,0011,0101,0101,-1.224050760269165,-0.5563890337944031,-0.667661726474762,0.2940378333239459,0,0
294,6,x3,0010,0010,0110,-0.0009763697744347155,-8.306684494018555,8.30570812424412,0.9990396625551963,1,0
294,7,s12,0100,0010,0010,-1.1918022632598877,-0.7149344682693481,-0.47686779499053955,0.303673850808212,0,0
294,8,c01,0100,0100,0000,-0.011413534171879292,-4.525418281555176,4.5140047473832965,0.9886548115752284,1,0
295,1,c20,1011,0011,0011,-2.193883180618286,-2.1304526329040527,-0.0634305477142334,0.11155648735146985,0,0
295,2,x0,0011,0011,1111,-0.3988368809223175,-2.7969305515289307,2.398093670606613,0.671139271801416,1,0
295,3,t123,0011,0011,0010,-0.5521647334098816,-0.9271647334098816,0.375,0.5757174910548822,1,0
295,4,c21,0111,0111,0011,-0.11572390794754028,-2.5809762477874756,2.4652523398399353,0.8907237232954057,1,0
295,5,t312,0101,0101,0111,-0.18270538747310638,-1.8084642887115479,1.6257589012384415,0.8330211210991649,1,0
295,6,s03,1100,1100,0101,-0.5324355363845825,-0.9855225086212158,0.4530869722366333,0.5871902499854819,1,0
295,7,s03,0101,1100,1100,-1.692124843597412,-0.6161460280418396,-1.0759788155555725,0.18412885999886477,0,0
295,8,s12,0011,0101,0101,-1.1480586528778076,-1.001536250114441,-0.1465224027633667,0.3172546091411978,0,0
296,1,c03,0000,0001,0001,-1.5529093742370605,-1.3029093742370605,-0.25,0.21209411033956063,0,0
296,2,s13,0000,0000,0100,-0.6646389961242676,-1.176206350326538,0.5115673542022705,0.5144632949357036,1,0
296,3,s31,0000,0100,0100,-0.8374448418617249,-0.6691626310348511,-0.16828221082687378,0.43281584812243407,0,0
296,4,s03,0000,0000,1000,-0.20305944979190826,-1.7278637886047363,1.524804338812828,0.816237938101437,1,0
296,5,s30,0000,0000,1000,-0.5778652429580688,-0.8525028228759766,0.2746375799179077,0.561099675942901,1,0
296,6,t310,0000,0000,1000,-0.0011868778383359313,-6.751398086547852,6.750211208709516,0.9988137312740615,1,0
296,7,c01,0000,0000,0100,-0.0005352491280063987,-7.625619888305664,7.625084639177658,0.9994649685846739,1,0
296,8,x2,0010,0010,0100,-0.00011860977974720299,-9.502218246459961,9.502099636680214,0.9998840731408386,1,0
297,1,t120,1010,1010,0010,-1.6274875402450562,-2.437129259109497,0.8096417188644409,0.19657086760885562,1,0
297,2,x2,1000,1000,1011,-0.2951362729072571,-2.394075393676758,2.0989391207695007,0.7446687974354332,1,0
297,3,t012,1000,1000,1010,-0.01483590342104435,-4.390164375305176,4.375328471884131,0.9852844460167559,1,0
297,4,c13,1000,1001,1001,-1.137685775756836,-0.38768574595451355,-0.7500000298023224,0.3205643292763844,0,0
297,5,t312,1000,1000,1010,-0.004203690681606531,-5.504392147064209,5.5001884563826025,0.9958059118135407,1,0
297,6,t102,1000,1000,1010,-0.001961873145774007,-6.252018928527832,6.250057055382058,0.9980403608706486,1,0
297,7,c03,1001,1001,1000,-0.01817093975841999,-4.018170356750488,3.9999994169920683,0.9819937928324387,1,0
297,8,x0,0001,0001,1101,-0.013904550112783909,-4.484062194824219,4.470157644711435,0.9870325348298249,1,0
298,1,s01,1100,0100,0100,-1.895938515663147,-1.671366810798645,-0.22457170486450195,0.15023980218152802,0,0
298,2,c12,1110,1110,1100,-0.4056563377380371,-2.188603401184082,1.782947063446045,0.6666824368763451,1,0
298,3,x2,1100,1100,1111,-0.006894134450703859,-6.9162116050720215,6.909317470621318,0.9931551909984812,1,0
298,4,s12,1010,1100,1100,-1.4860405921936035,-0.62333083152771,-0.8627097606658936,0.22627539763493693,0,0
298,5,c02,1000,1000,1010,-0.04100585728883743,-3.54986834526062,3.5088624879717827,0.959847635985636,1,0
298,6,c23,1000,1001,1001,-0.9006859064102173,-0.5256859064102173,-0.375,0.4062938852927126,0,0
298,7,s30,0001,1000,1000,-1.0401763916015625,-0.8461236357688904,-0.19405275583267212,0.35341685438243103,0,0
298,8,x2,0011,0011,0010,-0.0043216245248913765,-5.879321575164795,5.8749999506399035,0.9956946626509794,1,0
299,1,c12,0011,0001,0001,-2.4233779907226562,-1.7828670740127563,-0.6405109167098999,0.08869975469036259,0,0
299,2,c30,1011,1011,0011,-0.8054712414741516,-0.9198565483093262,0.11438530683517456,0.44691574919081073,1,0
299,3,s03,1011,1011,0110,-0.8057484030723572,-1.4819128513336182,0.676164448261261,0.44676375328784024,1,0
299,4,t201,1111,1111,1011,-0.11241871863603592,-2.4696414470672607,2.357222728431225,0.893673213276082,1,0
299,5,s32,1111,1101,1101,-2.663687229156494,-0.30492103099823,-2.358766198158264,0.06969401945506572,0,0
299,6,s01,1111,0111,0111,-0.9535517692565918,-0.5852512121200562,-0.36830055713653564,0.38537898515370667,0,0
299,7,s10,1111,1111,0111,-0.7142175436019897,-0.7515583634376526,0.03734081983566284,0.4895971074131223,1,0
299,8,x2,1101,1101,0101,-0.0078111798502504826,-6.920184135437012,6.912372955586761,0.9922629541988564,1,0
