example_id,step,gate,gold_state,best_state,best_wrong_state,gold_logprob,best_wrong_logprob,margin,gold_prob16,local_correct,tie
0,1,s30,0110,0110,1110,-1.7809991836547852,-2.501563787460327,0.720564603805542,0.16869181535764838,1,0
0,2,c13,0111,0111,0000,-0.1943560242652893,-4.096312522888184,3.9019564986228943,0.8236832211208999,1,0
0,3,t132,0101,0101,0111,-0.4454205632209778,-1.0790727138519287,0.6336521506309509,0.6406109425170381,1,0
0,4,x2,0111,0111,0001,-0.006431296467781067,-5.948185920715332,5.941754624247551,0.9935994470423585,1,0
0,5,c10,1111,1111,0111,-0.030517438426613808,-3.530837059020996,3.5003196205943823,0.9704152078343458,1,0
0,6,t201,1011,1011,1111,-0.01447470672428608,-4.3901448249816895,4.375670118257403,0.9856473703337814,1,0
0,7,s12,1101,1101,1011,-0.15675604343414307,-2.3520963191986084,2.1953402757644653,0.8549978484256945,1,0
0,8,t302,1111,1111,1101,-0.017195841297507286,-4.264920711517334,4.247724870219827,0.9831771281837588,1,0
1,1,s31,1010,1010,1101,-1.4628208875656128,-2.158643960952759,0.695823073387146,0.23171509593063655,1,0
1,2,c30,1010,1010,0010,-0.7287126779556274,-0.8055311441421509,0.07681846618652344,0.48257441029363346,1,0
1,3,t301,1010,1110,1110,-1.4082225561141968,-0.284710168838501,-1.1235123872756958,0.24460800813286027,0,0
1,4,c01,1110,1110,1010,-0.00653449259698391,-5.194770812988281,5.188236320391297,0.9936645614336985,1,0
1,5,x2,1100,1100,1101,-0.0034771461505442858,-5.753476619720459,5.749999473569915,0.9965841012064554,1,0
1,6,s01,1100,1100,0100,-0.6935141682624817,-0.7150211930274963,0.02150702476501465,0.4999720661573352,1,0
1,7,c01,1000,1000,1100,-0.011220683343708515,-4.511237621307373,4.5000169379636645,0.988856200287254,1,0
1,8,c20,1000,1000,0000,-0.5759978294372559,-0.8262146711349487,0.25021684169769287,0.5621697854397746,1,0
2,1,c32,1101,1101,1110,-1.0481081008911133,-1.921987771987915,0.8738796710968018,0.3508558047016108,1,0
2,2,s12,1011,1101,1101,-1.5566508769989014,-0.6888300180435181,-0.8678208589553833,0.21085531878202612,0,0
2,3,x0,0011,0011,1111,-0.35975202918052673,-1.3985015153884888,1.038749486207962,0.6978855704526864,1,0
2,4,x0,1011,1011,0011,-0.018510984256863594,-4.162877559661865,4.144366575405002,0.9817389676671553,1,0
2,5,s30,1011,1011,0011,-0.6194924712181091,-1.2139685153961182,0.594476044178009,0.5382326940723428,1,0
2,6,t120,1011,0011,0011,-0.9747443199157715,-0.4817937910556793,-0.49295052886009216,0.377324811192588,0,0
2,7,c30,0011,0011,1011,-0.576306164264679,-0.8288432359695435,0.2525370717048645,0.5620045439994814,1,0
2,8,x1,0111,0111,0011,-0.0012892059748992324,-7.694037914276123,7.692748708301224,0.9987963324643283,1,0
3,1,t031,1111,1111,1011,-1.6902908086776733,-1.8801168203353882,0.18982601165771484,0.18460273511820963,1,0
3,2,s01,1111,0111,0111,-1.082475185394287,-1.023613452911377,-0.058861732482910156,0.33883586624523176,0,0
3,3,c21,1011,1011,1111,-0.03669173642992973,-3.4867541790008545,3.4500624425709248,0.9648579097489388,1,0
3,4,c30,0011,0011,1011,-0.5235586762428284,-0.8990635871887207,0.37550491094589233,0.5924428449248132,1,0
3,5,s10,0011,1010,1010,-1.3163219690322876,-0.5121144652366638,-0.8042075037956238,0.268276435652472,0,0
3,6,s10,0011,0011,1011,-0.5767338275909424,-0.9192039370536804,0.34247010946273804,0.5618657793239614,1,0
3,7,x3,0010,0010,0001,-0.00020038279762957245,-9.423785209655762,9.423584826858132,0.9998103140705196,1,0
3,8,t013,0010,0010,0011,-0.00039562006713822484,-8.375394821166992,8.374999201099854,0.9996088704291508,1,0
4,1,s03,0011,1010,1010,-2.332258701324463,-1.9550684690475464,-0.3771902322769165,0.0971417665848567,0,0
4,2,s23,0011,0001,0001,-2.0230658054351807,-1.721267819404602,-0.3017979860305786,0.1323284779583876,0,0
4,3,s31,0110,0110,0011,-1.152501106262207,-1.3842839002609253,0.23178279399871826,0.3158932821996254,1,0
4,4,x1,0010,0010,0011,-0.37930044531822205,-1.8793004751205444,1.5000000298023224,0.6844757401782265,1,0
4,5,x1,0110,0110,0010,-0.011841125786304474,-4.868589878082275,4.856748752295971,0.9887149815045985,1,0
4,6,c03,0110,0110,1110,-0.0013696147361770272,-8.220839500427246,8.219469885691069,0.9986532732858278,1,0
4,7,s01,1010,1010,0110,-0.3433266282081604,-1.3134344816207886,0.9701078534126282,0.7094965508471345,1,0
4,8,x3,1011,1011,0011,-0.0019368526991456747,-7.36220121383667,7.360264361137524,0.9981107666335618,1,0
5,1,c32,0110,0100,0100,-2.042175531387329,-1.7919694185256958,-0.2502061128616333,0.1300029508420521,0,0
5,2,s23,0101,0110,0110,-1.1190069913864136,-0.5348389148712158,-0.5841680765151978,0.3266191837693516,0,0
5,3,s20,0101,0101,1100,-1.0757369995117188,-1.4856196641921997,0.40988266468048096,0.3411109198180979,1,0
5,4,t132,0111,0111,0101,-0.5788288712501526,-0.8286628127098083,0.24983394145965576,0.5605700769974318,1,0
5,5,x1,0011,0011,0101,-0.019443955272436142,-4.550571918487549,4.531127963215113,0.9818927926368394,1,0
5,6,x2,0001,0001,0011,-0.0020201934967190027,-6.725461483001709,6.72344128950499,0.997985340439336,1,0
5,7,t320,0001,0001,1001,-0.5762911438941956,-0.8260626196861267,0.24977147579193115,0.5620327514848225,1,0
5,8,s10,0001,0001,1001,-0.5785868763923645,-1.027817964553833,0.4492310881614685,0.5609491586878206,1,0
6,1,t230,1101,1101,0101,-1.3455767631530762,-2.014815092086792,0.6692383289337158,0.26061682364661803,1,0
6,2,t031,1001,1101,1101,-0.9180741906166077,-0.5431557297706604,-0.37491846084594727,0.39930753906040256,0,0
6,3,x0,0001,0001,1101,-0.004271257668733597,-5.514071941375732,5.509800683706999,0.9957425148480091,1,0
6,4,t230,0001,0001,1001,-0.20145589113235474,-1.7015336751937866,1.5000777840614319,0.8175666125364526,1,0
6,5,c32,0011,0011,0001,-0.04320899397134781,-3.168114423751831,3.1249054297804832,0.957724548654027,1,0
6,6,t013,0011,0011,1010,-0.00011801355140050873,-10.099405288696289,10.099287275144889,0.9998836327085118,1,0
6,7,c20,1011,1011,0011,-0.2521076798439026,-1.5020450353622437,1.249937355518341,0.7772338292567431,1,0
6,8,x1,1111,1111,1001,-0.008783104829490185,-4.854705333709717,4.845922228880227,0.9912848409434556,1,0
7,1,t102,0110,0110,0100,-1.4972978830337524,-2.09867525100708,0.6013773679733276,0.22431787581106513,1,0
7,2,c02,0110,0110,1000,-0.017651822417974472,-6.1106414794921875,6.092989657074213,0.9825245177550804,1,0
7,3,x2,0100,0100,0010,-0.001989944139495492,-7.134931564331055,7.132941620191559,0.9980155235242213,1,0
7,4,c30,0100,1100,1100,-0.6933555603027344,-0.6933048963546753,-5.066394805908203e-05,0.4999612246995946,0,0
7,5,x0,1100,1100,0100,-0.0010769035434350371,-7.506248474121094,7.505171570577659,0.9993878874456669,1,0
7,6,x3,1101,1101,1100,-0.0001764250046107918,-9.625176429748535,9.625000004743924,0.9998480758033743,1,0
7,7,x2,1111,1111,1100,-0.002161748241633177,-6.252566814422607,6.250405066180974,0.9978610234483961,1,0
7,8,t120,0111,0111,1111,-0.3869403600692749,-1.1369346380233765,0.7499942779541016,0.6791644645903221,1,0
8,1,c32,0101,0101,0110,-1.3271281719207764,-2.075840473175049,0.7487123012542725,0.2656240057796673,1,0
8,2,t123,0101,0101,0100,-0.45522403717041016,-1.3302241563796997,0.8750001192092896,0.6343926340821293,1,0
8,3,x1,0001,0001,0111,-0.009145522490143776,-5.148311614990234,5.139166092500091,0.9913729745408311,1,0
8,4,s30,1000,0001,0001,-0.8442012667655945,-0.5760902762413025,-0.268110990524292,0.42994592856216535,0,0
8,5,t103,1000,1000,1001,-0.0012462417362257838,-6.751246452331543,6.750000210595317,0.9987661523802768,1,0
8,6,c13,1000,1000,1001,-0.0017547408351674676,-6.3767547607421875,6.37500001990702,0.9982515894787888,1,0
8,7,t301,1000,1000,1100,-0.0086841294541955,-4.7586469650268555,4.74996283557266,0.9913600145438345,1,0
8,8,x1,1100,1100,1010,-0.0017103954451158643,-6.4466471672058105,6.444936771760695,0.9982922660648843,1,0
9,1,c23,1100,1100,1101,-1.0759696960449219,-1.5759696960449219,0.5,0.34180025504173084,1,0
9,2,s32,1100,1110,1110,-0.8467082977294922,-0.6670539975166321,-0.1796543002128601,0.42884923444577905,0,0
9,3,s01,1100,1100,0100,-0.8327139019966125,-1.027958869934082,0.19524496793746948,0.43517048475674874,1,0
9,4,s03,0101,1100,1100,-0.7950034141540527,-0.6942691802978516,-0.10073423385620117,0.45164483387796694,0,0
9,5,x2,0111,0111,0001,-0.013858241960406303,-5.6205596923828125,5.606701450422406,0.986263897908345,1,0
9,6,t013,0111,0111,0110,-0.024787042289972305,-3.899786949157715,3.8749999068677425,0.9755259139728877,1,0
9,7,s03,1110,1110,0111,-0.29667699337005615,-1.4064804315567017,1.1098034381866455,0.7433455580177606,1,0
9,8,x3,1111,1111,0111,-0.00029132471536286175,-8.895350456237793,8.89505913152243,0.99972067391562,1,0
10,1,t210,1101,1101,0101,-1.3352560997009277,-2.1131386756896973,0.7778825759887695,0.2634202566767674,1,0
10,2,s30,1101,1101,0101,-0.8324204683303833,-1.2037814855575562,0.37136101722717285,0.43504278960173626,1,0
10,3,c31,1001,1001,1101,-0.47466573119163513,-0.9747434258460999,0.5000776946544647,0.6221054710383981,1,0
10,4,c32,1011,1011,1001,-0.00969956535845995,-4.7595906257629395,4.7498910604044795,0.990355288471452,1,0
10,5,x0,0011,0011,1111,-0.0022493565920740366,-6.170668125152588,6.168418768560514,0.9978083943075431,1,0
10,6,x0,1011,1011,0011,-0.0005860051605850458,-9.004171371459961,9.003585366299376,0.9998322881098213,1,0
10,7,t213,1011,1010,1010,-7.375760078430176,-0.0007599962409585714,-7.375000082189217,0.0006262542340727293,0,0
10,8,s13,1110,1110,1101,-0.0923876017332077,-3.0215790271759033,2.9291914254426956,0.9118014164846481,1,0
11,1,x3,1101,1101,1110,-0.825927734375,-2.5482921600341797,1.7223644256591797,0.43872046210899934,1,0
11,2,x0,0101,0101,1000,-0.053144700825214386,-4.739139556884766,4.685994856059551,0.9483335443000142,1,0
11,3,t213,0101,0101,0100,-0.14534276723861694,-2.1453428268432617,2.0000000596046448,0.8647567505647284,1,0
11,4,c02,0101,0101,1111,-0.0003516418510116637,-9.290085792541504,9.289734150690492,0.9996536573448425,1,0
11,5,c32,0111,0111,0101,-0.006458952557295561,-5.131542205810547,5.125083253253251,0.9935692267434929,1,0
11,6,t120,1111,1111,0111,-0.5762311220169067,-0.8260324001312256,0.24980127811431885,0.5620598433887501,1,0
11,7,s03,1111,1111,0111,-0.4745386838912964,-0.9742109775543213,0.4996722936630249,0.622186082362679,1,0
11,8,c23,1110,1110,1101,-0.0003577204770408571,-8.641378402709961,8.64102068223292,0.999646304394385,1,0
12,1,x1,0011,0011,0010,-1.5490548610687256,-2.4240548610687256,0.875,0.21263367259805346,1,0
12,2,c02,0011,0011,1000,-0.07511142641305923,-4.544016361236572,4.468904934823513,0.9276845953382113,1,0
12,3,c30,1011,1011,0011,-0.3134269118309021,-1.3145102262496948,1.0010833144187927,0.7309650463216207,1,0
12,4,c31,1111,1111,1011,-0.025328736752271652,-3.775702476501465,3.750373739749193,0.9750157545910164,1,0
12,5,s10,1111,1111,0111,-0.5232906937599182,-0.8987100720405579,0.37541937828063965,0.5926247587041042,1,0
12,6,c13,1110,1110,1010,-0.0009078743169084191,-8.373931884765625,8.373024010448717,0.9991481397094288,1,0
12,7,t302,1110,1100,1100,-3.4106881618499756,-0.03591463714838028,-3.3747735247015953,0.03301958951176268,0,0
12,8,s02,1110,1110,0110,-0.34854039549827576,-1.3504424095153809,1.001902014017105,0.7057540826220168,1,0
13,1,c12,1000,1000,1010,-1.1090373992919922,-1.5659371614456177,0.4568997621536255,0.3304503439312779,1,0
13,2,t120,1000,1000,0000,-0.07938464730978012,-2.690012216567993,2.610627569258213,0.9237180268949334,1,0
13,3,s12,1000,1000,1100,-0.20674695074558258,-1.7066844701766968,1.4999375194311142,0.813253194162466,1,0
13,4,s23,1000,1000,1010,-0.0061403438448905945,-5.255515098571777,5.249374754726887,0.9938930992031683,1,0
13,5,t201,1000,1000,1100,-0.0008390274597331882,-7.125838756561279,7.124999729101546,0.999170124735058,1,0
13,6,s23,1000,1000,1010,-0.004817608278244734,-5.504107475280762,5.499289867002517,0.995195467694758,1,0
13,7,t120,1000,1000,0000,-0.002490874147042632,-6.002536773681641,6.000045899534598,0.9975267139517023,1,0
13,8,x3,1001,1001,1000,-0.00011908596206922084,-9.62511920928955,9.625000123327482,0.9999054379603008,1,0
14,1,c31,1000,1100,1100,-1.4416629076004028,-1.292731761932373,-0.14893114566802979,0.2367862195500943,0,0
14,2,c10,1000,1000,0000,-0.16030023992061615,-1.9119776487350464,1.7516774088144302,0.8518952205343623,1,0
14,3,x3,1001,1001,0001,-0.0013154632179066539,-8.097596168518066,8.09628070530016,0.9987341031274924,1,0
14,4,t013,1001,1001,1000,-0.0004954987671226263,-8.750494956970215,8.749999458203092,0.9995408009855756,1,0
14,5,c30,0001,1001,1001,-1.1370090246200562,-0.3869757652282715,-0.7500332593917847,0.32080299008061397,0,0
14,6,s02,0001,1000,1000,-1.1369218826293945,-0.38800981640815735,-0.7489120662212372,0.3208154194279889,0,0
14,7,c12,0001,0001,0011,-7.760380685795099e-05,-10.000357627868652,10.000280024061794,0.9999246490541999,1,0
14,8,s03,1000,1000,0001,-0.4760504364967346,-0.9741183519363403,0.4980679154396057,0.621251571943293,1,0
15,1,c13,1110,1110,1111,-0.743688702583313,-1.8686888217926025,1.1250001192092896,0.47579643488075507,1,0
15,2,c01,1010,1010,1011,-0.11539456248283386,-2.7403945922851562,2.6250000298023224,0.8912021209120552,1,0
15,3,t132,1010,1010,1000,-0.05035969614982605,-3.0514867305755615,3.0011270344257355,0.9508934448741201,1,0
15,4,s01,0110,1010,1010,-0.7000167965888977,-0.6932907104492188,-0.006726086139678955,0.4966138257951641,0,0
15,5,t230,0110,1110,1110,-0.9741253852844238,-0.47417595982551575,-0.4999494254589081,0.3775306447774069,0,0
15,6,s30,0110,1110,1110,-1.4062647819519043,-0.28682613372802734,-1.119438648223877,0.2450718561951399,0,0
15,7,x2,0100,0100,0111,-0.00028239405946806073,-9.205718040466309,9.20543564640684,0.999725964440678,1,0
15,8,s20,0100,1100,1100,-1.5020073652267456,-0.266153484582901,-1.2358538806438446,0.22269378872977427,0,0
16,1,c12,1000,1000,1010,-1.2694833278656006,-1.7904314994812012,0.5209481716156006,0.2815848594076609,1,0
16,2,c12,1000,1000,1010,-0.007184874266386032,-5.5227885246276855,5.5156036503612995,0.9928698104469599,1,0
16,3,s23,1000,1000,1010,-0.0038867678958922625,-5.753551959991455,5.749665192095563,0.9961501649413302,1,0
16,4,x1,1100,1100,1000,-0.00041551614413037896,-8.475872993469238,8.475457477325108,0.999615456663351,1,0
16,5,s03,0101,1100,1100,-0.7983211278915405,-0.6933486461639404,-0.1049724817276001,0.450142726622184,0,0
16,6,t231,0101,0101,0001,-0.04997720569372177,-3.0550923347473145,3.0051151290535927,0.9513193397341906,1,0
16,7,s23,0110,0110,0101,-0.1898341029882431,-1.8425512313842773,1.6527171283960342,0.827102588989888,1,0
16,8,c32,0110,0100,0100,-0.8265488743782043,-0.5828823447227478,-0.24366652965545654,0.4375669781581103,0,0
17,1,s10,0101,1001,1001,-2.27428936958313,-1.536409616470337,-0.737879753112793,0.10295010860110278,0,0
17,2,s10,1001,0101,0101,-1.0726609230041504,-0.9991170167922974,-0.07354390621185303,0.34213820765741615,0,0
17,3,s01,0101,1001,1001,-1.3907036781311035,-1.0437111854553223,-0.34699249267578125,0.24891687404713933,0,0
17,4,s13,0101,0101,0011,-0.6617268323898315,-1.4771361351013184,0.8154093027114868,0.5160323838001163,1,0
17,5,x1,0001,0001,0111,-0.04823783040046692,-4.059335708618164,4.011097878217697,0.9532125902259493,1,0
17,6,c02,0001,0001,1001,-0.0007409896934404969,-7.744913101196289,7.744172111502849,0.999262717343181,1,0
17,7,x2,0011,0011,0000,-0.0006089548114687204,-8.409219741821289,8.40861078700982,0.9994063835942849,1,0
17,8,t012,0011,0011,1001,-0.0005732434801757336,-8.134689331054688,8.134116087574512,0.9994310331206051,1,0
18,1,t023,1011,1011,1010,-1.4127585887908936,-1.6627585887908936,0.25,0.24394129953464871,1,0
18,2,s23,1011,1011,1001,-0.4154967665672302,-1.2689534425735474,0.8534566760063171,0.6600360260215961,1,0
18,3,t013,1011,1010,1010,-1.140984058380127,-0.39098411798477173,-0.7499999403953552,0.31950773346112027,0,0
18,4,c03,1010,1010,0011,-0.00041121436515823007,-8.784255027770996,8.783843813405838,0.9995902468695466,1,0
18,5,t102,1010,1010,1011,-0.002688582055270672,-6.252688407897949,6.2499998258426785,0.9973203192732628,1,0
18,6,c20,0010,0010,1010,-0.47479888796806335,-0.974280059337616,0.4994811713695526,0.6220959841562741,1,0
18,7,t302,0010,0010,0000,-0.00036999236908741295,-8.755599021911621,8.755229029542534,0.9996300999631963,1,0
18,8,s23,0001,0001,0010,-0.5236998796463013,-0.8986278176307678,0.37492793798446655,0.592324989288537,1,0
19,1,x1,1100,1100,1010,-0.6885570287704468,-2.978168487548828,2.2896114587783813,0.5027969251822635,1,0
19,2,s01,1100,1100,0100,-0.8755890130996704,-1.1804416179656982,0.30485260486602783,0.4167048241294284,1,0
19,3,x1,1000,1000,1110,-0.007518518716096878,-5.26732063293457,5.259802114218473,0.9932012045758074,1,0
19,4,t023,1000,1000,1001,-0.00937171746045351,-4.759371757507324,4.750000040046871,0.9906817627225301,1,0
19,5,c13,1000,1000,1001,-0.000555535894818604,-7.750555038452148,7.74999950255733,0.9994561696066472,1,0
19,6,x3,1001,1001,0001,-6.031907832948491e-05,-11.586559295654297,11.586498976575967,0.9999657169965567,1,0
19,7,c30,0001,1001,1001,-0.6936522126197815,-0.6934958696365356,-0.0001563429832458496,0.4998254833899955,0,0
19,8,t230,0001,0001,1001,-0.16024251282215118,-1.910269021987915,1.7500265091657639,0.851949485729987,1,0
20,1,c23,1111,1111,1110,-1.1088557243347168,-1.6088557243347168,0.5,0.33049718860766053,1,0
20,2,t032,1101,1101,1111,-0.1967707872390747,-2.114544630050659,1.9177738428115845,0.8214486818639144,1,0
20,3,t102,1111,1111,1101,-0.014364790171384811,-4.638585567474365,4.62422077730298,0.9857465591443834,1,0
20,4,x0,0111,0111,1111,-0.010039085522294044,-5.020909309387207,5.010870223864913,0.9901872380063779,1,0
20,5,c20,1111,1111,0111,-0.043898265808820724,-3.171358108520508,3.127459842711687,0.9571432233419007,1,0
20,6,s13,1111,1111,1011,-0.6391980648040771,-0.761841893196106,0.12264382839202881,0.5277171733711608,1,0
20,7,x0,0111,0111,1111,-0.0013169092126190662,-6.762320041656494,6.761003132443875,0.9988032573015635,1,0
20,8,x1,0011,0011,0101,-0.013656712137162685,-5.271251201629639,5.257594489492476,0.987831306695264,1,0
21,1,s03,1010,0011,0011,-2.849576473236084,-1.7516000270843506,-1.0979764461517334,0.057939868979189055,0,0
21,2,s20,1010,1010,0001,-2.198023796081543,-2.656374931335449,0.45835113525390625,0.11110350009584347,1,0
21,3,x3,1011,1011,0000,-0.2592843472957611,-3.3448476791381836,3.0855633318424225,0.7721075523405847,1,0
21,4,c23,1010,1010,1011,-0.03153238072991371,-4.406532287597656,4.3749999068677425,0.9690421315320037,1,0
21,5,x0,0010,0010,1110,-0.06414665281772614,-2.968442916870117,2.904296264052391,0.9379197007843031,1,0
21,6,x0,1010,1010,0010,-0.007881315425038338,-4.896878719329834,4.888997403904796,0.9922331713355629,1,0
21,7,x0,0010,0010,1010,-0.12737523019313812,-2.176053524017334,2.048678293824196,0.8804450038429759,1,0
21,8,c31,0010,0110,0110,-1.3219693899154663,-0.3651221692562103,-0.956847220659256,0.26661407337517773,0,0
22,1,x3,0101,0101,0100,-0.8961567878723145,-2.8961565494537354,1.999999761581421,0.4096109758639805,1,0
22,2,t201,0101,0101,0001,-0.05662922561168671,-4.402449607849121,4.345820382237434,0.9450546208849349,1,0
22,3,s12,0011,0101,0101,-0.918621301651001,-0.6101986169815063,-0.30842268466949463,0.39907312840786147,0,0
22,4,s32,0011,0001,0001,-0.7221137285232544,-0.7015877962112427,-0.02052593231201172,0.4857284169548201,0,0
22,5,c23,0010,0010,0011,-0.006838833913207054,-5.381838321685791,5.374999487772584,0.9931937871489598,1,0
22,6,c12,0010,0010,0000,-0.00819123350083828,-5.326967239379883,5.3187760058790445,0.9918660247546836,1,0
22,7,t321,0010,0010,0110,-0.00060235959244892,-7.627007484436035,7.626405124843586,0.9993998326396322,1,0
22,8,x1,0110,0110,0010,-0.003569714492186904,-5.758212566375732,5.7546428518835455,0.9966025618419365,1,0
23,1,x3,1000,1000,1011,-0.9644647240638733,-2.0742554664611816,1.1097907423973083,0.3826870707609553,1,0
23,2,s21,1000,1000,1100,-0.26250407099723816,-1.8886280059814453,1.6261239349842072,0.7692077467005891,1,0
23,3,s30,0001,1000,1000,-1.035691499710083,-0.6933646202087402,-0.3423268795013428,0.35501827032716743,0,0
23,4,t201,0001,0001,0101,-0.009440809488296509,-5.525139808654785,5.515698999166489,0.9906238952523084,1,0
23,5,x1,0101,0101,0100,-0.002700482727959752,-7.377700328826904,7.3749998460989445,0.9983549687005429,1,0
23,6,s10,1001,1001,0101,-0.06265442073345184,-2.8124759197235107,2.749821498990059,0.9395119185354639,1,0
23,7,t301,1101,1101,1001,-0.2814484238624573,-1.4064314365386963,1.124983012676239,0.7547464087229273,1,0
23,8,s12,1011,1101,1101,-0.9329985976219177,-0.5849897265434265,-0.3480088710784912,0.39339161764457825,0,0
24,1,s13,0110,0011,0011,-1.9840192794799805,-1.5319877862930298,-0.4520314931869507,0.137601953604592,0,0
24,2,x2,0100,0100,0111,-1.5985896587371826,-2.4470648765563965,0.8484752178192139,0.20258381778032475,1,0
24,3,c32,0100,0100,0110,-0.5917444229125977,-0.954526960849762,0.3627825379371643,0.5534034554182469,1,0
24,4,s02,0100,0100,1100,-0.5772338509559631,-0.9393086433410645,0.3620747923851013,0.5614940509005927,1,0
24,5,x2,0110,0110,0101,-0.0016873410204425454,-6.581043720245361,6.579356379224919,0.9983173106909184,1,0
24,6,c03,0110,0110,1110,-0.0008753315778449178,-9.039556503295898,9.038681171718054,0.9991333064393586,1,0
24,7,t032,0110,0110,0100,-0.002967223757877946,-5.890337944030762,5.887370720272884,0.9970382424247607,1,0
24,8,s21,0110,0011,0011,-0.7597702145576477,-0.6562650203704834,-0.1035051941871643,0.46778602329126096,0,0
25,1,c13,1100,1101,1101,-1.3655498027801514,-1.1155498027801514,-0.25,0.2554629367380265,0,0
25,2,t230,1100,1100,0100,-0.3131031394004822,-2.1427159309387207,1.8296127915382385,0.7312210150337665,1,0
25,3,t320,1100,1100,0100,-0.10033219307661057,-2.3539531230926514,2.253620930016041,0.9045425858619675,1,0
25,4,c21,1100,1100,1000,-0.4294571578502655,-1.056107997894287,0.6266508400440216,0.6508709297289216,1,0
25,5,t031,1100,1100,1000,-0.03375054895877838,-3.409083604812622,3.3753330558538437,0.9668282933994754,1,0
25,6,t312,1100,1100,1110,-0.03810933232307434,-3.2880940437316895,3.249984711408615,0.9626143690721659,1,0
25,7,t130,1100,1100,0100,-0.16028514504432678,-1.9105923175811768,1.75030717253685,0.8519463192746733,1,0
25,8,x2,1110,1110,1101,-0.00017856800695881248,-9.204694747924805,9.204516179917846,0.9998248271700289,1,0
26,1,t210,1101,1101,0101,-1.2059319019317627,-2.081732749938965,0.8758008480072021,0.2996973736615176,1,0
26,2,x3,1100,1100,1110,-0.062272414565086365,-4.3196611404418945,4.257388725876808,0.9398134948224,1,0
26,3,x1,1000,1000,1110,-0.01945098116993904,-4.244603157043457,4.225152175873518,0.980892439159681,1,0
26,4,s23,1000,1000,1010,-0.022393550723791122,-3.895691394805908,3.873297844082117,0.9778570652174325,1,0
26,5,c31,1000,1000,1100,-0.16026277840137482,-1.910260558128357,1.7499977797269821,0.851924186904162,1,0
26,6,s21,1000,1000,1100,-0.043026503175497055,-3.168025016784668,3.124998513609171,0.9578887614408514,1,0
26,7,s30,0001,0001,1000,-0.6780908703804016,-0.826003909111023,0.14791303873062134,0.5076167204205478,1,0
26,8,s32,0010,0010,0011,-0.7776939868927002,-1.0276939868927002,0.25,0.45946514284538714,1,0
27,1,t213,1100,1100,1101,-0.9328941106796265,-1.4328941106796265,0.5,0.3942493629214454,1,0
27,2,x0,0100,0100,1000,-0.07707783579826355,-3.8705132007598877,3.793435364961624,0.926049182271332,1,0
27,3,x0,1100,1100,0100,-0.0011094583896920085,-7.090101718902588,7.088992260512896,0.9989781491302759,1,0
27,4,x1,1000,1000,1110,-0.0266836266964674,-3.68953537940979,3.6628517527133226,0.9737568689499579,1,0
27,5,t130,1000,1000,0000,-0.014309940859675407,-4.265955924987793,4.251645984128118,0.9858268318841747,1,0
27,6,x0,0000,0000,1000,-0.005301910452544689,-5.729332447052002,5.724030536599457,0.9947179113830565,1,0
27,7,c03,0000,0000,1000,-0.0015075805131345987,-6.531271934509277,6.529764353996143,0.9984956513198379,1,0
27,8,s31,0000,0000,0100,-0.12895633280277252,-2.128863573074341,1.9999072402715683,0.8790148649163114,1,0
28,1,x1,1111,1111,0100,-0.8372281193733215,-2.8160648345947266,1.978836715221405,0.43317860687668314,1,0
28,2,x3,1110,1110,0000,-0.010480543598532677,-6.4429931640625,6.432512620463967,0.9896711761208409,1,0
28,3,c01,1010,1010,1011,-0.013906205072999,-5.138906478881836,5.125000273808837,0.9884664126398187,1,0
28,4,t320,1010,1010,0010,-0.12702205777168274,-2.1271681785583496,2.000146120786667,0.8807250820696303,1,0
28,5,x1,1110,1110,1010,-0.0027185482904314995,-6.639832496643066,6.637113948352635,0.9973133329176219,1,0
28,6,c02,1100,1100,1110,-0.0015535859856754541,-6.626877307891846,6.62532372190617,0.9984786603182411,1,0
28,7,c23,1100,1100,1101,-0.014367404393851757,-4.26436710357666,4.249999699182808,0.9857421830514796,1,0
28,8,c21,1100,1100,1000,-0.28185316920280457,-1.4132331609725952,1.1313799917697906,0.7543883469855948,1,0
29,1,t312,0100,0100,0110,-1.2013275623321533,-1.969534158706665,0.7682065963745117,0.3016669536512702,1,0
29,2,s12,0010,0100,0100,-1.3812286853790283,-0.9852314591407776,-0.39599722623825073,0.2512790217717987,0,0
29,3,s21,0100,0100,0110,-0.37090176343917847,-1.8684409856796265,1.497539222240448,0.6901625534870933,1,0
29,4,t230,0100,0100,1100,-0.20305006206035614,-1.711702823638916,1.5086527615785599,0.8163997023746199,1,0
29,5,t130,0100,0100,1100,-0.03808032348752022,-3.288656711578369,3.250576388090849,0.9626458515651752,1,0
29,6,t013,0100,0100,0101,-0.0033337189815938473,-6.128333568572998,6.124999849591404,0.9966791411869651,1,0
29,7,x2,0110,0110,0000,-0.0007920132484287024,-8.386472702026367,8.385680688777938,0.9992123699699832,1,0
29,8,t210,1110,1110,0110,-0.38717612624168396,-1.1799458265304565,0.7927697002887726,0.6789986961873136,1,0
30,1,t120,1110,0110,0110,-1.5625793933868408,-1.2602802515029907,-0.3022991418838501,0.20989378210937057,0,0
30,2,s21,1110,1110,1011,-0.676233172416687,-1.2559947967529297,0.5797616243362427,0.5085849497314044,1,0
30,3,c10,0110,0110,1110,-0.1648680865764618,-1.9117963314056396,1.7469282448291779,0.848103107430327,1,0
30,4,c01,0110,0110,1110,-0.012714635580778122,-4.855250835418701,4.842536199837923,0.9873825904997716,1,0
30,5,x2,0100,0100,0010,-0.0033185931388288736,-6.572033405303955,6.568714812165126,0.9966902598876148,1,0
30,6,s20,0100,1100,1100,-0.8263022303581238,-0.5785077810287476,-0.24779444932937622,0.4376872637387099,0,0
30,7,x1,0000,0000,0110,-0.0048353224992752075,-6.152941703796387,6.1481063812971115,0.9952222604681921,1,0
30,8,s10,0000,0000,1000,-0.20146457850933075,-1.7014539241790771,1.4999893456697464,0.8175653921823051,1,0
31,1,t012,0011,0011,0111,-0.8392113447189331,-2.027135133743286,1.187923789024353,0.4327270552694229,1,0
31,2,t310,0011,1011,1011,-0.6986347436904907,-0.6937146782875061,-0.004920065402984619,0.4972688900209553,0,0
31,3,t320,1011,1011,0011,-0.38740038871765137,-1.137174129486084,0.7497737407684326,0.6788384446269762,1,0
31,4,x1,1111,1111,1001,-0.0076788305304944515,-5.139761447906494,5.132082617376,0.9928407276573372,1,0
31,5,t203,1110,1110,0110,-0.0006792651256546378,-9.040675163269043,9.039995898143388,0.9994182322003953,1,0
31,6,s01,1110,1110,0110,-0.38784652948379517,-1.1597727537155151,0.77192622423172,0.678970979449741,1,0
31,7,t230,1110,1110,0110,-0.5762732028961182,-0.8276720643043518,0.25139886140823364,0.5621543405143404,1,0
31,8,x0,0110,0110,1110,-0.0029503258410841227,-7.341909408569336,7.338959082728252,0.9993067024759867,1,0
32,1,x1,1000,1000,1001,-1.4548609256744385,-2.0798611640930176,0.6250002384185791,0.23360331682813051,1,0
32,2,x0,0000,0000,1100,-0.08141390234231949,-2.6415035724639893,2.5600896701216698,0.9218275683282016,1,0
32,3,s13,0000,0000,0100,-0.3883402943611145,-1.1382421255111694,0.7499018311500549,0.6781959356979943,1,0
32,4,x0,1000,1000,0000,-0.002817952074110508,-6.057590007781982,6.054772055707872,0.9971977008209305,1,0
32,5,s23,1000,1000,1010,-0.2546897828578949,-1.5031887292861938,1.248498946428299,0.7751671779163675,1,0
32,6,t102,1000,1000,1010,-1.2636161045520566e-05,-12.37908935546875,12.379076719307704,0.9999888476726073,1,0
32,7,x0,0000,0000,1100,-0.018203532323241234,-4.366612434387207,4.348408902063966,0.9819779150790966,1,0
32,8,c32,0000,0010,0010,-0.8266772031784058,-0.5766557455062866,-0.25002145767211914,0.437502753772476,0,0
33,1,s02,0011,1001,1001,-2.3772919178009033,-1.7770836353302002,-0.6002082824707031,0.09290115779497607,0,0
33,2,c02,0011,0011,0000,-0.23744626343250275,-3.3341691493988037,3.096722885966301,0.7888523421742513,1,0
33,3,t301,0011,0011,0111,-0.03615982085466385,-3.4188148975372314,3.3826550766825676,0.9644992415308082,1,0
33,4,s10,0011,0011,1010,-0.9803364872932434,-1.2969540357589722,0.31661754846572876,0.37531134888878437,1,0
33,5,c02,0011,0011,1001,-0.0006169922417029738,-7.628211975097656,7.627594982855953,0.9993846415555074,1,0
33,6,t021,0011,0011,1011,-0.005509150680154562,-5.2916975021362305,5.286188351456076,0.994518591408548,1,0
33,7,x2,0001,0001,1001,-0.0009979408932849765,-8.270232200622559,8.269234259729274,0.9990156933233716,1,0
33,8,c32,0011,0011,0001,-0.011377674527466297,-4.511123180389404,4.499745505861938,0.9887070888284536,1,0
34,1,s23,1100,1110,1110,-1.7333126068115234,-1.607635498046875,-0.12567710876464844,0.17691206189778122,0,0
34,2,t013,1101,1101,1100,-0.20910215377807617,-2.334102153778076,2.125,0.811737591352929,1,0
34,3,t102,1111,1111,1101,-0.12609997391700745,-2.621589183807373,2.4954892098903656,0.8815912146217162,1,0
34,4,s21,1111,1111,1011,-0.542262613773346,-0.9148677587509155,0.3726051449775696,0.5814552615792489,1,0
34,5,c20,0111,0111,1111,-0.34936222434043884,-1.2265007495880127,0.8771385252475739,0.7052712514204754,1,0
34,6,t012,0111,0111,1101,-0.005703037139028311,-6.007964611053467,6.0022615739144385,0.9943160023759768,1,0
34,7,x2,0101,0101,1101,-0.003400677116587758,-6.650966167449951,6.647565490333363,0.9966284111851921,1,0
34,8,t132,0111,0111,0101,-0.1010078564286232,-2.350829601287842,2.2498217448592186,0.9039555259747334,1,0
35,1,x2,0110,0110,0101,-1.2676812410354614,-2.104816198348999,0.8371349573135376,0.2824178359598455,1,0
35,2,t312,0110,0110,0100,-0.5256848931312561,-1.2513254880905151,0.725640594959259,0.5913277402673456,1,0
35,3,c30,0110,1110,1110,-1.139396071434021,-0.3879547119140625,-0.7514413595199585,0.3200828563490777,0,0
35,4,t032,0110,0110,0100,-0.0037776827812194824,-5.629290580749512,5.625512897968292,0.9962341496301313,1,0
35,5,x0,1110,1110,0110,-0.0024212473072111607,-6.380555152893066,6.378133905585855,0.9982274426249022,1,0
35,6,s20,1110,1110,0111,-0.576296865940094,-1.213332176208496,0.6370353102684021,0.5619839769133599,1,0
35,7,s03,0111,1110,1110,-0.7141979932785034,-0.6941945552825928,-0.020003437995910645,0.48961447843107764,0,0
35,8,c02,0111,0111,1101,-0.0033478797413408756,-6.138214111328125,6.134866231586784,0.9966612791007913,1,0
36,1,s20,0001,0001,1000,-1.5252199172973633,-2.6188087463378906,1.0935888290405273,0.2178216739242076,1,0
36,2,x1,0101,0101,0011,-0.03449035435914993,-4.172316074371338,4.137825720012188,0.9663138330146226,1,0
36,3,c23,0101,0100,0100,-1.707702875137329,-0.20770277082920074,-1.5000001043081284,0.18129186227841027,0,0
36,4,s32,0110,0110,0101,-0.04999255761504173,-3.0620720386505127,3.012079481035471,0.9512486557134059,1,0
36,5,x0,1110,1110,0110,-0.015455048531293869,-4.402318954467773,4.38686390593648,0.98722372076402,1,0
36,6,c23,1111,1111,1110,-0.0034902452025562525,-5.753489971160889,5.749999725958332,0.9965191177050109,1,0
36,7,s30,1111,1111,0111,-0.5765396356582642,-0.8265633583068848,0.2500237226486206,0.5618675202364493,1,0
36,8,t132,1101,1101,1111,-0.25198253989219666,-1.5028023719787598,1.250819832086563,0.7772661106092613,1,0
37,1,x2,1100,1100,1111,-0.9915374517440796,-2.2682721614837646,1.276734709739685,0.37134628173968187,1,0
37,2,c03,1101,1101,0000,-0.11379095911979675,-4.421398162841797,4.307607203722,0.8926865696743376,1,0
37,3,c31,1001,1001,1101,-0.5296099781990051,-0.9052021503448486,0.3755921721458435,0.5888806379252804,1,0
37,4,t321,1001,1001,1101,-0.31400468945503235,-1.3140374422073364,1.000032752752304,0.730528626281266,1,0
37,5,s21,1001,1100,1100,-0.8262643218040466,-0.5762698650360107,-0.2499944567680359,0.437684751521812,0,0
37,6,c23,1001,1001,1000,-0.0005725576775148511,-7.625572204589844,7.624999646912329,0.9994344227682301,1,0
37,7,c31,1101,1101,1001,-0.023280616849660873,-3.7732832431793213,3.7500026263296604,0.9769989743889792,1,0
37,8,x3,1100,1100,1000,-0.0004768615181092173,-12.210135459899902,12.209658598381793,0.9999789799130175,1,0
38,1,s03,1010,0011,0011,-2.675520658493042,-1.7319438457489014,-0.9435768127441406,0.06894738673649083,0,0
38,2,t103,1010,1010,1011,-1.5440325736999512,-1.5440325736999512,0.0,0.21399960626125214,0,1
38,3,t031,1010,1110,1110,-1.609472393989563,-0.23817594349384308,-1.37129645049572,0.19999952176074048,0,0
38,4,c03,1011,1011,0010,-0.0006382620777003467,-8.773333549499512,8.772695287421811,0.9993653859627641,1,0
38,5,t102,1011,1011,1001,-0.009341761469841003,-5.259301662445068,5.249959900975227,0.9907242628007061,1,0
38,6,t013,1011,1010,1010,-6.00260066986084,-0.0026006982661783695,-5.9999999715946615,0.0024723200008646817,0,0
38,7,s32,1011,1001,1001,-0.8289430737495422,-0.576470673084259,-0.2524724006652832,0.43651099269747085,0,0
38,8,t201,1111,1111,1011,-0.033748477697372437,-3.40873384475708,3.3749853670597076,0.9668205398864176,1,0
39,1,c01,0101,0101,0000,-1.3637385368347168,-2.4059488773345947,1.042210340499878,0.2561078229171222,1,0
39,2,x0,1101,1101,0111,-0.09252694249153137,-3.582368850708008,3.4898419082164764,0.9124199487507916,1,0
39,3,t102,1111,1111,0111,-0.00760998297482729,-6.170133113861084,6.162523130886257,0.9924977997773166,1,0
39,4,c32,1101,1101,1110,-0.005514317192137241,-5.442495822906494,5.436981505714357,0.9945367062466292,1,0
39,5,t230,1101,0101,0101,-1.137723445892334,-0.3878743648529053,-0.7498490810394287,0.32067433536268025,0,0
39,6,c31,1001,1001,1101,-0.5774250030517578,-0.826456606388092,0.24903160333633423,0.5613526379154881,1,0
39,7,x3,1000,1000,1011,-0.0006698656361550093,-8.125997543334961,8.125327677698806,0.999632074907896,1,0
39,8,x2,1010,1010,0010,-0.0002902400738094002,-9.159892082214355,9.159601842140546,0.9997108932349824,1,0
40,1,s21,1010,1100,1100,-2.288891315460205,-1.533734679222107,-0.7551566362380981,0.10143071641465122,0,0
40,2,s02,1010,1010,1000,-2.122931480407715,-2.538827419281006,0.415895938873291,0.11974344818029338,1,0
40,3,x2,1000,1000,1100,-0.23558756709098816,-3.4265289306640625,3.1909413635730743,0.7902703461710244,1,0
40,4,x3,1001,1001,0001,-0.011316944845020771,-6.240328788757324,6.2290118439123034,0.9888205867872757,1,0
40,5,s10,0101,1001,1001,-0.9528025984764099,-0.8233886957168579,-0.129413902759552,0.3856833865604042,0,0
40,6,s32,0110,0110,0111,-0.825363039970398,-1.4503631591796875,0.6250001192092896,0.4381350607500285,1,0
40,7,x2,0100,0100,0101,-0.17710793018341064,-2.802107810974121,2.6249998807907104,0.8377686156717911,1,0
40,8,x3,0101,0101,1001,-0.01611509919166565,-6.409232139587402,6.393117040395737,0.9840269033693263,1,0
41,1,t013,0010,0010,0011,-0.8029562830924988,-2.3029563426971436,1.5000000596046448,0.44912163365889646,1,0
41,2,x1,0110,0110,1000,-0.037677422165870667,-5.1675801277160645,5.129902705550194,0.963125096174608,1,0
41,3,t013,0110,0110,0111,-0.3507824242115021,-1.2257823944091797,0.8749999701976776,0.7041527732196043,1,0
41,4,s30,0110,1110,1110,-1.137295126914978,-0.3929935097694397,-0.7443016171455383,0.3207511439517401,0,0
41,5,c21,0010,0010,0110,-0.3487785756587982,-1.2237082719802856,0.8749296963214874,0.7055632260935982,1,0
41,6,c31,0010,0110,0110,-1.9104501008987427,-0.16049009561538696,-1.7499600052833557,0.14801527927199168,0,0
41,7,x2,0000,0000,0011,-0.00014888725127093494,-9.678946495056152,9.678797607804881,0.9998569382364942,1,0
41,8,c12,0000,0000,0010,-8.583057024225127e-06,-12.500007629394531,12.499999046337507,0.9999913611624406,1,0
42,1,c20,0010,1010,1010,-1.9653221368789673,-1.3822646141052246,-0.5830575227737427,0.1402325881988473,0,0
42,2,c21,0110,0010,0010,-0.874807596206665,-0.7350782155990601,-0.13972938060760498,0.4169660905407198,0,0
42,3,x1,0010,0010,0111,-0.03781525418162346,-4.423917770385742,4.386102516204119,0.96322408889679,1,0
42,4,x3,0011,0011,0110,-0.006160953547805548,-6.116440773010254,6.110279819462448,0.9938609988726946,1,0
42,5,t310,0011,0011,1011,-0.577141284942627,-0.8264638185501099,0.2493225336074829,0.5615091039889476,1,0
42,6,t102,0011,0011,0111,-0.00160902738571167,-6.535415172576904,6.533806145191193,0.998397297542622,1,0
42,7,s31,0110,0110,0011,-0.12644504010677338,-2.813481569290161,2.6870365291833878,0.8812475401844291,1,0
42,8,c20,1110,1110,0110,-0.16046501696109772,-1.9104599952697754,1.7499949783086777,0.8518880252109167,1,0
43,1,x3,1010,1010,1100,-0.7031346559524536,-2.9681711196899414,2.265036463737488,0.4957498780084647,1,0
43,2,c30,1010,1010,0010,-0.5007021427154541,-1.165480613708496,0.664778470993042,0.6061619961472261,1,0
43,3,t201,1110,1010,1010,-0.769505500793457,-0.6347585916519165,-0.13474690914154053,0.46325978491846614,0,0
43,4,s13,1011,1110,1110,-0.8172575235366821,-0.6459909677505493,-0.1712665557861328,0.44169245606752927,0,0
43,5,t203,1010,1010,1011,-0.10245318710803986,-2.4774534702301025,2.3750002831220627,0.9027242470631808,1,0
43,6,x0,0010,0010,1110,-0.04420147091150284,-3.1944291591644287,3.150227688252926,0.9567901988234933,1,0
43,7,t210,0010,0010,1010,-0.5760478377342224,-0.8264129757881165,0.25036513805389404,0.5621306759799737,1,0
43,8,t210,0010,0010,1010,-0.5759822726249695,-0.8261305689811707,0.25014829635620117,0.562158377761431,1,0
44,1,s20,1111,1111,0111,-1.664511799812317,-2.3050127029418945,0.6405009031295776,0.1893639541238367,1,0
44,2,t210,0111,0111,1111,-0.5729563236236572,-1.170046329498291,0.5970900058746338,0.5640405946548648,1,0
44,3,s01,1011,1011,0111,-0.17377296090126038,-2.132554054260254,1.9587810933589935,0.8406690432836357,1,0
44,4,c20,0011,0011,1011,-0.48843148350715637,-1.0301439762115479,0.5417124927043915,0.6136103969358693,1,0
44,5,c23,0010,0010,1010,-0.03131033852696419,-4.067540168762207,4.036229830235243,0.9692337127640788,1,0
44,6,s23,0001,0001,0010,-0.5934948325157166,-0.8399716019630432,0.24647676944732666,0.5523997316470343,1,0
44,7,s01,0001,0001,1001,-0.5855290293693542,-0.9112445712089539,0.3257155418395996,0.5568323954089016,1,0
44,8,x0,1001,1001,0001,-0.0033246788661926985,-5.921541213989258,5.918216535123065,0.9971696513091727,1,0
45,1,t203,0001,0001,0011,-0.7044943571090698,-2.875648021697998,2.1711536645889282,0.49678395010394955,1,0
45,2,x3,0000,0000,0011,-0.013667723163962364,-5.199054718017578,5.185386994853616,0.9891732979032182,1,0
45,3,c32,0000,0000,0010,-0.22598779201507568,-1.6008925437927246,1.374904751777649,0.7977300961024635,1,0
45,4,x1,0100,0100,0010,-0.0012993086129426956,-7.725379943847656,7.7240806352347136,0.9987379708219887,1,0
45,5,t103,0100,0100,1100,-0.00051493028877303,-8.723532676696777,8.723017746408004,0.9994950482923144,1,0
45,6,s02,0100,0100,1100,-0.6932253837585449,-0.6953914165496826,0.0021660327911376953,0.4999868855725142,1,0
45,7,t012,0100,0100,0000,-2.5987488697865047e-05,-11.714606285095215,11.714580297606517,0.9999754227147662,1,0
45,8,x3,0101,0101,0100,-0.00019859163148794323,-9.000198364257812,8.999999772626325,0.9998195340131261,1,0
46,1,s20,0111,1101,1101,-2.5542070865631104,-1.5277726650238037,-1.0264344215393066,0.07779465809715484,0,0
46,2,t201,0111,0111,0000,-1.2195866107940674,-2.4416801929473877,1.2220935821533203,0.29554382565951587,1,0
46,3,t120,1111,1111,0111,-0.336587518453598,-1.315316081047058,0.9787285625934601,0.7142326676867309,1,0
46,4,t132,1101,1101,1110,-0.10245402902364731,-2.577939510345459,2.4754854813218117,0.902732727579994,1,0
46,5,x2,1111,1111,1100,-0.006285589653998613,-5.381516933441162,5.3752313437871635,0.9938338840763423,1,0
46,6,x3,1110,1110,0101,-0.0008960549021139741,-8.50168228149414,8.500786226592027,0.9991636965254975,1,0
46,7,c03,1111,1111,0111,-0.0005423047114163637,-7.831245422363281,7.830703117651865,0.999496043405869,1,0
46,8,c21,1011,1111,1111,-0.8285142183303833,-0.5794324278831482,-0.2490817904472351,0.4367322073440016,0,0
47,1,c21,1101,1101,1001,-1.7148478031158447,-1.9145764112472534,0.1997286081314087,0.18012819299410532,1,0
47,2,t201,1101,1101,1001,-0.32803812623023987,-1.454813838005066,1.126775711774826,0.7203667573945721,1,0
47,3,t310,0101,0101,1101,-0.38784870505332947,-1.1370877027511597,0.7492389976978302,0.6785463482706672,1,0
47,4,s31,0101,0101,0001,-0.7070786356925964,-1.130601406097412,0.4235227704048157,0.4930900154198168,1,0
47,5,c10,1101,1101,0101,-0.008698755875229836,-4.7586894035339355,4.749990647658706,0.991399648450796,1,0
47,6,c03,1100,1100,1111,-0.011827835813164711,-4.822202205657959,4.810374369844794,0.9897747597573605,1,0
47,7,x0,0100,0100,1100,-0.024105984717607498,-4.415349006652832,4.3912430219352245,0.9874254672162762,1,0
47,8,s32,0100,0110,0110,-0.9760851860046387,-0.4750526249408722,-0.5010325610637665,0.376787944139469,0,0
48,1,s13,0000,0000,0100,-1.282357096672058,-1.7403210401535034,0.4579639434814453,0.2776765335299554,1,0
48,2,s13,0000,0000,0100,-0.05978945642709732,-3.062072277069092,3.0022828206419945,0.9419899644687013,1,0
48,3,x3,0001,0001,1000,-0.0005232230178080499,-9.479534149169922,9.479010926152114,0.9995076989699274,1,0
48,4,s13,0100,0100,0001,-0.3920605182647705,-1.1395260095596313,0.7474654912948608,0.675702478185753,1,0
48,5,s13,0001,0100,0100,-1.5969284772872925,-0.9289939403533936,-0.6679345369338989,0.20270210539217398,0,0
48,6,c31,0101,0101,0001,-0.970308780670166,-1.226804256439209,0.25649547576904297,0.37913552195818406,1,0
48,7,s03,1100,1100,0101,-0.7333992719650269,-0.8593659996986389,0.12596672773361206,0.48033901233877085,1,0
48,8,c32,1100,1110,1110,-1.2657124996185303,-0.40326088666915894,-0.8624516129493713,0.2820746939362233,0,0
49,1,s12,0001,0001,0101,-1.3695087432861328,-2.0018129348754883,0.6323041915893555,0.25447414610391433,1,0
49,2,s20,0001,0001,1001,-0.578981339931488,-1.1747057437896729,0.5957244038581848,0.5605014547100855,1,0
49,3,c20,0001,0001,1001,-0.3869630992412567,-1.1369885206222534,0.7500254213809967,0.6791442308295095,1,0
49,4,t032,0001,0001,0011,-0.0018983022309839725,-7.384568214416504,7.38266991218552,0.9981123588923793,1,0
49,5,s21,0001,0100,0100,-0.6991707682609558,-0.693238377571106,-0.0059323906898498535,0.49701076514883324,0,0
49,6,c21,0001,0001,0101,-0.31338146328926086,-1.313388466835022,1.000007003545761,0.7309830133869092,1,0
49,7,s12,0001,0001,0100,-0.6326828002929688,-0.7579873204231262,0.12530452013015747,0.5311684376888804,1,0
49,8,c30,1001,0001,0001,-0.9743208885192871,-0.4743363559246063,-0.4999845325946808,0.3775382717780725,0,0
50,1,t302,0100,0100,0110,-1.3231966495513916,-1.7799842357635498,0.4567875862121582,0.2672293399858394,1,0
50,2,t012,0100,0100,1000,-0.009289653971791267,-6.850307941436768,6.841018287464976,0.9907771369786068,1,0
50,3,c13,0101,0101,0100,-0.05293843895196915,-3.177938222885132,3.1249997839331627,0.9484456620804774,1,0
50,4,c03,0101,0101,0100,-0.08124727010726929,-2.581247091293335,2.4999998211860657,0.9219846159426002,1,0
50,5,x3,0100,0100,0111,-0.013207430019974709,-4.408359050750732,4.395151620730758,0.9872567425430712,1,0
50,6,c13,0101,0101,0100,-0.011343582533299923,-4.511343479156494,4.499999896623194,0.9887238706176059,1,0
50,7,t201,0101,0101,0001,-0.0014077480882406235,-7.43845272064209,7.437044972553849,0.9986298556972247,1,0
50,8,x3,0100,0100,0111,-0.00018798255769070238,-8.876513481140137,8.876325498582446,0.9998143319556831,1,0
51,1,t130,1001,1001,0001,-1.1608374118804932,-2.2446975708007812,1.083860158920288,0.3135648229568725,1,0
51,2,x1,1101,1101,0000,-0.011973732151091099,-6.35283088684082,6.340857154689729,0.988801621673898,1,0
51,3,x0,0101,0101,1101,-0.0015641571953892708,-6.5952043533325195,6.59364019613713,0.9984754456030327,1,0
51,4,c02,0101,0101,1111,-0.0005205176421441138,-8.891164779663086,8.890644262020942,0.9994818512614626,1,0
51,5,t302,0101,0111,0111,-4.265220642089844,-0.015277582220733166,-4.249943059869111,0.014049075268240029,0,0
51,6,s30,1100,1100,0101,-0.5764503479003906,-0.826104462146759,0.2496541142463684,0.5619148441151574,1,0
51,7,x1,1000,1000,1110,-0.0032082716934382915,-6.689683437347412,6.686475165653974,0.9981334756315869,1,0
51,8,c31,1000,1100,1100,-0.8259985446929932,-0.575981616973877,-0.2500169277191162,0.4377998964020378,0,0
52,1,c32,1010,1010,1000,-1.705134630203247,-1.7177693843841553,0.012634754180908203,0.18190942854360925,1,0
52,2,t312,1010,1010,1000,-0.0354953370988369,-4.853128433227539,4.817633096128702,0.9652059866389686,1,0
52,3,x0,0010,0010,1110,-0.004434265661984682,-5.628467559814453,5.624033294152468,0.9957958491294195,1,0
52,4,c12,0010,0010,0000,-0.0040900870226323605,-5.616916179656982,5.61282609263435,0.9959185125532201,1,0
52,5,c30,0010,0010,1010,-0.4741664528846741,-0.97417813539505,0.500011682510376,0.6224565137841033,1,0
52,6,t203,0010,0010,0011,-0.004096286371350288,-5.504096031188965,5.4999997448176146,0.9959131174641586,1,0
52,7,x0,1010,1010,0010,-0.0015754764899611473,-6.660209655761719,6.658634179271758,0.9986392537963693,1,0
52,8,t310,1010,1010,0010,-0.001958167180418968,-6.257183074951172,6.255224907770753,0.9980494464114369,1,0
53,1,t021,1101,1101,1001,-1.681415319442749,-2.1417670249938965,0.46035170555114746,0.1862304232354845,1,0
53,2,s03,1101,0101,0101,-0.9890608787536621,-0.9569306969642639,-0.03213018178939819,0.3719655693195045,0,0
53,3,c31,1001,1001,1101,-0.4294988214969635,-1.054692029953003,0.6251932084560394,0.6508582172236181,1,0
53,4,t213,1001,1001,1000,-0.00022088608238846064,-10.00022029876709,9.999999412684701,0.9997900035025624,1,0
53,5,x1,1101,1101,1011,-0.0004418600001372397,-8.393131256103516,8.392689396103378,0.9995702564097877,1,0
53,6,t312,1111,1111,1101,-0.078944630920887,-2.5789263248443604,2.4999816939234734,0.924107443717935,1,0
53,7,t321,1011,1011,1111,-0.08898872882127762,-2.4640464782714844,2.3750577494502068,0.91487826009121,1,0
53,8,c23,1010,1010,1110,-0.0024942855816334486,-6.495280742645264,6.49278645706363,0.9975107920416468,1,0
54,1,x1,0001,0001,0111,-1.361312747001648,-2.309843063354492,0.9485303163528442,0.25660896679826145,1,0
54,2,s21,0001,0001,0100,-0.6021279692649841,-1.3728508949279785,0.7707229256629944,0.5476731618570929,1,0
54,3,c20,0001,0001,1001,-0.5762331485748291,-0.8260153532028198,0.24978220462799072,0.5620266489751212,1,0
54,4,x2,0011,0011,0001,-0.0006105029606260359,-7.945494651794434,7.944884148833808,0.9993955838743112,1,0
54,5,x3,0010,0010,1010,-0.0002722394419834018,-9.752340316772461,9.752068077330478,0.9997330325998544,1,0
54,6,t103,0010,0010,0011,-0.00016593473264947534,-9.625165939331055,9.625000004598405,0.9998381327066637,1,0
54,7,x0,1010,1010,0010,-0.003405676456168294,-8.067797660827637,8.064391984371468,0.9995631209977998,1,0
54,8,s12,1100,1100,1010,-0.4754757881164551,-1.0360523462295532,0.5605765581130981,0.6215905632946822,1,0
55,1,x1,0111,0111,0000,-1.2916024923324585,-2.293696880340576,1.0020943880081177,0.27508881178718847,1,0
55,2,x1,0011,0011,1000,-0.09721307456493378,-4.20587682723999,4.1086637526750565,0.9074294113869084,1,0
55,3,x3,0010,0010,1010,-0.0018469223286956549,-8.252552032470703,8.250705110142007,0.99816223684589,1,0
55,4,x1,0110,0110,0000,-0.0023953064810484648,-6.2759246826171875,6.273529376136139,0.9977164834318654,1,0
55,5,c31,0110,0110,0010,-0.14325982332229614,-2.018312692642212,1.8750528693199158,0.8665440925686345,1,0
55,6,c30,0110,1110,1110,-1.1371780633926392,-0.3871755301952362,-0.750002533197403,0.3208074999448884,0,0
55,7,x3,0111,0111,0011,-9.047763887792826e-05,-11.008662223815918,11.00857174617704,0.9999692841078434,1,0
55,8,s10,1011,1011,0111,-0.21017569303512573,-2.130150556564331,1.9199748635292053,0.8124896913479536,1,0
56,1,x0,1101,1101,0101,-1.223792314529419,-2.3808836936950684,1.1570913791656494,0.29450155481292506,1,0
56,2,t201,1101,1001,1001,-0.9311302304267883,-0.55669766664505,-0.3744325637817383,0.39413708851157175,0,0
56,3,c21,1101,1001,1001,-0.9025713801383972,-0.5259942412376404,-0.37657713890075684,0.40553782721271003,0,0
56,4,x1,1001,1001,1111,-0.010021275840699673,-4.767467498779297,4.757446222938597,0.990579528066474,1,0
56,5,c10,1001,1001,0001,-0.160247802734375,-1.9184589385986328,1.7582111358642578,0.8519340472136924,1,0
56,6,c30,0001,1001,1001,-0.6932330131530762,-0.693213701248169,-1.9311904907226562e-05,0.4999892013657447,0,0
56,7,t320,0001,0001,1001,-0.5759811997413635,-0.8259900212287903,0.25000882148742676,0.5621749696682062,1,0
56,8,c10,0001,0001,1001,-0.5759421586990356,-0.8259464502334595,0.25000429153442383,0.5621756761733282,1,0
57,1,t210,1010,1010,0110,-1.3280649185180664,-2.422240734100342,1.0941758155822754,0.26534356902541795,1,0
57,2,s01,0110,0110,1010,-0.9507572650909424,-0.9838496446609497,0.033092379570007324,0.38651023178103944,1,0
57,3,t301,0110,0110,1110,-0.015232753939926624,-6.189567565917969,6.174334811978042,0.9849127684366553,1,0
57,4,x0,1110,1110,0110,-0.0035571998450905085,-6.593428611755371,6.589871411910281,0.9983776623690176,1,0
57,5,t312,1110,1100,1100,-1.2246177196502686,-0.34869593381881714,-0.8759217858314514,0.2938763824725669,0,0
57,6,t203,1111,1111,0111,-0.0008078309474512935,-8.055746078491211,8.05493824754376,0.9992133249653409,1,0
57,7,t210,0111,0111,1111,-0.22565104067325592,-1.6007148027420044,1.3750637620687485,0.7981107905669388,1,0
57,8,x2,0101,0101,0011,-0.0033220802433788776,-6.0033698081970215,6.000047727953643,0.9966980961057196,1,0
58,1,x2,1001,1001,1010,-1.3031058311462402,-2.3165266513824463,1.013420820236206,0.27201684428383743,1,0
58,2,t120,1001,1001,0001,-0.35663020610809326,-1.8051817417144775,1.4485515356063843,0.7001018028042476,1,0
58,3,s31,1100,1100,1001,-0.6451982855796814,-0.7731722593307495,0.12797397375106812,0.5245685799308752,1,0
58,4,s31,1001,1100,1100,-1.6098637580871582,-0.36190956830978394,-1.2479541897773743,0.19992351672078867,0,0
58,5,x1,1101,1101,1100,-0.05135698243975639,-3.3013572692871094,3.250000286847353,0.9503007678775222,1,0
58,6,x1,1001,1001,1111,-0.008072653785347939,-5.414245128631592,5.406172474846244,0.9919679003086617,1,0
58,7,t312,1001,1001,1011,-0.05725518614053726,-2.932354211807251,2.8750990256667137,0.9443763328301984,1,0
58,8,x2,1011,1011,1100,-0.0001769007503753528,-10.312127113342285,10.31195021259191,0.9998271905467552,1,0
59,1,c12,0101,0101,0110,-1.2814980745315552,-2.1249122619628906,0.8434141874313354,0.2780867634107431,1,0
59,2,s02,0101,0101,1101,-0.8300540447235107,-1.5919334888458252,0.7618794441223145,0.43609560575981043,1,0
59,3,s21,0011,0101,0101,-1.1075820922851562,-0.7427278161048889,-0.36485427618026733,0.3303773711517507,0,0
59,4,c30,1011,1011,0011,-0.497387170791626,-1.0485938787460327,0.5512067079544067,0.6081744202461006,1,0
59,5,s21,1101,1101,1110,-0.4115324020385742,-1.5325393676757812,1.121006965637207,0.6626640303691962,1,0
59,6,s31,1101,1101,1011,-0.603312075138092,-1.4545986652374268,0.8512865900993347,0.5470491657873535,1,0
59,7,c31,1001,1001,1101,-0.479771226644516,-0.9746044874191284,0.4948332607746124,0.6189337532894212,1,0
59,8,s01,0101,1001,1001,-0.888868510723114,-0.5811955332756042,-0.30767297744750977,0.4111275393305691,0,0
60,1,s20,1101,0111,0111,-2.5386810302734375,-2.1616806983947754,-0.3770003318786621,0.07902791523000914,0,0
60,2,c20,1101,0101,0101,-1.625208854675293,-1.3412727117538452,-0.28393614292144775,0.19696672070946783,0,0
60,3,x1,1001,1001,1111,-0.05004080384969711,-3.5998146533966064,3.5497738495469093,0.9513380895010709,1,0
60,4,x1,1101,1101,1011,-0.021229567006230354,-4.272058010101318,4.250828443095088,0.9790529854238696,1,0
60,5,c31,1001,1001,1101,-0.3137255609035492,-1.3135653734207153,0.9998398125171661,0.7307347522662109,1,0
60,6,s32,1010,1001,1001,-0.8069475889205933,-0.6369569301605225,-0.1699906587600708,0.44622260267635955,0,0
60,7,s32,1001,1010,1010,-4.684879779815674,-0.025453003123402596,-4.659426776692271,0.009233884656476508,0,0
60,8,t013,1001,1001,1000,-0.006318815518170595,-5.131319046020508,5.125000230502337,0.993727925385411,1,0
61,1,s02,1110,1110,0110,-1.7504841089248657,-2.224924325942993,0.47444021701812744,0.17378229891466884,1,0
61,2,c03,1111,1111,0000,-0.08672670274972916,-4.366968154907227,4.280241452157497,0.9172406956332497,1,0
61,3,c31,1011,1011,1111,-0.3925655782222748,-1.1443299055099487,0.751764327287674,0.6756036963312949,1,0
61,4,t321,1111,1111,1011,-0.019153231754899025,-4.0186591148376465,3.9995058830827475,0.9810478172101271,1,0
61,5,c03,1110,1110,0110,-0.0016617042711004615,-7.752906799316406,7.751245095045306,0.9984383923126613,1,0
61,6,s02,1110,1110,0111,-0.4289318323135376,-1.5279276371002197,1.0989958047866821,0.6512534418385855,1,0
61,7,s23,1101,1110,1110,-1.6044706106185913,-0.654574453830719,-0.9498961567878723,0.2009971554231976,0,0
61,8,s12,1011,1101,1101,-1.7639721632003784,-0.20254948735237122,-1.5614226758480072,0.17136378985454725,0,0
62,1,t230,1001,1001,0001,-1.1294610500335693,-2.215224504470825,1.0857634544372559,0.32357430795976877,1,0
62,2,x0,0001,0001,1101,-0.007818439975380898,-4.939940929412842,4.932122489437461,0.9923056982121778,1,0
62,3,x0,1001,1001,0001,-0.00032992122578434646,-8.534039497375488,8.533709576149704,0.9997831712223627,1,0
62,4,t021,1001,1101,1101,-1.0537867546081543,-0.42882421612739563,-0.6249625384807587,0.3486191066270286,0,0
62,5,t132,1001,1001,1011,-0.17977842688560486,-1.8048902750015259,1.625111848115921,0.8354606391098657,1,0
62,6,t103,1001,1001,1000,-0.00020001975644845515,-8.750200271606445,8.750000251849997,0.9998048154948683,1,0
62,7,x1,1101,1101,1011,-0.006748932413756847,-5.009547233581543,5.002798301167786,0.9932824579562847,1,0
62,8,x0,0101,0101,1101,-0.011186330579221249,-4.555962085723877,4.544775755144656,0.9889975076323752,1,0
63,1,s12,0001,0001,0101,-1.3257031440734863,-1.9428939819335938,0.6171908378601074,0.2658954949441733,1,0
63,2,x1,0101,0101,0011,-0.09575233608484268,-3.883908271789551,3.788155935704708,0.908851121425484,1,0
63,3,t301,0101,0101,1001,-0.012107087299227715,-6.054924011230469,6.042816923931241,0.9879950020527608,1,0
63,4,t231,0101,0101,0001,-0.008359859697520733,-4.883605480194092,4.875245620496571,0.991696054303521,1,0
63,5,t301,0101,0101,1101,-0.005273178685456514,-5.948565483093262,5.943292304407805,0.9947492445597274,1,0
63,6,x3,0100,0100,0001,-0.000558683299459517,-9.024247169494629,9.02368848619517,0.9995592978018499,1,0
63,7,t321,0100,0100,0000,-0.0009433429804630578,-8.265436172485352,8.264492829504889,0.9990738113992841,1,0
63,8,c20,0100,1100,1100,-1.1369202136993408,-0.38694700598716736,-0.7499732077121735,0.3208139697846412,0,0
64,1,s10,0000,0000,1000,-1.0305743217468262,-2.5481882095336914,1.5176138877868652,0.35735445724867654,1,0
64,2,s03,0000,0000,1000,-0.47928714752197266,-1.0211366415023804,0.5418494939804077,0.6192805455091633,1,0
64,3,s30,0000,0000,1000,-0.25204357504844666,-1.5021295547485352,1.2500859797000885,0.7772374309256216,1,0
64,4,c01,0000,0000,1000,-0.0002405405102763325,-9.455463409423828,9.455222868913552,0.9997748545571691,1,0
64,5,c03,0000,0000,0001,-0.0011076026130467653,-7.876107215881348,7.874999613268301,0.9989003674575054,1,0
64,6,c30,0000,0000,1000,-0.1269652396440506,-2.1269614696502686,1.999996230006218,0.8807846346030642,1,0
64,7,t031,0000,0000,1000,-0.00010275364911649376,-9.257356643676758,9.257253890027641,0.9998985817090433,1,0
64,8,t013,0000,0000,1000,-0.00014542759163305163,-9.189702033996582,9.189556606404949,0.9998549249458576,1,0
65,1,s23,1010,1001,1001,-1.7437490224838257,-1.552873134613037,-0.19087588787078857,0.17515678987575853,0,0
65,2,t203,1011,1011,1010,-0.8183133006095886,-1.1933132410049438,0.3749999403953552,0.44165924109515087,1,0
65,3,x1,1111,1111,1001,-0.08056245744228363,-4.087457656860352,4.006895199418068,0.9230635869558953,1,0
65,4,t321,1011,1011,1111,-0.11609400808811188,-2.243274211883545,2.127180203795433,0.8904224406362757,1,0
65,5,s32,1011,1011,1001,-0.26140275597572327,-1.7503825426101685,1.4889797866344452,0.769984498142121,1,0
65,6,c12,1011,1011,1001,-0.04120083153247833,-3.9161410331726074,3.874940201640129,0.9596398156651644,1,0
65,7,c12,1011,1011,1111,-0.06938804686069489,-3.250757932662964,3.181369885802269,0.9329654915501626,1,0
65,8,x0,0011,0011,1111,-0.0046538785099983215,-5.766529083251953,5.761875204741955,0.9953770497916982,1,0
66,1,x0,1010,1010,0010,-1.2819238901138306,-2.1028499603271484,0.8209260702133179,0.2778058046949577,1,0
66,2,t120,1010,1010,0010,-0.4041760265827179,-1.2216969728469849,0.817520946264267,0.6675838271899147,1,0
66,3,s32,1001,1001,1010,-0.5870277881622314,-0.8463594913482666,0.25933170318603516,0.555992662704075,1,0
66,4,c21,1001,1001,1101,-0.6952486038208008,-0.6953474283218384,9.882450103759766e-05,0.49897110386651644,1,0
66,5,x2,1011,1011,1000,-0.0004587930452544242,-9.055390357971191,9.054931564925937,0.9995443248227001,1,0
66,6,s02,1011,1011,0011,-0.6932390928268433,-0.696869432926178,0.003630340099334717,0.4999798105049354,1,0
66,7,t310,1011,1011,0011,-0.3133898973464966,-1.3133456707000732,0.9999557733535767,0.7309756001830932,1,0
66,8,t301,1111,1111,1011,-0.006417237222194672,-5.131296157836914,5.124878920614719,0.9936103742312571,1,0
67,1,s30,1010,0011,0011,-2.4254467487335205,-1.7078258991241455,-0.717620849609375,0.08852629995009709,0,0
67,2,t120,1010,1010,0010,-1.4306600093841553,-2.3685736656188965,0.9379136562347412,0.23932077193388193,1,0
67,3,c13,1010,1011,1011,-1.0621572732925415,-0.43715736269950867,-0.6249999105930328,0.345723456026011,0,0
67,4,x3,1011,1011,1000,-0.0004496089823078364,-9.443622589111328,9.44317298012902,0.999561343917175,1,0
67,5,c03,1010,1010,0011,-0.0005672654369845986,-8.786581993103027,8.786014727666043,0.9994560162683034,1,0
67,6,s30,0011,1010,1010,-1.0574746131896973,-0.5245463848114014,-0.5329282283782959,0.34734460442810816,0,0
67,7,x0,1011,1011,1010,-0.03790746629238129,-4.037907600402832,4.000000134110451,0.9630674545328896,1,0
67,8,c20,0011,0011,1011,-0.4766572117805481,-0.9794474840164185,0.5027902722358704,0.6208771791435274,1,0
68,1,t023,0101,0101,0100,-0.7958568334579468,-2.5458569526672363,1.7500001192092896,0.4526148093532207,1,0
68,2,x1,0001,0001,1000,-0.03300141543149948,-5.318848609924316,5.285847194492817,0.9676102527973668,1,0
68,3,x1,0101,0101,0011,-0.001592311542481184,-8.076456069946289,8.074863758403808,0.9987361638395775,1,0
68,4,s21,0011,0101,0101,-0.9793168902397156,-0.5236337780952454,-0.4556831121444702,0.37556936278655156,0,0
68,5,c23,0010,0010,0011,-0.004161130171269178,-6.8791608810424805,6.874999750871211,0.9958541555815432,1,0
68,6,s12,0100,0100,0010,-0.4361393451690674,-1.1421728134155273,0.70603346824646,0.6465401340995099,1,0
68,7,t213,0100,0100,0101,-0.0159996896982193,-4.390999794006348,4.375000104308128,0.9843587437094236,1,0
68,8,t013,0100,0100,0101,-0.00020074202620889992,-9.750200271606445,9.749999529580236,0.9998025342601874,1,0
69,1,s20,1101,0111,0111,-2.603101968765259,-1.9686936140060425,-0.6344083547592163,0.07409634546490415,0,0
69,2,c30,0101,0101,1101,-1.1751158237457275,-1.4708822965621948,0.2957664728164673,0.30898847580938144,1,0
69,3,x1,0001,0001,0111,-0.11749446392059326,-2.8252251148223877,2.7077306509017944,0.8892957661120648,1,0
69,4,c13,0001,0001,1000,-0.0026394762098789215,-7.83310079574585,7.830461319535971,0.9973786058939093,1,0
69,5,c01,0001,0001,1001,-0.00022719167463947088,-9.346216201782227,9.345989010107587,0.9997760415585287,1,0
69,6,x3,0000,0000,0011,-0.00012504711048677564,-9.751823425292969,9.751698378182482,0.9998774745503235,1,0
69,7,s03,0000,1000,1000,-0.8259759545326233,-0.5760490298271179,-0.24992692470550537,0.4378101912954585,0,0
69,8,x0,1000,1000,0000,-0.0019262373680248857,-6.3788580894470215,6.376931852078997,0.9982982717513424,1,0
70,1,x1,0100,0100,0010,-1.6436747312545776,-1.9890284538269043,0.34535372257232666,0.19345642710168956,1,0
70,2,t230,0100,0100,1100,-1.11256742477417,-1.279966115951538,0.16739869117736816,0.3288797984865526,1,0
70,3,x2,0110,0110,0000,-0.01879711076617241,-4.953683853149414,4.934886742383242,0.981397493601967,1,0
70,4,c23,0111,0111,0110,-0.0118906544521451,-5.636890411376953,5.624999756924808,0.988205574494239,1,0
70,5,t013,0111,0111,0110,-0.032452818006277084,-3.5324525833129883,3.499999765306711,0.9680813701132626,1,0
70,6,t312,0101,0101,0111,-0.14326921105384827,-2.0183370113372803,1.875067800283432,0.8665287895364444,1,0
70,7,s02,0101,1100,1100,-1.313673973083496,-0.3609820008277893,-0.9526919722557068,0.2688454172505688,0,0
70,8,s12,0011,0101,0101,-0.7490014433860779,-0.6936169266700745,-0.05538451671600342,0.47283951724841466,0,0
71,1,s10,1111,1111,1011,-1.5544097423553467,-2.177191734313965,0.6227819919586182,0.21147015883660888,1,0
71,2,x2,1101,1101,0000,-0.06909888982772827,-4.729508399963379,4.660409510135651,0.9334252565387822,1,0
71,3,t013,1100,1100,1101,-0.38921067118644714,-1.1392107009887695,0.7500000298023224,0.6776281397151601,1,0
71,4,c32,1100,1110,1110,-2.472104072570801,-0.09118163585662842,-2.3809224367141724,0.08440797256067237,0,0
71,5,t023,1100,1100,1101,-0.16052012145519257,-1.910520076751709,1.7499999552965164,0.8517062787836492,1,0
71,6,c32,1100,1110,1110,-2.4765005111694336,-0.08899054676294327,-2.3875099644064903,0.08403766887425643,0,0
71,7,s10,1100,1100,0100,-0.38730281591415405,-1.1529452800750732,0.7656424641609192,0.6791527266362974,1,0
71,8,s01,1100,1100,0100,-0.2521531581878662,-1.5046887397766113,1.2525355815887451,0.7772581479827981,1,0
72,1,t132,0101,0111,0111,-1.6627793312072754,-1.566044807434082,-0.09673452377319336,0.18998630723496351,0,0
72,2,c21,0101,0001,0001,-1.0722622871398926,-0.5613201856613159,-0.5109421014785767,0.34228193045231586,0,0
72,3,s02,0101,1100,1100,-0.978132426738739,-0.7574196457862854,-0.2207127809524536,0.37604729501314993,0,0
72,4,c13,0100,0100,0101,-0.28407078981399536,-1.4090708494186401,1.1250000596046448,0.752718625056234,1,0
72,5,x3,0101,0101,0001,-0.0004949145950376987,-9.425742149353027,9.42524723475799,0.9995674389949278,1,0
72,6,t102,0101,0101,0111,-0.04073302075266838,-3.3112614154815674,3.270528394728899,0.9600980529379223,1,0
72,7,s30,1100,1100,0101,-0.3897663950920105,-1.1373194456100464,0.7475530505180359,0.6772463266152599,1,0
72,8,x1,1000,1000,1100,-0.0035317360889166594,-6.363002777099609,6.359471041010693,0.9968569769632417,1,0
73,1,x0,1100,1100,0100,-1.4710912704467773,-2.482966661453247,1.0118753910064697,0.22997750022989683,1,0
73,2,c21,1100,1100,1000,-0.5058690309524536,-1.022403359413147,0.5165343284606934,0.6031296695310944,1,0
73,3,x1,1000,1000,1110,-0.02034033089876175,-4.034798622131348,4.014458291232586,0.9810107650495664,1,0
73,4,x0,0000,0000,1000,-0.007665712386369705,-5.356950759887695,5.349285047501326,0.9923807880232344,1,0
73,5,s21,0000,0000,0100,-0.023298243060708046,-3.7732839584350586,3.7499857153743505,0.9769721628986469,1,0
73,6,c32,0000,0000,0010,-0.029763881117105484,-3.5297703742980957,3.50000649318099,0.9706754005758014,1,0
73,7,x3,0001,0001,1000,-1.7881324311019853e-05,-12.194585800170898,12.194567918846587,0.9999847150443245,1,0
73,8,s13,0100,0100,0001,-0.1271681934595108,-2.1291863918304443,2.0020181983709335,0.8806126031512989,1,0
74,1,c01,0000,0000,0100,-0.8267259001731873,-2.8315930366516113,2.004867136478424,0.4380755766079141,1,0
74,2,c13,0000,0000,0001,-0.053930580615997314,-3.0539307594299316,3.0000001788139343,0.9475122229247647,1,0
74,3,s32,0000,0000,0010,-0.5785050392150879,-0.8274784684181213,0.24897342920303345,0.5607477083870056,1,0
74,4,t203,0000,0000,1000,-0.00021229698904789984,-9.974181175231934,9.973968878242886,0.9997951347753239,1,0
74,5,c01,0000,0000,1000,-0.0002143167075701058,-8.506269454956055,8.506055138248485,0.9997900091592815,1,0
74,6,x2,0010,0010,0000,-0.00016056845197454095,-9.943401336669922,9.943240768217947,0.9998416641154781,1,0
74,7,x3,0011,0011,1000,-0.00022433105914387852,-9.859719276428223,9.859494945369079,0.9997764658162912,1,0
74,8,t302,0011,0011,0001,-0.00033197691664099693,-8.750335693359375,8.750003716442734,0.9996791909251808,1,0
75,1,x3,1100,1100,1111,-1.1696314811706543,-1.9639394283294678,0.7943079471588135,0.3109327549877587,1,0
75,2,c32,1100,1110,1110,-0.9557467699050903,-0.6579393744468689,-0.29780739545822144,0.3845515449649223,0,0
75,3,x0,0100,0100,1100,-0.007517430931329727,-5.098082065582275,5.090564634650946,0.9927816415786346,1,0
75,4,s23,0100,0100,0110,-0.20935404300689697,-1.958975076675415,1.749621033668518,0.8111117338091487,1,0
75,5,c12,0110,0100,0100,-1.8049224615097046,-0.17992033064365387,-1.6250021308660507,0.16448779169873332,0,0
75,6,c20,1110,1110,0110,-0.3935411274433136,-1.1531299352645874,0.7595888078212738,0.6748762452431557,1,0
75,7,s31,1011,1011,1110,-0.645660936832428,-0.8046056032180786,0.15894466638565063,0.5243234016850663,1,0
75,8,x2,1001,1001,1010,-0.0019315024837851524,-7.128265857696533,7.126334355212748,0.9980731442865498,1,0
76,1,t213,1000,1000,1001,-0.59638512134552,-2.0963850021362305,1.4999998807907104,0.5532999907242069,1,0
76,2,t203,1000,1000,1001,-0.009528694674372673,-5.259528636932373,5.249999942258,0.990540055968993,1,0
76,3,s23,1000,1000,1010,-0.007281267549842596,-5.007125377655029,4.999844110105187,0.9927512777835726,1,0
76,4,s10,0100,1000,1000,-1.208815336227417,-0.8261863589286804,-0.3826289772987366,0.2986240544552394,0,0
76,5,x3,0101,0101,0001,-0.0019702487625181675,-7.3297014236450195,7.327731174882501,0.9980395487916442,1,0
76,6,c21,0101,0001,0001,-0.9750173091888428,-0.4789038300514221,-0.49611347913742065,0.3771995774881062,0,0
76,7,s12,0011,0101,0101,-0.7913323044776917,-0.6327188611030579,-0.1586134433746338,0.4532465959728146,0,0
76,8,x3,0010,0010,0001,-0.0014266495127230883,-6.631032943725586,6.629606294212863,0.9985766691893478,1,0
77,1,s21,0001,0001,0100,-1.309220314025879,-2.016993999481201,0.7077736854553223,0.27027834433151454,1,0
77,2,s02,0001,0001,1000,-0.6993643045425415,-0.8458684086799622,0.14650410413742065,0.49699521666511615,1,0
77,3,t132,0001,0001,0011,-0.009385420940816402,-5.233464241027832,5.224078820087016,0.9906693941373266,1,0
77,4,t302,0001,0001,0011,-0.008186749182641506,-4.921226501464844,4.913039752282202,0.9918538256597121,1,0
77,5,t203,0001,0001,1000,-0.00029310063109733164,-9.722793579101562,9.722500478470465,0.9997127734410775,1,0
77,6,c23,0001,0001,0000,-0.11288011819124222,-2.237879991531372,2.12499987334013,0.8932655010556952,1,0
77,7,x3,0000,0000,0001,-0.003702694084495306,-10.378703117370605,10.37500042328611,0.9999362909285818,1,0
77,8,c01,0000,0000,0001,-0.005422196350991726,-5.255422115325928,5.249999918974936,0.994596732645659,1,0
78,1,t023,1000,1000,1001,-0.8293530941009521,-1.8293530941009521,1.0,0.438036108739436,1,0
78,2,c21,1000,1000,1100,-0.049453988671302795,-3.2997753620147705,3.2503213733434677,0.9518908976506529,1,0
78,3,t302,1000,1000,1010,-0.0005936980596743524,-8.501141548156738,8.500547850097064,0.9994252399773311,1,0
78,4,x2,1010,1010,1001,-0.0002836936037056148,-9.659127235412598,9.658843541808892,0.9997241708162533,1,0
78,5,s31,1010,1010,1110,-0.6335335373878479,-0.7718552350997925,0.13832169771194458,0.5307344984027766,1,0
78,6,c03,1011,1011,1010,-0.002097286516800523,-6.252097129821777,6.249999843304977,0.9979090614247095,1,0
78,7,s31,1110,1110,1101,-0.3762296140193939,-2.126704454421997,1.7504748404026031,0.686452379956293,1,0
78,8,t230,1110,1110,0110,-0.5780801773071289,-0.9053921103477478,0.3273119330406189,0.5610939565256302,1,0
79,1,c30,1101,0101,0101,-1.4673871994018555,-1.3764424324035645,-0.09094476699829102,0.2308595605825682,0,0
79,2,c01,1001,1001,0101,-0.12146642804145813,-2.9875967502593994,2.8661303222179413,0.885889690222102,1,0
79,3,c23,1001,1001,1000,-0.05911710858345032,-2.934117078781128,2.8749999701976776,0.9426271157979357,1,0
79,4,s02,0011,0011,1001,-0.7196453809738159,-0.8261518478393555,0.10650646686553955,0.48694169213505595,1,0
79,5,x1,0111,0111,1001,-0.0051942188292741776,-6.8522467613220215,6.847052542492747,0.9964227568310334,1,0
79,6,c02,0111,0111,1101,-0.0011985599994659424,-7.089474201202393,7.088275641202927,0.9988055688750597,1,0
79,7,t130,1111,1111,0111,-0.38706451654434204,-1.13705575466156,0.749991238117218,0.6791233227262693,1,0
79,8,c01,1011,1011,1111,-0.011189425364136696,-5.138977527618408,5.1277881022542715,0.9888842548732307,1,0
80,1,x3,1110,1110,1000,-0.7275665998458862,-2.8667311668395996,2.1391645669937134,0.4836924634406334,1,0
80,2,c20,0110,0110,1110,-0.645686149597168,-0.8513994216918945,0.20571327209472656,0.5244004755146744,1,0
80,3,x2,0100,0100,0010,-0.017817143350839615,-4.295186519622803,4.277369376271963,0.9823631474682277,1,0
80,4,t031,0100,0100,0000,-0.0009000570280477405,-8.709582328796387,8.708682271768339,0.9991051512983645,1,0
80,5,s30,0100,0100,1100,-0.6932692527770996,-0.693658709526062,0.00038945674896240234,0.4999633148275005,1,0
80,6,s20,0100,0100,1100,-0.576083779335022,-0.8441152572631836,0.2680314779281616,0.562106927186915,1,0
80,7,t320,0100,0100,1100,-0.1269446760416031,-2.126981496810913,2.00003682076931,0.8807882000043404,1,0
80,8,c32,0100,0110,0110,-1.7019011974334717,-0.20176182687282562,-1.500139370560646,0.18233812920085005,0,0
81,1,c12,1001,1011,1011,-1.6673425436019897,-1.1164720058441162,-0.5508705377578735,0.1890112901864034,0,0
81,2,s10,0101,1001,1001,-0.9028502106666565,-0.705858588218689,-0.19699162244796753,0.40547206891809945,0,0
81,3,s13,0101,0101,0011,-0.5252605080604553,-1.417203664779663,0.8919431567192078,0.5914394023168152,1,0
81,4,x1,0001,0001,0111,-0.013533327728509903,-5.0132246017456055,4.999691274017096,0.9887926350147074,1,0
81,5,c30,1001,0001,0001,-0.8260348439216614,-0.5760427117347717,-0.24999213218688965,0.43781700179948674,0,0
81,6,x3,1000,1000,1011,-0.0003155208542011678,-8.507025718688965,8.506710197834764,0.9996969577750658,1,0
81,7,s31,1000,1000,1100,-0.18026506900787354,-1.8052105903625488,1.6249455213546753,0.8350739633854516,1,0
81,8,s01,0100,0100,1000,-0.5779536366462708,-0.8261001110076904,0.24814647436141968,0.5610525803256265,1,0
82,1,c23,1001,1001,1000,-1.3040118217468262,-1.5540118217468262,0.25,0.27226836048020764,1,0
82,2,t021,1001,1101,1101,-3.187279224395752,-0.06152433902025223,-3.1257548853754997,0.04128739440270098,0,0
82,3,s21,1001,1100,1100,-0.6955500245094299,-0.6949713826179504,-0.0005786418914794922,0.4988121084521787,0,0
82,4,s10,0101,1001,1001,-0.7114078402519226,-0.693252444267273,-0.018155395984649658,0.4909934020254994,0,0
82,5,c02,0101,0101,1101,-0.000685584731400013,-8.806313514709473,8.805627929978073,0.9993184445696235,1,0
82,6,s31,0101,0001,0001,-0.8277984261512756,-0.7195362448692322,-0.10826218128204346,0.43701179297907533,0,0
82,7,t012,0101,0101,0111,-0.00040988833643496037,-7.878391265869141,7.877981377532706,0.9995947342522458,1,0
82,8,c31,0001,0001,0101,-0.07055239379405975,-2.6952500343322754,2.6246976405382156,0.9318829599764059,1,0
83,1,t103,1101,1100,1100,-1.4921983480453491,-1.2421983480453491,-0.25,0.2253016152915364,0,0
83,2,s32,1110,1111,1111,-1.142401099205017,-0.8924010992050171,-0.25,0.31909369723337494,0,0
83,3,s01,1110,1110,0110,-0.8350064158439636,-1.5094902515411377,0.6744838356971741,0.4340451457417082,1,0
83,4,x2,1100,1100,1101,-0.009218107908964157,-6.634217739105225,6.6249996311962605,0.9908351800742862,1,0
83,5,s20,0110,1100,1100,-1.3963518142700195,-0.6339856386184692,-0.7623661756515503,0.24751735822391777,0,0
83,6,s10,1010,1010,1110,-0.08771146833896637,-3.171929121017456,3.0842176526784897,0.916657521529933,1,0
83,7,s01,0110,1010,1010,-1.0192022323608398,-0.727073073387146,-0.29212915897369385,0.3608908373590633,0,0
83,8,t120,1110,1110,0110,-0.3175973892211914,-1.3135082721710205,0.9959108829498291,0.7279181918072005,1,0
84,1,x2,0000,0000,0011,-1.2054145336151123,-1.923156976699829,0.7177424430847168,0.3000641343759862,1,0
84,2,c01,0000,0000,0100,-0.034960776567459106,-4.764984607696533,4.730023831129074,0.9656851775044708,1,0
84,3,c30,0000,0000,1000,-0.10023606568574905,-2.3502254486083984,2.2499893829226494,0.9046307130001264,1,0
84,4,c31,0000,0000,0100,-0.127107173204422,-2.127103805541992,1.9999966323375702,0.8806536996892441,1,0
84,5,c12,0000,0000,0010,-3.087500954279676e-05,-11.000030517578125,10.999999642568582,0.9999703368673983,1,0
84,6,c31,0000,0000,0100,-0.12696842849254608,-2.1269681453704834,1.9999997168779373,0.8807654593392957,1,0
84,7,c23,0000,0000,0001,-0.05498339235782623,-2.929983377456665,2.874999985098839,0.9465025636435861,1,0
84,8,t201,0000,0000,0001,-0.0002216003485955298,-9.250222206115723,9.250000605767127,0.9997797708219724,1,0
85,1,x2,1001,1001,1010,-1.1425073146820068,-2.4447977542877197,1.302290439605713,0.31937294189612675,1,0
85,2,c12,1001,1001,1011,-0.2187773883342743,-2.6020660400390625,2.383288651704788,0.8036151843253851,1,0
85,3,s32,1010,1010,1001,-0.1383182555437088,-2.1548635959625244,2.0165453404188156,0.8708294624222828,1,0
85,4,t310,1010,1010,0010,-0.035315901041030884,-3.9625394344329834,3.9272235333919525,0.9653338817967487,1,0
85,5,c21,1110,1110,1010,-0.2542782425880432,-1.503234624862671,1.2489563822746277,0.7754834268378634,1,0
85,6,x0,0110,0110,1110,-0.0037622249219566584,-5.638240337371826,5.6344781124498695,0.9962711216091847,1,0
85,7,x3,0111,0111,0011,-0.0007774679106660187,-7.724285125732422,7.723507657821756,0.999224911999978,1,0
85,8,x1,0011,0011,0101,-0.0030538986902683973,-6.741011619567871,6.737957720877603,0.9979616319013433,1,0
86,1,t301,1000,1000,1100,-0.9834983944892883,-2.5710041522979736,1.5875057578086853,0.3747161715995911,1,0
86,2,x1,1100,1100,0000,-0.005740415304899216,-7.0976338386535645,7.091893423348665,0.9943547194857938,1,0
86,3,c32,1100,1110,1110,-4.350043296813965,-0.024125566706061363,-4.3259177301079035,0.012907097142666189,0,0
86,4,c12,1110,1110,1100,-0.04340030252933502,-3.1708574295043945,3.1274571269750595,0.9575390206511393,1,0
86,5,c21,1010,1110,1110,-0.7737610936164856,-0.6340006589889526,-0.13976043462753296,0.46128063136670105,0,0
86,6,x1,1110,1110,1010,-0.0015079912263900042,-7.180206775665283,7.178698784438893,0.9985039532451188,1,0
86,7,s23,1101,1110,1110,-1.4086840152740479,-0.3297985792160034,-1.0788854360580444,0.24446614913159542,0,0
86,8,t023,1101,1101,1100,-0.14299577474594116,-2.017995595932007,1.8749998211860657,0.8668020898750817,1,0
87,1,s13,1111,1111,1101,-1.792168140411377,-2.115384817123413,0.32321667671203613,0.16667529554092067,1,0
87,2,s20,1111,0111,0111,-1.0068475008010864,-0.6452096700668335,-0.36163783073425293,0.36545735804122803,0,0
87,3,c10,0111,0111,1111,-0.1352338343858719,-2.2758913040161133,2.1406574696302414,0.8927826024491491,1,0
87,4,s02,1101,1101,0111,-0.19898666441440582,-2.1275622844696045,1.9285756200551987,0.8198020929232209,1,0
87,5,c21,1101,1101,1001,-0.6341456174850464,-0.7617075443267822,0.12756192684173584,0.5304227835896407,1,0
87,6,c13,1100,1100,1101,-0.0016519292257726192,-7.001652240753174,7.000000311527401,0.9984085954645406,1,0
87,7,s21,1010,1100,1100,-0.8588687777519226,-0.5784355998039246,-0.28043317794799805,0.4236430641625539,0,0
87,8,s32,1001,1010,1010,-1.268207311630249,-0.3948793113231659,-0.8733280003070831,0.281336711921586,0,0
88,1,s30,0011,1010,1010,-2.493793487548828,-1.4190974235534668,-1.0746960639953613,0.08265032598540621,0,0
88,2,s20,1001,0011,0011,-2.4250195026397705,-2.252190351486206,-0.17282915115356445,0.08849834101499465,0,0
88,3,c32,1011,1011,1000,-1.6034094095230103,-2.491102457046509,0.8876930475234985,0.2013441333618476,1,0
88,4,s01,0111,0111,1011,-1.0978416204452515,-1.3631744384765625,0.26533281803131104,0.3336136992458227,1,0
88,5,c20,1111,1111,0111,-0.5396006107330322,-0.9665830135345459,0.42698240280151367,0.5830230990858216,1,0
88,6,s20,1111,1111,0111,-0.6176900863647461,-0.9036343097686768,0.28594422340393066,0.5392228603632357,1,0
88,7,x3,1110,1110,0110,-0.0029120524413883686,-7.199400901794434,7.196488849353045,0.9972903357934599,1,0
88,8,x3,1111,1111,0000,-0.007413878571242094,-6.7417402267456055,6.734326348174363,0.9926875550599128,1,0
89,1,c21,0000,0000,0100,-0.9786804914474487,-1.838423728942871,0.8597432374954224,0.3763916101528279,1,0
89,2,x2,0010,0010,0001,-0.014446113258600235,-5.764643669128418,5.750197555869818,0.985688468388974,1,0
89,3,t302,0010,0010,0000,-0.003066765610128641,-6.890098571777344,6.887031806167215,0.9969530989483125,1,0
89,4,c30,0010,0010,1010,-0.16031606495380402,-1.9102994203567505,1.7499833554029465,0.8518954851226426,1,0
89,5,s23,0001,0001,0010,-0.16554391384124756,-1.9103180170059204,1.7447741031646729,0.8474345123778313,1,0
89,6,x2,0011,0011,0000,-0.000917223806027323,-7.125933647155762,7.125016423349734,0.9990856498630515,1,0
89,7,s12,0101,0101,0111,-0.8359255790710449,-0.9197521209716797,0.08382654190063477,0.4334960163933175,1,0
89,8,s30,1100,1100,0101,-0.40252161026000977,-1.1372255086898804,0.7347038984298706,0.6687971563762034,1,0
90,1,t231,0100,0100,0000,-0.8158844113349915,-2.836491107940674,2.0206066966056824,0.44316478451728053,1,0
90,2,t120,0100,0100,1100,-0.08009570837020874,-2.5887110233306885,2.5086153149604797,0.9230398946565883,1,0
90,3,x1,0000,0000,0110,-0.0039549884386360645,-5.972597122192383,5.968642133753747,0.9961850518845144,1,0
90,4,x3,0001,0001,1000,-7.951074076117948e-05,-11.38028335571289,11.38020384497213,0.9999232959768402,1,0
90,5,c31,0101,0101,0001,-0.10054892301559448,-2.3506412506103516,2.250092327594757,0.9044061525006664,1,0
90,6,c10,1101,1101,0101,-0.02343139797449112,-3.7734105587005615,3.7499791607260704,0.9769689655350255,1,0
90,7,c31,1001,1001,1101,-0.5761137008666992,-0.8261710405349731,0.2500573396682739,0.5620850507423889,1,0
90,8,s20,0011,1001,1001,-0.9695545434951782,-0.5759773850440979,-0.3935771584510803,0.379254357177693,0,0
91,1,c02,1101,1101,1110,-1.2403790950775146,-2.064887523651123,0.8245084285736084,0.28958243486151325,1,0
91,2,x3,1100,1100,1111,-0.05107208341360092,-4.524509906768799,4.473437823355198,0.9502892176031145,1,0
91,3,c10,0100,0100,1100,-0.3882766366004944,-1.137715220451355,0.7494385838508606,0.6784502392575509,1,0
91,4,t012,0100,0100,1100,-0.0009838457917794585,-9.021050453186035,9.020066607394256,0.9990193166603314,1,0
91,5,t021,0100,0100,0000,-0.0007631226908415556,-7.521415710449219,7.520652587758377,0.9992393107357787,1,0
91,6,t302,0100,0100,0110,-0.04325262829661369,-3.16825270652771,3.1250000782310963,0.9576747661751958,1,0
91,7,t031,0100,0100,1100,-0.0005334829911589622,-7.813358783721924,7.812825300730765,0.9994689027113729,1,0
91,8,x1,0000,0000,0110,-0.00996746588498354,-4.83636999130249,4.826402525417507,0.9901226913587128,1,0
92,1,s32,1110,1110,1111,-1.3148436546325684,-1.8148436546325684,0.5,0.2687133335169101,1,0
92,2,x1,1010,1010,1011,-0.9413886666297913,-1.5663886070251465,0.6249999403953552,0.39018772314247696,1,0
92,3,t310,1010,1010,0010,-0.05184730887413025,-3.120262622833252,3.0684153139591217,0.9494930268127239,1,0
92,4,t012,1010,1010,1000,-0.01886012777686119,-4.019496440887451,4.00063631311059,0.9813243765378911,1,0
92,5,s01,0110,0110,1010,-0.5891942977905273,-0.8265765905380249,0.23738229274749756,0.5549583554910505,1,0
92,6,t023,0110,0110,0111,-0.31334996223449707,-1.313349962234497,1.0,0.7309961074709466,1,0
92,7,t120,1110,0110,0110,-1.13707435131073,-0.38690096139907837,-0.7501733899116516,0.3207609964118862,0,0
92,8,t023,1111,1111,1110,-0.004726379178464413,-5.504726409912109,5.500000030733645,0.9953039792487549,1,0
93,1,t130,0101,1101,1101,-2.062474250793457,-1.1583374738693237,-0.9041367769241333,0.12725650066373784,0,0
93,2,c12,0111,0111,0001,-0.10910415649414062,-3.5654730796813965,3.456368923187256,0.8966963950260542,1,0
93,3,s13,0111,0111,0011,-0.64190673828125,-0.7663987874984741,0.12449204921722412,0.526323245995857,1,0
93,4,t103,0111,0110,0110,-6.377893447875977,-0.0028935703448951244,-6.374999877531081,0.0016987109056929627,0,0
93,5,s13,0111,0111,0011,-0.693423867225647,-0.6935656666755676,0.0001417994499206543,0.4998671209647681,1,0
93,6,s01,1011,1011,1111,-0.3908194303512573,-1.79135000705719,1.4005305767059326,0.6766063420428762,1,0
93,7,x0,0011,0011,1111,-0.012572024017572403,-4.466510772705078,4.453938748687506,0.9875272349047558,1,0
93,8,x0,1011,1011,0011,-0.0009413830121047795,-7.863868236541748,7.862926853529643,0.9994869062214115,1,0
94,1,c03,0110,0111,0111,-1.9995149374008179,-1.2495148181915283,-0.7500001192092896,0.13583521307463092,0,0
94,2,x1,0010,0010,1000,-0.08509448170661926,-4.424498558044434,4.339404076337814,0.9185838251490734,1,0
94,3,t321,0010,0010,0110,-0.03617557883262634,-3.413114070892334,3.3769384920597076,0.9645173776065922,1,0
94,4,x2,0000,0000,0010,-0.0017987274331972003,-7.070024013519287,7.06822528608609,0.9982068430815723,1,0
94,5,c30,0000,0000,1000,-0.38696983456611633,-1.1369651556015015,0.7499953210353851,0.6791746329500633,1,0
94,6,x2,0010,0010,0001,-0.00012575817527249455,-9.000557899475098,9.000432141299825,0.9998744716992405,1,0
94,7,t103,0010,0010,1010,-0.0003686573763843626,-8.791173934936523,8.790805277560139,0.99963527543918,1,0
94,8,t310,0010,0010,1010,-0.10023364424705505,-2.3502495288848877,2.2500158846378326,0.9046356793695156,1,0
95,1,t031,0100,0100,0000,-0.6835392713546753,-3.144028663635254,2.4604893922805786,0.5059293371976202,1,0
95,2,t320,0100,0100,1100,-0.202571302652359,-1.7102347612380981,1.5076634585857391,0.8166438944845369,1,0
95,3,s10,1000,1000,0100,-0.11568482220172882,-2.2422940731048584,2.1266092509031296,0.8932258813162837,1,0
95,4,t013,1000,1000,1001,-0.006912868469953537,-5.131913185119629,5.125000316649675,0.993169625742329,1,0
95,5,x2,1010,1010,0001,-0.0004784351331181824,-9.63042163848877,9.629943203355651,0.9995549814631671,1,0
95,6,x2,1000,1000,0011,-0.0011145311873406172,-8.135492324829102,8.134377793641761,0.9988949400370222,1,0
95,7,c30,1000,1000,0000,-0.2519873082637787,-1.502034306526184,1.2500469982624054,0.7772863539580442,1,0
95,8,c30,1000,1000,0000,-0.20142358541488647,-1.701568603515625,1.5001450181007385,0.8175699898358163,1,0
96,1,x3,1101,1101,1100,-0.9585437178611755,-2.2085437774658203,1.2500000596046448,0.3841097018124375,1,0
96,2,s31,1101,1101,1001,-0.773560643196106,-1.1175086498260498,0.34394800662994385,0.4614330776588292,1,0
96,3,t213,1101,1101,1100,-0.47838255763053894,-0.9783825874328613,0.5000000298023224,0.6198070414028124,1,0
96,4,c20,1101,0101,0101,-1.6008312702178955,-0.22720816731452942,-1.373623102903366,0.2017664136573326,0,0
96,5,t130,0101,0101,1101,-0.3878619968891144,-1.1370909214019775,0.7492289245128632,0.6786171469191358,1,0
96,6,s10,1001,1001,0101,-0.018201399594545364,-4.143438339233398,4.125236939638853,0.9839840847086141,1,0
96,7,t231,1001,1001,1101,-0.3880935311317444,-1.1381481885910034,0.750054657459259,0.6783671063374214,1,0
96,8,x0,0001,0001,1101,-0.001956958556547761,-7.227715492248535,7.225758533691987,0.9992307008146999,1,0
97,1,c32,1010,1010,1000,-1.5402480363845825,-1.9522038698196411,0.4119558334350586,0.21451872019687573,1,0
97,2,x2,1000,1000,1011,-0.09202711284160614,-2.7400217056274414,2.6479945927858353,0.9121266071863153,1,0
97,3,s12,1000,1000,1100,-0.16104194521903992,-1.9109694957733154,1.7499275505542755,0.8512786170255551,1,0
97,4,t123,1000,1000,1001,-0.0002438878291286528,-8.875244140625,8.875000252795871,0.9997859245962322,1,0
97,5,s21,1000,1000,1100,-0.00981109868735075,-4.6348066329956055,4.624995534308255,0.9902420537867438,1,0
97,6,x1,1100,1100,1000,-0.0006661780062131584,-7.475882530212402,7.475216352206189,0.9993589215182722,1,0
97,7,s31,1001,1100,1100,-2.043145179748535,-0.16091756522655487,-1.8822276145219803,0.12962443816051905,0,0
97,8,s03,1001,1001,0001,-0.7013698220252991,-0.758001983165741,0.056632161140441895,0.495923779482568,1,0
98,1,c31,0000,0000,0100,-1.0186070203781128,-2.2470202445983887,1.2284132242202759,0.361525247882057,1,0
98,2,x1,0100,0100,0010,-0.019437743350863457,-4.7202677726745605,4.700830029323697,0.9807932627611812,1,0
98,3,x0,1100,1100,0100,-0.011815166100859642,-5.133909702301025,5.122094536200166,0.9888960752295362,1,0
98,4,x0,0100,0100,1100,-0.012601914815604687,-4.4384636878967285,4.425861773081124,0.9875096263717712,1,0
98,5,c23,0100,0100,0101,-0.3156909644603729,-1.3156909942626953,1.0000000298023224,0.7292902218065064,1,0
98,6,c10,1100,1100,0100,-0.576040506362915,-0.8260461091995239,0.2500056028366089,0.5621653198994814,1,0
98,7,x1,1000,1000,1110,-0.003326263977214694,-5.808137893676758,5.804811629699543,0.99671959075705,1,0
98,8,t301,1000,1000,1100,-0.012237625196576118,-4.637236595153809,4.6249989699572325,0.9878410400612321,1,0
99,1,c30,0100,0100,1100,-1.1303995847702026,-1.6569945812225342,0.5265949964523315,0.32345530613463164,1,0
99,2,x0,1100,1100,1000,-0.069500632584095,-3.5677716732025146,3.4982710406184196,0.9331085736934099,1,0
99,3,x0,0100,0100,1100,-0.014830267056822777,-4.545980930328369,4.531150663271546,0.9852989623102604,1,0
99,4,s32,0100,0110,0110,-1.069961667060852,-0.437370240688324,-0.6325914263725281,0.3430254808273074,0,0
99,5,s10,1000,1000,0100,-0.203696608543396,-1.702663779258728,1.498967170715332,0.8166070017530714,1,0
99,6,t231,1000,1000,0100,-0.0010003212373703718,-8.325918197631836,8.324917876394466,0.9992279814867416,1,0
99,7,t231,1000,1000,1100,-0.0024605393409729004,-7.002549648284912,7.000089108943939,0.9975849405863231,1,0
99,8,c01,1100,1100,1000,-0.006855123210698366,-5.006880760192871,5.000025636982173,0.9931844561526847,1,0
100,1,s32,1101,1110,1110,-1.7842985391616821,-1.7315106391906738,-0.0527878999710083,0.16804059068544297,0,0
100,2,t023,1101,1100,1100,-1.3385744094848633,-0.4635743796825409,-0.8750000298023224,0.26231028604780293,0,0
100,3,x2,1111,1111,1100,-0.013848235830664635,-5.855515480041504,5.841667244210839,0.98628112421704,1,0
100,4,c13,1110,1110,1101,-0.0020021777600049973,-8.127426147460938,8.125423969700933,0.9980391384774259,1,0
100,5,t021,1010,1010,1110,-0.6552198529243469,-0.826673686504364,0.1714538335800171,0.5193359474079529,1,0
100,6,t203,1011,1011,1010,-0.005199738312512636,-5.505199909210205,5.500000170897692,0.9948204331494701,1,0
100,7,s03,1011,1011,0011,-0.4307407736778259,-1.0553606748580933,0.6246199011802673,0.6500591794634584,1,0
100,8,c01,1111,1111,1011,-0.03677794337272644,-3.5369513034820557,3.5001733601093292,0.9701575636406436,1,0
101,1,c20,1100,1100,0100,-1.2802988290786743,-1.5343050956726074,0.2540062665939331,0.27826181516060705,1,0
101,2,t032,1100,1100,1110,-0.5150327086448669,-1.1037458181381226,0.5887131094932556,0.5975606067560372,1,0
101,3,x1,1000,1000,1110,-0.045102596282958984,-3.218747854232788,3.173645257949829,0.9564303341200391,1,0
101,4,s20,0010,1000,1000,-3.742499828338623,-0.6932398080825806,-3.0492600202560425,0.02369554206290064,0,0
101,5,s03,0010,1010,1010,-1.3199328184127808,-0.6273055672645569,-0.6926272511482239,0.26717920717911275,0,0
101,6,x3,0011,0011,0000,-0.00010847686644410715,-10.877037048339844,10.8769285714734,0.9998981900794459,1,0
101,7,c23,0010,0010,0011,-0.145405113697052,-2.0204050540924072,1.8749999403953552,0.8646936730913297,1,0
101,8,x1,0110,0110,0100,-0.004311688244342804,-6.629478454589844,6.625166766345501,0.9961479221708753,1,0
102,1,s32,1101,1110,1110,-1.9520429372787476,-1.607377529144287,-0.34466540813446045,0.14209017233647359,0,0
102,2,c20,1101,0101,0101,-1.1280410289764404,-0.7286447286605835,-0.39939630031585693,0.3237305809387179,0,0
102,3,s30,1101,1101,0101,-0.5867336392402649,-1.2831554412841797,0.6964218020439148,0.5562158901661196,1,0
102,4,t312,1111,1111,1101,-0.03435494005680084,-3.409223794937134,3.374868854880333,0.9662403896846394,1,0
102,5,c23,1110,1110,1111,-0.003654632717370987,-6.628654479980469,6.624999847263098,0.9963835770098242,1,0
102,6,t301,1110,1110,1010,-0.2547800838947296,-1.5200133323669434,1.2652332484722137,0.7751433475361026,1,0
102,7,c23,1111,1111,1110,-0.005797064397484064,-5.255797386169434,5.2500003217719495,0.994223124231577,1,0
102,8,c32,1101,1101,1111,-0.030363943427801132,-3.619312047958374,3.588948104530573,0.9701075373279086,1,0
103,1,s20,1001,0011,0011,-2.7438580989837646,-1.8353184461593628,-0.9085396528244019,0.06438018765878128,0,0
103,2,t123,1001,1001,1000,-1.3016836643218994,-2.1766836643218994,0.875,0.2725113959995209,1,0
103,3,t230,1001,1001,0001,-0.3977804183959961,-1.186881422996521,0.7891010046005249,0.6718552018333187,1,0
103,4,t210,1001,1001,0001,-0.1602524369955063,-1.910402536392212,1.7501500993967056,0.8519460316278845,1,0
103,5,t230,1001,1001,0001,-0.31331002712249756,-1.3136544227600098,1.0003443956375122,0.7310548381004647,1,0
103,6,s31,1100,1100,1001,-0.28339895606040955,-1.4219343662261963,1.1385354101657867,0.7532342851063307,1,0
103,7,t023,1100,1100,1101,-0.2017684280872345,-1.7017685174942017,1.5000000894069672,0.8173755151567902,1,0
103,8,c21,1100,1100,1000,-0.47444048523902893,-1.0157390832901,0.5412985980510712,0.6222386112644676,1,0
104,1,c10,1011,1011,0011,-1.5874946117401123,-1.995841145515442,0.4083465337753296,0.20468830130551138,1,0
104,2,t201,1111,1111,0100,-0.04562576487660408,-5.133431911468506,5.087806146591902,0.9554563269262116,1,0
104,3,x3,1110,1110,1101,-0.003912885673344135,-6.519940376281738,6.516027490608394,0.9962417060187845,1,0
104,4,s12,1110,1110,1011,-0.4303086996078491,-1.0731264352798462,0.6428177356719971,0.6503171999735637,1,0
104,5,c03,1111,1111,0111,-0.0010129751171916723,-7.185006141662598,7.183993166545406,0.9990076855250439,1,0
104,6,s12,1111,1111,1011,-0.04891877621412277,-3.0555245876312256,3.006605811417103,0.9522687127626509,1,0
104,7,x3,1110,1110,1101,-0.0011001108214259148,-11.328946113586426,11.327846002765,0.9999461166762652,1,0
104,8,s32,1101,1101,1110,-0.529890775680542,-0.946763277053833,0.416872501373291,0.5886731613617684,1,0
105,1,s01,0000,0000,0100,-1.0142786502838135,-2.712433099746704,1.6981544494628906,0.3630660473647003,1,0
105,2,t123,0000,0000,0001,-0.01646634005010128,-5.0164666175842285,5.000000277534127,0.9837123753692667,1,0
105,3,c31,0000,0000,0100,-0.5775266885757446,-0.8275047540664673,0.24997806549072266,0.5613199887908014,1,0
105,4,t123,0000,0000,0001,-4.029235424241051e-05,-10.750040054321289,10.749999761967047,0.9999605243275352,1,0
105,5,c03,0000,0000,1000,-5.1854949560947716e-05,-10.157633781433105,10.157581926483545,0.9999492422760686,1,0
105,6,t013,0000,0000,1000,-0.00016235023213084787,-9.048849105834961,9.04868675560283,0.9998394390676016,1,0
105,7,t301,0000,0000,1000,-0.000434813933679834,-8.008012771606445,8.007577957672765,0.9995676646590966,1,0
105,8,s12,0000,0000,0100,-0.05519084632396698,-2.929896354675293,2.874705508351326,0.9463077192105508,1,0
106,1,c01,0000,0000,0100,-0.7630318403244019,-2.774874448776245,2.0118426084518433,0.46689164370633446,1,0
106,2,s13,0000,0000,0100,-0.23705367743968964,-1.6117690801620483,1.3747154027223587,0.7890129791144751,1,0
106,3,x1,0100,0100,0010,-0.0056709954515099525,-5.548675537109375,5.543004541657865,0.9944350053193183,1,0
106,4,s02,0100,0100,1000,-0.6933112144470215,-1.3261544704437256,0.6328432559967041,0.500016162606207,1,0
106,5,c31,0100,0100,0000,-0.4746623933315277,-0.9747682213783264,0.5001058280467987,0.6221085366735352,1,0
106,6,x2,0110,0110,0101,-0.0003180246567353606,-8.501474380493164,8.501156355836429,0.9996874706874028,1,0
106,7,c21,0010,0010,0110,-0.47429290413856506,-0.9741904735565186,0.4998975694179535,0.622335686147278,1,0
106,8,c21,0110,0010,0010,-0.7580292224884033,-0.632707417011261,-0.12532180547714233,0.4685906975946358,0,0
107,1,x1,0110,0110,0000,-1.9410618543624878,-2.05726957321167,0.11620771884918213,0.14365756957563752,1,0
107,2,t102,0110,0110,0100,-0.4029502272605896,-2.1007239818573,1.6977737545967102,0.6685005446202139,1,0
107,3,s13,0011,0011,0110,-0.5850154757499695,-0.9140763282775879,0.3290608525276184,0.5571364318480124,1,0
107,4,s32,0011,0001,0001,-1.0964081287384033,-0.5076272487640381,-0.5887808799743652,0.3340843341093944,0,0
107,5,s21,0101,0101,0110,-0.5242670774459839,-1.3935083150863647,0.8692412376403809,0.592066832427095,1,0
107,6,c30,1101,1101,0101,-0.35137939453125,-1.2435660362243652,0.8921866416931152,0.7038703374834921,1,0
107,7,t123,1101,1101,1100,-0.02374216914176941,-3.773742198944092,3.7500000298023224,0.976561458994991,1,0
107,8,c30,0101,0101,1101,-0.31382301449775696,-1.3136398792266846,0.9998168647289276,0.7307462166276338,1,0
108,1,x1,1101,1101,0100,-0.8267794847488403,-2.8767001628875732,2.049920678138733,0.4377685422840247,1,0
108,2,c13,1100,1100,1101,-0.09158160537481308,-2.7165815830230713,2.624999977648258,0.9126354535093688,1,0
108,3,t132,1100,1100,1110,-0.009223820641636848,-5.633760452270508,5.624536631628871,0.9908519120243511,1,0
108,4,s13,1001,1100,1100,-1.7007808685302734,-0.3505052328109741,-1.3502756357192993,0.18254173597626383,0,0
108,5,x3,1000,1000,1011,-0.0032407387625426054,-6.5324387550354,6.529198016272858,0.9967708553793996,1,0
108,6,x1,1100,1100,1000,-0.0015989075182005763,-7.6978678703308105,7.69626896281261,0.9984303968782073,1,0
108,7,x3,1101,1101,0101,-0.000166050493135117,-10.390608787536621,10.390442737043486,0.9998425634407433,1,0
108,8,c30,0101,0101,1101,-0.5233306884765625,-0.8983325958251953,0.3750019073486328,0.5926254205244638,1,0
109,1,c21,0000,0000,0100,-0.8798320889472961,-1.923449158668518,1.043617069721222,0.4156795658634477,1,0
109,2,x0,1000,1000,0000,-0.20179063081741333,-1.840675950050354,1.6388853192329407,0.8174323875225821,1,0
109,3,x3,1001,1001,0001,-0.0018434274243190885,-7.307736396789551,7.305892969365232,0.9982829820550239,1,0
109,4,c20,1001,1001,0001,-0.4743901193141937,-0.9752702116966248,0.500880092382431,0.6222931276555913,1,0
109,5,t210,1001,1001,0001,-0.04864779859781265,-3.0493061542510986,3.000658355653286,0.9525666072036497,1,0
109,6,t210,1001,1001,0001,-0.25194689631462097,-1.5022317171096802,1.2502848207950592,0.7772950224758184,1,0
109,7,s01,0101,0101,1001,-0.41722890734672546,-1.1374831199645996,0.7202542126178741,0.6589897226571629,1,0
109,8,s32,0110,0110,0111,-0.18074917793273926,-2.4307491779327393,2.25,0.8346672605131131,1,0
110,1,s01,1111,1111,0111,-1.7327643632888794,-1.7468633651733398,0.01409900188446045,0.17695696980370684,1,0
110,2,t130,0111,0111,1111,-0.4522397518157959,-1.1480151414871216,0.6957753896713257,0.6363510781080502,1,0
110,3,c30,1111,1111,0111,-0.12800803780555725,-2.128791093826294,2.0007830560207367,0.8798744057654719,1,0
110,4,s13,1111,1011,1011,-0.890231728553772,-0.6247417330741882,-0.26548999547958374,0.4105755389499017,0,0
110,5,c32,1101,1101,1111,-0.015432913787662983,-4.271364688873291,4.255931775085628,0.9847085412418478,1,0
110,6,c30,0101,0101,1101,-0.31373128294944763,-1.313673734664917,0.9999424517154694,0.730967727638066,1,0
110,7,x2,0111,0111,0100,-0.0012009887723252177,-7.805548191070557,7.804347202298231,0.9988170284585246,1,0
110,8,t120,1111,1111,0111,-0.10037826746702194,-2.3502755165100098,2.249897249042988,0.9045512196337592,1,0
111,1,s32,0000,0000,0010,-1.2947328090667725,-1.5441443920135498,0.24941158294677734,0.27468096969116873,1,0
111,2,s23,0000,0000,0010,-0.14151594042778015,-2.1396636962890625,1.9981477558612823,0.868079338397651,1,0
111,3,s20,0000,0000,1000,-0.25219985842704773,-1.5021947622299194,1.2499949038028717,0.7772889192070469,1,0
111,4,c02,0000,0000,1000,-0.000257468840572983,-9.662253379821777,9.661995910981204,0.9997535791840174,1,0
111,5,s12,0000,0000,0100,-0.1003655269742012,-2.350290060043335,2.2499245330691338,0.9045128064233833,1,0
111,6,s23,0000,0000,0010,-0.026450885459780693,-3.6514294147491455,3.624978529289365,0.9738983884740005,1,0
111,7,t132,0000,0000,1000,-3.015952643181663e-05,-10.543681144714355,10.543650985187924,0.9999715361170527,1,0
111,8,s13,0000,0000,0100,-0.3488093912601471,-1.2237212657928467,0.8749118745326996,0.7055374853368389,1,0
112,1,s31,1000,1000,1100,-1.240901231765747,-1.96311354637146,0.7222123146057129,0.2894725791254111,1,0
112,2,c30,1000,1000,0000,-0.20189177989959717,-1.8482807874679565,1.6463890075683594,0.8172344950732762,1,0
112,3,x3,1001,1001,0001,-0.0017166964244097471,-8.18115520477295,8.17943850834854,0.9984278267751444,1,0
112,4,s10,0101,0101,1001,-0.6201701164245605,-0.8264477849006653,0.20627766847610474,0.537928922428631,1,0
112,5,t201,0101,0101,0001,-0.004853594116866589,-5.790093421936035,5.785239827819169,0.9951933204979433,1,0
112,6,t210,0101,1101,1101,-0.8259982466697693,-0.5760636925697327,-0.24993455410003662,0.4378102574719926,0,0
112,7,t130,1101,0101,0101,-0.8263295888900757,-0.5760910511016846,-0.2502385377883911,0.4377133518309157,0,0
112,8,t231,1101,1101,1111,-0.18606388568878174,-2.061455249786377,1.8753913640975952,0.8303575452915987,1,0
113,1,c30,0011,1011,1011,-1.88142991065979,-1.353303074836731,-0.5281268358230591,0.15247756894678158,0,0
113,2,t210,0011,1011,1011,-0.9874690771102905,-0.5394164323806763,-0.44805264472961426,0.37254058609961155,0,0
113,3,s21,0101,0101,0011,-0.17163586616516113,-2.6175336837768555,2.4458978176116943,0.8424012479696594,1,0
113,4,s21,0011,0101,0101,-0.9641498327255249,-0.7071340680122375,-0.25701576471328735,0.3813120693538257,0,0
113,5,s02,1001,1001,0011,-0.4230632781982422,-1.1375819444656372,0.714518666267395,0.6550729345397998,1,0
113,6,c20,1001,0001,0001,-0.8502493500709534,-0.6225749254226685,-0.2276744246482849,0.42736465747861974,0,0
113,7,s30,1001,1001,0001,-0.6970558762550354,-1.3970155715942383,0.6999596953392029,0.498088739177485,1,0
113,8,s30,1001,1001,0101,-0.5796607732772827,-1.627544641494751,1.0478838682174683,0.5601045737888691,1,0
114,1,t203,0000,0000,0001,-0.9311714768409729,-1.9311714172363281,0.9999999403953552,0.39595694823215816,1,0
114,2,s20,0000,0000,1000,-0.20797200500965118,-1.702679991722107,1.4947079867124557,0.8122558772518664,1,0
114,3,s01,0000,0000,1000,-0.25384876132011414,-1.5024045705795288,1.2485558092594147,0.7759579875044329,1,0
114,4,t312,0000,0000,1000,-0.0003237529017496854,-9.292628288269043,9.292304535367293,0.9996840672954638,1,0
114,5,c21,0000,0000,0100,-0.07012014091014862,-2.6951119899749756,2.624991849064827,0.9322974498073494,1,0
114,6,s12,0000,0000,0100,-0.20165693759918213,-1.701499581336975,1.499842643737793,0.8173824896983207,1,0
114,7,t301,0000,0000,0100,-7.223954889923334e-05,-10.250072479248047,10.250000239699148,0.9999286720130522,1,0
114,8,s12,0000,0000,0100,-0.04866861552000046,-3.0486669540405273,2.999998338520527,0.9524983783754649,1,0
115,1,x2,0001,0001,0010,-1.3046863079071045,-2.0551488399505615,0.750462532043457,0.2718051478219429,1,0
115,2,t123,0001,0001,1000,-0.04378052055835724,-5.371938228607178,5.3281577080488205,0.9572698786032194,1,0
115,3,x2,0011,0011,0000,-0.0009521503816358745,-7.127638339996338,7.126686189614702,0.9990501326530881,1,0
115,4,s02,1001,1001,0011,-0.7004774212837219,-1.137154221534729,0.4366768002510071,0.49646876623115904,1,0
115,5,s03,1001,0001,0001,-0.8264079689979553,-0.773900032043457,-0.05250793695449829,0.4376449532282657,0,0
115,6,c02,1011,1011,1001,-0.007772030308842659,-4.88271427154541,4.8749422412365675,0.9922632598963432,1,0
115,7,x2,1001,1001,0001,-0.00013910945563111454,-10.149885177612305,10.149746068156674,0.9998651584217748,1,0
115,8,x3,1000,1000,0000,-9.882153972284868e-05,-10.548144340515137,10.548045518975414,0.9999025255621653,1,0
116,1,x0,0100,0100,0101,-1.3529044389724731,-2.3529043197631836,0.9999998807907104,0.2586292504021814,1,0
116,2,c20,0100,0100,1100,-0.4976441562175751,-0.986732542514801,0.48908838629722595,0.607988921698762,1,0
116,3,x0,1100,1100,0100,-0.0010562909301370382,-7.272021770477295,7.270965479547158,0.999105486275586,1,0
116,4,c32,1100,1110,1110,-2.6090328693389893,-0.07933952659368515,-2.529693342745304,0.07360676436322808,0,0
116,5,x0,0100,0100,1101,-0.0017811425495892763,-7.347533226013184,7.345752083463594,0.9982236379162719,1,0
116,6,c01,0100,0100,0000,-0.0013811674434691668,-6.751676559448242,6.750295392004773,0.9986230344216391,1,0
116,7,s21,0010,0010,0100,-0.5049724578857422,-0.9778812527656555,0.47290879487991333,0.6035240785333893,1,0
116,8,t302,0010,0010,0000,-0.006557931657880545,-6.0684428215026855,6.061884889844805,0.9934808095380834,1,0
117,1,s20,0111,1101,1101,-2.728208541870117,-1.5892105102539062,-1.138998031616211,0.06537650487288034,0,0
117,2,t032,0111,0111,0100,-1.204948902130127,-2.4163870811462402,1.2114381790161133,0.30008182713654025,1,0
117,3,x3,0110,0110,0000,-0.006442984566092491,-7.231021881103516,7.224578896537423,0.9936179885585416,1,0
117,4,s32,0101,0101,0110,-0.5791455507278442,-1.0619022846221924,0.48275673389434814,0.560390077705887,1,0
117,5,t201,0101,0101,0001,-0.005126493982970715,-5.859313011169434,5.854186517186463,0.9949397833771452,1,0
117,6,s23,0110,0110,0101,-0.1994624137878418,-1.8116064071655273,1.6121439933776855,0.8192324985818844,1,0
117,7,t231,0110,0110,0010,-0.00259612244553864,-6.26357889175415,6.260982769308612,0.9974447163530472,1,0
117,8,s32,0101,0110,0110,-0.766539454460144,-0.6470885276794434,-0.11945092678070068,0.46462306631345196,0,0
118,1,x2,1110,1110,1111,-0.8348547220230103,-2.4598546028137207,1.6249998807907104,0.434494512826122,1,0
118,2,c23,1111,1111,0000,-0.11925511807203293,-4.486544609069824,4.367289490997791,0.88810442876771,1,0
118,3,s12,1111,1011,1011,-0.7954519987106323,-0.6636673808097839,-0.1317846179008484,0.45138841593345663,0,0
118,4,s01,1111,1111,0111,-0.526232123374939,-0.900720477104187,0.37448835372924805,0.5912677012625465,1,0
118,5,c03,1110,1110,0111,-0.004971270449459553,-6.381668567657471,6.376697297208011,0.9954758586501098,1,0
118,6,t021,1010,1010,1110,-0.22831083834171295,-1.60193932056427,1.373628482222557,0.7958903604218951,1,0
118,7,t032,1010,1010,1000,-0.18260064721107483,-1.8078007698059082,1.6252001225948334,0.8331041348900724,1,0
118,8,x2,1000,1000,1011,-0.002058213809505105,-6.6307148933410645,6.628656679531559,0.9979443081705682,1,0
119,1,c12,1101,1101,1110,-1.0240527391433716,-2.038031816482544,1.0139790773391724,0.359569125710293,1,0
119,2,x2,1111,1111,0000,-0.046274006366729736,-5.157313823699951,5.111039817333221,0.9548579952752946,1,0
119,3,x0,0111,0111,1110,-0.023742571473121643,-4.348563194274902,4.324820622801781,0.9768767667235925,1,0
119,4,c21,0011,0011,0111,-0.12943972647190094,-2.1301586627960205,2.0007189363241196,0.8786086163541458,1,0
119,5,c02,0011,0011,0111,-0.0007340104784816504,-7.425701141357422,7.42496713087894,0.9992669673949721,1,0
119,6,x1,0111,0111,0011,-0.002519097877666354,-6.272989749908447,6.270470652030781,0.9979152888643371,1,0
119,7,t032,0111,0101,0101,-1.2239480018615723,-0.3488945960998535,-0.8750534057617188,0.2940696750200732,0,0
119,8,x1,0011,0011,0101,-0.004391354043036699,-5.5874552726745605,5.583063918631524,0.9959713421168113,1,0
120,1,x0,0001,0001,0010,-1.1924324035644531,-2.5566511154174805,1.3642187118530273,0.303741084534903,1,0
120,2,c30,1001,0001,0001,-0.8264412879943848,-0.580416202545166,-0.24602508544921875,0.4376268517702686,0,0
120,3,t321,1001,1001,1101,-0.20247356593608856,-1.7024403810501099,1.4999668151140213,0.8167295770786609,1,0
120,4,s32,1010,1010,1001,-0.07938257604837418,-2.649115800857544,2.5697332248091698,0.9236900891601616,1,0
120,5,s03,0011,0011,1010,-0.6570888757705688,-0.8310521841049194,0.17396330833435059,0.5183904615804469,1,0
120,6,c30,1011,1011,0011,-0.47462329268455505,-0.9741814732551575,0.4995581805706024,0.6221444272750449,1,0
120,7,t102,1011,1011,1111,-0.005415721796452999,-5.796623706817627,5.791207985021174,0.9946095039189035,1,0
120,8,c21,1111,1111,1011,-0.03838181495666504,-3.288281202316284,3.249899387359619,0.9623506441372011,1,0
121,1,c31,0110,0010,0010,-1.9314600229263306,-1.8227429389953613,-0.10871708393096924,0.14510062994516573,0,0
121,2,x0,1110,1110,0110,-0.31987810134887695,-2.1816000938415527,1.8617219924926758,0.726469842689266,1,0
121,3,s01,1110,0110,0110,-1.1469289064407349,-0.4369196891784668,-0.7100092172622681,0.317695903998757,0,0
121,4,c21,1010,1010,1110,-0.18351013958454132,-1.8058832883834839,1.6223731487989426,0.8323674779703765,1,0
121,5,x1,1110,1110,1000,-0.0015747222350910306,-7.036642074584961,7.03506735234987,0.9984534809601935,1,0
121,6,c32,1110,1101,1101,-1.4503397941589355,-0.43561211228370667,-1.0147276818752289,0.23451256405335888,0,0
121,7,s30,0111,1110,1110,-0.8558669686317444,-0.5761590003967285,-0.27970796823501587,0.4249377699380253,0,0
121,8,t120,1111,1111,0111,-0.06564001739025116,-2.812268018722534,2.746628001332283,0.936609349593392,1,0
122,1,t120,1011,1011,0011,-1.4074671268463135,-2.1775450706481934,0.7700779438018799,0.24498870639381082,1,0
122,2,c21,1111,1111,1011,-0.03854052722454071,-4.9138503074646,4.875309780240059,0.9622539788053303,1,0
122,3,c23,1110,1110,1101,-0.0011585326865315437,-8.263627052307129,8.262468519620597,0.9988937712690741,1,0
122,4,t210,0110,1110,1110,-0.6993542909622192,-0.694057047367096,-0.005297243595123291,0.4969264137175978,0,0
122,5,x1,0010,0010,1100,-0.027418814599514008,-5.0422539710998535,5.0148351565003395,0.9732458982108101,1,0
122,6,c02,0010,0010,1000,-0.00030038371914997697,-8.727583885192871,8.727283501473721,0.9996999383858757,1,0
122,7,s31,0010,0110,0110,-1.8074761629104614,-0.19893550872802734,-1.608540654182434,0.16406869402569604,0,0
122,8,t312,0010,0010,0000,-6.890157237648964e-05,-9.987885475158691,9.987816573586315,0.999931623398026,1,0
123,1,s32,0000,0000,0010,-1.2425659894943237,-1.5885330438613892,0.34596705436706543,0.2893984018893774,1,0
123,2,x1,0100,0100,0010,-0.14889705181121826,-2.7004899978637695,2.5515929460525513,0.8617648429768796,1,0
123,3,t103,0100,0100,0000,-0.004559488967061043,-7.411434650421143,7.4068751614540815,0.9955124180329061,1,0
123,4,s02,0100,1100,1100,-0.9746801257133484,-0.6997557282447815,-0.2749243974685669,0.37739195420125726,0,0
123,5,s21,0010,0010,0100,-0.7753883600234985,-0.8984287977218628,0.12304043769836426,0.46052907207030347,1,0
123,6,x2,0000,0000,0011,-0.00132706796284765,-7.013192176818848,7.011865108856,0.9986790877771253,1,0
123,7,t012,0000,0000,1000,-2.0027018763357773e-05,-11.428878784179688,11.428858757160924,0.9999798908012038,1,0
123,8,x0,1000,1000,0000,-0.006444427650421858,-5.357150554656982,5.350706127006561,0.9940838740093355,1,0
124,1,x2,1000,1000,1011,-1.2785303592681885,-2.002018928527832,0.7234885692596436,0.27879596920460903,1,0
124,2,x1,1100,1100,1010,-0.14947518706321716,-3.579749584197998,3.430274397134781,0.8612553402672183,1,0
124,3,s32,1100,1100,1110,-0.3458555340766907,-1.5077191591262817,1.161863625049591,0.7076920929371274,1,0
124,4,x2,1110,1110,1101,-0.00484318844974041,-6.630730152130127,6.6258869636803865,0.9951845793936616,1,0
124,5,t213,1111,1111,1110,-0.006208122707903385,-5.2562079429626465,5.249999820254743,0.9938465974809223,1,0
124,6,c23,1110,1110,1111,-0.005170512944459915,-7.005170822143555,7.000000309199095,0.9948699766254928,1,0
124,7,x0,0110,0110,1110,-0.010369695723056793,-4.860747337341309,4.850377641618252,0.9900222224388766,1,0
124,8,c13,0111,0111,0110,-0.006930974777787924,-5.381930828094482,5.3749998533166945,0.9930941719245097,1,0
125,1,t032,1001,1011,1011,-1.9606647491455078,-1.7568039894104004,-0.20386075973510742,0.14089069507530408,0,0
125,2,x2,1011,1011,1100,-1.1271547079086304,-2.467785358428955,1.3406306505203247,0.3240711684787636,1,0
125,3,t103,1011,1010,1010,-1.5213866233825684,-0.5213865637779236,-1.0000000596046448,0.21844609777423826,0,0
125,4,c03,1010,1010,1110,-0.020180342718958855,-5.240408897399902,5.2202285546809435,0.9800282005231565,1,0
125,5,x1,1110,1110,1000,-0.04070545732975006,-4.21979284286499,4.17908738553524,0.9603466376459171,1,0
125,6,t301,1110,1110,1010,-0.34888240694999695,-1.2241123914718628,0.8752299845218658,0.7054918167628446,1,0
125,7,x2,1100,1100,1101,-0.001053958898410201,-7.626054286956787,7.625000328058377,0.9989591352153581,1,0
125,8,c31,1100,1100,1000,-0.576425313949585,-0.8270052671432495,0.25057995319366455,0.5619204980491881,1,0
126,1,s20,0011,1001,1001,-2.2761547565460205,-1.445470929145813,-0.8306838274002075,0.10275129294410085,0,0
126,2,t302,0011,0011,0000,-0.7649058699607849,-2.0087475776672363,1.2438417077064514,0.4657034329006375,1,0
126,3,c02,0011,0011,1001,-0.0011196574196219444,-8.346949577331543,8.345829919911921,0.9988834326238917,1,0
126,4,t302,0011,0011,0001,-0.00788824912160635,-4.882893085479736,4.87500483635813,0.992144758495086,1,0
126,5,t031,0011,0011,1011,-0.0007433360442519188,-7.772066593170166,7.771323257125914,0.9992632599530377,1,0
126,6,c32,0001,0001,0011,-0.0700121596455574,-2.695326328277588,2.6253141686320305,0.9323849472660654,1,0
126,7,x1,0101,0101,1001,-0.0011477553052827716,-8.106897354125977,8.105749598820694,0.9989385019060512,1,0
126,8,x0,1101,1101,0101,-0.005122029688209295,-6.067790508270264,6.062668478582054,0.9976042770712817,1,0
127,1,s31,1111,1011,1011,-1.9309954643249512,-1.7803610563278198,-0.15063440799713135,0.14505189837285837,0,0
127,2,c30,0111,0111,1111,-0.33797162771224976,-1.3376991748809814,0.9997275471687317,0.7133208496401812,1,0
127,3,t231,0011,0011,0111,-0.33656904101371765,-1.3370912075042725,1.0005221664905548,0.7142547153794451,1,0
127,4,s32,0011,0011,0001,-0.14425380527973175,-2.0183441638946533,1.8740903586149216,0.8656727686539972,1,0
127,5,c13,0011,0010,0010,-1.5020521879196167,-0.2520521879196167,-1.25,0.2226731807883931,0,0
127,6,c10,0011,1011,1011,-2.0177359580993652,-0.14273479580879211,-1.8750011622905731,0.1329612953378596,0,0
127,7,c32,0001,0001,0011,-0.04860949516296387,-3.0489237308502197,3.000314235687256,0.9525541198985229,1,0
127,8,s20,0001,1000,1000,-1.1368993520736694,-0.4354742765426636,-0.7014250755310059,0.3208168990177514,0,0
128,1,c03,1111,1111,1110,-0.8943599462509155,-2.144360065460205,1.2500001192092896,0.4093819972263954,1,0
128,2,x3,1110,1110,0000,-0.03535635024309158,-5.320455074310303,5.285098724067211,0.9653895741830686,1,0
128,3,c23,1111,1111,1110,-0.011840485036373138,-6.5118408203125,6.500000335276127,0.9882491746281292,1,0
128,4,x0,0111,0111,1111,-0.006084233522415161,-5.784540176391602,5.778455942869186,0.9962689472933739,1,0
128,5,s03,1110,1110,0111,-0.1901877373456955,-1.9106563329696655,1.72046859562397,0.8268844499414335,1,0
128,6,x1,1010,1010,1111,-0.005673159379512072,-5.89351749420166,5.887844334822148,0.9945212320259222,1,0
128,7,c10,1010,1010,0010,-0.3875950872898102,-1.1799052953720093,0.7923102080821991,0.6786892470951073,1,0
128,8,s13,1010,1110,1110,-1.604858160018921,-0.31761449575424194,-1.287243664264679,0.2009192998329964,0,0
129,1,t123,0000,0000,0001,-0.6414557695388794,-2.39145565032959,1.7499998807907104,0.5284076823032733,1,0
129,2,t013,0000,0000,1000,-0.00786560121923685,-6.433298587799072,6.425432986579835,0.9921761965082828,1,0
129,3,c30,0000,0000,1000,-0.04861973598599434,-3.0485973358154297,2.9999775998294353,0.952548127546589,1,0
129,4,x1,0100,0100,0010,-0.0015185116790235043,-7.319666385650635,7.318147873971611,0.9985167449783425,1,0
129,5,c10,1100,1100,0100,-0.1613256335258484,-1.910929560661316,1.7496039271354675,0.8514805094221511,1,0
129,6,s10,1100,0100,0100,-0.9811988472938538,-0.572041392326355,-0.4091574549674988,0.3750120663483483,0,0
129,7,t320,1100,1100,0100,-0.07897479087114334,-2.579767942428589,2.5007931515574455,0.9241238094626102,1,0
129,8,s30,0101,1100,1100,-0.9014217257499695,-0.6934255361557007,-0.2079961895942688,0.4060103033673002,0,0
130,1,t103,1000,1000,1001,-0.6972628831863403,-2.19726300239563,1.5000001192092896,0.5004849754684172,1,0
130,2,t120,1000,1000,0000,-0.06487914174795151,-2.82960844039917,2.7647292986512184,0.9372043360638773,1,0
130,3,s30,0001,1000,1000,-0.9058834910392761,-0.6932580471038818,-0.2126254439353943,0.4042136565667673,0,0
130,4,c12,0001,0001,0011,-0.0016259454423561692,-6.627584457397461,6.625958511955105,0.998380444667888,1,0
130,5,t021,0001,0001,1001,-0.0001293343520956114,-9.031271934509277,9.031142600157182,0.9998720091169996,1,0
130,6,s32,0010,0010,0001,-0.12119637429714203,-2.3565821647644043,2.2353857904672623,0.8858650559609765,1,0
130,7,x1,0110,0110,0010,-0.002093236893415451,-7.1632819175720215,7.161188680678606,0.9981164132965995,1,0
130,8,c13,0111,0111,0110,-0.001473902491852641,-6.751474380493164,6.750000478001311,0.9985387715515867,1,0
131,1,c12,0010,0010,0000,-1.2318916320800781,-1.8627090454101562,0.6308174133300781,0.29215059788415365,1,0
131,2,c20,1010,1010,0010,-0.5764408707618713,-0.8292979598045349,0.2528570890426636,0.5619198530422006,1,0
131,3,x0,0010,0010,1110,-0.014466460794210434,-4.354463577270508,4.339997116476297,0.9856633168973755,1,0
131,4,x1,0110,0110,0010,-0.007788848131895065,-5.387953758239746,5.380164910107851,0.9928425877587014,1,0
131,5,t031,0110,0110,1110,-0.0003084781928919256,-9.391643524169922,9.39133504597703,0.9996969452361351,1,0
131,6,c30,0110,1110,1110,-1.502134919166565,-0.25212645530700684,-1.250008463859558,0.22269452427653946,0,0
131,7,c21,0010,0010,0110,-0.6352859735488892,-0.7583825588226318,0.12309658527374268,0.5297996064770668,1,0
131,8,s30,0010,1010,1010,-0.8260411024093628,-0.63797926902771,-0.18806183338165283,0.4378004882521264,0,0
132,1,c01,1001,1001,1011,-1.5150911808013916,-2.1837658882141113,0.6686747074127197,0.21990004227721063,1,0
132,2,x1,1101,1101,0000,-0.025074664503335953,-5.618783950805664,5.593709286302328,0.975331435526947,1,0
132,3,c23,1101,1101,1100,-0.38855260610580444,-1.1385525465011597,0.7499999403953552,0.6780741481532399,1,0
132,4,x2,1111,1111,1100,-0.0011563580483198166,-8.00338077545166,8.00222441740334,0.9988549798879658,1,0
132,5,x0,0111,0111,1111,-0.004823604132980108,-5.403254985809326,5.398431381676346,0.9953740714900856,1,0
132,6,s23,0111,0111,0101,-0.6407728791236877,-0.7619680166244507,0.12119513750076294,0.5268861560445178,1,0
132,7,x0,1111,1111,0111,-0.0020245888736099005,-6.315190315246582,6.313165726372972,0.9981529912201261,1,0
132,8,t120,0111,0111,1111,-0.576013445854187,-0.8260173797607422,0.2500039339065552,0.562148412085584,1,0
133,1,s20,0101,0101,1100,-1.595770239830017,-2.59555721282959,0.9997869729995728,0.20295575499409374,1,0
133,2,s21,0011,0101,0101,-1.3714401721954346,-0.7111350893974304,-0.6603050827980042,0.2537610715330885,0,0
133,3,s31,0110,0101,0101,-1.0320920944213867,-0.7052615880966187,-0.32683050632476807,0.3563574132817531,0,0
133,4,x1,0010,0010,0011,-0.6602446436882019,-1.4102445840835571,0.7499999403953552,0.5168619969070791,1,0
133,5,t213,0010,0010,0100,-0.02846539579331875,-4.8088507652282715,4.780385369434953,0.9719650660059334,1,0
133,6,t203,0010,0010,0011,-0.0012052359525114298,-6.751204967498779,6.749999731546268,0.9987959320180413,1,0
133,7,t321,0010,0010,0110,-0.04875938221812248,-3.0495145320892334,3.000755149871111,0.9524167994575027,1,0
133,8,s30,0010,1010,1010,-1.1375408172607422,-0.4170325994491577,-0.7205082178115845,0.3206289262438608,0,0
134,1,t012,0001,0001,0010,-0.7660032510757446,-2.4103612899780273,1.6443580389022827,0.46571655369040904,1,0
134,2,s02,0001,0001,1000,-0.6979724168777466,-0.7101837992668152,0.012211382389068604,0.4976340641980817,1,0
134,3,x3,0000,0000,0011,-0.006951082497835159,-6.264402389526367,6.257451307028532,0.9931338368017546,1,0
134,4,t012,0000,0000,0001,-0.00031182763632386923,-8.625311851501465,8.625000023865141,0.9996892146157408,1,0
134,5,s10,0000,0000,1000,-0.062492020428180695,-2.8122165203094482,2.7497244998812675,0.9396528777104336,1,0
134,6,t213,0000,0000,0001,-0.0002517534885555506,-9.375251770019531,9.375000016530976,0.9997508767058821,1,0
134,7,t201,0000,0000,0100,-0.00039823591941967607,-8.250394821166992,8.249996585247573,0.9996054471184578,1,0
134,8,t310,0000,0000,1000,-0.029771611094474792,-3.529759407043457,3.4999877959489822,0.9706679295445855,1,0
135,1,t012,0001,0001,0010,-0.6529241800308228,-2.8077688217163086,2.154844641685486,0.5216043602897081,1,0
135,2,x0,1001,1001,0101,-0.03825726360082626,-3.8790767192840576,3.8408194556832314,0.9625821585708579,1,0
135,3,x1,1101,1101,1011,-0.0012209034757688642,-7.781039237976074,7.779818334500305,0.9988574201061596,1,0
135,4,c31,1001,1001,1101,-0.2814970314502716,-1.4065970182418823,1.1250999867916107,0.7546731839077699,1,0
135,5,s03,1001,0001,0001,-0.9742674827575684,-0.5081812143325806,-0.4660862684249878,0.3774765227099723,0,0
135,6,t320,1001,1001,0001,-0.10025019943714142,-2.350311517715454,2.2500613182783127,0.9046444501002688,1,0
135,7,s32,1010,1010,1001,-0.10207774490118027,-2.4052574634552,2.30317971855402,0.9029609660161213,1,0
135,8,s21,1100,1100,1110,-0.6263201236724854,-0.9874919652938843,0.3611718416213989,0.5345649661587593,1,0
136,1,t210,1100,1100,0100,-1.2675024271011353,-2.0620834827423096,0.7945810556411743,0.28194549864414636,1,0
136,2,x0,0100,0100,1101,-0.03807584196329117,-4.575256824493408,4.537180982530117,0.9627001357023135,1,0
136,3,t301,0100,0100,0000,-0.005114431027323008,-5.730134963989258,5.725020532961935,0.9949073334165467,1,0
136,4,s01,1000,1000,0100,-0.12910719215869904,-2.1290910243988037,1.9999838322401047,0.8806020913739238,1,0
136,5,t320,1000,1000,0000,-0.1608790010213852,-1.9178653955459595,1.7569863945245743,0.8517931978699937,1,0
136,6,s23,1000,1000,1010,-0.182773619890213,-1.8049697875976562,1.6221961677074432,0.8329975061331433,1,0
136,7,c20,1000,1000,0000,-0.38695862889289856,-1.1374284029006958,0.7504697740077972,0.6791771905587946,1,0
136,8,s30,0001,0001,1000,-0.7113321423530579,-0.8264936208724976,0.1151614785194397,0.49101271402974794,1,0
137,1,t032,1010,1010,1000,-1.3159881830215454,-1.9731866121292114,0.657198429107666,0.26849532799181663,1,0
137,2,x3,1011,1011,0000,-0.009914749301970005,-6.438213348388672,6.428298599086702,0.990200919200825,1,0
137,3,x3,1010,1010,1100,-0.00048071995843201876,-9.777493476867676,9.777012756909244,0.999522312898403,1,0
137,4,c23,1011,1011,1010,-0.005319355055689812,-5.380319595336914,5.375000240281224,0.9946980015273427,1,0
137,5,x2,1001,1001,1010,-0.0014362214133143425,-8.438939094543457,8.437502873130143,0.9985752298346384,1,0
137,6,c23,1001,1001,1000,-0.0001563978148624301,-9.50015640258789,9.500000004773028,0.9998450458487835,1,0
137,7,t210,1001,1001,0001,-0.01818140037357807,-4.018337249755859,4.000155849382281,0.981984887129377,1,0
137,8,t210,1001,1001,0001,-0.25193750858306885,-1.5020263195037842,1.2500888109207153,0.7772950261718999,1,0
138,1,c21,1011,1011,1111,-1.2575931549072266,-1.7783002853393555,0.5207071304321289,0.2844856271332965,1,0
138,2,x3,1010,1010,0000,-0.02735326439142227,-5.505885124206543,5.478531859815121,0.973051002788911,1,0
138,3,t321,1010,1010,1110,-0.2552165985107422,-1.5079444646835327,1.2527278661727905,0.7747713586687799,1,0
138,4,t201,1110,1010,1010,-0.9760270118713379,-0.4745272099971771,-0.5014998018741608,0.3768086007223476,0,0
138,5,x2,1100,1100,1101,-0.003117851447314024,-6.37811803817749,6.375000186730176,0.9969898929859597,1,0
138,6,t023,1100,1100,1101,-0.030662203207612038,-3.5306620597839355,3.4999998565763235,0.969838531267655,1,0
138,7,c32,1100,1110,1110,-4.411177158355713,-0.0129323098808527,-4.39824484847486,0.01214103795214102,0,0
138,8,x3,1101,1101,0101,-0.0004325511399656534,-8.840654373168945,8.84022182202898,0.9995860390602398,1,0
139,1,s13,1001,1100,1100,-2.553283452987671,-1.5618431568145752,-0.9914402961730957,0.07790181131325083,0,0
139,2,t312,1001,1011,1011,-2.5030548572540283,-2.305367946624756,-0.19768691062927246,0.08203602749325829,0,0
139,3,s21,1001,1100,1100,-1.2332384586334229,-0.9638645648956299,-0.26937389373779297,0.2914131864403605,0,0
139,4,x2,1011,1011,1000,-0.0036300907377153635,-6.537245750427246,6.533615659689531,0.9964106324768327,1,0
139,5,c23,1010,1010,1011,-0.006012216676026583,-5.381011962890625,5.374999746214598,0.9940535889500466,1,0
139,6,c30,1010,0010,0010,-0.8517826199531555,-0.5974204540252686,-0.25436216592788696,0.4267404044721726,0,0
139,7,x0,0010,0010,1110,-0.01029015239328146,-4.749543190002441,4.73925303760916,0.9900141314540978,1,0
139,8,t231,0010,0010,0110,-0.0035423152148723602,-5.847078323364258,5.8435360081493855,0.9964663066974605,1,0
140,1,c13,0110,0110,0111,-0.7762846946716309,-2.276284694671631,1.5,0.4608759238022673,1,0
140,2,x0,1110,1110,0110,-0.21604089438915253,-2.658647060394287,2.4426061660051346,0.8058248715171684,1,0
140,3,s23,1101,1110,1110,-0.9075765013694763,-0.8382359743118286,-0.0693405270576477,0.4035060629142409,0,0
140,4,s32,1110,1110,1101,-0.4451588988304138,-1.173925518989563,0.7287666201591492,0.640735853525327,1,0
140,5,t230,1110,0110,0110,-0.8266713619232178,-0.5927098989486694,-0.23396146297454834,0.43757797679439114,0,0
140,6,t231,1110,1110,1010,-0.05027531832456589,-3.0707645416259766,3.0204892233014107,0.9509783936298273,1,0
140,7,s03,0111,1110,1110,-1.011818766593933,-0.523547351360321,-0.48827141523361206,0.3635770939719769,0,0
140,8,x2,0101,0101,0110,-0.0013515069149434566,-7.565872669219971,7.564521162305027,0.9986596125364346,1,0
141,1,x2,1000,1000,1011,-1.339911937713623,-2.0020601749420166,0.6621482372283936,0.26221128422072054,1,0
141,2,x2,1010,1010,1001,-0.23119020462036133,-2.244981288909912,2.013791084289551,0.7936518050297136,1,0
141,3,s01,0110,1010,1010,-0.919285774230957,-0.8913472890853882,-0.027938485145568848,0.3988527211815811,0,0
141,4,s02,1100,0110,0110,-1.8134440183639526,-1.326961636543274,-0.4864823818206787,0.16309914737007666,0,0
141,5,s31,1001,1100,1100,-1.1342216730117798,-0.9235742092132568,-0.21064746379852295,0.32171385529856267,0,0
141,6,t132,1001,1011,1011,-0.9355813264846802,-0.5931745767593384,-0.3424067497253418,0.3924129725360693,0,0
141,7,t201,1001,1101,1101,-1.5027028322219849,-0.25283175706863403,-1.2498710751533508,0.22253212600458128,0,0
141,8,s02,0011,1001,1001,-1.0434198379516602,-0.633097767829895,-0.41032207012176514,0.35226170210909,0,0
142,1,x1,0000,0000,0101,-1.6992236375808716,-2.293870449066162,0.5946468114852905,0.18306012041988917,1,0
142,2,s13,0000,0000,0100,-0.5104641914367676,-1.007791519165039,0.4973273277282715,0.6002679182605755,1,0
142,3,t201,0000,0000,0100,-0.001957616303116083,-7.982146263122559,7.9801886468194425,0.9980545869354194,1,0
142,4,t321,0000,0000,0100,-0.000937365461140871,-7.628542900085449,7.627605534624308,0.9990715863159094,1,0
142,5,s01,0000,0000,1000,-0.1614225059747696,-1.9102835655212402,1.7488610595464706,0.8509548664827108,1,0
142,6,t123,0000,0000,1000,-6.461020529968664e-05,-10.568689346313477,10.568624736108177,0.9999365778542805,1,0
142,7,t012,0000,0000,1000,-1.5258698113029823e-05,-11.250885963439941,11.250870704741828,0.9999851670240993,1,0
142,8,s23,0000,0000,0010,-0.12710490822792053,-2.126981735229492,1.9998768270015717,0.8806414643910659,1,0
143,1,s01,0001,0001,1000,-1.0571469068527222,-2.7630720138549805,1.7059251070022583,0.3477987079380442,1,0
143,2,s20,0001,0001,1000,-0.4815931022167206,-0.9886488318443298,0.5070557296276093,0.6178323394387274,1,0
143,3,t130,0001,0001,1001,-0.12702417373657227,-2.1270720958709717,2.0000479221343994,0.8807298356070696,1,0
143,4,s10,0001,0001,1000,-0.3888108730316162,-1.3168636560440063,0.9280527830123901,0.6780219270929841,1,0
143,5,x1,0101,0101,0011,-0.0046294755302369595,-6.014362812042236,6.009733336511999,0.9973527854565948,1,0
143,6,x2,0111,0111,0100,-0.011387416161596775,-4.5238800048828125,4.512492588721216,0.9887455025333811,1,0
143,7,t021,0111,0111,1111,-0.008668112568557262,-4.897445201873779,4.888777089305222,0.9914002179688388,1,0
143,8,x1,0011,0011,0101,-0.009184541180729866,-4.770230293273926,4.761045752093196,0.9909937921919897,1,0
144,1,c01,0111,0111,0000,-1.7510120868682861,-2.4811692237854004,0.7301571369171143,0.17394417944604829,1,0
144,2,x0,1111,1111,0110,-0.08443108201026917,-3.9706995487213135,3.8862684667110443,0.9195636879199885,1,0
144,3,c23,1110,1110,0000,-0.008612019941210747,-7.04177188873291,7.033159868791699,0.9915652161687015,1,0
144,4,t120,0110,1110,1110,-1.137544870376587,-0.3870273530483246,-0.7505175173282623,0.32061668077077266,0,0
144,5,x3,0111,0111,1111,-0.008572389371693134,-6.102298259735107,6.093725870363414,0.9914736729261069,1,0
144,6,s12,0111,0111,0011,-0.34891238808631897,-1.224286437034607,0.875374048948288,0.7054581121867819,1,0
144,7,c21,0011,0011,0111,-0.07964227348566055,-2.57977032661438,2.5001280531287193,0.9234762649551759,1,0
144,8,s03,1010,1010,0011,-0.36147013306617737,-1.2238868474960327,0.8624167144298553,0.6966840493893574,1,0
145,1,t203,0110,0111,0111,-1.9791343212127686,-1.2291343212127686,-0.75,0.13868448162518532,0,0
145,2,t102,0110,0110,0100,-0.08791577070951462,-3.9698219299316406,3.881906159222126,0.9159408648648394,1,0
145,3,t301,0110,0110,0010,-0.009932643733918667,-5.022770881652832,5.012838237918913,0.9901400234608425,1,0
145,4,s31,0011,0110,0110,-0.7660216689109802,-0.6412912607192993,-0.12473040819168091,0.46487767562438864,0,0
145,5,x3,0010,0010,0110,-0.0004334102850407362,-9.593966484069824,9.593533073784783,0.999570354840382,1,0
145,6,s21,0100,0100,0010,-0.21607284247875214,-1.7068513631820679,1.4907785207033157,0.805726569758084,1,0
145,7,c20,0100,1100,1100,-1.1371567249298096,-0.38753408193588257,-0.749622642993927,0.32085468703217107,0,0
145,8,c12,0110,0110,0100,-0.2566225528717041,-1.5066620111465454,1.2500394582748413,0.7736811845489904,1,0
146,1,x1,0111,0111,0000,-1.1592035293579102,-2.246830940246582,1.0876274108886719,0.31400608418475,1,0
146,2,t012,0111,0111,0101,-0.24771985411643982,-2.504258394241333,2.256538540124893,0.7806899307187579,1,0
146,3,x2,0101,0101,0011,-0.003728457260876894,-6.439265251159668,6.435536793898791,0.9962897907077938,1,0
146,4,s12,0011,0101,0101,-0.8085064888000488,-0.634803295135498,-0.17370319366455078,0.4455256703210248,0,0
146,5,x0,1011,1011,1001,-0.0024007910396903753,-7.002326965332031,6.999926174292341,0.9976739881831316,1,0
146,6,t123,1011,1010,1010,-4.511443614959717,-0.011443841271102428,-4.499999773688614,0.01098269090871418,0,0
146,7,x0,0011,0011,1111,-0.001051007304340601,-7.055818557739258,7.054767550434917,0.998954811439483,1,0
146,8,s02,1001,1001,0011,-0.3814273774623871,-1.7014799118041992,1.3200525343418121,0.682921308280551,1,0
147,1,x2,1010,1010,1001,-0.8569645881652832,-2.239386558532715,1.3824219703674316,0.4256860779523593,1,0
147,2,x3,1011,1011,0000,-0.1077364832162857,-4.310911178588867,4.2031746953725815,0.8981782822578779,1,0
147,3,x0,0011,0011,1111,-0.06736668199300766,-2.968644857406616,2.9012781754136086,0.9349081829868597,1,0
147,4,t230,1011,1011,0011,-0.3891131281852722,-1.1394716501235962,0.750358521938324,0.6776891955667597,1,0
147,5,s12,1101,1101,1110,-0.21105584502220154,-2.5432207584381104,2.332164913415909,0.8097826005551414,1,0
147,6,s13,1101,1101,1001,-0.43675723671913147,-1.5313314199447632,1.0945741832256317,0.6462068124462176,1,0
147,7,s31,1101,1101,1011,-0.3497965335845947,-1.6655423641204834,1.3157458305358887,0.7048899453073358,1,0
147,8,s12,1011,1101,1101,-0.9158501029014587,-0.5766377449035645,-0.3392123579978943,0.4001785339274561,0,0
148,1,s12,0000,0000,0100,-1.0893288850784302,-1.9270813465118408,0.8377524614334106,0.3369130592983545,1,0
148,2,s01,0000,0000,1000,-0.47964563965797424,-1.014297604560852,0.5346519649028778,0.619111770175131,1,0
148,3,t031,0000,0000,1000,-0.0004708993074018508,-9.18839168548584,9.187920786178438,0.9995386173323587,1,0
148,4,s01,0000,0000,1000,-0.04878168925642967,-3.048802614212036,3.0000209249556065,0.9523924809235335,1,0
148,5,x3,0001,0001,0010,-0.00035044594551436603,-8.643492698669434,8.64314225272392,0.9996558165232581,1,0
148,6,s10,0001,0001,1000,-0.12803557515144348,-2.3283729553222656,2.200337380170822,0.8798361389842578,1,0
148,7,t320,0001,0001,1001,-0.31338050961494446,-1.31343412399292,1.0000536143779755,0.731033598296207,1,0
148,8,t301,0001,0001,0101,-0.002090779598802328,-6.754927635192871,6.752836855594069,0.9979167561161518,1,0
149,1,c30,0100,0100,1100,-1.2521464824676514,-1.4194296598434448,0.16728317737579346,0.2862790067986117,1,0
149,2,x1,0000,0000,0110,-0.048244327306747437,-4.475278854370117,4.42703452706337,0.9529744282096738,1,0
149,3,c21,0000,0000,0100,-0.0495382659137249,-3.049534320831299,2.999996054917574,0.9517007219087921,1,0
149,4,t301,0000,0000,1000,-0.000356974866008386,-8.879291534423828,8.87893455955782,0.9996454661378581,1,0
149,5,x2,0010,0010,0000,-0.00041382169001735747,-8.224018096923828,8.22360427523381,0.9995905044173713,1,0
149,6,c23,0011,0011,0010,-0.02688954956829548,-3.6518895626068115,3.625000013038516,0.9734725260296375,1,0
149,7,x2,0001,0001,0010,-0.003607816295698285,-5.62862491607666,5.625017099780962,0.996401337548636,1,0
149,8,c32,0011,0011,0001,-0.1136452779173851,-2.2380356788635254,2.1243904009461403,0.8925808023294041,1,0
150,1,s20,0011,1001,1001,-2.5427706241607666,-1.5366761684417725,-1.0060944557189941,0.07871038624937433,0,0
150,2,c32,0001,0001,0011,-1.183030128479004,-2.3346848487854004,1.1516547203063965,0.3065062104146671,1,0
150,3,t120,0001,0001,1001,-0.4386768937110901,-1.2849013805389404,0.8462244868278503,0.6449713812712156,1,0
150,4,x0,1001,1001,0101,-0.0034295055083930492,-6.0228118896484375,6.0193823841400445,0.9967097701722492,1,0
150,5,c30,0001,1001,1001,-0.8262993097305298,-0.5762033462524414,-0.2500959634780884,0.4376993953242732,0,0
150,6,x1,0101,0101,1001,-0.0010092961601912975,-7.332803726196289,7.331794430036098,0.9990900940768254,1,0
150,7,c20,0101,1101,1101,-1.137204647064209,-0.38725897669792175,-0.7499456703662872,0.32082082962086855,0,0
150,8,s02,0101,1100,1100,-1.1369069814682007,-0.3887133002281189,-0.7481936812400818,0.32081467756949816,0,0
151,1,s31,1110,1011,1011,-2.130251884460449,-1.838592529296875,-0.2916593551635742,0.11885851253584463,0,0
151,2,s32,1101,1101,1110,-1.5622844696044922,-1.6119723320007324,0.049687862396240234,0.20978786030271654,1,0
151,3,t301,1001,1001,1101,-0.7315245270729065,-1.3104240894317627,0.5788995623588562,0.4812674615025132,1,0
151,4,s20,0011,1001,1001,-2.010406732559204,-0.7819931507110596,-1.2284135818481445,0.13394010136540457,0,0
151,5,x3,0010,0010,0001,-0.08447199314832687,-2.7129733562469482,2.6285013630986214,0.9190121367153116,1,0
151,6,s12,0100,0100,0010,-0.7483167052268982,-1.1739733219146729,0.42565661668777466,0.4731742136731025,1,0
151,7,t130,0100,0100,1100,-0.31439200043678284,-1.3144984245300293,1.0001064240932465,0.730299840760679,1,0
151,8,c32,0100,0110,0110,-0.8323399424552917,-0.5772284865379333,-0.2551114559173584,0.4350344895955325,0,0
152,1,t132,1000,1000,1010,-0.7461855411529541,-2.4715399742126465,1.7253544330596924,0.4754283924706413,1,0
152,2,c03,1001,1001,0000,-0.016241775825619698,-6.008464336395264,5.992222560569644,0.9839648663507811,1,0
152,3,x1,1101,1101,0000,-0.005438059102743864,-7.097232818603516,7.091794759500772,0.9946084940592811,1,0
152,4,t321,1101,1101,1001,-0.079068124294281,-2.57912015914917,2.500052034854889,0.9239879292555386,1,0
152,5,c02,1111,1111,1101,-0.0024781629908829927,-6.76218318939209,6.759705026401207,0.9975512405358767,1,0
152,6,s21,1111,1111,1011,-0.3874022364616394,-1.1370718479156494,0.74966961145401,0.6788278195508448,1,0
152,7,t032,1101,1101,1111,-0.006762549746781588,-5.007248401641846,5.000485851895064,0.9932647717890708,1,0
152,8,x3,1100,1100,1111,-0.00021397456293925643,-9.50877857208252,9.50856459751958,0.9998342234520243,1,0
153,1,s32,0111,0101,0101,-2.2262496948242188,-1.855478048324585,-0.3707716464996338,0.10815223257395082,0,0
153,2,s10,1011,1011,0111,-0.9536966681480408,-1.1005525588989258,0.146855890750885,0.38572172804426186,1,0
153,3,s12,1101,1101,1110,-0.6547605395317078,-0.9514157176017761,0.29665517807006836,0.5196920754910226,1,0
153,4,x3,1100,1100,1111,-0.027240365743637085,-5.351048469543457,5.32380810379982,0.9753679922133524,1,0
153,5,t102,1110,1100,1100,-0.9785228371620178,-0.4794027805328369,-0.4991200566291809,0.3759550315729727,0,0
153,6,s30,0111,1110,1110,-1.113647222518921,-0.5837200284004211,-0.5299271941184998,0.3284352170153025,0,0
153,7,s21,0111,0111,0011,-0.730422854423523,-0.7481854557991028,0.017762601375579834,0.4817363278549231,1,0
153,8,s12,0111,0111,0011,-0.4671936631202698,-1.2404465675354004,0.7732529044151306,0.6267765957323718,1,0
154,1,x0,1000,1000,0000,-1.3679066896438599,-1.7814898490905762,0.4135831594467163,0.2550249383828738,1,0
154,2,s32,1000,1000,1010,-0.2532784044742584,-1.7397186756134033,1.486440271139145,0.7763901855081604,1,0
154,3,x2,1010,1010,1001,-0.005531552247703075,-6.632710933685303,6.6271793814376,0.9945071848994492,1,0
154,4,t021,1110,1110,1010,-0.47618263959884644,-0.9748672246932983,0.4986845850944519,0.6211656161198367,1,0
154,5,c02,1100,1100,1110,-0.007482336368411779,-5.533752918243408,5.526270581874996,0.9926206216931722,1,0
154,6,t203,1100,1100,1101,-0.06300239264965057,-2.813002109527588,2.7499997168779373,0.9389664655301968,1,0
154,7,s31,1001,1100,1100,-0.969014585018158,-0.6847345232963562,-0.28428006172180176,0.3794981218892158,0,0
154,8,c20,1001,1001,0001,-0.6954019665718079,-0.6999211311340332,0.004519164562225342,0.498944044901788,1,0
155,1,c32,1010,1000,1000,-1.7631959915161133,-1.687873363494873,-0.07532262802124023,0.17162169098445504,0,0
155,2,s20,1010,1010,0010,-0.6983839273452759,-1.6126073598861694,0.9142234325408936,0.4974314985745808,1,0
155,3,c12,1010,1010,1000,-0.05657225102186203,-2.9361443519592285,2.8795721009373665,0.9450151212923737,1,0
155,4,x1,1110,1110,1010,-0.0017955709481611848,-6.813602447509766,6.811806876561604,0.9982345040344288,1,0
155,5,x1,1010,1010,1110,-0.0063071767799556255,-5.221620559692383,5.215313382912427,0.9937282791728203,1,0
155,6,c23,1011,1011,1010,-0.003794492222368717,-5.6287946701049805,5.625000177882612,0.996222789309278,1,0
155,7,x3,1010,1010,1001,-0.00020753624266944826,-9.350455284118652,9.350247747875983,0.9998110492268025,1,0
155,8,c32,1010,1000,1000,-0.9875240325927734,-0.8368563055992126,-0.1506677269935608,0.3725009949330947,0,0
156,1,s32,0010,0010,0001,-1.55513334274292,-1.5836745500564575,0.028541207313537598,0.21151528467556016,1,0
156,2,c32,0010,0001,0001,-1.7231314182281494,-1.469088077545166,-0.2540433406829834,0.17865905766390877,0,0
156,3,x0,1010,1010,0010,-0.13069488108158112,-2.895322799682617,2.764627918601036,0.8777487199574704,1,0
156,4,c10,1010,1010,0010,-0.13671129941940308,-2.196959972381592,2.0602486729621887,0.8722329012146349,1,0
156,5,t021,1110,1110,1010,-0.3875278830528259,-1.1371623277664185,0.7496344447135925,0.6787412844778725,1,0
156,6,s31,1011,1110,1110,-1.3188644647598267,-0.3214435875415802,-0.9974208772182465,0.267463480628917,0,0
156,7,x3,1010,1010,1001,-0.001887903781607747,-7.2781829833984375,7.27629507961683,0.9981413862052638,1,0
156,8,x1,1110,1110,1000,-0.0035666711628437042,-6.3313446044921875,6.327777933329344,0.9971203418538066,1,0
157,1,x1,0101,0101,0011,-1.4166539907455444,-2.263420343399048,0.8467663526535034,0.24280606089896972,1,0
157,2,c12,0111,0111,0101,-0.148338183760643,-3.0238208770751953,2.8754826933145523,0.8621936502449573,1,0
157,3,c03,0111,0111,0110,-0.5473992824554443,-0.9223992824554443,0.375,0.5784907644707918,1,0
157,4,x3,0110,0110,0010,-0.008979015983641148,-6.663053512573242,6.654074496589601,0.9923848233548233,1,0
157,5,c23,0111,0111,1100,-0.021118607372045517,-5.920478343963623,5.8993597365915775,0.9791707044902646,1,0
157,6,x2,0101,0101,0110,-0.0030292989686131477,-7.328266143798828,7.325236844830215,0.9970382133110841,1,0
157,7,t203,0101,0101,0100,-0.037929829210042953,-3.4129297733306885,3.3749999441206455,0.9628025412485849,1,0
157,8,s30,1100,1100,0101,-0.4005127251148224,-1.1375410556793213,0.7370283305644989,0.6700324775521938,1,0
158,1,x0,1101,1101,0101,-1.4821473360061646,-2.6715660095214844,1.1894186735153198,0.22739840943096512,1,0
158,2,c01,1001,1001,1111,-0.24105723202228546,-2.9971091747283936,2.756051942706108,0.785950695662865,1,0
158,3,t201,1001,1101,1101,-1.1380723714828491,-0.38809284567832947,-0.7499795258045197,0.3204434530600061,0,0
158,4,c30,0001,1001,1001,-1.137148380279541,-0.387081503868103,-0.750066876411438,0.32076253305425667,0,0
158,5,t213,0001,0001,1000,-0.0003628162376116961,-8.615718841552734,8.615356025315123,0.9996416766664836,1,0
158,6,t013,0001,0001,1000,-1.2397730642987881e-05,-12.390362739562988,12.390350341832345,0.9999889164561101,1,0
158,7,x0,1001,1001,0001,-0.005220259074121714,-5.394416332244873,5.389196073170751,0.9953866536524345,1,0
158,8,x0,0001,0001,1001,-0.003609823528677225,-5.656613349914551,5.653003526385874,0.9964030067706156,1,0
159,1,s01,0100,1000,1000,-1.8645069599151611,-1.3213428258895874,-0.5431641340255737,0.15511220103207207,0,0
159,2,c12,0110,0110,0100,-0.20353937149047852,-2.4766063690185547,2.273066997528076,0.8158951451181187,1,0
159,3,x1,0010,0010,0111,-0.05205123499035835,-3.909538507461548,3.8574872724711895,0.9493883486195407,1,0
159,4,s10,0010,0010,1010,-0.13678771257400513,-2.165062427520752,2.028274714946747,0.8722298465253617,1,0
159,5,c10,0010,0010,1010,-0.06198391318321228,-2.8130106925964355,2.7510267794132233,0.9399022876686054,1,0
159,6,x2,0000,0000,0011,-0.007812329102307558,-4.898708820343018,4.89089649124071,0.9922201989506546,1,0
159,7,t302,0000,0000,1000,-6.341821426758543e-05,-10.409473419189453,10.409410000975186,0.9999371151368761,1,0
159,8,t013,0000,0000,1000,-2.8848397050751373e-05,-11.190204620361328,11.190175771964277,0.9999712410754251,1,0
160,1,t023,1011,1010,1010,-1.4094067811965942,-1.4094067811965942,0.0,0.24472926716593418,0,1
160,2,c01,1111,1111,0100,-0.06986254453659058,-4.890111923217773,4.820249378681183,0.9495316017468237,1,0
160,3,t032,1101,1101,1111,-0.02254045382142067,-3.9049675464630127,3.882427092641592,0.9777611590321473,1,0
160,4,s21,1011,1101,1101,-1.0146234035491943,-0.47920504212379456,-0.5354183614253998,0.3625446835133043,0,0
160,5,s21,1101,1101,1110,-0.8774132132530212,-1.1488354206085205,0.27142220735549927,0.41586332565138806,1,0
160,6,c23,1101,1101,1100,-0.1010744720697403,-2.351074457168579,2.249999985098839,0.9038972551730812,1,0
160,7,s23,1110,1110,1101,-0.24275551736354828,-1.6806105375289917,1.4378550201654434,0.7844762774597174,1,0
160,8,s02,1110,1110,0111,-0.5767791867256165,-1.0058344602584839,0.42905527353286743,0.5617348427483534,1,0
161,1,s02,0110,1100,1100,-2.4752020835876465,-1.6895831823349,-0.7856189012527466,0.08421786306003594,0,0
161,2,c31,0110,0010,0010,-1.2805466651916504,-0.6378947496414185,-0.6426519155502319,0.27796061441018793,0,0
161,3,c02,0110,0110,1100,-0.003433632431551814,-7.677661895751953,7.674228263320401,0.9965817794371483,1,0
161,4,c01,0110,0110,1110,-0.0043546766974031925,-5.8957414627075195,5.891386786010116,0.9956612932978595,1,0
161,5,c32,0110,0100,0100,-1.2252739667892456,-0.352700799703598,-0.8725731670856476,0.2936795865154094,0,0
161,6,t023,0110,0110,0111,-0.008705595508217812,-4.758705139160156,4.749999543651938,0.991337262417277,1,0
161,7,c12,0100,0110,0110,-1.223711371421814,-0.3486816883087158,-0.8750296831130981,0.29413875672831535,0,0
161,8,t012,0100,0100,1100,-0.00013935237075202167,-10.057002067565918,10.056862715195166,0.9998662378639042,1,0
162,1,s23,1100,1100,1110,-1.6063041687011719,-1.6671943664550781,0.06089019775390625,0.20090740958209619,1,0
162,2,x0,0100,0100,0101,-0.25161057710647583,-3.251610279083252,2.999999701976776,0.7781015929316566,1,0
162,3,s12,0010,0100,0100,-0.9585707187652588,-0.9048940539360046,-0.05367666482925415,0.38344484693362596,0,0
162,4,s10,0010,1010,1010,-1.227346658706665,-0.8233409523963928,-0.4040057063102722,0.29320708120053124,0,0
162,5,c13,0010,0010,0011,-0.3874730169773102,-1.1374729871749878,0.7499999701976776,0.6787755037615747,1,0
162,6,s01,0010,0010,1010,-0.2526777386665344,-1.6447309255599976,1.3920531868934631,0.7767397416417323,1,0
162,7,t102,0010,0010,1010,-6.42529921606183e-05,-11.02513599395752,11.025071740965359,0.999938352625552,1,0
162,8,x0,1010,1010,0110,-0.004156916402280331,-6.817627429962158,6.813470513559878,0.998464906931259,1,0
163,1,s01,0101,1001,1001,-1.8363125324249268,-1.5540401935577393,-0.2822723388671875,0.15952115421741847,0,0
163,2,s20,0101,0101,1100,-0.7203928232192993,-1.003605604171753,0.2832127809524536,0.48659028003478766,1,0
163,3,t312,0111,0111,0101,-0.030174287036061287,-3.6551334857940674,3.624959198758006,0.9703013464485196,1,0
163,4,x1,0011,0011,0101,-0.024254009127616882,-4.337513446807861,4.3132594376802444,0.9779961322452798,1,0
163,5,x2,0001,0001,0010,-0.0007416756707243621,-7.506667137145996,7.505925461475272,0.9992603776494231,1,0
163,6,c31,0101,0101,0001,-0.03401389345526695,-3.408881425857544,3.374867532402277,0.966581539658836,1,0
163,7,x1,0001,0001,0101,-0.009733897633850574,-5.011206150054932,5.001472252421081,0.9904709221247416,1,0
163,8,s10,0001,0001,1001,-0.2521296739578247,-1.5095566511154175,1.2574269771575928,0.777160046587169,1,0
164,1,s01,1010,0110,0110,-2.626291513442993,-1.4038197994232178,-1.2224717140197754,0.07241442624509774,0,0
164,2,x2,1000,1000,0000,-0.6224251985549927,-2.9799399375915527,2.35751473903656,0.5369652633296105,1,0
164,3,s10,0100,1000,1000,-1.40976083278656,-0.689807653427124,-0.719953179359436,0.24421079638981738,0,0
164,4,s03,0100,1100,1100,-1.0052807331085205,-0.8549249172210693,-0.15035581588745117,0.3659622141943839,0,0
164,5,c32,0100,0110,0110,-1.5176583528518677,-0.2655175030231476,-1.25214084982872,0.2192291852275729,0,0
164,6,t321,0100,0100,0000,-0.006198691204190254,-6.185845851898193,6.179647160694003,0.9938630444745804,1,0
164,7,x2,0110,0110,0101,-0.0004225551965646446,-8.35105037689209,8.350627821695525,0.9995844429365303,1,0
164,8,c03,0110,0110,1110,-0.0024066572077572346,-7.0597734451293945,7.057366787921637,0.9976061638092955,1,0
165,1,c31,0100,0100,0000,-1.3489975929260254,-1.7200069427490234,0.37100934982299805,0.2598349116273024,1,0
165,2,t123,0100,0100,0101,-0.04994961619377136,-3.9249494075775146,3.8749997913837433,0.9513918031847824,1,0
165,3,x1,0000,0000,0100,-0.0035676113329827785,-6.619696617126465,6.616129005793482,0.9966456399359157,1,0
165,4,c01,0000,0000,1000,-0.0001628271274967119,-9.267712593078613,9.267549765951117,0.9998384858234637,1,0
165,5,s12,0000,0000,0100,-0.1799028068780899,-1.8048486709594727,1.6249458640813828,0.8353557314872099,1,0
165,6,t021,0000,0000,1000,-3.182846194249578e-05,-10.638323783874512,10.63829195541257,0.9999693714308104,1,0
165,7,c02,0000,0000,1000,-0.0001025153324007988,-9.25783920288086,9.257736687548459,0.9998978237181112,1,0
165,8,t021,0000,0000,1000,-9.953509288607165e-05,-9.250984191894531,9.250884656801645,0.9999008941897625,1,0
166,1,c23,1111,1111,1110,-0.926789402961731,-1.676789402961731,0.75,0.3963553169693009,1,0
166,2,s12,1111,1111,1011,-0.6687588095664978,-0.7885591983795166,0.1198003888130188,0.5123846959083775,1,0
166,3,x0,0111,0111,1111,-0.004990878514945507,-5.992146015167236,5.987155136652291,0.9951495448246629,1,0
166,4,c12,0101,0101,0111,-0.20386306941509247,-1.7039321660995483,1.5000690966844559,0.8155760314993761,1,0
166,5,s31,0101,0101,0001,-0.6978737115859985,-0.723551869392395,0.025678157806396484,0.4976457836692162,1,0
166,6,s03,1100,1100,0101,-0.22696152329444885,-1.6005558967590332,1.3735943734645844,0.7970275867867573,1,0
166,7,s23,1100,1100,1110,-0.11358410120010376,-2.238208055496216,2.124623954296112,0.8926426223860183,1,0
166,8,x1,1000,1000,1100,-0.005163842346519232,-5.507495880126953,5.502332037780434,0.9949113740829694,1,0
167,1,c32,0011,0001,0001,-1.5347696542739868,-1.4020262956619263,-0.13274335861206055,0.2160579890664136,0,0
167,2,s23,0011,0011,0001,-1.0368070602416992,-1.2449376583099365,0.2081305980682373,0.3546870156684829,1,0
167,3,s02,1001,0011,0011,-0.9319811463356018,-0.8470385670661926,-0.08494257926940918,0.3938424458196304,0,0
167,4,t301,1101,1101,1001,-0.3932318687438965,-1.1532453298568726,0.7600134611129761,0.6749145119697042,1,0
167,5,c02,1111,1111,1101,-0.09303946793079376,-3.1092453002929688,3.016205832362175,0.911480888391959,1,0
167,6,s20,1111,1111,0111,-0.6359237432479858,-0.7680639624595642,0.13214021921157837,0.5295130082433308,1,0
167,7,c13,1110,1110,1101,-0.0010275201639160514,-7.751419544219971,7.750392024056055,0.9989939044769895,1,0
167,8,s21,1110,1110,1011,-0.5287417769432068,-0.9853485226631165,0.45660674571990967,0.589365800445192,1,0
168,1,c20,0011,0011,1011,-1.613801121711731,-1.8556838035583496,0.24188268184661865,0.19929978831277007,1,0
168,2,s02,1001,0011,0011,-1.0709482431411743,-1.00496506690979,-0.06598317623138428,0.34272930303689936,0,0
168,3,t201,1001,1101,1101,-0.8610405921936035,-0.5861706733703613,-0.2748699188232422,0.4227660592336021,0,0
168,4,t302,1011,1011,1001,-0.06417141109704971,-2.814074754714966,2.749903343617916,0.9378704719075028,1,0
168,5,c21,1111,1111,1011,-0.03146873041987419,-3.531419515609741,3.499950785189867,0.969059160497444,1,0
168,6,s12,1111,1111,1011,-0.2261703908443451,-1.6009689569473267,1.3747985661029816,0.7975852191189495,1,0
168,7,c20,0111,0111,1111,-0.16046258807182312,-1.9106218814849854,1.7501592934131622,0.8518214022733316,1,0
168,8,t012,0111,0111,1101,-0.0020086606964468956,-6.857966423034668,6.855957762338221,0.9979951809489972,1,0
169,1,x3,0001,0001,0000,-0.8962610960006714,-2.146261215209961,1.2500001192092896,0.40979230230357394,1,0
169,2,t210,0001,0001,1001,-0.21233493089675903,-1.7311738729476929,1.5188389420509338,0.8087351110558845,1,0
169,3,s01,0001,0001,1000,-0.8496589660644531,-1.208986759185791,0.3593277931213379,0.42767171998732584,1,0
169,4,c12,0001,0001,0011,-0.03407220542430878,-3.409452438354492,3.3753802329301834,0.9665170716588161,1,0
169,5,c23,0001,0001,0000,-0.10061109811067581,-2.3506109714508057,2.24999987334013,0.9042982708003082,1,0
169,6,t130,0001,0001,1001,-0.12708787620067596,-2.127117872238159,2.000029996037483,0.8807634996912517,1,0
169,7,c31,0101,0101,0001,-0.12775292992591858,-2.1275012493133545,1.999748319387436,0.8801218012561588,1,0
169,8,s02,0101,1100,1100,-1.1510740518569946,-0.41290903091430664,-0.738165020942688,0.31635364246515985,0,0
170,1,x1,0011,0011,0100,-1.6104304790496826,-2.5707454681396484,0.9603149890899658,0.2000222774903903,1,0
170,2,s13,0110,0110,0011,-0.7191398739814758,-1.6705739498138428,0.9514340758323669,0.4872189068712512,1,0
170,3,t231,0110,0110,0010,-0.16777722537517548,-2.9071812629699707,2.7394040375947952,0.8457558623737486,1,0
170,4,s20,1100,1100,0110,-0.836772620677948,-1.3210877180099487,0.48431509733200073,0.43319101968849955,1,0
170,5,s20,0110,1100,1100,-2.0179531574249268,-0.5973042249679565,-1.4206489324569702,0.13293606866351326,0,0
170,6,s30,0110,1110,1110,-1.3024369478225708,-1.0050559043884277,-0.29738104343414307,0.27190476221397963,0,0
170,7,t210,1110,1110,0110,-0.31644773483276367,-1.3140499591827393,0.9976022243499756,0.7287804644776853,1,0
170,8,s02,1110,1110,0110,-0.5899025797843933,-1.118821620941162,0.5289190411567688,0.5544112119943807,1,0
171,1,t032,0001,0001,0011,-0.7572318315505981,-2.6099629402160645,1.8527311086654663,0.4703046174666566,1,0
171,2,t201,0001,0001,0101,-0.012802990153431892,-5.51561975479126,5.502816764637828,0.9873017910781459,1,0
171,3,c03,0001,0001,1000,-0.0012171549024060369,-7.745579719543457,7.744362564641051,0.9987886206527015,1,0
171,4,t301,0001,0001,1001,-0.0025528832338750362,-6.149571418762207,6.147018535528332,0.9974607450015264,1,0
171,5,s13,0100,0100,0001,-0.026593588292598724,-3.651707887649536,3.6251142993569374,0.9737749854674985,1,0
171,6,c20,0100,0100,1100,-0.5764879584312439,-0.8264850974082947,0.24999713897705078,0.5620302142297192,1,0
171,7,t201,0100,0100,0000,-0.0006698217475786805,-7.627374172210693,7.626704350463115,0.9993364568665095,1,0
171,8,c03,0100,0100,0101,-0.0012592554558068514,-6.876258850097656,6.874999594641849,0.9987465425946724,1,0
172,1,c32,0000,0010,0010,-1.5364880561828613,-1.4618306159973145,-0.07465744018554688,0.21573357861350642,0,0
172,2,t203,0000,0000,1000,-0.035286687314510345,-5.376552104949951,5.341265417635441,0.9654567365517794,1,0
172,3,s12,0000,0000,0100,-0.05518114194273949,-2.9301064014434814,2.874925259500742,0.9463319907816321,1,0
172,4,c30,0000,0000,1000,-0.0789274349808693,-2.5789215564727783,2.499994121491909,0.924135105422324,1,0
172,5,x0,1000,1000,0000,-0.006873069331049919,-5.119701862335205,5.112828793004155,0.9933061833667188,1,0
172,6,x2,1010,1010,1000,-0.00010907409159699455,-10.098593711853027,10.09848463776143,0.9998970330949231,1,0
172,7,s23,1001,1010,1010,-1.4064345359802246,-0.281461238861084,-1.1249732971191406,0.24501616534916856,0,0
172,8,c23,1001,1001,1000,-0.016275905072689056,-4.141275882720947,4.124999977648258,0.9838610505620852,1,0
173,1,s03,0100,0100,1100,-1.4980947971343994,-2.452974557876587,0.9548797607421875,0.2239804794407398,1,0
173,2,s13,0001,0100,0100,-0.906270444393158,-0.8795109987258911,-0.026759445667266846,0.4040560798772889,0,0
173,3,s03,1000,1000,0001,-0.9357482194900513,-0.9437770247459412,0.008028805255889893,0.3923248511711541,1,0
173,4,c02,1010,1010,1000,-1.055217981338501,-1.5050026178359985,0.44978463649749756,0.3484780588787862,1,0
173,5,x1,1110,1110,0000,-0.07660944014787674,-4.545130252838135,4.468520812690258,0.9273205212262298,1,0
173,6,s23,1101,1110,1110,-1.0763335227966309,-0.4951625168323517,-0.5811710059642792,0.340883942390453,0,0
173,7,t301,1001,1001,1101,-0.43636131286621094,-1.055999755859375,0.6196384429931641,0.6464306649133088,1,0
173,8,t013,1001,1001,1000,-0.04575192183256149,-3.2957518100738525,3.249999888241291,0.955301337397437,1,0
174,1,t203,0010,0010,0011,-1.0628201961517334,-1.8128200769424438,0.7499998807907104,0.3468291504235817,1,0
174,2,c02,0010,0010,1000,-0.04329810291528702,-5.058135032653809,5.014836929738522,0.9576698138555234,1,0
174,3,t230,0010,0010,1010,-0.20185799896717072,-1.701765537261963,1.4999075382947922,0.8172540709289513,1,0
174,4,x2,0000,0000,0010,-0.01844364032149315,-4.161461353302002,4.143017712980509,0.9817458827944442,1,0
174,5,s30,0000,0000,1000,-0.3133275806903839,-1.313323974609375,0.9999963939189911,0.7310529609698861,1,0
174,6,x1,0100,0100,0000,-0.0008770141866989434,-7.577296257019043,7.576419242832344,0.9992503181235942,1,0
174,7,x0,1100,1100,0100,-0.003944274038076401,-5.629157066345215,5.625212792307138,0.9963258420688652,1,0
174,8,s23,1100,1100,1110,-0.1525726616382599,-2.0178215503692627,1.8652488887310028,0.8584978427639656,1,0
175,1,s20,0001,0001,1000,-1.3434644937515259,-2.4715726375579834,1.1281081438064575,0.26126166294637343,1,0
175,2,c20,0001,1001,1001,-0.6943748593330383,-0.6940320730209351,-0.0003427863121032715,0.4994036003493849,0,0
175,3,t023,0001,0001,1000,-0.005407725460827351,-6.780630111694336,6.775222386233509,0.9946390441206968,1,0
175,4,x1,0101,0101,0011,-0.001979780150577426,-7.289884090423584,7.287904310273007,0.9985673790824164,1,0
175,5,t320,0101,0101,1101,-0.5760196447372437,-0.8261528015136719,0.2501331567764282,0.5621694134830868,1,0
175,6,x2,0111,0111,0100,-0.0019300631247460842,-6.40626859664917,6.404338533524424,0.9980915036037726,1,0
175,7,c21,0011,0011,0111,-0.11342579871416092,-2.2384350299835205,2.1250092312693596,0.8928146273107204,1,0
175,8,t231,0111,0111,0011,-0.6327347159385681,-0.7576784491539001,0.12494373321533203,0.5311390755355873,1,0
176,1,s02,1010,1010,0010,-1.7343956232070923,-2.0118815898895264,0.2774859666824341,0.17663825272183942,1,0
176,2,x3,1011,1011,0000,-0.03248616307973862,-5.315777778625488,5.28329161554575,0.9682120437689229,1,0
176,3,s12,1101,1101,1110,-0.36385098099708557,-1.4962713718414307,1.132420390844345,0.6950441132424063,1,0
176,4,c31,1001,1001,1101,-0.4318220317363739,-1.0596940517425537,0.6278720200061798,0.6493684155860706,1,0
176,5,c32,1011,1011,1001,-0.020559877157211304,-4.081841468811035,4.061281591653824,0.9796712479174705,1,0
176,6,x3,1010,1010,1001,-0.0003199218772351742,-9.875383377075195,9.87506345519796,0.9996854087401841,1,0
176,7,t120,1010,1010,0010,-0.10097648948431015,-2.3616702556610107,2.2606937661767006,0.9039653947060661,1,0
176,8,t023,1011,1011,1010,-0.1604926437139511,-1.9104926586151123,1.7500000149011612,0.8517249012087116,1,0
177,1,c23,0010,0010,0011,-1.119081974029541,-1.7440820932388306,0.6250001192092896,0.32744749069762213,1,0
177,2,t123,0010,0010,0011,-0.04738059267401695,-3.4223804473876953,3.3749998547136784,0.953749856329248,1,0
177,3,x0,1010,1010,0010,-0.017940780147910118,-5.224791049957275,5.206850269809365,0.9829870842478611,1,0
177,4,t213,1010,1010,1011,-0.47426074743270874,-0.9742607474327087,0.5,0.6223463743651975,1,0
177,5,x1,1110,1110,1000,-0.0008238235604949296,-7.641713619232178,7.640889795671683,0.9991953389777641,1,0
177,6,s12,1110,1110,1011,-0.17994053661823273,-2.0569770336151123,1.8770364969968796,0.8353216736704677,1,0
177,7,s32,1101,1101,1110,-0.5233579277992249,-0.9041082262992859,0.38075029850006104,0.5925318417466102,1,0
177,8,t130,0101,1101,1101,-0.8273898363113403,-0.576080858707428,-0.25130897760391235,0.43722428759063287,0,0
178,1,t123,1001,1001,1000,-0.7620301842689514,-2.5120301246643066,1.7499999403953552,0.4676549318626044,1,0
178,2,t103,1001,1001,1000,-0.01988886669278145,-4.644888877868652,4.625000011175871,0.9803315641705435,1,0
178,3,s01,0101,0101,1001,-0.7030885219573975,-0.7095993757247925,0.0065108537673950195,0.4952591821441044,1,0
178,4,s23,0110,0110,0111,-0.18900221586227417,-2.189002275466919,2.0000000596046448,0.8278091988525007,1,0
178,5,c03,0110,0110,0111,-0.0020317821763455868,-7.6270318031311035,7.625000020954758,0.9979899192043321,1,0
178,6,t103,0110,0110,0111,-0.16041798889636993,-1.9104180335998535,1.7500000447034836,0.8517904227253423,1,0
178,7,s01,1010,1010,1110,-0.3129739761352539,-1.4395231008529663,1.1265491247177124,0.7350395300996743,1,0
178,8,t310,1010,1010,0010,-0.1006304994225502,-2.3640737533569336,2.2634432539343834,0.9042811609412149,1,0
179,1,x1,0100,0100,0010,-1.368821382522583,-2.159240245819092,0.7904188632965088,0.25469912701142394,1,0
179,2,c13,0101,0101,0100,-0.48148977756500244,-2.356489896774292,1.8750001192092896,0.6181079038490411,1,0
179,3,s03,1100,0101,0101,-0.9183394312858582,-0.8944967985153198,-0.02384263277053833,0.3992149266941078,0,0
179,4,x1,1000,1000,1110,-0.11356771737337112,-3.359386682510376,3.245818965137005,0.8927505980354032,1,0
179,5,t321,1000,1000,1100,-0.002245090203359723,-7.2523674964904785,7.250122406287119,0.9977774936251098,1,0
179,6,x2,1010,1010,1001,-0.0006593333673663437,-7.714643478393555,7.713984145026188,0.999344785566215,1,0
179,7,c30,1010,1010,0010,-0.6933362483978271,-0.6934622526168823,0.00012600421905517578,0.49997774176802956,1,0
179,8,t120,1010,1010,0010,-0.25200435519218445,-1.5022497177124023,1.250245362520218,0.7772897067760851,1,0
180,1,s13,0011,0110,0110,-2.2108845710754395,-1.6024655103683472,-0.6084190607070923,0.10970056328846983,0,0
180,2,t023,0011,0011,0010,-0.6439917683601379,-2.3939919471740723,1.7500001788139343,0.5258009471904592,1,0
180,3,x3,0010,0010,1010,-0.00038751083775423467,-9.913225173950195,9.912837663112441,0.9996156762545284,1,0
180,4,s03,0010,1010,1010,-1.1380056142807007,-0.46659472584724426,-0.6714108884334564,0.320487289136423,0,0
180,5,t302,0010,0010,0000,-0.0005977553082630038,-8.305317878723145,8.304720123414882,0.9994065086177176,1,0
180,6,c20,1010,1010,0010,-0.25210830569267273,-1.502029538154602,1.2499212324619293,0.7772121188891095,1,0
180,7,c23,1011,1011,1010,-0.003583939978852868,-5.753583908081055,5.749999968102202,0.996434298010956,1,0
180,8,t213,1011,1010,1010,-2.127312660217285,-0.12731273472309113,-1.999999925494194,0.11915819923738998,0,0
181,1,t201,0111,0111,0000,-1.376600742340088,-2.515181303024292,1.138580560684204,0.2528030066280678,1,0
181,2,t102,0111,0111,0101,-0.35004061460494995,-1.6018110513687134,1.2517704367637634,0.7047112025480379,1,0
181,3,x3,0110,0110,1110,-0.004767643753439188,-7.553043842315674,7.548276198562235,0.9952861886206281,1,0
181,4,s21,0110,0110,0011,-0.6983839273452759,-0.7007291913032532,0.002345263957977295,0.4973971002217162,1,0
181,5,c03,0110,0110,0111,-0.0003400855348445475,-9.00033950805664,8.999999422521796,0.9996637974806527,1,0
181,6,t102,0110,0110,0100,-0.0002658190787769854,-8.625540733337402,8.625274914258625,0.9997369502430353,1,0
181,7,c31,0110,0010,0010,-1.5022685527801514,-0.2523241639137268,-1.2499443888664246,0.22262984684150658,0,0
181,8,x2,0100,0100,0111,-0.0005424401024356484,-7.896991729736328,7.8964492896338925,0.9994687711754194,1,0
182,1,t320,0011,1011,1011,-1.9875905513763428,-1.5294322967529297,-0.4581582546234131,0.1371351309107324,0,0
182,2,x2,0001,0001,0111,-0.20136210322380066,-2.4925038814544678,2.291141778230667,0.8177059518374238,1,0
182,3,t032,0001,0001,0011,-0.005567182786762714,-5.97898530960083,5.973418126814067,0.9944538776626638,1,0
182,4,s30,1000,1000,0001,-0.5767963528633118,-0.8260184526443481,0.24922209978103638,0.5617169619844139,1,0
182,5,x3,1001,1001,0001,-0.00020013419270981103,-9.637899398803711,9.637699264611001,0.9998698607045652,1,0
182,6,s03,1001,1001,0001,-0.8273200988769531,-0.9513949155807495,0.12407481670379639,0.4372288557291799,1,0
182,7,s30,1001,0001,0001,-0.7579195499420166,-0.6993780732154846,-0.05854147672653198,0.46865608702966965,0,0
182,8,s01,0101,0101,1001,-0.6553664803504944,-0.9149248003959656,0.2595583200454712,0.5192745238129828,1,0
183,1,s31,0101,0101,0110,-1.7793059349060059,-2.1900696754455566,0.4107637405395508,0.16893637661296185,1,0
183,2,t032,0101,0101,0111,-0.4518967866897583,-1.6723659038543701,1.2204691171646118,0.6365638223079789,1,0
183,3,x1,0001,0001,0111,-0.013876765966415405,-4.506807804107666,4.492931038141251,0.98640240835826,1,0
183,4,s02,0001,0001,1000,-0.576024055480957,-0.8296342492103577,0.25361019372940063,0.5621664485868781,1,0
183,5,s02,0001,0001,1000,-0.2014257311820984,-1.7025989294052124,1.501173198223114,0.817572979049488,1,0
183,6,s30,1000,1000,0001,-0.576003909111023,-0.825998067855835,0.249994158744812,0.5621633275269879,1,0
183,7,s20,0010,1000,1000,-1.2211205959320068,-0.8259808421134949,-0.39513975381851196,0.2949056538326094,0,0
183,8,x2,0000,0000,0011,-0.00896051898598671,-5.271150588989258,5.262190070003271,0.9910899761599844,1,0
184,1,s01,0110,1010,1010,-2.1876211166381836,-1.523871898651123,-0.6637492179870605,0.11225533611432205,0,0
184,2,t231,0110,0110,0010,-0.12957584857940674,-3.5521552562713623,3.4225794076919556,0.8786052720392108,1,0
184,3,s32,0101,0101,0110,-0.40595099329948425,-1.1501646041870117,0.7442136108875275,0.6663593107393847,1,0
184,4,x0,1101,1101,0101,-0.011315055191516876,-4.680483818054199,4.669168762862682,0.9900683408059312,1,0
184,5,s13,1101,1001,1001,-0.8290165662765503,-0.5857025980949402,-0.2433139681816101,0.4364819574406796,0,0
184,6,s23,1110,1110,1101,-0.07916322350502014,-2.5826406478881836,2.5034774243831635,0.9238971350223801,1,0
184,7,c03,1111,1111,0111,-0.00042029161704704165,-8.320836067199707,8.32041577558266,0.9996584993683785,1,0
184,8,t132,1101,1101,1111,-0.11294742673635483,-2.238463878631592,2.125516451895237,0.8932114540103666,1,0
185,1,s12,0000,0000,0100,-1.1306651830673218,-1.7466375827789307,0.6159723997116089,0.3231469960837239,1,0
185,2,x2,0010,0010,0001,-0.01558743230998516,-5.516078472137451,5.500491039827466,0.9845743486923992,1,0
185,3,x3,0011,0011,1000,-0.006952575407922268,-6.740335941314697,6.733383365906775,0.9931013887208274,1,0
185,4,c23,0010,0010,0011,-0.01919936016201973,-4.269199371337891,4.250000011175871,0.9810095216805265,1,0
185,5,s21,0100,0010,0010,-1.1034849882125854,-0.46299058198928833,-0.6404944062232971,0.33171865538771145,0,0
185,6,s31,0001,0100,0100,-0.9369223713874817,-0.7734600305557251,-0.1634623408317566,0.3919731544830149,0,0
185,7,x2,0011,0011,0000,-0.3176119029521942,-1.7986176013946533,1.481005698442459,0.7282430682212239,1,0
185,8,t120,0011,1011,1011,-0.8409151434898376,-0.6612153053283691,-0.1796998381614685,0.4313616422353696,0,0
186,1,x2,0101,0101,0110,-1.1775072813034058,-2.1374123096466064,0.9599050283432007,0.30871226750879194,1,0
186,2,c03,0101,0101,0111,-0.37660080194473267,-1.9291861057281494,1.5525853037834167,0.6862785661303561,1,0
186,3,t130,1101,0101,0101,-0.8293257355690002,-0.5777048468589783,-0.251620888710022,0.43636292563338647,0,0
186,4,s10,1101,1101,0101,-0.32981953024864197,-1.515217900276184,1.1853983700275421,0.7193870106994374,1,0
186,5,c32,1111,1111,1101,-0.0041654352098703384,-6.632014274597168,6.627848839387298,0.9958730374525799,1,0
186,6,c01,1011,1011,1111,-0.006945679895579815,-5.6948652267456055,5.687919546850026,0.9946927442200123,1,0
186,7,c13,1011,1011,1010,-0.06115742400288582,-2.873657464981079,2.8125000409781933,0.9406825453576467,1,0
186,8,x0,0011,0011,1111,-0.002835830207914114,-5.9667816162109375,5.963945786003023,0.997182071253701,1,0
187,1,x1,0111,0111,0000,-1.3685247898101807,-2.4224820137023926,1.053957223892212,0.2547286275304003,1,0
187,2,c32,0101,0101,0110,-0.2702917456626892,-2.745631694793701,2.475339949131012,0.763279508966835,1,0
187,3,t310,1101,0101,0101,-0.8282031416893005,-0.5803373456001282,-0.24786579608917236,0.436855621488881,0,0
187,4,t230,1101,1101,0101,-0.5764983296394348,-0.8270056247711182,0.25050729513168335,0.5620808792217269,1,0
187,5,c10,0101,0101,1101,-0.02087223157286644,-3.89583683013916,3.8749645985662937,0.9795691310547603,1,0
187,6,c02,0101,0101,1111,-0.00037131080171093345,-9.218706130981445,9.218334820179734,0.9996310492449277,1,0
187,7,s23,0110,0110,0101,-0.0487096831202507,-3.3146276473999023,3.2659179642796516,0.952466533986477,1,0
187,8,x0,1110,1110,0110,-0.01657872647047043,-4.591915130615234,4.575336404144764,0.9895808452603359,1,0
188,1,c32,1000,1010,1010,-1.4943358898162842,-1.455432653427124,-0.038903236389160156,0.22493790738575514,0,0
188,2,t103,1000,1000,1001,-0.018629958853125572,-5.018630027770996,5.0000000689178705,0.9817067344181243,1,0
188,3,t210,1000,1000,0000,-0.005273343063890934,-5.263153553009033,5.257880209945142,0.9947609109108172,1,0
188,4,s30,0001,1000,1000,-1.2074891328811646,-0.4741857945919037,-0.7333033382892609,0.298975906278171,0,0
188,5,t013,0001,0001,0000,-0.00016748197958804667,-9.625166893005371,9.624999411025783,0.9998364066242834,1,0
188,6,c02,0001,0001,1001,-0.00015186666860245168,-9.743154525756836,9.743002659088233,0.9998494990281671,1,0
188,7,s21,0001,0100,0100,-0.9866924285888672,-0.4741857051849365,-0.5125067234039307,0.3728218489570972,0,0
188,8,t210,0001,0001,1001,-0.01105179637670517,-4.511085033416748,4.500033237040043,0.9890092857002408,1,0
189,1,c20,1101,1101,0101,-1.4926000833511353,-1.6428701877593994,0.15027010440826416,0.22494832721136204,1,0
189,2,s20,0111,1101,1101,-1.310543417930603,-0.8402995467185974,-0.4702438712120056,0.2697005302575896,0,0
189,3,t210,1111,1111,0111,-0.18087995052337646,-1.9128295183181763,1.7319495677947998,0.834606084438504,1,0
189,4,x1,1011,1011,1101,-0.011189366690814495,-5.049190044403076,5.038000677712262,0.9892140084071358,1,0
189,5,t013,1011,1010,1010,-3.4117560386657715,-0.036756206303834915,-3.3749998323619366,0.0329835760617954,0,0
189,6,t031,1111,1111,1011,-0.005674983840435743,-5.3806586265563965,5.374983642715961,0.9944142059686175,1,0
189,7,c21,1011,1011,1111,-0.25197693705558777,-1.502693772315979,1.2507168352603912,0.7772718396654853,1,0
189,8,x0,0011,0011,1111,-0.010775353759527206,-4.690616607666016,4.679841253906488,0.9902268106008396,1,0
190,1,x2,0001,0001,0010,-1.3418376445770264,-2.0396313667297363,0.69779372215271,0.2619637421863188,1,0
190,2,t013,0001,0001,1000,-0.1117619052529335,-4.1921586990356445,4.080396793782711,0.8944326469599373,1,0
190,3,t120,0001,0001,1001,-0.03819258138537407,-3.2881007194519043,3.2499081380665302,0.9625326179677114,1,0
190,4,t213,0001,0001,1000,-0.00030108788632787764,-9.78626537322998,9.785964285343653,0.9997038115512441,1,0
190,5,t321,0001,0001,0101,-0.01149892620742321,-4.511528015136719,4.5000290889292955,0.9885800352634685,1,0
190,6,s31,0100,0100,0001,-0.281331330537796,-1.4074888229370117,1.1261574923992157,0.7547854235084457,1,0
190,7,s30,0100,1100,1100,-1.7019081115722656,-0.20218482613563538,-1.4997232854366302,0.18236429714786814,0,0
190,8,x1,0000,0000,0100,-0.00380220590159297,-5.979262828826904,5.975460622925311,0.9966083504585098,1,0
191,1,t320,0100,0100,1100,-0.9917780160903931,-1.8571488857269287,0.8653708696365356,0.3717068004921796,1,0
191,2,c23,0100,0100,0101,-0.7398356795310974,-0.7398356795310974,0.0,0.47723856965605915,0,1
191,3,x0,1100,1100,0100,-0.009273011237382889,-4.946956634521484,4.9376836232841015,0.9909286065442212,1,0
191,4,x0,0100,0100,1100,-0.0025452524423599243,-6.072840690612793,6.070295438170433,0.9974648384432893,1,0
191,5,c01,0100,0100,0000,-0.0011368370614945889,-6.876399517059326,6.875262679997832,0.9988669508322815,1,0
191,6,s23,0100,0100,0110,-0.43935278058052063,-1.0638015270233154,0.6244487464427948,0.6444583726054592,1,0
191,7,c23,0100,0100,0101,-0.04315944015979767,-3.168159246444702,3.1249998062849045,0.9577604624028202,1,0
191,8,c13,0101,0101,0100,-0.02641378715634346,-3.651413679122925,3.6249998919665813,0.9739355271518347,1,0
192,1,t123,1101,1101,1100,-1.2415003776550293,-1.7415002584457397,0.49999988079071045,0.28928501628178427,1,0
192,2,c03,1100,1100,0000,-0.09373492747545242,-4.319379806518555,4.225644879043102,0.9110150102724708,1,0
192,3,s20,0110,1100,1100,-1.2903436422348022,-0.4770375192165375,-0.8133061230182648,0.27518103562670937,0,0
192,4,c31,0110,0010,0010,-1.1506072282791138,-0.4004986584186554,-0.7501085698604584,0.3164488359889378,0,0
192,5,x1,0010,0010,0110,-0.009427978657186031,-5.641911506652832,5.632483527995646,0.9909558932119205,1,0
192,6,t312,0010,0010,1010,-0.0008145402534864843,-8.0867919921875,8.085977451934014,0.9991885073816676,1,0
192,7,t123,0010,0010,0011,-0.06997688114643097,-2.694976806640625,2.624999925494194,0.9324156308938466,1,0
192,8,t123,0010,0010,0011,-0.0013506588293239474,-6.751350402832031,6.749999744002707,0.9986506774538773,1,0
193,1,s23,0010,0001,0001,-1.8308210372924805,-1.4507091045379639,-0.3801119327545166,0.16057365903011314,0,0
193,2,c01,0010,0010,0000,-0.49205875396728516,-2.6555287837982178,2.1634700298309326,0.6117241476848244,1,0
193,3,t130,0010,0010,1010,-0.16119839251041412,-1.9121286869049072,1.750930294394493,0.8511485796431226,1,0
193,4,t230,0010,0010,1010,-0.20149944722652435,-1.7024372816085815,1.5009378343820572,0.8175478439322535,1,0
193,5,t031,0010,0010,1010,-0.0004999848315492272,-8.153722763061523,8.153222778229974,0.9995099321310924,1,0
193,6,t032,0010,0010,0000,-0.00022839293524157256,-9.128822326660156,9.128593933724915,0.9997732165551204,1,0
193,7,s21,0100,0100,0010,-0.6956530809402466,-0.7688343524932861,0.07318127155303955,0.49875677417197956,1,0
193,8,c12,0110,0100,0100,-3.0498554706573486,-0.0498734749853611,-2.9999819956719875,0.047368689076907375,0,0
194,1,t231,1001,1001,1101,-1.2970552444458008,-2.4115238189697266,1.1144685745239258,0.2736000166256855,1,0
194,2,c31,1101,1101,1001,-0.026020431891083717,-3.9016289710998535,3.87560853920877,0.9743573726092254,1,0
194,3,t302,1111,1111,1101,-0.0030120336450636387,-6.003033638000488,6.000021604355425,0.9971140056910746,1,0
194,4,t013,1110,1110,0101,-0.0006635984755121171,-9.184350967407227,9.183687368931714,0.9993519134005237,1,0
194,5,t032,1110,1100,1100,-1.1387425661087036,-0.3885679543018341,-0.7501746118068695,0.32022273653373956,0,0
194,6,s12,1110,1110,1011,-0.5794646143913269,-0.9876794815063477,0.40821486711502075,0.5601990615442906,1,0
194,7,s31,1011,1110,1110,-1.9113597869873047,-0.16269755363464355,-1.7486622333526611,0.14788008267136518,0,0
194,8,t032,1001,1011,1011,-0.9746246933937073,-0.47517192363739014,-0.49945276975631714,0.37733530583860947,0,0
195,1,c01,1000,1000,1100,-1.6249639987945557,-2.0639803409576416,0.43901634216308594,0.19703918859005398,1,0
195,2,c20,1000,1000,0000,-0.4825214147567749,-1.0202109813690186,0.5376895666122437,0.617290181759553,1,0
195,3,t230,1000,1000,0000,-0.07902546226978302,-2.5844993591308594,2.5054738968610764,0.9240763679398142,1,0
195,4,c02,1010,1010,1000,-0.0071867951191961765,-5.132865905761719,5.125679110642523,0.9928712792513597,1,0
195,5,s10,0110,0110,1010,-0.7078888416290283,-0.8261721730232239,0.11828333139419556,0.4927870163165921,1,0
195,6,x2,0100,0100,0011,-0.004160106182098389,-6.7365546226501465,6.732394516468048,0.9958564481957777,1,0
195,7,x0,1100,1100,0100,-0.010707867331802845,-4.638782024383545,4.628074157051742,0.9901289269158998,1,0
195,8,x2,1110,1110,0110,-0.0003866847255267203,-8.864373207092285,8.863986522366758,0.9996147474585465,1,0
196,1,s30,0010,0010,1010,-1.2849639654159546,-2.452643394470215,1.1676794290542603,0.2769537007248912,1,0
196,2,t321,0010,0010,0110,-0.022454552352428436,-5.582581996917725,5.560127444565296,0.9778539016811323,1,0
196,3,s23,0001,0001,0010,-0.5305423140525818,-0.900795578956604,0.3702532649040222,0.588301382795929,1,0
196,4,t301,0001,0001,0101,-0.0005439998349174857,-8.805444717407227,8.804900717572309,0.9994629260647462,1,0
196,5,s03,1000,1000,0001,-0.4758993089199066,-0.9742823839187622,0.4983830749988556,0.621346807164866,1,0
196,6,c01,1100,1100,1000,-0.038149941712617874,-3.288165330886841,3.250015389174223,0.9625798200899158,1,0
196,7,x2,1110,1110,1000,-0.00015997332229744643,-9.938438415527344,9.938278442205046,0.9998709203439634,1,0
196,8,x2,1100,1100,0101,-0.0006574554718099535,-8.938730239868164,8.938072784396354,0.9993839451279517,1,0
197,1,s13,0101,0101,0001,-1.8069090843200684,-2.2027907371520996,0.39588165283203125,0.1643063371969989,1,0
197,2,t120,0101,0101,1101,-0.7011160254478455,-0.750564455986023,0.04944843053817749,0.4960655798816717,1,0
197,3,c01,0101,0101,0001,-0.027438249439001083,-4.152268409729004,4.124830160290003,0.9729549876631813,1,0
197,4,t103,0101,0101,0100,-0.056994758546352386,-2.931994676589966,2.8749999180436134,0.944614032710159,1,0
197,5,t123,0101,0101,0100,-0.0031495688017457724,-5.878149509429932,5.874999940628186,0.996865321530696,1,0
197,6,t120,0101,0101,1101,-0.6931732892990112,-0.6935531497001648,0.00037986040115356445,0.49999301990158856,1,0
197,7,s02,0101,1100,1100,-1.9103997945785522,-0.18355685472488403,-1.7268429398536682,0.14802925037322548,0,0
197,8,c32,0111,0111,0101,-0.010049507953226566,-4.6350836753845215,4.625034167431295,0.9900661706487752,1,0
198,1,c10,1111,1111,0111,-1.1636013984680176,-1.852168321609497,0.6885669231414795,0.312684170268408,1,0
198,2,t230,0111,0111,1111,-0.4021243751049042,-1.151157021522522,0.7490326464176178,0.6689772599212105,1,0
198,3,c21,0011,0011,0111,-0.2082827389240265,-1.7092689275741577,1.5009861886501312,0.8120643595690197,1,0
198,4,c21,0111,0111,0011,-0.011485976167023182,-4.51124382019043,4.4997578440234065,0.9885857321969251,1,0
198,5,s10,1011,1011,1111,-0.11950390785932541,-2.782371997833252,2.6628680899739265,0.887736294231581,1,0
198,6,x2,1001,1001,1110,-0.0013928592670708895,-6.902736663818359,6.9013438045512885,0.9986317298846719,1,0
198,7,x1,1101,1101,1011,-0.0016451203264296055,-7.180347442626953,7.1787023223005235,0.998389602394158,1,0
198,8,x1,1001,1001,1111,-0.005350487772375345,-5.493201732635498,5.487851244863123,0.9946666913743745,1,0
199,1,t301,0110,0110,0100,-1.141207218170166,-2.647428512573242,1.5062212944030762,0.31990667655593086,1,0
199,2,x3,0111,0111,1000,-0.019624454900622368,-6.167672157287598,6.148047702386975,0.980621603722319,1,0
199,3,c02,0111,0111,1101,-0.005976162850856781,-6.75493049621582,6.7489543333649635,0.9940518757430076,1,0
199,4,c21,0011,0011,0111,-0.09055536985397339,-2.466139793395996,2.3755844235420227,0.9135196659333997,1,0
199,5,x2,0001,0001,0010,-8.189452637452632e-05,-9.64832592010498,9.648244025578606,0.9999188365376692,1,0
199,6,c21,0001,0101,0101,-2.1270058155059814,-0.12699833512306213,-2.0000074803829193,0.11919457614137605,0,0
199,7,s03,1000,0001,0001,-0.8267073035240173,-0.5759956240653992,-0.25071167945861816,0.43750770955421403,0,0
199,8,x1,1100,1100,1010,-0.0001560366217745468,-9.25208568572998,9.251929649108206,0.9998597924466586,1,0
200,1,x2,0111,0111,0100,-1.1351430416107178,-2.4781301021575928,1.342987060546875,0.32220104242588826,1,0
200,2,x2,0101,0101,1000,-0.08058471977710724,-4.655776023864746,4.575191304087639,0.9227006941939975,1,0
200,3,x3,0100,0100,0000,-0.027416888624429703,-5.575507164001465,5.548090275377035,0.9729911056238352,1,0
200,4,s30,0100,1100,1100,-0.8294511437416077,-0.5847973227500916,-0.2446538209915161,0.43632255668032904,0,0
200,5,c32,0100,0100,0110,-0.6334726810455322,-0.7583763599395752,0.12490367889404297,0.5307504147499742,1,0
200,6,c01,0100,0100,0000,-0.0014557456597685814,-7.228165149688721,7.226709404028952,0.998551376558908,1,0
200,7,x2,0110,0110,0101,-0.0008141815196722746,-7.637747764587402,7.63693358306773,0.9991875687124145,1,0
200,8,x3,0111,0111,0110,-0.00013696558016818017,-9.187637329101562,9.187500363521394,0.9998691764897886,1,0
201,1,x2,0101,0101,0110,-1.044562816619873,-2.1414072513580322,1.0968444347381592,0.35251791398961513,1,0
201,2,x0,1101,1101,0101,-0.5145390629768372,-1.4240474700927734,0.9095084071159363,0.5978726821271043,1,0
201,3,x2,1111,1111,1110,-0.004300769884139299,-6.004301071166992,6.000000301282853,0.9957198687992719,1,0
201,4,x2,1101,1101,0101,-0.0010840221075341105,-8.407439231872559,8.406355209765024,0.9989869408928111,1,0
201,5,c32,1111,1111,1101,-0.006565224379301071,-5.809095859527588,5.802530635148287,0.9934651583122814,1,0
201,6,t230,0111,0111,1111,-0.2522647976875305,-1.5023634433746338,1.2500986456871033,0.7772514208714767,1,0
201,7,s20,1101,1111,1111,-2.8382112979888916,-0.5264027714729309,-2.3118085265159607,0.05853592426383196,0,0
201,8,s20,0111,1101,1101,-1.36398184299469,-0.47441062331199646,-0.8895712196826935,0.25564217605128015,0,0
202,1,t301,1011,1111,1111,-2.6034398078918457,-1.4777593612670898,-1.1256804466247559,0.07407060115355127,0,0
202,2,x3,1010,1010,1100,-0.3684729039669037,-2.879894256591797,2.511421352624893,0.6919726150437505,1,0
202,3,s10,0110,1010,1010,-1.4439300298690796,-0.6848877668380737,-0.7590422630310059,0.2360178900757702,0,0
202,4,x3,0111,0111,1000,-0.03243988752365112,-5.2618513107299805,5.229411423206329,0.9680958322949051,1,0
202,5,c03,0111,0111,1110,-0.02103342115879059,-5.568965911865234,5.547932490706444,0.9792115641097843,1,0
202,6,t312,0101,0101,0111,-0.23015828430652618,-1.6053657531738281,1.375207468867302,0.7944410352106805,1,0
202,7,s02,0101,1100,1100,-1.506677269935608,-0.29175493121147156,-1.2149223387241364,0.22165573631172605,0,0
202,8,c31,0001,0001,0101,-0.18119800090789795,-1.80583655834198,1.624638557434082,0.8343112849060182,1,0
203,1,x0,1000,1000,0000,-1.6488032341003418,-2.0293991565704346,0.3805959224700928,0.19256183560390613,1,0
203,2,s20,0010,1000,1000,-2.613400459289551,-0.5828526020050049,-2.030547857284546,0.07329024725493748,0,0
203,3,x2,0000,0000,0011,-0.12191949039697647,-2.893618583679199,2.7716990932822227,0.8852797001265618,1,0
203,4,x1,0100,0100,0000,-0.08419616520404816,-2.653313398361206,2.569117233157158,0.9193081267951343,1,0
203,5,t023,0100,0100,1100,-0.0017066856380552053,-8.45080852508545,8.449101839447394,0.9983190212723532,1,0
203,6,x0,1100,1100,0100,-0.011353449895977974,-4.5350189208984375,4.5236654710024595,0.9888183679686491,1,0
203,7,s31,1001,1100,1100,-1.1783618927001953,-0.6321113705635071,-0.5462505221366882,0.30779565284930965,0,0
203,8,x3,1000,1000,0001,-0.0016363627510145307,-7.841270446777344,7.839634084026329,0.9985127309806444,1,0
204,1,x2,0010,0010,0001,-1.0723732709884644,-1.8443903923034668,0.7720171213150024,0.343214797427558,1,0
204,2,t320,0010,0010,1010,-0.7202286720275879,-1.039507269859314,0.3192785978317261,0.4867506016673772,1,0
204,3,x0,1010,1010,0010,-0.036694515496492386,-4.235815048217773,4.199120532721281,0.9641527515367223,1,0
204,4,x2,1000,1000,1011,-0.005055618938058615,-5.667962551116943,5.662906932178885,0.9949630867343763,1,0
204,5,t301,1000,1000,1100,-0.003047097707167268,-6.003046989440918,5.999999891733751,0.996972679371219,1,0
204,6,c32,1000,1000,1010,-0.013578702695667744,-4.387549877166748,4.37397117447108,0.986514911960843,1,0
204,7,c03,1001,1001,1000,-0.0030798488296568394,-5.878079891204834,5.875000042375177,0.9969366778475849,1,0
204,8,s02,0011,1001,1001,-0.7320578098297119,-0.6932283639907837,-0.03882944583892822,0.4809254313507293,0,0
205,1,t023,0100,0100,0101,-1.0031763315200806,-2.253176212310791,1.2499998807907104,0.3684889645139327,1,0
205,2,t012,0100,0100,0110,-0.049463093280792236,-4.572070121765137,4.5226070284843445,0.9518700124972732,1,0
205,3,c03,0100,0100,0101,-0.00530749699100852,-6.380307674407959,6.3750001774169505,0.9947258004029472,1,0
205,4,t021,0100,0100,1100,-0.00142489408608526,-7.507816314697266,7.50639142061118,0.9985949772551063,1,0
205,5,c20,0100,1100,1100,-0.8261178731918335,-0.5761291980743408,-0.24998867511749268,0.4377734497917418,0,0
205,6,s01,1000,1000,0100,-0.257758766412735,-1.503373384475708,1.245614618062973,0.7736952904477225,1,0
205,7,t320,1000,1000,0000,-0.10035282373428345,-2.3595478534698486,2.259195029735565,0.904598804953435,1,0
205,8,t132,1000,1000,1010,-0.0011093600187450647,-7.126098155975342,7.124988795956597,0.9988959650187731,1,0
206,1,t102,0000,0000,0010,-0.704048752784729,-2.691037178039551,1.9869884252548218,0.4957796521480815,1,0
206,2,s01,0000,0000,1000,-0.3245541453361511,-1.3207489252090454,0.9961947798728943,0.7229178446512792,1,0
206,3,t210,0000,0000,1000,-0.001519503421150148,-6.501523494720459,6.500003991299309,0.9984824928490856,1,0
206,4,t103,0000,0000,1000,-0.000371040019672364,-9.060009002685547,9.059637962665875,0.999635737228576,1,0
206,5,t203,0000,0000,0001,-0.00017439565272070467,-9.250174522399902,9.250000126747182,0.9998273248748546,1,0
206,6,t321,0000,0000,0100,-0.0012583744246512651,-7.00126314163208,7.000004767207429,0.998750847583512,1,0
206,7,x2,0010,0010,0000,-0.0003142101631965488,-8.78170108795166,8.781386877788464,0.9997003414058083,1,0
206,8,x0,1010,1010,0110,-0.004637422040104866,-5.668770790100098,5.664133368059993,0.995750159258083,1,0
207,1,x0,1101,1101,0101,-1.4009711742401123,-2.4370203018188477,1.0360491275787354,0.24661488425631206,1,0
207,2,x3,1100,1100,1111,-0.06438220292329788,-4.243042945861816,4.1786607429385185,0.9379709119209683,1,0
207,3,s32,1100,1100,1110,-0.49295076727867126,-0.9897968769073486,0.49684610962867737,0.6108435090585054,1,0
207,4,c30,1100,1100,0100,-0.4743116497993469,-0.9747917056083679,0.500480055809021,0.6224104755940719,1,0
207,5,s10,1100,1100,0100,-0.4490642547607422,-1.2257757186889648,0.7767114639282227,0.6384850908090063,1,0
207,6,s03,0101,0101,1100,-0.7044671773910522,-0.8982434272766113,0.19377624988555908,0.49438422823370765,1,0
207,7,s30,1100,1100,0101,-0.3474026322364807,-1.3164747953414917,0.969072163105011,0.7065598705463829,1,0
207,8,x0,0100,0100,0101,-0.10128094255924225,-2.351280927658081,2.249999985098839,0.9036912594192386,1,0
208,1,s23,0000,0000,0010,-1.304537057876587,-1.804195761680603,0.4996587038040161,0.272038128027395,1,0
208,2,t213,0000,0000,0001,-0.04829007387161255,-4.923290252685547,4.875000178813934,0.9530276672299086,1,0
208,3,t203,0000,0000,1000,-0.00037378259003162384,-9.143169403076172,9.14279562048614,0.9996296933820963,1,0
208,4,t312,0000,0000,1000,-0.00022170711599756032,-8.703269958496094,8.703048251380096,0.9997855442795699,1,0
208,5,s21,0000,0000,0100,-0.020626390352845192,-3.895580768585205,3.87495437823236,0.9795881478943159,1,0
208,6,c20,0000,0000,1000,-0.10021057724952698,-2.350209951400757,2.24999937415123,0.9046494534480624,1,0
208,7,x2,0010,0010,0001,-0.00011193355021532625,-9.951092720031738,9.950980786481523,0.9998899236361807,1,0
208,8,s30,0010,0010,1010,-0.6932437419891357,-0.7362235188484192,0.04297977685928345,0.49998235698310306,1,0
209,1,c20,1111,1111,0111,-1.116896629333496,-1.8404264450073242,0.7235298156738281,0.3276935138874047,1,0
209,2,s01,1111,0111,0111,-0.9201227426528931,-0.8084201812744141,-0.111702561378479,0.39855641213813614,0,0
209,3,s20,1111,1111,0111,-0.6986351609230042,-0.7087295651435852,0.010094404220581055,0.49732351222004906,1,0
209,4,x1,1011,1011,1101,-0.00834742933511734,-5.524725914001465,5.5163784846663475,0.9924918378702364,1,0
209,5,c10,1011,1011,0011,-0.6944989562034607,-0.7137096524238586,0.01921069622039795,0.4993310388174105,1,0
209,6,c10,1011,1011,0011,-0.5759605765342712,-0.8272805213928223,0.251319944858551,0.5621691691884112,1,0
209,7,t310,1011,1011,0011,-0.5759956240653992,-0.8265907764434814,0.2505951523780823,0.562155468316688,1,0
209,8,s12,1101,1101,1100,-0.24090024828910828,-1.6159001588821411,1.3749999105930328,0.7860668830640353,1,0
210,1,t230,1011,0011,0011,-1.9625883102416992,-1.0830825567245483,-0.8795057535171509,0.14070648803009153,0,0
210,2,s30,1011,1011,0011,-0.7507092952728271,-1.0274360179901123,0.27672672271728516,0.4720949942114572,1,0
210,3,t032,1001,1001,1011,-0.3319108784198761,-1.333368182182312,1.001457303762436,0.7175765100259356,1,0
210,4,x3,1000,1000,0000,-0.0030612617265433073,-7.4782915115356445,7.475230249809101,0.9969576619483032,1,0
210,5,s20,0010,1000,1000,-3.046189546585083,-0.6937815546989441,-2.352407991886139,0.047540571174621016,0,0
210,6,t230,0010,0010,1010,-0.3874210715293884,-1.138827919960022,0.7514068484306335,0.678864037473303,1,0
210,7,s01,0010,0010,1010,-0.8282691836357117,-1.0048080682754517,0.17653888463974,0.43682300663035867,1,0
210,8,s03,0010,0010,1010,-0.6934955716133118,-0.7480976581573486,0.054602086544036865,0.49983207111118344,1,0
211,1,s02,1011,1011,0011,-1.7857930660247803,-2.3809518814086914,0.5951588153839111,0.16779711479622722,1,0
211,2,t021,1111,1111,1011,-0.0503535270690918,-4.674131393432617,4.623777866363525,0.9511084835301308,1,0
211,3,s30,1111,1111,0111,-0.6337647438049316,-0.762762725353241,0.12899798154830933,0.5306571513334977,1,0
211,4,t321,1011,1011,1111,-0.027882177382707596,-3.654390335083008,3.6265081577003,0.9725718367177876,1,0
211,5,t023,1010,1010,1011,-0.016192318871617317,-4.266192436218262,4.250000117346644,0.9839495190790526,1,0
211,6,c21,1110,1110,1010,-0.08042699098587036,-2.580561637878418,2.5001346468925476,0.922734074472698,1,0
211,7,x3,1111,1111,1011,-9.333945490652695e-05,-10.87918472290039,10.879091383445484,0.9999285419813198,1,0
211,8,t310,0111,0111,1111,-0.2136460840702057,-1.806304931640625,1.5926588475704193,0.8078152339591876,1,0
212,1,t031,0111,0111,0100,-1.3352067470550537,-2.809410572052002,1.4742038249969482,0.26348561463484016,1,0
212,2,t310,1111,1111,0111,-0.31484970450401306,-1.3151612281799316,1.0003115236759186,0.7299208781697505,1,0
212,3,t130,0111,0111,1111,-0.3873979151248932,-1.1372374296188354,0.7498395144939423,0.6789545009928075,1,0
212,4,c01,0111,0111,1111,-0.07982262969017029,-2.6954362392425537,2.6156136095523834,0.9232847951417887,1,0
212,5,s20,1101,1101,0111,-0.1638583242893219,-2.697138786315918,2.533280462026596,0.8489884109006804,1,0
212,6,t312,1111,1111,1101,-0.03855687752366066,-3.288358688354492,3.2498018108308315,0.9623392924986028,1,0
212,7,x2,1101,1101,0101,-0.0012878994457423687,-7.244457244873047,7.2431693454273045,0.9987844540689046,1,0
212,8,t023,1101,1101,1100,-0.10071661323308945,-2.3507163524627686,2.249999739229679,0.9042020603327241,1,0
213,1,t301,0001,0001,0100,-0.9417673349380493,-3.0280203819274902,2.086253046989441,0.39091214507625266,1,0
213,2,t103,0001,0001,1000,-0.01873628795146942,-5.697936534881592,5.679200246930122,0.9814891669747012,1,0
213,3,c13,0001,0001,1000,-0.0007000763434916735,-8.759361267089844,8.758661190746352,0.9993102179896268,1,0
213,4,x3,0000,0000,0011,-0.000850933138281107,-8.929950714111328,8.929099780973047,0.999781083915021,1,0
213,5,x1,0100,0100,0010,-0.0006666263216175139,-8.168667793273926,8.168001166952308,0.9993687008800162,1,0
213,6,x0,1100,1100,0100,-0.0031377067789435387,-6.00307035446167,5.999932647682726,0.997430427315694,1,0
213,7,t120,1100,1100,0100,-0.0041217743419110775,-5.505847454071045,5.501725679729134,0.9959227171842963,1,0
213,8,t231,1100,1100,1000,-0.00135927670635283,-7.140565872192383,7.13920659548603,0.9986550070501135,1,0
214,1,t320,0110,0110,1110,-1.5225403308868408,-1.882656216621399,0.3601158857345581,0.21854965972476928,1,0
214,2,c31,0110,0010,0010,-1.0742518901824951,-0.4483441710472107,-0.6259077191352844,0.3415880071062485,0,0
214,3,x0,1110,1110,0110,-0.0019179091323167086,-6.507201671600342,6.505283762468025,0.9983040295797876,1,0
214,4,s02,1110,0111,0111,-0.8269131183624268,-0.6250327825546265,-0.2018803358078003,0.4374403217108985,0,0
214,5,t031,1110,1110,1010,-0.6328233480453491,-0.757973313331604,0.12514996528625488,0.5310962645727576,1,0
214,6,c10,0110,0110,1110,-0.04320643097162247,-3.1682894229888916,3.125082992017269,0.9578714865556474,1,0
214,7,c21,0010,0010,0110,-0.47498053312301636,-0.9745416641235352,0.4995611310005188,0.6219057462361409,1,0
214,8,c20,1010,1010,0010,-0.38701575994491577,-1.137009620666504,0.7499938607215881,0.6791620181477973,1,0
215,1,t021,0011,0011,0100,-0.9741201400756836,-2.659903049468994,1.6857829093933105,0.37806283908258875,1,0
215,2,s03,1010,1010,0011,-0.8337872624397278,-0.8359599709510803,0.002172708511352539,0.43442367086229017,1,0
215,3,c12,1010,1010,1000,-0.05686158686876297,-2.935396909713745,2.878535322844982,0.944754884443366,1,0
215,4,c10,1010,1010,0010,-0.3133043050765991,-1.3150830268859863,1.0017787218093872,0.7310379187995913,1,0
215,5,t123,1010,1011,1011,-0.8983224630355835,-0.5233224630355835,-0.375,0.40725485767463493,0,0
215,6,t213,1010,1010,1011,-0.0053064702078700066,-5.255306243896484,5.249999773688614,0.9947144817481454,1,0
215,7,x0,0010,0010,1110,-0.0035093561746180058,-6.279869079589844,6.276359723415226,0.9978334917743634,1,0
215,8,t032,0010,0010,0000,-0.00012385514855850488,-9.906265258789062,9.906141403640504,0.9998764331798796,1,0
216,1,s10,1010,0110,0110,-2.141892671585083,-1.4806164503097534,-0.6612762212753296,0.11752079388636222,0,0
216,2,s30,0011,1010,1010,-1.4065513610839844,-0.8165392875671387,-0.5900120735168457,0.24503034332363985,0,0
216,3,t320,1011,1011,0011,-0.7230018377304077,-0.8777676820755005,0.15476584434509277,0.48533227355416864,1,0
216,4,s12,1101,1101,1110,-0.4549611806869507,-2.1522598266601562,1.6972986459732056,0.6349023913664681,1,0
216,5,x1,1001,1001,1111,-0.08655240386724472,-3.711057662963867,3.6245052590966225,0.9173898277898701,1,0
216,6,t123,1001,1001,1100,-0.00369867286644876,-7.429708480834961,7.426009807968512,0.9963553070644041,1,0
216,7,c13,1001,1001,1000,-0.08927325904369354,-2.46427321434021,2.3749999552965164,0.9146094033823541,1,0
216,8,t023,1001,1001,1000,-0.003670745762065053,-5.628670692443848,5.624999946681783,0.9963408626318083,1,0
217,1,s10,1101,1101,0101,-1.3487070798873901,-2.224766492843628,0.8760594129562378,0.2596788950258923,1,0
217,2,c32,1111,1111,1001,-0.06235986202955246,-5.068393230438232,5.00603336840868,0.9396227675859248,1,0
217,3,t320,0111,0111,1111,-0.38731303811073303,-1.1374317407608032,0.7501187026500702,0.6789348524173375,1,0
217,4,x1,0011,0011,1101,-0.03403483331203461,-4.888838291168213,4.854803457856178,0.9679179641664479,1,0
217,5,c21,0111,0111,0011,-0.043298907577991486,-3.168226480484009,3.1249275729060173,0.9576371479251197,1,0
217,6,s20,1101,1101,1110,-0.6901628971099854,-1.4271907806396484,0.7370278835296631,0.5015430614226811,1,0
217,7,x1,1001,1001,1111,-0.003119401866570115,-6.0024590492248535,5.999339647358283,0.9969476058190713,1,0
217,8,x0,0001,0001,1001,-0.004784016869962215,-6.0123372077941895,6.007553190924227,0.9953308369915504,1,0
218,1,s03,1010,0011,0011,-2.7891016006469727,-1.7940783500671387,-0.995023250579834,0.06156843168103702,0,0
218,2,x0,0010,0010,0000,-1.9885647296905518,-2.2921903133392334,0.30362558364868164,0.13697125500000468,1,0
218,3,t123,0010,0010,0011,-0.17707973718643188,-2.677079916000366,2.5000001788139343,0.8378934311811689,1,0
218,4,c01,0010,0010,0110,-0.0011104581644758582,-8.289163589477539,8.288053131313063,0.9988984634635927,1,0
218,5,s02,1000,1000,0010,-0.5830928683280945,-0.8264353275299072,0.24334245920181274,0.5581922025456837,1,0
218,6,s01,0100,0100,1000,-0.7058857679367065,-0.9150210022926331,0.2091352343559265,0.49367814862103915,1,0
218,7,s20,0100,0100,1100,-0.8273282647132874,-1.0991888046264648,0.2718605399131775,0.43724255526189043,1,0
218,8,c31,0100,0000,0000,-0.7587724328041077,-0.6398403644561768,-0.11893206834793091,0.4682442875289346,0,0
219,1,t310,0010,0010,1010,-0.906348705291748,-1.996178388595581,1.089829683303833,0.4044039852904952,1,0
219,2,x2,0000,0000,0011,-0.05360335856676102,-3.204998254776001,3.15139489620924,0.9478498958576261,1,0
219,3,x1,0100,0100,0000,-0.0026354927103966475,-7.483410358428955,7.480774865718558,0.997486369750118,1,0
219,4,s32,0100,0100,0110,-0.04489743709564209,-3.1697189807891846,3.1248215436935425,0.9561080464036602,1,0
219,5,c23,0100,0100,0101,-0.6329956650733948,-0.7579956650733948,0.125,0.531000862480455,1,0
219,6,x2,0110,0110,0101,-0.0014057746157050133,-6.6280012130737305,6.6265954384580255,0.9986079245903482,1,0
219,7,c30,0110,1110,1110,-1.1370571851730347,-0.38703426718711853,-0.7500229179859161,0.3207966653183995,0,0
219,8,s21,0110,0110,0011,-0.6336268186569214,-0.7719491720199585,0.1383223533630371,0.5306650120148951,1,0
220,1,s30,1100,0101,0101,-2.538609027862549,-1.6460208892822266,-0.8925881385803223,0.07903384591943866,0,0
220,2,x1,1000,1000,1001,-1.6216747760772705,-2.1216747760772705,0.5,0.19769566704517663,1,0
220,3,x1,1100,1100,1010,-0.02821105346083641,-4.469564914703369,4.441353861242533,0.9722819105055197,1,0
220,4,x2,1110,1110,0000,-0.0011341962963342667,-8.793976783752441,8.792842587456107,0.9989117763863152,1,0
220,5,c02,1100,1100,1110,-0.0029469188302755356,-6.15420389175415,6.151256972923875,0.9970768543382628,1,0
220,6,x2,1110,1110,1101,-0.00040504406206309795,-8.752336502075195,8.751931458013132,0.9995981693129213,1,0
220,7,c30,1110,0110,0110,-0.974645733833313,-0.47857534885406494,-0.49607038497924805,0.3774361806631136,0,0
220,8,t301,1110,1110,1010,-0.31525665521621704,-1.3289591073989868,1.0137024521827698,0.7296140823148214,1,0
221,1,c21,0111,0011,0011,-1.6556142568588257,-1.4610469341278076,-0.19456732273101807,0.19119717898272587,0,0
221,2,s02,1101,0111,0111,-2.7328712940216064,-0.8583164215087891,-1.8745548725128174,0.06504078715809772,0,0
221,3,c32,1111,1111,1011,-0.027307217940688133,-5.719557762145996,5.692250544205308,0.9731914614276211,1,0
221,4,c02,1101,1101,0111,-0.007992856204509735,-5.437627792358398,5.429634936153889,0.9920805703077826,1,0
221,5,t130,0101,1101,1101,-1.1381102800369263,-0.38739749789237976,-0.7507127821445465,0.32046591377877337,0,0
221,6,x3,0100,0100,0111,-0.017349157482385635,-4.770168781280518,4.752819623798132,0.9833419281694049,1,0
221,7,c31,0100,0000,0000,-0.7591664791107178,-0.6385565996170044,-0.12060987949371338,0.4680778309164303,0,0
221,8,x2,0110,0110,0101,-0.0006070454837754369,-7.879119873046875,7.8785128275631,0.9993954837976516,1,0
222,1,x0,0100,0100,1100,-1.4121390581130981,-2.452434539794922,1.0402954816818237,0.24380757926417002,1,0
222,2,x0,1100,1100,0100,-0.04420708864927292,-3.892812728881836,3.848605640232563,0.9568113250766362,1,0
222,3,t302,1100,1110,1110,-1.814903974533081,-0.18263056874275208,-1.632273405790329,0.16286541486280298,0,0
222,4,t130,1100,1100,0100,-0.03823954239487648,-3.289020299911499,3.2507807575166225,0.9625630321130811,1,0
222,5,s23,1100,1100,1110,-0.5265055894851685,-0.8993251323699951,0.37281954288482666,0.5906758731475462,1,0
222,6,x3,1101,1101,1110,-0.00042304740054532886,-8.805099487304688,8.804676439904142,0.9996394746554205,1,0
222,7,x2,1111,1111,1100,-0.0014879744267091155,-6.890771389007568,6.889283414580859,0.9985561092886663,1,0
222,8,c23,1110,1110,1111,-0.001974785700440407,-6.376974582672119,6.374999796971679,0.9980349468470477,1,0
223,1,c32,1101,1101,1110,-1.1651643514633179,-1.9363785982131958,0.7712142467498779,0.31211481345527287,1,0
223,2,t130,0101,1101,1101,-0.9644614458084106,-0.6120068430900574,-0.35245460271835327,0.3812460130538913,0,0
223,3,s31,0101,0101,0001,-0.5943760871887207,-0.9959809184074402,0.4016048312187195,0.5519242916570851,1,0
223,4,x2,0111,0111,0101,-0.001954813953489065,-7.952882289886475,7.9509274759329855,0.9980625540656155,1,0
223,5,x0,1111,1111,0111,-0.005548570770770311,-5.521899223327637,5.516350652556866,0.9958489293385685,1,0
223,6,s03,1111,1111,0111,-0.576720118522644,-0.82614666223526,0.24942654371261597,0.5617469450729354,1,0
223,7,t312,1101,1101,1111,-0.007743074558675289,-4.8830389976501465,4.875295923091471,0.9922984664222108,1,0
223,8,c23,1101,1101,1100,-0.12794362008571625,-2.127943515777588,1.9999998956918716,0.8799084357594771,1,0
224,1,t230,1011,0011,0011,-2.0414834022521973,-1.3257238864898682,-0.7157595157623291,0.13000920615117167,0,0
224,2,t123,1011,1010,1010,-2.0611331462860107,-0.3111332952976227,-1.749999850988388,0.12734945004952208,0,0
224,3,x0,0011,0011,1111,-0.026904044672846794,-3.683431386947632,3.656527342274785,0.9734766376300991,1,0
224,4,t123,0011,0011,0010,-0.005414106417447329,-5.255414009094238,5.249999902676791,0.9946012683934972,1,0
224,5,x3,0010,0010,0001,-2.7418012905400246e-05,-12.250723838806152,12.250696420793247,0.9999860178279893,1,0
224,6,t230,0010,0010,1010,-0.387664794921875,-1.1370768547058105,0.7494120597839355,0.6787227941607558,1,0
224,7,t301,0010,0010,0110,-0.0006626767572015524,-7.629474639892578,7.628811963135377,0.9993395417246387,1,0
224,8,t012,0010,0010,0110,-0.0003255253832321614,-8.250387191772461,8.250061666389229,0.9996751065853581,1,0
225,1,c03,1010,1010,1011,-0.8738417029380798,-2.2488417625427246,1.3750000596046448,0.4179161674129043,1,0
225,2,t230,1010,1010,0010,-0.3388906419277191,-1.4868842363357544,1.1479935944080353,0.7125948260757894,1,0
225,3,s10,0110,1010,1010,-0.745242178440094,-0.6936842203140259,-0.051557958126068115,0.4746682115016183,0,0
225,4,s32,0101,0101,0110,-0.3250643312931061,-1.5204787254333496,1.1954143941402435,0.7224892235280723,1,0
225,5,c23,0101,0100,0100,-0.9036078453063965,-0.5286078453063965,-0.375,0.4051167824764718,0,0
225,6,x0,1101,1101,0101,-0.021118339151144028,-3.9130146503448486,3.8918963111937046,0.9794766696240589,1,0
225,7,s10,1101,1101,0111,-0.3915700614452362,-1.7718658447265625,1.3802957832813263,0.6760397348662498,1,0
225,8,s10,1101,1101,0101,-0.6933772563934326,-0.7071896195411682,0.013812363147735596,0.499894500991553,1,0
226,1,c32,1100,1110,1110,-2.3454952239990234,-1.215559482574463,-1.1299357414245605,0.09590738696079312,0,0
226,2,t201,1100,1100,1000,-0.2400580644607544,-2.3703770637512207,2.1303189992904663,0.7866629687084984,1,0
226,3,s02,0110,1100,1100,-1.2177815437316895,-0.6943331360816956,-0.5234484076499939,0.2959988927114486,0,0
226,4,x1,0010,0010,0100,-0.015285566449165344,-5.303071975708008,5.2877864092588425,0.9850591832823495,1,0
226,5,c32,0010,0000,0000,-0.7577065825462341,-0.6589785814285278,-0.0987280011177063,0.46874103714069815,0,0
226,6,s12,0100,0100,0010,-0.5295894145965576,-1.1376094818115234,0.6080200672149658,0.5888511249499965,1,0
226,7,s23,0100,0100,0110,-0.03566548228263855,-3.410193920135498,3.3745284378528595,0.9649883293800323,1,0
226,8,s30,0100,1100,1100,-1.1371532678604126,-0.3891869783401489,-0.7479662895202637,0.32077694156646863,0,0
227,1,x0,0010,0010,1000,-1.0406925678253174,-2.6587886810302734,1.618096113204956,0.353510092134226,1,0
227,2,s20,1000,0010,0010,-1.1339293718338013,-0.5038831830024719,-0.6300461888313293,0.3217878266969076,0,0
227,3,c10,1000,1000,0000,-0.214382141828537,-1.7603179216384888,1.5459357798099518,0.8070783320769304,1,0
227,4,c10,1000,1000,0000,-0.16025710105895996,-1.9104108810424805,1.7501537799835205,0.8519430293070308,1,0
227,5,s30,0001,1000,1000,-0.9230435490608215,-0.5763427019119263,-0.34670084714889526,0.39734172794234884,0,0
227,6,c21,0001,0001,0101,-0.43014535307884216,-1.059548258781433,0.6294029057025909,0.6504446757374956,1,0
227,7,x0,1001,1001,0001,-0.0012909360229969025,-7.056286811828613,7.054995875805616,0.9989553865250085,1,0
227,8,t210,1001,1001,0001,-0.014194191433489323,-4.264828205108643,4.250634013675153,0.9859238447028703,1,0
228,1,x1,1110,1110,1100,-1.3604857921600342,-2.0871386528015137,0.7266528606414795,0.25664676617451204,1,0
228,2,c10,0110,0110,1110,-0.5524300932884216,-1.0113276243209839,0.45889753103256226,0.5756746459663038,1,0
228,3,c02,0110,0110,1100,-0.052177369594573975,-4.474365234375,4.422187864780426,0.949197256141551,1,0
228,4,t302,0110,0110,0100,-0.7011252641677856,-0.7094058990478516,0.008280634880065918,0.496037852561268,1,0
228,5,s20,1100,1100,0110,-0.417479008436203,-1.3160269260406494,0.8985479176044464,0.65878465622854,1,0
228,6,s13,1001,1100,1100,-0.7931154370307922,-0.6353628635406494,-0.15775257349014282,0.4524508933164346,0,0
228,7,c10,1001,1001,0001,-0.6939547657966614,-0.8602147102355957,0.16625994443893433,0.4995985035138899,1,0
228,8,t321,1001,1001,1101,-0.283708393573761,-1.4094821214675903,1.1257737278938293,0.7530115108182162,1,0
229,1,c32,1110,1100,1100,-2.0344700813293457,-1.6144129037857056,-0.42005717754364014,0.13087998114309882,0,0
229,2,t201,1010,1010,1110,-0.510463297367096,-0.9986354112625122,0.48817211389541626,0.6002807578674224,1,0
229,3,x0,0010,0010,1110,-0.026523062959313393,-3.831554412841797,3.8050313498824835,0.9738370346094609,1,0
229,4,t203,0010,0010,0011,-0.2255629152059555,-1.6005629301071167,1.3750000149011612,0.7980694405546588,1,0
229,5,s02,1000,1000,0010,-0.6058389544487,-0.8264638185501099,0.2206248641014099,0.5456616166935604,1,0
229,6,t210,1000,1000,0000,-0.01837315782904625,-4.025374889373779,4.007001731544733,0.9818434287458114,1,0
229,7,c03,1001,1001,1000,-0.002494818763807416,-6.252494812011719,6.249999993247911,0.9975189370559902,1,0
229,8,c10,1001,1001,0001,-0.47412872314453125,-0.9827476739883423,0.508618950843811,0.6224295069186868,1,0
230,1,c02,1001,1001,1010,-1.5615664720535278,-2.5213990211486816,0.9598325490951538,0.2099675774596562,1,0
230,2,s12,1001,1100,1100,-0.9898260831832886,-0.6714248657226562,-0.3184012174606323,0.3716690361254314,0,0
230,3,s21,1001,1001,1100,-0.591081976890564,-0.9558481574058533,0.3647661805152893,0.553737683534312,1,0
230,4,t032,1011,1011,1001,-0.20239733159542084,-1.701857089996338,1.499459758400917,0.8167751123862769,1,0
230,5,t012,1011,1001,1001,-2.1855483055114746,-0.1824365109205246,-2.00311179459095,0.11241695741183128,0,0
230,6,t302,1001,1001,1011,-0.08047278970479965,-2.5808515548706055,2.500378765165806,0.9226840780111918,1,0
230,7,x0,0001,0001,1101,-0.01707724668085575,-4.154983997344971,4.137906750664115,0.9831772608763332,1,0
230,8,c12,0001,0001,0011,-0.0012221630895510316,-6.751653671264648,6.750431508175097,0.9987818515440035,1,0
231,1,x0,1011,1011,0011,-1.5436367988586426,-2.4526867866516113,0.9090499877929688,0.2138930129413463,1,0
231,2,c31,1111,1111,1011,-0.09433132410049438,-2.975015878677368,2.880684554576874,0.9101002197611362,1,0
231,3,s02,1111,0111,0111,-0.8266629576683044,-0.5783034563064575,-0.24835950136184692,0.43754055819618515,0,0
231,4,c23,1110,1110,0110,-0.0027156078722327948,-8.10163688659668,8.098921278724447,0.9973269570870851,1,0
231,5,s01,1110,1110,0110,-0.529029369354248,-1.1042367219924927,0.5752073526382446,0.5892157665636127,1,0
231,6,c03,1111,1111,0111,-0.00290313339792192,-6.825320243835449,6.822417110437527,0.9971447927517001,1,0
231,7,x0,0111,0111,1111,-0.006957461126148701,-5.3328375816345215,5.325880120508373,0.9932138517485295,1,0
231,8,s03,1110,1110,0111,-0.2860930263996124,-1.5023772716522217,1.2162842452526093,0.7512417351931696,1,0
232,1,s31,1101,1101,1110,-2.0130581855773926,-2.0866565704345703,0.07359838485717773,0.13362897926001807,1,0
232,2,c32,1111,1111,1110,-0.03218269720673561,-5.5321831703186035,5.500000473111868,0.9684295068915945,1,0
232,3,x3,1110,1110,0000,-0.0031618443317711353,-7.735422134399414,7.732260290067643,0.9969931098111489,1,0
232,4,c13,1111,1111,1110,-0.011204862035810947,-5.886205196380615,5.875000334344804,0.9889088195582912,1,0
232,5,c12,1101,1101,1111,-0.01934361830353737,-4.109832763671875,4.090489145368338,0.9808588526024375,1,0
232,6,x3,1100,1100,1000,-0.00040265481220558286,-10.076285362243652,10.075882707431447,0.9996248123574714,1,0
232,7,s10,1100,1100,0100,-0.2819383144378662,-1.4110610485076904,1.1291227340698242,0.7548163322176068,1,0
232,8,c02,1110,1110,1100,-0.014696522615849972,-4.264957904815674,4.250261382199824,0.9854164707647903,1,0
233,1,c23,1100,1100,1101,-1.2828505039215088,-1.5328505039215088,0.25,0.27783005619731366,1,0
233,2,t301,1100,1100,1000,-0.22696974873542786,-1.8028699159622192,1.5759001672267914,0.7970284717202465,1,0
233,3,t130,1100,1100,0100,-0.04925275593996048,-3.051927328109741,3.0026745721697807,0.9520067637333014,1,0
233,4,c13,1101,1101,1100,-0.06389281898736954,-2.8138928413391113,2.750000022351742,0.9381253853402661,1,0
233,5,c02,1111,1111,1101,-0.005156800150871277,-5.819970607757568,5.814813807606697,0.9949384441445124,1,0
233,6,s20,1111,1111,0111,-0.6329578757286072,-0.757908284664154,0.12495040893554688,0.5310448628506667,1,0
233,7,t012,1101,1101,1111,-0.010077962651848793,-4.635190963745117,4.625113001093268,0.9899793813027239,1,0
233,8,c32,1111,1111,1110,-0.006503774784505367,-5.506504058837891,5.500000284053385,0.9935325614450553,1,0
234,1,c20,1011,1011,0011,-1.1200913190841675,-1.5952343940734863,0.47514307498931885,0.3266614892767331,1,0
234,2,s20,1011,1011,0011,-0.7173682451248169,-0.9712791442871094,0.2539108991622925,0.48806831306450793,1,0
234,3,t021,1111,1111,1011,-0.011721808463335037,-4.948918342590332,4.937196534126997,0.9883905763369856,1,0
234,4,c32,1101,1101,1110,-0.01642468012869358,-4.454681396484375,4.438256716355681,0.9837859604473581,1,0
234,5,t201,1101,1001,1001,-0.8263049721717834,-0.5763347744941711,-0.2499701976776123,0.437671624815953,0,0
234,6,t203,1101,1101,1100,-0.5237200260162354,-0.8987200260162354,0.375,0.5925782657161959,1,0
234,7,x2,1111,1111,1100,-0.0031739589758217335,-5.8785014152526855,5.875327456276864,0.9970309073554574,1,0
234,8,c12,1101,1101,1111,-0.0024949994403868914,-6.129373550415039,6.126878550974652,0.9975167234163717,1,0
235,1,c23,1100,1100,1101,-1.2527709007263184,-1.5027709007263184,0.25,0.2864277313901005,1,0
235,2,t012,1110,1110,1100,-0.525325357913971,-1.0316059589385986,0.5062806010246277,0.5914397387151202,1,0
235,3,t123,1111,1111,1110,-0.057006582617759705,-3.182006597518921,3.125000014901161,0.9446509822611538,1,0
235,4,c32,1101,1101,1111,-0.029858874157071114,-4.231258392333984,4.201399518176913,0.9705926786650959,1,0
235,5,x3,1100,1100,1111,-0.0021264334209263325,-7.715967655181885,7.713841221760958,0.9979744750360484,1,0
235,6,t301,1100,1100,1000,-0.16135363280773163,-1.9209890365600586,1.759635403752327,0.8510015966406728,1,0
235,7,c23,1100,1100,1101,-0.00910641998052597,-4.759106159210205,4.749999739229679,0.9909392211140436,1,0
235,8,c03,1101,1101,1100,-0.0007044116500765085,-7.750703811645508,7.749999399995431,0.9993149119566725,1,0
236,1,c31,0110,0010,0010,-1.7623940706253052,-1.7073525190353394,-0.05504155158996582,0.17182091085780862,0,0
236,2,x2,0100,0100,0111,-0.05659396946430206,-3.5569674968719482,3.500373527407646,0.945048773304054,1,0
236,3,s03,0100,0100,1100,-0.694170355796814,-0.7104383707046509,0.016268014907836914,0.49954667470391684,1,0
236,4,x1,0000,0000,0100,-0.0070810173638165,-5.31207275390625,5.3049917365424335,0.9933682521347642,1,0
236,5,s01,0000,0000,1000,-0.014187312684953213,-4.264180660247803,4.2499933475628495,0.9859278129505138,1,0
236,6,c21,0000,0000,0100,-0.006788884289562702,-5.006786823272705,4.999997938983142,0.9932394874875734,1,0
236,7,c01,0000,0000,1000,-4.8874742788029835e-05,-10.003256797790527,10.00320792304774,0.9999519783501193,1,0
236,8,t203,0000,0000,0001,-0.0001907218829728663,-8.750190734863281,8.750000012980308,0.9998096905692082,1,0
237,1,c21,0001,0001,0101,-1.2662149667739868,-2.0118460655212402,0.7456310987472534,0.2823286147753756,1,0
237,2,t132,0001,0001,0011,-0.034881286323070526,-3.805405378341675,3.7705240920186043,0.965749819621858,1,0
237,3,c23,0001,0001,0000,-0.3494008779525757,-1.2244007587432861,0.8749998807907104,0.7051166086688626,1,0
237,4,c20,0001,1001,1001,-0.6931722164154053,-0.6931673288345337,-4.887580871582031e-06,0.4999961534957071,0,0
237,5,x2,0011,0011,0001,-0.0007083787932060659,-7.424299240112305,7.423590861319099,0.9993126877076741,1,0
237,6,x0,1011,1011,0111,-0.005338378716260195,-5.981271743774414,5.975933365058154,0.9967592101080942,1,0
237,7,x2,1001,1001,1010,-0.00012361592962406576,-9.375123023986816,9.374999408057192,0.999877622604176,1,0
237,8,t301,1101,1101,1001,-0.6326402425765991,-0.7576416730880737,0.1250014305114746,0.531189010747338,1,0
238,1,x2,0000,0000,0011,-1.450537085533142,-1.9888417720794678,0.5383046865463257,0.23488119376148958,1,0
238,2,t203,0000,0000,0001,-0.0854918584227562,-3.83549165725708,3.749999798834324,0.9182949492461892,1,0
238,3,c13,0000,0000,0001,-0.0011633043177425861,-7.376163005828857,7.374999701511115,0.9988521572670043,1,0
238,4,c21,0000,0000,0100,-0.07965920120477676,-2.5796494483947754,2.4999902471899986,0.9234750321992272,1,0
238,5,x0,1000,1000,0000,-0.0041700610890984535,-5.506360054016113,5.502189992927015,0.995929162987366,1,0
238,6,x1,1100,1100,1010,-0.00045099464477971196,-8.326394081115723,8.325943086470943,0.999556378165734,1,0
238,7,c03,1101,1101,1100,-0.006341658532619476,-5.131341457366943,5.124999798834324,0.9937184766482225,1,0
238,8,x1,1001,1001,1111,-0.0052557471208274364,-5.942193031311035,5.936937284190208,0.9948517639893232,1,0
239,1,x1,0011,0011,0100,-1.1793403625488281,-2.566070318222046,1.3867299556732178,0.30772718870289145,1,0
239,2,s31,0110,0110,0011,-0.5562229752540588,-1.4716084003448486,0.9153854250907898,0.5734182690941391,1,0
239,3,c32,0110,0100,0100,-1.003587007522583,-0.5067015290260315,-0.4968854784965515,0.36659613216474857,0,0
239,4,c01,0110,0110,0010,-0.022504130378365517,-4.023342132568359,4.000838002189994,0.9777536579793303,1,0
239,5,x3,0111,0111,0011,-0.0002692798734642565,-10.04251480102539,10.042245521151926,0.9997463456344295,1,0
239,6,x0,1111,1111,0111,-0.029613163322210312,-4.41799783706665,4.38838467374444,0.9875363054571816,1,0
239,7,x1,1011,1011,1110,-0.0023915672209113836,-6.614448547363281,6.61205698014237,0.9976355937936474,1,0
239,8,c31,1111,1111,1011,-0.026571281254291534,-3.651564359664917,3.6249930784106255,0.9737839388002788,1,0
240,1,s23,0001,0010,0010,-1.718284010887146,-1.3334307670593262,-0.3848532438278198,0.17970078324992741,0,0
240,2,x0,1001,1001,1000,-1.6386797428131104,-1.8886796236038208,0.24999988079071045,0.19439914579271625,1,0
240,3,c03,1000,1000,1001,-0.07789064198732376,-2.827890396118164,2.7499997541308403,0.9251470604785225,1,0
240,4,x0,0000,0000,1000,-0.04145791009068489,-3.8101792335510254,3.7687213234603405,0.959398735823159,1,0
240,5,s01,0000,0000,1000,-0.01477714441716671,-4.26443338394165,4.249656239524484,0.9853373695222006,1,0
240,6,t012,0000,0000,1000,-7.366952922893688e-05,-9.895163536071777,9.895089866542548,0.9999278062282226,1,0
240,7,c03,0000,0000,0001,-0.00030288545531220734,-8.5003023147583,8.499999429302989,0.9996973764071524,1,0
240,8,t132,0000,0000,0010,-0.00199370039626956,-6.251967906951904,6.249974206555635,0.9980096655393978,1,0
241,1,s32,1001,1010,1010,-1.8557534217834473,-1.2553024291992188,-0.6004509925842285,0.15644656017620998,0,0
241,2,c20,1001,1001,0001,-1.0424487590789795,-1.4539949893951416,0.4115462303161621,0.3526647499263128,1,0
241,3,t203,1001,1001,1000,-0.08576112240552902,-2.835761308670044,2.750000186264515,0.9178960217975916,1,0
241,4,x2,1011,1011,1000,-0.00165086321067065,-7.22572135925293,7.224070496042259,0.9983549365586574,1,0
241,5,t103,1011,1010,1010,-5.877869606018066,-0.002870197407901287,-5.874999408610165,0.002800783438603193,0,0
241,6,t132,1011,1011,1001,-0.31348586082458496,-1.3133792877197266,0.9998934268951416,0.7309003051116352,1,0
241,7,t321,1111,1111,1011,-0.0789932906627655,-2.5789270401000977,2.499933749437332,0.9240531292771367,1,0
241,8,t302,1101,1101,1111,-0.0027713372837752104,-6.003120422363281,6.000349085079506,0.9973141115859595,1,0
242,1,x2,1101,1101,0000,-0.7713778614997864,-2.9237220287323,2.1523441672325134,0.4628892975556962,1,0
242,2,s23,1110,1101,1101,-1.0639780759811401,-0.5879057049751282,-0.47607237100601196,0.34510837834506736,0,0
242,3,x1,1010,1010,1011,-0.20626847445964813,-1.956268548965454,1.750000074505806,0.8142597816745422,1,0
242,4,s01,0110,1010,1010,-0.763687789440155,-0.7092602252960205,-0.05442756414413452,0.4659547190218211,0,0
242,5,c02,0110,0110,1100,-0.0025910416152328253,-7.1867780685424805,7.184187026927248,0.9974162629928887,1,0
242,6,t032,0110,0110,0100,-0.005249740555882454,-5.3899617195129395,5.384711978957057,0.9947677865722364,1,0
242,7,t032,0110,0110,0100,-0.0022944132797420025,-6.13003396987915,6.127739556599408,0.9977091671521943,1,0
242,8,c23,0111,0111,0110,-0.014614111743867397,-4.264614582061768,4.2500004703179,0.9854956195225458,1,0
243,1,s30,1101,1101,0110,-1.8158291578292847,-2.384087562561035,0.5682584047317505,0.16280318460484608,1,0
243,2,s13,1101,1101,1001,-0.9708971977233887,-1.141124963760376,0.1702277660369873,0.3787831067719581,1,0
243,3,x1,1001,1001,1111,-0.02552284672856331,-3.7217400074005127,3.6962171606719494,0.9752087121185357,1,0
243,4,x1,1101,1101,1011,-0.0161385927349329,-4.346428394317627,4.330289801582694,0.9840253664529903,1,0
243,5,s13,1101,1101,1001,-0.2815026342868805,-1.5333305597305298,1.2518279254436493,0.7546544673474771,1,0
243,6,s02,0111,0111,1101,-0.6816871166229248,-0.757756769657135,0.0760696530342102,0.505818978823105,1,0
243,7,s10,1011,1011,1111,-0.12988588213920593,-2.81257700920105,2.682691127061844,0.8794269983593086,1,0
243,8,x3,1010,1010,1001,-0.000904924760106951,-7.376612186431885,7.375707261671778,0.9991018708383819,1,0
244,1,t031,1100,1100,1000,-1.473650574684143,-2.626779556274414,1.153128981590271,0.22925051109476044,1,0
244,2,t230,1100,1100,0100,-0.16203102469444275,-1.9838734865188599,1.8218424618244171,0.8504511082417073,1,0
244,3,t031,1100,1100,1000,-0.0896996334195137,-2.4650020599365234,2.3753024265170097,0.9142211931380857,1,0
244,4,t201,1100,1100,1000,-0.16035272181034088,-1.9105408191680908,1.75018809735775,0.8518531137431172,1,0
244,5,s21,1010,1100,1100,-0.7314860224723816,-0.6936891674995422,-0.037796854972839355,0.4811975497611942,0,0
244,6,c32,1010,1010,1000,-0.6385291814804077,-0.7735444903373718,0.1350153088569641,0.5280770539515691,1,0
244,7,x0,0010,0010,1110,-0.0015768090961501002,-6.681391716003418,6.679814906907268,0.9984474989294712,1,0
244,8,t032,0010,0010,0000,-0.0004519487265497446,-8.179146766662598,8.178694817936048,0.9995481642799767,1,0
245,1,c31,1110,1010,1010,-1.9869122505187988,-1.7678614854812622,-0.21905076503753662,0.13718185990059598,0,0
245,2,c31,1110,1110,1010,-0.7686987519264221,-0.8853068351745605,0.11660808324813843,0.4636346447976157,1,0
245,3,c32,1110,1100,1100,-1.6121056079864502,-0.4216785132884979,-1.1904270946979523,0.19947812326517242,0,0
245,4,s13,1011,1110,1110,-0.8276222348213196,-0.6605027914047241,-0.16711944341659546,0.4370909924766656,0,0
245,5,s13,1110,1110,1111,-0.22413334250450134,-2.349133253097534,2.124999910593033,0.7992440649430006,1,0
245,6,c10,0110,0110,1110,-0.24379301071166992,-1.6012420654296875,1.3574490547180176,0.7837460798850128,1,0
245,7,t321,0110,0110,0010,-0.04725566506385803,-3.172978401184082,3.125722736120224,0.9538871975349899,1,0
245,8,c30,0110,1110,1110,-2.127216339111328,-0.12713871896266937,-2.0000776201486588,0.11918754908337882,0,0
246,1,c23,0001,0001,0000,-0.957859456539154,-1.9578595161437988,1.0000000596046448,0.3850615245121927,1,0
246,2,s10,0001,0001,1001,-0.6002541184425354,-0.971225380897522,0.3709712624549866,0.5487937881361493,1,0
246,3,t310,0001,0001,1001,-0.0620809905230999,-2.812105417251587,2.750024426728487,0.93981568875073,1,0
246,4,t021,0001,0001,1001,-0.0006064985645934939,-7.530031681060791,7.5294251824961975,0.9994027589334417,1,0
246,5,s13,0100,0100,0001,-0.0432729572057724,-3.170464277267456,3.1271913200616837,0.9576579945886344,1,0
246,6,t310,0100,0100,1100,-0.038255609571933746,-3.288653612136841,3.250398002564907,0.9624826837742466,1,0
246,7,t301,0100,0100,1100,-0.003452557371929288,-5.802663803100586,5.799211245728657,0.9965653090844537,1,0
246,8,x2,0110,0110,0000,-0.0008316689054481685,-7.895197868347168,7.89436619944172,0.9991811755458206,1,0
247,1,x2,1010,1010,1001,-1.0207445621490479,-2.1461410522460938,1.125396490097046,0.3613808932774719,1,0
247,2,t023,1011,1011,1010,-0.5995914936065674,-1.2245914936065674,0.625,0.5496997517556487,1,0
247,3,t213,1011,1010,1010,-1.0767273902893066,-0.45172739028930664,-0.625,0.34074397749486524,0,0
247,4,s10,0111,1011,1011,-1.0226433277130127,-0.5453557968139648,-0.47728753089904785,0.35970179443515893,0,0
247,5,t320,1111,1111,0111,-0.11465881019830704,-2.2397866249084473,2.1251278147101402,0.891704108220147,1,0
247,6,c13,1110,1110,0110,-0.0026666305493563414,-7.032994270324707,7.030327639775351,0.9973575096523336,1,0
247,7,s02,1110,1110,0110,-0.3879612386226654,-1.485853672027588,1.0978924334049225,0.6784705201726114,1,0
247,8,x0,0110,0110,1110,-0.009140594862401485,-4.773571014404297,4.764430419541895,0.9909605314043262,1,0
248,1,x0,1000,1000,0000,-1.34121572971344,-2.0294342041015625,0.6882184743881226,0.2618651296099752,1,0
248,2,x3,1001,1001,1010,-0.02594602108001709,-5.556917190551758,5.530971169471741,0.9746324787694614,1,0
248,3,x1,1101,1101,0000,-0.002856745384633541,-7.787524223327637,7.784667477943003,0.9973751515106783,1,0
248,4,x1,1001,1001,1111,-0.009067483246326447,-4.80207633972168,4.793008856475353,0.9909851004887901,1,0
248,5,c12,1001,1001,1011,-0.006380895618349314,-5.131511688232422,5.125130792614073,0.9936484613836801,1,0
248,6,c31,1101,1101,1001,-0.4287750720977783,-1.0537704229354858,0.6249953508377075,0.6513126191554676,1,0
248,7,x1,1001,1001,1111,-0.0020404739771038294,-6.884594917297363,6.8825544433202595,0.998007226701534,1,0
248,8,c23,1001,1001,1000,-0.0007685265736654401,-7.250768184661865,7.2499996580882,0.9992340157763786,1,0
249,1,s12,0000,0000,0100,-1.0290919542312622,-1.9367526769638062,0.907660722732544,0.35778673790804166,1,0
249,2,c31,0000,0000,0100,-0.12407392263412476,-2.24895977973938,2.124885857105255,0.8833773608002804,1,0
249,3,x3,0001,0001,1000,-0.000355542782926932,-9.627341270446777,9.62698572766385,0.9996565127931336,1,0
249,4,c20,0001,0001,1001,-0.5760337114334106,-0.826106071472168,0.2500723600387573,0.5621466660517833,1,0
249,5,x3,0000,0000,0011,-0.0005930322222411633,-7.514738082885742,7.514145050663501,0.9994198192344549,1,0
249,6,t021,0000,0000,1000,-0.000309920113068074,-8.509556770324707,8.509246850211639,0.9996980324933381,1,0
249,7,c03,0000,0000,0001,-0.002069390146061778,-6.252069473266602,6.25000008312054,0.997934563012815,1,0
249,8,x0,1000,1000,0000,-0.004698343109339476,-6.091431140899658,6.086732797790319,0.9959233302331497,1,0
250,1,x0,0100,0100,1100,-1.453258752822876,-2.4457828998565674,0.9925241470336914,0.23395595126002144,1,0
250,2,x1,0000,0000,0110,-0.025518305599689484,-4.3776469230651855,4.352128617465496,0.9748486641262714,1,0
250,3,c10,0000,0000,1000,-0.006727837026119232,-5.006728172302246,5.000000335276127,0.9932990629130765,1,0
250,4,s03,0000,0000,1000,-0.6932567358016968,-0.6940665245056152,0.000809788703918457,0.4999746295151928,1,0
250,5,x0,1000,1000,0000,-0.0007499050698243082,-7.538793087005615,7.538043181935791,0.9994454651674798,1,0
250,6,s03,0001,0001,1000,-0.6737565994262695,-0.8260819911956787,0.15232539176940918,0.5097972812958654,1,0
250,7,t201,0001,0001,0101,-0.025929627940058708,-3.9108850955963135,3.8849554676562548,0.9744889196703889,1,0
250,8,t023,0001,0001,1000,-0.0032382577192038298,-6.241427421569824,6.23818916385062,0.996786387966585,1,0
251,1,x3,0110,0110,0100,-0.8492342829704285,-2.7259645462036133,1.8767302632331848,0.4293186422505673,1,0
251,2,t213,0111,0111,0110,-0.16124796867370605,-2.286247968673706,2.125,0.8511827764625157,1,0
251,3,t120,1111,1111,0111,-0.29272884130477905,-1.530137062072754,1.2374082207679749,0.7463625579337154,1,0
251,4,c03,1110,1110,0110,-0.01213904283940792,-5.599555492401123,5.587416449561715,0.9879747756322725,1,0
251,5,x1,1010,1010,1100,-0.016866857185959816,-5.176149368286133,5.159282511100173,0.9889350183803263,1,0
251,6,c30,1010,1010,0010,-0.5769649744033813,-0.8269720077514648,0.2500070333480835,0.5616560262039192,1,0
251,7,c01,1110,1110,1010,-0.0069777085445821285,-5.194920063018799,5.187942354474217,0.9931033247648998,1,0
251,8,t032,1110,1100,1100,-1.4149211645126343,-0.3193455934524536,-1.0955755710601807,0.24295402253859313,0,0
252,1,c10,0010,0010,1010,-1.118780493736267,-1.6394755840301514,0.5206950902938843,0.326981784057002,1,0
252,2,x2,0000,0000,0011,-0.07998843491077423,-2.7347352504730225,2.6547468155622482,0.9231897038453641,1,0
252,3,x0,1000,1000,0000,-0.00779790198430419,-5.025962829589844,5.01816492760554,0.9924196334138575,1,0
252,4,x3,1001,1001,0001,-0.0001643823052290827,-9.920129776000977,9.919965393695747,0.9998598229441059,1,0
252,5,t321,1001,1001,1101,-0.08921080827713013,-2.4642786979675293,2.375067889690399,0.9146861122806212,1,0
252,6,c20,1001,1001,0001,-0.3869673013687134,-1.1370028257369995,0.7500355243682861,0.6791738908234818,1,0
252,7,c02,1011,1011,1001,-0.002484861295670271,-6.127469539642334,6.124984678346664,0.9975899937016472,1,0
252,8,s01,0111,0111,1011,-0.6973303556442261,-0.7074223160743713,0.010091960430145264,0.49796490324221104,1,0
253,1,t013,1000,1000,1001,-0.6894519925117493,-2.4394519329071045,1.7499999403953552,0.5033877602729966,1,0
253,2,x0,0000,0000,1100,-0.008476339280605316,-5.071584701538086,5.063108362257481,0.9917173971642622,1,0
253,3,c13,0000,0000,0001,-0.00036033507785759866,-8.375360488891602,8.375000153813744,0.999643012268874,1,0
253,4,c12,0000,0000,0010,-7.462372013833374e-05,-10.125452995300293,10.125378371580155,0.9999292722635408,1,0
253,5,c30,0000,0000,1000,-0.12695670127868652,-2.1269564628601074,1.999999761581421,0.8807963831673971,1,0
253,6,c02,0000,0000,1000,-1.4185818145051599e-05,-11.265987396240234,11.26597321042209,0.9999861272592814,1,0
253,7,s20,0000,0000,1000,-0.16023853421211243,-1.910237431526184,1.7499988973140717,0.8519504251751082,1,0
253,8,x1,0100,0100,0010,-0.0007296138210222125,-7.702145576477051,7.701415962656029,0.9993238634703407,1,0
254,1,t012,0010,0010,0110,-0.8838031888008118,-2.532069444656372,1.6482662558555603,0.4139969556171025,1,0
254,2,t130,0010,0010,1010,-0.20272254943847656,-1.70247483253479,1.4997522830963135,0.8165168176034489,1,0
254,3,x0,1010,1010,0110,-0.005231353919953108,-5.818779945373535,5.813548591453582,0.9948958745373397,1,0
254,4,t012,1010,1010,1000,-0.12754108011722565,-2.1278719902038574,2.0003309100866318,0.8802590598372552,1,0
254,5,x0,0010,0010,1110,-0.0006926599307917058,-7.627586841583252,7.62689418165246,0.9993575749439711,1,0
254,6,c32,0010,0000,0000,-2.1275486946105957,-0.13957135379314423,-1.9879773408174515,0.11912934846155948,0,0
254,7,s01,0010,0010,1010,-0.47525113821029663,-1.607168436050415,1.1319172978401184,0.6220196961015431,1,0
254,8,s03,0010,0010,1010,-0.3869236409664154,-1.1918035745620728,0.8048799335956573,0.6791522607321179,1,0
255,1,t123,1101,1101,1100,-0.8945071697235107,-1.8945071697235107,1.0,0.40939261343857064,1,0
255,2,c32,1111,1111,1101,-0.04755645990371704,-5.233729362487793,5.186172902584076,0.9535980904741704,1,0
255,3,x1,1011,1011,1101,-0.07982830703258514,-2.712252140045166,2.632423833012581,0.925442002887186,1,0
255,4,t013,1011,1010,1010,-2.12823224067688,-0.1282321661710739,-2.000000074505806,0.119048199389745,0,0
255,5,c02,1001,1001,1011,-0.009693567641079426,-4.697506904602051,4.687813336960971,0.990363186724348,1,0
255,6,x1,1101,1101,1011,-0.0016910259146243334,-6.88855504989624,6.886864023981616,0.9983177868288136,1,0
255,7,t120,1101,1101,0101,-0.10024572163820267,-2.3503284454345703,2.2500827237963676,0.9046316075662367,1,0
255,8,s23,1110,1110,1101,-0.1136789619922638,-2.463592290878296,2.349913328886032,0.8925562360316459,1,0
256,1,x3,1001,1001,1010,-0.8483167886734009,-2.095125198364258,1.246808409690857,0.43013324285653376,1,0
256,2,c31,1101,1101,1001,-0.16933473944664001,-2.0621445178985596,1.8928097784519196,0.8443118369116225,1,0
256,3,s21,1011,1101,1101,-1.7573795318603516,-0.25646835565567017,-1.5009111762046814,0.17249824773829076,0,0
256,4,c20,0011,0011,1011,-0.6049695014953613,-1.3063416481018066,0.7013721466064453,0.5461285852364983,1,0
256,5,s20,1001,1001,1010,-0.8916647434234619,-1.090932011604309,0.19926726818084717,0.4099888397752614,1,0
256,6,x2,1011,1011,0011,-0.01632680557668209,-5.064645290374756,5.048318484798074,0.9838557320045843,1,0
256,7,t013,1011,1010,1010,-2.0178914070129395,-0.1428915560245514,-1.874999850988388,0.13293687306254962,0,0
256,8,s20,1011,1011,0111,-0.4926372170448303,-1.3243319988250732,0.8316947817802429,0.6110209592249124,1,0
257,1,t123,0100,0100,0101,-1.0034489631652832,-2.003448963165283,1.0,0.36807679772972235,1,0
257,2,s30,0100,0100,1100,-0.48308685421943665,-1.0121017694473267,0.52901491522789,0.6169940806486105,1,0
257,3,c12,0110,0110,0100,-0.18663734197616577,-1.8116145133972168,1.624977171421051,0.8297581744032371,1,0
257,4,x3,0111,0111,0000,-0.0014262613840401173,-8.23507308959961,8.23364682821557,0.9985826575007711,1,0
257,5,c21,0011,0011,0111,-0.2844661474227905,-1.4100239276885986,1.125557780265808,0.7525086059254238,1,0
257,6,s12,0101,0101,0111,-0.89472895860672,-1.2078847885131836,0.3131558299064636,0.4087275569429511,1,0
257,7,x0,1101,1101,0101,-0.025153663009405136,-3.8898396492004395,3.8646859861910343,0.9759883553306274,1,0
257,8,s20,0111,1101,1101,-1.0874611139297485,-0.4758976995944977,-0.6115634143352509,0.3370771491917048,0,0
258,1,c30,0110,0110,1110,-1.558075189590454,-1.6253726482391357,0.06729745864868164,0.21076097222462656,1,0
258,2,t301,0110,0110,0000,-0.06172671169042587,-4.514322757720947,4.452596046030521,0.9402768193597846,1,0
258,3,s10,1010,1010,0110,-0.08244695514440536,-2.5882411003112793,2.505794145166874,0.9232788952308524,1,0
258,4,s01,0110,0110,1010,-0.6790615916252136,-0.8525084853172302,0.1734468936920166,0.5071836031248813,1,0
258,5,t201,0110,0110,0010,-0.0019595553167164326,-6.877017021179199,6.875057465862483,0.9980547097384492,1,0
258,6,s30,0110,1110,1110,-1.406841516494751,-0.30848070979118347,-1.0983608067035675,0.2449514776467913,0,0
258,7,t312,0110,0110,0100,-0.012775592505931854,-4.388031482696533,4.375255890190601,0.9873233974951496,1,0
258,8,t213,0111,0111,0110,-0.10089509189128876,-2.3508951663970947,2.250000074505806,0.9040421095002972,1,0
259,1,s13,0110,0011,0011,-2.097414255142212,-1.3994404077529907,-0.6979738473892212,0.1228654194265038,0,0
259,2,t302,0110,0110,0100,-1.3064767122268677,-1.94475257396698,0.6382758617401123,0.27126180134323025,1,0
259,3,x2,0100,0100,0111,-0.010717024095356464,-5.701195240020752,5.6904782159253955,0.9893628238794734,1,0
259,4,t320,0100,0100,1100,-0.47458046674728394,-0.9744786620140076,0.49989819526672363,0.6222048101524486,1,0
259,5,t301,0100,0100,0000,-0.001983937341719866,-6.3898162841796875,6.387832346837968,0.9980296092691496,1,0
259,6,c30,0100,0100,1100,-0.3869381844997406,-1.1369140148162842,0.7499758303165436,0.6791400562789828,1,0
259,7,t103,0100,0100,0101,-0.026596173644065857,-3.6515963077545166,3.6250001341104507,0.9737573839622957,1,0
259,8,c12,0110,0110,0100,-0.25790083408355713,-1.5080015659332275,1.2501007318496704,0.7727008480064742,1,0
260,1,t102,0001,0001,0010,-0.8988078832626343,-2.5118751525878906,1.6130672693252563,0.408177100072686,1,0
260,2,s21,0001,0100,0100,-0.8581151962280273,-0.5851286053657532,-0.27298659086227417,0.42400826955247484,0,0
260,3,x1,0101,0101,0011,-0.003256531897932291,-6.823206901550293,6.819950369652361,0.9973229018557865,1,0
260,4,s32,0110,0110,0101,-0.2091197967529297,-1.7064834833145142,1.4973636865615845,0.8113218527631882,1,0
260,5,t032,0110,0110,0111,-0.001918573398143053,-7.751918792724609,7.750000219326466,0.9980953295430989,1,0
260,6,s31,0011,0011,0110,-0.7227816581726074,-0.7602078318595886,0.0374261736869812,0.48541755817027626,1,0
260,7,c31,0111,0111,0011,-0.01861991360783577,-4.018457889556885,3.999837975949049,0.9815846127390722,1,0
260,8,t213,0110,0110,0111,-0.0018456956604495645,-6.439345836639404,6.437500140978955,0.9982103280412965,1,0
261,1,t012,0101,0101,0111,-0.907890796661377,-2.351992607116699,1.4441018104553223,0.40419975113308715,1,0
261,2,x2,0111,0111,1000,-0.018740452826023102,-6.049839019775391,6.0310985669493675,0.9814611337663837,1,0
261,3,x1,0011,0011,0101,-0.012287221848964691,-5.841166973114014,5.828879751265049,0.9915943879666785,1,0
261,4,s31,0110,0110,0101,-0.2421610951423645,-1.6330749988555908,1.3909139037132263,0.7849495680287039,1,0
261,5,s30,0110,1110,1110,-1.9108836650848389,-0.16227158904075623,-1.7486120760440826,0.14802313039233794,0,0
261,6,t201,0110,0110,0010,-0.0020381270442157984,-6.252467632293701,6.250429505249485,0.9979865009262565,1,0
261,7,c10,1110,1110,0110,-0.0066255005076527596,-5.131556510925293,5.12493101041764,0.9939846304574143,1,0
261,8,s30,0111,1110,1110,-1.2974302768707275,-0.3870893716812134,-0.9103409051895142,0.27323821719764924,0,0
262,1,c31,0010,0010,0110,-1.3149468898773193,-2.2312049865722656,0.9162580966949463,0.268709988670207,1,0
262,2,t021,0010,0010,1000,-0.009145495481789112,-6.852936744689941,6.843791249208152,0.9909111401450309,1,0
262,3,c03,0010,0010,0000,-0.0016308535123243928,-8.225052833557129,8.223421980044805,0.9983764716133752,1,0
262,4,c12,0010,0010,0000,-0.004097777418792248,-6.007265567779541,6.003167790360749,0.9959204810188738,1,0
262,5,t102,0010,0010,1010,-0.00014578501577489078,-9.952211380004883,9.952065594989108,0.9998564410236676,1,0
262,6,s03,0010,1010,1010,-1.137536883354187,-0.6389926671981812,-0.49854421615600586,0.3206418756040708,0,0
262,7,t213,0010,0010,0011,-0.0007957512279972434,-7.375795364379883,7.374999613151886,0.9992075099212112,1,0
262,8,t032,0010,0010,0000,-0.00012731165043078363,-9.548711776733398,9.548584465082968,0.9998734277256027,1,0
263,1,t013,0011,0011,0010,-0.7552435398101807,-2.2552435398101807,1.5,0.47100442809633375,1,0
263,2,c23,0010,0010,1010,-0.04449382424354553,-4.929688930511475,4.885195106267929,0.9565321284524485,1,0
263,3,t310,0010,0010,1010,-0.07941142469644547,-2.579224109649658,2.4998126849532127,0.9236697379629607,1,0
263,4,x3,0011,0011,0000,-0.0004571290919557214,-8.906586647033691,8.906129517941736,0.9995480363673035,1,0
263,5,x1,0111,0111,0011,-0.006405792199075222,-6.551197052001953,6.544791259802878,0.9959357858014771,1,0
263,6,s31,0111,0111,0011,-0.3194296360015869,-1.3193169832229614,0.9998873472213745,0.7265711314008644,1,0
263,7,x0,1111,1111,0111,-0.013269320130348206,-4.951784133911133,4.938514813780785,0.9927970610816761,1,0
263,8,c32,1101,1101,1110,-0.00999393779784441,-4.63682222366333,4.626828285865486,0.9900618519789787,1,0
264,1,s23,1110,1110,1111,-1.645782470703125,-1.645782470703125,0.0,0.19302479420555207,0,1
264,2,s12,1110,1110,1011,-0.9853774309158325,-1.3672641515731812,0.38188672065734863,0.37340961011213514,1,0
264,3,s12,1110,1110,1011,-0.41230466961860657,-1.7123992443084717,1.3000945746898651,0.6621758574800962,1,0
264,4,t210,0110,1110,1110,-1.184898853302002,-0.39042994379997253,-0.7944689095020294,0.3058128861335831,0,0
264,5,c01,0110,0110,1110,-0.06500513851642609,-3.337449073791504,3.272443935275078,0.9370718613595496,1,0
264,6,t012,0110,0110,1100,-0.0006343312561511993,-8.749029159545898,8.748394828289747,0.9993699591247794,1,0
264,7,c13,0111,0111,0110,-0.007074305787682533,-5.132074356079102,5.125000050291419,0.9929574332577594,1,0
264,8,c12,0101,0111,0111,-0.89918452501297,-0.5249890685081482,-0.3741954565048218,0.4069090549726305,0,0
265,1,s13,0010,0010,0110,-1.2235121726989746,-2.200376510620117,0.9768643379211426,0.2944608520394406,1,0
265,2,t013,0010,0010,1000,-0.07019107043743134,-4.777010917663574,4.706819847226143,0.9324389426371962,1,0
265,3,x1,0110,0110,0010,-0.010654767043888569,-5.037117958068848,5.026463191024959,0.9901148669957723,1,0
265,4,c20,1110,1110,0110,-0.2520744204521179,-1.5020455121994019,1.249971091747284,0.7772455609671867,1,0
265,5,t023,1111,1111,1110,-0.007913737557828426,-4.882913589477539,4.874999851919711,0.992142299842575,1,0
265,6,x1,1011,1011,1101,-0.007280898746103048,-5.371812343597412,5.364531444851309,0.9935166488024071,1,0
265,7,t201,1111,1111,1011,-0.011227105744183064,-4.511163711547852,4.4999366058036685,0.9888429767397169,1,0
265,8,x3,1110,1110,1010,-0.0002633232215885073,-9.750578880310059,9.75031555708847,0.9998334948332493,1,0
266,1,t032,1011,1001,1001,-1.5495598316192627,-1.470703125,-0.0788567066192627,0.21270507073029454,0,0
266,2,x3,1010,1010,1100,-0.3355969190597534,-2.9366204738616943,2.601023554801941,0.7150918596813983,1,0
266,3,t231,1010,1010,1110,-0.3287712335586548,-1.6214241981506348,1.29265296459198,0.7198331873123344,1,0
266,4,c30,1010,0010,0010,-0.8268868923187256,-0.5777807831764221,-0.24910610914230347,0.43744132699275107,0,0
266,5,s12,1100,1100,1010,-0.38146984577178955,-1.5377938747406006,1.156324028968811,0.6828830271175869,1,0
266,6,t012,1110,1100,1100,-3.408890724182129,-0.03399965912103653,-3.3748910650610924,0.033081151052025956,0,0
266,7,c01,1010,1010,1110,-0.013562439009547234,-4.452186107635498,4.438623668625951,0.9865682920818776,1,0
266,8,s10,0110,1010,1010,-0.8066465258598328,-0.6343868970870972,-0.1722596287727356,0.44645752220955914,0,0
267,1,c32,1101,1101,1110,-1.102057695388794,-1.9179542064666748,0.8158965110778809,0.33245690007534145,1,0
267,2,t013,1100,1100,1101,-0.16299284994602203,-3.0379927158355713,2.8749998658895493,0.8497349803073497,1,0
267,3,x1,1000,1000,1100,-0.02588360570371151,-4.7169508934021,4.691067287698388,0.9744766561747875,1,0
267,4,t130,1000,1000,0000,-0.06206216290593147,-2.8130054473876953,2.750943284481764,0.9398407735465408,1,0
267,5,x1,1100,1100,1010,-0.000642975908704102,-7.9747209548950195,7.974077978986315,0.9993623912633446,1,0
267,6,s23,1100,1100,1110,-0.13301341235637665,-2.1270995140075684,1.9940861016511917,0.8754671705500966,1,0
267,7,t210,1100,1100,0100,-0.062009476125240326,-2.812279224395752,2.7502697482705116,0.9398939734997291,1,0
267,8,c21,1100,1100,1000,-0.34891608357429504,-1.240867257118225,0.89195117354393,0.7054569269992137,1,0
268,1,t120,0100,0100,1100,-0.9631726741790771,-1.856698751449585,0.8935260772705078,0.3824202837479916,1,0
268,2,s31,0001,0100,0100,-1.038843035697937,-0.594175398349762,-0.44466763734817505,0.35389807851937793,0,0
268,3,x0,1001,1001,0001,-0.08617188036441803,-3.2018885612487793,3.1157166808843613,0.9175807766190321,1,0
268,4,x2,1011,1011,0011,-0.002159521449357271,-7.677941799163818,7.675782277714461,0.997880752316604,1,0
268,5,t301,1111,1111,1011,-0.012826395221054554,-4.387654781341553,4.374828386120498,0.9872648001561637,1,0
268,6,x2,1101,1101,1011,-9.894142567645758e-05,-10.000658988952637,10.00056004752696,0.9999140697672394,1,0
268,7,t103,1100,1100,1101,-0.0041238050907850266,-5.629123687744141,5.624999882653356,0.9959058089989347,1,0
268,8,s30,0101,1100,1100,-1.2693580389022827,-0.5782276391983032,-0.6911303997039795,0.2810348212379005,0,0
269,1,s30,1101,1101,0101,-1.4998650550842285,-2.334918737411499,0.8350536823272705,0.22327266341080879,1,0
269,2,t102,1111,1111,0000,-0.0897817313671112,-4.83902645111084,4.749244719743729,0.9143116045659588,1,0
269,3,c01,1011,1011,0111,-0.03651967644691467,-3.849618911743164,3.8130992352962494,0.9649076692707527,1,0
269,4,t130,1011,1011,0011,-0.5858045816421509,-0.8267495632171631,0.2409449815750122,0.556689341245349,1,0
269,5,x1,1111,1111,1001,-0.004471948835998774,-5.968295574188232,5.963823625352234,0.9955860369857296,1,0
269,6,x1,1011,1011,1101,-0.005494133569300175,-6.081489562988281,6.075995429418981,0.9945368290688497,1,0
269,7,t312,1011,1011,1001,-0.38896578550338745,-1.1388260126113892,0.7498602271080017,0.6777638541239543,1,0
269,8,x3,1010,1010,1001,-8.058395178522915e-05,-9.879691123962402,9.879610540010617,0.999934927878134,1,0
270,1,s32,0000,0000,0010,-1.2839157581329346,-1.5947561264038086,0.310840368270874,0.2776914617057184,1,0
270,2,s01,0000,0000,1000,-0.21385647356510162,-1.9146292209625244,1.7007727473974228,0.8075273967046798,1,0
270,3,s32,0000,0000,0010,-0.027011042460799217,-3.651785135269165,3.624774092808366,0.9733607723130829,1,0
270,4,x0,1000,1000,0000,-0.023992439731955528,-3.7891149520874023,3.765122512355447,0.9770189095937659,1,0
270,5,s10,0100,1000,1000,-1.2016807794570923,-0.3873634934425354,-0.8143172860145569,0.3006888304341087,0,0
270,6,s23,0100,0100,0110,-0.4132826030254364,-1.1592731475830078,0.7459905445575714,0.6615446927828545,1,0
270,7,t132,0100,0100,0110,-0.0006959835300222039,-8.445621490478516,8.444925506948493,0.9993177583342011,1,0
270,8,s20,0100,0100,1100,-0.6950863599777222,-0.7094911932945251,0.014404833316802979,0.4991426287476145,1,0
271,1,x0,0010,0010,1000,-1.0881593227386475,-2.5144834518432617,1.4263241291046143,0.33711756338306553,1,0
271,2,s32,0001,0001,0010,-0.5442522764205933,-1.0121065378189087,0.46785426139831543,0.5803214716190193,1,0
271,3,x0,1001,1001,0001,-0.01669875532388687,-4.509805679321289,4.493106923997402,0.98364530192163,1,0
271,4,t103,1001,1001,1000,-0.0011386224068701267,-7.376138687133789,7.375000064726919,0.9988887339959499,1,0
271,5,t023,1001,1001,1000,-0.00201729335822165,-6.252017021179199,6.249999727820978,0.9979923735032775,1,0
271,6,s30,1001,1001,0001,-0.6932252645492554,-0.7487084269523621,0.05548316240310669,0.49998496820538185,1,0
271,7,s31,1100,1100,1001,-0.3135145902633667,-1.3137763738632202,1.0002617835998535,0.7308816721477835,1,0
271,8,c13,1101,1101,1100,-0.04316478595137596,-3.1681647300720215,3.1249999441206455,0.9578566517847725,1,0
272,1,t310,0101,1101,1101,-1.762627124786377,-1.4189571142196655,-0.3436700105667114,0.17174687836359226,0,0
272,2,x0,1101,1101,0111,-0.13317537307739258,-3.6969480514526367,3.563772678375244,0.8753560235323382,1,0
272,3,s21,1011,1011,1101,-0.6923234462738037,-0.8869031667709351,0.19457972049713135,0.5004186486029171,1,0
272,4,s13,1110,1110,1101,-0.3940662443637848,-1.3949635028839111,1.0008972585201263,0.6743608017318746,1,0
272,5,t301,1110,1110,1010,-0.2548372149467468,-1.5069997310638428,1.252162516117096,0.7751245435363064,1,0
272,6,c30,1110,0110,0110,-0.8260353803634644,-0.5777955055236816,-0.24823987483978271,0.4377961840347993,0,0
272,7,t301,1110,1010,1010,-0.9828324913978577,-0.4846969544887543,-0.4981355369091034,0.37425914005298855,0,0
272,8,t312,1110,1110,1100,-0.4776778519153595,-1.063443899154663,0.5857660472393036,0.6202554103517615,1,0
273,1,x1,1000,1000,1110,-1.4006320238113403,-2.2660558223724365,0.8654237985610962,0.24657942345447167,1,0
273,2,x0,0000,0000,1100,-0.10551200807094574,-2.4399733543395996,2.334461346268654,0.8998849225185047,1,0
273,3,t123,0000,0000,0001,-0.0023790239356458187,-7.127378940582275,7.12499991664663,0.9976349863808177,1,0
273,4,c02,0000,0000,1000,-9.166970994556323e-05,-9.838768005371094,9.838676335661148,0.9999092797440463,1,0
273,5,x2,0010,0010,0001,-0.00013374754053074867,-9.269317626953125,9.269183879412594,0.9998682456713982,1,0
273,6,t302,0010,0010,0000,-0.00016521383076906204,-8.881882667541504,8.881717453710735,0.9998366350667416,1,0
273,7,x0,1010,1010,0010,-0.0008502221317030489,-7.508267402648926,7.507417180517223,0.9993817240624008,1,0
273,8,x1,1110,1110,1000,-0.002594360848888755,-6.051082611083984,6.048488250235096,0.997417504248028,1,0
274,1,t123,0011,0011,0010,-0.8461555242538452,-2.0961554050445557,1.2499998807907104,0.4301941056637566,1,0
274,2,x0,1011,1011,0111,-0.16181814670562744,-2.830961227416992,2.6691430807113647,0.8509748590674532,1,0
274,3,c21,1111,1111,1011,-0.03583906590938568,-3.410762310028076,3.3749232441186905,0.9648178933976295,1,0
274,4,c12,1101,1101,1111,-0.008209796622395515,-5.133349418640137,5.125139622017741,0.9918443131479348,1,0
274,5,c23,1101,1100,1100,-1.224327564239502,-0.34932756423950195,-0.875,0.29396495291039737,0,0
274,6,x0,0101,0101,1001,-0.0022823703475296497,-6.65041971206665,6.648137341719121,0.997777590589734,1,0
274,7,x0,1101,1101,0101,-0.0008078301907517016,-7.938828468322754,7.938020638132002,0.9995974234226338,1,0
274,8,x2,1111,1111,1100,-0.0007586751598864794,-7.3762335777282715,7.375474902568385,0.9992673131865227,1,0
275,1,x2,1111,1111,0000,-0.7324420213699341,-2.9232125282287598,2.1907705068588257,0.48124321766779105,1,0
275,2,t021,1011,1011,1111,-0.17693659663200378,-2.177631378173828,2.0006947815418243,0.8378771058823266,1,0
275,3,x3,1010,1010,1001,-0.003242806764319539,-7.654542922973633,7.651300116209313,0.9967808639741799,1,0
275,4,t230,1010,1010,0010,-0.3193308413028717,-1.3186269998550415,0.9992961585521698,0.7266566395209977,1,0
275,5,c01,1110,1110,1010,-0.0027646771632134914,-6.69038200378418,6.687617326620966,0.9974033345430134,1,0
275,6,x2,1100,1100,1101,-0.0008606533519923687,-7.625860691070557,7.625000037718564,0.999159765824223,1,0
275,7,t301,1100,1100,1000,-0.04338088259100914,-3.168858051300049,3.1254771687090397,0.9575694610677196,1,0
275,8,s20,0110,1100,1100,-1.1526156663894653,-0.523219645023346,-0.6293960213661194,0.3158185471357283,0,0
276,1,x1,0000,0000,0101,-1.393930196762085,-2.2178947925567627,0.8239645957946777,0.24837895375222496,1,0
276,2,s20,0000,0000,1000,-0.38932377099990845,-1.1403532028198242,0.7510294318199158,0.6775313549911726,1,0
276,3,x2,0010,0010,0001,-0.002646220615133643,-6.127732753753662,6.1250865331385285,0.9973666715497091,1,0
276,4,c10,0010,0010,1010,-0.07966766506433487,-2.580833673477173,2.501166008412838,0.9234295522974758,1,0
276,5,s12,0100,0100,0010,-0.3755931854248047,-1.2360013723373413,0.8604081869125366,0.6868928618910289,1,0
276,6,s01,1000,1000,0100,-0.314718633890152,-1.3145192861557007,0.9998006522655487,0.7301300879508899,1,0
276,7,c12,1000,1000,1010,-0.011326073668897152,-4.51128625869751,4.499960185028613,0.9887718970137582,1,0
276,8,t132,1000,1000,1010,-0.0005979500710964203,-7.62574577331543,7.625147823244333,0.9994142435377071,1,0
277,1,s31,0111,0111,0011,-1.8660513162612915,-2.116110324859619,0.25005900859832764,0.15482874746282882,1,0
277,2,c32,0101,0101,0111,-0.3734254539012909,-1.473210334777832,1.0997848808765411,0.6884519751306422,1,0
277,3,s03,1100,1100,0101,-0.490815132856369,-0.9788843393325806,0.48806920647621155,0.6121744241577532,1,0
277,4,c32,1100,1110,1110,-3.8090312480926514,-0.04136480391025543,-3.767666444182396,0.022171564091065705,0,0
277,5,x1,1000,1000,1100,-0.019669800996780396,-4.258939743041992,4.239269942045212,0.9805607634105591,1,0
277,6,x2,1010,1010,1000,-0.0003491329262033105,-9.555169105529785,9.554819972603582,0.9996529408500434,1,0
277,7,x0,0010,0010,1110,-0.0037665569689124823,-5.8301849365234375,5.826418379554525,0.9963524028825513,1,0
277,8,t013,0010,0010,1010,-6.532558472827077e-05,-10.23836898803711,10.238303662452381,0.9999348321657527,1,0
278,1,x3,1001,1001,1010,-0.7240993976593018,-2.220797538757324,1.4966981410980225,0.4868261034626766,1,0
278,2,s31,1100,1001,1001,-1.1227308511734009,-0.836548924446106,-0.2861819267272949,0.3254400997048526,0,0
278,3,s31,1001,1100,1100,-1.6275535821914673,-1.190569281578064,-0.4369843006134033,0.1964478236363765,0,0
278,4,t103,1001,1001,1000,-0.6215049028396606,-1.1215049028396606,0.5,0.5376538578392476,1,0
278,5,s31,1100,1100,1001,-0.8645583987236023,-1.2742730379104614,0.40971463918685913,0.42128616112295847,1,0
278,6,x0,0100,0100,0101,-0.19004151225090027,-2.1900413036346436,1.9999997913837433,0.8269505903825363,1,0
278,7,x1,0000,0000,0100,-0.009976123459637165,-4.846463203430176,4.836487079970539,0.9901504858277492,1,0
278,8,t123,0000,0000,0001,-0.0021611670963466167,-6.502160549163818,6.499999382067472,0.9978459625521122,1,0
279,1,c21,1101,1001,1001,-1.951866626739502,-1.6901432275772095,-0.2617233991622925,0.14209268642447453,0,0
279,2,t312,1111,1111,1101,-0.026613973081111908,-4.402159690856934,4.375545717775822,0.9737938849375941,1,0
279,3,t031,1011,1011,1111,-0.20339488983154297,-1.703610897064209,1.500216007232666,0.8159883969254603,1,0
279,4,c21,1111,1111,1011,-0.003993069287389517,-5.753928184509277,5.749935115221888,0.9960294499982004,1,0
279,5,s23,1111,1111,1101,-0.4883548617362976,-0.974207878112793,0.48585301637649536,0.6136418641051118,1,0
279,6,c30,0111,0111,1111,-0.11310712993144989,-2.2381625175476074,2.1250553876161575,0.8932800721937109,1,0
279,7,t013,0111,0110,0110,-1.406723976135254,-0.28172406554222107,-1.1249999105930328,0.2449446631358005,0,0
279,8,s03,1110,1110,0111,-0.10218048095703125,-2.350261926651001,2.2480814456939697,0.9029022963034915,1,0
280,1,x0,1011,1011,0011,-1.1667664051055908,-2.6009609699249268,1.434194564819336,0.31175680231630515,1,0
280,2,t102,1011,1011,1001,-0.2785867750644684,-1.6574928760528564,1.378906100988388,0.7569424186904554,1,0
280,3,x0,0011,0011,1111,-0.001966628013178706,-6.448158264160156,6.4461916361469775,0.9980696024659751,1,0
280,4,c20,1011,1011,0011,-0.16057275235652924,-1.910435676574707,1.7498629242181778,0.8517042237284473,1,0
280,5,x1,1111,1111,1001,-0.0030461526475846767,-6.0413618087768555,6.038315656129271,0.9970639826032572,1,0
280,6,t302,1101,1101,1111,-0.00046713545452803373,-8.259093284606934,8.258626149152406,0.9996280986551063,1,0
280,7,s10,1101,1101,0101,-0.3166535198688507,-1.3789596557617188,1.062306135892868,0.7309010218668539,1,0
280,8,c12,1111,1111,1110,-0.003503022948279977,-6.472253322601318,6.468750299653038,0.9965193993412267,1,0
281,1,x1,0001,0001,0111,-1.4774504899978638,-1.9873688220977783,0.5099183320999146,0.2285081170320139,1,0
281,2,c10,0001,0001,1001,-0.4795457720756531,-0.9752209782600403,0.4956752061843872,0.6190739903441849,1,0
281,3,c13,0001,0001,0000,-0.004427624866366386,-6.129427909851074,6.125000284984708,0.9956151308209571,1,0
281,4,x3,0000,0000,0011,-0.0006881929584778845,-8.71417236328125,8.713484170322772,0.9997558844735903,1,0
281,5,s31,0000,0000,0100,-0.226016104221344,-1.6006708145141602,1.3746547102928162,0.7977450344622946,1,0
281,6,s02,0000,0000,1000,-0.4741054177284241,-0.9741031527519226,0.49999773502349854,0.6224550254739295,1,0
281,7,s20,0000,0000,1000,-0.251943439245224,-1.5019450187683105,1.2500015795230865,0.7772984680275733,1,0
281,8,s13,0000,0000,0100,-0.31327754259109497,-1.313273310661316,0.999995768070221,0.7310486204751822,1,0
282,1,s31,0011,0110,0110,-2.0782270431518555,-1.970118761062622,-0.1081082820892334,0.12528528984961856,0,0
282,2,s02,1001,0011,0011,-2.268916130065918,-1.43058443069458,-0.8383316993713379,0.10345615736404548,0,0
282,3,t213,1001,1001,1000,-0.7442261576652527,-2.7442262172698975,2.0000000596046448,0.47590627641069383,1,0
282,4,s01,0101,1001,1001,-0.9330886006355286,-0.9194340705871582,-0.013654530048370361,0.39335155654494763,0,0
282,5,x1,0001,0001,0111,-0.008122247643768787,-5.265811920166016,5.257689672522247,0.991965649525074,1,0
282,6,s20,0001,0001,1000,-0.576014518737793,-0.8337692618370056,0.25775474309921265,0.5621430856860647,1,0
282,7,c12,0001,0001,0011,-0.00016295105160679668,-9.000247955322266,9.000085004270659,0.9998394289104062,1,0
282,8,x1,0101,0101,0011,-0.012911916710436344,-4.473761081695557,4.46084916498512,0.9882492257803746,1,0
283,1,t123,1100,1100,1101,-1.0490407943725586,-1.5490407943725586,0.5,0.3510779780508737,1,0
283,2,s01,1100,0100,0100,-1.0654295682907104,-0.7103342413902283,-0.3550953269004822,0.34471249703957674,0,0
283,3,x2,1110,1110,1101,-0.0022863324265927076,-8.002422332763672,8.00013600033708,0.9977311748824862,1,0
283,4,t301,1110,1110,1010,-0.4748794734477997,-0.9751588702201843,0.5002793967723846,0.6219722799021566,1,0
283,5,x0,0110,0110,1010,-0.0016395460115745664,-7.412497520446777,7.410857974435203,0.9992335006517287,1,0
283,6,c21,0010,0010,0110,-0.3488449454307556,-1.2238370180130005,0.8749920725822449,0.705505383712183,1,0
283,7,x1,0110,0110,0010,-0.0030474073719233274,-5.941529273986816,5.938481866614893,0.9972323047070599,1,0
283,8,s13,0011,0110,0110,-1.0836610794067383,-0.42894482612609863,-0.6547162532806396,0.3383548864231479,0,0
284,1,t213,0010,0010,0011,-1.0221056938171387,-1.7721055746078491,0.7499998807907104,0.36080895629184384,1,0
284,2,c12,0010,0010,0001,-0.04676380380988121,-3.872479200363159,3.825715396553278,0.9543279377800017,1,0
284,3,s13,0010,0110,0110,-1.9118956327438354,-0.2311214655637741,-1.6807741671800613,0.14780732181621664,0,0
284,4,c31,0010,0110,0110,-2.018136501312256,-0.14323733747005463,-1.8748991638422012,0.13290589931390828,0,0
284,5,x1,0110,0110,0010,-0.007273061666637659,-5.008268356323242,5.0009952946566045,0.9929365308733277,1,0
284,6,c12,0100,0100,0110,-0.03374892845749855,-3.4087154865264893,3.3749665580689907,0.9668203191086912,1,0
284,7,t203,0100,0100,0101,-0.001263155834749341,-7.00126314163208,6.999999985797331,0.9987459823848588,1,0
284,8,c32,0100,0110,0110,-0.8984997868537903,-0.5233211517333984,-0.37517863512039185,0.40718611975300584,0,0
285,1,t012,0011,0011,0111,-0.9282363057136536,-2.246580123901367,1.3183438181877136,0.3959207163750143,1,0
285,2,c13,0011,0010,0010,-2.94384503364563,-0.06884516775608063,-2.8749998658895493,0.052663682068701104,0,0
285,3,c01,0011,0011,1011,-0.003843980375677347,-6.2723774909973145,6.268533510621637,0.9961790397537239,1,0
285,4,c30,1011,1011,0011,-0.20150230824947357,-1.7014919519424438,1.4999896436929703,0.817547320748912,1,0
285,5,t032,1001,1001,1011,-0.078940249979496,-2.579035758972168,2.500095508992672,0.9240986392516224,1,0
285,6,c13,1001,1001,1000,-0.10030218958854675,-2.35030198097229,2.2499997913837433,0.9045657002204008,1,0
285,7,c20,1001,1001,0001,-0.474118709564209,-0.9741828441619873,0.5000641345977783,0.6224570469624777,1,0
285,8,c32,1011,1011,1001,-0.005366422701627016,-5.255598545074463,5.250232122372836,0.9946505736602872,1,0
286,1,t302,0111,0101,0101,-1.7203311920166016,-1.585262656211853,-0.13506853580474854,0.17941826372000355,0,0
286,2,c30,1111,1111,0111,-0.3146643042564392,-1.3243056535720825,1.0096413493156433,0.7301151303716161,1,0
286,3,t123,1110,1110,1111,-0.007051125168800354,-6.25705099105835,6.249999865889549,0.9930534197358423,1,0
286,4,s03,0111,1110,1110,-2.7368216514587402,-0.5768114328384399,-2.1600102186203003,0.06478128661641976,0,0
286,5,x0,1111,1111,0111,-0.00442354753613472,-5.885060787200928,5.880637239664793,0.9964301454446998,1,0
286,6,s10,1111,1111,0111,-0.215744748711586,-1.7024846076965332,1.4867398589849472,0.8060176866124652,1,0
286,7,x3,1110,1110,1101,-0.0009631654247641563,-9.002168655395508,9.001205489970744,0.9997751360281731,1,0
286,8,c32,1110,1100,1100,-2.901185989379883,-0.4491140842437744,-2.4520719051361084,0.054958771652773665,0,0
287,1,x3,0011,0011,0000,-0.9152724146842957,-2.387709140777588,1.4724367260932922,0.40128983373269733,1,0
287,2,t102,0011,0011,0111,-0.09689909219741821,-3.8279237747192383,3.73102468252182,0.9077450317065103,1,0
287,3,x0,1011,1011,0111,-0.004215588327497244,-5.821197986602783,5.816982398275286,0.9961263755765174,1,0
287,4,x2,1001,1001,1010,-0.0005776156904175878,-8.063335418701172,8.062757803010754,0.9994271359817686,1,0
287,5,x0,0001,0001,1001,-0.0007473034784197807,-7.377662658691406,7.3769153552129865,0.9992608697635271,1,0
287,6,x3,0000,0000,1000,-8.892813639249653e-05,-10.00855541229248,10.008466484156088,0.9999116155718127,1,0
287,7,t231,0000,0000,1000,-0.0006314112106338143,-7.532454490661621,7.531823079450987,0.9993821213899411,1,0
287,8,t201,0000,0000,0001,-0.00042039196705445647,-8.000419616699219,7.999999224732164,0.9995804484433951,1,0
288,1,c23,0000,0000,0001,-0.9297513365745544,-1.6797512769699097,0.7499999403953552,0.39606405153444646,1,0
288,2,s23,0000,0000,0010,-0.07810623943805695,-2.8272767066955566,2.7491704672574997,0.9249050550367961,1,0
288,3,t102,0000,0000,1000,-0.0006209206767380238,-8.703673362731934,8.703052442055196,0.9993915121849256,1,0
288,4,x0,1000,1000,0000,-0.009039606899023056,-5.0114216804504395,5.002382073551416,0.9914171648334595,1,0
288,5,s13,1000,1000,1100,-0.20210076868534088,-1.7016406059265137,1.4995398372411728,0.8170200830958154,1,0
288,6,t132,1000,1000,1010,-3.7788944609928876e-05,-10.500036239624023,10.499998450679414,0.9999632246169445,1,0
288,7,x3,1001,1001,1010,-9.739243250805885e-05,-10.612881660461426,10.612784268028918,0.9999344357246249,1,0
288,8,x1,1101,1101,1011,-0.0007410402176901698,-7.694977760314941,7.694236720097251,0.9994407961638639,1,0
289,1,s30,0000,0000,1000,-1.1496418714523315,-2.2108066082000732,1.0611647367477417,0.31710350714340685,1,0
289,2,c20,0000,0000,1000,-0.3873179852962494,-1.1369938850402832,0.7496758997440338,0.6788883449859003,1,0
289,3,s20,0000,0000,1000,-0.25203976035118103,-1.5020626783370972,1.2500229179859161,0.7772511692217858,1,0
289,4,x1,0100,0100,0010,-0.0029997576493769884,-6.191266059875488,6.188266302226111,0.9970760100944979,1,0
289,5,x1,0000,0000,0110,-0.021809948608279228,-4.1487202644348145,4.126910315826535,0.9784740606819785,1,0
289,6,t132,0000,0000,1000,-7.903437654022127e-05,-10.094331741333008,10.094252706956468,0.9999239328486523,1,0
289,7,c21,0000,0000,0100,-0.06206176429986954,-2.8120574951171875,2.749995730817318,0.9398381389722373,1,0
289,8,s32,0000,0000,0010,-0.06246434524655342,-2.811976432800293,2.7495120875537395,0.9394468991411383,1,0
290,1,t312,1100,1100,1110,-1.2424485683441162,-1.548086404800415,0.30563783645629883,0.2890834362207527,1,0
290,2,x2,1110,1110,1111,-0.016270186752080917,-5.516270160675049,5.499999973922968,0.9838997486195499,1,0
290,3,x2,1100,1100,0000,-0.0015857736580073833,-8.287080764770508,8.2854949911125,0.9984253312268182,1,0
290,4,s13,1001,1100,1100,-0.855587899684906,-0.580658495426178,-0.274929404258728,0.425038445292586,0,0
290,5,t321,1001,1001,1101,-0.6333826780319214,-0.7585648894309998,0.12518221139907837,0.5308298850134945,1,0
290,6,c31,1101,1101,1001,-0.0034782071597874165,-5.75342321395874,5.749945006798953,0.9965393762332959,1,0
290,7,s10,1101,1101,0101,-0.25199294090270996,-1.5072858333587646,1.2552928924560547,0.7772913409987151,1,0
290,8,c03,1100,1100,0101,-0.003177924081683159,-7.661412239074707,7.658234314993024,0.9993187412480158,1,0
291,1,x1,1001,1001,1011,-1.404428482055664,-1.8506803512573242,0.44625186920166016,0.24564856216497316,1,0
291,2,x3,1000,1000,1011,-0.01438730675727129,-5.412483215332031,5.39809590857476,0.9857369833682611,1,0
291,3,x2,1010,1010,1001,-0.003941826522350311,-7.256106853485107,7.252165026962757,0.9960679910240273,1,0
291,4,x1,1110,1110,1010,-0.011482670903205872,-4.7240495681762695,4.712566897273064,0.9887679581215405,1,0
291,5,c10,0110,0110,1110,-0.12709836661815643,-2.1270716190338135,1.999973252415657,0.8807582386960101,1,0
291,6,t321,0110,0110,0010,-0.00747480895370245,-5.134387969970703,5.126913161017001,0.9925670176395841,1,0
291,7,s02,1100,1100,0110,-0.2706027328968048,-1.5020171403884888,1.231414407491684,0.7629650039991555,1,0
291,8,s03,0101,1100,1100,-1.1380535364151,-0.5781898498535156,-0.5598636865615845,0.3204613389394253,0,0
292,1,c12,1000,1000,1010,-1.2191953659057617,-1.7415218353271484,0.5223264694213867,0.29614717642635235,1,0
292,2,t032,1000,1000,1010,-0.019049575552344322,-5.573305606842041,5.554256031289697,0.9812028646157109,1,0
292,3,s10,0100,1000,1000,-1.1233935356140137,-0.6933417320251465,-0.4300518035888672,0.3252352766037234,0,0
292,4,s31,0001,0100,0100,-0.840954065322876,-0.6959508657455444,-0.14500319957733154,0.43130982840098214,0,0
292,5,t123,0001,0001,0000,-0.0012804248835891485,-8.126280784606934,8.125000359723344,0.9987468802072694,1,0
292,6,c21,0001,0101,0101,-0.8260462880134583,-0.5762056708335876,-0.2498406171798706,0.4377878844496306,0,0
292,7,c01,0001,0001,1001,-0.00011205176269868389,-9.252548217773438,9.252436166010739,0.9998911669859741,1,0
292,8,x3,0000,0000,0011,-7.557648496003821e-05,-9.625164985656738,9.625089409171778,0.9999253045046143,1,0
293,1,c01,1110,1110,1100,-1.4495086669921875,-2.2712316513061523,0.8217229843139648,0.23484966028664173,1,0
293,2,s21,1110,1110,1011,-0.4569086730480194,-1.1651129722595215,0.7082042992115021,0.6332985897606109,1,0
293,3,t120,0110,1110,1110,-0.9803722500801086,-0.47494494915008545,-0.5054273009300232,0.37520088557382064,0,0
293,4,s32,0101,0110,0110,-1.027667760848999,-0.5231615900993347,-0.5045061707496643,0.3578533178600462,0,0
293,5,x0,1101,1101,0101,-0.016729753464460373,-4.161012172698975,4.144282419234514,0.9837367701670133,1,0
293,6,t120,1101,0101,0101,-0.9741644263267517,-0.47533008456230164,-0.4988343417644501,0.3775333101479232,0,0
293,7,s03,1101,1101,0101,-0.6333385109901428,-0.7740203142166138,0.14068180322647095,0.5308408660263669,1,0
293,8,x2,1111,1111,1100,-0.0004945538239553571,-8.375442504882812,8.374947951058857,0.999523745317289,1,0
294,1,x2,0101,0101,0110,-1.3112480640411377,-2.1349246501922607,0.823676586151123,0.27010675106370235,1,0
294,2,x1,0001,0001,0111,-0.19201718270778656,-2.8451106548309326,2.653093472123146,0.8253659166297967,1,0
294,3,s01,0001,0001,1001,-0.3137638568878174,-1.3209755420684814,1.007211685180664,0.7307440913115132,1,0
294,4,c31,0101,0101,0001,-0.22581471502780914,-1.6008107662200928,1.3749960511922836,0.7979076431362967,1,0
294,5,s12,0011,0101,0101,-1.0707663297653198,-0.4328732192516327,-0.6378931105136871,0.3427512350852086,0,0
294,6,x3,0010,0010,0001,-0.0003411548095755279,-9.043349266052246,9.04300811124267,0.9996657195616282,1,0
294,7,s12,0100,0100,0010,-0.26472383737564087,-1.503408670425415,1.2386848330497742,0.7674338924174986,1,0
294,8,c01,0100,0100,0000,-0.016841143369674683,-4.905879497528076,4.8890383541584015,0.9833620894037313,1,0
295,1,c20,1011,1011,0011,-1.0868282318115234,-1.3943488597869873,0.30752062797546387,0.3377070811621554,1,0
295,2,x0,0011,0011,1111,-0.14148469269275665,-2.317488193511963,2.1760035008192062,0.8681334997329536,1,0
295,3,t123,0011,0011,0010,-0.06777189671993256,-2.817772150039673,2.7500002533197403,0.9344901079542081,1,0
295,4,c21,0111,0111,0011,-0.0492435060441494,-3.04925537109375,3.0000118650496006,0.9519906815826784,1,0
295,5,t312,0101,0101,0111,-0.010517396964132786,-4.63553524017334,4.625017843209207,0.9895485978991708,1,0
295,6,s03,1100,1100,0101,-0.20185311138629913,-1.7015596628189087,1.4997065514326096,0.8172505837259348,1,0
295,7,s03,0101,0101,1100,-0.7904397249221802,-0.8263089060783386,0.03586918115615845,0.45365686893897456,1,0
295,8,s12,0011,0101,0101,-0.8911154270172119,-0.5852769017219543,-0.30583852529525757,0.410207374153969,0,0
296,1,c03,0000,0000,0001,-0.9575514793395996,-1.9575514793395996,1.0,0.38554520986909296,1,0
296,2,s13,0000,0000,0100,-0.4026784300804138,-1.1524271965026855,0.7497487664222717,0.668558824243351,1,0
296,3,s31,0000,0000,0100,-0.08433014154434204,-2.584238052368164,2.499907910823822,0.9191711663282615,1,0
296,4,s03,0000,0000,1000,-0.693522036075592,-0.6935635209083557,4.1484832763671875e-05,0.4999402684524241,1,0
296,5,s30,0000,0000,1000,-0.38694652915000916,-1.1369457244873047,0.7499991953372955,0.6791738447485509,1,0
296,6,t310,0000,0000,1000,-0.0015147299272939563,-6.501534938812256,6.500020208884962,0.9984906464257423,1,0
296,7,c01,0000,0000,1000,-0.0006147894309833646,-8.007145881652832,8.006531092221849,0.9993908966322538,1,0
296,8,x2,0010,0010,1000,-0.0008406026754528284,-8.003278732299805,8.002438129624352,0.9991686762856582,1,0
297,1,t120,1010,1010,0010,-1.2459993362426758,-2.209834575653076,0.9638352394104004,0.2879752247398483,1,0
297,2,x2,1000,1000,1011,-0.06432311236858368,-3.6341171264648438,3.56979401409626,0.9377431282142062,1,0
297,3,t012,1000,1000,1010,-0.0018913421081379056,-6.376891136169434,6.374999794061296,0.9981143849243642,1,0
297,4,c13,1000,1000,1001,-0.01278526522219181,-4.387784957885742,4.37499969266355,0.9873081062647128,1,0
297,5,t312,1000,1000,1010,-3.516642391332425e-05,-12.125033378601074,12.124998212177161,0.999967660632801,1,0
297,6,t102,1000,1000,0000,-1.2636122846743092e-05,-11.677241325378418,11.677228689255571,0.9999883428872561,1,0
297,7,c03,1001,1001,1000,-0.008625127375125885,-4.758625030517578,4.749999903142452,0.9914141883570712,1,0
297,8,x0,0001,0001,1101,-0.0012810413027182221,-7.180019855499268,7.178738814196549,0.9988283634202147,1,0
298,1,s01,1100,1100,0100,-1.409733772277832,-1.7422525882720947,0.3325188159942627,0.24437785032843926,1,0
298,2,c12,1110,1110,1100,-0.06818054616451263,-3.5432064533233643,3.4750259071588516,0.9341573324715271,1,0
298,3,x2,1100,1100,0000,-0.001899585360661149,-8.178699493408203,8.176799908047542,0.9981283077401619,1,0
298,4,s12,1010,1100,1100,-1.2701879739761353,-0.6945095658302307,-0.5756784081459045,0.2807801111206732,0,0
298,5,c02,1000,1000,1010,-0.039611052721738815,-3.4150142669677734,3.3754032142460346,0.9611830457328645,1,0
298,6,c23,1000,1000,1001,-0.01665755920112133,-4.266657829284668,4.250000270083547,0.9834897002035564,1,0
298,7,s30,0001,1000,1000,-0.7645626068115234,-0.6945130825042725,-0.07004952430725098,0.46556705585579106,0,0
298,8,x2,0011,0011,0000,-0.005369582213461399,-5.898434638977051,5.893065056763589,0.9946834641397816,1,0
299,1,c12,0011,0011,0000,-1.8079617023468018,-2.027047634124756,0.2190859317779541,0.16430960605175463,1,0
299,2,c30,1011,1011,0011,-0.4747176766395569,-0.9952715635299683,0.5205538868904114,0.6221199676767243,1,0
299,3,s03,1011,0011,0011,-0.8264473676681519,-0.7364232540130615,-0.09002411365509033,0.43762065347823925,0,0
299,4,t201,1111,1111,1011,-0.021228428930044174,-3.8961517810821533,3.874923352152109,0.9790276789792823,1,0
299,5,s32,1111,1101,1101,-1.8377022743225098,-0.3145846426486969,-1.5231176316738129,0.15918648471566924,0,0
299,6,s01,1111,1111,0111,-0.5468226075172424,-0.8995935916900635,0.35277098417282104,0.5790346466103341,1,0
299,7,s10,1111,1111,0111,-0.3870598077774048,-1.1391445398330688,0.7520847320556641,0.6791065944331904,1,0
299,8,x2,1101,1101,1110,-0.00016390833479817957,-9.75053596496582,9.750372056631022,0.9998417810890138,1,0
